c [Version] Minimize Makespan Labeling Encoder version 1.0.0.
c [Param] Target value is set to 130.
c [Param] LB is predefined as 131.
c [Param] UB is predefined as 273.
c [Param] Target value is set to Antibandwidth.
c [Param] Vertices mode is set to Has hole.
c [Param] Result verification is ON.
c [Param] Memory limit is set to 30000.
c [Param] Real time limit is set to 1800.
c [Param] Worker count is set to 8.
c [Param] Max CNF size is set to 10.
c [Main] Search strategy: Iterating from upper bound.
c [Main] Search order: 273 272 271 270 269 268 267 266 265 264 263 262 261 260 259 258 257 256 255 254 253 252 251 250 249 248 247 246 245 244 243 242 241 240 239 238 237 236 235 234 233 232 231 230 229 228 227 226 225 224 223 222 221 220 219 218 217 216 215 214 213 212 211 210 209 208 207 206 205 204 203 202 201 200 199 198 197 196 195 194 193 192 191 190 189 188 187 186 185 184 183 182 181 180 179 178 177 176 175 174 173 172 171 170 169 168 167 166 165 164 163 162 161 160 159 158 157 156 155 154 153 152 151 150 149 148 147 146 145 144 143 142 141 140 139 138 137 136 135 134 133 132 131.
c [Main] Encoding and solving for graph: S-sherman4.mtx.rnd.
c [Label = 273] Minimize Makespan Labeling problem (S-sherman4.mtx.rnd):
c [Label = 272] Minimize Makespan Labeling problem (S-sherman4.mtx.rnd):
c [Label = 271] Minimize Makespan Labeling problem (S-sherman4.mtx.rnd):
c [Label = 269] Minimize Makespan Labeling problem (S-sherman4.mtx.rnd):
c [Label = 270] Minimize Makespan Labeling problem (S-sherman4.mtx.rnd):
c [Label = 268] Minimize Makespan Labeling problem (S-sherman4.mtx.rnd):
c [Label = 266] Minimize Makespan Labeling problem (S-sherman4.mtx.rnd):
c [Label = 267] Minimize Makespan Labeling problem (S-sherman4.mtx.rnd):
c [Label = 266] Encoding starts with target value = 130:
c [Label = 266] Encoding duration: 2820ms.
c [Label = 266] Number of clauses: 1588665.
c [Label = 266] Number of variables: 358842.
c [Label = 266] Solving duration: 10949 ms.
s [Label = 266] SAT (w = 130).
c [Label = 266] Label assignment: 1 1 1 1 1 1 1 1 1 1 1 1 1 1 1 1 1 131 131 1 1 1 1 1 1 131 1 1 1 1 1 1 1 1 1 1 1 1 1 1 1 1 1 1 131 131 131 131 1 131 1 1 1 1 1 1 1 131 131 1 1 1 1 1 131 266 131 1 1 266 131 1 1 1 131 1 265 135 1 131 1 1 1 1 131 265 1 1 265 1 1 131 131 1 1 131 1 266 1 1 131 1 1 266 1 131 131 1 131 1 266 1 131 1 1 1 1 266 131 131 266 131 1 131 131 1 131 1 266 131 1 1 1 131 131 1 266 131 131 131 1 266 131 1 266 1 1 266 266 1 265 131 1 1 131 131 131 131 131 266 1 266 131 1 131 1 1 1 266 131 1 1 1 131 1 131 1 266 266 1 265 1 131 1 131 131 1 266 131 266 266 266 1 131 131 1 1 265 266 131 1 1 266 1 266 131 266 131 1 1 266 131 131 132 1 131 131 266 131 131 266 131 131 266 266 1 266 135 131 266 131 1 131 1 131 131 1 131 1 1 131 131 1 266 131 131 266 1 266 1 266 131 1 1 1 131 266 1 1 131 131 266 1 266 1 131 131 131 131 135 265 131 266 266 1 1 131 1 131 135 131 1 131 131 266 131 266 131 266 1 1 266 135 131 1 131 1 131 131 1 266 1 1 265 266 1 131 265 131 131 1 135 131 131 1 131 1 131 131 1 131 266 266 131 131 266 266 135 266 266 266 266 131 135 131 131 1 131 131 131 131 131 131 131 1 266 131 1 266 265 1 266 1 1 131 265 131 266 131 266 131 1 131 131 131 131 1 1 131 265 131 266 131 266 266 131 1 266 131 1 131 1 1 131 131 131 131 266 266 1 266 131 266 266 131 1 1 1 131 266 1 131 265 1 266 266 266 266 1 131 131 131 131 1 131 266 266 131 131 266 131 131 1 131 1 131 266 266 131 1 131 131 1 266 131 131 131 265 131 131 266 1 266 131 1 266 1 1 266 266 266 131 131 132 131 131 266 1 266 131 131 131 131 266 131 266 266 1 131 131 1 266 1 131 266 131 265 1 266 1 131 1 266 266 266 131 131 131 131 266 1 131 1 131 266 131 266 1 266 266 266 266 131 135 1 131 266 131 261 1 1 131 261 1 261 1 261 261 131 135 131 131 1 131 1 131 1 261 131 131 131 131 261 1 131 1 131 262 261 261 131 1 261 261 135 131 
c [Label = 267] Encoding starts with target value = 130:
c [Label = 267] Encoding duration: 2828ms.
c [Label = 267] Number of clauses: 1596759.
c [Label = 267] Number of variables: 359934.
c [Label = 267] Solving duration: 10950 ms.
s [Label = 267] SAT (w = 130).
c [Label = 267] Label assignment: 1 1 1 1 1 1 1 1 1 1 1 1 1 1 1 1 1 131 131 1 1 1 1 1 1 131 1 1 1 1 1 1 1 1 1 1 1 1 1 1 1 1 1 1 131 131 131 131 1 131 1 1 1 1 1 1 1 131 131 1 1 1 1 1 131 267 131 1 1 267 131 1 1 1 131 1 266 136 1 131 1 1 1 1 131 266 1 1 266 1 1 131 131 1 1 131 1 267 1 1 131 1 1 267 1 131 131 1 131 1 267 1 131 1 1 1 1 267 131 131 267 131 1 131 131 1 131 1 267 131 1 1 1 131 131 1 267 131 131 131 1 267 131 1 267 1 1 267 267 1 266 131 1 1 131 131 131 131 131 267 1 267 131 1 131 1 1 1 267 131 1 1 1 131 1 131 1 267 267 1 266 1 131 1 131 131 1 267 131 267 267 267 1 131 131 1 1 266 267 131 1 1 267 1 267 131 267 131 1 1 267 131 131 132 1 131 131 267 131 131 267 131 131 267 267 1 267 136 131 267 131 1 131 1 131 131 1 131 1 1 131 131 1 267 131 131 267 1 267 1 267 131 1 1 1 131 267 1 1 131 131 267 1 267 1 131 131 131 131 136 266 131 267 267 1 1 131 1 131 136 131 1 131 131 267 131 267 131 267 1 1 267 136 131 1 131 1 131 131 1 267 1 1 266 267 1 131 266 131 131 1 136 131 131 1 131 1 131 131 1 131 267 267 131 131 267 267 136 267 267 267 267 131 136 131 131 1 131 131 131 131 131 131 131 1 267 131 1 267 266 1 267 1 1 131 266 131 267 131 267 131 1 131 131 131 131 1 1 131 266 131 267 131 267 267 131 1 267 131 1 131 1 1 131 131 131 131 267 267 1 267 131 267 267 131 1 1 1 131 267 1 131 266 1 267 267 267 267 1 131 131 131 131 1 131 267 267 131 131 267 131 131 1 131 1 131 267 267 131 1 131 131 1 267 131 131 131 266 131 131 267 1 267 131 1 267 1 1 267 267 267 131 131 132 131 131 267 1 267 131 131 131 131 267 131 267 267 1 131 131 1 267 1 131 267 131 266 1 267 1 131 1 267 267 267 131 131 131 131 267 1 131 1 131 267 131 267 1 267 267 267 267 131 136 1 131 267 131 261 1 1 131 261 1 261 1 261 261 131 136 131 131 1 131 1 131 1 261 131 131 131 131 261 1 131 1 131 262 261 261 131 1 261 261 136 131 
c [Label = 268] Encoding starts with target value = 130:
c [Label = 268] Encoding duration: 2858ms.
c [Label = 268] Number of clauses: 1604854.
c [Label = 268] Number of variables: 361026.
c [Label = 268] Solving duration: 10928 ms.
s [Label = 268] SAT (w = 130).
c [Label = 268] Label assignment: 1 1 1 1 1 1 1 1 1 1 1 1 1 1 1 1 1 131 131 1 1 1 1 1 1 131 1 1 1 1 1 1 1 1 1 1 1 1 1 1 1 1 1 1 131 131 131 131 1 131 1 1 1 1 1 1 1 131 131 1 1 1 1 1 131 268 131 1 1 268 131 1 1 1 131 1 267 137 1 131 1 1 1 1 131 267 1 1 267 1 1 131 131 1 1 131 1 268 1 1 131 1 1 268 1 131 131 1 131 1 268 1 131 1 1 1 1 268 131 131 268 131 1 131 131 1 131 1 268 131 1 1 1 131 131 1 268 131 131 131 1 268 131 1 268 1 1 268 268 1 267 131 1 1 131 131 131 131 131 268 1 268 131 1 131 1 1 1 268 131 1 1 1 131 1 131 1 268 268 1 267 1 131 1 131 131 1 268 131 268 268 268 1 131 131 1 1 267 268 131 1 1 268 1 268 131 268 131 1 1 268 131 131 132 1 131 131 268 131 131 268 131 131 268 268 1 268 137 131 268 131 1 131 1 131 131 1 131 1 1 131 131 1 268 131 131 268 1 268 1 268 131 1 1 1 131 268 1 1 131 131 268 1 268 1 131 131 131 131 137 267 131 268 268 1 1 131 1 131 137 131 1 131 131 268 131 268 131 268 1 1 268 137 131 1 131 1 131 131 1 268 1 1 267 268 1 131 267 131 131 1 137 131 131 1 131 1 131 131 1 131 268 268 131 131 268 268 137 268 268 268 268 131 137 131 131 1 131 131 131 131 131 131 131 1 268 131 1 268 267 1 268 1 1 131 267 131 268 131 268 131 1 131 131 131 131 1 1 131 267 131 268 131 268 268 131 1 268 131 1 131 1 1 131 131 131 131 268 268 1 268 131 268 268 131 1 1 1 131 268 1 131 267 1 268 268 268 268 1 131 131 131 131 1 131 268 268 131 131 268 131 131 1 131 1 131 268 268 131 1 131 131 1 268 131 131 131 267 131 131 268 1 268 131 1 268 1 1 268 268 268 131 131 132 131 131 268 1 268 131 131 131 131 268 131 268 268 1 131 131 1 268 1 131 268 131 267 1 268 1 131 1 268 268 268 131 131 131 131 268 1 131 1 131 268 131 268 1 268 268 268 268 131 137 1 131 268 131 261 1 1 131 261 1 261 1 261 261 131 137 131 131 1 131 1 131 1 261 131 131 131 131 261 1 131 1 131 262 261 261 131 1 261 261 137 131 
c [Label = 269] Encoding starts with target value = 130:
c [Label = 269] Encoding duration: 2869ms.
c [Label = 269] Number of clauses: 1612948.
c [Label = 269] Number of variables: 362118.
c [Label = 269] Solving duration: 11152 ms.
s [Label = 269] SAT (w = 130).
c [Label = 269] Label assignment: 1 1 1 1 1 1 1 1 1 1 1 1 1 1 1 1 1 131 131 1 1 1 1 1 1 131 1 1 1 1 1 1 1 1 1 1 1 1 1 1 1 1 1 1 131 131 131 131 1 131 1 1 1 1 1 1 1 131 131 1 1 1 1 1 131 269 131 1 1 269 131 1 1 1 131 1 268 138 1 131 1 1 1 1 131 268 1 1 268 1 1 131 131 1 1 131 1 269 1 1 131 1 1 269 1 131 131 1 131 1 269 1 131 1 1 1 1 269 131 131 269 131 1 131 131 1 131 1 269 131 1 1 1 131 131 1 269 131 131 131 1 269 131 1 269 1 1 269 269 1 268 131 1 1 131 131 131 131 131 269 1 269 131 1 131 1 1 1 269 131 1 1 1 131 1 131 1 269 269 1 268 1 131 1 131 131 1 269 131 269 269 269 1 131 131 1 1 268 269 131 1 1 269 1 269 131 269 131 1 1 269 131 131 132 1 131 131 269 131 131 269 131 131 269 269 1 269 138 131 269 131 1 131 1 131 131 1 131 1 1 131 131 1 269 131 131 269 1 269 1 269 131 1 1 1 131 269 1 1 131 131 269 1 269 1 131 131 131 131 138 268 131 269 269 1 1 131 1 131 138 131 1 131 131 269 131 269 131 269 1 1 269 138 131 1 131 1 131 131 1 269 1 1 268 269 1 131 268 131 131 1 138 131 131 1 131 1 131 131 1 131 269 269 131 131 269 269 138 269 269 269 269 131 138 131 131 1 131 131 131 131 131 131 131 1 269 131 1 269 268 1 269 1 1 131 268 131 269 131 269 131 1 131 131 131 131 1 1 131 268 131 269 131 269 269 131 1 269 131 1 131 1 1 131 131 131 131 269 269 1 269 131 269 269 131 1 1 1 131 269 1 131 268 1 269 269 269 269 1 131 131 131 131 1 131 269 269 131 131 269 131 131 1 131 1 131 269 269 131 1 131 131 1 269 131 131 131 268 131 131 269 1 269 131 1 269 1 1 269 269 269 131 131 132 131 131 269 1 269 131 131 131 131 269 131 269 269 1 131 131 1 269 1 131 269 131 268 1 269 1 131 1 269 269 269 131 131 131 131 269 1 131 1 131 269 131 269 1 269 269 269 269 131 138 1 131 269 131 261 1 1 131 261 1 261 1 261 261 131 138 131 131 1 131 1 131 1 261 131 131 131 131 261 1 131 1 131 262 261 261 131 1 261 261 138 131 
c [Signal] Signal interruption. Caught signal: SIGTERM (15).
c [Label = 270] Encoding starts with target value = 130:
c [Label = 270] Encoding duration: 2858ms.
c [Label = 270] Number of clauses: 1621043.
c [Label = 270] Number of variables: 363210.
c [Label = 270] Solving duration: 11054 ms.
s [Label = 270] SAT (w = 130).
c [Label = 270] Label assignment: 1 1 1 1 1 1 1 1 1 1 1 1 1 1 1 1 1 131 131 1 1 1 1 1 1 131 1 1 1 1 1 1 1 1 1 1 1 1 1 1 1 1 1 1 131 131 131 131 1 131 1 1 1 1 1 1 1 131 131 1 1 1 1 1 131 270 131 1 1 270 131 1 1 1 131 1 269 139 1 131 1 1 1 1 131 269 1 1 269 1 1 131 131 1 1 131 1 270 1 1 131 1 1 270 1 131 131 1 131 1 270 1 131 1 1 1 1 270 131 131 270 131 1 131 131 1 131 1 270 131 1 1 1 131 131 1 270 131 131 131 1 270 131 1 270 1 1 270 270 1 269 131 1 1 131 131 131 131 131 270 1 270 131 1 131 1 1 1 270 131 1 1 1 131 1 131 1 270 270 1 269 1 131 1 131 131 1 270 131 270 270 270 1 131 131 1 1 269 270 131 1 1 270 1 270 131 270 131 1 1 270 131 131 132 1 131 131 270 131 131 270 131 131 270 270 1 270 139 131 270 131 1 131 1 131 131 1 131 1 1 131 131 1 270 131 131 270 1 270 1 270 131 1 1 1 131 270 1 1 131 131 270 1 270 1 131 131 131 131 139 269 131 270 270 1 1 131 1 131 139 131 1 131 131 270 131 270 131 270 1 1 270 139 131 1 131 1 131 131 1 270 1 1 269 270 1 131 269 131 131 1 139 131 131 1 131 1 131 131 1 131 270 270 131 131 270 270 139 270 270 270 270 131 139 131 131 1 131 131 131 131 131 131 131 1 270 131 1 270 269 1 270 1 1 131 269 131 270 131 270 131 1 131 131 131 131 1 1 131 269 131 270 131 270 270 131 1 270 131 1 131 1 1 131 131 131 131 270 270 1 270 131 270 270 131 1 1 1 131 270 1 131 269 1 270 270 270 270 1 131 131 131 131 1 131 270 270 131 131 270 131 131 1 131 1 131 270 270 131 1 131 131 1 270 131 131 131 269 131 131 270 1 270 131 1 270 1 1 270 270 270 131 131 132 131 131 270 1 270 131 131 131 131 270 131 270 270 1 131 131 1 270 1 131 270 131 269 1 270 1 131 1 270 270 270 131 131 131 131 270 1 131 1 131 270 131 270 1 270 270 270 270 131 139 1 131 270 131 261 1 1 131 261 1 261 1 261 261 131 139 131 131 1 131 1 131 1 261 131 131 131 131 261 1 131 1 131 262 261 261 131 1 261 261 139 131 
c [Signal] Signal interruption. Caught signal: SIGTERM (15).
c [Main] Lowest label SAT is set to 266.
c [Main] Kill higher label pid 267.
c [Main] Kill higher label pid 268.
c [Main] Kill higher label pid 269.
c [Main] Kill higher label pid 270.
c [Main] Kill higher label pid 271.
c [Main] Kill higher label pid 272.
c [Main] Kill higher label pid 273.
c [Label = 271] Encoding starts with target value = 130:
c [Label = 271] Encoding duration: 2871ms.
c [Label = 271] Number of clauses: 1629137.
c [Label = 271] Number of variables: 364302.
c [Label = 271] Solving duration: 11078 ms.
s [Label = 271] SAT (w = 130).
c [Label = 271] Label assignment: 1 1 1 1 1 1 1 1 1 1 1 1 1 1 1 1 1 131 131 1 1 1 1 1 1 131 1 1 1 1 1 1 1 1 1 1 1 1 1 1 1 1 1 1 131 131 131 131 1 131 1 1 1 1 1 1 1 131 131 1 1 1 1 1 131 271 131 1 1 271 131 1 1 1 131 1 270 140 1 131 1 1 1 1 131 270 1 1 270 1 1 131 131 1 1 131 1 271 1 1 131 1 1 271 1 131 131 1 131 1 271 1 131 1 1 1 1 271 131 131 271 131 1 131 131 1 131 1 271 131 1 1 1 131 131 1 271 131 131 131 1 271 131 1 271 1 1 271 271 1 270 131 1 1 131 131 131 131 131 271 1 271 131 1 131 1 1 1 271 131 1 1 1 131 1 131 1 271 271 1 270 1 131 1 131 131 1 271 131 271 271 271 1 131 131 1 1 270 271 131 1 1 271 1 271 131 271 131 1 1 271 131 131 132 1 131 131 271 131 131 271 131 131 271 271 1 271 140 131 271 131 1 131 1 131 131 1 131 1 1 131 131 1 271 131 131 271 1 271 1 271 131 1 1 1 131 271 1 1 131 131 271 1 271 1 131 131 131 131 140 270 131 271 271 1 1 131 1 131 140 131 1 131 131 271 131 271 131 271 1 1 271 140 131 1 131 1 131 131 1 271 1 1 270 271 1 131 270 131 131 1 140 131 131 1 131 1 131 131 1 131 271 271 131 131 271 271 140 271 271 271 271 131 140 131 131 1 131 131 131 131 131 131 131 1 271 131 1 271 270 1 271 1 1 131 270 131 271 131 271 131 1 131 131 131 131 1 1 131 270 131 271 131 271 271 131 1 271 131 1 131 1 1 131 131 131 131 271 271 1 271 131 271 271 131 1 1 1 131 271 1 131 270 1 271 271 271 271 1 131 131 131 131 1 131 271 271 131 131 271 131 131 1 131 1 131 271 271 131 1 131 131 1 271 131 131 131 270 131 131 271 1 271 131 1 271 1 1 271 271 271 131 131 132 131 131 271 1 271 131 131 131 131 271 131 271 271 1 131 131 1 271 1 131 271 131 270 1 271 1 131 1 271 271 271 131 131 131 131 271 1 131 1 131 271 131 271 1 271 271 271 271 131 140 1 131 271 131 261 1 1 131 261 1 261 1 261 261 131 140 131 131 1 131 1 131 1 261 131 131 131 131 261 1 131 1 131 262 261 261 131 1 261 261 140 131 
c [Signal] Signal interruption. Caught signal: SIGTERM (15).
c [Label = 272] Encoding starts with target value = 130:
c [Label = 272] Encoding duration: 2899ms.
c [Label = 272] Number of clauses: 1637232.
c [Label = 272] Number of variables: 365394.
c [Label = 272] Solving duration: 11108 ms.
s [Label = 272] SAT (w = 130).
c [Label = 272] Label assignment: 1 1 1 1 1 1 1 1 1 1 1 1 1 1 1 1 1 131 131 1 1 1 1 1 1 131 1 1 1 1 1 1 1 1 1 1 1 1 1 1 1 1 1 1 131 131 131 131 1 131 1 1 1 1 1 1 1 131 131 1 1 1 1 1 131 272 131 1 1 272 131 1 1 1 131 1 271 141 1 131 1 1 1 1 131 271 1 1 271 1 1 131 131 1 1 131 1 272 1 1 131 1 1 272 1 131 131 1 131 1 272 1 131 1 1 1 1 272 131 131 272 131 1 131 131 1 131 1 272 131 1 1 1 131 131 1 272 131 131 131 1 272 131 1 272 1 1 272 272 1 271 131 1 1 131 131 131 131 131 272 1 272 131 1 131 1 1 1 272 131 1 1 1 131 1 131 1 272 272 1 271 1 131 1 131 131 1 272 131 272 272 272 1 131 131 1 1 271 272 131 1 1 272 1 272 131 272 131 1 1 272 131 131 132 1 131 131 272 131 131 272 131 131 272 272 1 272 141 131 272 131 1 131 1 131 131 1 131 1 1 131 131 1 272 131 131 272 1 272 1 272 131 1 1 1 131 272 1 1 131 131 272 1 272 1 131 131 131 131 141 271 131 272 272 1 1 131 1 131 141 131 1 131 131 272 131 272 131 272 1 1 272 141 131 1 131 1 131 131 1 272 1 1 271 272 1 131 271 131 131 1 141 131 131 1 131 1 131 131 1 131 272 272 131 131 272 272 141 272 272 272 272 131 141 131 131 1 131 131 131 131 131 131 131 1 272 131 1 272 271 1 272 1 1 131 271 131 272 131 272 131 1 131 131 131 131 1 1 131 271 131 272 131 272 272 131 1 272 131 1 131 1 1 131 131 131 131 272 272 1 272 131 272 272 131 1 1 1 131 272 1 131 271 1 272 272 272 272 1 131 131 131 131 1 131 272 272 131 131 272 131 131 1 131 1 131 272 272 131 1 131 131 1 272 131 131 131 271 131 131 272 1 272 131 1 272 1 1 272 272 272 131 131 132 131 131 272 1 272 131 131 131 131 272 131 272 272 1 131 131 1 272 1 131 272 131 271 1 272 1 131 1 272 272 272 131 131 131 131 272 1 131 1 131 272 131 272 1 272 272 272 272 131 141 1 131 272 131 261 1 1 131 261 1 261 1 261 261 131 141 131 131 1 131 1 131 1 261 131 131 131 131 261 1 131 1 131 262 261 261 131 1 261 261 141 131 
c [Signal] Signal interruption. Caught signal: SIGTERM (15).
c [Label = 273] Encoding starts with target value = 130:
c [Label = 273] Encoding duration: 2925ms.
c [Label = 273] Number of clauses: 1645326.
c [Label = 273] Number of variables: 366486.
c [Label = 273] Solving duration: 11100 ms.
s [Label = 273] SAT (w = 130).
c [Label = 273] Label assignment: 1 1 1 1 1 1 1 1 1 1 1 1 1 1 1 1 1 131 131 1 1 1 1 1 1 131 1 1 1 1 1 1 1 1 1 1 1 1 1 1 1 1 1 1 131 131 131 131 1 131 1 1 1 1 1 1 1 131 131 1 1 1 1 1 131 273 131 1 1 273 131 1 1 1 131 1 272 142 1 131 1 1 1 1 131 272 1 1 272 1 1 131 131 1 1 131 1 273 1 1 131 1 1 273 1 131 131 1 131 1 273 1 131 1 1 1 1 273 131 131 273 131 1 131 131 1 131 1 273 131 1 1 1 131 131 1 273 131 131 131 1 273 131 1 273 1 1 273 273 1 272 131 1 1 131 131 131 131 131 273 1 273 131 1 131 1 1 1 273 131 1 1 1 131 1 131 1 273 273 1 272 1 131 1 131 131 1 273 131 273 273 273 1 131 131 1 1 272 273 131 1 1 273 1 273 131 273 131 1 1 273 131 131 132 1 131 131 273 131 131 273 131 131 273 273 1 273 142 131 273 131 1 131 1 131 131 1 131 1 1 131 131 1 273 131 131 273 1 273 1 273 131 1 1 1 131 273 1 1 131 131 273 1 273 1 131 131 131 131 142 272 131 273 273 1 1 131 1 131 142 131 1 131 131 273 131 273 131 273 1 1 273 142 131 1 131 1 131 131 1 273 1 1 272 273 1 131 272 131 131 1 142 131 131 1 131 1 131 131 1 131 273 273 131 131 273 273 142 273 273 273 273 131 142 131 131 1 131 131 131 131 131 131 131 1 273 131 1 273 272 1 273 1 1 131 272 131 273 131 273 131 1 131 131 131 131 1 1 131 272 131 273 131 273 273 131 1 273 131 1 131 1 1 131 131 131 131 273 273 1 273 131 273 273 131 1 1 1 131 273 1 131 272 1 273 273 273 273 1 131 131 131 131 1 131 273 273 131 131 273 131 131 1 131 1 131 273 273 131 1 131 131 1 273 131 131 131 272 131 131 273 1 273 131 1 273 1 1 273 273 273 131 131 132 131 131 273 1 273 131 131 131 131 273 131 273 273 1 131 131 1 273 1 131 273 131 272 1 273 1 131 1 273 273 273 131 131 131 131 273 1 131 1 131 273 131 273 1 273 273 273 273 131 142 1 131 273 131 261 1 1 131 261 1 261 1 261 261 131 142 131 131 1 131 1 131 1 261 131 131 131 131 261 1 131 1 131 262 261 261 131 1 261 261 142 131 
c [Signal] Signal interruption. Caught signal: SIGTERM (15).
c [Label = 265] Minimize Makespan Labeling problem (S-sherman4.mtx.rnd):
c [Main] Kill higher label pid 268.
c [Main] Kill higher label pid 269.
c [Main] Kill higher label pid 270.
c [Main] Kill higher label pid 271.
c [Main] Kill higher label pid 272.
c [Main] Kill higher label pid 273.
c [Label = 264] Minimize Makespan Labeling problem (S-sherman4.mtx.rnd):
c [Main] Kill higher label pid 269.
c [Main] Kill higher label pid 270.
c [Main] Kill higher label pid 271.
c [Main] Kill higher label pid 272.
c [Main] Kill higher label pid 273.
c [Label = 263] Minimize Makespan Labeling problem (S-sherman4.mtx.rnd):
c [Main] Child pid 273 - 54145 terminated by signal 15.
c [Main] Child pid 270 - 54148 terminated by signal 15.
c [Label = 262] Minimize Makespan Labeling problem (S-sherman4.mtx.rnd):
c [Label = 261] Minimize Makespan Labeling problem (S-sherman4.mtx.rnd):
c [Main] Child pid 269 - 54149 terminated by signal 15.
c [Label = 260] Minimize Makespan Labeling problem (S-sherman4.mtx.rnd):
c [Main] Child pid 271 - 54147 terminated by signal 15.
c [Main] Child pid 272 - 54146 terminated by signal 15.
c [Label = 259] Minimize Makespan Labeling problem (S-sherman4.mtx.rnd):
c [Label = 258] Minimize Makespan Labeling problem (S-sherman4.mtx.rnd):
c [Label = 258] Encoding starts with target value = 130:
c [Label = 258] Encoding duration: 2318ms.
c [Label = 258] Number of clauses: 1318268.
c [Label = 258] Number of variables: 280764.
c [Label = 258] Solving duration: 35 ms.
s [Label = 258] SAT (w = 130).
c [Label = 258] Label assignment: 128 128 258 258 258 128 128 128 128 128 258 128 128 258 128 128 128 258 258 258 128 258 258 128 258 258 128 128 128 258 258 258 258 258 128 128 258 128 258 128 128 258 128 258 258 258 258 258 258 258 258 258 128 128 258 128 128 258 258 258 258 258 258 258 258 128 258 128 258 128 258 128 128 128 128 128 128 258 128 128 258 258 128 258 128 128 258 128 128 128 128 128 258 258 128 258 128 258 258 258 258 128 128 258 258 258 258 128 258 128 258 128 128 128 128 258 258 258 258 258 128 258 258 258 258 258 258 128 258 258 128 258 258 258 258 128 128 258 128 258 258 258 128 128 128 128 128 128 258 128 128 258 128 128 258 258 258 258 128 128 128 128 258 128 258 258 128 258 128 128 128 128 258 258 128 258 258 258 128 128 128 128 128 128 128 258 258 258 258 128 128 258 128 258 258 258 128 128 128 258 128 128 128 258 258 258 128 128 258 128 128 258 128 258 128 128 258 128 258 258 258 258 128 128 128 258 128 258 258 128 258 128 128 258 258 258 258 128 128 128 258 258 128 128 258 258 258 258 128 128 128 128 258 258 258 258 128 258 258 128 128 258 128 128 258 258 258 258 258 258 128 258 258 128 128 128 258 128 258 258 258 128 258 128 258 258 128 258 258 128 128 258 258 258 258 258 128 128 258 258 128 128 128 128 128 258 128 128 128 128 258 258 128 258 128 258 128 128 258 128 258 258 128 128 258 128 128 258 258 128 128 128 258 258 258 258 258 258 128 128 258 258 128 258 258 128 258 128 258 128 128 128 258 128 258 128 128 128 128 128 128 128 128 258 128 258 258 258 258 128 258 128 128 128 128 258 128 128 258 128 128 128 258 258 258 128 258 128 128 128 128 258 128 258 258 258 128 128 128 258 258 258 128 128 258 128 258 128 128 258 128 258 258 258 258 128 128 128 258 128 128 128 128 258 258 258 128 128 128 128 258 128 128 258 258 258 258 128 258 258 128 128 258 128 128 128 258 128 128 258 128 258 258 258 258 128 128 128 128 128 258 258 128 128 258 128 258 258 258 258 128 258 258 128 128 258 128 258 128 258 258 128 128 258 128 128 128 128 258 128 128 128 128 258 128 258 128 258 128 128 258 128 258 258 258 258 258 258 128 258 258 258 258 258 258 258 128 258 128 258 128 128 128 258 128 128 258 258 258 128 258 128 128 258 258 128 128 128 258 128 128 128 128 1 258 258 
c [Label = 262] Encoding starts with target value = 130:
c [Signal] Signal interruption. Caught signal: SIGTERM (15).
c [Label = 263] Encoding starts with target value = 130:
c [Signal] Signal interruption. Caught signal: SIGTERM (15).
c [Label = 261] Encoding starts with target value = 130:
c [Signal] Signal interruption. Caught signal: SIGTERM (15).
c [Label = 264] Encoding starts with target value = 130:
c [Signal] Signal interruption. Caught signal: SIGTERM (15).
c [Main] Lowest label SAT is set to 258.
c [Main] Kill higher label pid 260.
c [Main] Kill higher label pid 261.
c [Main] Kill higher label pid 262.
c [Main] Kill higher label pid 263.
c [Main] Kill higher label pid 264.
c [Main] Kill higher label pid 265.
c [Main] Kill higher label pid 259.
c [Label = 265] Encoding starts with target value = 130:
c [Signal] Signal interruption. Caught signal: SIGTERM (15).
c [Label = 259] Encoding starts with target value = 130:
c [Label = 259] Encoding duration: 2340ms.
c [Label = 259] Number of clauses: 1326362.
c [Label = 259] Number of variables: 281856.
c [Label = 259] Solving duration: 32 ms.
s [Label = 259] SAT (w = 130).
c [Label = 259] Label assignment: 129 129 259 259 259 129 129 129 129 129 259 129 129 259 129 129 129 259 259 259 129 259 259 129 259 259 129 129 129 259 259 259 259 259 129 129 259 129 259 129 129 259 129 259 259 259 259 259 259 259 259 259 129 129 259 129 129 259 259 259 259 259 259 259 259 129 259 129 259 129 259 129 129 129 129 129 129 259 129 129 259 259 129 259 129 129 259 129 129 129 129 129 259 259 129 259 129 259 259 259 259 129 129 259 259 259 259 129 259 129 259 129 129 129 129 259 259 259 259 259 129 259 259 259 259 259 259 129 259 259 129 259 259 259 259 129 129 259 129 259 259 259 129 129 129 129 129 129 259 129 129 259 129 129 259 259 259 259 129 129 129 129 259 129 259 259 129 259 129 129 129 129 259 259 129 259 259 259 129 129 129 129 129 129 129 259 259 259 259 129 129 259 129 259 259 259 129 129 129 259 129 129 129 259 259 259 129 129 259 129 129 259 129 259 129 129 259 129 259 259 259 259 129 129 129 259 129 259 259 129 259 129 129 259 259 259 259 129 129 129 259 259 129 129 259 259 259 259 129 129 129 129 259 259 259 259 129 259 259 129 129 259 129 129 259 259 259 259 259 259 129 259 259 129 129 129 259 129 259 259 259 129 259 129 259 259 129 259 259 129 129 259 259 259 259 259 129 129 259 259 129 129 129 129 129 259 129 129 129 129 259 259 129 259 129 259 129 129 259 129 259 259 129 129 259 129 129 259 259 129 129 129 259 259 259 259 259 259 129 129 259 259 129 259 259 129 259 129 259 129 129 129 259 129 259 129 129 129 129 129 129 129 129 259 129 259 259 259 259 129 259 129 129 129 129 259 129 129 259 129 129 129 259 259 259 129 259 129 129 129 129 259 129 259 259 259 129 129 129 259 259 259 129 129 259 129 259 129 129 259 129 259 259 259 259 129 129 129 259 129 129 129 129 259 259 259 129 129 129 129 259 129 129 259 259 259 259 129 259 259 129 129 259 129 129 129 259 129 129 259 129 259 259 259 259 129 129 129 129 129 259 259 129 129 259 129 259 259 259 259 129 259 259 129 129 259 129 259 129 259 259 129 129 259 129 129 129 129 259 129 129 129 129 259 129 259 129 259 129 129 259 129 259 259 259 259 259 259 129 259 259 259 259 259 259 259 129 259 129 259 129 129 129 259 129 129 259 259 259 129 259 129 129 259 259 129 129 129 259 129 129 129 129 1 259 259 
c [Signal] Signal interruption. Caught signal: SIGTERM (15).
c [Label = 260] Encoding starts with target value = 130:
c [Label = 260] Encoding duration: 2363ms.
c [Label = 260] Number of clauses: 1329888.
c [Label = 260] Number of variables: 282948.
c [Label = 260] Solving duration: 30 ms.
s [Label = 260] SAT (w = 130).
c [Label = 260] Label assignment: 130 130 260 260 260 130 130 130 130 130 260 130 130 260 130 130 130 260 260 260 130 260 260 130 260 260 130 130 130 260 260 260 260 260 130 130 260 130 260 130 130 260 130 260 260 260 260 260 260 260 260 260 130 130 260 130 130 260 260 260 260 260 260 260 260 130 260 130 260 130 260 130 130 130 130 130 130 260 130 130 260 260 130 260 130 130 260 130 130 130 130 130 260 260 130 260 130 260 260 260 260 130 130 260 260 260 260 130 260 130 260 130 130 130 130 260 260 260 260 260 130 260 260 260 260 260 260 130 260 260 130 260 260 260 260 130 130 260 130 260 260 260 130 130 130 130 130 130 260 130 130 260 130 130 260 260 260 260 130 130 130 130 260 130 260 260 130 260 130 130 130 130 260 260 130 260 260 260 130 130 130 130 130 130 130 260 260 260 260 130 130 260 130 260 260 260 130 130 130 260 130 130 130 260 260 260 130 130 260 130 130 260 130 260 130 130 260 130 260 260 260 260 130 130 130 260 130 260 260 130 260 130 130 260 260 260 260 130 130 130 260 260 130 130 260 260 260 260 130 130 130 130 260 260 260 260 130 260 260 130 130 260 130 130 260 260 260 260 260 260 130 260 260 130 130 130 260 130 260 260 260 130 260 130 260 260 130 260 260 130 130 260 260 260 260 260 130 130 260 260 130 130 130 130 130 260 130 130 130 130 260 260 130 260 130 260 130 130 260 130 260 260 130 130 260 130 130 260 260 130 130 130 260 260 260 260 260 260 130 130 260 260 130 260 260 130 260 130 260 130 130 130 260 130 260 130 130 130 130 130 130 130 130 260 130 260 260 260 260 130 260 130 130 130 130 260 130 130 260 130 130 130 260 260 260 130 260 130 130 130 130 260 130 260 260 260 130 130 130 260 260 260 130 130 260 130 260 130 130 260 130 260 260 260 260 130 130 130 260 130 130 130 130 260 260 260 130 130 130 130 260 130 130 260 260 260 260 130 260 260 130 130 260 130 130 130 260 130 130 260 130 260 260 260 260 130 130 130 130 130 260 260 130 130 260 130 260 260 260 260 130 260 260 130 130 260 130 260 130 260 260 130 130 260 130 130 130 130 260 130 130 130 130 260 130 260 130 260 130 130 260 130 260 260 260 260 260 260 130 260 260 260 260 260 260 260 130 260 130 260 130 130 130 260 130 130 260 260 260 130 260 130 130 260 260 130 130 130 260 130 130 130 130 1 260 260 
c [Signal] Signal interruption. Caught signal: SIGTERM (15).
c [Label = 257] Minimize Makespan Labeling problem (S-sherman4.mtx.rnd):
c [Main] Child pid 259 - 54163 terminated by signal 15.
c [Label = 256] Minimize Makespan Labeling problem (S-sherman4.mtx.rnd):
c [Main] Child pid 260 - 54162 terminated by signal 15.
c [Label = 255] Minimize Makespan Labeling problem (S-sherman4.mtx.rnd):
c [Main] Child pid 263 - 54159 terminated by signal 15.
c [Label = 254] Minimize Makespan Labeling problem (S-sherman4.mtx.rnd):
c [Main] Child pid 264 - 54158 terminated by signal 15.
c [Main] Child pid 262 - 54160 terminated by signal 15.
c [Label = 253] Minimize Makespan Labeling problem (S-sherman4.mtx.rnd):
c [Main] Child pid 265 - 54157 terminated by signal 15.
c [Label = 252] Minimize Makespan Labeling problem (S-sherman4.mtx.rnd):
c [Label = 251] Minimize Makespan Labeling problem (S-sherman4.mtx.rnd):
c [Main] Child pid 261 - 54161 terminated by signal 15.
c [Label = 250] Minimize Makespan Labeling problem (S-sherman4.mtx.rnd):
c [Label = 250] Encoding starts with target value = 130:
c [Label = 250] Encoding duration: 2215ms.
c [Label = 250] Number of clauses: 1253512.
c [Label = 250] Number of variables: 272028.
c [Label = 250] Solving duration: 31 ms.
s [Label = 250] SAT (w = 130).
c [Label = 250] Label assignment: 120 120 250 250 250 120 120 120 120 120 250 120 120 250 120 120 120 250 250 250 120 250 250 120 250 250 120 120 120 250 250 250 250 250 120 120 250 120 250 120 120 250 120 250 250 250 250 250 250 250 250 250 120 120 250 120 120 250 250 250 250 250 250 250 250 120 250 120 250 120 250 120 120 120 120 120 120 250 120 120 250 250 120 250 120 120 250 120 120 120 120 120 250 250 120 250 120 250 250 250 250 120 120 250 250 250 250 120 250 120 250 120 120 120 120 250 250 250 250 250 120 250 250 250 250 250 250 120 250 250 120 250 250 250 250 120 120 250 120 250 250 250 120 120 120 120 120 120 250 120 120 250 120 120 250 250 250 250 120 120 120 120 250 120 250 250 120 250 120 120 120 120 250 250 120 250 250 250 120 120 120 120 120 120 120 250 250 250 250 120 120 250 120 250 250 250 120 120 120 250 120 120 120 250 250 250 120 120 250 120 120 250 120 250 120 120 250 120 250 250 250 250 120 120 120 250 120 250 250 120 250 120 120 250 250 250 250 120 120 120 250 250 120 120 250 250 250 250 120 120 120 120 250 250 250 250 120 250 250 120 120 250 120 120 250 250 250 250 250 250 120 250 250 120 120 120 250 120 250 250 250 120 250 120 250 250 120 250 250 120 120 250 250 250 250 250 120 120 250 250 120 120 120 120 120 250 120 120 120 120 250 250 120 250 120 250 120 120 250 120 250 250 120 120 250 120 120 250 250 120 120 120 250 250 250 250 250 250 120 120 250 250 120 250 250 120 250 120 250 120 120 120 250 120 250 120 120 120 120 120 120 120 120 250 120 250 250 250 250 120 250 120 120 120 120 250 120 120 250 120 120 120 250 250 250 120 250 120 120 120 120 250 120 250 250 250 120 120 120 250 250 250 120 120 250 120 250 120 120 250 120 250 250 250 250 120 120 120 250 120 120 120 120 250 250 250 120 120 120 120 250 120 120 250 250 250 250 120 250 250 120 120 250 120 120 120 250 120 120 250 120 250 250 250 250 120 120 120 120 120 250 250 120 120 250 120 250 250 250 250 120 250 250 120 120 250 120 250 120 250 250 120 120 250 120 120 120 120 250 120 120 120 120 250 120 250 120 250 120 120 250 120 250 250 250 250 250 250 120 250 250 250 250 250 250 250 120 250 120 250 120 120 120 250 120 120 250 250 250 120 250 120 120 250 250 120 120 120 250 120 120 120 120 1 250 250 
c [Label = 253] Encoding starts with target value = 130:
c [Label = 253] Encoding duration: 2270ms.
c [Label = 253] Number of clauses: 1277795.
c [Label = 253] Number of variables: 275304.
c [Label = 253] Solving duration: 31 ms.
s [Label = 253] SAT (w = 130).
c [Label = 253] Label assignment: 123 123 253 253 253 123 123 123 123 123 253 123 123 253 123 123 123 253 253 253 123 253 253 123 253 253 123 123 123 253 253 253 253 253 123 123 253 123 253 123 123 253 123 253 253 253 253 253 253 253 253 253 123 123 253 123 123 253 253 253 253 253 253 253 253 123 253 123 253 123 253 123 123 123 123 123 123 253 123 123 253 253 123 253 123 123 253 123 123 123 123 123 253 253 123 253 123 253 253 253 253 123 123 253 253 253 253 123 253 123 253 123 123 123 123 253 253 253 253 253 123 253 253 253 253 253 253 123 253 253 123 253 253 253 253 123 123 253 123 253 253 253 123 123 123 123 123 123 253 123 123 253 123 123 253 253 253 253 123 123 123 123 253 123 253 253 123 253 123 123 123 123 253 253 123 253 253 253 123 123 123 123 123 123 123 253 253 253 253 123 123 253 123 253 253 253 123 123 123 253 123 123 123 253 253 253 123 123 253 123 123 253 123 253 123 123 253 123 253 253 253 253 123 123 123 253 123 253 253 123 253 123 123 253 253 253 253 123 123 123 253 253 123 123 253 253 253 253 123 123 123 123 253 253 253 253 123 253 253 123 123 253 123 123 253 253 253 253 253 253 123 253 253 123 123 123 253 123 253 253 253 123 253 123 253 253 123 253 253 123 123 253 253 253 253 253 123 123 253 253 123 123 123 123 123 253 123 123 123 123 253 253 123 253 123 253 123 123 253 123 253 253 123 123 253 123 123 253 253 123 123 123 253 253 253 253 253 253 123 123 253 253 123 253 253 123 253 123 253 123 123 123 253 123 253 123 123 123 123 123 123 123 123 253 123 253 253 253 253 123 253 123 123 123 123 253 123 123 253 123 123 123 253 253 253 123 253 123 123 123 123 253 123 253 253 253 123 123 123 253 253 253 123 123 253 123 253 123 123 253 123 253 253 253 253 123 123 123 253 123 123 123 123 253 253 253 123 123 123 123 253 123 123 253 253 253 253 123 253 253 123 123 253 123 123 123 253 123 123 253 123 253 253 253 253 123 123 123 123 123 253 253 123 123 253 123 253 253 253 253 123 253 253 123 123 253 123 253 123 253 253 123 123 253 123 123 123 123 253 123 123 123 123 253 123 253 123 253 123 123 253 123 253 253 253 253 253 253 123 253 253 253 253 253 253 253 123 253 123 253 123 123 123 253 123 123 253 253 253 123 253 123 123 253 253 123 123 123 253 123 123 123 123 1 253 253 
c [Signal] Signal interruption. Caught signal: SIGTERM (15).
c [Label = 251] Encoding starts with target value = 130:
c [Label = 251] Encoding duration: 2257ms.
c [Label = 251] Number of clauses: 1261606.
c [Label = 251] Number of variables: 273120.
c [Label = 251] Solving duration: 34 ms.
s [Label = 251] SAT (w = 130).
c [Label = 251] Label assignment: 121 121 251 251 251 121 121 121 121 121 251 121 121 251 121 121 121 251 251 251 121 251 251 121 251 251 121 121 121 251 251 251 251 251 121 121 251 121 251 121 121 251 121 251 251 251 251 251 251 251 251 251 121 121 251 121 121 251 251 251 251 251 251 251 251 121 251 121 251 121 251 121 121 121 121 121 121 251 121 121 251 251 121 251 121 121 251 121 121 121 121 121 251 251 121 251 121 251 251 251 251 121 121 251 251 251 251 121 251 121 251 121 121 121 121 251 251 251 251 251 121 251 251 251 251 251 251 121 251 251 121 251 251 251 251 121 121 251 121 251 251 251 121 121 121 121 121 121 251 121 121 251 121 121 251 251 251 251 121 121 121 121 251 121 251 251 121 251 121 121 121 121 251 251 121 251 251 251 121 121 121 121 121 121 121 251 251 251 251 121 121 251 121 251 251 251 121 121 121 251 121 121 121 251 251 251 121 121 251 121 121 251 121 251 121 121 251 121 251 251 251 251 121 121 121 251 121 251 251 121 251 121 121 251 251 251 251 121 121 121 251 251 121 121 251 251 251 251 121 121 121 121 251 251 251 251 121 251 251 121 121 251 121 121 251 251 251 251 251 251 121 251 251 121 121 121 251 121 251 251 251 121 251 121 251 251 121 251 251 121 121 251 251 251 251 251 121 121 251 251 121 121 121 121 121 251 121 121 121 121 251 251 121 251 121 251 121 121 251 121 251 251 121 121 251 121 121 251 251 121 121 121 251 251 251 251 251 251 121 121 251 251 121 251 251 121 251 121 251 121 121 121 251 121 251 121 121 121 121 121 121 121 121 251 121 251 251 251 251 121 251 121 121 121 121 251 121 121 251 121 121 121 251 251 251 121 251 121 121 121 121 251 121 251 251 251 121 121 121 251 251 251 121 121 251 121 251 121 121 251 121 251 251 251 251 121 121 121 251 121 121 121 121 251 251 251 121 121 121 121 251 121 121 251 251 251 251 121 251 251 121 121 251 121 121 121 251 121 121 251 121 251 251 251 251 121 121 121 121 121 251 251 121 121 251 121 251 251 251 251 121 251 251 121 121 251 121 251 121 251 251 121 121 251 121 121 121 121 251 121 121 121 121 251 121 251 121 251 121 121 251 121 251 251 251 251 251 251 121 251 251 251 251 251 251 251 121 251 121 251 121 121 121 251 121 121 251 251 251 121 251 121 121 251 251 121 121 121 251 121 121 121 121 1 251 251 
c [Signal] Signal interruption. Caught signal: SIGTERM (15).
c [Label = 254] Encoding starts with target value = 130:
c [Label = 254] Encoding duration: 2301ms.
c [Label = 254] Number of clauses: 1285890.
c [Label = 254] Number of variables: 276396.
c [Label = 254] Solving duration: 29 ms.
s [Label = 254] SAT (w = 130).
c [Label = 254] Label assignment: 124 124 254 254 254 124 124 124 124 124 254 124 124 254 124 124 124 254 254 254 124 254 254 124 254 254 124 124 124 254 254 254 254 254 124 124 254 124 254 124 124 254 124 254 254 254 254 254 254 254 254 254 124 124 254 124 124 254 254 254 254 254 254 254 254 124 254 124 254 124 254 124 124 124 124 124 124 254 124 124 254 254 124 254 124 124 254 124 124 124 124 124 254 254 124 254 124 254 254 254 254 124 124 254 254 254 254 124 254 124 254 124 124 124 124 254 254 254 254 254 124 254 254 254 254 254 254 124 254 254 124 254 254 254 254 124 124 254 124 254 254 254 124 124 124 124 124 124 254 124 124 254 124 124 254 254 254 254 124 124 124 124 254 124 254 254 124 254 124 124 124 124 254 254 124 254 254 254 124 124 124 124 124 124 124 254 254 254 254 124 124 254 124 254 254 254 124 124 124 254 124 124 124 254 254 254 124 124 254 124 124 254 124 254 124 124 254 124 254 254 254 254 124 124 124 254 124 254 254 124 254 124 124 254 254 254 254 124 124 124 254 254 124 124 254 254 254 254 124 124 124 124 254 254 254 254 124 254 254 124 124 254 124 124 254 254 254 254 254 254 124 254 254 124 124 124 254 124 254 254 254 124 254 124 254 254 124 254 254 124 124 254 254 254 254 254 124 124 254 254 124 124 124 124 124 254 124 124 124 124 254 254 124 254 124 254 124 124 254 124 254 254 124 124 254 124 124 254 254 124 124 124 254 254 254 254 254 254 124 124 254 254 124 254 254 124 254 124 254 124 124 124 254 124 254 124 124 124 124 124 124 124 124 254 124 254 254 254 254 124 254 124 124 124 124 254 124 124 254 124 124 124 254 254 254 124 254 124 124 124 124 254 124 254 254 254 124 124 124 254 254 254 124 124 254 124 254 124 124 254 124 254 254 254 254 124 124 124 254 124 124 124 124 254 254 254 124 124 124 124 254 124 124 254 254 254 254 124 254 254 124 124 254 124 124 124 254 124 124 254 124 254 254 254 254 124 124 124 124 124 254 254 124 124 254 124 254 254 254 254 124 254 254 124 124 254 124 254 124 254 254 124 124 254 124 124 124 124 254 124 124 124 124 254 124 254 124 254 124 124 254 124 254 254 254 254 254 254 124 254 254 254 254 254 254 254 124 254 124 254 124 124 124 254 124 124 254 254 254 124 254 124 124 254 254 124 124 124 254 124 124 124 124 1 254 254 
c [Signal] Signal interruption. Caught signal: SIGTERM (15).
c [Label = 255] Encoding starts with target value = 130:
c [Label = 255] Encoding duration: 2298ms.
c [Label = 255] Number of clauses: 1293984.
c [Label = 255] Number of variables: 277488.
c [Label = 255] Solving duration: 32 ms.
s [Label = 255] SAT (w = 130).
c [Label = 255] Label assignment: 125 125 255 255 255 125 125 125 125 125 255 125 125 255 125 125 125 255 255 255 125 255 255 125 255 255 125 125 125 255 255 255 255 255 125 125 255 125 255 125 125 255 125 255 255 255 255 255 255 255 255 255 125 125 255 125 125 255 255 255 255 255 255 255 255 125 255 125 255 125 255 125 125 125 125 125 125 255 125 125 255 255 125 255 125 125 255 125 125 125 125 125 255 255 125 255 125 255 255 255 255 125 125 255 255 255 255 125 255 125 255 125 125 125 125 255 255 255 255 255 125 255 255 255 255 255 255 125 255 255 125 255 255 255 255 125 125 255 125 255 255 255 125 125 125 125 125 125 255 125 125 255 125 125 255 255 255 255 125 125 125 125 255 125 255 255 125 255 125 125 125 125 255 255 125 255 255 255 125 125 125 125 125 125 125 255 255 255 255 125 125 255 125 255 255 255 125 125 125 255 125 125 125 255 255 255 125 125 255 125 125 255 125 255 125 125 255 125 255 255 255 255 125 125 125 255 125 255 255 125 255 125 125 255 255 255 255 125 125 125 255 255 125 125 255 255 255 255 125 125 125 125 255 255 255 255 125 255 255 125 125 255 125 125 255 255 255 255 255 255 125 255 255 125 125 125 255 125 255 255 255 125 255 125 255 255 125 255 255 125 125 255 255 255 255 255 125 125 255 255 125 125 125 125 125 255 125 125 125 125 255 255 125 255 125 255 125 125 255 125 255 255 125 125 255 125 125 255 255 125 125 125 255 255 255 255 255 255 125 125 255 255 125 255 255 125 255 125 255 125 125 125 255 125 255 125 125 125 125 125 125 125 125 255 125 255 255 255 255 125 255 125 125 125 125 255 125 125 255 125 125 125 255 255 255 125 255 125 125 125 125 255 125 255 255 255 125 125 125 255 255 255 125 125 255 125 255 125 125 255 125 255 255 255 255 125 125 125 255 125 125 125 125 255 255 255 125 125 125 125 255 125 125 255 255 255 255 125 255 255 125 125 255 125 125 125 255 125 125 255 125 255 255 255 255 125 125 125 125 125 255 255 125 125 255 125 255 255 255 255 125 255 255 125 125 255 125 255 125 255 255 125 125 255 125 125 125 125 255 125 125 125 125 255 125 255 125 255 125 125 255 125 255 255 255 255 255 255 125 255 255 255 255 255 255 255 125 255 125 255 125 125 125 255 125 125 255 255 255 125 255 125 125 255 255 125 125 125 255 125 125 125 125 1 255 255 
c [Signal] Signal interruption. Caught signal: SIGTERM (15).
c [Label = 256] Encoding starts with target value = 130:
c [Label = 256] Encoding duration: 2296ms.
c [Label = 256] Number of clauses: 1302079.
c [Label = 256] Number of variables: 278580.
c [Label = 256] Solving duration: 29 ms.
s [Label = 256] SAT (w = 130).
c [Label = 256] Label assignment: 126 126 256 256 256 126 126 126 126 126 256 126 126 256 126 126 126 256 256 256 126 256 256 126 256 256 126 126 126 256 256 256 256 256 126 126 256 126 256 126 126 256 126 256 256 256 256 256 256 256 256 256 126 126 256 126 126 256 256 256 256 256 256 256 256 126 256 126 256 126 256 126 126 126 126 126 126 256 126 126 256 256 126 256 126 126 256 126 126 126 126 126 256 256 126 256 126 256 256 256 256 126 126 256 256 256 256 126 256 126 256 126 126 126 126 256 256 256 256 256 126 256 256 256 256 256 256 126 256 256 126 256 256 256 256 126 126 256 126 256 256 256 126 126 126 126 126 126 256 126 126 256 126 126 256 256 256 256 126 126 126 126 256 126 256 256 126 256 126 126 126 126 256 256 126 256 256 256 126 126 126 126 126 126 126 256 256 256 256 126 126 256 126 256 256 256 126 126 126 256 126 126 126 256 256 256 126 126 256 126 126 256 126 256 126 126 256 126 256 256 256 256 126 126 126 256 126 256 256 126 256 126 126 256 256 256 256 126 126 126 256 256 126 126 256 256 256 256 126 126 126 126 256 256 256 256 126 256 256 126 126 256 126 126 256 256 256 256 256 256 126 256 256 126 126 126 256 126 256 256 256 126 256 126 256 256 126 256 256 126 126 256 256 256 256 256 126 126 256 256 126 126 126 126 126 256 126 126 126 126 256 256 126 256 126 256 126 126 256 126 256 256 126 126 256 126 126 256 256 126 126 126 256 256 256 256 256 256 126 126 256 256 126 256 256 126 256 126 256 126 126 126 256 126 256 126 126 126 126 126 126 126 126 256 126 256 256 256 256 126 256 126 126 126 126 256 126 126 256 126 126 126 256 256 256 126 256 126 126 126 126 256 126 256 256 256 126 126 126 256 256 256 126 126 256 126 256 126 126 256 126 256 256 256 256 126 126 126 256 126 126 126 126 256 256 256 126 126 126 126 256 126 126 256 256 256 256 126 256 256 126 126 256 126 126 126 256 126 126 256 126 256 256 256 256 126 126 126 126 126 256 256 126 126 256 126 256 256 256 256 126 256 256 126 126 256 126 256 126 256 256 126 126 256 126 126 126 126 256 126 126 126 126 256 126 256 126 256 126 126 256 126 256 256 256 256 256 256 126 256 256 256 256 256 256 256 126 256 126 256 126 126 126 256 126 126 256 256 256 126 256 126 126 256 256 126 126 126 256 126 126 126 126 1 256 256 
c [Signal] Signal interruption. Caught signal: SIGTERM (15).
c [Label = 252] Encoding starts with target value = 130:
c [Label = 252] Encoding duration: 2273ms.
c [Label = 252] Number of clauses: 1269701.
c [Label = 252] Number of variables: 274212.
c [Label = 252] Solving duration: 36 ms.
s [Label = 252] SAT (w = 130).
c [Label = 252] Label assignment: 122 122 252 252 252 122 122 122 122 122 252 122 122 252 122 122 122 252 252 252 122 252 252 122 252 252 122 122 122 252 252 252 252 252 122 122 252 122 252 122 122 252 122 252 252 252 252 252 252 252 252 252 122 122 252 122 122 252 252 252 252 252 252 252 252 122 252 122 252 122 252 122 122 122 122 122 122 252 122 122 252 252 122 252 122 122 252 122 122 122 122 122 252 252 122 252 122 252 252 252 252 122 122 252 252 252 252 122 252 122 252 122 122 122 122 252 252 252 252 252 122 252 252 252 252 252 252 122 252 252 122 252 252 252 252 122 122 252 122 252 252 252 122 122 122 122 122 122 252 122 122 252 122 122 252 252 252 252 122 122 122 122 252 122 252 252 122 252 122 122 122 122 252 252 122 252 252 252 122 122 122 122 122 122 122 252 252 252 252 122 122 252 122 252 252 252 122 122 122 252 122 122 122 252 252 252 122 122 252 122 122 252 122 252 122 122 252 122 252 252 252 252 122 122 122 252 122 252 252 122 252 122 122 252 252 252 252 122 122 122 252 252 122 122 252 252 252 252 122 122 122 122 252 252 252 252 122 252 252 122 122 252 122 122 252 252 252 252 252 252 122 252 252 122 122 122 252 122 252 252 252 122 252 122 252 252 122 252 252 122 122 252 252 252 252 252 122 122 252 252 122 122 122 122 122 252 122 122 122 122 252 252 122 252 122 252 122 122 252 122 252 252 122 122 252 122 122 252 252 122 122 122 252 252 252 252 252 252 122 122 252 252 122 252 252 122 252 122 252 122 122 122 252 122 252 122 122 122 122 122 122 122 122 252 122 252 252 252 252 122 252 122 122 122 122 252 122 122 252 122 122 122 252 252 252 122 252 122 122 122 122 252 122 252 252 252 122 122 122 252 252 252 122 122 252 122 252 122 122 252 122 252 252 252 252 122 122 122 252 122 122 122 122 252 252 252 122 122 122 122 252 122 122 252 252 252 252 122 252 252 122 122 252 122 122 122 252 122 122 252 122 252 252 252 252 122 122 122 122 122 252 252 122 122 252 122 252 252 252 252 122 252 252 122 122 252 122 252 122 252 252 122 122 252 122 122 122 122 252 122 122 122 122 252 122 252 122 252 122 122 252 122 252 252 252 252 252 252 122 252 252 252 252 252 252 252 122 252 122 252 122 122 122 252 122 122 252 252 252 122 252 122 122 252 252 122 122 122 252 122 122 122 122 1 252 252 
c [Signal] Signal interruption. Caught signal: SIGTERM (15).
c [Main] Lowest label SAT is set to 250.
c [Main] Kill higher label pid 251.
c [Main] Kill higher label pid 253.
c [Main] Kill higher label pid 254.
c [Main] Kill higher label pid 255.
c [Main] Kill higher label pid 256.
c [Main] Kill higher label pid 257.
c [Main] Kill higher label pid 252.
c [Label = 257] Encoding starts with target value = 130:
c [Label = 257] Encoding duration: 2351ms.
c [Label = 257] Number of clauses: 1310173.
c [Label = 257] Number of variables: 279672.
c [Label = 257] Solving duration: 34 ms.
s [Label = 257] SAT (w = 130).
c [Label = 257] Label assignment: 127 127 257 257 257 127 127 127 127 127 257 127 127 257 127 127 127 257 257 257 127 257 257 127 257 257 127 127 127 257 257 257 257 257 127 127 257 127 257 127 127 257 127 257 257 257 257 257 257 257 257 257 127 127 257 127 127 257 257 257 257 257 257 257 257 127 257 127 257 127 257 127 127 127 127 127 127 257 127 127 257 257 127 257 127 127 257 127 127 127 127 127 257 257 127 257 127 257 257 257 257 127 127 257 257 257 257 127 257 127 257 127 127 127 127 257 257 257 257 257 127 257 257 257 257 257 257 127 257 257 127 257 257 257 257 127 127 257 127 257 257 257 127 127 127 127 127 127 257 127 127 257 127 127 257 257 257 257 127 127 127 127 257 127 257 257 127 257 127 127 127 127 257 257 127 257 257 257 127 127 127 127 127 127 127 257 257 257 257 127 127 257 127 257 257 257 127 127 127 257 127 127 127 257 257 257 127 127 257 127 127 257 127 257 127 127 257 127 257 257 257 257 127 127 127 257 127 257 257 127 257 127 127 257 257 257 257 127 127 127 257 257 127 127 257 257 257 257 127 127 127 127 257 257 257 257 127 257 257 127 127 257 127 127 257 257 257 257 257 257 127 257 257 127 127 127 257 127 257 257 257 127 257 127 257 257 127 257 257 127 127 257 257 257 257 257 127 127 257 257 127 127 127 127 127 257 127 127 127 127 257 257 127 257 127 257 127 127 257 127 257 257 127 127 257 127 127 257 257 127 127 127 257 257 257 257 257 257 127 127 257 257 127 257 257 127 257 127 257 127 127 127 257 127 257 127 127 127 127 127 127 127 127 257 127 257 257 257 257 127 257 127 127 127 127 257 127 127 257 127 127 127 257 257 257 127 257 127 127 127 127 257 127 257 257 257 127 127 127 257 257 257 127 127 257 127 257 127 127 257 127 257 257 257 257 127 127 127 257 127 127 127 127 257 257 257 127 127 127 127 257 127 127 257 257 257 257 127 257 257 127 127 257 127 127 127 257 127 127 257 127 257 257 257 257 127 127 127 127 127 257 257 127 127 257 127 257 257 257 257 127 257 257 127 127 257 127 257 127 257 257 127 127 257 127 127 127 127 257 127 127 127 127 257 127 257 127 257 127 127 257 127 257 257 257 257 257 257 127 257 257 257 257 257 257 257 127 257 127 257 127 127 127 257 127 127 257 257 257 127 257 127 127 257 257 127 127 127 257 127 127 127 127 1 257 257 
c [Signal] Signal interruption. Caught signal: SIGTERM (15).
c [Label = 249] Minimize Makespan Labeling problem (S-sherman4.mtx.rnd):
c [Main] Child pid 254 - 54171 terminated by signal 15.
c [Main] Child pid 253 - 54172 terminated by signal 15.
c [Main] Child pid 251 - 54174 terminated by signal 15.
c [Label = 248] Minimize Makespan Labeling problem (S-sherman4.mtx.rnd):
c [Label = 247] Minimize Makespan Labeling problem (S-sherman4.mtx.rnd):
c [Label = 246] Minimize Makespan Labeling problem (S-sherman4.mtx.rnd):
c [Main] Child pid 252 - 54173 terminated by signal 15.
c [Main] Child pid 256 - 54169 terminated by signal 15.
c [Label = 244] Minimize Makespan Labeling problem (S-sherman4.mtx.rnd):
c [Label = 245] Minimize Makespan Labeling problem (S-sherman4.mtx.rnd):
c [Main] Child pid 257 - 54168 terminated by signal 15.
c [Label = 243] Minimize Makespan Labeling problem (S-sherman4.mtx.rnd):
c [Main] Child pid 255 - 54170 terminated by signal 15.
c [Label = 242] Minimize Makespan Labeling problem (S-sherman4.mtx.rnd):
c [Label = 245] Encoding starts with target value = 130:
c [Label = 245] Encoding duration: 2173ms.
c [Label = 245] Number of clauses: 1213039.
c [Label = 245] Number of variables: 266568.
c [Label = 245] Solving duration: 35 ms.
s [Label = 245] SAT (w = 130).
c [Label = 245] Label assignment: 115 115 245 245 245 115 115 115 115 115 245 115 115 245 115 115 115 245 245 245 115 245 245 115 245 245 115 115 115 245 245 245 245 245 115 115 245 115 245 115 115 245 115 245 245 245 245 245 245 245 245 245 115 115 245 115 115 245 245 245 245 245 245 245 245 115 245 115 245 115 245 115 115 115 115 115 115 245 115 115 245 245 115 245 115 115 245 115 115 115 115 115 245 245 115 245 115 245 245 245 245 115 115 245 245 245 245 115 245 115 245 115 115 115 115 245 245 245 245 245 115 245 245 245 245 245 245 115 245 245 115 245 245 245 245 115 115 245 115 245 245 245 115 115 115 115 115 115 245 115 115 245 115 115 245 245 245 245 115 115 115 115 245 115 245 245 115 245 115 115 115 115 245 245 115 245 245 245 115 115 115 115 115 115 115 245 245 245 245 115 115 245 115 245 245 245 115 115 115 245 115 115 115 245 245 245 115 115 245 115 115 245 115 245 115 115 245 115 245 245 245 245 115 115 115 245 115 245 245 115 245 115 115 245 245 245 245 115 115 115 245 245 115 115 245 245 245 245 115 115 115 115 245 245 245 245 115 245 245 115 115 245 115 115 245 245 245 245 245 245 115 245 245 115 115 115 245 115 245 245 245 115 245 115 245 245 115 245 245 115 115 245 245 245 245 245 115 115 245 245 115 115 115 115 115 245 115 115 115 115 245 245 115 245 115 245 115 115 245 115 245 245 115 115 245 115 115 245 245 115 115 115 245 245 245 245 245 245 115 115 245 245 115 245 245 115 245 115 245 115 115 115 245 115 245 115 115 115 115 115 115 115 115 245 115 245 245 245 245 115 245 115 115 115 115 245 115 115 245 115 115 115 245 245 245 115 245 115 115 115 115 245 115 245 245 245 115 115 115 245 245 245 115 115 245 115 245 115 115 245 115 245 245 245 245 115 115 115 245 115 115 115 115 245 245 245 115 115 115 115 245 115 115 245 245 245 245 115 245 245 115 115 245 115 115 115 245 115 115 245 115 245 245 245 245 115 115 115 115 115 245 245 115 115 245 115 245 245 245 245 115 245 245 115 115 245 115 245 115 245 245 115 115 245 115 115 115 115 245 115 115 115 115 245 115 245 115 245 115 115 245 115 245 245 245 245 245 245 115 245 245 245 245 245 245 245 115 245 115 245 115 115 115 245 115 115 245 245 245 115 245 115 115 245 245 115 115 115 245 115 115 115 115 1 245 245 
c [Label = 246] Encoding starts with target value = 130:
c [Label = 246] Encoding duration: 2174ms.
c [Label = 246] Number of clauses: 1221134.
c [Label = 246] Number of variables: 267660.
c [Label = 246] Solving duration: 39 ms.
s [Label = 246] SAT (w = 130).
c [Label = 246] Label assignment: 116 116 246 246 246 116 116 116 116 116 246 116 116 246 116 116 116 246 246 246 116 246 246 116 246 246 116 116 116 246 246 246 246 246 116 116 246 116 246 116 116 246 116 246 246 246 246 246 246 246 246 246 116 116 246 116 116 246 246 246 246 246 246 246 246 116 246 116 246 116 246 116 116 116 116 116 116 246 116 116 246 246 116 246 116 116 246 116 116 116 116 116 246 246 116 246 116 246 246 246 246 116 116 246 246 246 246 116 246 116 246 116 116 116 116 246 246 246 246 246 116 246 246 246 246 246 246 116 246 246 116 246 246 246 246 116 116 246 116 246 246 246 116 116 116 116 116 116 246 116 116 246 116 116 246 246 246 246 116 116 116 116 246 116 246 246 116 246 116 116 116 116 246 246 116 246 246 246 116 116 116 116 116 116 116 246 246 246 246 116 116 246 116 246 246 246 116 116 116 246 116 116 116 246 246 246 116 116 246 116 116 246 116 246 116 116 246 116 246 246 246 246 116 116 116 246 116 246 246 116 246 116 116 246 246 246 246 116 116 116 246 246 116 116 246 246 246 246 116 116 116 116 246 246 246 246 116 246 246 116 116 246 116 116 246 246 246 246 246 246 116 246 246 116 116 116 246 116 246 246 246 116 246 116 246 246 116 246 246 116 116 246 246 246 246 246 116 116 246 246 116 116 116 116 116 246 116 116 116 116 246 246 116 246 116 246 116 116 246 116 246 246 116 116 246 116 116 246 246 116 116 116 246 246 246 246 246 246 116 116 246 246 116 246 246 116 246 116 246 116 116 116 246 116 246 116 116 116 116 116 116 116 116 246 116 246 246 246 246 116 246 116 116 116 116 246 116 116 246 116 116 116 246 246 246 116 246 116 116 116 116 246 116 246 246 246 116 116 116 246 246 246 116 116 246 116 246 116 116 246 116 246 246 246 246 116 116 116 246 116 116 116 116 246 246 246 116 116 116 116 246 116 116 246 246 246 246 116 246 246 116 116 246 116 116 116 246 116 116 246 116 246 246 246 246 116 116 116 116 116 246 246 116 116 246 116 246 246 246 246 116 246 246 116 116 246 116 246 116 246 246 116 116 246 116 116 116 116 246 116 116 116 116 246 116 246 116 246 116 116 246 116 246 246 246 246 246 246 116 246 246 246 246 246 246 246 116 246 116 246 116 116 116 246 116 116 246 246 246 116 246 116 116 246 246 116 116 116 246 116 116 116 116 1 246 246 
c [Label = 242] Encoding starts with target value = 130:
c [Label = 242] Encoding duration: 2191ms.
c [Label = 242] Number of clauses: 1188756.
c [Label = 242] Number of variables: 263292.
c [Label = 242] Solving duration: 27 ms.
s [Label = 242] SAT (w = 130).
c [Label = 242] Label assignment: 112 112 242 242 242 112 112 112 112 112 242 112 112 242 112 112 112 242 242 242 112 242 242 112 242 242 112 112 112 242 242 242 242 242 112 112 242 112 242 112 112 242 112 242 242 242 242 242 242 242 242 242 112 112 242 112 112 242 242 242 242 242 242 242 242 112 242 112 242 112 242 112 112 112 112 112 112 242 112 112 242 242 112 242 112 112 242 112 112 112 112 112 242 242 112 242 112 242 242 242 242 112 112 242 242 242 242 112 242 112 242 112 112 112 112 242 242 242 242 242 112 242 242 242 242 242 242 112 242 242 112 242 242 242 242 112 112 242 112 242 242 242 112 112 112 112 112 112 242 112 112 242 112 112 242 242 242 242 112 112 112 112 242 112 242 242 112 242 112 112 112 112 242 242 112 242 242 242 112 112 112 112 112 112 112 242 242 242 242 112 112 242 112 242 242 242 112 112 112 242 112 112 112 242 242 242 112 112 242 112 112 242 112 242 112 112 242 112 242 242 242 242 112 112 112 242 112 242 242 112 242 112 112 242 242 242 242 112 112 112 242 242 112 112 242 242 242 242 112 112 112 112 242 242 242 242 112 242 242 112 112 242 112 112 242 242 242 242 242 242 112 242 242 112 112 112 242 112 242 242 242 112 242 112 242 242 112 242 242 112 112 242 242 242 242 242 112 112 242 242 112 112 112 112 112 242 112 112 112 112 242 242 112 242 112 242 112 112 242 112 242 242 112 112 242 112 112 242 242 112 112 112 242 242 242 242 242 242 112 112 242 242 112 242 242 112 242 112 242 112 112 112 242 112 242 112 112 112 112 112 112 112 112 242 112 242 242 242 242 112 242 112 112 112 112 242 112 112 242 112 112 112 242 242 242 112 242 112 112 112 112 242 112 242 242 242 112 112 112 242 242 242 112 112 242 112 242 112 112 242 112 242 242 242 242 112 112 112 242 112 112 112 112 242 242 242 112 112 112 112 242 112 112 242 242 242 242 112 242 242 112 112 242 112 112 112 242 112 112 242 112 242 242 242 242 112 112 112 112 112 242 242 112 112 242 112 242 242 242 242 112 242 242 112 112 242 112 242 112 242 242 112 112 242 112 112 112 112 242 112 112 112 112 242 112 242 112 242 112 112 242 112 242 242 242 242 242 242 112 242 242 242 242 242 242 242 112 242 112 242 112 112 112 242 112 112 242 242 242 112 242 112 112 242 242 112 112 112 242 112 112 112 112 1 242 242 
c [Label = 248] Encoding starts with target value = 130:
c [Label = 248] Encoding duration: 2212ms.
c [Label = 248] Number of clauses: 1237323.
c [Label = 248] Number of variables: 269844.
c [Label = 248] Solving duration: 28 ms.
s [Label = 248] SAT (w = 130).
c [Label = 248] Label assignment: 118 118 248 248 248 118 118 118 118 118 248 118 118 248 118 118 118 248 248 248 118 248 248 118 248 248 118 118 118 248 248 248 248 248 118 118 248 118 248 118 118 248 118 248 248 248 248 248 248 248 248 248 118 118 248 118 118 248 248 248 248 248 248 248 248 118 248 118 248 118 248 118 118 118 118 118 118 248 118 118 248 248 118 248 118 118 248 118 118 118 118 118 248 248 118 248 118 248 248 248 248 118 118 248 248 248 248 118 248 118 248 118 118 118 118 248 248 248 248 248 118 248 248 248 248 248 248 118 248 248 118 248 248 248 248 118 118 248 118 248 248 248 118 118 118 118 118 118 248 118 118 248 118 118 248 248 248 248 118 118 118 118 248 118 248 248 118 248 118 118 118 118 248 248 118 248 248 248 118 118 118 118 118 118 118 248 248 248 248 118 118 248 118 248 248 248 118 118 118 248 118 118 118 248 248 248 118 118 248 118 118 248 118 248 118 118 248 118 248 248 248 248 118 118 118 248 118 248 248 118 248 118 118 248 248 248 248 118 118 118 248 248 118 118 248 248 248 248 118 118 118 118 248 248 248 248 118 248 248 118 118 248 118 118 248 248 248 248 248 248 118 248 248 118 118 118 248 118 248 248 248 118 248 118 248 248 118 248 248 118 118 248 248 248 248 248 118 118 248 248 118 118 118 118 118 248 118 118 118 118 248 248 118 248 118 248 118 118 248 118 248 248 118 118 248 118 118 248 248 118 118 118 248 248 248 248 248 248 118 118 248 248 118 248 248 118 248 118 248 118 118 118 248 118 248 118 118 118 118 118 118 118 118 248 118 248 248 248 248 118 248 118 118 118 118 248 118 118 248 118 118 118 248 248 248 118 248 118 118 118 118 248 118 248 248 248 118 118 118 248 248 248 118 118 248 118 248 118 118 248 118 248 248 248 248 118 118 118 248 118 118 118 118 248 248 248 118 118 118 118 248 118 118 248 248 248 248 118 248 248 118 118 248 118 118 118 248 118 118 248 118 248 248 248 248 118 118 118 118 118 248 248 118 118 248 118 248 248 248 248 118 248 248 118 118 248 118 248 118 248 248 118 118 248 118 118 118 118 248 118 118 118 118 248 118 248 118 248 118 118 248 118 248 248 248 248 248 248 118 248 248 248 248 248 248 248 118 248 118 248 118 118 118 248 118 118 248 248 248 118 248 118 118 248 248 118 118 118 248 118 118 118 118 1 248 248 
c [Label = 249] Encoding starts with target value = 130:
c [Label = 249] Encoding duration: 2249ms.
c [Label = 249] Number of clauses: 1245417.
c [Label = 249] Number of variables: 270936.
c [Label = 249] Solving duration: 36 ms.
s [Label = 249] SAT (w = 130).
c [Label = 249] Label assignment: 119 119 249 249 249 119 119 119 119 119 249 119 119 249 119 119 119 249 249 249 119 249 249 119 249 249 119 119 119 249 249 249 249 249 119 119 249 119 249 119 119 249 119 249 249 249 249 249 249 249 249 249 119 119 249 119 119 249 249 249 249 249 249 249 249 119 249 119 249 119 249 119 119 119 119 119 119 249 119 119 249 249 119 249 119 119 249 119 119 119 119 119 249 249 119 249 119 249 249 249 249 119 119 249 249 249 249 119 249 119 249 119 119 119 119 249 249 249 249 249 119 249 249 249 249 249 249 119 249 249 119 249 249 249 249 119 119 249 119 249 249 249 119 119 119 119 119 119 249 119 119 249 119 119 249 249 249 249 119 119 119 119 249 119 249 249 119 249 119 119 119 119 249 249 119 249 249 249 119 119 119 119 119 119 119 249 249 249 249 119 119 249 119 249 249 249 119 119 119 249 119 119 119 249 249 249 119 119 249 119 119 249 119 249 119 119 249 119 249 249 249 249 119 119 119 249 119 249 249 119 249 119 119 249 249 249 249 119 119 119 249 249 119 119 249 249 249 249 119 119 119 119 249 249 249 249 119 249 249 119 119 249 119 119 249 249 249 249 249 249 119 249 249 119 119 119 249 119 249 249 249 119 249 119 249 249 119 249 249 119 119 249 249 249 249 249 119 119 249 249 119 119 119 119 119 249 119 119 119 119 249 249 119 249 119 249 119 119 249 119 249 249 119 119 249 119 119 249 249 119 119 119 249 249 249 249 249 249 119 119 249 249 119 249 249 119 249 119 249 119 119 119 249 119 249 119 119 119 119 119 119 119 119 249 119 249 249 249 249 119 249 119 119 119 119 249 119 119 249 119 119 119 249 249 249 119 249 119 119 119 119 249 119 249 249 249 119 119 119 249 249 249 119 119 249 119 249 119 119 249 119 249 249 249 249 119 119 119 249 119 119 119 119 249 249 249 119 119 119 119 249 119 119 249 249 249 249 119 249 249 119 119 249 119 119 119 249 119 119 249 119 249 249 249 249 119 119 119 119 119 249 249 119 119 249 119 249 249 249 249 119 249 249 119 119 249 119 249 119 249 249 119 119 249 119 119 119 119 249 119 119 119 119 249 119 249 119 249 119 119 249 119 249 249 249 249 249 249 119 249 249 249 249 249 249 249 119 249 119 249 119 119 119 249 119 119 249 249 249 119 249 119 119 249 249 119 119 119 249 119 119 119 119 1 249 249 
c [Main] Lowest label SAT is set to 245.
c [Main] Kill higher label pid 246.
c [Main] Kill higher label pid 247.
c [Main] Kill higher label pid 248.
c [Main] Kill higher label pid 249.
c [Label = 247] Encoding starts with target value = 130:
c [Label = 247] Encoding duration: 2207ms.
c [Label = 247] Number of clauses: 1229228.
c [Label = 247] Number of variables: 268752.
c [Label = 247] Solving duration: 30 ms.
s [Label = 247] SAT (w = 130).
c [Label = 247] Label assignment: 117 117 247 247 247 117 117 117 117 117 247 117 117 247 117 117 117 247 247 247 117 247 247 117 247 247 117 117 117 247 247 247 247 247 117 117 247 117 247 117 117 247 117 247 247 247 247 247 247 247 247 247 117 117 247 117 117 247 247 247 247 247 247 247 247 117 247 117 247 117 247 117 117 117 117 117 117 247 117 117 247 247 117 247 117 117 247 117 117 117 117 117 247 247 117 247 117 247 247 247 247 117 117 247 247 247 247 117 247 117 247 117 117 117 117 247 247 247 247 247 117 247 247 247 247 247 247 117 247 247 117 247 247 247 247 117 117 247 117 247 247 247 117 117 117 117 117 117 247 117 117 247 117 117 247 247 247 247 117 117 117 117 247 117 247 247 117 247 117 117 117 117 247 247 117 247 247 247 117 117 117 117 117 117 117 247 247 247 247 117 117 247 117 247 247 247 117 117 117 247 117 117 117 247 247 247 117 117 247 117 117 247 117 247 117 117 247 117 247 247 247 247 117 117 117 247 117 247 247 117 247 117 117 247 247 247 247 117 117 117 247 247 117 117 247 247 247 247 117 117 117 117 247 247 247 247 117 247 247 117 117 247 117 117 247 247 247 247 247 247 117 247 247 117 117 117 247 117 247 247 247 117 247 117 247 247 117 247 247 117 117 247 247 247 247 247 117 117 247 247 117 117 117 117 117 247 117 117 117 117 247 247 117 247 117 247 117 117 247 117 247 247 117 117 247 117 117 247 247 117 117 117 247 247 247 247 247 247 117 117 247 247 117 247 247 117 247 117 247 117 117 117 247 117 247 117 117 117 117 117 117 117 117 247 117 247 247 247 247 117 247 117 117 117 117 247 117 117 247 117 117 117 247 247 247 117 247 117 117 117 117 247 117 247 247 247 117 117 117 247 247 247 117 117 247 117 247 117 117 247 117 247 247 247 247 117 117 117 247 117 117 117 117 247 247 247 117 117 117 117 247 117 117 247 247 247 247 117 247 247 117 117 247 117 117 117 247 117 117 247 117 247 247 247 247 117 117 117 117 117 247 247 117 117 247 117 247 247 247 247 117 247 247 117 117 247 117 247 117 247 247 117 117 247 117 117 117 117 247 117 117 117 117 247 117 247 117 247 117 117 247 117 247 247 247 247 247 247 117 247 247 247 247 247 247 247 117 247 117 247 117 117 117 247 117 117 247 247 247 117 247 117 117 247 247 117 117 117 247 117 117 117 117 1 247 247 
c [Signal] Signal interruption. Caught signal: SIGTERM (15).
c [Label = 241] Minimize Makespan Labeling problem (S-sherman4.mtx.rnd):
c [Main] Kill higher label pid 247.
c [Main] Kill higher label pid 248.
c [Main] Kill higher label pid 249.
c [Label = 240] Minimize Makespan Labeling problem (S-sherman4.mtx.rnd):
c [Main] Lowest label SAT is set to 242.
c [Main] Kill higher label pid 243.
c [Main] Kill higher label pid 247.
c [Main] Kill higher label pid 248.
c [Main] Kill higher label pid 249.
c [Main] Kill higher label pid 244.
c [Label = 243] Encoding starts with target value = 130:
c [Label = 243] Encoding duration: 2345ms.
c [Label = 243] Number of clauses: 1196850.
c [Label = 243] Number of variables: 264384.
c [Label = 243] Solving duration: 39 ms.
s [Label = 243] SAT (w = 130).
c [Label = 243] Label assignment: 113 113 243 243 243 113 113 113 113 113 243 113 113 243 113 113 113 243 243 243 113 243 243 113 243 243 113 113 113 243 243 243 243 243 113 113 243 113 243 113 113 243 113 243 243 243 243 243 243 243 243 243 113 113 243 113 113 243 243 243 243 243 243 243 243 113 243 113 243 113 243 113 113 113 113 113 113 243 113 113 243 243 113 243 113 113 243 113 113 113 113 113 243 243 113 243 113 243 243 243 243 113 113 243 243 243 243 113 243 113 243 113 113 113 113 243 243 243 243 243 113 243 243 243 243 243 243 113 243 243 113 243 243 243 243 113 113 243 113 243 243 243 113 113 113 113 113 113 243 113 113 243 113 113 243 243 243 243 113 113 113 113 243 113 243 243 113 243 113 113 113 113 243 243 113 243 243 243 113 113 113 113 113 113 113 243 243 243 243 113 113 243 113 243 243 243 113 113 113 243 113 113 113 243 243 243 113 113 243 113 113 243 113 243 113 113 243 113 243 243 243 243 113 113 113 243 113 243 243 113 243 113 113 243 243 243 243 113 113 113 243 243 113 113 243 243 243 243 113 113 113 113 243 243 243 243 113 243 243 113 113 243 113 113 243 243 243 243 243 243 113 243 243 113 113 113 243 113 243 243 243 113 243 113 243 243 113 243 243 113 113 243 243 243 243 243 113 113 243 243 113 113 113 113 113 243 113 113 113 113 243 243 113 243 113 243 113 113 243 113 243 243 113 113 243 113 113 243 243 113 113 113 243 243 243 243 243 243 113 113 243 243 113 243 243 113 243 113 243 113 113 113 243 113 243 113 113 113 113 113 113 113 113 243 113 243 243 243 243 113 243 113 113 113 113 243 113 113 243 113 113 113 243 243 243 113 243 113 113 113 113 243 113 243 243 243 113 113 113 243 243 243 113 113 243 113 243 113 113 243 113 243 243 243 243 113 113 113 243 113 113 113 113 243 243 243 113 113 113 113 243 113 113 243 243 243 243 113 243 243 113 113 243 113 113 113 243 113 113 243 113 243 243 243 243 113 113 113 113 113 243 243 113 113 243 113 243 243 243 243 113 243 243 113 113 243 113 243 113 243 243 113 113 243 113 113 113 113 243 113 113 113 113 243 113 243 113 243 113 113 243 113 243 243 243 243 243 243 113 243 243 243 243 243 243 243 113 243 113 243 113 113 113 243 113 113 243 243 243 113 243 113 113 243 243 113 113 113 243 113 113 113 113 1 243 243 
c [Signal] Signal interruption. Caught signal: SIGTERM (15).
c [Label = 244] Encoding starts with target value = 130:
c [Label = 244] Encoding duration: 2401ms.
c [Label = 244] Number of clauses: 1204945.
c [Label = 244] Number of variables: 265476.
c [Label = 244] Solving duration: 33 ms.
s [Label = 244] SAT (w = 130).
c [Label = 244] Label assignment: 114 114 244 244 244 114 114 114 114 114 244 114 114 244 114 114 114 244 244 244 114 244 244 114 244 244 114 114 114 244 244 244 244 244 114 114 244 114 244 114 114 244 114 244 244 244 244 244 244 244 244 244 114 114 244 114 114 244 244 244 244 244 244 244 244 114 244 114 244 114 244 114 114 114 114 114 114 244 114 114 244 244 114 244 114 114 244 114 114 114 114 114 244 244 114 244 114 244 244 244 244 114 114 244 244 244 244 114 244 114 244 114 114 114 114 244 244 244 244 244 114 244 244 244 244 244 244 114 244 244 114 244 244 244 244 114 114 244 114 244 244 244 114 114 114 114 114 114 244 114 114 244 114 114 244 244 244 244 114 114 114 114 244 114 244 244 114 244 114 114 114 114 244 244 114 244 244 244 114 114 114 114 114 114 114 244 244 244 244 114 114 244 114 244 244 244 114 114 114 244 114 114 114 244 244 244 114 114 244 114 114 244 114 244 114 114 244 114 244 244 244 244 114 114 114 244 114 244 244 114 244 114 114 244 244 244 244 114 114 114 244 244 114 114 244 244 244 244 114 114 114 114 244 244 244 244 114 244 244 114 114 244 114 114 244 244 244 244 244 244 114 244 244 114 114 114 244 114 244 244 244 114 244 114 244 244 114 244 244 114 114 244 244 244 244 244 114 114 244 244 114 114 114 114 114 244 114 114 114 114 244 244 114 244 114 244 114 114 244 114 244 244 114 114 244 114 114 244 244 114 114 114 244 244 244 244 244 244 114 114 244 244 114 244 244 114 244 114 244 114 114 114 244 114 244 114 114 114 114 114 114 114 114 244 114 244 244 244 244 114 244 114 114 114 114 244 114 114 244 114 114 114 244 244 244 114 244 114 114 114 114 244 114 244 244 244 114 114 114 244 244 244 114 114 244 114 244 114 114 244 114 244 244 244 244 114 114 114 244 114 114 114 114 244 244 244 114 114 114 114 244 114 114 244 244 244 244 114 244 244 114 114 244 114 114 114 244 114 114 244 114 244 244 244 244 114 114 114 114 114 244 244 114 114 244 114 244 244 244 244 114 244 244 114 114 244 114 244 114 244 244 114 114 244 114 114 114 114 244 114 114 114 114 244 114 244 114 244 114 114 244 114 244 244 244 244 244 244 114 244 244 244 244 244 244 244 114 244 114 244 114 114 114 244 114 114 244 244 244 114 244 114 114 244 244 114 114 114 244 114 114 114 114 1 244 244 
c [Signal] Signal interruption. Caught signal: SIGTERM (15).
c [Label = 239] Minimize Makespan Labeling problem (S-sherman4.mtx.rnd):
c [Main] Kill higher label pid 249.
c [Label = 238] Minimize Makespan Labeling problem (S-sherman4.mtx.rnd):
c [Label = 237] Minimize Makespan Labeling problem (S-sherman4.mtx.rnd):
c [Main] Child pid 247 - 54178 terminated by signal 15.
c [Label = 236] Minimize Makespan Labeling problem (S-sherman4.mtx.rnd):
c [Main] Child pid 243 - 54182 terminated by signal 15.
c [Main] Child pid 244 - 54181 terminated by signal 15.
c [Label = 234] Minimize Makespan Labeling problem (S-sherman4.mtx.rnd):
c [Label = 235] Minimize Makespan Labeling problem (S-sherman4.mtx.rnd):
c [Label = 236] Encoding starts with target value = 130:
c [Label = 236] Encoding duration: 1999ms.
c [Label = 236] Number of clauses: 1140189.
c [Label = 236] Number of variables: 256740.
c [Label = 236] Solving duration: 27 ms.
s [Label = 236] SAT (w = 130).
c [Label = 236] Label assignment: 106 106 236 236 236 106 106 106 106 106 236 106 106 236 106 106 106 236 236 236 106 236 236 106 236 236 106 106 106 236 236 236 236 236 106 106 236 106 236 106 106 236 106 236 236 236 236 236 236 236 236 236 106 106 236 106 106 236 236 236 236 236 236 236 236 106 236 106 236 106 236 106 106 106 106 106 106 236 106 106 236 236 106 236 106 106 236 106 106 106 106 106 236 236 106 236 106 236 236 236 236 106 106 236 236 236 236 106 236 106 236 106 106 106 106 236 236 236 236 236 106 236 236 236 236 236 236 106 236 236 106 236 236 236 236 106 106 236 106 236 236 236 106 106 106 106 106 106 236 106 106 236 106 106 236 236 236 236 106 106 106 106 236 106 236 236 106 236 106 106 106 106 236 236 106 236 236 236 106 106 106 106 106 106 106 236 236 236 236 106 106 236 106 236 236 236 106 106 106 236 106 106 106 236 236 236 106 106 236 106 106 236 106 236 106 106 236 106 236 236 236 236 106 106 106 236 106 236 236 106 236 106 106 236 236 236 236 106 106 106 236 236 106 106 236 236 236 236 106 106 106 106 236 236 236 236 106 236 236 106 106 236 106 106 236 236 236 236 236 236 106 236 236 106 106 106 236 106 236 236 236 106 236 106 236 236 106 236 236 106 106 236 236 236 236 236 106 106 236 236 106 106 106 106 106 236 106 106 106 106 236 236 106 236 106 236 106 106 236 106 236 236 106 106 236 106 106 236 236 106 106 106 236 236 236 236 236 236 106 106 236 236 106 236 236 106 236 106 236 106 106 106 236 106 236 106 106 106 106 106 106 106 106 236 106 236 236 236 236 106 236 106 106 106 106 236 106 106 236 106 106 106 236 236 236 106 236 106 106 106 106 236 106 236 236 236 106 106 106 236 236 236 106 106 236 106 236 106 106 236 106 236 236 236 236 106 106 106 236 106 106 106 106 236 236 236 106 106 106 106 236 106 106 236 236 236 236 106 236 236 106 106 236 106 106 106 236 106 106 236 106 236 236 236 236 106 106 106 106 106 236 236 106 106 236 106 236 236 236 236 106 236 236 106 106 236 106 236 106 236 236 106 106 236 106 106 106 106 236 106 106 106 106 236 106 236 106 236 106 106 236 106 236 236 236 236 236 236 106 236 236 236 236 236 236 236 106 236 106 236 106 106 106 236 106 106 236 236 236 106 236 106 106 236 236 106 106 106 236 106 106 106 106 1 236 236 
c [Label = 237] Encoding starts with target value = 130:
c [Label = 237] Encoding duration: 2007ms.
c [Label = 237] Number of clauses: 1148283.
c [Label = 237] Number of variables: 257832.
c [Label = 237] Solving duration: 26 ms.
s [Label = 237] SAT (w = 130).
c [Label = 237] Label assignment: 107 107 237 237 237 107 107 107 107 107 237 107 107 237 107 107 107 237 237 237 107 237 237 107 237 237 107 107 107 237 237 237 237 237 107 107 237 107 237 107 107 237 107 237 237 237 237 237 237 237 237 237 107 107 237 107 107 237 237 237 237 237 237 237 237 107 237 107 237 107 237 107 107 107 107 107 107 237 107 107 237 237 107 237 107 107 237 107 107 107 107 107 237 237 107 237 107 237 237 237 237 107 107 237 237 237 237 107 237 107 237 107 107 107 107 237 237 237 237 237 107 237 237 237 237 237 237 107 237 237 107 237 237 237 237 107 107 237 107 237 237 237 107 107 107 107 107 107 237 107 107 237 107 107 237 237 237 237 107 107 107 107 237 107 237 237 107 237 107 107 107 107 237 237 107 237 237 237 107 107 107 107 107 107 107 237 237 237 237 107 107 237 107 237 237 237 107 107 107 237 107 107 107 237 237 237 107 107 237 107 107 237 107 237 107 107 237 107 237 237 237 237 107 107 107 237 107 237 237 107 237 107 107 237 237 237 237 107 107 107 237 237 107 107 237 237 237 237 107 107 107 107 237 237 237 237 107 237 237 107 107 237 107 107 237 237 237 237 237 237 107 237 237 107 107 107 237 107 237 237 237 107 237 107 237 237 107 237 237 107 107 237 237 237 237 237 107 107 237 237 107 107 107 107 107 237 107 107 107 107 237 237 107 237 107 237 107 107 237 107 237 237 107 107 237 107 107 237 237 107 107 107 237 237 237 237 237 237 107 107 237 237 107 237 237 107 237 107 237 107 107 107 237 107 237 107 107 107 107 107 107 107 107 237 107 237 237 237 237 107 237 107 107 107 107 237 107 107 237 107 107 107 237 237 237 107 237 107 107 107 107 237 107 237 237 237 107 107 107 237 237 237 107 107 237 107 237 107 107 237 107 237 237 237 237 107 107 107 237 107 107 107 107 237 237 237 107 107 107 107 237 107 107 237 237 237 237 107 237 237 107 107 237 107 107 107 237 107 107 237 107 237 237 237 237 107 107 107 107 107 237 237 107 107 237 107 237 237 237 237 107 237 237 107 107 237 107 237 107 237 237 107 107 237 107 107 107 107 237 107 107 107 107 237 107 237 107 237 107 107 237 107 237 237 237 237 237 237 107 237 237 237 237 237 237 237 107 237 107 237 107 107 107 237 107 107 237 237 237 107 237 107 107 237 237 107 107 107 237 107 107 107 107 1 237 237 
c [Label = 234] Encoding starts with target value = 130:
c [Label = 234] Encoding duration: 1995ms.
c [Label = 234] Number of clauses: 1124000.
c [Label = 234] Number of variables: 254556.
c [Label = 234] Solving duration: 28 ms.
s [Label = 234] SAT (w = 130).
c [Label = 234] Label assignment: 104 104 234 234 234 104 104 104 104 104 234 104 104 234 104 104 104 234 234 234 104 234 234 104 234 234 104 104 104 234 234 234 234 234 104 104 234 104 234 104 104 234 104 234 234 234 234 234 234 234 234 234 104 104 234 104 104 234 234 234 234 234 234 234 234 104 234 104 234 104 234 104 104 104 104 104 104 234 104 104 234 234 104 234 104 104 234 104 104 104 104 104 234 234 104 234 104 234 234 234 234 104 104 234 234 234 234 104 234 104 234 104 104 104 104 234 234 234 234 234 104 234 234 234 234 234 234 104 234 234 104 234 234 234 234 104 104 234 104 234 234 234 104 104 104 104 104 104 234 104 104 234 104 104 234 234 234 234 104 104 104 104 234 104 234 234 104 234 104 104 104 104 234 234 104 234 234 234 104 104 104 104 104 104 104 234 234 234 234 104 104 234 104 234 234 234 104 104 104 234 104 104 104 234 234 234 104 104 234 104 104 234 104 234 104 104 234 104 234 234 234 234 104 104 104 234 104 234 234 104 234 104 104 234 234 234 234 104 104 104 234 234 104 104 234 234 234 234 104 104 104 104 234 234 234 234 104 234 234 104 104 234 104 104 234 234 234 234 234 234 104 234 234 104 104 104 234 104 234 234 234 104 234 104 234 234 104 234 234 104 104 234 234 234 234 234 104 104 234 234 104 104 104 104 104 234 104 104 104 104 234 234 104 234 104 234 104 104 234 104 234 234 104 104 234 104 104 234 234 104 104 104 234 234 234 234 234 234 104 104 234 234 104 234 234 104 234 104 234 104 104 104 234 104 234 104 104 104 104 104 104 104 104 234 104 234 234 234 234 104 234 104 104 104 104 234 104 104 234 104 104 104 234 234 234 104 234 104 104 104 104 234 104 234 234 234 104 104 104 234 234 234 104 104 234 104 234 104 104 234 104 234 234 234 234 104 104 104 234 104 104 104 104 234 234 234 104 104 104 104 234 104 104 234 234 234 234 104 234 234 104 104 234 104 104 104 234 104 104 234 104 234 234 234 234 104 104 104 104 104 234 234 104 104 234 104 234 234 234 234 104 234 234 104 104 234 104 234 104 234 234 104 104 234 104 104 104 104 234 104 104 104 104 234 104 234 104 234 104 104 234 104 234 234 234 234 234 234 104 234 234 234 234 234 234 234 104 234 104 234 104 104 104 234 104 104 234 234 234 104 234 104 104 234 234 104 104 104 234 104 104 104 104 1 234 234 
c [Label = 235] Encoding starts with target value = 130:
c [Label = 235] Encoding duration: 2006ms.
c [Label = 235] Number of clauses: 1132094.
c [Label = 235] Number of variables: 255648.
c [Label = 235] Solving duration: 24 ms.
s [Label = 235] SAT (w = 130).
c [Label = 235] Label assignment: 105 105 235 235 235 105 105 105 105 105 235 105 105 235 105 105 105 235 235 235 105 235 235 105 235 235 105 105 105 235 235 235 235 235 105 105 235 105 235 105 105 235 105 235 235 235 235 235 235 235 235 235 105 105 235 105 105 235 235 235 235 235 235 235 235 105 235 105 235 105 235 105 105 105 105 105 105 235 105 105 235 235 105 235 105 105 235 105 105 105 105 105 235 235 105 235 105 235 235 235 235 105 105 235 235 235 235 105 235 105 235 105 105 105 105 235 235 235 235 235 105 235 235 235 235 235 235 105 235 235 105 235 235 235 235 105 105 235 105 235 235 235 105 105 105 105 105 105 235 105 105 235 105 105 235 235 235 235 105 105 105 105 235 105 235 235 105 235 105 105 105 105 235 235 105 235 235 235 105 105 105 105 105 105 105 235 235 235 235 105 105 235 105 235 235 235 105 105 105 235 105 105 105 235 235 235 105 105 235 105 105 235 105 235 105 105 235 105 235 235 235 235 105 105 105 235 105 235 235 105 235 105 105 235 235 235 235 105 105 105 235 235 105 105 235 235 235 235 105 105 105 105 235 235 235 235 105 235 235 105 105 235 105 105 235 235 235 235 235 235 105 235 235 105 105 105 235 105 235 235 235 105 235 105 235 235 105 235 235 105 105 235 235 235 235 235 105 105 235 235 105 105 105 105 105 235 105 105 105 105 235 235 105 235 105 235 105 105 235 105 235 235 105 105 235 105 105 235 235 105 105 105 235 235 235 235 235 235 105 105 235 235 105 235 235 105 235 105 235 105 105 105 235 105 235 105 105 105 105 105 105 105 105 235 105 235 235 235 235 105 235 105 105 105 105 235 105 105 235 105 105 105 235 235 235 105 235 105 105 105 105 235 105 235 235 235 105 105 105 235 235 235 105 105 235 105 235 105 105 235 105 235 235 235 235 105 105 105 235 105 105 105 105 235 235 235 105 105 105 105 235 105 105 235 235 235 235 105 235 235 105 105 235 105 105 105 235 105 105 235 105 235 235 235 235 105 105 105 105 105 235 235 105 105 235 105 235 235 235 235 105 235 235 105 105 235 105 235 105 235 235 105 105 235 105 105 105 105 235 105 105 105 105 235 105 235 105 235 105 105 235 105 235 235 235 235 235 235 105 235 235 235 235 235 235 235 105 235 105 235 105 105 105 235 105 105 235 235 235 105 235 105 105 235 235 105 105 105 235 105 105 105 105 1 235 235 
c [Main] Lowest label SAT is set to 236.
c [Main] Kill higher label pid 237.
c [Main] Kill higher label pid 238.
c [Main] Kill higher label pid 239.
c [Main] Kill higher label pid 240.
c [Main] Kill higher label pid 241.
c [Label = 238] Encoding starts with target value = 130:
c [Label = 238] Encoding duration: 2063ms.
c [Label = 238] Number of clauses: 1156378.
c [Label = 238] Number of variables: 258924.
c [Label = 238] Solving duration: 26 ms.
s [Label = 238] SAT (w = 130).
c [Label = 238] Label assignment: 108 108 238 238 238 108 108 108 108 108 238 108 108 238 108 108 108 238 238 238 108 238 238 108 238 238 108 108 108 238 238 238 238 238 108 108 238 108 238 108 108 238 108 238 238 238 238 238 238 238 238 238 108 108 238 108 108 238 238 238 238 238 238 238 238 108 238 108 238 108 238 108 108 108 108 108 108 238 108 108 238 238 108 238 108 108 238 108 108 108 108 108 238 238 108 238 108 238 238 238 238 108 108 238 238 238 238 108 238 108 238 108 108 108 108 238 238 238 238 238 108 238 238 238 238 238 238 108 238 238 108 238 238 238 238 108 108 238 108 238 238 238 108 108 108 108 108 108 238 108 108 238 108 108 238 238 238 238 108 108 108 108 238 108 238 238 108 238 108 108 108 108 238 238 108 238 238 238 108 108 108 108 108 108 108 238 238 238 238 108 108 238 108 238 238 238 108 108 108 238 108 108 108 238 238 238 108 108 238 108 108 238 108 238 108 108 238 108 238 238 238 238 108 108 108 238 108 238 238 108 238 108 108 238 238 238 238 108 108 108 238 238 108 108 238 238 238 238 108 108 108 108 238 238 238 238 108 238 238 108 108 238 108 108 238 238 238 238 238 238 108 238 238 108 108 108 238 108 238 238 238 108 238 108 238 238 108 238 238 108 108 238 238 238 238 238 108 108 238 238 108 108 108 108 108 238 108 108 108 108 238 238 108 238 108 238 108 108 238 108 238 238 108 108 238 108 108 238 238 108 108 108 238 238 238 238 238 238 108 108 238 238 108 238 238 108 238 108 238 108 108 108 238 108 238 108 108 108 108 108 108 108 108 238 108 238 238 238 238 108 238 108 108 108 108 238 108 108 238 108 108 108 238 238 238 108 238 108 108 108 108 238 108 238 238 238 108 108 108 238 238 238 108 108 238 108 238 108 108 238 108 238 238 238 238 108 108 108 238 108 108 108 108 238 238 238 108 108 108 108 238 108 108 238 238 238 238 108 238 238 108 108 238 108 108 108 238 108 108 238 108 238 238 238 238 108 108 108 108 108 238 238 108 108 238 108 238 238 238 238 108 238 238 108 108 238 108 238 108 238 238 108 108 238 108 108 108 108 238 108 108 108 108 238 108 238 108 238 108 108 238 108 238 238 238 238 238 238 108 238 238 238 238 238 238 238 108 238 108 238 108 108 108 238 108 108 238 238 238 108 238 108 108 238 238 108 108 108 238 108 108 108 108 1 238 238 
c [Signal] Signal interruption. Caught signal: SIGTERM (15).
c [Label = 239] Encoding starts with target value = 130:
c [Label = 239] Encoding duration: 2062ms.
c [Label = 239] Number of clauses: 1164472.
c [Label = 239] Number of variables: 260016.
c [Label = 239] Solving duration: 30 ms.
s [Label = 239] SAT (w = 130).
c [Label = 239] Label assignment: 109 109 239 239 239 109 109 109 109 109 239 109 109 239 109 109 109 239 239 239 109 239 239 109 239 239 109 109 109 239 239 239 239 239 109 109 239 109 239 109 109 239 109 239 239 239 239 239 239 239 239 239 109 109 239 109 109 239 239 239 239 239 239 239 239 109 239 109 239 109 239 109 109 109 109 109 109 239 109 109 239 239 109 239 109 109 239 109 109 109 109 109 239 239 109 239 109 239 239 239 239 109 109 239 239 239 239 109 239 109 239 109 109 109 109 239 239 239 239 239 109 239 239 239 239 239 239 109 239 239 109 239 239 239 239 109 109 239 109 239 239 239 109 109 109 109 109 109 239 109 109 239 109 109 239 239 239 239 109 109 109 109 239 109 239 239 109 239 109 109 109 109 239 239 109 239 239 239 109 109 109 109 109 109 109 239 239 239 239 109 109 239 109 239 239 239 109 109 109 239 109 109 109 239 239 239 109 109 239 109 109 239 109 239 109 109 239 109 239 239 239 239 109 109 109 239 109 239 239 109 239 109 109 239 239 239 239 109 109 109 239 239 109 109 239 239 239 239 109 109 109 109 239 239 239 239 109 239 239 109 109 239 109 109 239 239 239 239 239 239 109 239 239 109 109 109 239 109 239 239 239 109 239 109 239 239 109 239 239 109 109 239 239 239 239 239 109 109 239 239 109 109 109 109 109 239 109 109 109 109 239 239 109 239 109 239 109 109 239 109 239 239 109 109 239 109 109 239 239 109 109 109 239 239 239 239 239 239 109 109 239 239 109 239 239 109 239 109 239 109 109 109 239 109 239 109 109 109 109 109 109 109 109 239 109 239 239 239 239 109 239 109 109 109 109 239 109 109 239 109 109 109 239 239 239 109 239 109 109 109 109 239 109 239 239 239 109 109 109 239 239 239 109 109 239 109 239 109 109 239 109 239 239 239 239 109 109 109 239 109 109 109 109 239 239 239 109 109 109 109 239 109 109 239 239 239 239 109 239 239 109 109 239 109 109 109 239 109 109 239 109 239 239 239 239 109 109 109 109 109 239 239 109 109 239 109 239 239 239 239 109 239 239 109 109 239 109 239 109 239 239 109 109 239 109 109 109 109 239 109 109 109 109 239 109 239 109 239 109 109 239 109 239 239 239 239 239 239 109 239 239 239 239 239 239 239 109 239 109 239 109 109 109 239 109 109 239 239 239 109 239 109 109 239 239 109 109 109 239 109 109 109 109 1 239 239 
c [Signal] Signal interruption. Caught signal: SIGTERM (15).
c [Label = 240] Encoding starts with target value = 130:
c [Label = 240] Encoding duration: 2085ms.
c [Label = 240] Number of clauses: 1172567.
c [Label = 240] Number of variables: 261108.
c [Label = 240] Solving duration: 31 ms.
s [Label = 240] SAT (w = 130).
c [Label = 240] Label assignment: 110 110 240 240 240 110 110 110 110 110 240 110 110 240 110 110 110 240 240 240 110 240 240 110 240 240 110 110 110 240 240 240 240 240 110 110 240 110 240 110 110 240 110 240 240 240 240 240 240 240 240 240 110 110 240 110 110 240 240 240 240 240 240 240 240 110 240 110 240 110 240 110 110 110 110 110 110 240 110 110 240 240 110 240 110 110 240 110 110 110 110 110 240 240 110 240 110 240 240 240 240 110 110 240 240 240 240 110 240 110 240 110 110 110 110 240 240 240 240 240 110 240 240 240 240 240 240 110 240 240 110 240 240 240 240 110 110 240 110 240 240 240 110 110 110 110 110 110 240 110 110 240 110 110 240 240 240 240 110 110 110 110 240 110 240 240 110 240 110 110 110 110 240 240 110 240 240 240 110 110 110 110 110 110 110 240 240 240 240 110 110 240 110 240 240 240 110 110 110 240 110 110 110 240 240 240 110 110 240 110 110 240 110 240 110 110 240 110 240 240 240 240 110 110 110 240 110 240 240 110 240 110 110 240 240 240 240 110 110 110 240 240 110 110 240 240 240 240 110 110 110 110 240 240 240 240 110 240 240 110 110 240 110 110 240 240 240 240 240 240 110 240 240 110 110 110 240 110 240 240 240 110 240 110 240 240 110 240 240 110 110 240 240 240 240 240 110 110 240 240 110 110 110 110 110 240 110 110 110 110 240 240 110 240 110 240 110 110 240 110 240 240 110 110 240 110 110 240 240 110 110 110 240 240 240 240 240 240 110 110 240 240 110 240 240 110 240 110 240 110 110 110 240 110 240 110 110 110 110 110 110 110 110 240 110 240 240 240 240 110 240 110 110 110 110 240 110 110 240 110 110 110 240 240 240 110 240 110 110 110 110 240 110 240 240 240 110 110 110 240 240 240 110 110 240 110 240 110 110 240 110 240 240 240 240 110 110 110 240 110 110 110 110 240 240 240 110 110 110 110 240 110 110 240 240 240 240 110 240 240 110 110 240 110 110 110 240 110 110 240 110 240 240 240 240 110 110 110 110 110 240 240 110 110 240 110 240 240 240 240 110 240 240 110 110 240 110 240 110 240 240 110 110 240 110 110 110 110 240 110 110 110 110 240 110 240 110 240 110 110 240 110 240 240 240 240 240 240 110 240 240 240 240 240 240 240 110 240 110 240 110 110 110 240 110 110 240 240 240 110 240 110 110 240 240 110 110 110 240 110 110 110 110 1 240 240 
c [Signal] Signal interruption. Caught signal: SIGTERM (15).
c [Label = 241] Encoding starts with target value = 130:
c [Label = 241] Encoding duration: 2129ms.
c [Label = 241] Number of clauses: 1180661.
c [Label = 241] Number of variables: 262200.
c [Label = 241] Solving duration: 28 ms.
s [Label = 241] SAT (w = 130).
c [Label = 241] Label assignment: 111 111 241 241 241 111 111 111 111 111 241 111 111 241 111 111 111 241 241 241 111 241 241 111 241 241 111 111 111 241 241 241 241 241 111 111 241 111 241 111 111 241 111 241 241 241 241 241 241 241 241 241 111 111 241 111 111 241 241 241 241 241 241 241 241 111 241 111 241 111 241 111 111 111 111 111 111 241 111 111 241 241 111 241 111 111 241 111 111 111 111 111 241 241 111 241 111 241 241 241 241 111 111 241 241 241 241 111 241 111 241 111 111 111 111 241 241 241 241 241 111 241 241 241 241 241 241 111 241 241 111 241 241 241 241 111 111 241 111 241 241 241 111 111 111 111 111 111 241 111 111 241 111 111 241 241 241 241 111 111 111 111 241 111 241 241 111 241 111 111 111 111 241 241 111 241 241 241 111 111 111 111 111 111 111 241 241 241 241 111 111 241 111 241 241 241 111 111 111 241 111 111 111 241 241 241 111 111 241 111 111 241 111 241 111 111 241 111 241 241 241 241 111 111 111 241 111 241 241 111 241 111 111 241 241 241 241 111 111 111 241 241 111 111 241 241 241 241 111 111 111 111 241 241 241 241 111 241 241 111 111 241 111 111 241 241 241 241 241 241 111 241 241 111 111 111 241 111 241 241 241 111 241 111 241 241 111 241 241 111 111 241 241 241 241 241 111 111 241 241 111 111 111 111 111 241 111 111 111 111 241 241 111 241 111 241 111 111 241 111 241 241 111 111 241 111 111 241 241 111 111 111 241 241 241 241 241 241 111 111 241 241 111 241 241 111 241 111 241 111 111 111 241 111 241 111 111 111 111 111 111 111 111 241 111 241 241 241 241 111 241 111 111 111 111 241 111 111 241 111 111 111 241 241 241 111 241 111 111 111 111 241 111 241 241 241 111 111 111 241 241 241 111 111 241 111 241 111 111 241 111 241 241 241 241 111 111 111 241 111 111 111 111 241 241 241 111 111 111 111 241 111 111 241 241 241 241 111 241 241 111 111 241 111 111 111 241 111 111 241 111 241 241 241 241 111 111 111 111 111 241 241 111 111 241 111 241 241 241 241 111 241 241 111 111 241 111 241 111 241 241 111 111 241 111 111 111 111 241 111 111 111 111 241 111 241 111 241 111 111 241 111 241 241 241 241 241 241 111 241 241 241 241 241 241 241 111 241 111 241 111 111 111 241 111 111 241 241 241 111 241 111 111 241 241 111 111 111 241 111 111 111 111 1 241 241 
c [Signal] Signal interruption. Caught signal: SIGTERM (15).
c [Label = 233] Minimize Makespan Labeling problem (S-sherman4.mtx.rnd):
c [Main] Kill higher label pid 238.
c [Main] Kill higher label pid 239.
c [Main] Kill higher label pid 240.
c [Main] Kill higher label pid 241.
c [Label = 232] Minimize Makespan Labeling problem (S-sherman4.mtx.rnd):
c [Main] Lowest label SAT is set to 234.
c [Main] Kill higher label pid 235.
c [Main] Kill higher label pid 238.
c [Main] Kill higher label pid 239.
c [Main] Kill higher label pid 240.
c [Main] Kill higher label pid 241.
c [Label = 231] Minimize Makespan Labeling problem (S-sherman4.mtx.rnd):
c [Main] Kill higher label pid 238.
c [Main] Kill higher label pid 239.
c [Main] Kill higher label pid 240.
c [Main] Kill higher label pid 241.
c [Label = 230] Minimize Makespan Labeling problem (S-sherman4.mtx.rnd):
c [Main] Child pid 238 - 54190 terminated by signal 15.
c [Main] Child pid 241 - 54187 terminated by signal 15.
c [Main] Child pid 240 - 54188 terminated by signal 15.
c [Label = 229] Minimize Makespan Labeling problem (S-sherman4.mtx.rnd):
c [Label = 228] Minimize Makespan Labeling problem (S-sherman4.mtx.rnd):
c [Main] Child pid 239 - 54189 terminated by signal 15.
c [Label = 227] Minimize Makespan Labeling problem (S-sherman4.mtx.rnd):
c [Label = 226] Minimize Makespan Labeling problem (S-sherman4.mtx.rnd):
c [Label = 226] Encoding starts with target value = 130:
c [Label = 226] Encoding duration: 1876ms.
c [Label = 226] Number of clauses: 1059244.
c [Label = 226] Number of variables: 245820.
c [Label = 226] Solving duration: 27 ms.
s [Label = 226] SAT (w = 130).
c [Label = 226] Label assignment: 96 96 226 226 226 96 96 96 96 96 226 96 96 226 96 96 96 226 226 226 96 226 226 96 226 226 96 96 96 226 226 226 226 226 96 96 226 96 226 96 96 226 96 226 226 226 226 226 226 226 226 226 96 96 226 96 96 226 226 226 226 226 226 226 226 96 226 96 226 96 226 96 96 96 96 96 96 226 96 96 226 226 96 226 96 96 226 96 96 96 96 96 226 226 96 226 96 226 226 226 226 96 96 226 226 226 226 96 226 96 226 96 96 96 96 226 226 226 226 226 96 226 226 226 226 226 226 96 226 226 96 226 226 226 226 96 96 226 96 226 226 226 96 96 96 96 96 96 226 96 96 226 96 96 226 226 226 226 96 96 96 96 226 96 226 226 96 226 96 96 96 96 226 226 96 226 226 226 96 96 96 96 96 96 96 226 226 226 226 96 96 226 96 226 226 226 96 96 96 226 96 96 96 226 226 226 96 96 226 96 96 226 96 226 96 96 226 96 226 226 226 226 96 96 96 226 96 226 226 96 226 96 96 226 226 226 226 96 96 96 226 226 96 96 226 226 226 226 96 96 96 96 226 226 226 226 96 226 226 96 96 226 96 96 226 226 226 226 226 226 96 226 226 96 96 96 226 96 226 226 226 96 226 96 226 226 96 226 226 96 96 226 226 226 226 226 96 96 226 226 96 96 96 96 96 226 96 96 96 96 226 226 96 226 96 226 96 96 226 96 226 226 96 96 226 96 96 226 226 96 96 96 226 226 226 226 226 226 96 96 226 226 96 226 226 96 226 96 226 96 96 96 226 96 226 96 96 96 96 96 96 96 96 226 96 226 226 226 226 96 226 96 96 96 96 226 96 96 226 96 96 96 226 226 226 96 226 96 96 96 96 226 96 226 226 226 96 96 96 226 226 226 96 96 226 96 226 96 96 226 96 226 226 226 226 96 96 96 226 96 96 96 96 226 226 226 96 96 96 96 226 96 96 226 226 226 226 96 226 226 96 96 226 96 96 96 226 96 96 226 96 226 226 226 226 96 96 96 96 96 226 226 96 96 226 96 226 226 226 226 96 226 226 96 96 226 96 226 96 226 226 96 96 226 96 96 96 96 226 96 96 96 96 226 96 226 96 226 96 96 226 96 226 226 226 226 226 226 96 226 226 226 226 226 226 226 96 226 96 226 96 96 96 226 96 96 226 226 226 96 226 96 96 226 226 96 96 96 226 96 96 96 96 1 226 226 
c [Label = 229] Encoding starts with target value = 130:
c [Label = 229] Encoding duration: 1902ms.
c [Label = 229] Number of clauses: 1083527.
c [Label = 229] Number of variables: 249096.
c [Label = 229] Solving duration: 23 ms.
s [Label = 229] SAT (w = 130).
c [Label = 229] Label assignment: 99 99 229 229 229 99 99 99 99 99 229 99 99 229 99 99 99 229 229 229 99 229 229 99 229 229 99 99 99 229 229 229 229 229 99 99 229 99 229 99 99 229 99 229 229 229 229 229 229 229 229 229 99 99 229 99 99 229 229 229 229 229 229 229 229 99 229 99 229 99 229 99 99 99 99 99 99 229 99 99 229 229 99 229 99 99 229 99 99 99 99 99 229 229 99 229 99 229 229 229 229 99 99 229 229 229 229 99 229 99 229 99 99 99 99 229 229 229 229 229 99 229 229 229 229 229 229 99 229 229 99 229 229 229 229 99 99 229 99 229 229 229 99 99 99 99 99 99 229 99 99 229 99 99 229 229 229 229 99 99 99 99 229 99 229 229 99 229 99 99 99 99 229 229 99 229 229 229 99 99 99 99 99 99 99 229 229 229 229 99 99 229 99 229 229 229 99 99 99 229 99 99 99 229 229 229 99 99 229 99 99 229 99 229 99 99 229 99 229 229 229 229 99 99 99 229 99 229 229 99 229 99 99 229 229 229 229 99 99 99 229 229 99 99 229 229 229 229 99 99 99 99 229 229 229 229 99 229 229 99 99 229 99 99 229 229 229 229 229 229 99 229 229 99 99 99 229 99 229 229 229 99 229 99 229 229 99 229 229 99 99 229 229 229 229 229 99 99 229 229 99 99 99 99 99 229 99 99 99 99 229 229 99 229 99 229 99 99 229 99 229 229 99 99 229 99 99 229 229 99 99 99 229 229 229 229 229 229 99 99 229 229 99 229 229 99 229 99 229 99 99 99 229 99 229 99 99 99 99 99 99 99 99 229 99 229 229 229 229 99 229 99 99 99 99 229 99 99 229 99 99 99 229 229 229 99 229 99 99 99 99 229 99 229 229 229 99 99 99 229 229 229 99 99 229 99 229 99 99 229 99 229 229 229 229 99 99 99 229 99 99 99 99 229 229 229 99 99 99 99 229 99 99 229 229 229 229 99 229 229 99 99 229 99 99 99 229 99 99 229 99 229 229 229 229 99 99 99 99 99 229 229 99 99 229 99 229 229 229 229 99 229 229 99 99 229 99 229 99 229 229 99 99 229 99 99 99 99 229 99 99 99 99 229 99 229 99 229 99 99 229 99 229 229 229 229 229 229 99 229 229 229 229 229 229 229 99 229 99 229 99 99 99 229 99 99 229 229 229 99 229 99 99 229 229 99 99 99 229 99 99 99 99 1 229 229 
c [Label = 227] Encoding starts with target value = 130:
c [Label = 227] Encoding duration: 1895ms.
c [Label = 227] Number of clauses: 1067338.
c [Label = 227] Number of variables: 246912.
c [Label = 227] Solving duration: 25 ms.
s [Label = 227] SAT (w = 130).
c [Label = 227] Label assignment: 97 97 227 227 227 97 97 97 97 97 227 97 97 227 97 97 97 227 227 227 97 227 227 97 227 227 97 97 97 227 227 227 227 227 97 97 227 97 227 97 97 227 97 227 227 227 227 227 227 227 227 227 97 97 227 97 97 227 227 227 227 227 227 227 227 97 227 97 227 97 227 97 97 97 97 97 97 227 97 97 227 227 97 227 97 97 227 97 97 97 97 97 227 227 97 227 97 227 227 227 227 97 97 227 227 227 227 97 227 97 227 97 97 97 97 227 227 227 227 227 97 227 227 227 227 227 227 97 227 227 97 227 227 227 227 97 97 227 97 227 227 227 97 97 97 97 97 97 227 97 97 227 97 97 227 227 227 227 97 97 97 97 227 97 227 227 97 227 97 97 97 97 227 227 97 227 227 227 97 97 97 97 97 97 97 227 227 227 227 97 97 227 97 227 227 227 97 97 97 227 97 97 97 227 227 227 97 97 227 97 97 227 97 227 97 97 227 97 227 227 227 227 97 97 97 227 97 227 227 97 227 97 97 227 227 227 227 97 97 97 227 227 97 97 227 227 227 227 97 97 97 97 227 227 227 227 97 227 227 97 97 227 97 97 227 227 227 227 227 227 97 227 227 97 97 97 227 97 227 227 227 97 227 97 227 227 97 227 227 97 97 227 227 227 227 227 97 97 227 227 97 97 97 97 97 227 97 97 97 97 227 227 97 227 97 227 97 97 227 97 227 227 97 97 227 97 97 227 227 97 97 97 227 227 227 227 227 227 97 97 227 227 97 227 227 97 227 97 227 97 97 97 227 97 227 97 97 97 97 97 97 97 97 227 97 227 227 227 227 97 227 97 97 97 97 227 97 97 227 97 97 97 227 227 227 97 227 97 97 97 97 227 97 227 227 227 97 97 97 227 227 227 97 97 227 97 227 97 97 227 97 227 227 227 227 97 97 97 227 97 97 97 97 227 227 227 97 97 97 97 227 97 97 227 227 227 227 97 227 227 97 97 227 97 97 97 227 97 97 227 97 227 227 227 227 97 97 97 97 97 227 227 97 97 227 97 227 227 227 227 97 227 227 97 97 227 97 227 97 227 227 97 97 227 97 97 97 97 227 97 97 97 97 227 97 227 97 227 97 97 227 97 227 227 227 227 227 227 97 227 227 227 227 227 227 227 97 227 97 227 97 97 97 227 97 97 227 227 227 97 227 97 97 227 227 97 97 97 227 97 97 97 97 1 227 227 
c [Signal] Signal interruption. Caught signal: SIGTERM (15).
c [Label = 228] Encoding starts with target value = 130:
c [Label = 228] Encoding duration: 1905ms.
c [Label = 228] Number of clauses: 1075433.
c [Label = 228] Number of variables: 248004.
c [Label = 228] Solving duration: 20 ms.
s [Label = 228] SAT (w = 130).
c [Label = 228] Label assignment: 98 98 228 228 228 98 98 98 98 98 228 98 98 228 98 98 98 228 228 228 98 228 228 98 228 228 98 98 98 228 228 228 228 228 98 98 228 98 228 98 98 228 98 228 228 228 228 228 228 228 228 228 98 98 228 98 98 228 228 228 228 228 228 228 228 98 228 98 228 98 228 98 98 98 98 98 98 228 98 98 228 228 98 228 98 98 228 98 98 98 98 98 228 228 98 228 98 228 228 228 228 98 98 228 228 228 228 98 228 98 228 98 98 98 98 228 228 228 228 228 98 228 228 228 228 228 228 98 228 228 98 228 228 228 228 98 98 228 98 228 228 228 98 98 98 98 98 98 228 98 98 228 98 98 228 228 228 228 98 98 98 98 228 98 228 228 98 228 98 98 98 98 228 228 98 228 228 228 98 98 98 98 98 98 98 228 228 228 228 98 98 228 98 228 228 228 98 98 98 228 98 98 98 228 228 228 98 98 228 98 98 228 98 228 98 98 228 98 228 228 228 228 98 98 98 228 98 228 228 98 228 98 98 228 228 228 228 98 98 98 228 228 98 98 228 228 228 228 98 98 98 98 228 228 228 228 98 228 228 98 98 228 98 98 228 228 228 228 228 228 98 228 228 98 98 98 228 98 228 228 228 98 228 98 228 228 98 228 228 98 98 228 228 228 228 228 98 98 228 228 98 98 98 98 98 228 98 98 98 98 228 228 98 228 98 228 98 98 228 98 228 228 98 98 228 98 98 228 228 98 98 98 228 228 228 228 228 228 98 98 228 228 98 228 228 98 228 98 228 98 98 98 228 98 228 98 98 98 98 98 98 98 98 228 98 228 228 228 228 98 228 98 98 98 98 228 98 98 228 98 98 98 228 228 228 98 228 98 98 98 98 228 98 228 228 228 98 98 98 228 228 228 98 98 228 98 228 98 98 228 98 228 228 228 228 98 98 98 228 98 98 98 98 228 228 228 98 98 98 98 228 98 98 228 228 228 228 98 228 228 98 98 228 98 98 98 228 98 98 228 98 228 228 228 228 98 98 98 98 98 228 228 98 98 228 98 228 228 228 228 98 228 228 98 98 228 98 228 98 228 228 98 98 228 98 98 98 98 228 98 98 98 98 228 98 228 98 228 98 98 228 98 228 228 228 228 228 228 98 228 228 228 228 228 228 228 98 228 98 228 98 98 98 228 98 98 228 228 228 98 228 98 98 228 228 98 98 98 228 98 98 98 98 1 228 228 
c [Signal] Signal interruption. Caught signal: SIGTERM (15).
c [Label = 230] Encoding starts with target value = 130:
c [Label = 230] Encoding duration: 1915ms.
c [Label = 230] Number of clauses: 1091622.
c [Label = 230] Number of variables: 250188.
c [Label = 230] Solving duration: 25 ms.
s [Label = 230] SAT (w = 130).
c [Label = 230] Label assignment: 100 100 230 230 230 100 100 100 100 100 230 100 100 230 100 100 100 230 230 230 100 230 230 100 230 230 100 100 100 230 230 230 230 230 100 100 230 100 230 100 100 230 100 230 230 230 230 230 230 230 230 230 100 100 230 100 100 230 230 230 230 230 230 230 230 100 230 100 230 100 230 100 100 100 100 100 100 230 100 100 230 230 100 230 100 100 230 100 100 100 100 100 230 230 100 230 100 230 230 230 230 100 100 230 230 230 230 100 230 100 230 100 100 100 100 230 230 230 230 230 100 230 230 230 230 230 230 100 230 230 100 230 230 230 230 100 100 230 100 230 230 230 100 100 100 100 100 100 230 100 100 230 100 100 230 230 230 230 100 100 100 100 230 100 230 230 100 230 100 100 100 100 230 230 100 230 230 230 100 100 100 100 100 100 100 230 230 230 230 100 100 230 100 230 230 230 100 100 100 230 100 100 100 230 230 230 100 100 230 100 100 230 100 230 100 100 230 100 230 230 230 230 100 100 100 230 100 230 230 100 230 100 100 230 230 230 230 100 100 100 230 230 100 100 230 230 230 230 100 100 100 100 230 230 230 230 100 230 230 100 100 230 100 100 230 230 230 230 230 230 100 230 230 100 100 100 230 100 230 230 230 100 230 100 230 230 100 230 230 100 100 230 230 230 230 230 100 100 230 230 100 100 100 100 100 230 100 100 100 100 230 230 100 230 100 230 100 100 230 100 230 230 100 100 230 100 100 230 230 100 100 100 230 230 230 230 230 230 100 100 230 230 100 230 230 100 230 100 230 100 100 100 230 100 230 100 100 100 100 100 100 100 100 230 100 230 230 230 230 100 230 100 100 100 100 230 100 100 230 100 100 100 230 230 230 100 230 100 100 100 100 230 100 230 230 230 100 100 100 230 230 230 100 100 230 100 230 100 100 230 100 230 230 230 230 100 100 100 230 100 100 100 100 230 230 230 100 100 100 100 230 100 100 230 230 230 230 100 230 230 100 100 230 100 100 100 230 100 100 230 100 230 230 230 230 100 100 100 100 100 230 230 100 100 230 100 230 230 230 230 100 230 230 100 100 230 100 230 100 230 230 100 100 230 100 100 100 100 230 100 100 100 100 230 100 230 100 230 100 100 230 100 230 230 230 230 230 230 100 230 230 230 230 230 230 230 100 230 100 230 100 100 100 230 100 100 230 230 230 100 230 100 100 230 230 100 100 100 230 100 100 100 100 1 230 230 
c [Signal] Signal interruption. Caught signal: SIGTERM (15).
c [Main] Lowest label SAT is set to 226.
c [Main] Kill higher label pid 227.
c [Main] Kill higher label pid 228.
c [Main] Kill higher label pid 229.
c [Main] Kill higher label pid 230.
c [Main] Kill higher label pid 231.
c [Main] Kill higher label pid 232.
c [Main] Kill higher label pid 233.
c [Label = 231] Encoding starts with target value = 130:
c [Label = 231] Encoding duration: 1924ms.
c [Label = 231] Number of clauses: 1099716.
c [Label = 231] Number of variables: 251280.
c [Label = 231] Solving duration: 23 ms.
s [Label = 231] SAT (w = 130).
c [Label = 231] Label assignment: 101 101 231 231 231 101 101 101 101 101 231 101 101 231 101 101 101 231 231 231 101 231 231 101 231 231 101 101 101 231 231 231 231 231 101 101 231 101 231 101 101 231 101 231 231 231 231 231 231 231 231 231 101 101 231 101 101 231 231 231 231 231 231 231 231 101 231 101 231 101 231 101 101 101 101 101 101 231 101 101 231 231 101 231 101 101 231 101 101 101 101 101 231 231 101 231 101 231 231 231 231 101 101 231 231 231 231 101 231 101 231 101 101 101 101 231 231 231 231 231 101 231 231 231 231 231 231 101 231 231 101 231 231 231 231 101 101 231 101 231 231 231 101 101 101 101 101 101 231 101 101 231 101 101 231 231 231 231 101 101 101 101 231 101 231 231 101 231 101 101 101 101 231 231 101 231 231 231 101 101 101 101 101 101 101 231 231 231 231 101 101 231 101 231 231 231 101 101 101 231 101 101 101 231 231 231 101 101 231 101 101 231 101 231 101 101 231 101 231 231 231 231 101 101 101 231 101 231 231 101 231 101 101 231 231 231 231 101 101 101 231 231 101 101 231 231 231 231 101 101 101 101 231 231 231 231 101 231 231 101 101 231 101 101 231 231 231 231 231 231 101 231 231 101 101 101 231 101 231 231 231 101 231 101 231 231 101 231 231 101 101 231 231 231 231 231 101 101 231 231 101 101 101 101 101 231 101 101 101 101 231 231 101 231 101 231 101 101 231 101 231 231 101 101 231 101 101 231 231 101 101 101 231 231 231 231 231 231 101 101 231 231 101 231 231 101 231 101 231 101 101 101 231 101 231 101 101 101 101 101 101 101 101 231 101 231 231 231 231 101 231 101 101 101 101 231 101 101 231 101 101 101 231 231 231 101 231 101 101 101 101 231 101 231 231 231 101 101 101 231 231 231 101 101 231 101 231 101 101 231 101 231 231 231 231 101 101 101 231 101 101 101 101 231 231 231 101 101 101 101 231 101 101 231 231 231 231 101 231 231 101 101 231 101 101 101 231 101 101 231 101 231 231 231 231 101 101 101 101 101 231 231 101 101 231 101 231 231 231 231 101 231 231 101 101 231 101 231 101 231 231 101 101 231 101 101 101 101 231 101 101 101 101 231 101 231 101 231 101 101 231 101 231 231 231 231 231 231 101 231 231 231 231 231 231 231 101 231 101 231 101 101 101 231 101 101 231 231 231 101 231 101 101 231 231 101 101 101 231 101 101 101 101 1 231 231 
c [Signal] Signal interruption. Caught signal: SIGTERM (15).
c [Label = 232] Encoding starts with target value = 130:
c [Label = 232] Encoding duration: 1949ms.
c [Label = 232] Number of clauses: 1107811.
c [Label = 232] Number of variables: 252372.
c [Label = 232] Solving duration: 26 ms.
s [Label = 232] SAT (w = 130).
c [Label = 232] Label assignment: 102 102 232 232 232 102 102 102 102 102 232 102 102 232 102 102 102 232 232 232 102 232 232 102 232 232 102 102 102 232 232 232 232 232 102 102 232 102 232 102 102 232 102 232 232 232 232 232 232 232 232 232 102 102 232 102 102 232 232 232 232 232 232 232 232 102 232 102 232 102 232 102 102 102 102 102 102 232 102 102 232 232 102 232 102 102 232 102 102 102 102 102 232 232 102 232 102 232 232 232 232 102 102 232 232 232 232 102 232 102 232 102 102 102 102 232 232 232 232 232 102 232 232 232 232 232 232 102 232 232 102 232 232 232 232 102 102 232 102 232 232 232 102 102 102 102 102 102 232 102 102 232 102 102 232 232 232 232 102 102 102 102 232 102 232 232 102 232 102 102 102 102 232 232 102 232 232 232 102 102 102 102 102 102 102 232 232 232 232 102 102 232 102 232 232 232 102 102 102 232 102 102 102 232 232 232 102 102 232 102 102 232 102 232 102 102 232 102 232 232 232 232 102 102 102 232 102 232 232 102 232 102 102 232 232 232 232 102 102 102 232 232 102 102 232 232 232 232 102 102 102 102 232 232 232 232 102 232 232 102 102 232 102 102 232 232 232 232 232 232 102 232 232 102 102 102 232 102 232 232 232 102 232 102 232 232 102 232 232 102 102 232 232 232 232 232 102 102 232 232 102 102 102 102 102 232 102 102 102 102 232 232 102 232 102 232 102 102 232 102 232 232 102 102 232 102 102 232 232 102 102 102 232 232 232 232 232 232 102 102 232 232 102 232 232 102 232 102 232 102 102 102 232 102 232 102 102 102 102 102 102 102 102 232 102 232 232 232 232 102 232 102 102 102 102 232 102 102 232 102 102 102 232 232 232 102 232 102 102 102 102 232 102 232 232 232 102 102 102 232 232 232 102 102 232 102 232 102 102 232 102 232 232 232 232 102 102 102 232 102 102 102 102 232 232 232 102 102 102 102 232 102 102 232 232 232 232 102 232 232 102 102 232 102 102 102 232 102 102 232 102 232 232 232 232 102 102 102 102 102 232 232 102 102 232 102 232 232 232 232 102 232 232 102 102 232 102 232 102 232 232 102 102 232 102 102 102 102 232 102 102 102 102 232 102 232 102 232 102 102 232 102 232 232 232 232 232 232 102 232 232 232 232 232 232 232 102 232 102 232 102 102 102 232 102 102 232 232 232 102 232 102 102 232 232 102 102 102 232 102 102 102 102 1 232 232 
c [Signal] Signal interruption. Caught signal: SIGTERM (15).
c [Label = 233] Encoding starts with target value = 130:
c [Label = 233] Encoding duration: 1967ms.
c [Label = 233] Number of clauses: 1115905.
c [Label = 233] Number of variables: 253464.
c [Label = 233] Solving duration: 26 ms.
s [Label = 233] SAT (w = 130).
c [Label = 233] Label assignment: 103 103 233 233 233 103 103 103 103 103 233 103 103 233 103 103 103 233 233 233 103 233 233 103 233 233 103 103 103 233 233 233 233 233 103 103 233 103 233 103 103 233 103 233 233 233 233 233 233 233 233 233 103 103 233 103 103 233 233 233 233 233 233 233 233 103 233 103 233 103 233 103 103 103 103 103 103 233 103 103 233 233 103 233 103 103 233 103 103 103 103 103 233 233 103 233 103 233 233 233 233 103 103 233 233 233 233 103 233 103 233 103 103 103 103 233 233 233 233 233 103 233 233 233 233 233 233 103 233 233 103 233 233 233 233 103 103 233 103 233 233 233 103 103 103 103 103 103 233 103 103 233 103 103 233 233 233 233 103 103 103 103 233 103 233 233 103 233 103 103 103 103 233 233 103 233 233 233 103 103 103 103 103 103 103 233 233 233 233 103 103 233 103 233 233 233 103 103 103 233 103 103 103 233 233 233 103 103 233 103 103 233 103 233 103 103 233 103 233 233 233 233 103 103 103 233 103 233 233 103 233 103 103 233 233 233 233 103 103 103 233 233 103 103 233 233 233 233 103 103 103 103 233 233 233 233 103 233 233 103 103 233 103 103 233 233 233 233 233 233 103 233 233 103 103 103 233 103 233 233 233 103 233 103 233 233 103 233 233 103 103 233 233 233 233 233 103 103 233 233 103 103 103 103 103 233 103 103 103 103 233 233 103 233 103 233 103 103 233 103 233 233 103 103 233 103 103 233 233 103 103 103 233 233 233 233 233 233 103 103 233 233 103 233 233 103 233 103 233 103 103 103 233 103 233 103 103 103 103 103 103 103 103 233 103 233 233 233 233 103 233 103 103 103 103 233 103 103 233 103 103 103 233 233 233 103 233 103 103 103 103 233 103 233 233 233 103 103 103 233 233 233 103 103 233 103 233 103 103 233 103 233 233 233 233 103 103 103 233 103 103 103 103 233 233 233 103 103 103 103 233 103 103 233 233 233 233 103 233 233 103 103 233 103 103 103 233 103 103 233 103 233 233 233 233 103 103 103 103 103 233 233 103 103 233 103 233 233 233 233 103 233 233 103 103 233 103 233 103 233 233 103 103 233 103 103 103 103 233 103 103 103 103 233 103 233 103 233 103 103 233 103 233 233 233 233 233 233 103 233 233 233 233 233 233 233 103 233 103 233 103 103 103 233 103 103 233 233 233 103 233 103 103 233 233 103 103 103 233 103 103 103 103 1 233 233 
c [Signal] Signal interruption. Caught signal: SIGTERM (15).
c [Label = 225] Minimize Makespan Labeling problem (S-sherman4.mtx.rnd):
c [Main] Kill higher label pid 230.
c [Main] Kill higher label pid 231.
c [Main] Kill higher label pid 232.
c [Main] Kill higher label pid 233.
c [Label = 224] Minimize Makespan Labeling problem (S-sherman4.mtx.rnd):
c [Main] Child pid 232 - 54196 terminated by signal 15.
c [Main] Child pid 227 - 54201 terminated by signal 15.
c [Label = 223] Minimize Makespan Labeling problem (S-sherman4.mtx.rnd):
c [Main] Child pid 231 - 54197 terminated by signal 15.
c [Main] Child pid 233 - 54195 terminated by signal 15.
c [Main] Child pid 230 - 54198 terminated by signal 15.
c [Main] Child pid 228 - 54200 terminated by signal 15.
c [Label = 222] Minimize Makespan Labeling problem (S-sherman4.mtx.rnd):
c [Label = 221] Minimize Makespan Labeling problem (S-sherman4.mtx.rnd):
c [Label = 220] Minimize Makespan Labeling problem (S-sherman4.mtx.rnd):
c [Label = 219] Minimize Makespan Labeling problem (S-sherman4.mtx.rnd):
c [Label = 218] Minimize Makespan Labeling problem (S-sherman4.mtx.rnd):
c [Label = 218] Encoding starts with target value = 130:
c [Label = 218] Encoding duration: 1728ms.
c [Label = 218] Number of clauses: 994488.
c [Label = 218] Number of variables: 237084.
c [Label = 218] Solving duration: 24 ms.
s [Label = 218] SAT (w = 130).
c [Label = 218] Label assignment: 88 88 218 218 218 88 88 88 88 88 218 88 88 218 88 88 88 218 218 218 88 218 218 88 218 218 88 88 88 218 218 218 218 218 88 88 218 88 218 88 88 218 88 218 218 218 218 218 218 218 218 218 88 88 218 88 88 218 218 218 218 218 218 218 218 88 218 88 218 88 218 88 88 88 88 88 88 218 88 88 218 218 88 218 88 88 218 88 88 88 88 88 218 218 88 218 88 218 218 218 218 88 88 218 218 218 218 88 218 88 218 88 88 88 88 218 218 218 218 218 88 218 218 218 218 218 218 88 218 218 88 218 218 218 218 88 88 218 88 218 218 218 88 88 88 88 88 88 218 88 88 218 88 88 218 218 218 218 88 88 88 88 218 88 218 218 88 218 88 88 88 88 218 218 88 218 218 218 88 88 88 88 88 88 88 218 218 218 218 88 88 218 88 218 218 218 88 88 88 218 88 88 88 218 218 218 88 88 218 88 88 218 88 218 88 88 218 88 218 218 218 218 88 88 88 218 88 218 218 88 218 88 88 218 218 218 218 88 88 88 218 218 88 88 218 218 218 218 88 88 88 88 218 218 218 218 88 218 218 88 88 218 88 88 218 218 218 218 218 218 88 218 218 88 88 88 218 88 218 218 218 88 218 88 218 218 88 218 218 88 88 218 218 218 218 218 88 88 218 218 88 88 88 88 88 218 88 88 88 88 218 218 88 218 88 218 88 88 218 88 218 218 88 88 218 88 88 218 218 88 88 88 218 218 218 218 218 218 88 88 218 218 88 218 218 88 218 88 218 88 88 88 218 88 218 88 88 88 88 88 88 88 88 218 88 218 218 218 218 88 218 88 88 88 88 218 88 88 218 88 88 88 218 218 218 88 218 88 88 88 88 218 88 218 218 218 88 88 88 218 218 218 88 88 218 88 218 88 88 218 88 218 218 218 218 88 88 88 218 88 88 88 88 218 218 218 88 88 88 88 218 88 88 218 218 218 218 88 218 218 88 88 218 88 88 88 218 88 88 218 88 218 218 218 218 88 88 88 88 88 218 218 88 88 218 88 218 218 218 218 88 218 218 88 88 218 88 218 88 218 218 88 88 218 88 88 88 88 218 88 88 88 88 218 88 218 88 218 88 88 218 88 218 218 218 218 218 218 88 218 218 218 218 218 218 218 88 218 88 218 88 88 88 218 88 88 218 218 218 88 218 88 88 218 218 88 88 88 218 88 88 88 88 1 218 218 
c [Label = 219] Encoding starts with target value = 130:
c [Label = 219] Encoding duration: 1778ms.
c [Label = 219] Number of clauses: 1002582.
c [Label = 219] Number of variables: 238176.
c [Label = 219] Solving duration: 27 ms.
s [Label = 219] SAT (w = 130).
c [Label = 219] Label assignment: 89 89 219 219 219 89 89 89 89 89 219 89 89 219 89 89 89 219 219 219 89 219 219 89 219 219 89 89 89 219 219 219 219 219 89 89 219 89 219 89 89 219 89 219 219 219 219 219 219 219 219 219 89 89 219 89 89 219 219 219 219 219 219 219 219 89 219 89 219 89 219 89 89 89 89 89 89 219 89 89 219 219 89 219 89 89 219 89 89 89 89 89 219 219 89 219 89 219 219 219 219 89 89 219 219 219 219 89 219 89 219 89 89 89 89 219 219 219 219 219 89 219 219 219 219 219 219 89 219 219 89 219 219 219 219 89 89 219 89 219 219 219 89 89 89 89 89 89 219 89 89 219 89 89 219 219 219 219 89 89 89 89 219 89 219 219 89 219 89 89 89 89 219 219 89 219 219 219 89 89 89 89 89 89 89 219 219 219 219 89 89 219 89 219 219 219 89 89 89 219 89 89 89 219 219 219 89 89 219 89 89 219 89 219 89 89 219 89 219 219 219 219 89 89 89 219 89 219 219 89 219 89 89 219 219 219 219 89 89 89 219 219 89 89 219 219 219 219 89 89 89 89 219 219 219 219 89 219 219 89 89 219 89 89 219 219 219 219 219 219 89 219 219 89 89 89 219 89 219 219 219 89 219 89 219 219 89 219 219 89 89 219 219 219 219 219 89 89 219 219 89 89 89 89 89 219 89 89 89 89 219 219 89 219 89 219 89 89 219 89 219 219 89 89 219 89 89 219 219 89 89 89 219 219 219 219 219 219 89 89 219 219 89 219 219 89 219 89 219 89 89 89 219 89 219 89 89 89 89 89 89 89 89 219 89 219 219 219 219 89 219 89 89 89 89 219 89 89 219 89 89 89 219 219 219 89 219 89 89 89 89 219 89 219 219 219 89 89 89 219 219 219 89 89 219 89 219 89 89 219 89 219 219 219 219 89 89 89 219 89 89 89 89 219 219 219 89 89 89 89 219 89 89 219 219 219 219 89 219 219 89 89 219 89 89 89 219 89 89 219 89 219 219 219 219 89 89 89 89 89 219 219 89 89 219 89 219 219 219 219 89 219 219 89 89 219 89 219 89 219 219 89 89 219 89 89 89 89 219 89 89 89 89 219 89 219 89 219 89 89 219 89 219 219 219 219 219 219 89 219 219 219 219 219 219 219 89 219 89 219 89 89 89 219 89 89 219 219 219 89 219 89 89 219 219 89 89 89 219 89 89 89 89 1 219 219 
c [Signal] Signal interruption. Caught signal: SIGTERM (15).
c [Label = 221] Encoding starts with target value = 130:
c [Label = 221] Encoding duration: 1757ms.
c [Label = 221] Number of clauses: 1018771.
c [Label = 221] Number of variables: 240360.
c [Label = 221] Solving duration: 20 ms.
s [Label = 221] SAT (w = 130).
c [Label = 221] Label assignment: 91 91 221 221 221 91 91 91 91 91 221 91 91 221 91 91 91 221 221 221 91 221 221 91 221 221 91 91 91 221 221 221 221 221 91 91 221 91 221 91 91 221 91 221 221 221 221 221 221 221 221 221 91 91 221 91 91 221 221 221 221 221 221 221 221 91 221 91 221 91 221 91 91 91 91 91 91 221 91 91 221 221 91 221 91 91 221 91 91 91 91 91 221 221 91 221 91 221 221 221 221 91 91 221 221 221 221 91 221 91 221 91 91 91 91 221 221 221 221 221 91 221 221 221 221 221 221 91 221 221 91 221 221 221 221 91 91 221 91 221 221 221 91 91 91 91 91 91 221 91 91 221 91 91 221 221 221 221 91 91 91 91 221 91 221 221 91 221 91 91 91 91 221 221 91 221 221 221 91 91 91 91 91 91 91 221 221 221 221 91 91 221 91 221 221 221 91 91 91 221 91 91 91 221 221 221 91 91 221 91 91 221 91 221 91 91 221 91 221 221 221 221 91 91 91 221 91 221 221 91 221 91 91 221 221 221 221 91 91 91 221 221 91 91 221 221 221 221 91 91 91 91 221 221 221 221 91 221 221 91 91 221 91 91 221 221 221 221 221 221 91 221 221 91 91 91 221 91 221 221 221 91 221 91 221 221 91 221 221 91 91 221 221 221 221 221 91 91 221 221 91 91 91 91 91 221 91 91 91 91 221 221 91 221 91 221 91 91 221 91 221 221 91 91 221 91 91 221 221 91 91 91 221 221 221 221 221 221 91 91 221 221 91 221 221 91 221 91 221 91 91 91 221 91 221 91 91 91 91 91 91 91 91 221 91 221 221 221 221 91 221 91 91 91 91 221 91 91 221 91 91 91 221 221 221 91 221 91 91 91 91 221 91 221 221 221 91 91 91 221 221 221 91 91 221 91 221 91 91 221 91 221 221 221 221 91 91 91 221 91 91 91 91 221 221 221 91 91 91 91 221 91 91 221 221 221 221 91 221 221 91 91 221 91 91 91 221 91 91 221 91 221 221 221 221 91 91 91 91 91 221 221 91 91 221 91 221 221 221 221 91 221 221 91 91 221 91 221 91 221 221 91 91 221 91 91 91 91 221 91 91 91 91 221 91 221 91 221 91 91 221 91 221 221 221 221 221 221 91 221 221 221 221 221 221 221 91 221 91 221 91 91 91 221 91 91 221 221 221 91 221 91 91 221 221 91 91 91 221 91 91 91 91 1 221 221 
c [Signal] Signal interruption. Caught signal: SIGTERM (15).
c [Label = 220] Encoding starts with target value = 130:
c [Label = 220] Encoding duration: 1753ms.
c [Label = 220] Number of clauses: 1010677.
c [Label = 220] Number of variables: 239268.
c [Label = 220] Solving duration: 24 ms.
s [Label = 220] SAT (w = 130).
c [Label = 220] Label assignment: 90 90 220 220 220 90 90 90 90 90 220 90 90 220 90 90 90 220 220 220 90 220 220 90 220 220 90 90 90 220 220 220 220 220 90 90 220 90 220 90 90 220 90 220 220 220 220 220 220 220 220 220 90 90 220 90 90 220 220 220 220 220 220 220 220 90 220 90 220 90 220 90 90 90 90 90 90 220 90 90 220 220 90 220 90 90 220 90 90 90 90 90 220 220 90 220 90 220 220 220 220 90 90 220 220 220 220 90 220 90 220 90 90 90 90 220 220 220 220 220 90 220 220 220 220 220 220 90 220 220 90 220 220 220 220 90 90 220 90 220 220 220 90 90 90 90 90 90 220 90 90 220 90 90 220 220 220 220 90 90 90 90 220 90 220 220 90 220 90 90 90 90 220 220 90 220 220 220 90 90 90 90 90 90 90 220 220 220 220 90 90 220 90 220 220 220 90 90 90 220 90 90 90 220 220 220 90 90 220 90 90 220 90 220 90 90 220 90 220 220 220 220 90 90 90 220 90 220 220 90 220 90 90 220 220 220 220 90 90 90 220 220 90 90 220 220 220 220 90 90 90 90 220 220 220 220 90 220 220 90 90 220 90 90 220 220 220 220 220 220 90 220 220 90 90 90 220 90 220 220 220 90 220 90 220 220 90 220 220 90 90 220 220 220 220 220 90 90 220 220 90 90 90 90 90 220 90 90 90 90 220 220 90 220 90 220 90 90 220 90 220 220 90 90 220 90 90 220 220 90 90 90 220 220 220 220 220 220 90 90 220 220 90 220 220 90 220 90 220 90 90 90 220 90 220 90 90 90 90 90 90 90 90 220 90 220 220 220 220 90 220 90 90 90 90 220 90 90 220 90 90 90 220 220 220 90 220 90 90 90 90 220 90 220 220 220 90 90 90 220 220 220 90 90 220 90 220 90 90 220 90 220 220 220 220 90 90 90 220 90 90 90 90 220 220 220 90 90 90 90 220 90 90 220 220 220 220 90 220 220 90 90 220 90 90 90 220 90 90 220 90 220 220 220 220 90 90 90 90 90 220 220 90 90 220 90 220 220 220 220 90 220 220 90 90 220 90 220 90 220 220 90 90 220 90 90 90 90 220 90 90 90 90 220 90 220 90 220 90 90 220 90 220 220 220 220 220 220 90 220 220 220 220 220 220 220 90 220 90 220 90 90 90 220 90 90 220 220 220 90 220 90 90 220 220 90 90 90 220 90 90 90 90 1 220 220 
c [Signal] Signal interruption. Caught signal: SIGTERM (15).
c [Label = 222] Encoding starts with target value = 130:
c [Label = 222] Encoding duration: 1767ms.
c [Label = 222] Number of clauses: 1026866.
c [Label = 222] Number of variables: 241452.
c [Label = 222] Solving duration: 20 ms.
s [Label = 222] SAT (w = 130).
c [Label = 222] Label assignment: 92 92 222 222 222 92 92 92 92 92 222 92 92 222 92 92 92 222 222 222 92 222 222 92 222 222 92 92 92 222 222 222 222 222 92 92 222 92 222 92 92 222 92 222 222 222 222 222 222 222 222 222 92 92 222 92 92 222 222 222 222 222 222 222 222 92 222 92 222 92 222 92 92 92 92 92 92 222 92 92 222 222 92 222 92 92 222 92 92 92 92 92 222 222 92 222 92 222 222 222 222 92 92 222 222 222 222 92 222 92 222 92 92 92 92 222 222 222 222 222 92 222 222 222 222 222 222 92 222 222 92 222 222 222 222 92 92 222 92 222 222 222 92 92 92 92 92 92 222 92 92 222 92 92 222 222 222 222 92 92 92 92 222 92 222 222 92 222 92 92 92 92 222 222 92 222 222 222 92 92 92 92 92 92 92 222 222 222 222 92 92 222 92 222 222 222 92 92 92 222 92 92 92 222 222 222 92 92 222 92 92 222 92 222 92 92 222 92 222 222 222 222 92 92 92 222 92 222 222 92 222 92 92 222 222 222 222 92 92 92 222 222 92 92 222 222 222 222 92 92 92 92 222 222 222 222 92 222 222 92 92 222 92 92 222 222 222 222 222 222 92 222 222 92 92 92 222 92 222 222 222 92 222 92 222 222 92 222 222 92 92 222 222 222 222 222 92 92 222 222 92 92 92 92 92 222 92 92 92 92 222 222 92 222 92 222 92 92 222 92 222 222 92 92 222 92 92 222 222 92 92 92 222 222 222 222 222 222 92 92 222 222 92 222 222 92 222 92 222 92 92 92 222 92 222 92 92 92 92 92 92 92 92 222 92 222 222 222 222 92 222 92 92 92 92 222 92 92 222 92 92 92 222 222 222 92 222 92 92 92 92 222 92 222 222 222 92 92 92 222 222 222 92 92 222 92 222 92 92 222 92 222 222 222 222 92 92 92 222 92 92 92 92 222 222 222 92 92 92 92 222 92 92 222 222 222 222 92 222 222 92 92 222 92 92 92 222 92 92 222 92 222 222 222 222 92 92 92 92 92 222 222 92 92 222 92 222 222 222 222 92 222 222 92 92 222 92 222 92 222 222 92 92 222 92 92 92 92 222 92 92 92 92 222 92 222 92 222 92 92 222 92 222 222 222 222 222 222 92 222 222 222 222 222 222 222 92 222 92 222 92 92 92 222 92 92 222 222 222 92 222 92 92 222 222 92 92 92 222 92 92 92 92 1 222 222 
c [Signal] Signal interruption. Caught signal: SIGTERM (15).
c [Main] Lowest label SAT is set to 218.
c [Main] Kill higher label pid 219.
c [Main] Kill higher label pid 220.
c [Main] Kill higher label pid 221.
c [Main] Kill higher label pid 222.
c [Main] Kill higher label pid 223.
c [Main] Kill higher label pid 224.
c [Main] Kill higher label pid 225.
c [Label = 223] Encoding starts with target value = 130:
c [Label = 223] Encoding duration: 1813ms.
c [Label = 223] Number of clauses: 1034960.
c [Label = 223] Number of variables: 242544.
c [Label = 223] Solving duration: 25 ms.
s [Label = 223] SAT (w = 130).
c [Label = 223] Label assignment: 93 93 223 223 223 93 93 93 93 93 223 93 93 223 93 93 93 223 223 223 93 223 223 93 223 223 93 93 93 223 223 223 223 223 93 93 223 93 223 93 93 223 93 223 223 223 223 223 223 223 223 223 93 93 223 93 93 223 223 223 223 223 223 223 223 93 223 93 223 93 223 93 93 93 93 93 93 223 93 93 223 223 93 223 93 93 223 93 93 93 93 93 223 223 93 223 93 223 223 223 223 93 93 223 223 223 223 93 223 93 223 93 93 93 93 223 223 223 223 223 93 223 223 223 223 223 223 93 223 223 93 223 223 223 223 93 93 223 93 223 223 223 93 93 93 93 93 93 223 93 93 223 93 93 223 223 223 223 93 93 93 93 223 93 223 223 93 223 93 93 93 93 223 223 93 223 223 223 93 93 93 93 93 93 93 223 223 223 223 93 93 223 93 223 223 223 93 93 93 223 93 93 93 223 223 223 93 93 223 93 93 223 93 223 93 93 223 93 223 223 223 223 93 93 93 223 93 223 223 93 223 93 93 223 223 223 223 93 93 93 223 223 93 93 223 223 223 223 93 93 93 93 223 223 223 223 93 223 223 93 93 223 93 93 223 223 223 223 223 223 93 223 223 93 93 93 223 93 223 223 223 93 223 93 223 223 93 223 223 93 93 223 223 223 223 223 93 93 223 223 93 93 93 93 93 223 93 93 93 93 223 223 93 223 93 223 93 93 223 93 223 223 93 93 223 93 93 223 223 93 93 93 223 223 223 223 223 223 93 93 223 223 93 223 223 93 223 93 223 93 93 93 223 93 223 93 93 93 93 93 93 93 93 223 93 223 223 223 223 93 223 93 93 93 93 223 93 93 223 93 93 93 223 223 223 93 223 93 93 93 93 223 93 223 223 223 93 93 93 223 223 223 93 93 223 93 223 93 93 223 93 223 223 223 223 93 93 93 223 93 93 93 93 223 223 223 93 93 93 93 223 93 93 223 223 223 223 93 223 223 93 93 223 93 93 93 223 93 93 223 93 223 223 223 223 93 93 93 93 93 223 223 93 93 223 93 223 223 223 223 93 223 223 93 93 223 93 223 93 223 223 93 93 223 93 93 93 93 223 93 93 93 93 223 93 223 93 223 93 93 223 93 223 223 223 223 223 223 93 223 223 223 223 223 223 223 93 223 93 223 93 93 93 223 93 93 223 223 223 93 223 93 93 223 223 93 93 93 223 93 93 93 93 1 223 223 
c [Signal] Signal interruption. Caught signal: SIGTERM (15).
c [Label = 224] Encoding starts with target value = 130:
c [Label = 224] Encoding duration: 1809ms.
c [Label = 224] Number of clauses: 1043055.
c [Label = 224] Number of variables: 243636.
c [Label = 224] Solving duration: 26 ms.
s [Label = 224] SAT (w = 130).
c [Label = 224] Label assignment: 94 94 224 224 224 94 94 94 94 94 224 94 94 224 94 94 94 224 224 224 94 224 224 94 224 224 94 94 94 224 224 224 224 224 94 94 224 94 224 94 94 224 94 224 224 224 224 224 224 224 224 224 94 94 224 94 94 224 224 224 224 224 224 224 224 94 224 94 224 94 224 94 94 94 94 94 94 224 94 94 224 224 94 224 94 94 224 94 94 94 94 94 224 224 94 224 94 224 224 224 224 94 94 224 224 224 224 94 224 94 224 94 94 94 94 224 224 224 224 224 94 224 224 224 224 224 224 94 224 224 94 224 224 224 224 94 94 224 94 224 224 224 94 94 94 94 94 94 224 94 94 224 94 94 224 224 224 224 94 94 94 94 224 94 224 224 94 224 94 94 94 94 224 224 94 224 224 224 94 94 94 94 94 94 94 224 224 224 224 94 94 224 94 224 224 224 94 94 94 224 94 94 94 224 224 224 94 94 224 94 94 224 94 224 94 94 224 94 224 224 224 224 94 94 94 224 94 224 224 94 224 94 94 224 224 224 224 94 94 94 224 224 94 94 224 224 224 224 94 94 94 94 224 224 224 224 94 224 224 94 94 224 94 94 224 224 224 224 224 224 94 224 224 94 94 94 224 94 224 224 224 94 224 94 224 224 94 224 224 94 94 224 224 224 224 224 94 94 224 224 94 94 94 94 94 224 94 94 94 94 224 224 94 224 94 224 94 94 224 94 224 224 94 94 224 94 94 224 224 94 94 94 224 224 224 224 224 224 94 94 224 224 94 224 224 94 224 94 224 94 94 94 224 94 224 94 94 94 94 94 94 94 94 224 94 224 224 224 224 94 224 94 94 94 94 224 94 94 224 94 94 94 224 224 224 94 224 94 94 94 94 224 94 224 224 224 94 94 94 224 224 224 94 94 224 94 224 94 94 224 94 224 224 224 224 94 94 94 224 94 94 94 94 224 224 224 94 94 94 94 224 94 94 224 224 224 224 94 224 224 94 94 224 94 94 94 224 94 94 224 94 224 224 224 224 94 94 94 94 94 224 224 94 94 224 94 224 224 224 224 94 224 224 94 94 224 94 224 94 224 224 94 94 224 94 94 94 94 224 94 94 94 94 224 94 224 94 224 94 94 224 94 224 224 224 224 224 224 94 224 224 224 224 224 224 224 94 224 94 224 94 94 94 224 94 94 224 224 224 94 224 94 94 224 224 94 94 94 224 94 94 94 94 1 224 224 
c [Signal] Signal interruption. Caught signal: SIGTERM (15).
c [Label = 225] Encoding starts with target value = 130:
c [Label = 225] Encoding duration: 1864ms.
c [Label = 225] Number of clauses: 1051149.
c [Label = 225] Number of variables: 244728.
c [Label = 225] Solving duration: 22 ms.
s [Label = 225] SAT (w = 130).
c [Label = 225] Label assignment: 95 95 225 225 225 95 95 95 95 95 225 95 95 225 95 95 95 225 225 225 95 225 225 95 225 225 95 95 95 225 225 225 225 225 95 95 225 95 225 95 95 225 95 225 225 225 225 225 225 225 225 225 95 95 225 95 95 225 225 225 225 225 225 225 225 95 225 95 225 95 225 95 95 95 95 95 95 225 95 95 225 225 95 225 95 95 225 95 95 95 95 95 225 225 95 225 95 225 225 225 225 95 95 225 225 225 225 95 225 95 225 95 95 95 95 225 225 225 225 225 95 225 225 225 225 225 225 95 225 225 95 225 225 225 225 95 95 225 95 225 225 225 95 95 95 95 95 95 225 95 95 225 95 95 225 225 225 225 95 95 95 95 225 95 225 225 95 225 95 95 95 95 225 225 95 225 225 225 95 95 95 95 95 95 95 225 225 225 225 95 95 225 95 225 225 225 95 95 95 225 95 95 95 225 225 225 95 95 225 95 95 225 95 225 95 95 225 95 225 225 225 225 95 95 95 225 95 225 225 95 225 95 95 225 225 225 225 95 95 95 225 225 95 95 225 225 225 225 95 95 95 95 225 225 225 225 95 225 225 95 95 225 95 95 225 225 225 225 225 225 95 225 225 95 95 95 225 95 225 225 225 95 225 95 225 225 95 225 225 95 95 225 225 225 225 225 95 95 225 225 95 95 95 95 95 225 95 95 95 95 225 225 95 225 95 225 95 95 225 95 225 225 95 95 225 95 95 225 225 95 95 95 225 225 225 225 225 225 95 95 225 225 95 225 225 95 225 95 225 95 95 95 225 95 225 95 95 95 95 95 95 95 95 225 95 225 225 225 225 95 225 95 95 95 95 225 95 95 225 95 95 95 225 225 225 95 225 95 95 95 95 225 95 225 225 225 95 95 95 225 225 225 95 95 225 95 225 95 95 225 95 225 225 225 225 95 95 95 225 95 95 95 95 225 225 225 95 95 95 95 225 95 95 225 225 225 225 95 225 225 95 95 225 95 95 95 225 95 95 225 95 225 225 225 225 95 95 95 95 95 225 225 95 95 225 95 225 225 225 225 95 225 225 95 95 225 95 225 95 225 225 95 95 225 95 95 95 95 225 95 95 95 95 225 95 225 95 225 95 95 225 95 225 225 225 225 225 225 95 225 225 225 225 225 225 225 95 225 95 225 95 95 95 225 95 95 225 225 225 95 225 95 95 225 225 95 95 95 225 95 95 95 95 1 225 225 
c [Signal] Signal interruption. Caught signal: SIGTERM (15).
c [Label = 217] Minimize Makespan Labeling problem (S-sherman4.mtx.rnd):
c [Main] Child pid 219 - 54209 terminated by signal 15.
c [Label = 216] Minimize Makespan Labeling problem (S-sherman4.mtx.rnd):
c [Main] Child pid 222 - 54206 terminated by signal 15.
c [Main] Child pid 224 - 54204 terminated by signal 15.
c [Main] Child pid 220 - 54208 terminated by signal 15.
c [Label = 215] Minimize Makespan Labeling problem (S-sherman4.mtx.rnd):
c [Main] Child pid 221 - 54207 terminated by signal 15.
c [Main] Child pid 223 - 54205 terminated by signal 15.
c [Label = 214] Minimize Makespan Labeling problem (S-sherman4.mtx.rnd):
c [Label = 213] Minimize Makespan Labeling problem (S-sherman4.mtx.rnd):
c [Label = 211] Minimize Makespan Labeling problem (S-sherman4.mtx.rnd):
c [Main] Child pid 225 - 54203 terminated by signal 15.
c [Label = 212] Minimize Makespan Labeling problem (S-sherman4.mtx.rnd):
c [Label = 210] Minimize Makespan Labeling problem (S-sherman4.mtx.rnd):
c [Label = 210] Encoding starts with target value = 130:
c [Label = 210] Encoding duration: 1632ms.
c [Label = 210] Number of clauses: 929732.
c [Label = 210] Number of variables: 228348.
c [Label = 210] Solving duration: 20 ms.
s [Label = 210] SAT (w = 130).
c [Label = 210] Label assignment: 80 80 210 210 210 80 80 80 80 80 210 80 80 210 80 80 80 210 210 210 80 210 210 80 210 210 80 80 80 210 210 210 210 210 80 80 210 80 210 80 80 210 80 210 210 210 210 210 210 210 210 210 80 80 210 80 80 210 210 210 210 210 210 210 210 80 210 80 210 80 210 80 80 80 80 80 80 210 80 80 210 210 80 210 80 80 210 80 80 80 80 80 210 210 80 210 80 210 210 210 210 80 80 210 210 210 210 80 210 80 210 80 80 80 80 210 210 210 210 210 80 210 210 210 210 210 210 80 210 210 80 210 210 210 210 80 80 210 80 210 210 210 80 80 80 80 80 80 210 80 80 210 80 80 210 210 210 210 80 80 80 80 210 80 210 210 80 210 80 80 80 80 210 210 80 210 210 210 80 80 80 80 80 80 80 210 210 210 210 80 80 210 80 210 210 210 80 80 80 210 80 80 80 210 210 210 80 80 210 80 80 210 80 210 80 80 210 80 210 210 210 210 80 80 80 210 80 210 210 80 210 80 80 210 210 210 210 80 80 80 210 210 80 80 210 210 210 210 80 80 80 80 210 210 210 210 80 210 210 80 80 210 80 80 210 210 210 210 210 210 80 210 210 80 80 80 210 80 210 210 210 80 210 80 210 210 80 210 210 80 80 210 210 210 210 210 80 80 210 210 80 80 80 80 80 210 80 80 80 80 210 210 80 210 80 210 80 80 210 80 210 210 80 80 210 80 80 210 210 80 80 80 210 210 210 210 210 210 80 80 210 210 80 210 210 80 210 80 210 80 80 80 210 80 210 80 80 80 80 80 80 80 80 210 80 210 210 210 210 80 210 80 80 80 80 210 80 80 210 80 80 80 210 210 210 80 210 80 80 80 80 210 80 210 210 210 80 80 80 210 210 210 80 80 210 80 210 80 80 210 80 210 210 210 210 80 80 80 210 80 80 80 80 210 210 210 80 80 80 80 210 80 80 210 210 210 210 80 210 210 80 80 210 80 80 80 210 80 80 210 80 210 210 210 210 80 80 80 80 80 210 210 80 80 210 80 210 210 210 210 80 210 210 80 80 210 80 210 80 210 210 80 80 210 80 80 80 80 210 80 80 80 80 210 80 210 80 210 80 80 210 80 210 210 210 210 210 210 80 210 210 210 210 210 210 210 80 210 80 210 80 80 80 210 80 80 210 210 210 80 210 80 80 210 210 80 80 80 210 80 80 80 80 1 210 210 
c [Label = 211] Encoding starts with target value = 130:
c [Label = 211] Encoding duration: 1667ms.
c [Label = 211] Number of clauses: 937826.
c [Label = 211] Number of variables: 229440.
c [Label = 211] Solving duration: 23 ms.
s [Label = 211] SAT (w = 130).
c [Label = 211] Label assignment: 81 81 211 211 211 81 81 81 81 81 211 81 81 211 81 81 81 211 211 211 81 211 211 81 211 211 81 81 81 211 211 211 211 211 81 81 211 81 211 81 81 211 81 211 211 211 211 211 211 211 211 211 81 81 211 81 81 211 211 211 211 211 211 211 211 81 211 81 211 81 211 81 81 81 81 81 81 211 81 81 211 211 81 211 81 81 211 81 81 81 81 81 211 211 81 211 81 211 211 211 211 81 81 211 211 211 211 81 211 81 211 81 81 81 81 211 211 211 211 211 81 211 211 211 211 211 211 81 211 211 81 211 211 211 211 81 81 211 81 211 211 211 81 81 81 81 81 81 211 81 81 211 81 81 211 211 211 211 81 81 81 81 211 81 211 211 81 211 81 81 81 81 211 211 81 211 211 211 81 81 81 81 81 81 81 211 211 211 211 81 81 211 81 211 211 211 81 81 81 211 81 81 81 211 211 211 81 81 211 81 81 211 81 211 81 81 211 81 211 211 211 211 81 81 81 211 81 211 211 81 211 81 81 211 211 211 211 81 81 81 211 211 81 81 211 211 211 211 81 81 81 81 211 211 211 211 81 211 211 81 81 211 81 81 211 211 211 211 211 211 81 211 211 81 81 81 211 81 211 211 211 81 211 81 211 211 81 211 211 81 81 211 211 211 211 211 81 81 211 211 81 81 81 81 81 211 81 81 81 81 211 211 81 211 81 211 81 81 211 81 211 211 81 81 211 81 81 211 211 81 81 81 211 211 211 211 211 211 81 81 211 211 81 211 211 81 211 81 211 81 81 81 211 81 211 81 81 81 81 81 81 81 81 211 81 211 211 211 211 81 211 81 81 81 81 211 81 81 211 81 81 81 211 211 211 81 211 81 81 81 81 211 81 211 211 211 81 81 81 211 211 211 81 81 211 81 211 81 81 211 81 211 211 211 211 81 81 81 211 81 81 81 81 211 211 211 81 81 81 81 211 81 81 211 211 211 211 81 211 211 81 81 211 81 81 81 211 81 81 211 81 211 211 211 211 81 81 81 81 81 211 211 81 81 211 81 211 211 211 211 81 211 211 81 81 211 81 211 81 211 211 81 81 211 81 81 81 81 211 81 81 81 81 211 81 211 81 211 81 81 211 81 211 211 211 211 211 211 81 211 211 211 211 211 211 211 81 211 81 211 81 81 81 211 81 81 211 211 211 81 211 81 81 211 211 81 81 81 211 81 81 81 81 1 211 211 
c [Signal] Signal interruption. Caught signal: SIGTERM (15).
c [Label = 213] Encoding starts with target value = 130:
c [Label = 213] Encoding duration: 1680ms.
c [Label = 213] Number of clauses: 954015.
c [Label = 213] Number of variables: 231624.
c [Label = 213] Solving duration: 25 ms.
s [Label = 213] SAT (w = 130).
c [Label = 213] Label assignment: 83 83 213 213 213 83 83 83 83 83 213 83 83 213 83 83 83 213 213 213 83 213 213 83 213 213 83 83 83 213 213 213 213 213 83 83 213 83 213 83 83 213 83 213 213 213 213 213 213 213 213 213 83 83 213 83 83 213 213 213 213 213 213 213 213 83 213 83 213 83 213 83 83 83 83 83 83 213 83 83 213 213 83 213 83 83 213 83 83 83 83 83 213 213 83 213 83 213 213 213 213 83 83 213 213 213 213 83 213 83 213 83 83 83 83 213 213 213 213 213 83 213 213 213 213 213 213 83 213 213 83 213 213 213 213 83 83 213 83 213 213 213 83 83 83 83 83 83 213 83 83 213 83 83 213 213 213 213 83 83 83 83 213 83 213 213 83 213 83 83 83 83 213 213 83 213 213 213 83 83 83 83 83 83 83 213 213 213 213 83 83 213 83 213 213 213 83 83 83 213 83 83 83 213 213 213 83 83 213 83 83 213 83 213 83 83 213 83 213 213 213 213 83 83 83 213 83 213 213 83 213 83 83 213 213 213 213 83 83 83 213 213 83 83 213 213 213 213 83 83 83 83 213 213 213 213 83 213 213 83 83 213 83 83 213 213 213 213 213 213 83 213 213 83 83 83 213 83 213 213 213 83 213 83 213 213 83 213 213 83 83 213 213 213 213 213 83 83 213 213 83 83 83 83 83 213 83 83 83 83 213 213 83 213 83 213 83 83 213 83 213 213 83 83 213 83 83 213 213 83 83 83 213 213 213 213 213 213 83 83 213 213 83 213 213 83 213 83 213 83 83 83 213 83 213 83 83 83 83 83 83 83 83 213 83 213 213 213 213 83 213 83 83 83 83 213 83 83 213 83 83 83 213 213 213 83 213 83 83 83 83 213 83 213 213 213 83 83 83 213 213 213 83 83 213 83 213 83 83 213 83 213 213 213 213 83 83 83 213 83 83 83 83 213 213 213 83 83 83 83 213 83 83 213 213 213 213 83 213 213 83 83 213 83 83 83 213 83 83 213 83 213 213 213 213 83 83 83 83 83 213 213 83 83 213 83 213 213 213 213 83 213 213 83 83 213 83 213 83 213 213 83 83 213 83 83 83 83 213 83 83 83 83 213 83 213 83 213 83 83 213 83 213 213 213 213 213 213 83 213 213 213 213 213 213 213 83 213 83 213 83 83 83 213 83 83 213 213 213 83 213 83 83 213 213 83 83 83 213 83 83 83 83 1 213 213 
c [Signal] Signal interruption. Caught signal: SIGTERM (15).
c [Label = 214] Encoding starts with target value = 130:
c [Label = 214] Encoding duration: 1712ms.
c [Label = 214] Number of clauses: 962110.
c [Label = 214] Number of variables: 232716.
c [Label = 214] Solving duration: 19 ms.
s [Label = 214] SAT (w = 130).
c [Label = 214] Label assignment: 84 84 214 214 214 84 84 84 84 84 214 84 84 214 84 84 84 214 214 214 84 214 214 84 214 214 84 84 84 214 214 214 214 214 84 84 214 84 214 84 84 214 84 214 214 214 214 214 214 214 214 214 84 84 214 84 84 214 214 214 214 214 214 214 214 84 214 84 214 84 214 84 84 84 84 84 84 214 84 84 214 214 84 214 84 84 214 84 84 84 84 84 214 214 84 214 84 214 214 214 214 84 84 214 214 214 214 84 214 84 214 84 84 84 84 214 214 214 214 214 84 214 214 214 214 214 214 84 214 214 84 214 214 214 214 84 84 214 84 214 214 214 84 84 84 84 84 84 214 84 84 214 84 84 214 214 214 214 84 84 84 84 214 84 214 214 84 214 84 84 84 84 214 214 84 214 214 214 84 84 84 84 84 84 84 214 214 214 214 84 84 214 84 214 214 214 84 84 84 214 84 84 84 214 214 214 84 84 214 84 84 214 84 214 84 84 214 84 214 214 214 214 84 84 84 214 84 214 214 84 214 84 84 214 214 214 214 84 84 84 214 214 84 84 214 214 214 214 84 84 84 84 214 214 214 214 84 214 214 84 84 214 84 84 214 214 214 214 214 214 84 214 214 84 84 84 214 84 214 214 214 84 214 84 214 214 84 214 214 84 84 214 214 214 214 214 84 84 214 214 84 84 84 84 84 214 84 84 84 84 214 214 84 214 84 214 84 84 214 84 214 214 84 84 214 84 84 214 214 84 84 84 214 214 214 214 214 214 84 84 214 214 84 214 214 84 214 84 214 84 84 84 214 84 214 84 84 84 84 84 84 84 84 214 84 214 214 214 214 84 214 84 84 84 84 214 84 84 214 84 84 84 214 214 214 84 214 84 84 84 84 214 84 214 214 214 84 84 84 214 214 214 84 84 214 84 214 84 84 214 84 214 214 214 214 84 84 84 214 84 84 84 84 214 214 214 84 84 84 84 214 84 84 214 214 214 214 84 214 214 84 84 214 84 84 84 214 84 84 214 84 214 214 214 214 84 84 84 84 84 214 214 84 84 214 84 214 214 214 214 84 214 214 84 84 214 84 214 84 214 214 84 84 214 84 84 84 84 214 84 84 84 84 214 84 214 84 214 84 84 214 84 214 214 214 214 214 214 84 214 214 214 214 214 214 214 84 214 84 214 84 84 84 214 84 84 214 214 214 84 214 84 84 214 214 84 84 84 214 84 84 84 84 1 214 214 
c [Signal] Signal interruption. Caught signal: SIGTERM (15).
c [Label = 215] Encoding starts with target value = 130:
c [Label = 215] Encoding duration: 1697ms.
c [Label = 215] Number of clauses: 970204.
c [Label = 215] Number of variables: 233808.
c [Label = 215] Solving duration: 20 ms.
s [Label = 215] SAT (w = 130).
c [Label = 215] Label assignment: 85 85 215 215 215 85 85 85 85 85 215 85 85 215 85 85 85 215 215 215 85 215 215 85 215 215 85 85 85 215 215 215 215 215 85 85 215 85 215 85 85 215 85 215 215 215 215 215 215 215 215 215 85 85 215 85 85 215 215 215 215 215 215 215 215 85 215 85 215 85 215 85 85 85 85 85 85 215 85 85 215 215 85 215 85 85 215 85 85 85 85 85 215 215 85 215 85 215 215 215 215 85 85 215 215 215 215 85 215 85 215 85 85 85 85 215 215 215 215 215 85 215 215 215 215 215 215 85 215 215 85 215 215 215 215 85 85 215 85 215 215 215 85 85 85 85 85 85 215 85 85 215 85 85 215 215 215 215 85 85 85 85 215 85 215 215 85 215 85 85 85 85 215 215 85 215 215 215 85 85 85 85 85 85 85 215 215 215 215 85 85 215 85 215 215 215 85 85 85 215 85 85 85 215 215 215 85 85 215 85 85 215 85 215 85 85 215 85 215 215 215 215 85 85 85 215 85 215 215 85 215 85 85 215 215 215 215 85 85 85 215 215 85 85 215 215 215 215 85 85 85 85 215 215 215 215 85 215 215 85 85 215 85 85 215 215 215 215 215 215 85 215 215 85 85 85 215 85 215 215 215 85 215 85 215 215 85 215 215 85 85 215 215 215 215 215 85 85 215 215 85 85 85 85 85 215 85 85 85 85 215 215 85 215 85 215 85 85 215 85 215 215 85 85 215 85 85 215 215 85 85 85 215 215 215 215 215 215 85 85 215 215 85 215 215 85 215 85 215 85 85 85 215 85 215 85 85 85 85 85 85 85 85 215 85 215 215 215 215 85 215 85 85 85 85 215 85 85 215 85 85 85 215 215 215 85 215 85 85 85 85 215 85 215 215 215 85 85 85 215 215 215 85 85 215 85 215 85 85 215 85 215 215 215 215 85 85 85 215 85 85 85 85 215 215 215 85 85 85 85 215 85 85 215 215 215 215 85 215 215 85 85 215 85 85 85 215 85 85 215 85 215 215 215 215 85 85 85 85 85 215 215 85 85 215 85 215 215 215 215 85 215 215 85 85 215 85 215 85 215 215 85 85 215 85 85 85 85 215 85 85 85 85 215 85 215 85 215 85 85 215 85 215 215 215 215 215 215 85 215 215 215 215 215 215 215 85 215 85 215 85 85 85 215 85 85 215 215 215 85 215 85 85 215 215 85 85 85 215 85 85 85 85 1 215 215 
c [Signal] Signal interruption. Caught signal: SIGTERM (15).
c [Label = 216] Encoding starts with target value = 130:
c [Label = 216] Encoding duration: 1735ms.
c [Label = 216] Number of clauses: 978299.
c [Label = 216] Number of variables: 234900.
c [Label = 216] Solving duration: 21 ms.
s [Label = 216] SAT (w = 130).
c [Label = 216] Label assignment: 86 86 216 216 216 86 86 86 86 86 216 86 86 216 86 86 86 216 216 216 86 216 216 86 216 216 86 86 86 216 216 216 216 216 86 86 216 86 216 86 86 216 86 216 216 216 216 216 216 216 216 216 86 86 216 86 86 216 216 216 216 216 216 216 216 86 216 86 216 86 216 86 86 86 86 86 86 216 86 86 216 216 86 216 86 86 216 86 86 86 86 86 216 216 86 216 86 216 216 216 216 86 86 216 216 216 216 86 216 86 216 86 86 86 86 216 216 216 216 216 86 216 216 216 216 216 216 86 216 216 86 216 216 216 216 86 86 216 86 216 216 216 86 86 86 86 86 86 216 86 86 216 86 86 216 216 216 216 86 86 86 86 216 86 216 216 86 216 86 86 86 86 216 216 86 216 216 216 86 86 86 86 86 86 86 216 216 216 216 86 86 216 86 216 216 216 86 86 86 216 86 86 86 216 216 216 86 86 216 86 86 216 86 216 86 86 216 86 216 216 216 216 86 86 86 216 86 216 216 86 216 86 86 216 216 216 216 86 86 86 216 216 86 86 216 216 216 216 86 86 86 86 216 216 216 216 86 216 216 86 86 216 86 86 216 216 216 216 216 216 86 216 216 86 86 86 216 86 216 216 216 86 216 86 216 216 86 216 216 86 86 216 216 216 216 216 86 86 216 216 86 86 86 86 86 216 86 86 86 86 216 216 86 216 86 216 86 86 216 86 216 216 86 86 216 86 86 216 216 86 86 86 216 216 216 216 216 216 86 86 216 216 86 216 216 86 216 86 216 86 86 86 216 86 216 86 86 86 86 86 86 86 86 216 86 216 216 216 216 86 216 86 86 86 86 216 86 86 216 86 86 86 216 216 216 86 216 86 86 86 86 216 86 216 216 216 86 86 86 216 216 216 86 86 216 86 216 86 86 216 86 216 216 216 216 86 86 86 216 86 86 86 86 216 216 216 86 86 86 86 216 86 86 216 216 216 216 86 216 216 86 86 216 86 86 86 216 86 86 216 86 216 216 216 216 86 86 86 86 86 216 216 86 86 216 86 216 216 216 216 86 216 216 86 86 216 86 216 86 216 216 86 86 216 86 86 86 86 216 86 86 86 86 216 86 216 86 216 86 86 216 86 216 216 216 216 216 216 86 216 216 216 216 216 216 216 86 216 86 216 86 86 86 216 86 86 216 216 216 86 216 86 86 216 216 86 86 86 216 86 86 86 86 1 216 216 
c [Signal] Signal interruption. Caught signal: SIGTERM (15).
c [Main] Lowest label SAT is set to 210.
c [Main] Kill higher label pid 211.
c [Main] Kill higher label pid 213.
c [Main] Kill higher label pid 214.
c [Main] Kill higher label pid 215.
c [Main] Kill higher label pid 216.
c [Main] Kill higher label pid 217.
c [Main] Kill higher label pid 212.
c [Label = 217] Encoding starts with target value = 130:
c [Label = 217] Encoding duration: 1763ms.
c [Label = 217] Number of clauses: 986393.
c [Label = 217] Number of variables: 235992.
c [Label = 217] Solving duration: 20 ms.
s [Label = 217] SAT (w = 130).
c [Label = 217] Label assignment: 87 87 217 217 217 87 87 87 87 87 217 87 87 217 87 87 87 217 217 217 87 217 217 87 217 217 87 87 87 217 217 217 217 217 87 87 217 87 217 87 87 217 87 217 217 217 217 217 217 217 217 217 87 87 217 87 87 217 217 217 217 217 217 217 217 87 217 87 217 87 217 87 87 87 87 87 87 217 87 87 217 217 87 217 87 87 217 87 87 87 87 87 217 217 87 217 87 217 217 217 217 87 87 217 217 217 217 87 217 87 217 87 87 87 87 217 217 217 217 217 87 217 217 217 217 217 217 87 217 217 87 217 217 217 217 87 87 217 87 217 217 217 87 87 87 87 87 87 217 87 87 217 87 87 217 217 217 217 87 87 87 87 217 87 217 217 87 217 87 87 87 87 217 217 87 217 217 217 87 87 87 87 87 87 87 217 217 217 217 87 87 217 87 217 217 217 87 87 87 217 87 87 87 217 217 217 87 87 217 87 87 217 87 217 87 87 217 87 217 217 217 217 87 87 87 217 87 217 217 87 217 87 87 217 217 217 217 87 87 87 217 217 87 87 217 217 217 217 87 87 87 87 217 217 217 217 87 217 217 87 87 217 87 87 217 217 217 217 217 217 87 217 217 87 87 87 217 87 217 217 217 87 217 87 217 217 87 217 217 87 87 217 217 217 217 217 87 87 217 217 87 87 87 87 87 217 87 87 87 87 217 217 87 217 87 217 87 87 217 87 217 217 87 87 217 87 87 217 217 87 87 87 217 217 217 217 217 217 87 87 217 217 87 217 217 87 217 87 217 87 87 87 217 87 217 87 87 87 87 87 87 87 87 217 87 217 217 217 217 87 217 87 87 87 87 217 87 87 217 87 87 87 217 217 217 87 217 87 87 87 87 217 87 217 217 217 87 87 87 217 217 217 87 87 217 87 217 87 87 217 87 217 217 217 217 87 87 87 217 87 87 87 87 217 217 217 87 87 87 87 217 87 87 217 217 217 217 87 217 217 87 87 217 87 87 87 217 87 87 217 87 217 217 217 217 87 87 87 87 87 217 217 87 87 217 87 217 217 217 217 87 217 217 87 87 217 87 217 87 217 217 87 87 217 87 87 87 87 217 87 87 87 87 217 87 217 87 217 87 87 217 87 217 217 217 217 217 217 87 217 217 217 217 217 217 217 87 217 87 217 87 87 87 217 87 87 217 217 217 87 217 87 87 217 217 87 87 87 217 87 87 87 87 1 217 217 
c [Signal] Signal interruption. Caught signal: SIGTERM (15).
c [Label = 212] Encoding starts with target value = 130:
c [Label = 212] Encoding duration: 1668ms.
c [Label = 212] Number of clauses: 945921.
c [Label = 212] Number of variables: 230532.
c [Label = 212] Solving duration: 23 ms.
s [Label = 212] SAT (w = 130).
c [Label = 212] Label assignment: 82 82 212 212 212 82 82 82 82 82 212 82 82 212 82 82 82 212 212 212 82 212 212 82 212 212 82 82 82 212 212 212 212 212 82 82 212 82 212 82 82 212 82 212 212 212 212 212 212 212 212 212 82 82 212 82 82 212 212 212 212 212 212 212 212 82 212 82 212 82 212 82 82 82 82 82 82 212 82 82 212 212 82 212 82 82 212 82 82 82 82 82 212 212 82 212 82 212 212 212 212 82 82 212 212 212 212 82 212 82 212 82 82 82 82 212 212 212 212 212 82 212 212 212 212 212 212 82 212 212 82 212 212 212 212 82 82 212 82 212 212 212 82 82 82 82 82 82 212 82 82 212 82 82 212 212 212 212 82 82 82 82 212 82 212 212 82 212 82 82 82 82 212 212 82 212 212 212 82 82 82 82 82 82 82 212 212 212 212 82 82 212 82 212 212 212 82 82 82 212 82 82 82 212 212 212 82 82 212 82 82 212 82 212 82 82 212 82 212 212 212 212 82 82 82 212 82 212 212 82 212 82 82 212 212 212 212 82 82 82 212 212 82 82 212 212 212 212 82 82 82 82 212 212 212 212 82 212 212 82 82 212 82 82 212 212 212 212 212 212 82 212 212 82 82 82 212 82 212 212 212 82 212 82 212 212 82 212 212 82 82 212 212 212 212 212 82 82 212 212 82 82 82 82 82 212 82 82 82 82 212 212 82 212 82 212 82 82 212 82 212 212 82 82 212 82 82 212 212 82 82 82 212 212 212 212 212 212 82 82 212 212 82 212 212 82 212 82 212 82 82 82 212 82 212 82 82 82 82 82 82 82 82 212 82 212 212 212 212 82 212 82 82 82 82 212 82 82 212 82 82 82 212 212 212 82 212 82 82 82 82 212 82 212 212 212 82 82 82 212 212 212 82 82 212 82 212 82 82 212 82 212 212 212 212 82 82 82 212 82 82 82 82 212 212 212 82 82 82 82 212 82 82 212 212 212 212 82 212 212 82 82 212 82 82 82 212 82 82 212 82 212 212 212 212 82 82 82 82 82 212 212 82 82 212 82 212 212 212 212 82 212 212 82 82 212 82 212 82 212 212 82 82 212 82 82 82 82 212 82 82 82 82 212 82 212 82 212 82 82 212 82 212 212 212 212 212 212 82 212 212 212 212 212 212 212 82 212 82 212 82 82 82 212 82 82 212 212 212 82 212 82 82 212 212 82 82 82 212 82 82 82 82 1 212 212 
c [Signal] Signal interruption. Caught signal: SIGTERM (15).
c [Label = 209] Minimize Makespan Labeling problem (S-sherman4.mtx.rnd):
c [Main] Child pid 217 - 54211 terminated by signal 15.
c [Label = 208] Minimize Makespan Labeling problem (S-sherman4.mtx.rnd):
c [Main] Child pid 214 - 54214 terminated by signal 15.
c [Label = 207] Minimize Makespan Labeling problem (S-sherman4.mtx.rnd):
c [Main] Child pid 213 - 54215 terminated by signal 15.
c [Main] Child pid 216 - 54212 terminated by signal 15.
c [Label = 206] Minimize Makespan Labeling problem (S-sherman4.mtx.rnd):
c [Main] Child pid 215 - 54213 terminated by signal 15.
c [Main] Child pid 212 - 54216 terminated by signal 15.
c [Main] Child pid 211 - 54217 terminated by signal 15.
c [Label = 205] Minimize Makespan Labeling problem (S-sherman4.mtx.rnd):
c [Label = 203] Minimize Makespan Labeling problem (S-sherman4.mtx.rnd):
c [Label = 204] Minimize Makespan Labeling problem (S-sherman4.mtx.rnd):
c [Label = 202] Minimize Makespan Labeling problem (S-sherman4.mtx.rnd):
c [Label = 203] Encoding starts with target value = 130:
c [Label = 203] Encoding duration: 1533ms.
c [Label = 203] Number of clauses: 873070.
c [Label = 203] Number of variables: 220704.
c [Label = 203] Solving duration: 21 ms.
s [Label = 203] SAT (w = 130).
c [Label = 203] Label assignment: 73 73 203 203 203 73 73 73 73 73 203 73 73 203 73 73 73 203 203 203 73 203 203 73 203 203 73 73 73 203 203 203 203 203 73 73 203 73 203 73 73 203 73 203 203 203 203 203 203 203 203 203 73 73 203 73 73 203 203 203 203 203 203 203 203 73 203 73 203 73 203 73 73 73 73 73 73 203 73 73 203 203 73 203 73 73 203 73 73 73 73 73 203 203 73 203 73 203 203 203 203 73 73 203 203 203 203 73 203 73 203 73 73 73 73 203 203 203 203 203 73 203 203 203 203 203 203 73 203 203 73 203 203 203 203 73 73 203 73 203 203 203 73 73 73 73 73 73 203 73 73 203 73 73 203 203 203 203 73 73 73 73 203 73 203 203 73 203 73 73 73 73 203 203 73 203 203 203 73 73 73 73 73 73 73 203 203 203 203 73 73 203 73 203 203 203 73 73 73 203 73 73 73 203 203 203 73 73 203 73 73 203 73 203 73 73 203 73 203 203 203 203 73 73 73 203 73 203 203 73 203 73 73 203 203 203 203 73 73 73 203 203 73 73 203 203 203 203 73 73 73 73 203 203 203 203 73 203 203 73 73 203 73 73 203 203 203 203 203 203 73 203 203 73 73 73 203 73 203 203 203 73 203 73 203 203 73 203 203 73 73 203 203 203 203 203 73 73 203 203 73 73 73 73 73 203 73 73 73 73 203 203 73 203 73 203 73 73 203 73 203 203 73 73 203 73 73 203 203 73 73 73 203 203 203 203 203 203 73 73 203 203 73 203 203 73 203 73 203 73 73 73 203 73 203 73 73 73 73 73 73 73 73 203 73 203 203 203 203 73 203 73 73 73 73 203 73 73 203 73 73 73 203 203 203 73 203 73 73 73 73 203 73 203 203 203 73 73 73 203 203 203 73 73 203 73 203 73 73 203 73 203 203 203 203 73 73 73 203 73 73 73 73 203 203 203 73 73 73 73 203 73 73 203 203 203 203 73 203 203 73 73 203 73 73 73 203 73 73 203 73 203 203 203 203 73 73 73 73 73 203 203 73 73 203 73 203 203 203 203 73 203 203 73 73 203 73 203 73 203 203 73 73 203 73 73 73 73 203 73 73 73 73 203 73 203 73 203 73 73 203 73 203 203 203 203 203 203 73 203 203 203 203 203 203 203 73 203 73 203 73 73 73 203 73 73 203 203 203 73 203 73 73 203 203 73 73 73 203 73 73 73 73 1 203 203 
c [Label = 202] Encoding starts with target value = 130:
c [Label = 202] Encoding duration: 1533ms.
c [Label = 202] Number of clauses: 864976.
c [Label = 202] Number of variables: 219612.
c [Label = 202] Solving duration: 19 ms.
s [Label = 202] SAT (w = 130).
c [Label = 202] Label assignment: 72 72 202 202 202 72 72 72 72 72 202 72 72 202 72 72 72 202 202 202 72 202 202 72 202 202 72 72 72 202 202 202 202 202 72 72 202 72 202 72 72 202 72 202 202 202 202 202 202 202 202 202 72 72 202 72 72 202 202 202 202 202 202 202 202 72 202 72 202 72 202 72 72 72 72 72 72 202 72 72 202 202 72 202 72 72 202 72 72 72 72 72 202 202 72 202 72 202 202 202 202 72 72 202 202 202 202 72 202 72 202 72 72 72 72 202 202 202 202 202 72 202 202 202 202 202 202 72 202 202 72 202 202 202 202 72 72 202 72 202 202 202 72 72 72 72 72 72 202 72 72 202 72 72 202 202 202 202 72 72 72 72 202 72 202 202 72 202 72 72 72 72 202 202 72 202 202 202 72 72 72 72 72 72 72 202 202 202 202 72 72 202 72 202 202 202 72 72 72 202 72 72 72 202 202 202 72 72 202 72 72 202 72 202 72 72 202 72 202 202 202 202 72 72 72 202 72 202 202 72 202 72 72 202 202 202 202 72 72 72 202 202 72 72 202 202 202 202 72 72 72 72 202 202 202 202 72 202 202 72 72 202 72 72 202 202 202 202 202 202 72 202 202 72 72 72 202 72 202 202 202 72 202 72 202 202 72 202 202 72 72 202 202 202 202 202 72 72 202 202 72 72 72 72 72 202 72 72 72 72 202 202 72 202 72 202 72 72 202 72 202 202 72 72 202 72 72 202 202 72 72 72 202 202 202 202 202 202 72 72 202 202 72 202 202 72 202 72 202 72 72 72 202 72 202 72 72 72 72 72 72 72 72 202 72 202 202 202 202 72 202 72 72 72 72 202 72 72 202 72 72 72 202 202 202 72 202 72 72 72 72 202 72 202 202 202 72 72 72 202 202 202 72 72 202 72 202 72 72 202 72 202 202 202 202 72 72 72 202 72 72 72 72 202 202 202 72 72 72 72 202 72 72 202 202 202 202 72 202 202 72 72 202 72 72 72 202 72 72 202 72 202 202 202 202 72 72 72 72 72 202 202 72 72 202 72 202 202 202 202 72 202 202 72 72 202 72 202 72 202 202 72 72 202 72 72 72 72 202 72 72 72 72 202 72 202 72 202 72 72 202 72 202 202 202 202 202 202 72 202 202 202 202 202 202 202 72 202 72 202 72 72 72 202 72 72 202 202 202 72 202 72 72 202 202 72 72 72 202 72 72 72 72 1 202 202 
c [Label = 204] Encoding starts with target value = 130:
c [Label = 204] Encoding duration: 1553ms.
c [Label = 204] Number of clauses: 881165.
c [Label = 204] Number of variables: 221796.
c [Label = 204] Solving duration: 21 ms.
s [Label = 204] SAT (w = 130).
c [Label = 204] Label assignment: 74 74 204 204 204 74 74 74 74 74 204 74 74 204 74 74 74 204 204 204 74 204 204 74 204 204 74 74 74 204 204 204 204 204 74 74 204 74 204 74 74 204 74 204 204 204 204 204 204 204 204 204 74 74 204 74 74 204 204 204 204 204 204 204 204 74 204 74 204 74 204 74 74 74 74 74 74 204 74 74 204 204 74 204 74 74 204 74 74 74 74 74 204 204 74 204 74 204 204 204 204 74 74 204 204 204 204 74 204 74 204 74 74 74 74 204 204 204 204 204 74 204 204 204 204 204 204 74 204 204 74 204 204 204 204 74 74 204 74 204 204 204 74 74 74 74 74 74 204 74 74 204 74 74 204 204 204 204 74 74 74 74 204 74 204 204 74 204 74 74 74 74 204 204 74 204 204 204 74 74 74 74 74 74 74 204 204 204 204 74 74 204 74 204 204 204 74 74 74 204 74 74 74 204 204 204 74 74 204 74 74 204 74 204 74 74 204 74 204 204 204 204 74 74 74 204 74 204 204 74 204 74 74 204 204 204 204 74 74 74 204 204 74 74 204 204 204 204 74 74 74 74 204 204 204 204 74 204 204 74 74 204 74 74 204 204 204 204 204 204 74 204 204 74 74 74 204 74 204 204 204 74 204 74 204 204 74 204 204 74 74 204 204 204 204 204 74 74 204 204 74 74 74 74 74 204 74 74 74 74 204 204 74 204 74 204 74 74 204 74 204 204 74 74 204 74 74 204 204 74 74 74 204 204 204 204 204 204 74 74 204 204 74 204 204 74 204 74 204 74 74 74 204 74 204 74 74 74 74 74 74 74 74 204 74 204 204 204 204 74 204 74 74 74 74 204 74 74 204 74 74 74 204 204 204 74 204 74 74 74 74 204 74 204 204 204 74 74 74 204 204 204 74 74 204 74 204 74 74 204 74 204 204 204 204 74 74 74 204 74 74 74 74 204 204 204 74 74 74 74 204 74 74 204 204 204 204 74 204 204 74 74 204 74 74 74 204 74 74 204 74 204 204 204 204 74 74 74 74 74 204 204 74 74 204 74 204 204 204 204 74 204 204 74 74 204 74 204 74 204 204 74 74 204 74 74 74 74 204 74 74 74 74 204 74 204 74 204 74 74 204 74 204 204 204 204 204 204 74 204 204 204 204 204 204 204 74 204 74 204 74 74 74 204 74 74 204 204 204 74 204 74 74 204 204 74 74 74 204 74 74 74 74 1 204 204 
c [Label = 205] Encoding starts with target value = 130:
c [Label = 205] Encoding duration: 1562ms.
c [Label = 205] Number of clauses: 889259.
c [Label = 205] Number of variables: 222888.
c [Label = 205] Solving duration: 21 ms.
s [Label = 205] SAT (w = 130).
c [Label = 205] Label assignment: 75 75 205 205 205 75 75 75 75 75 205 75 75 205 75 75 75 205 205 205 75 205 205 75 205 205 75 75 75 205 205 205 205 205 75 75 205 75 205 75 75 205 75 205 205 205 205 205 205 205 205 205 75 75 205 75 75 205 205 205 205 205 205 205 205 75 205 75 205 75 205 75 75 75 75 75 75 205 75 75 205 205 75 205 75 75 205 75 75 75 75 75 205 205 75 205 75 205 205 205 205 75 75 205 205 205 205 75 205 75 205 75 75 75 75 205 205 205 205 205 75 205 205 205 205 205 205 75 205 205 75 205 205 205 205 75 75 205 75 205 205 205 75 75 75 75 75 75 205 75 75 205 75 75 205 205 205 205 75 75 75 75 205 75 205 205 75 205 75 75 75 75 205 205 75 205 205 205 75 75 75 75 75 75 75 205 205 205 205 75 75 205 75 205 205 205 75 75 75 205 75 75 75 205 205 205 75 75 205 75 75 205 75 205 75 75 205 75 205 205 205 205 75 75 75 205 75 205 205 75 205 75 75 205 205 205 205 75 75 75 205 205 75 75 205 205 205 205 75 75 75 75 205 205 205 205 75 205 205 75 75 205 75 75 205 205 205 205 205 205 75 205 205 75 75 75 205 75 205 205 205 75 205 75 205 205 75 205 205 75 75 205 205 205 205 205 75 75 205 205 75 75 75 75 75 205 75 75 75 75 205 205 75 205 75 205 75 75 205 75 205 205 75 75 205 75 75 205 205 75 75 75 205 205 205 205 205 205 75 75 205 205 75 205 205 75 205 75 205 75 75 75 205 75 205 75 75 75 75 75 75 75 75 205 75 205 205 205 205 75 205 75 75 75 75 205 75 75 205 75 75 75 205 205 205 75 205 75 75 75 75 205 75 205 205 205 75 75 75 205 205 205 75 75 205 75 205 75 75 205 75 205 205 205 205 75 75 75 205 75 75 75 75 205 205 205 75 75 75 75 205 75 75 205 205 205 205 75 205 205 75 75 205 75 75 75 205 75 75 205 75 205 205 205 205 75 75 75 75 75 205 205 75 75 205 75 205 205 205 205 75 205 205 75 75 205 75 205 75 205 205 75 75 205 75 75 75 75 205 75 75 75 75 205 75 205 75 205 75 75 205 75 205 205 205 205 205 205 75 205 205 205 205 205 205 205 75 205 75 205 75 75 75 205 75 75 205 205 205 75 205 75 75 205 205 75 75 75 205 75 75 75 75 1 205 205 
c [Signal] Signal interruption. Caught signal: SIGTERM (15).
c [Label = 206] Encoding starts with target value = 130:
c [Label = 206] Encoding duration: 1576ms.
c [Label = 206] Number of clauses: 897354.
c [Label = 206] Number of variables: 223980.
c [Label = 206] Solving duration: 17 ms.
s [Label = 206] SAT (w = 130).
c [Label = 206] Label assignment: 76 76 206 206 206 76 76 76 76 76 206 76 76 206 76 76 76 206 206 206 76 206 206 76 206 206 76 76 76 206 206 206 206 206 76 76 206 76 206 76 76 206 76 206 206 206 206 206 206 206 206 206 76 76 206 76 76 206 206 206 206 206 206 206 206 76 206 76 206 76 206 76 76 76 76 76 76 206 76 76 206 206 76 206 76 76 206 76 76 76 76 76 206 206 76 206 76 206 206 206 206 76 76 206 206 206 206 76 206 76 206 76 76 76 76 206 206 206 206 206 76 206 206 206 206 206 206 76 206 206 76 206 206 206 206 76 76 206 76 206 206 206 76 76 76 76 76 76 206 76 76 206 76 76 206 206 206 206 76 76 76 76 206 76 206 206 76 206 76 76 76 76 206 206 76 206 206 206 76 76 76 76 76 76 76 206 206 206 206 76 76 206 76 206 206 206 76 76 76 206 76 76 76 206 206 206 76 76 206 76 76 206 76 206 76 76 206 76 206 206 206 206 76 76 76 206 76 206 206 76 206 76 76 206 206 206 206 76 76 76 206 206 76 76 206 206 206 206 76 76 76 76 206 206 206 206 76 206 206 76 76 206 76 76 206 206 206 206 206 206 76 206 206 76 76 76 206 76 206 206 206 76 206 76 206 206 76 206 206 76 76 206 206 206 206 206 76 76 206 206 76 76 76 76 76 206 76 76 76 76 206 206 76 206 76 206 76 76 206 76 206 206 76 76 206 76 76 206 206 76 76 76 206 206 206 206 206 206 76 76 206 206 76 206 206 76 206 76 206 76 76 76 206 76 206 76 76 76 76 76 76 76 76 206 76 206 206 206 206 76 206 76 76 76 76 206 76 76 206 76 76 76 206 206 206 76 206 76 76 76 76 206 76 206 206 206 76 76 76 206 206 206 76 76 206 76 206 76 76 206 76 206 206 206 206 76 76 76 206 76 76 76 76 206 206 206 76 76 76 76 206 76 76 206 206 206 206 76 206 206 76 76 206 76 76 76 206 76 76 206 76 206 206 206 206 76 76 76 76 76 206 206 76 76 206 76 206 206 206 206 76 206 206 76 76 206 76 206 76 206 206 76 76 206 76 76 76 76 206 76 76 76 76 206 76 206 76 206 76 76 206 76 206 206 206 206 206 206 76 206 206 206 206 206 206 206 76 206 76 206 76 76 76 206 76 76 206 206 206 76 206 76 76 206 206 76 76 76 206 76 76 76 76 1 206 206 
c [Signal] Signal interruption. Caught signal: SIGTERM (15).
c [Main] Lowest label SAT is set to 203.
c [Main] Kill higher label pid 204.
c [Main] Kill higher label pid 205.
c [Main] Kill higher label pid 206.
c [Main] Kill higher label pid 207.
c [Main] Kill higher label pid 208.
c [Main] Kill higher label pid 209.
c [Label = 207] Encoding starts with target value = 130:
c [Label = 207] Encoding duration: 1583ms.
c [Label = 207] Number of clauses: 905448.
c [Label = 207] Number of variables: 225072.
c [Label = 207] Solving duration: 17 ms.
s [Label = 207] SAT (w = 130).
c [Label = 207] Label assignment: 77 77 207 207 207 77 77 77 77 77 207 77 77 207 77 77 77 207 207 207 77 207 207 77 207 207 77 77 77 207 207 207 207 207 77 77 207 77 207 77 77 207 77 207 207 207 207 207 207 207 207 207 77 77 207 77 77 207 207 207 207 207 207 207 207 77 207 77 207 77 207 77 77 77 77 77 77 207 77 77 207 207 77 207 77 77 207 77 77 77 77 77 207 207 77 207 77 207 207 207 207 77 77 207 207 207 207 77 207 77 207 77 77 77 77 207 207 207 207 207 77 207 207 207 207 207 207 77 207 207 77 207 207 207 207 77 77 207 77 207 207 207 77 77 77 77 77 77 207 77 77 207 77 77 207 207 207 207 77 77 77 77 207 77 207 207 77 207 77 77 77 77 207 207 77 207 207 207 77 77 77 77 77 77 77 207 207 207 207 77 77 207 77 207 207 207 77 77 77 207 77 77 77 207 207 207 77 77 207 77 77 207 77 207 77 77 207 77 207 207 207 207 77 77 77 207 77 207 207 77 207 77 77 207 207 207 207 77 77 77 207 207 77 77 207 207 207 207 77 77 77 77 207 207 207 207 77 207 207 77 77 207 77 77 207 207 207 207 207 207 77 207 207 77 77 77 207 77 207 207 207 77 207 77 207 207 77 207 207 77 77 207 207 207 207 207 77 77 207 207 77 77 77 77 77 207 77 77 77 77 207 207 77 207 77 207 77 77 207 77 207 207 77 77 207 77 77 207 207 77 77 77 207 207 207 207 207 207 77 77 207 207 77 207 207 77 207 77 207 77 77 77 207 77 207 77 77 77 77 77 77 77 77 207 77 207 207 207 207 77 207 77 77 77 77 207 77 77 207 77 77 77 207 207 207 77 207 77 77 77 77 207 77 207 207 207 77 77 77 207 207 207 77 77 207 77 207 77 77 207 77 207 207 207 207 77 77 77 207 77 77 77 77 207 207 207 77 77 77 77 207 77 77 207 207 207 207 77 207 207 77 77 207 77 77 77 207 77 77 207 77 207 207 207 207 77 77 77 77 77 207 207 77 77 207 77 207 207 207 207 77 207 207 77 77 207 77 207 77 207 207 77 77 207 77 77 77 77 207 77 77 77 77 207 77 207 77 207 77 77 207 77 207 207 207 207 207 207 77 207 207 207 207 207 207 207 77 207 77 207 77 77 77 207 77 77 207 207 207 77 207 77 77 207 207 77 77 77 207 77 77 77 77 1 207 207 
c [Signal] Signal interruption. Caught signal: SIGTERM (15).
c [Label = 208] Encoding starts with target value = 130:
c [Label = 208] Encoding duration: 1594ms.
c [Label = 208] Number of clauses: 913543.
c [Label = 208] Number of variables: 226164.
c [Label = 208] Solving duration: 18 ms.
s [Label = 208] SAT (w = 130).
c [Label = 208] Label assignment: 78 78 208 208 208 78 78 78 78 78 208 78 78 208 78 78 78 208 208 208 78 208 208 78 208 208 78 78 78 208 208 208 208 208 78 78 208 78 208 78 78 208 78 208 208 208 208 208 208 208 208 208 78 78 208 78 78 208 208 208 208 208 208 208 208 78 208 78 208 78 208 78 78 78 78 78 78 208 78 78 208 208 78 208 78 78 208 78 78 78 78 78 208 208 78 208 78 208 208 208 208 78 78 208 208 208 208 78 208 78 208 78 78 78 78 208 208 208 208 208 78 208 208 208 208 208 208 78 208 208 78 208 208 208 208 78 78 208 78 208 208 208 78 78 78 78 78 78 208 78 78 208 78 78 208 208 208 208 78 78 78 78 208 78 208 208 78 208 78 78 78 78 208 208 78 208 208 208 78 78 78 78 78 78 78 208 208 208 208 78 78 208 78 208 208 208 78 78 78 208 78 78 78 208 208 208 78 78 208 78 78 208 78 208 78 78 208 78 208 208 208 208 78 78 78 208 78 208 208 78 208 78 78 208 208 208 208 78 78 78 208 208 78 78 208 208 208 208 78 78 78 78 208 208 208 208 78 208 208 78 78 208 78 78 208 208 208 208 208 208 78 208 208 78 78 78 208 78 208 208 208 78 208 78 208 208 78 208 208 78 78 208 208 208 208 208 78 78 208 208 78 78 78 78 78 208 78 78 78 78 208 208 78 208 78 208 78 78 208 78 208 208 78 78 208 78 78 208 208 78 78 78 208 208 208 208 208 208 78 78 208 208 78 208 208 78 208 78 208 78 78 78 208 78 208 78 78 78 78 78 78 78 78 208 78 208 208 208 208 78 208 78 78 78 78 208 78 78 208 78 78 78 208 208 208 78 208 78 78 78 78 208 78 208 208 208 78 78 78 208 208 208 78 78 208 78 208 78 78 208 78 208 208 208 208 78 78 78 208 78 78 78 78 208 208 208 78 78 78 78 208 78 78 208 208 208 208 78 208 208 78 78 208 78 78 78 208 78 78 208 78 208 208 208 208 78 78 78 78 78 208 208 78 78 208 78 208 208 208 208 78 208 208 78 78 208 78 208 78 208 208 78 78 208 78 78 78 78 208 78 78 78 78 208 78 208 78 208 78 78 208 78 208 208 208 208 208 208 78 208 208 208 208 208 208 208 78 208 78 208 78 78 78 208 78 78 208 208 208 78 208 78 78 208 208 78 78 78 208 78 78 78 78 1 208 208 
c [Signal] Signal interruption. Caught signal: SIGTERM (15).
c [Label = 209] Encoding starts with target value = 130:
c [Label = 209] Encoding duration: 1627ms.
c [Label = 209] Number of clauses: 921637.
c [Label = 209] Number of variables: 227256.
c [Label = 209] Solving duration: 18 ms.
s [Label = 209] SAT (w = 130).
c [Label = 209] Label assignment: 79 79 209 209 209 79 79 79 79 79 209 79 79 209 79 79 79 209 209 209 79 209 209 79 209 209 79 79 79 209 209 209 209 209 79 79 209 79 209 79 79 209 79 209 209 209 209 209 209 209 209 209 79 79 209 79 79 209 209 209 209 209 209 209 209 79 209 79 209 79 209 79 79 79 79 79 79 209 79 79 209 209 79 209 79 79 209 79 79 79 79 79 209 209 79 209 79 209 209 209 209 79 79 209 209 209 209 79 209 79 209 79 79 79 79 209 209 209 209 209 79 209 209 209 209 209 209 79 209 209 79 209 209 209 209 79 79 209 79 209 209 209 79 79 79 79 79 79 209 79 79 209 79 79 209 209 209 209 79 79 79 79 209 79 209 209 79 209 79 79 79 79 209 209 79 209 209 209 79 79 79 79 79 79 79 209 209 209 209 79 79 209 79 209 209 209 79 79 79 209 79 79 79 209 209 209 79 79 209 79 79 209 79 209 79 79 209 79 209 209 209 209 79 79 79 209 79 209 209 79 209 79 79 209 209 209 209 79 79 79 209 209 79 79 209 209 209 209 79 79 79 79 209 209 209 209 79 209 209 79 79 209 79 79 209 209 209 209 209 209 79 209 209 79 79 79 209 79 209 209 209 79 209 79 209 209 79 209 209 79 79 209 209 209 209 209 79 79 209 209 79 79 79 79 79 209 79 79 79 79 209 209 79 209 79 209 79 79 209 79 209 209 79 79 209 79 79 209 209 79 79 79 209 209 209 209 209 209 79 79 209 209 79 209 209 79 209 79 209 79 79 79 209 79 209 79 79 79 79 79 79 79 79 209 79 209 209 209 209 79 209 79 79 79 79 209 79 79 209 79 79 79 209 209 209 79 209 79 79 79 79 209 79 209 209 209 79 79 79 209 209 209 79 79 209 79 209 79 79 209 79 209 209 209 209 79 79 79 209 79 79 79 79 209 209 209 79 79 79 79 209 79 79 209 209 209 209 79 209 209 79 79 209 79 79 79 209 79 79 209 79 209 209 209 209 79 79 79 79 79 209 209 79 79 209 79 209 209 209 209 79 209 209 79 79 209 79 209 79 209 209 79 79 209 79 79 79 79 209 79 79 79 79 209 79 209 79 209 79 79 209 79 209 209 209 209 209 209 79 209 209 209 209 209 209 209 79 209 79 209 79 79 79 209 79 79 209 209 209 79 209 79 79 209 209 79 79 79 209 79 79 79 79 1 209 209 
c [Signal] Signal interruption. Caught signal: SIGTERM (15).
c [Label = 201] Minimize Makespan Labeling problem (S-sherman4.mtx.rnd):
c [Main] Lowest label SAT is set to 202.
c [Main] Kill higher label pid 204.
c [Main] Kill higher label pid 205.
c [Main] Kill higher label pid 206.
c [Main] Kill higher label pid 207.
c [Main] Kill higher label pid 208.
c [Main] Kill higher label pid 209.
c [Label = 200] Minimize Makespan Labeling problem (S-sherman4.mtx.rnd):
c [Main] Kill higher label pid 205.
c [Main] Kill higher label pid 206.
c [Main] Kill higher label pid 207.
c [Main] Kill higher label pid 208.
c [Main] Kill higher label pid 209.
c [Label = 199] Minimize Makespan Labeling problem (S-sherman4.mtx.rnd):
c [Main] Child pid 205 - 54225 terminated by signal 15.
c [Label = 198] Minimize Makespan Labeling problem (S-sherman4.mtx.rnd):
c [Main] Child pid 206 - 54224 terminated by signal 15.
c [Main] Child pid 207 - 54223 terminated by signal 15.
c [Main] Child pid 209 - 54221 terminated by signal 15.
c [Label = 197] Minimize Makespan Labeling problem (S-sherman4.mtx.rnd):
c [Main] Child pid 208 - 54222 terminated by signal 15.
c [Label = 196] Minimize Makespan Labeling problem (S-sherman4.mtx.rnd):
c [Label = 195] Minimize Makespan Labeling problem (S-sherman4.mtx.rnd):
c [Label = 194] Minimize Makespan Labeling problem (S-sherman4.mtx.rnd):
c [Label = 195] Encoding starts with target value = 130:
c [Label = 195] Encoding duration: 1413ms.
c [Label = 195] Number of clauses: 808314.
c [Label = 195] Number of variables: 211968.
c [Label = 195] Solving duration: 16 ms.
s [Label = 195] SAT (w = 130).
c [Label = 195] Label assignment: 65 65 195 195 195 65 65 65 65 65 195 65 65 195 65 65 65 195 195 195 65 195 195 65 195 195 65 65 65 195 195 195 195 195 65 65 195 65 195 65 65 195 65 195 195 195 195 195 195 195 195 195 65 65 195 65 65 195 195 195 195 195 195 195 195 65 195 65 195 65 195 65 65 65 65 65 65 195 65 65 195 195 65 195 65 65 195 65 65 65 65 65 195 195 65 195 65 195 195 195 195 65 65 195 195 195 195 65 195 65 195 65 65 65 65 195 195 195 195 195 65 195 195 195 195 195 195 65 195 195 65 195 195 195 195 65 65 195 65 195 195 195 65 65 65 65 65 65 195 65 65 195 65 65 195 195 195 195 65 65 65 65 195 65 195 195 65 195 65 65 65 65 195 195 65 195 195 195 65 65 65 65 65 65 65 195 195 195 195 65 65 195 65 195 195 195 65 65 65 195 65 65 65 195 195 195 65 65 195 65 65 195 65 195 65 65 195 65 195 195 195 195 65 65 65 195 65 195 195 65 195 65 65 195 195 195 195 65 65 65 195 195 65 65 195 195 195 195 65 65 65 65 195 195 195 195 65 195 195 65 65 195 65 65 195 195 195 195 195 195 65 195 195 65 65 65 195 65 195 195 195 65 195 65 195 195 65 195 195 65 65 195 195 195 195 195 65 65 195 195 65 65 65 65 65 195 65 65 65 65 195 195 65 195 65 195 65 65 195 65 195 195 65 65 195 65 65 195 195 65 65 65 195 195 195 195 195 195 65 65 195 195 65 195 195 65 195 65 195 65 65 65 195 65 195 65 65 65 65 65 65 65 65 195 65 195 195 195 195 65 195 65 65 65 65 195 65 65 195 65 65 65 195 195 195 65 195 65 65 65 65 195 65 195 195 195 65 65 65 195 195 195 65 65 195 65 195 65 65 195 65 195 195 195 195 65 65 65 195 65 65 65 65 195 195 195 65 65 65 65 195 65 65 195 195 195 195 65 195 195 65 65 195 65 65 65 195 65 65 195 65 195 195 195 195 65 65 65 65 65 195 195 65 65 195 65 195 195 195 195 65 195 195 65 65 195 65 195 65 195 195 65 65 195 65 65 65 65 195 65 65 65 65 195 65 195 65 195 65 65 195 65 195 195 195 195 195 195 65 195 195 195 195 195 195 195 65 195 65 195 65 65 65 195 65 65 195 195 195 65 195 65 65 195 195 65 65 65 195 65 65 65 65 1 195 195 
c [Label = 194] Encoding starts with target value = 130:
c [Label = 194] Encoding duration: 1413ms.
c [Label = 194] Number of clauses: 800220.
c [Label = 194] Number of variables: 210876.
c [Label = 194] Solving duration: 16 ms.
s [Label = 194] SAT (w = 130).
c [Label = 194] Label assignment: 64 64 194 194 194 64 64 64 64 64 194 64 64 194 64 64 64 194 194 194 64 194 194 64 194 194 64 64 64 194 194 194 194 194 64 64 194 64 194 64 64 194 64 194 194 194 194 194 194 194 194 194 64 64 194 64 64 194 194 194 194 194 194 194 194 64 194 64 194 64 194 64 64 64 64 64 64 194 64 64 194 194 64 194 64 64 194 64 64 64 64 64 194 194 64 194 64 194 194 194 194 64 64 194 194 194 194 64 194 64 194 64 64 64 64 194 194 194 194 194 64 194 194 194 194 194 194 64 194 194 64 194 194 194 194 64 64 194 64 194 194 194 64 64 64 64 64 64 194 64 64 194 64 64 194 194 194 194 64 64 64 64 194 64 194 194 64 194 64 64 64 64 194 194 64 194 194 194 64 64 64 64 64 64 64 194 194 194 194 64 64 194 64 194 194 194 64 64 64 194 64 64 64 194 194 194 64 64 194 64 64 194 64 194 64 64 194 64 194 194 194 194 64 64 64 194 64 194 194 64 194 64 64 194 194 194 194 64 64 64 194 194 64 64 194 194 194 194 64 64 64 64 194 194 194 194 64 194 194 64 64 194 64 64 194 194 194 194 194 194 64 194 194 64 64 64 194 64 194 194 194 64 194 64 194 194 64 194 194 64 64 194 194 194 194 194 64 64 194 194 64 64 64 64 64 194 64 64 64 64 194 194 64 194 64 194 64 64 194 64 194 194 64 64 194 64 64 194 194 64 64 64 194 194 194 194 194 194 64 64 194 194 64 194 194 64 194 64 194 64 64 64 194 64 194 64 64 64 64 64 64 64 64 194 64 194 194 194 194 64 194 64 64 64 64 194 64 64 194 64 64 64 194 194 194 64 194 64 64 64 64 194 64 194 194 194 64 64 64 194 194 194 64 64 194 64 194 64 64 194 64 194 194 194 194 64 64 64 194 64 64 64 64 194 194 194 64 64 64 64 194 64 64 194 194 194 194 64 194 194 64 64 194 64 64 64 194 64 64 194 64 194 194 194 194 64 64 64 64 64 194 194 64 64 194 64 194 194 194 194 64 194 194 64 64 194 64 194 64 194 194 64 64 194 64 64 64 64 194 64 64 64 64 194 64 194 64 194 64 64 194 64 194 194 194 194 194 194 64 194 194 194 194 194 194 194 64 194 64 194 64 64 64 194 64 64 194 194 194 64 194 64 64 194 194 64 64 64 194 64 64 64 64 1 194 194 
c [Label = 198] Encoding starts with target value = 130:
c [Label = 198] Encoding duration: 1463ms.
c [Label = 198] Number of clauses: 832598.
c [Label = 198] Number of variables: 215244.
c [Label = 198] Solving duration: 15 ms.
s [Label = 198] SAT (w = 130).
c [Label = 198] Label assignment: 68 68 198 198 198 68 68 68 68 68 198 68 68 198 68 68 68 198 198 198 68 198 198 68 198 198 68 68 68 198 198 198 198 198 68 68 198 68 198 68 68 198 68 198 198 198 198 198 198 198 198 198 68 68 198 68 68 198 198 198 198 198 198 198 198 68 198 68 198 68 198 68 68 68 68 68 68 198 68 68 198 198 68 198 68 68 198 68 68 68 68 68 198 198 68 198 68 198 198 198 198 68 68 198 198 198 198 68 198 68 198 68 68 68 68 198 198 198 198 198 68 198 198 198 198 198 198 68 198 198 68 198 198 198 198 68 68 198 68 198 198 198 68 68 68 68 68 68 198 68 68 198 68 68 198 198 198 198 68 68 68 68 198 68 198 198 68 198 68 68 68 68 198 198 68 198 198 198 68 68 68 68 68 68 68 198 198 198 198 68 68 198 68 198 198 198 68 68 68 198 68 68 68 198 198 198 68 68 198 68 68 198 68 198 68 68 198 68 198 198 198 198 68 68 68 198 68 198 198 68 198 68 68 198 198 198 198 68 68 68 198 198 68 68 198 198 198 198 68 68 68 68 198 198 198 198 68 198 198 68 68 198 68 68 198 198 198 198 198 198 68 198 198 68 68 68 198 68 198 198 198 68 198 68 198 198 68 198 198 68 68 198 198 198 198 198 68 68 198 198 68 68 68 68 68 198 68 68 68 68 198 198 68 198 68 198 68 68 198 68 198 198 68 68 198 68 68 198 198 68 68 68 198 198 198 198 198 198 68 68 198 198 68 198 198 68 198 68 198 68 68 68 198 68 198 68 68 68 68 68 68 68 68 198 68 198 198 198 198 68 198 68 68 68 68 198 68 68 198 68 68 68 198 198 198 68 198 68 68 68 68 198 68 198 198 198 68 68 68 198 198 198 68 68 198 68 198 68 68 198 68 198 198 198 198 68 68 68 198 68 68 68 68 198 198 198 68 68 68 68 198 68 68 198 198 198 198 68 198 198 68 68 198 68 68 68 198 68 68 198 68 198 198 198 198 68 68 68 68 68 198 198 68 68 198 68 198 198 198 198 68 198 198 68 68 198 68 198 68 198 198 68 68 198 68 68 68 68 198 68 68 68 68 198 68 198 68 198 68 68 198 68 198 198 198 198 198 198 68 198 198 198 198 198 198 198 68 198 68 198 68 68 68 198 68 68 198 198 198 68 198 68 68 198 198 68 68 68 198 68 68 68 68 1 198 198 
c [Signal] Signal interruption. Caught signal: SIGTERM (15).
c [Label = 197] Encoding starts with target value = 130:
c [Label = 197] Encoding duration: 1447ms.
c [Label = 197] Number of clauses: 824503.
c [Label = 197] Number of variables: 214152.
c [Label = 197] Solving duration: 19 ms.
s [Label = 197] SAT (w = 130).
c [Label = 197] Label assignment: 67 67 197 197 197 67 67 67 67 67 197 67 67 197 67 67 67 197 197 197 67 197 197 67 197 197 67 67 67 197 197 197 197 197 67 67 197 67 197 67 67 197 67 197 197 197 197 197 197 197 197 197 67 67 197 67 67 197 197 197 197 197 197 197 197 67 197 67 197 67 197 67 67 67 67 67 67 197 67 67 197 197 67 197 67 67 197 67 67 67 67 67 197 197 67 197 67 197 197 197 197 67 67 197 197 197 197 67 197 67 197 67 67 67 67 197 197 197 197 197 67 197 197 197 197 197 197 67 197 197 67 197 197 197 197 67 67 197 67 197 197 197 67 67 67 67 67 67 197 67 67 197 67 67 197 197 197 197 67 67 67 67 197 67 197 197 67 197 67 67 67 67 197 197 67 197 197 197 67 67 67 67 67 67 67 197 197 197 197 67 67 197 67 197 197 197 67 67 67 197 67 67 67 197 197 197 67 67 197 67 67 197 67 197 67 67 197 67 197 197 197 197 67 67 67 197 67 197 197 67 197 67 67 197 197 197 197 67 67 67 197 197 67 67 197 197 197 197 67 67 67 67 197 197 197 197 67 197 197 67 67 197 67 67 197 197 197 197 197 197 67 197 197 67 67 67 197 67 197 197 197 67 197 67 197 197 67 197 197 67 67 197 197 197 197 197 67 67 197 197 67 67 67 67 67 197 67 67 67 67 197 197 67 197 67 197 67 67 197 67 197 197 67 67 197 67 67 197 197 67 67 67 197 197 197 197 197 197 67 67 197 197 67 197 197 67 197 67 197 67 67 67 197 67 197 67 67 67 67 67 67 67 67 197 67 197 197 197 197 67 197 67 67 67 67 197 67 67 197 67 67 67 197 197 197 67 197 67 67 67 67 197 67 197 197 197 67 67 67 197 197 197 67 67 197 67 197 67 67 197 67 197 197 197 197 67 67 67 197 67 67 67 67 197 197 197 67 67 67 67 197 67 67 197 197 197 197 67 197 197 67 67 197 67 67 67 197 67 67 197 67 197 197 197 197 67 67 67 67 67 197 197 67 67 197 67 197 197 197 197 67 197 197 67 67 197 67 197 67 197 197 67 67 197 67 67 67 67 197 67 67 67 67 197 67 197 67 197 67 67 197 67 197 197 197 197 197 197 67 197 197 197 197 197 197 197 67 197 67 197 67 67 67 197 67 67 197 197 197 67 197 67 67 197 197 67 67 67 197 67 67 67 67 1 197 197 
c [Signal] Signal interruption. Caught signal: SIGTERM (15).
c [Label = 199] Encoding starts with target value = 130:
c [Label = 199] Encoding duration: 1470ms.
c [Label = 199] Number of clauses: 840692.
c [Label = 199] Number of variables: 216336.
c [Label = 199] Solving duration: 16 ms.
s [Label = 199] SAT (w = 130).
c [Label = 199] Label assignment: 69 69 199 199 199 69 69 69 69 69 199 69 69 199 69 69 69 199 199 199 69 199 199 69 199 199 69 69 69 199 199 199 199 199 69 69 199 69 199 69 69 199 69 199 199 199 199 199 199 199 199 199 69 69 199 69 69 199 199 199 199 199 199 199 199 69 199 69 199 69 199 69 69 69 69 69 69 199 69 69 199 199 69 199 69 69 199 69 69 69 69 69 199 199 69 199 69 199 199 199 199 69 69 199 199 199 199 69 199 69 199 69 69 69 69 199 199 199 199 199 69 199 199 199 199 199 199 69 199 199 69 199 199 199 199 69 69 199 69 199 199 199 69 69 69 69 69 69 199 69 69 199 69 69 199 199 199 199 69 69 69 69 199 69 199 199 69 199 69 69 69 69 199 199 69 199 199 199 69 69 69 69 69 69 69 199 199 199 199 69 69 199 69 199 199 199 69 69 69 199 69 69 69 199 199 199 69 69 199 69 69 199 69 199 69 69 199 69 199 199 199 199 69 69 69 199 69 199 199 69 199 69 69 199 199 199 199 69 69 69 199 199 69 69 199 199 199 199 69 69 69 69 199 199 199 199 69 199 199 69 69 199 69 69 199 199 199 199 199 199 69 199 199 69 69 69 199 69 199 199 199 69 199 69 199 199 69 199 199 69 69 199 199 199 199 199 69 69 199 199 69 69 69 69 69 199 69 69 69 69 199 199 69 199 69 199 69 69 199 69 199 199 69 69 199 69 69 199 199 69 69 69 199 199 199 199 199 199 69 69 199 199 69 199 199 69 199 69 199 69 69 69 199 69 199 69 69 69 69 69 69 69 69 199 69 199 199 199 199 69 199 69 69 69 69 199 69 69 199 69 69 69 199 199 199 69 199 69 69 69 69 199 69 199 199 199 69 69 69 199 199 199 69 69 199 69 199 69 69 199 69 199 199 199 199 69 69 69 199 69 69 69 69 199 199 199 69 69 69 69 199 69 69 199 199 199 199 69 199 199 69 69 199 69 69 69 199 69 69 199 69 199 199 199 199 69 69 69 69 69 199 199 69 69 199 69 199 199 199 199 69 199 199 69 69 199 69 199 69 199 199 69 69 199 69 69 69 69 199 69 69 69 69 199 69 199 69 199 69 69 199 69 199 199 199 199 199 199 69 199 199 199 199 199 199 199 69 199 69 199 69 69 69 199 69 69 199 199 199 69 199 69 69 199 199 69 69 69 199 69 69 69 69 1 199 199 
c [Signal] Signal interruption. Caught signal: SIGTERM (15).
c [Main] Lowest label SAT is set to 195.
c [Main] Kill higher label pid 197.
c [Main] Kill higher label pid 198.
c [Main] Kill higher label pid 199.
c [Main] Kill higher label pid 200.
c [Main] Kill higher label pid 201.
c [Main] Kill higher label pid 196.
c [Label = 200] Encoding starts with target value = 130:
c [Label = 200] Encoding duration: 1516ms.
c [Label = 200] Number of clauses: 848787.
c [Label = 200] Number of variables: 217428.
c [Label = 200] Solving duration: 18 ms.
s [Label = 200] SAT (w = 130).
c [Label = 200] Label assignment: 70 70 200 200 200 70 70 70 70 70 200 70 70 200 70 70 70 200 200 200 70 200 200 70 200 200 70 70 70 200 200 200 200 200 70 70 200 70 200 70 70 200 70 200 200 200 200 200 200 200 200 200 70 70 200 70 70 200 200 200 200 200 200 200 200 70 200 70 200 70 200 70 70 70 70 70 70 200 70 70 200 200 70 200 70 70 200 70 70 70 70 70 200 200 70 200 70 200 200 200 200 70 70 200 200 200 200 70 200 70 200 70 70 70 70 200 200 200 200 200 70 200 200 200 200 200 200 70 200 200 70 200 200 200 200 70 70 200 70 200 200 200 70 70 70 70 70 70 200 70 70 200 70 70 200 200 200 200 70 70 70 70 200 70 200 200 70 200 70 70 70 70 200 200 70 200 200 200 70 70 70 70 70 70 70 200 200 200 200 70 70 200 70 200 200 200 70 70 70 200 70 70 70 200 200 200 70 70 200 70 70 200 70 200 70 70 200 70 200 200 200 200 70 70 70 200 70 200 200 70 200 70 70 200 200 200 200 70 70 70 200 200 70 70 200 200 200 200 70 70 70 70 200 200 200 200 70 200 200 70 70 200 70 70 200 200 200 200 200 200 70 200 200 70 70 70 200 70 200 200 200 70 200 70 200 200 70 200 200 70 70 200 200 200 200 200 70 70 200 200 70 70 70 70 70 200 70 70 70 70 200 200 70 200 70 200 70 70 200 70 200 200 70 70 200 70 70 200 200 70 70 70 200 200 200 200 200 200 70 70 200 200 70 200 200 70 200 70 200 70 70 70 200 70 200 70 70 70 70 70 70 70 70 200 70 200 200 200 200 70 200 70 70 70 70 200 70 70 200 70 70 70 200 200 200 70 200 70 70 70 70 200 70 200 200 200 70 70 70 200 200 200 70 70 200 70 200 70 70 200 70 200 200 200 200 70 70 70 200 70 70 70 70 200 200 200 70 70 70 70 200 70 70 200 200 200 200 70 200 200 70 70 200 70 70 70 200 70 70 200 70 200 200 200 200 70 70 70 70 70 200 200 70 70 200 70 200 200 200 200 70 200 200 70 70 200 70 200 70 200 200 70 70 200 70 70 70 70 200 70 70 70 70 200 70 200 70 200 70 70 200 70 200 200 200 200 200 200 70 200 200 200 200 200 200 200 70 200 70 200 70 70 70 200 70 70 200 200 200 70 200 70 70 200 200 70 70 70 200 70 70 70 70 1 200 200 
c [Signal] Signal interruption. Caught signal: SIGTERM (15).
c [Label = 196] Encoding starts with target value = 130:
c [Label = 196] Encoding duration: 1434ms.
c [Label = 196] Number of clauses: 816409.
c [Label = 196] Number of variables: 213060.
c [Label = 196] Solving duration: 19 ms.
s [Label = 196] SAT (w = 130).
c [Label = 196] Label assignment: 66 66 196 196 196 66 66 66 66 66 196 66 66 196 66 66 66 196 196 196 66 196 196 66 196 196 66 66 66 196 196 196 196 196 66 66 196 66 196 66 66 196 66 196 196 196 196 196 196 196 196 196 66 66 196 66 66 196 196 196 196 196 196 196 196 66 196 66 196 66 196 66 66 66 66 66 66 196 66 66 196 196 66 196 66 66 196 66 66 66 66 66 196 196 66 196 66 196 196 196 196 66 66 196 196 196 196 66 196 66 196 66 66 66 66 196 196 196 196 196 66 196 196 196 196 196 196 66 196 196 66 196 196 196 196 66 66 196 66 196 196 196 66 66 66 66 66 66 196 66 66 196 66 66 196 196 196 196 66 66 66 66 196 66 196 196 66 196 66 66 66 66 196 196 66 196 196 196 66 66 66 66 66 66 66 196 196 196 196 66 66 196 66 196 196 196 66 66 66 196 66 66 66 196 196 196 66 66 196 66 66 196 66 196 66 66 196 66 196 196 196 196 66 66 66 196 66 196 196 66 196 66 66 196 196 196 196 66 66 66 196 196 66 66 196 196 196 196 66 66 66 66 196 196 196 196 66 196 196 66 66 196 66 66 196 196 196 196 196 196 66 196 196 66 66 66 196 66 196 196 196 66 196 66 196 196 66 196 196 66 66 196 196 196 196 196 66 66 196 196 66 66 66 66 66 196 66 66 66 66 196 196 66 196 66 196 66 66 196 66 196 196 66 66 196 66 66 196 196 66 66 66 196 196 196 196 196 196 66 66 196 196 66 196 196 66 196 66 196 66 66 66 196 66 196 66 66 66 66 66 66 66 66 196 66 196 196 196 196 66 196 66 66 66 66 196 66 66 196 66 66 66 196 196 196 66 196 66 66 66 66 196 66 196 196 196 66 66 66 196 196 196 66 66 196 66 196 66 66 196 66 196 196 196 196 66 66 66 196 66 66 66 66 196 196 196 66 66 66 66 196 66 66 196 196 196 196 66 196 196 66 66 196 66 66 66 196 66 66 196 66 196 196 196 196 66 66 66 66 66 196 196 66 66 196 66 196 196 196 196 66 196 196 66 66 196 66 196 66 196 196 66 66 196 66 66 66 66 196 66 66 66 66 196 66 196 66 196 66 66 196 66 196 196 196 196 196 196 66 196 196 196 196 196 196 196 66 196 66 196 66 66 66 196 66 66 196 196 196 66 196 66 66 196 196 66 66 66 196 66 66 66 66 1 196 196 
c [Signal] Signal interruption. Caught signal: SIGTERM (15).
c [Label = 201] Encoding starts with target value = 130:
c [Label = 201] Encoding duration: 1524ms.
c [Label = 201] Number of clauses: 856881.
c [Label = 201] Number of variables: 218520.
c [Label = 201] Solving duration: 17 ms.
s [Label = 201] SAT (w = 130).
c [Label = 201] Label assignment: 71 71 201 201 201 71 71 71 71 71 201 71 71 201 71 71 71 201 201 201 71 201 201 71 201 201 71 71 71 201 201 201 201 201 71 71 201 71 201 71 71 201 71 201 201 201 201 201 201 201 201 201 71 71 201 71 71 201 201 201 201 201 201 201 201 71 201 71 201 71 201 71 71 71 71 71 71 201 71 71 201 201 71 201 71 71 201 71 71 71 71 71 201 201 71 201 71 201 201 201 201 71 71 201 201 201 201 71 201 71 201 71 71 71 71 201 201 201 201 201 71 201 201 201 201 201 201 71 201 201 71 201 201 201 201 71 71 201 71 201 201 201 71 71 71 71 71 71 201 71 71 201 71 71 201 201 201 201 71 71 71 71 201 71 201 201 71 201 71 71 71 71 201 201 71 201 201 201 71 71 71 71 71 71 71 201 201 201 201 71 71 201 71 201 201 201 71 71 71 201 71 71 71 201 201 201 71 71 201 71 71 201 71 201 71 71 201 71 201 201 201 201 71 71 71 201 71 201 201 71 201 71 71 201 201 201 201 71 71 71 201 201 71 71 201 201 201 201 71 71 71 71 201 201 201 201 71 201 201 71 71 201 71 71 201 201 201 201 201 201 71 201 201 71 71 71 201 71 201 201 201 71 201 71 201 201 71 201 201 71 71 201 201 201 201 201 71 71 201 201 71 71 71 71 71 201 71 71 71 71 201 201 71 201 71 201 71 71 201 71 201 201 71 71 201 71 71 201 201 71 71 71 201 201 201 201 201 201 71 71 201 201 71 201 201 71 201 71 201 71 71 71 201 71 201 71 71 71 71 71 71 71 71 201 71 201 201 201 201 71 201 71 71 71 71 201 71 71 201 71 71 71 201 201 201 71 201 71 71 71 71 201 71 201 201 201 71 71 71 201 201 201 71 71 201 71 201 71 71 201 71 201 201 201 201 71 71 71 201 71 71 71 71 201 201 201 71 71 71 71 201 71 71 201 201 201 201 71 201 201 71 71 201 71 71 71 201 71 71 201 71 201 201 201 201 71 71 71 71 71 201 201 71 71 201 71 201 201 201 201 71 201 201 71 71 201 71 201 71 201 201 71 71 201 71 71 71 71 201 71 71 71 71 201 71 201 71 201 71 71 201 71 201 201 201 201 201 201 71 201 201 201 201 201 201 201 71 201 71 201 71 71 71 201 71 71 201 201 201 71 201 71 71 201 201 71 71 71 201 71 71 71 71 1 201 201 
c [Signal] Signal interruption. Caught signal: SIGTERM (15).
c [Label = 193] Minimize Makespan Labeling problem (S-sherman4.mtx.rnd):
c [Main] Lowest label SAT is set to 194.
c [Main] Kill higher label pid 197.
c [Main] Kill higher label pid 198.
c [Main] Kill higher label pid 199.
c [Main] Kill higher label pid 200.
c [Main] Kill higher label pid 201.
c [Main] Kill higher label pid 196.
c [Label = 192] Minimize Makespan Labeling problem (S-sherman4.mtx.rnd):
c [Main] Child pid 196 - 54234 terminated by signal 15.
c [Label = 191] Minimize Makespan Labeling problem (S-sherman4.mtx.rnd):
c [Main] Child pid 199 - 54231 terminated by signal 15.
c [Main] Child pid 201 - 54229 terminated by signal 15.
c [Main] Child pid 198 - 54232 terminated by signal 15.
c [Main] Child pid 200 - 54230 terminated by signal 15.
c [Label = 190] Minimize Makespan Labeling problem (S-sherman4.mtx.rnd):
c [Label = 189] Minimize Makespan Labeling problem (S-sherman4.mtx.rnd):
c [Label = 188] Minimize Makespan Labeling problem (S-sherman4.mtx.rnd):
c [Main] Child pid 197 - 54233 terminated by signal 15.
c [Label = 186] Minimize Makespan Labeling problem (S-sherman4.mtx.rnd):
c [Label = 187] Minimize Makespan Labeling problem (S-sherman4.mtx.rnd):
c [Label = 187] Encoding starts with target value = 130:
c [Label = 187] Encoding duration: 1317ms.
c [Label = 187] Number of clauses: 743558.
c [Label = 187] Number of variables: 203232.
c [Label = 187] Solving duration: 15 ms.
s [Label = 187] SAT (w = 130).
c [Label = 187] Label assignment: 57 57 187 187 187 57 57 57 57 57 187 57 57 187 57 57 57 187 187 187 57 187 187 57 187 187 57 57 57 187 187 187 187 187 57 57 187 57 187 57 57 187 57 187 187 187 187 187 187 187 187 187 57 57 187 57 57 187 187 187 187 187 187 187 187 57 187 57 187 57 187 57 57 57 57 57 57 187 57 57 187 187 57 187 57 57 187 57 57 57 57 57 187 187 57 187 57 187 187 187 187 57 57 187 187 187 187 57 187 57 187 57 57 57 57 187 187 187 187 187 57 187 187 187 187 187 187 57 187 187 57 187 187 187 187 57 57 187 57 187 187 187 57 57 57 57 57 57 187 57 57 187 57 57 187 187 187 187 57 57 57 57 187 57 187 187 57 187 57 57 57 57 187 187 57 187 187 187 57 57 57 57 57 57 57 187 187 187 187 57 57 187 57 187 187 187 57 57 57 187 57 57 57 187 187 187 57 57 187 57 57 187 57 187 57 57 187 57 187 187 187 187 57 57 57 187 57 187 187 57 187 57 57 187 187 187 187 57 57 57 187 187 57 57 187 187 187 187 57 57 57 57 187 187 187 187 57 187 187 57 57 187 57 57 187 187 187 187 187 187 57 187 187 57 57 57 187 57 187 187 187 57 187 57 187 187 57 187 187 57 57 187 187 187 187 187 57 57 187 187 57 57 57 57 57 187 57 57 57 57 187 187 57 187 57 187 57 57 187 57 187 187 57 57 187 57 57 187 187 57 57 57 187 187 187 187 187 187 57 57 187 187 57 187 187 57 187 57 187 57 57 57 187 57 187 57 57 57 57 57 57 57 57 187 57 187 187 187 187 57 187 57 57 57 57 187 57 57 187 57 57 57 187 187 187 57 187 57 57 57 57 187 57 187 187 187 57 57 57 187 187 187 57 57 187 57 187 57 57 187 57 187 187 187 187 57 57 57 187 57 57 57 57 187 187 187 57 57 57 57 187 57 57 187 187 187 187 57 187 187 57 57 187 57 57 57 187 57 57 187 57 187 187 187 187 57 57 57 57 57 187 187 57 57 187 57 187 187 187 187 57 187 187 57 57 187 57 187 57 187 187 57 57 187 57 57 57 57 187 57 57 57 57 187 57 187 57 187 57 57 187 57 187 187 187 187 187 187 57 187 187 187 187 187 187 187 57 187 57 187 57 57 57 187 57 57 187 187 187 57 187 57 57 187 187 57 57 57 187 57 57 57 57 1 187 187 
c [Label = 186] Encoding starts with target value = 130:
c [Label = 186] Encoding duration: 1318ms.
c [Label = 186] Number of clauses: 735464.
c [Label = 186] Number of variables: 202140.
c [Label = 186] Solving duration: 16 ms.
s [Label = 186] SAT (w = 130).
c [Label = 186] Label assignment: 56 56 186 186 186 56 56 56 56 56 186 56 56 186 56 56 56 186 186 186 56 186 186 56 186 186 56 56 56 186 186 186 186 186 56 56 186 56 186 56 56 186 56 186 186 186 186 186 186 186 186 186 56 56 186 56 56 186 186 186 186 186 186 186 186 56 186 56 186 56 186 56 56 56 56 56 56 186 56 56 186 186 56 186 56 56 186 56 56 56 56 56 186 186 56 186 56 186 186 186 186 56 56 186 186 186 186 56 186 56 186 56 56 56 56 186 186 186 186 186 56 186 186 186 186 186 186 56 186 186 56 186 186 186 186 56 56 186 56 186 186 186 56 56 56 56 56 56 186 56 56 186 56 56 186 186 186 186 56 56 56 56 186 56 186 186 56 186 56 56 56 56 186 186 56 186 186 186 56 56 56 56 56 56 56 186 186 186 186 56 56 186 56 186 186 186 56 56 56 186 56 56 56 186 186 186 56 56 186 56 56 186 56 186 56 56 186 56 186 186 186 186 56 56 56 186 56 186 186 56 186 56 56 186 186 186 186 56 56 56 186 186 56 56 186 186 186 186 56 56 56 56 186 186 186 186 56 186 186 56 56 186 56 56 186 186 186 186 186 186 56 186 186 56 56 56 186 56 186 186 186 56 186 56 186 186 56 186 186 56 56 186 186 186 186 186 56 56 186 186 56 56 56 56 56 186 56 56 56 56 186 186 56 186 56 186 56 56 186 56 186 186 56 56 186 56 56 186 186 56 56 56 186 186 186 186 186 186 56 56 186 186 56 186 186 56 186 56 186 56 56 56 186 56 186 56 56 56 56 56 56 56 56 186 56 186 186 186 186 56 186 56 56 56 56 186 56 56 186 56 56 56 186 186 186 56 186 56 56 56 56 186 56 186 186 186 56 56 56 186 186 186 56 56 186 56 186 56 56 186 56 186 186 186 186 56 56 56 186 56 56 56 56 186 186 186 56 56 56 56 186 56 56 186 186 186 186 56 186 186 56 56 186 56 56 56 186 56 56 186 56 186 186 186 186 56 56 56 56 56 186 186 56 56 186 56 186 186 186 186 56 186 186 56 56 186 56 186 56 186 186 56 56 186 56 56 56 56 186 56 56 56 56 186 56 186 56 186 56 56 186 56 186 186 186 186 186 186 56 186 186 186 186 186 186 186 56 186 56 186 56 56 56 186 56 56 186 186 186 56 186 56 56 186 186 56 56 56 186 56 56 56 56 1 186 186 
c [Label = 188] Encoding starts with target value = 130:
c [Label = 188] Encoding duration: 1347ms.
c [Label = 188] Number of clauses: 751653.
c [Label = 188] Number of variables: 204324.
c [Label = 188] Solving duration: 14 ms.
s [Label = 188] SAT (w = 130).
c [Label = 188] Label assignment: 58 58 188 188 188 58 58 58 58 58 188 58 58 188 58 58 58 188 188 188 58 188 188 58 188 188 58 58 58 188 188 188 188 188 58 58 188 58 188 58 58 188 58 188 188 188 188 188 188 188 188 188 58 58 188 58 58 188 188 188 188 188 188 188 188 58 188 58 188 58 188 58 58 58 58 58 58 188 58 58 188 188 58 188 58 58 188 58 58 58 58 58 188 188 58 188 58 188 188 188 188 58 58 188 188 188 188 58 188 58 188 58 58 58 58 188 188 188 188 188 58 188 188 188 188 188 188 58 188 188 58 188 188 188 188 58 58 188 58 188 188 188 58 58 58 58 58 58 188 58 58 188 58 58 188 188 188 188 58 58 58 58 188 58 188 188 58 188 58 58 58 58 188 188 58 188 188 188 58 58 58 58 58 58 58 188 188 188 188 58 58 188 58 188 188 188 58 58 58 188 58 58 58 188 188 188 58 58 188 58 58 188 58 188 58 58 188 58 188 188 188 188 58 58 58 188 58 188 188 58 188 58 58 188 188 188 188 58 58 58 188 188 58 58 188 188 188 188 58 58 58 58 188 188 188 188 58 188 188 58 58 188 58 58 188 188 188 188 188 188 58 188 188 58 58 58 188 58 188 188 188 58 188 58 188 188 58 188 188 58 58 188 188 188 188 188 58 58 188 188 58 58 58 58 58 188 58 58 58 58 188 188 58 188 58 188 58 58 188 58 188 188 58 58 188 58 58 188 188 58 58 58 188 188 188 188 188 188 58 58 188 188 58 188 188 58 188 58 188 58 58 58 188 58 188 58 58 58 58 58 58 58 58 188 58 188 188 188 188 58 188 58 58 58 58 188 58 58 188 58 58 58 188 188 188 58 188 58 58 58 58 188 58 188 188 188 58 58 58 188 188 188 58 58 188 58 188 58 58 188 58 188 188 188 188 58 58 58 188 58 58 58 58 188 188 188 58 58 58 58 188 58 58 188 188 188 188 58 188 188 58 58 188 58 58 58 188 58 58 188 58 188 188 188 188 58 58 58 58 58 188 188 58 58 188 58 188 188 188 188 58 188 188 58 58 188 58 188 58 188 188 58 58 188 58 58 58 58 188 58 58 58 58 188 58 188 58 188 58 58 188 58 188 188 188 188 188 188 58 188 188 188 188 188 188 188 58 188 58 188 58 58 58 188 58 58 188 188 188 58 188 58 58 188 188 58 58 58 188 58 58 58 58 1 188 188 
c [Signal] Signal interruption. Caught signal: SIGTERM (15).
c [Label = 189] Encoding starts with target value = 130:
c [Label = 189] Encoding duration: 1356ms.
c [Label = 189] Number of clauses: 759747.
c [Label = 189] Number of variables: 205416.
c [Label = 189] Solving duration: 17 ms.
s [Label = 189] SAT (w = 130).
c [Label = 189] Label assignment: 59 59 189 189 189 59 59 59 59 59 189 59 59 189 59 59 59 189 189 189 59 189 189 59 189 189 59 59 59 189 189 189 189 189 59 59 189 59 189 59 59 189 59 189 189 189 189 189 189 189 189 189 59 59 189 59 59 189 189 189 189 189 189 189 189 59 189 59 189 59 189 59 59 59 59 59 59 189 59 59 189 189 59 189 59 59 189 59 59 59 59 59 189 189 59 189 59 189 189 189 189 59 59 189 189 189 189 59 189 59 189 59 59 59 59 189 189 189 189 189 59 189 189 189 189 189 189 59 189 189 59 189 189 189 189 59 59 189 59 189 189 189 59 59 59 59 59 59 189 59 59 189 59 59 189 189 189 189 59 59 59 59 189 59 189 189 59 189 59 59 59 59 189 189 59 189 189 189 59 59 59 59 59 59 59 189 189 189 189 59 59 189 59 189 189 189 59 59 59 189 59 59 59 189 189 189 59 59 189 59 59 189 59 189 59 59 189 59 189 189 189 189 59 59 59 189 59 189 189 59 189 59 59 189 189 189 189 59 59 59 189 189 59 59 189 189 189 189 59 59 59 59 189 189 189 189 59 189 189 59 59 189 59 59 189 189 189 189 189 189 59 189 189 59 59 59 189 59 189 189 189 59 189 59 189 189 59 189 189 59 59 189 189 189 189 189 59 59 189 189 59 59 59 59 59 189 59 59 59 59 189 189 59 189 59 189 59 59 189 59 189 189 59 59 189 59 59 189 189 59 59 59 189 189 189 189 189 189 59 59 189 189 59 189 189 59 189 59 189 59 59 59 189 59 189 59 59 59 59 59 59 59 59 189 59 189 189 189 189 59 189 59 59 59 59 189 59 59 189 59 59 59 189 189 189 59 189 59 59 59 59 189 59 189 189 189 59 59 59 189 189 189 59 59 189 59 189 59 59 189 59 189 189 189 189 59 59 59 189 59 59 59 59 189 189 189 59 59 59 59 189 59 59 189 189 189 189 59 189 189 59 59 189 59 59 59 189 59 59 189 59 189 189 189 189 59 59 59 59 59 189 189 59 59 189 59 189 189 189 189 59 189 189 59 59 189 59 189 59 189 189 59 59 189 59 59 59 59 189 59 59 59 59 189 59 189 59 189 59 59 189 59 189 189 189 189 189 189 59 189 189 189 189 189 189 189 59 189 59 189 59 59 59 189 59 59 189 189 189 59 189 59 59 189 189 59 59 59 189 59 59 59 59 1 189 189 
c [Signal] Signal interruption. Caught signal: SIGTERM (15).
c [Label = 190] Encoding starts with target value = 130:
c [Label = 190] Encoding duration: 1386ms.
c [Label = 190] Number of clauses: 767842.
c [Label = 190] Number of variables: 206508.
c [Label = 190] Solving duration: 17 ms.
s [Label = 190] SAT (w = 130).
c [Label = 190] Label assignment: 60 60 190 190 190 60 60 60 60 60 190 60 60 190 60 60 60 190 190 190 60 190 190 60 190 190 60 60 60 190 190 190 190 190 60 60 190 60 190 60 60 190 60 190 190 190 190 190 190 190 190 190 60 60 190 60 60 190 190 190 190 190 190 190 190 60 190 60 190 60 190 60 60 60 60 60 60 190 60 60 190 190 60 190 60 60 190 60 60 60 60 60 190 190 60 190 60 190 190 190 190 60 60 190 190 190 190 60 190 60 190 60 60 60 60 190 190 190 190 190 60 190 190 190 190 190 190 60 190 190 60 190 190 190 190 60 60 190 60 190 190 190 60 60 60 60 60 60 190 60 60 190 60 60 190 190 190 190 60 60 60 60 190 60 190 190 60 190 60 60 60 60 190 190 60 190 190 190 60 60 60 60 60 60 60 190 190 190 190 60 60 190 60 190 190 190 60 60 60 190 60 60 60 190 190 190 60 60 190 60 60 190 60 190 60 60 190 60 190 190 190 190 60 60 60 190 60 190 190 60 190 60 60 190 190 190 190 60 60 60 190 190 60 60 190 190 190 190 60 60 60 60 190 190 190 190 60 190 190 60 60 190 60 60 190 190 190 190 190 190 60 190 190 60 60 60 190 60 190 190 190 60 190 60 190 190 60 190 190 60 60 190 190 190 190 190 60 60 190 190 60 60 60 60 60 190 60 60 60 60 190 190 60 190 60 190 60 60 190 60 190 190 60 60 190 60 60 190 190 60 60 60 190 190 190 190 190 190 60 60 190 190 60 190 190 60 190 60 190 60 60 60 190 60 190 60 60 60 60 60 60 60 60 190 60 190 190 190 190 60 190 60 60 60 60 190 60 60 190 60 60 60 190 190 190 60 190 60 60 60 60 190 60 190 190 190 60 60 60 190 190 190 60 60 190 60 190 60 60 190 60 190 190 190 190 60 60 60 190 60 60 60 60 190 190 190 60 60 60 60 190 60 60 190 190 190 190 60 190 190 60 60 190 60 60 60 190 60 60 190 60 190 190 190 190 60 60 60 60 60 190 190 60 60 190 60 190 190 190 190 60 190 190 60 60 190 60 190 60 190 190 60 60 190 60 60 60 60 190 60 60 60 60 190 60 190 60 190 60 60 190 60 190 190 190 190 190 190 60 190 190 190 190 190 190 190 60 190 60 190 60 60 60 190 60 60 190 190 190 60 190 60 60 190 190 60 60 60 190 60 60 60 60 1 190 190 
c [Signal] Signal interruption. Caught signal: SIGTERM (15).
c [Label = 191] Encoding starts with target value = 130:
c [Label = 191] Encoding duration: 1412ms.
c [Label = 191] Number of clauses: 775936.
c [Label = 191] Number of variables: 207600.
c [Label = 191] Solving duration: 15 ms.
s [Label = 191] SAT (w = 130).
c [Label = 191] Label assignment: 61 61 191 191 191 61 61 61 61 61 191 61 61 191 61 61 61 191 191 191 61 191 191 61 191 191 61 61 61 191 191 191 191 191 61 61 191 61 191 61 61 191 61 191 191 191 191 191 191 191 191 191 61 61 191 61 61 191 191 191 191 191 191 191 191 61 191 61 191 61 191 61 61 61 61 61 61 191 61 61 191 191 61 191 61 61 191 61 61 61 61 61 191 191 61 191 61 191 191 191 191 61 61 191 191 191 191 61 191 61 191 61 61 61 61 191 191 191 191 191 61 191 191 191 191 191 191 61 191 191 61 191 191 191 191 61 61 191 61 191 191 191 61 61 61 61 61 61 191 61 61 191 61 61 191 191 191 191 61 61 61 61 191 61 191 191 61 191 61 61 61 61 191 191 61 191 191 191 61 61 61 61 61 61 61 191 191 191 191 61 61 191 61 191 191 191 61 61 61 191 61 61 61 191 191 191 61 61 191 61 61 191 61 191 61 61 191 61 191 191 191 191 61 61 61 191 61 191 191 61 191 61 61 191 191 191 191 61 61 61 191 191 61 61 191 191 191 191 61 61 61 61 191 191 191 191 61 191 191 61 61 191 61 61 191 191 191 191 191 191 61 191 191 61 61 61 191 61 191 191 191 61 191 61 191 191 61 191 191 61 61 191 191 191 191 191 61 61 191 191 61 61 61 61 61 191 61 61 61 61 191 191 61 191 61 191 61 61 191 61 191 191 61 61 191 61 61 191 191 61 61 61 191 191 191 191 191 191 61 61 191 191 61 191 191 61 191 61 191 61 61 61 191 61 191 61 61 61 61 61 61 61 61 191 61 191 191 191 191 61 191 61 61 61 61 191 61 61 191 61 61 61 191 191 191 61 191 61 61 61 61 191 61 191 191 191 61 61 61 191 191 191 61 61 191 61 191 61 61 191 61 191 191 191 191 61 61 61 191 61 61 61 61 191 191 191 61 61 61 61 191 61 61 191 191 191 191 61 191 191 61 61 191 61 61 61 191 61 61 191 61 191 191 191 191 61 61 61 61 61 191 191 61 61 191 61 191 191 191 191 61 191 191 61 61 191 61 191 61 191 191 61 61 191 61 61 61 61 191 61 61 61 61 191 61 191 61 191 61 61 191 61 191 191 191 191 191 191 61 191 191 191 191 191 191 191 61 191 61 191 61 61 61 191 61 61 191 191 191 61 191 61 61 191 191 61 61 61 191 61 61 61 61 1 191 191 
c [Signal] Signal interruption. Caught signal: SIGTERM (15).
c [Main] Lowest label SAT is set to 187.
c [Main] Kill higher label pid 188.
c [Main] Kill higher label pid 189.
c [Main] Kill higher label pid 190.
c [Main] Kill higher label pid 191.
c [Main] Kill higher label pid 192.
c [Main] Kill higher label pid 193.
c [Label = 192] Encoding starts with target value = 130:
c [Label = 192] Encoding duration: 1388ms.
c [Label = 192] Number of clauses: 784031.
c [Label = 192] Number of variables: 208692.
c [Label = 192] Solving duration: 15 ms.
s [Label = 192] SAT (w = 130).
c [Label = 192] Label assignment: 62 62 192 192 192 62 62 62 62 62 192 62 62 192 62 62 62 192 192 192 62 192 192 62 192 192 62 62 62 192 192 192 192 192 62 62 192 62 192 62 62 192 62 192 192 192 192 192 192 192 192 192 62 62 192 62 62 192 192 192 192 192 192 192 192 62 192 62 192 62 192 62 62 62 62 62 62 192 62 62 192 192 62 192 62 62 192 62 62 62 62 62 192 192 62 192 62 192 192 192 192 62 62 192 192 192 192 62 192 62 192 62 62 62 62 192 192 192 192 192 62 192 192 192 192 192 192 62 192 192 62 192 192 192 192 62 62 192 62 192 192 192 62 62 62 62 62 62 192 62 62 192 62 62 192 192 192 192 62 62 62 62 192 62 192 192 62 192 62 62 62 62 192 192 62 192 192 192 62 62 62 62 62 62 62 192 192 192 192 62 62 192 62 192 192 192 62 62 62 192 62 62 62 192 192 192 62 62 192 62 62 192 62 192 62 62 192 62 192 192 192 192 62 62 62 192 62 192 192 62 192 62 62 192 192 192 192 62 62 62 192 192 62 62 192 192 192 192 62 62 62 62 192 192 192 192 62 192 192 62 62 192 62 62 192 192 192 192 192 192 62 192 192 62 62 62 192 62 192 192 192 62 192 62 192 192 62 192 192 62 62 192 192 192 192 192 62 62 192 192 62 62 62 62 62 192 62 62 62 62 192 192 62 192 62 192 62 62 192 62 192 192 62 62 192 62 62 192 192 62 62 62 192 192 192 192 192 192 62 62 192 192 62 192 192 62 192 62 192 62 62 62 192 62 192 62 62 62 62 62 62 62 62 192 62 192 192 192 192 62 192 62 62 62 62 192 62 62 192 62 62 62 192 192 192 62 192 62 62 62 62 192 62 192 192 192 62 62 62 192 192 192 62 62 192 62 192 62 62 192 62 192 192 192 192 62 62 62 192 62 62 62 62 192 192 192 62 62 62 62 192 62 62 192 192 192 192 62 192 192 62 62 192 62 62 62 192 62 62 192 62 192 192 192 192 62 62 62 62 62 192 192 62 62 192 62 192 192 192 192 62 192 192 62 62 192 62 192 62 192 192 62 62 192 62 62 62 62 192 62 62 62 62 192 62 192 62 192 62 62 192 62 192 192 192 192 192 192 62 192 192 192 192 192 192 192 62 192 62 192 62 62 62 192 62 62 192 192 192 62 192 62 62 192 192 62 62 62 192 62 62 62 62 1 192 192 
c [Signal] Signal interruption. Caught signal: SIGTERM (15).
c [Label = 193] Encoding starts with target value = 130:
c [Label = 193] Encoding duration: 1421ms.
c [Label = 193] Number of clauses: 792125.
c [Label = 193] Number of variables: 209784.
c [Label = 193] Solving duration: 15 ms.
s [Label = 193] SAT (w = 130).
c [Label = 193] Label assignment: 63 63 193 193 193 63 63 63 63 63 193 63 63 193 63 63 63 193 193 193 63 193 193 63 193 193 63 63 63 193 193 193 193 193 63 63 193 63 193 63 63 193 63 193 193 193 193 193 193 193 193 193 63 63 193 63 63 193 193 193 193 193 193 193 193 63 193 63 193 63 193 63 63 63 63 63 63 193 63 63 193 193 63 193 63 63 193 63 63 63 63 63 193 193 63 193 63 193 193 193 193 63 63 193 193 193 193 63 193 63 193 63 63 63 63 193 193 193 193 193 63 193 193 193 193 193 193 63 193 193 63 193 193 193 193 63 63 193 63 193 193 193 63 63 63 63 63 63 193 63 63 193 63 63 193 193 193 193 63 63 63 63 193 63 193 193 63 193 63 63 63 63 193 193 63 193 193 193 63 63 63 63 63 63 63 193 193 193 193 63 63 193 63 193 193 193 63 63 63 193 63 63 63 193 193 193 63 63 193 63 63 193 63 193 63 63 193 63 193 193 193 193 63 63 63 193 63 193 193 63 193 63 63 193 193 193 193 63 63 63 193 193 63 63 193 193 193 193 63 63 63 63 193 193 193 193 63 193 193 63 63 193 63 63 193 193 193 193 193 193 63 193 193 63 63 63 193 63 193 193 193 63 193 63 193 193 63 193 193 63 63 193 193 193 193 193 63 63 193 193 63 63 63 63 63 193 63 63 63 63 193 193 63 193 63 193 63 63 193 63 193 193 63 63 193 63 63 193 193 63 63 63 193 193 193 193 193 193 63 63 193 193 63 193 193 63 193 63 193 63 63 63 193 63 193 63 63 63 63 63 63 63 63 193 63 193 193 193 193 63 193 63 63 63 63 193 63 63 193 63 63 63 193 193 193 63 193 63 63 63 63 193 63 193 193 193 63 63 63 193 193 193 63 63 193 63 193 63 63 193 63 193 193 193 193 63 63 63 193 63 63 63 63 193 193 193 63 63 63 63 193 63 63 193 193 193 193 63 193 193 63 63 193 63 63 63 193 63 63 193 63 193 193 193 193 63 63 63 63 63 193 193 63 63 193 63 193 193 193 193 63 193 193 63 63 193 63 193 63 193 193 63 63 193 63 63 63 63 193 63 63 63 63 193 63 193 63 193 63 63 193 63 193 193 193 193 193 193 63 193 193 193 193 193 193 193 63 193 63 193 63 63 63 193 63 63 193 193 193 63 193 63 63 193 193 63 63 63 193 63 63 63 63 1 193 193 
c [Signal] Signal interruption. Caught signal: SIGTERM (15).
c [Label = 185] Minimize Makespan Labeling problem (S-sherman4.mtx.rnd):
c [Main] Lowest label SAT is set to 186.
c [Main] Kill higher label pid 188.
c [Main] Kill higher label pid 189.
c [Main] Kill higher label pid 190.
c [Main] Kill higher label pid 191.
c [Main] Kill higher label pid 192.
c [Main] Kill higher label pid 193.
c [Label = 184] Minimize Makespan Labeling problem (S-sherman4.mtx.rnd):
c [Main] Child pid 193 - 54237 terminated by signal 15.
c [Main] Child pid 190 - 54240 terminated by signal 15.
c [Label = 183] Minimize Makespan Labeling problem (S-sherman4.mtx.rnd):
c [Main] Child pid 188 - 54242 terminated by signal 15.
c [Main] Child pid 191 - 54239 terminated by signal 15.
c [Label = 181] Minimize Makespan Labeling problem (S-sherman4.mtx.rnd):
c [Main] Child pid 189 - 54241 terminated by signal 15.
c [Label = 182] Minimize Makespan Labeling problem (S-sherman4.mtx.rnd):
c [Label = 180] Minimize Makespan Labeling problem (S-sherman4.mtx.rnd):
c [Label = 179] Minimize Makespan Labeling problem (S-sherman4.mtx.rnd):
c [Main] Child pid 192 - 54238 terminated by signal 15.
c [Label = 178] Minimize Makespan Labeling problem (S-sherman4.mtx.rnd):
c [Label = 178] Encoding starts with target value = 130:
c [Label = 178] Encoding duration: 1201ms.
c [Label = 178] Number of clauses: 670708.
c [Label = 178] Number of variables: 193404.
c [Label = 178] Solving duration: 12 ms.
s [Label = 178] SAT (w = 130).
c [Label = 178] Label assignment: 48 48 178 178 178 48 48 48 48 48 178 48 48 178 48 48 48 178 178 178 48 178 178 48 178 178 48 48 48 178 178 178 178 178 48 48 178 48 178 48 48 178 48 178 178 178 178 178 178 178 178 178 48 48 178 48 48 178 178 178 178 178 178 178 178 48 178 48 178 48 178 48 48 48 48 48 48 178 48 48 178 178 48 178 48 48 178 48 48 48 48 48 178 178 48 178 48 178 178 178 178 48 48 178 178 178 178 48 178 48 178 48 48 48 48 178 178 178 178 178 48 178 178 178 178 178 178 48 178 178 48 178 178 178 178 48 48 178 48 178 178 178 48 48 48 48 48 48 178 48 48 178 48 48 178 178 178 178 48 48 48 48 178 48 178 178 48 178 48 48 48 48 178 178 48 178 178 178 48 48 48 48 48 48 48 178 178 178 178 48 48 178 48 178 178 178 48 48 48 178 48 48 48 178 178 178 48 48 178 48 48 178 48 178 48 48 178 48 178 178 178 178 48 48 48 178 48 178 178 48 178 48 48 178 178 178 178 48 48 48 178 178 48 48 178 178 178 178 48 48 48 48 178 178 178 178 48 178 178 48 48 178 48 48 178 178 178 178 178 178 48 178 178 48 48 48 178 48 178 178 178 48 178 48 178 178 48 178 178 48 48 178 178 178 178 178 48 48 178 178 48 48 48 48 48 178 48 48 48 48 178 178 48 178 48 178 48 48 178 48 178 178 48 48 178 48 48 178 178 48 48 48 178 178 178 178 178 178 48 48 178 178 48 178 178 48 178 48 178 48 48 48 178 48 178 48 48 48 48 48 48 48 48 178 48 178 178 178 178 48 178 48 48 48 48 178 48 48 178 48 48 48 178 178 178 48 178 48 48 48 48 178 48 178 178 178 48 48 48 178 178 178 48 48 178 48 178 48 48 178 48 178 178 178 178 48 48 48 178 48 48 48 48 178 178 178 48 48 48 48 178 48 48 178 178 178 178 48 178 178 48 48 178 48 48 48 178 48 48 178 48 178 178 178 178 48 48 48 48 48 178 178 48 48 178 48 178 178 178 178 48 178 178 48 48 178 48 178 48 178 178 48 48 178 48 48 48 48 178 48 48 48 48 178 48 178 48 178 48 48 178 48 178 178 178 178 178 178 48 178 178 178 178 178 178 178 48 178 48 178 48 48 48 178 48 48 178 178 178 48 178 48 48 178 178 48 48 48 178 48 48 48 48 1 178 178 
c [Label = 180] Encoding starts with target value = 130:
c [Label = 180] Encoding duration: 1239ms.
c [Label = 180] Number of clauses: 686897.
c [Label = 180] Number of variables: 195588.
c [Label = 180] Solving duration: 14 ms.
s [Label = 180] SAT (w = 130).
c [Label = 180] Label assignment: 50 50 180 180 180 50 50 50 50 50 180 50 50 180 50 50 50 180 180 180 50 180 180 50 180 180 50 50 50 180 180 180 180 180 50 50 180 50 180 50 50 180 50 180 180 180 180 180 180 180 180 180 50 50 180 50 50 180 180 180 180 180 180 180 180 50 180 50 180 50 180 50 50 50 50 50 50 180 50 50 180 180 50 180 50 50 180 50 50 50 50 50 180 180 50 180 50 180 180 180 180 50 50 180 180 180 180 50 180 50 180 50 50 50 50 180 180 180 180 180 50 180 180 180 180 180 180 50 180 180 50 180 180 180 180 50 50 180 50 180 180 180 50 50 50 50 50 50 180 50 50 180 50 50 180 180 180 180 50 50 50 50 180 50 180 180 50 180 50 50 50 50 180 180 50 180 180 180 50 50 50 50 50 50 50 180 180 180 180 50 50 180 50 180 180 180 50 50 50 180 50 50 50 180 180 180 50 50 180 50 50 180 50 180 50 50 180 50 180 180 180 180 50 50 50 180 50 180 180 50 180 50 50 180 180 180 180 50 50 50 180 180 50 50 180 180 180 180 50 50 50 50 180 180 180 180 50 180 180 50 50 180 50 50 180 180 180 180 180 180 50 180 180 50 50 50 180 50 180 180 180 50 180 50 180 180 50 180 180 50 50 180 180 180 180 180 50 50 180 180 50 50 50 50 50 180 50 50 50 50 180 180 50 180 50 180 50 50 180 50 180 180 50 50 180 50 50 180 180 50 50 50 180 180 180 180 180 180 50 50 180 180 50 180 180 50 180 50 180 50 50 50 180 50 180 50 50 50 50 50 50 50 50 180 50 180 180 180 180 50 180 50 50 50 50 180 50 50 180 50 50 50 180 180 180 50 180 50 50 50 50 180 50 180 180 180 50 50 50 180 180 180 50 50 180 50 180 50 50 180 50 180 180 180 180 50 50 50 180 50 50 50 50 180 180 180 50 50 50 50 180 50 50 180 180 180 180 50 180 180 50 50 180 50 50 50 180 50 50 180 50 180 180 180 180 50 50 50 50 50 180 180 50 50 180 50 180 180 180 180 50 180 180 50 50 180 50 180 50 180 180 50 50 180 50 50 50 50 180 50 50 50 50 180 50 180 50 180 50 50 180 50 180 180 180 180 180 180 50 180 180 180 180 180 180 180 50 180 50 180 50 50 50 180 50 50 180 180 180 50 180 50 50 180 180 50 50 50 180 50 50 50 50 1 180 180 
c [Signal] Signal interruption. Caught signal: SIGTERM (15).
c [Label = 181] Encoding starts with target value = 130:
c [Label = 181] Encoding duration: 1259ms.
c [Label = 181] Number of clauses: 694991.
c [Label = 181] Number of variables: 196680.
c [Label = 181] Solving duration: 15 ms.
s [Label = 181] SAT (w = 130).
c [Label = 181] Label assignment: 51 51 181 181 181 51 51 51 51 51 181 51 51 181 51 51 51 181 181 181 51 181 181 51 181 181 51 51 51 181 181 181 181 181 51 51 181 51 181 51 51 181 51 181 181 181 181 181 181 181 181 181 51 51 181 51 51 181 181 181 181 181 181 181 181 51 181 51 181 51 181 51 51 51 51 51 51 181 51 51 181 181 51 181 51 51 181 51 51 51 51 51 181 181 51 181 51 181 181 181 181 51 51 181 181 181 181 51 181 51 181 51 51 51 51 181 181 181 181 181 51 181 181 181 181 181 181 51 181 181 51 181 181 181 181 51 51 181 51 181 181 181 51 51 51 51 51 51 181 51 51 181 51 51 181 181 181 181 51 51 51 51 181 51 181 181 51 181 51 51 51 51 181 181 51 181 181 181 51 51 51 51 51 51 51 181 181 181 181 51 51 181 51 181 181 181 51 51 51 181 51 51 51 181 181 181 51 51 181 51 51 181 51 181 51 51 181 51 181 181 181 181 51 51 51 181 51 181 181 51 181 51 51 181 181 181 181 51 51 51 181 181 51 51 181 181 181 181 51 51 51 51 181 181 181 181 51 181 181 51 51 181 51 51 181 181 181 181 181 181 51 181 181 51 51 51 181 51 181 181 181 51 181 51 181 181 51 181 181 51 51 181 181 181 181 181 51 51 181 181 51 51 51 51 51 181 51 51 51 51 181 181 51 181 51 181 51 51 181 51 181 181 51 51 181 51 51 181 181 51 51 51 181 181 181 181 181 181 51 51 181 181 51 181 181 51 181 51 181 51 51 51 181 51 181 51 51 51 51 51 51 51 51 181 51 181 181 181 181 51 181 51 51 51 51 181 51 51 181 51 51 51 181 181 181 51 181 51 51 51 51 181 51 181 181 181 51 51 51 181 181 181 51 51 181 51 181 51 51 181 51 181 181 181 181 51 51 51 181 51 51 51 51 181 181 181 51 51 51 51 181 51 51 181 181 181 181 51 181 181 51 51 181 51 51 51 181 51 51 181 51 181 181 181 181 51 51 51 51 51 181 181 51 51 181 51 181 181 181 181 51 181 181 51 51 181 51 181 51 181 181 51 51 181 51 51 51 51 181 51 51 51 51 181 51 181 51 181 51 51 181 51 181 181 181 181 181 181 51 181 181 181 181 181 181 181 51 181 51 181 51 51 51 181 51 51 181 181 181 51 181 51 51 181 181 51 51 51 181 51 51 51 51 1 181 181 
c [Signal] Signal interruption. Caught signal: SIGTERM (15).
c [Label = 182] Encoding starts with target value = 130:
c [Label = 182] Encoding duration: 1248ms.
c [Label = 182] Number of clauses: 703086.
c [Label = 182] Number of variables: 197772.
c [Label = 182] Solving duration: 12 ms.
s [Label = 182] SAT (w = 130).
c [Label = 182] Label assignment: 52 52 182 182 182 52 52 52 52 52 182 52 52 182 52 52 52 182 182 182 52 182 182 52 182 182 52 52 52 182 182 182 182 182 52 52 182 52 182 52 52 182 52 182 182 182 182 182 182 182 182 182 52 52 182 52 52 182 182 182 182 182 182 182 182 52 182 52 182 52 182 52 52 52 52 52 52 182 52 52 182 182 52 182 52 52 182 52 52 52 52 52 182 182 52 182 52 182 182 182 182 52 52 182 182 182 182 52 182 52 182 52 52 52 52 182 182 182 182 182 52 182 182 182 182 182 182 52 182 182 52 182 182 182 182 52 52 182 52 182 182 182 52 52 52 52 52 52 182 52 52 182 52 52 182 182 182 182 52 52 52 52 182 52 182 182 52 182 52 52 52 52 182 182 52 182 182 182 52 52 52 52 52 52 52 182 182 182 182 52 52 182 52 182 182 182 52 52 52 182 52 52 52 182 182 182 52 52 182 52 52 182 52 182 52 52 182 52 182 182 182 182 52 52 52 182 52 182 182 52 182 52 52 182 182 182 182 52 52 52 182 182 52 52 182 182 182 182 52 52 52 52 182 182 182 182 52 182 182 52 52 182 52 52 182 182 182 182 182 182 52 182 182 52 52 52 182 52 182 182 182 52 182 52 182 182 52 182 182 52 52 182 182 182 182 182 52 52 182 182 52 52 52 52 52 182 52 52 52 52 182 182 52 182 52 182 52 52 182 52 182 182 52 52 182 52 52 182 182 52 52 52 182 182 182 182 182 182 52 52 182 182 52 182 182 52 182 52 182 52 52 52 182 52 182 52 52 52 52 52 52 52 52 182 52 182 182 182 182 52 182 52 52 52 52 182 52 52 182 52 52 52 182 182 182 52 182 52 52 52 52 182 52 182 182 182 52 52 52 182 182 182 52 52 182 52 182 52 52 182 52 182 182 182 182 52 52 52 182 52 52 52 52 182 182 182 52 52 52 52 182 52 52 182 182 182 182 52 182 182 52 52 182 52 52 52 182 52 52 182 52 182 182 182 182 52 52 52 52 52 182 182 52 52 182 52 182 182 182 182 52 182 182 52 52 182 52 182 52 182 182 52 52 182 52 52 52 52 182 52 52 52 52 182 52 182 52 182 52 52 182 52 182 182 182 182 182 182 52 182 182 182 182 182 182 182 52 182 52 182 52 52 52 182 52 52 182 182 182 52 182 52 52 182 182 52 52 52 182 52 52 52 52 1 182 182 
c [Signal] Signal interruption. Caught signal: SIGTERM (15).
c [Label = 183] Encoding starts with target value = 130:
c [Label = 183] Encoding duration: 1268ms.
c [Label = 183] Number of clauses: 711180.
c [Label = 183] Number of variables: 198864.
c [Label = 183] Solving duration: 13 ms.
s [Label = 183] SAT (w = 130).
c [Label = 183] Label assignment: 53 53 183 183 183 53 53 53 53 53 183 53 53 183 53 53 53 183 183 183 53 183 183 53 183 183 53 53 53 183 183 183 183 183 53 53 183 53 183 53 53 183 53 183 183 183 183 183 183 183 183 183 53 53 183 53 53 183 183 183 183 183 183 183 183 53 183 53 183 53 183 53 53 53 53 53 53 183 53 53 183 183 53 183 53 53 183 53 53 53 53 53 183 183 53 183 53 183 183 183 183 53 53 183 183 183 183 53 183 53 183 53 53 53 53 183 183 183 183 183 53 183 183 183 183 183 183 53 183 183 53 183 183 183 183 53 53 183 53 183 183 183 53 53 53 53 53 53 183 53 53 183 53 53 183 183 183 183 53 53 53 53 183 53 183 183 53 183 53 53 53 53 183 183 53 183 183 183 53 53 53 53 53 53 53 183 183 183 183 53 53 183 53 183 183 183 53 53 53 183 53 53 53 183 183 183 53 53 183 53 53 183 53 183 53 53 183 53 183 183 183 183 53 53 53 183 53 183 183 53 183 53 53 183 183 183 183 53 53 53 183 183 53 53 183 183 183 183 53 53 53 53 183 183 183 183 53 183 183 53 53 183 53 53 183 183 183 183 183 183 53 183 183 53 53 53 183 53 183 183 183 53 183 53 183 183 53 183 183 53 53 183 183 183 183 183 53 53 183 183 53 53 53 53 53 183 53 53 53 53 183 183 53 183 53 183 53 53 183 53 183 183 53 53 183 53 53 183 183 53 53 53 183 183 183 183 183 183 53 53 183 183 53 183 183 53 183 53 183 53 53 53 183 53 183 53 53 53 53 53 53 53 53 183 53 183 183 183 183 53 183 53 53 53 53 183 53 53 183 53 53 53 183 183 183 53 183 53 53 53 53 183 53 183 183 183 53 53 53 183 183 183 53 53 183 53 183 53 53 183 53 183 183 183 183 53 53 53 183 53 53 53 53 183 183 183 53 53 53 53 183 53 53 183 183 183 183 53 183 183 53 53 183 53 53 53 183 53 53 183 53 183 183 183 183 53 53 53 53 53 183 183 53 53 183 53 183 183 183 183 53 183 183 53 53 183 53 183 53 183 183 53 53 183 53 53 53 53 183 53 53 53 53 183 53 183 53 183 53 53 183 53 183 183 183 183 183 183 53 183 183 183 183 183 183 183 53 183 53 183 53 53 53 183 53 53 183 183 183 53 183 53 53 183 183 53 53 53 183 53 53 53 53 1 183 183 
c [Signal] Signal interruption. Caught signal: SIGTERM (15).
c [Label = 184] Encoding starts with target value = 130:
c [Label = 184] Encoding duration: 1291ms.
c [Label = 184] Number of clauses: 719275.
c [Label = 184] Number of variables: 199956.
c [Label = 184] Solving duration: 13 ms.
s [Label = 184] SAT (w = 130).
c [Label = 184] Label assignment: 54 54 184 184 184 54 54 54 54 54 184 54 54 184 54 54 54 184 184 184 54 184 184 54 184 184 54 54 54 184 184 184 184 184 54 54 184 54 184 54 54 184 54 184 184 184 184 184 184 184 184 184 54 54 184 54 54 184 184 184 184 184 184 184 184 54 184 54 184 54 184 54 54 54 54 54 54 184 54 54 184 184 54 184 54 54 184 54 54 54 54 54 184 184 54 184 54 184 184 184 184 54 54 184 184 184 184 54 184 54 184 54 54 54 54 184 184 184 184 184 54 184 184 184 184 184 184 54 184 184 54 184 184 184 184 54 54 184 54 184 184 184 54 54 54 54 54 54 184 54 54 184 54 54 184 184 184 184 54 54 54 54 184 54 184 184 54 184 54 54 54 54 184 184 54 184 184 184 54 54 54 54 54 54 54 184 184 184 184 54 54 184 54 184 184 184 54 54 54 184 54 54 54 184 184 184 54 54 184 54 54 184 54 184 54 54 184 54 184 184 184 184 54 54 54 184 54 184 184 54 184 54 54 184 184 184 184 54 54 54 184 184 54 54 184 184 184 184 54 54 54 54 184 184 184 184 54 184 184 54 54 184 54 54 184 184 184 184 184 184 54 184 184 54 54 54 184 54 184 184 184 54 184 54 184 184 54 184 184 54 54 184 184 184 184 184 54 54 184 184 54 54 54 54 54 184 54 54 54 54 184 184 54 184 54 184 54 54 184 54 184 184 54 54 184 54 54 184 184 54 54 54 184 184 184 184 184 184 54 54 184 184 54 184 184 54 184 54 184 54 54 54 184 54 184 54 54 54 54 54 54 54 54 184 54 184 184 184 184 54 184 54 54 54 54 184 54 54 184 54 54 54 184 184 184 54 184 54 54 54 54 184 54 184 184 184 54 54 54 184 184 184 54 54 184 54 184 54 54 184 54 184 184 184 184 54 54 54 184 54 54 54 54 184 184 184 54 54 54 54 184 54 54 184 184 184 184 54 184 184 54 54 184 54 54 54 184 54 54 184 54 184 184 184 184 54 54 54 54 54 184 184 54 54 184 54 184 184 184 184 54 184 184 54 54 184 54 184 54 184 184 54 54 184 54 54 54 54 184 54 54 54 54 184 54 184 54 184 54 54 184 54 184 184 184 184 184 184 54 184 184 184 184 184 184 184 54 184 54 184 54 54 54 184 54 54 184 184 184 54 184 54 54 184 184 54 54 54 184 54 54 54 54 1 184 184 
c [Signal] Signal interruption. Caught signal: SIGTERM (15).
c [Main] Lowest label SAT is set to 178.
c [Main] Kill higher label pid 180.
c [Main] Kill higher label pid 181.
c [Main] Kill higher label pid 182.
c [Main] Kill higher label pid 183.
c [Main] Kill higher label pid 184.
c [Main] Kill higher label pid 185.
c [Main] Kill higher label pid 179.
c [Label = 185] Encoding starts with target value = 130:
c [Label = 185] Encoding duration: 1303ms.
c [Label = 185] Number of clauses: 727369.
c [Label = 185] Number of variables: 201048.
c [Label = 185] Solving duration: 13 ms.
s [Label = 185] SAT (w = 130).
c [Label = 185] Label assignment: 55 55 185 185 185 55 55 55 55 55 185 55 55 185 55 55 55 185 185 185 55 185 185 55 185 185 55 55 55 185 185 185 185 185 55 55 185 55 185 55 55 185 55 185 185 185 185 185 185 185 185 185 55 55 185 55 55 185 185 185 185 185 185 185 185 55 185 55 185 55 185 55 55 55 55 55 55 185 55 55 185 185 55 185 55 55 185 55 55 55 55 55 185 185 55 185 55 185 185 185 185 55 55 185 185 185 185 55 185 55 185 55 55 55 55 185 185 185 185 185 55 185 185 185 185 185 185 55 185 185 55 185 185 185 185 55 55 185 55 185 185 185 55 55 55 55 55 55 185 55 55 185 55 55 185 185 185 185 55 55 55 55 185 55 185 185 55 185 55 55 55 55 185 185 55 185 185 185 55 55 55 55 55 55 55 185 185 185 185 55 55 185 55 185 185 185 55 55 55 185 55 55 55 185 185 185 55 55 185 55 55 185 55 185 55 55 185 55 185 185 185 185 55 55 55 185 55 185 185 55 185 55 55 185 185 185 185 55 55 55 185 185 55 55 185 185 185 185 55 55 55 55 185 185 185 185 55 185 185 55 55 185 55 55 185 185 185 185 185 185 55 185 185 55 55 55 185 55 185 185 185 55 185 55 185 185 55 185 185 55 55 185 185 185 185 185 55 55 185 185 55 55 55 55 55 185 55 55 55 55 185 185 55 185 55 185 55 55 185 55 185 185 55 55 185 55 55 185 185 55 55 55 185 185 185 185 185 185 55 55 185 185 55 185 185 55 185 55 185 55 55 55 185 55 185 55 55 55 55 55 55 55 55 185 55 185 185 185 185 55 185 55 55 55 55 185 55 55 185 55 55 55 185 185 185 55 185 55 55 55 55 185 55 185 185 185 55 55 55 185 185 185 55 55 185 55 185 55 55 185 55 185 185 185 185 55 55 55 185 55 55 55 55 185 185 185 55 55 55 55 185 55 55 185 185 185 185 55 185 185 55 55 185 55 55 55 185 55 55 185 55 185 185 185 185 55 55 55 55 55 185 185 55 55 185 55 185 185 185 185 55 185 185 55 55 185 55 185 55 185 185 55 55 185 55 55 55 55 185 55 55 55 55 185 55 185 55 185 55 55 185 55 185 185 185 185 185 185 55 185 185 185 185 185 185 185 55 185 55 185 55 55 55 185 55 55 185 185 185 55 185 55 55 185 185 55 55 55 185 55 55 55 55 1 185 185 
c [Signal] Signal interruption. Caught signal: SIGTERM (15).
c [Label = 179] Encoding starts with target value = 130:
c [Label = 179] Encoding duration: 1230ms.
c [Label = 179] Number of clauses: 678802.
c [Label = 179] Number of variables: 194496.
c [Label = 179] Solving duration: 14 ms.
s [Label = 179] SAT (w = 130).
c [Label = 179] Label assignment: 49 49 179 179 179 49 49 49 49 49 179 49 49 179 49 49 49 179 179 179 49 179 179 49 179 179 49 49 49 179 179 179 179 179 49 49 179 49 179 49 49 179 49 179 179 179 179 179 179 179 179 179 49 49 179 49 49 179 179 179 179 179 179 179 179 49 179 49 179 49 179 49 49 49 49 49 49 179 49 49 179 179 49 179 49 49 179 49 49 49 49 49 179 179 49 179 49 179 179 179 179 49 49 179 179 179 179 49 179 49 179 49 49 49 49 179 179 179 179 179 49 179 179 179 179 179 179 49 179 179 49 179 179 179 179 49 49 179 49 179 179 179 49 49 49 49 49 49 179 49 49 179 49 49 179 179 179 179 49 49 49 49 179 49 179 179 49 179 49 49 49 49 179 179 49 179 179 179 49 49 49 49 49 49 49 179 179 179 179 49 49 179 49 179 179 179 49 49 49 179 49 49 49 179 179 179 49 49 179 49 49 179 49 179 49 49 179 49 179 179 179 179 49 49 49 179 49 179 179 49 179 49 49 179 179 179 179 49 49 49 179 179 49 49 179 179 179 179 49 49 49 49 179 179 179 179 49 179 179 49 49 179 49 49 179 179 179 179 179 179 49 179 179 49 49 49 179 49 179 179 179 49 179 49 179 179 49 179 179 49 49 179 179 179 179 179 49 49 179 179 49 49 49 49 49 179 49 49 49 49 179 179 49 179 49 179 49 49 179 49 179 179 49 49 179 49 49 179 179 49 49 49 179 179 179 179 179 179 49 49 179 179 49 179 179 49 179 49 179 49 49 49 179 49 179 49 49 49 49 49 49 49 49 179 49 179 179 179 179 49 179 49 49 49 49 179 49 49 179 49 49 49 179 179 179 49 179 49 49 49 49 179 49 179 179 179 49 49 49 179 179 179 49 49 179 49 179 49 49 179 49 179 179 179 179 49 49 49 179 49 49 49 49 179 179 179 49 49 49 49 179 49 49 179 179 179 179 49 179 179 49 49 179 49 49 49 179 49 49 179 49 179 179 179 179 49 49 49 49 49 179 179 49 49 179 49 179 179 179 179 49 179 179 49 49 179 49 179 49 179 179 49 49 179 49 49 49 49 179 49 49 49 49 179 49 179 49 179 49 49 179 49 179 179 179 179 179 179 49 179 179 179 179 179 179 179 49 179 49 179 49 49 49 179 49 49 179 179 179 49 179 49 49 179 179 49 49 49 179 49 49 49 49 1 179 179 
c [Signal] Signal interruption. Caught signal: SIGTERM (15).
c [Label = 177] Minimize Makespan Labeling problem (S-sherman4.mtx.rnd):
c [Main] Child pid 183 - 54247 terminated by signal 15.
c [Main] Child pid 182 - 54248 terminated by signal 15.
c [Main] Child pid 181 - 54249 terminated by signal 15.
c [Main] Child pid 184 - 54246 terminated by signal 15.
c [Main] Child pid 180 - 54250 terminated by signal 15.
c [Main] Child pid 185 - 54245 terminated by signal 15.
c [Label = 176] Minimize Makespan Labeling problem (S-sherman4.mtx.rnd):
c [Label = 175] Minimize Makespan Labeling problem (S-sherman4.mtx.rnd):
c [Label = 173] Minimize Makespan Labeling problem (S-sherman4.mtx.rnd):
c [Label = 174] Minimize Makespan Labeling problem (S-sherman4.mtx.rnd):
c [Main] Child pid 179 - 54251 terminated by signal 15.
c [Label = 172] Minimize Makespan Labeling problem (S-sherman4.mtx.rnd):
c [Label = 171] Minimize Makespan Labeling problem (S-sherman4.mtx.rnd):
c [Label = 170] Minimize Makespan Labeling problem (S-sherman4.mtx.rnd):
c [Label = 170] Encoding starts with target value = 130:
c [Label = 170] Encoding duration: 1111ms.
c [Label = 170] Number of clauses: 605952.
c [Label = 170] Number of variables: 184668.
c [Label = 170] Solving duration: 12 ms.
s [Label = 170] SAT (w = 130).
c [Label = 170] Label assignment: 40 40 170 170 170 40 40 40 40 40 170 40 40 170 40 40 40 170 170 170 40 170 170 40 170 170 40 40 40 170 170 170 170 170 40 40 170 40 170 40 40 170 40 170 170 170 170 170 170 170 170 170 40 40 170 40 40 170 170 170 170 170 170 170 170 40 170 40 170 40 170 40 40 40 40 40 40 170 40 40 170 170 40 170 40 40 170 40 40 40 40 40 170 170 40 170 40 170 170 170 170 40 40 170 170 170 170 40 170 40 170 40 40 40 40 170 170 170 170 170 40 170 170 170 170 170 170 40 170 170 40 170 170 170 170 40 40 170 40 170 170 170 40 40 40 40 40 40 170 40 40 170 40 40 170 170 170 170 40 40 40 40 170 40 170 170 40 170 40 40 40 40 170 170 40 170 170 170 40 40 40 40 40 40 40 170 170 170 170 40 40 170 40 170 170 170 40 40 40 170 40 40 40 170 170 170 40 40 170 40 40 170 40 170 40 40 170 40 170 170 170 170 40 40 40 170 40 170 170 40 170 40 40 170 170 170 170 40 40 40 170 170 40 40 170 170 170 170 40 40 40 40 170 170 170 170 40 170 170 40 40 170 40 40 170 170 170 170 170 170 40 170 170 40 40 40 170 40 170 170 170 40 170 40 170 170 40 170 170 40 40 170 170 170 170 170 40 40 170 170 40 40 40 40 40 170 40 40 40 40 170 170 40 170 40 170 40 40 170 40 170 170 40 40 170 40 40 170 170 40 40 40 170 170 170 170 170 170 40 40 170 170 40 170 170 40 170 40 170 40 40 40 170 40 170 40 40 40 40 40 40 40 40 170 40 170 170 170 170 40 170 40 40 40 40 170 40 40 170 40 40 40 170 170 170 40 170 40 40 40 40 170 40 170 170 170 40 40 40 170 170 170 40 40 170 40 170 40 40 170 40 170 170 170 170 40 40 40 170 40 40 40 40 170 170 170 40 40 40 40 170 40 40 170 170 170 170 40 170 170 40 40 170 40 40 40 170 40 40 170 40 170 170 170 170 40 40 40 40 40 170 170 40 40 170 40 170 170 170 170 40 170 170 40 40 170 40 170 40 170 170 40 40 170 40 40 40 40 170 40 40 40 40 170 40 170 40 170 40 40 170 40 170 170 170 170 170 170 40 170 170 170 170 170 170 170 40 170 40 170 40 40 40 170 40 40 170 170 170 40 170 40 40 170 170 40 40 40 170 40 40 40 40 1 170 170 
c [Label = 171] Encoding starts with target value = 130:
c [Label = 171] Encoding duration: 1137ms.
c [Label = 171] Number of clauses: 614046.
c [Label = 171] Number of variables: 185760.
c [Label = 171] Solving duration: 12 ms.
s [Label = 171] SAT (w = 130).
c [Label = 171] Label assignment: 41 41 171 171 171 41 41 41 41 41 171 41 41 171 41 41 41 171 171 171 41 171 171 41 171 171 41 41 41 171 171 171 171 171 41 41 171 41 171 41 41 171 41 171 171 171 171 171 171 171 171 171 41 41 171 41 41 171 171 171 171 171 171 171 171 41 171 41 171 41 171 41 41 41 41 41 41 171 41 41 171 171 41 171 41 41 171 41 41 41 41 41 171 171 41 171 41 171 171 171 171 41 41 171 171 171 171 41 171 41 171 41 41 41 41 171 171 171 171 171 41 171 171 171 171 171 171 41 171 171 41 171 171 171 171 41 41 171 41 171 171 171 41 41 41 41 41 41 171 41 41 171 41 41 171 171 171 171 41 41 41 41 171 41 171 171 41 171 41 41 41 41 171 171 41 171 171 171 41 41 41 41 41 41 41 171 171 171 171 41 41 171 41 171 171 171 41 41 41 171 41 41 41 171 171 171 41 41 171 41 41 171 41 171 41 41 171 41 171 171 171 171 41 41 41 171 41 171 171 41 171 41 41 171 171 171 171 41 41 41 171 171 41 41 171 171 171 171 41 41 41 41 171 171 171 171 41 171 171 41 41 171 41 41 171 171 171 171 171 171 41 171 171 41 41 41 171 41 171 171 171 41 171 41 171 171 41 171 171 41 41 171 171 171 171 171 41 41 171 171 41 41 41 41 41 171 41 41 41 41 171 171 41 171 41 171 41 41 171 41 171 171 41 41 171 41 41 171 171 41 41 41 171 171 171 171 171 171 41 41 171 171 41 171 171 41 171 41 171 41 41 41 171 41 171 41 41 41 41 41 41 41 41 171 41 171 171 171 171 41 171 41 41 41 41 171 41 41 171 41 41 41 171 171 171 41 171 41 41 41 41 171 41 171 171 171 41 41 41 171 171 171 41 41 171 41 171 41 41 171 41 171 171 171 171 41 41 41 171 41 41 41 41 171 171 171 41 41 41 41 171 41 41 171 171 171 171 41 171 171 41 41 171 41 41 41 171 41 41 171 41 171 171 171 171 41 41 41 41 41 171 171 41 41 171 41 171 171 171 171 41 171 171 41 41 171 41 171 41 171 171 41 41 171 41 41 41 41 171 41 41 41 41 171 41 171 41 171 41 41 171 41 171 171 171 171 171 171 41 171 171 171 171 171 171 171 41 171 41 171 41 41 41 171 41 41 171 171 171 41 171 41 41 171 171 41 41 41 171 41 41 41 41 1 171 171 
c [Signal] Signal interruption. Caught signal: SIGTERM (15).
c [Label = 173] Encoding starts with target value = 130:
c [Label = 173] Encoding duration: 1145ms.
c [Label = 173] Number of clauses: 630235.
c [Label = 173] Number of variables: 187944.
c [Label = 173] Solving duration: 10 ms.
s [Label = 173] SAT (w = 130).
c [Label = 173] Label assignment: 43 43 173 173 173 43 43 43 43 43 173 43 43 173 43 43 43 173 173 173 43 173 173 43 173 173 43 43 43 173 173 173 173 173 43 43 173 43 173 43 43 173 43 173 173 173 173 173 173 173 173 173 43 43 173 43 43 173 173 173 173 173 173 173 173 43 173 43 173 43 173 43 43 43 43 43 43 173 43 43 173 173 43 173 43 43 173 43 43 43 43 43 173 173 43 173 43 173 173 173 173 43 43 173 173 173 173 43 173 43 173 43 43 43 43 173 173 173 173 173 43 173 173 173 173 173 173 43 173 173 43 173 173 173 173 43 43 173 43 173 173 173 43 43 43 43 43 43 173 43 43 173 43 43 173 173 173 173 43 43 43 43 173 43 173 173 43 173 43 43 43 43 173 173 43 173 173 173 43 43 43 43 43 43 43 173 173 173 173 43 43 173 43 173 173 173 43 43 43 173 43 43 43 173 173 173 43 43 173 43 43 173 43 173 43 43 173 43 173 173 173 173 43 43 43 173 43 173 173 43 173 43 43 173 173 173 173 43 43 43 173 173 43 43 173 173 173 173 43 43 43 43 173 173 173 173 43 173 173 43 43 173 43 43 173 173 173 173 173 173 43 173 173 43 43 43 173 43 173 173 173 43 173 43 173 173 43 173 173 43 43 173 173 173 173 173 43 43 173 173 43 43 43 43 43 173 43 43 43 43 173 173 43 173 43 173 43 43 173 43 173 173 43 43 173 43 43 173 173 43 43 43 173 173 173 173 173 173 43 43 173 173 43 173 173 43 173 43 173 43 43 43 173 43 173 43 43 43 43 43 43 43 43 173 43 173 173 173 173 43 173 43 43 43 43 173 43 43 173 43 43 43 173 173 173 43 173 43 43 43 43 173 43 173 173 173 43 43 43 173 173 173 43 43 173 43 173 43 43 173 43 173 173 173 173 43 43 43 173 43 43 43 43 173 173 173 43 43 43 43 173 43 43 173 173 173 173 43 173 173 43 43 173 43 43 43 173 43 43 173 43 173 173 173 173 43 43 43 43 43 173 173 43 43 173 43 173 173 173 173 43 173 173 43 43 173 43 173 43 173 173 43 43 173 43 43 43 43 173 43 43 43 43 173 43 173 43 173 43 43 173 43 173 173 173 173 173 173 43 173 173 173 173 173 173 173 43 173 43 173 43 43 43 173 43 43 173 173 173 43 173 43 43 173 173 43 43 43 173 43 43 43 43 1 173 173 
c [Signal] Signal interruption. Caught signal: SIGTERM (15).
c [Label = 174] Encoding starts with target value = 130:
c [Label = 174] Encoding duration: 1157ms.
c [Label = 174] Number of clauses: 638330.
c [Label = 174] Number of variables: 189036.
c [Label = 174] Solving duration: 13 ms.
s [Label = 174] SAT (w = 130).
c [Label = 174] Label assignment: 44 44 174 174 174 44 44 44 44 44 174 44 44 174 44 44 44 174 174 174 44 174 174 44 174 174 44 44 44 174 174 174 174 174 44 44 174 44 174 44 44 174 44 174 174 174 174 174 174 174 174 174 44 44 174 44 44 174 174 174 174 174 174 174 174 44 174 44 174 44 174 44 44 44 44 44 44 174 44 44 174 174 44 174 44 44 174 44 44 44 44 44 174 174 44 174 44 174 174 174 174 44 44 174 174 174 174 44 174 44 174 44 44 44 44 174 174 174 174 174 44 174 174 174 174 174 174 44 174 174 44 174 174 174 174 44 44 174 44 174 174 174 44 44 44 44 44 44 174 44 44 174 44 44 174 174 174 174 44 44 44 44 174 44 174 174 44 174 44 44 44 44 174 174 44 174 174 174 44 44 44 44 44 44 44 174 174 174 174 44 44 174 44 174 174 174 44 44 44 174 44 44 44 174 174 174 44 44 174 44 44 174 44 174 44 44 174 44 174 174 174 174 44 44 44 174 44 174 174 44 174 44 44 174 174 174 174 44 44 44 174 174 44 44 174 174 174 174 44 44 44 44 174 174 174 174 44 174 174 44 44 174 44 44 174 174 174 174 174 174 44 174 174 44 44 44 174 44 174 174 174 44 174 44 174 174 44 174 174 44 44 174 174 174 174 174 44 44 174 174 44 44 44 44 44 174 44 44 44 44 174 174 44 174 44 174 44 44 174 44 174 174 44 44 174 44 44 174 174 44 44 44 174 174 174 174 174 174 44 44 174 174 44 174 174 44 174 44 174 44 44 44 174 44 174 44 44 44 44 44 44 44 44 174 44 174 174 174 174 44 174 44 44 44 44 174 44 44 174 44 44 44 174 174 174 44 174 44 44 44 44 174 44 174 174 174 44 44 44 174 174 174 44 44 174 44 174 44 44 174 44 174 174 174 174 44 44 44 174 44 44 44 44 174 174 174 44 44 44 44 174 44 44 174 174 174 174 44 174 174 44 44 174 44 44 44 174 44 44 174 44 174 174 174 174 44 44 44 44 44 174 174 44 44 174 44 174 174 174 174 44 174 174 44 44 174 44 174 44 174 174 44 44 174 44 44 44 44 174 44 44 44 44 174 44 174 44 174 44 44 174 44 174 174 174 174 174 174 44 174 174 174 174 174 174 174 44 174 44 174 44 44 44 174 44 44 174 174 174 44 174 44 44 174 174 44 44 44 174 44 44 44 44 1 174 174 
c [Signal] Signal interruption. Caught signal: SIGTERM (15).
c [Label = 175] Encoding starts with target value = 130:
c [Label = 175] Encoding duration: 1172ms.
c [Label = 175] Number of clauses: 646424.
c [Label = 175] Number of variables: 190128.
c [Label = 175] Solving duration: 11 ms.
s [Label = 175] SAT (w = 130).
c [Label = 175] Label assignment: 45 45 175 175 175 45 45 45 45 45 175 45 45 175 45 45 45 175 175 175 45 175 175 45 175 175 45 45 45 175 175 175 175 175 45 45 175 45 175 45 45 175 45 175 175 175 175 175 175 175 175 175 45 45 175 45 45 175 175 175 175 175 175 175 175 45 175 45 175 45 175 45 45 45 45 45 45 175 45 45 175 175 45 175 45 45 175 45 45 45 45 45 175 175 45 175 45 175 175 175 175 45 45 175 175 175 175 45 175 45 175 45 45 45 45 175 175 175 175 175 45 175 175 175 175 175 175 45 175 175 45 175 175 175 175 45 45 175 45 175 175 175 45 45 45 45 45 45 175 45 45 175 45 45 175 175 175 175 45 45 45 45 175 45 175 175 45 175 45 45 45 45 175 175 45 175 175 175 45 45 45 45 45 45 45 175 175 175 175 45 45 175 45 175 175 175 45 45 45 175 45 45 45 175 175 175 45 45 175 45 45 175 45 175 45 45 175 45 175 175 175 175 45 45 45 175 45 175 175 45 175 45 45 175 175 175 175 45 45 45 175 175 45 45 175 175 175 175 45 45 45 45 175 175 175 175 45 175 175 45 45 175 45 45 175 175 175 175 175 175 45 175 175 45 45 45 175 45 175 175 175 45 175 45 175 175 45 175 175 45 45 175 175 175 175 175 45 45 175 175 45 45 45 45 45 175 45 45 45 45 175 175 45 175 45 175 45 45 175 45 175 175 45 45 175 45 45 175 175 45 45 45 175 175 175 175 175 175 45 45 175 175 45 175 175 45 175 45 175 45 45 45 175 45 175 45 45 45 45 45 45 45 45 175 45 175 175 175 175 45 175 45 45 45 45 175 45 45 175 45 45 45 175 175 175 45 175 45 45 45 45 175 45 175 175 175 45 45 45 175 175 175 45 45 175 45 175 45 45 175 45 175 175 175 175 45 45 45 175 45 45 45 45 175 175 175 45 45 45 45 175 45 45 175 175 175 175 45 175 175 45 45 175 45 45 45 175 45 45 175 45 175 175 175 175 45 45 45 45 45 175 175 45 45 175 45 175 175 175 175 45 175 175 45 45 175 45 175 45 175 175 45 45 175 45 45 45 45 175 45 45 45 45 175 45 175 45 175 45 45 175 45 175 175 175 175 175 175 45 175 175 175 175 175 175 175 45 175 45 175 45 45 45 175 45 45 175 175 175 45 175 45 45 175 175 45 45 45 175 45 45 45 45 1 175 175 
c [Signal] Signal interruption. Caught signal: SIGTERM (15).
c [Label = 176] Encoding starts with target value = 130:
c [Label = 176] Encoding duration: 1174ms.
c [Label = 176] Number of clauses: 654519.
c [Label = 176] Number of variables: 191220.
c [Label = 176] Solving duration: 11 ms.
s [Label = 176] SAT (w = 130).
c [Label = 176] Label assignment: 46 46 176 176 176 46 46 46 46 46 176 46 46 176 46 46 46 176 176 176 46 176 176 46 176 176 46 46 46 176 176 176 176 176 46 46 176 46 176 46 46 176 46 176 176 176 176 176 176 176 176 176 46 46 176 46 46 176 176 176 176 176 176 176 176 46 176 46 176 46 176 46 46 46 46 46 46 176 46 46 176 176 46 176 46 46 176 46 46 46 46 46 176 176 46 176 46 176 176 176 176 46 46 176 176 176 176 46 176 46 176 46 46 46 46 176 176 176 176 176 46 176 176 176 176 176 176 46 176 176 46 176 176 176 176 46 46 176 46 176 176 176 46 46 46 46 46 46 176 46 46 176 46 46 176 176 176 176 46 46 46 46 176 46 176 176 46 176 46 46 46 46 176 176 46 176 176 176 46 46 46 46 46 46 46 176 176 176 176 46 46 176 46 176 176 176 46 46 46 176 46 46 46 176 176 176 46 46 176 46 46 176 46 176 46 46 176 46 176 176 176 176 46 46 46 176 46 176 176 46 176 46 46 176 176 176 176 46 46 46 176 176 46 46 176 176 176 176 46 46 46 46 176 176 176 176 46 176 176 46 46 176 46 46 176 176 176 176 176 176 46 176 176 46 46 46 176 46 176 176 176 46 176 46 176 176 46 176 176 46 46 176 176 176 176 176 46 46 176 176 46 46 46 46 46 176 46 46 46 46 176 176 46 176 46 176 46 46 176 46 176 176 46 46 176 46 46 176 176 46 46 46 176 176 176 176 176 176 46 46 176 176 46 176 176 46 176 46 176 46 46 46 176 46 176 46 46 46 46 46 46 46 46 176 46 176 176 176 176 46 176 46 46 46 46 176 46 46 176 46 46 46 176 176 176 46 176 46 46 46 46 176 46 176 176 176 46 46 46 176 176 176 46 46 176 46 176 46 46 176 46 176 176 176 176 46 46 46 176 46 46 46 46 176 176 176 46 46 46 46 176 46 46 176 176 176 176 46 176 176 46 46 176 46 46 46 176 46 46 176 46 176 176 176 176 46 46 46 46 46 176 176 46 46 176 46 176 176 176 176 46 176 176 46 46 176 46 176 46 176 176 46 46 176 46 46 46 46 176 46 46 46 46 176 46 176 46 176 46 46 176 46 176 176 176 176 176 176 46 176 176 176 176 176 176 176 46 176 46 176 46 46 46 176 46 46 176 176 176 46 176 46 46 176 176 46 46 46 176 46 46 46 46 1 176 176 
c [Signal] Signal interruption. Caught signal: SIGTERM (15).
c [Main] Lowest label SAT is set to 170.
c [Main] Kill higher label pid 171.
c [Main] Kill higher label pid 173.
c [Main] Kill higher label pid 174.
c [Main] Kill higher label pid 175.
c [Main] Kill higher label pid 176.
c [Main] Kill higher label pid 177.
c [Main] Kill higher label pid 172.
c [Label = 172] Encoding starts with target value = 130:
c [Label = 172] Encoding duration: 1131ms.
c [Label = 172] Number of clauses: 622141.
c [Label = 172] Number of variables: 186852.
c [Label = 172] Solving duration: 12 ms.
s [Label = 172] SAT (w = 130).
c [Label = 172] Label assignment: 42 42 172 172 172 42 42 42 42 42 172 42 42 172 42 42 42 172 172 172 42 172 172 42 172 172 42 42 42 172 172 172 172 172 42 42 172 42 172 42 42 172 42 172 172 172 172 172 172 172 172 172 42 42 172 42 42 172 172 172 172 172 172 172 172 42 172 42 172 42 172 42 42 42 42 42 42 172 42 42 172 172 42 172 42 42 172 42 42 42 42 42 172 172 42 172 42 172 172 172 172 42 42 172 172 172 172 42 172 42 172 42 42 42 42 172 172 172 172 172 42 172 172 172 172 172 172 42 172 172 42 172 172 172 172 42 42 172 42 172 172 172 42 42 42 42 42 42 172 42 42 172 42 42 172 172 172 172 42 42 42 42 172 42 172 172 42 172 42 42 42 42 172 172 42 172 172 172 42 42 42 42 42 42 42 172 172 172 172 42 42 172 42 172 172 172 42 42 42 172 42 42 42 172 172 172 42 42 172 42 42 172 42 172 42 42 172 42 172 172 172 172 42 42 42 172 42 172 172 42 172 42 42 172 172 172 172 42 42 42 172 172 42 42 172 172 172 172 42 42 42 42 172 172 172 172 42 172 172 42 42 172 42 42 172 172 172 172 172 172 42 172 172 42 42 42 172 42 172 172 172 42 172 42 172 172 42 172 172 42 42 172 172 172 172 172 42 42 172 172 42 42 42 42 42 172 42 42 42 42 172 172 42 172 42 172 42 42 172 42 172 172 42 42 172 42 42 172 172 42 42 42 172 172 172 172 172 172 42 42 172 172 42 172 172 42 172 42 172 42 42 42 172 42 172 42 42 42 42 42 42 42 42 172 42 172 172 172 172 42 172 42 42 42 42 172 42 42 172 42 42 42 172 172 172 42 172 42 42 42 42 172 42 172 172 172 42 42 42 172 172 172 42 42 172 42 172 42 42 172 42 172 172 172 172 42 42 42 172 42 42 42 42 172 172 172 42 42 42 42 172 42 42 172 172 172 172 42 172 172 42 42 172 42 42 42 172 42 42 172 42 172 172 172 172 42 42 42 42 42 172 172 42 42 172 42 172 172 172 172 42 172 172 42 42 172 42 172 42 172 172 42 42 172 42 42 42 42 172 42 42 42 42 172 42 172 42 172 42 42 172 42 172 172 172 172 172 172 42 172 172 172 172 172 172 172 42 172 42 172 42 42 42 172 42 42 172 172 172 42 172 42 42 172 172 42 42 42 172 42 42 42 42 1 172 172 
c [Signal] Signal interruption. Caught signal: SIGTERM (15).
c [Label = 177] Encoding starts with target value = 130:
c [Label = 177] Encoding duration: 1207ms.
c [Label = 177] Number of clauses: 662613.
c [Label = 177] Number of variables: 192312.
c [Label = 177] Solving duration: 12 ms.
s [Label = 177] SAT (w = 130).
c [Label = 177] Label assignment: 47 47 177 177 177 47 47 47 47 47 177 47 47 177 47 47 47 177 177 177 47 177 177 47 177 177 47 47 47 177 177 177 177 177 47 47 177 47 177 47 47 177 47 177 177 177 177 177 177 177 177 177 47 47 177 47 47 177 177 177 177 177 177 177 177 47 177 47 177 47 177 47 47 47 47 47 47 177 47 47 177 177 47 177 47 47 177 47 47 47 47 47 177 177 47 177 47 177 177 177 177 47 47 177 177 177 177 47 177 47 177 47 47 47 47 177 177 177 177 177 47 177 177 177 177 177 177 47 177 177 47 177 177 177 177 47 47 177 47 177 177 177 47 47 47 47 47 47 177 47 47 177 47 47 177 177 177 177 47 47 47 47 177 47 177 177 47 177 47 47 47 47 177 177 47 177 177 177 47 47 47 47 47 47 47 177 177 177 177 47 47 177 47 177 177 177 47 47 47 177 47 47 47 177 177 177 47 47 177 47 47 177 47 177 47 47 177 47 177 177 177 177 47 47 47 177 47 177 177 47 177 47 47 177 177 177 177 47 47 47 177 177 47 47 177 177 177 177 47 47 47 47 177 177 177 177 47 177 177 47 47 177 47 47 177 177 177 177 177 177 47 177 177 47 47 47 177 47 177 177 177 47 177 47 177 177 47 177 177 47 47 177 177 177 177 177 47 47 177 177 47 47 47 47 47 177 47 47 47 47 177 177 47 177 47 177 47 47 177 47 177 177 47 47 177 47 47 177 177 47 47 47 177 177 177 177 177 177 47 47 177 177 47 177 177 47 177 47 177 47 47 47 177 47 177 47 47 47 47 47 47 47 47 177 47 177 177 177 177 47 177 47 47 47 47 177 47 47 177 47 47 47 177 177 177 47 177 47 47 47 47 177 47 177 177 177 47 47 47 177 177 177 47 47 177 47 177 47 47 177 47 177 177 177 177 47 47 47 177 47 47 47 47 177 177 177 47 47 47 47 177 47 47 177 177 177 177 47 177 177 47 47 177 47 47 47 177 47 47 177 47 177 177 177 177 47 47 47 47 47 177 177 47 47 177 47 177 177 177 177 47 177 177 47 47 177 47 177 47 177 177 47 47 177 47 47 47 47 177 47 47 47 47 177 47 177 47 177 47 47 177 47 177 177 177 177 177 177 47 177 177 177 177 177 177 177 47 177 47 177 47 47 47 177 47 47 177 177 177 47 177 47 47 177 177 47 47 47 177 47 47 47 47 1 177 177 
c [Signal] Signal interruption. Caught signal: SIGTERM (15).
c [Label = 169] Minimize Makespan Labeling problem (S-sherman4.mtx.rnd):
c [Main] Child pid 174 - 54256 terminated by signal 15.
c [Main] Child pid 171 - 54259 terminated by signal 15.
c [Main] Child pid 177 - 54253 terminated by signal 15.
c [Label = 168] Minimize Makespan Labeling problem (S-sherman4.mtx.rnd):
c [Main] Child pid 176 - 54254 terminated by signal 15.
c [Main] Child pid 175 - 54255 terminated by signal 15.
c [Label = 166] Minimize Makespan Labeling problem (S-sherman4.mtx.rnd):
c [Main] Child pid 172 - 54258 terminated by signal 15.
c [Label = 165] Minimize Makespan Labeling problem (S-sherman4.mtx.rnd):
c [Main] Child pid 173 - 54257 terminated by signal 15.
c [Label = 164] Minimize Makespan Labeling problem (S-sherman4.mtx.rnd):
c [Label = 163] Minimize Makespan Labeling problem (S-sherman4.mtx.rnd):
c [Label = 162] Minimize Makespan Labeling problem (S-sherman4.mtx.rnd):
c [Label = 167] Minimize Makespan Labeling problem (S-sherman4.mtx.rnd):
c [Label = 162] Encoding starts with target value = 130:
c [Label = 162] Encoding duration: 1010ms.
c [Label = 162] Number of clauses: 541196.
c [Label = 162] Number of variables: 175932.
c [Label = 162] Solving duration: 8 ms.
s [Label = 162] SAT (w = 130).
c [Label = 162] Label assignment: 32 32 162 162 162 32 32 32 32 32 162 32 32 162 32 32 32 162 162 162 32 162 162 32 162 162 32 32 32 162 162 162 162 162 32 32 162 32 162 32 32 162 32 162 162 162 162 162 162 162 162 162 32 32 162 32 32 162 162 162 162 162 162 162 162 32 162 32 162 32 162 32 32 32 32 32 32 162 32 32 162 162 32 162 32 32 162 32 32 32 32 32 162 162 32 162 32 162 162 162 162 32 32 162 162 162 162 32 162 32 162 32 32 32 32 162 162 162 162 162 32 162 162 162 162 162 162 32 162 162 32 162 162 162 162 32 32 162 32 162 162 162 32 32 32 32 32 32 162 32 32 162 32 32 162 162 162 162 32 32 32 32 162 32 162 162 32 162 32 32 32 32 162 162 32 162 162 162 32 32 32 32 32 32 32 162 162 162 162 32 32 162 32 162 162 162 32 32 32 162 32 32 32 162 162 162 32 32 162 32 32 162 32 162 32 32 162 32 162 162 162 162 32 32 32 162 32 162 162 32 162 32 32 162 162 162 162 32 32 32 162 162 32 32 162 162 162 162 32 32 32 32 162 162 162 162 32 162 162 32 32 162 32 32 162 162 162 162 162 162 32 162 162 32 32 32 162 32 162 162 162 32 162 32 162 162 32 162 162 32 32 162 162 162 162 162 32 32 162 162 32 32 32 32 32 162 32 32 32 32 162 162 32 162 32 162 32 32 162 32 162 162 32 32 162 32 32 162 162 32 32 32 162 162 162 162 162 162 32 32 162 162 32 162 162 32 162 32 162 32 32 32 162 32 162 32 32 32 32 32 32 32 32 162 32 162 162 162 162 32 162 32 32 32 32 162 32 32 162 32 32 32 162 162 162 32 162 32 32 32 32 162 32 162 162 162 32 32 32 162 162 162 32 32 162 32 162 32 32 162 32 162 162 162 162 32 32 32 162 32 32 32 32 162 162 162 32 32 32 32 162 32 32 162 162 162 162 32 162 162 32 32 162 32 32 32 162 32 32 162 32 162 162 162 162 32 32 32 32 32 162 162 32 32 162 32 162 162 162 162 32 162 162 32 32 162 32 162 32 162 162 32 32 162 32 32 32 32 162 32 32 32 32 162 32 162 32 162 32 32 162 32 162 162 162 162 162 162 32 162 162 162 162 162 162 162 32 162 32 162 32 32 32 162 32 32 162 162 162 32 162 32 32 162 162 32 32 32 162 32 32 32 32 1 162 162 
c [Label = 163] Encoding starts with target value = 130:
c [Label = 163] Encoding duration: 1015ms.
c [Label = 163] Number of clauses: 549290.
c [Label = 163] Number of variables: 177024.
c [Label = 163] Solving duration: 9 ms.
s [Label = 163] SAT (w = 130).
c [Label = 163] Label assignment: 33 33 163 163 163 33 33 33 33 33 163 33 33 163 33 33 33 163 163 163 33 163 163 33 163 163 33 33 33 163 163 163 163 163 33 33 163 33 163 33 33 163 33 163 163 163 163 163 163 163 163 163 33 33 163 33 33 163 163 163 163 163 163 163 163 33 163 33 163 33 163 33 33 33 33 33 33 163 33 33 163 163 33 163 33 33 163 33 33 33 33 33 163 163 33 163 33 163 163 163 163 33 33 163 163 163 163 33 163 33 163 33 33 33 33 163 163 163 163 163 33 163 163 163 163 163 163 33 163 163 33 163 163 163 163 33 33 163 33 163 163 163 33 33 33 33 33 33 163 33 33 163 33 33 163 163 163 163 33 33 33 33 163 33 163 163 33 163 33 33 33 33 163 163 33 163 163 163 33 33 33 33 33 33 33 163 163 163 163 33 33 163 33 163 163 163 33 33 33 163 33 33 33 163 163 163 33 33 163 33 33 163 33 163 33 33 163 33 163 163 163 163 33 33 33 163 33 163 163 33 163 33 33 163 163 163 163 33 33 33 163 163 33 33 163 163 163 163 33 33 33 33 163 163 163 163 33 163 163 33 33 163 33 33 163 163 163 163 163 163 33 163 163 33 33 33 163 33 163 163 163 33 163 33 163 163 33 163 163 33 33 163 163 163 163 163 33 33 163 163 33 33 33 33 33 163 33 33 33 33 163 163 33 163 33 163 33 33 163 33 163 163 33 33 163 33 33 163 163 33 33 33 163 163 163 163 163 163 33 33 163 163 33 163 163 33 163 33 163 33 33 33 163 33 163 33 33 33 33 33 33 33 33 163 33 163 163 163 163 33 163 33 33 33 33 163 33 33 163 33 33 33 163 163 163 33 163 33 33 33 33 163 33 163 163 163 33 33 33 163 163 163 33 33 163 33 163 33 33 163 33 163 163 163 163 33 33 33 163 33 33 33 33 163 163 163 33 33 33 33 163 33 33 163 163 163 163 33 163 163 33 33 163 33 33 33 163 33 33 163 33 163 163 163 163 33 33 33 33 33 163 163 33 33 163 33 163 163 163 163 33 163 163 33 33 163 33 163 33 163 163 33 33 163 33 33 33 33 163 33 33 33 33 163 33 163 33 163 33 33 163 33 163 163 163 163 163 163 33 163 163 163 163 163 163 163 33 163 33 163 33 33 33 163 33 33 163 163 163 33 163 33 33 163 163 33 33 33 163 33 33 33 33 1 163 163 
c [Label = 164] Encoding starts with target value = 130:
c [Label = 164] Encoding duration: 1032ms.
c [Label = 164] Number of clauses: 557385.
c [Label = 164] Number of variables: 178116.
c [Label = 164] Solving duration: 8 ms.
s [Label = 164] SAT (w = 130).
c [Label = 164] Label assignment: 34 34 164 164 164 34 34 34 34 34 164 34 34 164 34 34 34 164 164 164 34 164 164 34 164 164 34 34 34 164 164 164 164 164 34 34 164 34 164 34 34 164 34 164 164 164 164 164 164 164 164 164 34 34 164 34 34 164 164 164 164 164 164 164 164 34 164 34 164 34 164 34 34 34 34 34 34 164 34 34 164 164 34 164 34 34 164 34 34 34 34 34 164 164 34 164 34 164 164 164 164 34 34 164 164 164 164 34 164 34 164 34 34 34 34 164 164 164 164 164 34 164 164 164 164 164 164 34 164 164 34 164 164 164 164 34 34 164 34 164 164 164 34 34 34 34 34 34 164 34 34 164 34 34 164 164 164 164 34 34 34 34 164 34 164 164 34 164 34 34 34 34 164 164 34 164 164 164 34 34 34 34 34 34 34 164 164 164 164 34 34 164 34 164 164 164 34 34 34 164 34 34 34 164 164 164 34 34 164 34 34 164 34 164 34 34 164 34 164 164 164 164 34 34 34 164 34 164 164 34 164 34 34 164 164 164 164 34 34 34 164 164 34 34 164 164 164 164 34 34 34 34 164 164 164 164 34 164 164 34 34 164 34 34 164 164 164 164 164 164 34 164 164 34 34 34 164 34 164 164 164 34 164 34 164 164 34 164 164 34 34 164 164 164 164 164 34 34 164 164 34 34 34 34 34 164 34 34 34 34 164 164 34 164 34 164 34 34 164 34 164 164 34 34 164 34 34 164 164 34 34 34 164 164 164 164 164 164 34 34 164 164 34 164 164 34 164 34 164 34 34 34 164 34 164 34 34 34 34 34 34 34 34 164 34 164 164 164 164 34 164 34 34 34 34 164 34 34 164 34 34 34 164 164 164 34 164 34 34 34 34 164 34 164 164 164 34 34 34 164 164 164 34 34 164 34 164 34 34 164 34 164 164 164 164 34 34 34 164 34 34 34 34 164 164 164 34 34 34 34 164 34 34 164 164 164 164 34 164 164 34 34 164 34 34 34 164 34 34 164 34 164 164 164 164 34 34 34 34 34 164 164 34 34 164 34 164 164 164 164 34 164 164 34 34 164 34 164 34 164 164 34 34 164 34 34 34 34 164 34 34 34 34 164 34 164 34 164 34 34 164 34 164 164 164 164 164 164 34 164 164 164 164 164 164 164 34 164 34 164 34 34 34 164 34 34 164 164 164 34 164 34 34 164 164 34 34 34 164 34 34 34 34 1 164 164 
c [Signal] Signal interruption. Caught signal: SIGTERM (15).
c [Label = 165] Encoding starts with target value = 130:
c [Label = 165] Encoding duration: 1044ms.
c [Label = 165] Number of clauses: 565479.
c [Label = 165] Number of variables: 179208.
c [Label = 165] Solving duration: 10 ms.
s [Label = 165] SAT (w = 130).
c [Label = 165] Label assignment: 35 35 165 165 165 35 35 35 35 35 165 35 35 165 35 35 35 165 165 165 35 165 165 35 165 165 35 35 35 165 165 165 165 165 35 35 165 35 165 35 35 165 35 165 165 165 165 165 165 165 165 165 35 35 165 35 35 165 165 165 165 165 165 165 165 35 165 35 165 35 165 35 35 35 35 35 35 165 35 35 165 165 35 165 35 35 165 35 35 35 35 35 165 165 35 165 35 165 165 165 165 35 35 165 165 165 165 35 165 35 165 35 35 35 35 165 165 165 165 165 35 165 165 165 165 165 165 35 165 165 35 165 165 165 165 35 35 165 35 165 165 165 35 35 35 35 35 35 165 35 35 165 35 35 165 165 165 165 35 35 35 35 165 35 165 165 35 165 35 35 35 35 165 165 35 165 165 165 35 35 35 35 35 35 35 165 165 165 165 35 35 165 35 165 165 165 35 35 35 165 35 35 35 165 165 165 35 35 165 35 35 165 35 165 35 35 165 35 165 165 165 165 35 35 35 165 35 165 165 35 165 35 35 165 165 165 165 35 35 35 165 165 35 35 165 165 165 165 35 35 35 35 165 165 165 165 35 165 165 35 35 165 35 35 165 165 165 165 165 165 35 165 165 35 35 35 165 35 165 165 165 35 165 35 165 165 35 165 165 35 35 165 165 165 165 165 35 35 165 165 35 35 35 35 35 165 35 35 35 35 165 165 35 165 35 165 35 35 165 35 165 165 35 35 165 35 35 165 165 35 35 35 165 165 165 165 165 165 35 35 165 165 35 165 165 35 165 35 165 35 35 35 165 35 165 35 35 35 35 35 35 35 35 165 35 165 165 165 165 35 165 35 35 35 35 165 35 35 165 35 35 35 165 165 165 35 165 35 35 35 35 165 35 165 165 165 35 35 35 165 165 165 35 35 165 35 165 35 35 165 35 165 165 165 165 35 35 35 165 35 35 35 35 165 165 165 35 35 35 35 165 35 35 165 165 165 165 35 165 165 35 35 165 35 35 35 165 35 35 165 35 165 165 165 165 35 35 35 35 35 165 165 35 35 165 35 165 165 165 165 35 165 165 35 35 165 35 165 35 165 165 35 35 165 35 35 35 35 165 35 35 35 35 165 35 165 35 165 35 35 165 35 165 165 165 165 165 165 35 165 165 165 165 165 165 165 35 165 35 165 35 35 35 165 35 35 165 165 165 35 165 35 35 165 165 35 35 35 165 35 35 35 35 1 165 165 
c [Signal] Signal interruption. Caught signal: SIGTERM (15).
c [Main] Lowest label SAT is set to 162.
c [Main] Kill higher label pid 163.
c [Main] Kill higher label pid 164.
c [Main] Kill higher label pid 165.
c [Main] Kill higher label pid 166.
c [Main] Kill higher label pid 167.
c [Main] Kill higher label pid 168.
c [Main] Kill higher label pid 169.
c [Label = 166] Encoding starts with target value = 130:
c [Label = 166] Encoding duration: 1053ms.
c [Label = 166] Number of clauses: 573574.
c [Label = 166] Number of variables: 180300.
c [Label = 166] Solving duration: 10 ms.
s [Label = 166] SAT (w = 130).
c [Label = 166] Label assignment: 36 36 166 166 166 36 36 36 36 36 166 36 36 166 36 36 36 166 166 166 36 166 166 36 166 166 36 36 36 166 166 166 166 166 36 36 166 36 166 36 36 166 36 166 166 166 166 166 166 166 166 166 36 36 166 36 36 166 166 166 166 166 166 166 166 36 166 36 166 36 166 36 36 36 36 36 36 166 36 36 166 166 36 166 36 36 166 36 36 36 36 36 166 166 36 166 36 166 166 166 166 36 36 166 166 166 166 36 166 36 166 36 36 36 36 166 166 166 166 166 36 166 166 166 166 166 166 36 166 166 36 166 166 166 166 36 36 166 36 166 166 166 36 36 36 36 36 36 166 36 36 166 36 36 166 166 166 166 36 36 36 36 166 36 166 166 36 166 36 36 36 36 166 166 36 166 166 166 36 36 36 36 36 36 36 166 166 166 166 36 36 166 36 166 166 166 36 36 36 166 36 36 36 166 166 166 36 36 166 36 36 166 36 166 36 36 166 36 166 166 166 166 36 36 36 166 36 166 166 36 166 36 36 166 166 166 166 36 36 36 166 166 36 36 166 166 166 166 36 36 36 36 166 166 166 166 36 166 166 36 36 166 36 36 166 166 166 166 166 166 36 166 166 36 36 36 166 36 166 166 166 36 166 36 166 166 36 166 166 36 36 166 166 166 166 166 36 36 166 166 36 36 36 36 36 166 36 36 36 36 166 166 36 166 36 166 36 36 166 36 166 166 36 36 166 36 36 166 166 36 36 36 166 166 166 166 166 166 36 36 166 166 36 166 166 36 166 36 166 36 36 36 166 36 166 36 36 36 36 36 36 36 36 166 36 166 166 166 166 36 166 36 36 36 36 166 36 36 166 36 36 36 166 166 166 36 166 36 36 36 36 166 36 166 166 166 36 36 36 166 166 166 36 36 166 36 166 36 36 166 36 166 166 166 166 36 36 36 166 36 36 36 36 166 166 166 36 36 36 36 166 36 36 166 166 166 166 36 166 166 36 36 166 36 36 36 166 36 36 166 36 166 166 166 166 36 36 36 36 36 166 166 36 36 166 36 166 166 166 166 36 166 166 36 36 166 36 166 36 166 166 36 36 166 36 36 36 36 166 36 36 36 36 166 36 166 36 166 36 36 166 36 166 166 166 166 166 166 36 166 166 166 166 166 166 166 36 166 36 166 36 36 36 166 36 36 166 166 166 36 166 36 36 166 166 36 36 36 166 36 36 36 36 1 166 166 
c [Signal] Signal interruption. Caught signal: SIGTERM (15).
c [Label = 167] Encoding starts with target value = 130:
c [Label = 167] Encoding duration: 1058ms.
c [Label = 167] Number of clauses: 581668.
c [Label = 167] Number of variables: 181392.
c [Label = 167] Solving duration: 9 ms.
s [Label = 167] SAT (w = 130).
c [Label = 167] Label assignment: 37 37 167 167 167 37 37 37 37 37 167 37 37 167 37 37 37 167 167 167 37 167 167 37 167 167 37 37 37 167 167 167 167 167 37 37 167 37 167 37 37 167 37 167 167 167 167 167 167 167 167 167 37 37 167 37 37 167 167 167 167 167 167 167 167 37 167 37 167 37 167 37 37 37 37 37 37 167 37 37 167 167 37 167 37 37 167 37 37 37 37 37 167 167 37 167 37 167 167 167 167 37 37 167 167 167 167 37 167 37 167 37 37 37 37 167 167 167 167 167 37 167 167 167 167 167 167 37 167 167 37 167 167 167 167 37 37 167 37 167 167 167 37 37 37 37 37 37 167 37 37 167 37 37 167 167 167 167 37 37 37 37 167 37 167 167 37 167 37 37 37 37 167 167 37 167 167 167 37 37 37 37 37 37 37 167 167 167 167 37 37 167 37 167 167 167 37 37 37 167 37 37 37 167 167 167 37 37 167 37 37 167 37 167 37 37 167 37 167 167 167 167 37 37 37 167 37 167 167 37 167 37 37 167 167 167 167 37 37 37 167 167 37 37 167 167 167 167 37 37 37 37 167 167 167 167 37 167 167 37 37 167 37 37 167 167 167 167 167 167 37 167 167 37 37 37 167 37 167 167 167 37 167 37 167 167 37 167 167 37 37 167 167 167 167 167 37 37 167 167 37 37 37 37 37 167 37 37 37 37 167 167 37 167 37 167 37 37 167 37 167 167 37 37 167 37 37 167 167 37 37 37 167 167 167 167 167 167 37 37 167 167 37 167 167 37 167 37 167 37 37 37 167 37 167 37 37 37 37 37 37 37 37 167 37 167 167 167 167 37 167 37 37 37 37 167 37 37 167 37 37 37 167 167 167 37 167 37 37 37 37 167 37 167 167 167 37 37 37 167 167 167 37 37 167 37 167 37 37 167 37 167 167 167 167 37 37 37 167 37 37 37 37 167 167 167 37 37 37 37 167 37 37 167 167 167 167 37 167 167 37 37 167 37 37 37 167 37 37 167 37 167 167 167 167 37 37 37 37 37 167 167 37 37 167 37 167 167 167 167 37 167 167 37 37 167 37 167 37 167 167 37 37 167 37 37 37 37 167 37 37 37 37 167 37 167 37 167 37 37 167 37 167 167 167 167 167 167 37 167 167 167 167 167 167 167 37 167 37 167 37 37 37 167 37 37 167 167 167 37 167 37 37 167 167 37 37 37 167 37 37 37 37 1 167 167 
c [Signal] Signal interruption. Caught signal: SIGTERM (15).
c [Label = 168] Encoding starts with target value = 130:
c [Label = 168] Encoding duration: 1089ms.
c [Label = 168] Number of clauses: 589763.
c [Label = 168] Number of variables: 182484.
c [Label = 168] Solving duration: 10 ms.
s [Label = 168] SAT (w = 130).
c [Label = 168] Label assignment: 38 38 168 168 168 38 38 38 38 38 168 38 38 168 38 38 38 168 168 168 38 168 168 38 168 168 38 38 38 168 168 168 168 168 38 38 168 38 168 38 38 168 38 168 168 168 168 168 168 168 168 168 38 38 168 38 38 168 168 168 168 168 168 168 168 38 168 38 168 38 168 38 38 38 38 38 38 168 38 38 168 168 38 168 38 38 168 38 38 38 38 38 168 168 38 168 38 168 168 168 168 38 38 168 168 168 168 38 168 38 168 38 38 38 38 168 168 168 168 168 38 168 168 168 168 168 168 38 168 168 38 168 168 168 168 38 38 168 38 168 168 168 38 38 38 38 38 38 168 38 38 168 38 38 168 168 168 168 38 38 38 38 168 38 168 168 38 168 38 38 38 38 168 168 38 168 168 168 38 38 38 38 38 38 38 168 168 168 168 38 38 168 38 168 168 168 38 38 38 168 38 38 38 168 168 168 38 38 168 38 38 168 38 168 38 38 168 38 168 168 168 168 38 38 38 168 38 168 168 38 168 38 38 168 168 168 168 38 38 38 168 168 38 38 168 168 168 168 38 38 38 38 168 168 168 168 38 168 168 38 38 168 38 38 168 168 168 168 168 168 38 168 168 38 38 38 168 38 168 168 168 38 168 38 168 168 38 168 168 38 38 168 168 168 168 168 38 38 168 168 38 38 38 38 38 168 38 38 38 38 168 168 38 168 38 168 38 38 168 38 168 168 38 38 168 38 38 168 168 38 38 38 168 168 168 168 168 168 38 38 168 168 38 168 168 38 168 38 168 38 38 38 168 38 168 38 38 38 38 38 38 38 38 168 38 168 168 168 168 38 168 38 38 38 38 168 38 38 168 38 38 38 168 168 168 38 168 38 38 38 38 168 38 168 168 168 38 38 38 168 168 168 38 38 168 38 168 38 38 168 38 168 168 168 168 38 38 38 168 38 38 38 38 168 168 168 38 38 38 38 168 38 38 168 168 168 168 38 168 168 38 38 168 38 38 38 168 38 38 168 38 168 168 168 168 38 38 38 38 38 168 168 38 38 168 38 168 168 168 168 38 168 168 38 38 168 38 168 38 168 168 38 38 168 38 38 38 38 168 38 38 38 38 168 38 168 38 168 38 38 168 38 168 168 168 168 168 168 38 168 168 168 168 168 168 168 38 168 38 168 38 38 38 168 38 38 168 168 168 38 168 38 38 168 168 38 38 38 168 38 38 38 38 1 168 168 
c [Signal] Signal interruption. Caught signal: SIGTERM (15).
c [Label = 169] Encoding starts with target value = 130:
c [Label = 169] Encoding duration: 1115ms.
c [Label = 169] Number of clauses: 597857.
c [Label = 169] Number of variables: 183576.
c [Label = 169] Solving duration: 10 ms.
s [Label = 169] SAT (w = 130).
c [Label = 169] Label assignment: 39 39 169 169 169 39 39 39 39 39 169 39 39 169 39 39 39 169 169 169 39 169 169 39 169 169 39 39 39 169 169 169 169 169 39 39 169 39 169 39 39 169 39 169 169 169 169 169 169 169 169 169 39 39 169 39 39 169 169 169 169 169 169 169 169 39 169 39 169 39 169 39 39 39 39 39 39 169 39 39 169 169 39 169 39 39 169 39 39 39 39 39 169 169 39 169 39 169 169 169 169 39 39 169 169 169 169 39 169 39 169 39 39 39 39 169 169 169 169 169 39 169 169 169 169 169 169 39 169 169 39 169 169 169 169 39 39 169 39 169 169 169 39 39 39 39 39 39 169 39 39 169 39 39 169 169 169 169 39 39 39 39 169 39 169 169 39 169 39 39 39 39 169 169 39 169 169 169 39 39 39 39 39 39 39 169 169 169 169 39 39 169 39 169 169 169 39 39 39 169 39 39 39 169 169 169 39 39 169 39 39 169 39 169 39 39 169 39 169 169 169 169 39 39 39 169 39 169 169 39 169 39 39 169 169 169 169 39 39 39 169 169 39 39 169 169 169 169 39 39 39 39 169 169 169 169 39 169 169 39 39 169 39 39 169 169 169 169 169 169 39 169 169 39 39 39 169 39 169 169 169 39 169 39 169 169 39 169 169 39 39 169 169 169 169 169 39 39 169 169 39 39 39 39 39 169 39 39 39 39 169 169 39 169 39 169 39 39 169 39 169 169 39 39 169 39 39 169 169 39 39 39 169 169 169 169 169 169 39 39 169 169 39 169 169 39 169 39 169 39 39 39 169 39 169 39 39 39 39 39 39 39 39 169 39 169 169 169 169 39 169 39 39 39 39 169 39 39 169 39 39 39 169 169 169 39 169 39 39 39 39 169 39 169 169 169 39 39 39 169 169 169 39 39 169 39 169 39 39 169 39 169 169 169 169 39 39 39 169 39 39 39 39 169 169 169 39 39 39 39 169 39 39 169 169 169 169 39 169 169 39 39 169 39 39 39 169 39 39 169 39 169 169 169 169 39 39 39 39 39 169 169 39 39 169 39 169 169 169 169 39 169 169 39 39 169 39 169 39 169 169 39 39 169 39 39 39 39 169 39 39 39 39 169 39 169 39 169 39 39 169 39 169 169 169 169 169 169 39 169 169 169 169 169 169 169 39 169 39 169 39 39 39 169 39 39 169 169 169 39 169 39 39 169 169 39 39 39 169 39 39 39 39 1 169 169 
c [Signal] Signal interruption. Caught signal: SIGTERM (15).
c [Label = 161] Minimize Makespan Labeling problem (S-sherman4.mtx.rnd):
c [Main] Kill higher label pid 164.
c [Main] Kill higher label pid 165.
c [Main] Kill higher label pid 166.
c [Main] Kill higher label pid 167.
c [Main] Kill higher label pid 168.
c [Main] Kill higher label pid 169.
c [Label = 160] Minimize Makespan Labeling problem (S-sherman4.mtx.rnd):
c [Main] Child pid 169 - 54261 terminated by signal 15.
c [Label = 159] Minimize Makespan Labeling problem (S-sherman4.mtx.rnd):
c [Main] Child pid 167 - 54263 terminated by signal 15.
c [Main] Child pid 164 - 54266 terminated by signal 15.
c [Main] Child pid 165 - 54265 terminated by signal 15.
c [Main] Child pid 168 - 54262 terminated by signal 15.
c [Label = 158] Minimize Makespan Labeling problem (S-sherman4.mtx.rnd):
c [Label = 156] Minimize Makespan Labeling problem (S-sherman4.mtx.rnd):
c [Label = 157] Minimize Makespan Labeling problem (S-sherman4.mtx.rnd):
c [Main] Child pid 166 - 54264 terminated by signal 15.
c [Label = 155] Minimize Makespan Labeling problem (S-sherman4.mtx.rnd):
c [Label = 154] Minimize Makespan Labeling problem (S-sherman4.mtx.rnd):
c [Label = 154] Encoding starts with target value = 130:
c [Label = 154] Encoding duration: 881ms.
c [Label = 154] Number of clauses: 476440.
c [Label = 154] Number of variables: 167196.
c [Label = 154] Solving duration: 6 ms.
s [Label = 154] SAT (w = 130).
c [Label = 154] Label assignment: 24 24 154 154 154 24 24 24 24 24 154 24 24 154 24 24 24 154 154 154 24 154 154 24 154 154 24 24 24 154 154 154 154 154 24 24 154 24 154 24 24 154 24 154 154 154 154 154 154 154 154 154 24 24 154 24 24 154 154 154 154 154 154 154 154 24 154 24 154 24 154 24 24 24 24 24 24 154 24 24 154 154 24 154 24 24 154 24 24 24 24 24 154 154 24 154 24 154 154 154 154 24 24 154 154 154 154 24 154 24 154 24 24 24 24 154 154 154 154 154 24 154 154 154 154 154 154 24 154 154 24 154 154 154 154 24 24 154 24 154 154 154 24 24 24 24 24 24 154 24 24 154 24 24 154 154 154 154 24 24 24 24 154 24 154 154 24 154 24 24 24 24 154 154 24 154 154 154 24 24 24 24 24 24 24 154 154 154 154 24 24 154 24 154 154 154 24 24 24 154 24 24 24 154 154 154 24 24 154 24 24 154 24 154 24 24 154 24 154 154 154 154 24 24 24 154 24 154 154 24 154 24 24 154 154 154 154 24 24 24 154 154 24 24 154 154 154 154 24 24 24 24 154 154 154 154 24 154 154 24 24 154 24 24 154 154 154 154 154 154 24 154 154 24 24 24 154 24 154 154 154 24 154 24 154 154 24 154 154 24 24 154 154 154 154 154 24 24 154 154 24 24 24 24 24 154 24 24 24 24 154 154 24 154 24 154 24 24 154 24 154 154 24 24 154 24 24 154 154 24 24 24 154 154 154 154 154 154 24 24 154 154 24 154 154 24 154 24 154 24 24 24 154 24 154 24 24 24 24 24 24 24 24 154 24 154 154 154 154 24 154 24 24 24 24 154 24 24 154 24 24 24 154 154 154 24 154 24 24 24 24 154 24 154 154 154 24 24 24 154 154 154 24 24 154 24 154 24 24 154 24 154 154 154 154 24 24 24 154 24 24 24 24 154 154 154 24 24 24 24 154 24 24 154 154 154 154 24 154 154 24 24 154 24 24 24 154 24 24 154 24 154 154 154 154 24 24 24 24 24 154 154 24 24 154 24 154 154 154 154 24 154 154 24 24 154 24 154 24 154 154 24 24 154 24 24 24 24 154 24 24 24 24 154 24 154 24 154 24 24 154 24 154 154 154 154 154 154 24 154 154 154 154 154 154 154 24 154 24 154 24 24 24 154 24 24 154 154 154 24 154 24 24 154 154 24 24 24 154 24 24 24 24 1 154 154 
c [Label = 155] Encoding starts with target value = 130:
c [Label = 155] Encoding duration: 893ms.
c [Label = 155] Number of clauses: 484534.
c [Label = 155] Number of variables: 168288.
c [Label = 155] Solving duration: 6 ms.
s [Label = 155] SAT (w = 130).
c [Label = 155] Label assignment: 25 25 155 155 155 25 25 25 25 25 155 25 25 155 25 25 25 155 155 155 25 155 155 25 155 155 25 25 25 155 155 155 155 155 25 25 155 25 155 25 25 155 25 155 155 155 155 155 155 155 155 155 25 25 155 25 25 155 155 155 155 155 155 155 155 25 155 25 155 25 155 25 25 25 25 25 25 155 25 25 155 155 25 155 25 25 155 25 25 25 25 25 155 155 25 155 25 155 155 155 155 25 25 155 155 155 155 25 155 25 155 25 25 25 25 155 155 155 155 155 25 155 155 155 155 155 155 25 155 155 25 155 155 155 155 25 25 155 25 155 155 155 25 25 25 25 25 25 155 25 25 155 25 25 155 155 155 155 25 25 25 25 155 25 155 155 25 155 25 25 25 25 155 155 25 155 155 155 25 25 25 25 25 25 25 155 155 155 155 25 25 155 25 155 155 155 25 25 25 155 25 25 25 155 155 155 25 25 155 25 25 155 25 155 25 25 155 25 155 155 155 155 25 25 25 155 25 155 155 25 155 25 25 155 155 155 155 25 25 25 155 155 25 25 155 155 155 155 25 25 25 25 155 155 155 155 25 155 155 25 25 155 25 25 155 155 155 155 155 155 25 155 155 25 25 25 155 25 155 155 155 25 155 25 155 155 25 155 155 25 25 155 155 155 155 155 25 25 155 155 25 25 25 25 25 155 25 25 25 25 155 155 25 155 25 155 25 25 155 25 155 155 25 25 155 25 25 155 155 25 25 25 155 155 155 155 155 155 25 25 155 155 25 155 155 25 155 25 155 25 25 25 155 25 155 25 25 25 25 25 25 25 25 155 25 155 155 155 155 25 155 25 25 25 25 155 25 25 155 25 25 25 155 155 155 25 155 25 25 25 25 155 25 155 155 155 25 25 25 155 155 155 25 25 155 25 155 25 25 155 25 155 155 155 155 25 25 25 155 25 25 25 25 155 155 155 25 25 25 25 155 25 25 155 155 155 155 25 155 155 25 25 155 25 25 25 155 25 25 155 25 155 155 155 155 25 25 25 25 25 155 155 25 25 155 25 155 155 155 155 25 155 155 25 25 155 25 155 25 155 155 25 25 155 25 25 25 25 155 25 25 25 25 155 25 155 25 155 25 25 155 25 155 155 155 155 155 155 25 155 155 155 155 155 155 155 25 155 25 155 25 25 25 155 25 25 155 155 155 25 155 25 25 155 155 25 25 25 155 25 25 25 25 1 155 155 
c [Signal] Signal interruption. Caught signal: SIGTERM (15).
c [Label = 156] Encoding starts with target value = 130:
c [Label = 156] Encoding duration: 909ms.
c [Label = 156] Number of clauses: 492629.
c [Label = 156] Number of variables: 169380.
c [Label = 156] Solving duration: 7 ms.
s [Label = 156] SAT (w = 130).
c [Label = 156] Label assignment: 26 26 156 156 156 26 26 26 26 26 156 26 26 156 26 26 26 156 156 156 26 156 156 26 156 156 26 26 26 156 156 156 156 156 26 26 156 26 156 26 26 156 26 156 156 156 156 156 156 156 156 156 26 26 156 26 26 156 156 156 156 156 156 156 156 26 156 26 156 26 156 26 26 26 26 26 26 156 26 26 156 156 26 156 26 26 156 26 26 26 26 26 156 156 26 156 26 156 156 156 156 26 26 156 156 156 156 26 156 26 156 26 26 26 26 156 156 156 156 156 26 156 156 156 156 156 156 26 156 156 26 156 156 156 156 26 26 156 26 156 156 156 26 26 26 26 26 26 156 26 26 156 26 26 156 156 156 156 26 26 26 26 156 26 156 156 26 156 26 26 26 26 156 156 26 156 156 156 26 26 26 26 26 26 26 156 156 156 156 26 26 156 26 156 156 156 26 26 26 156 26 26 26 156 156 156 26 26 156 26 26 156 26 156 26 26 156 26 156 156 156 156 26 26 26 156 26 156 156 26 156 26 26 156 156 156 156 26 26 26 156 156 26 26 156 156 156 156 26 26 26 26 156 156 156 156 26 156 156 26 26 156 26 26 156 156 156 156 156 156 26 156 156 26 26 26 156 26 156 156 156 26 156 26 156 156 26 156 156 26 26 156 156 156 156 156 26 26 156 156 26 26 26 26 26 156 26 26 26 26 156 156 26 156 26 156 26 26 156 26 156 156 26 26 156 26 26 156 156 26 26 26 156 156 156 156 156 156 26 26 156 156 26 156 156 26 156 26 156 26 26 26 156 26 156 26 26 26 26 26 26 26 26 156 26 156 156 156 156 26 156 26 26 26 26 156 26 26 156 26 26 26 156 156 156 26 156 26 26 26 26 156 26 156 156 156 26 26 26 156 156 156 26 26 156 26 156 26 26 156 26 156 156 156 156 26 26 26 156 26 26 26 26 156 156 156 26 26 26 26 156 26 26 156 156 156 156 26 156 156 26 26 156 26 26 26 156 26 26 156 26 156 156 156 156 26 26 26 26 26 156 156 26 26 156 26 156 156 156 156 26 156 156 26 26 156 26 156 26 156 156 26 26 156 26 26 26 26 156 26 26 26 26 156 26 156 26 156 26 26 156 26 156 156 156 156 156 156 26 156 156 156 156 156 156 156 26 156 26 156 26 26 26 156 26 26 156 156 156 26 156 26 26 156 156 26 26 26 156 26 26 26 26 1 156 156 
c [Signal] Signal interruption. Caught signal: SIGTERM (15).
c [Label = 157] Encoding starts with target value = 130:
c [Label = 157] Encoding duration: 992ms.
c [Label = 157] Number of clauses: 500723.
c [Label = 157] Number of variables: 170472.
c [Label = 157] Solving duration: 9 ms.
s [Label = 157] SAT (w = 130).
c [Label = 157] Label assignment: 27 27 157 157 157 27 27 27 27 27 157 27 27 157 27 27 27 157 157 157 27 157 157 27 157 157 27 27 27 157 157 157 157 157 27 27 157 27 157 27 27 157 27 157 157 157 157 157 157 157 157 157 27 27 157 27 27 157 157 157 157 157 157 157 157 27 157 27 157 27 157 27 27 27 27 27 27 157 27 27 157 157 27 157 27 27 157 27 27 27 27 27 157 157 27 157 27 157 157 157 157 27 27 157 157 157 157 27 157 27 157 27 27 27 27 157 157 157 157 157 27 157 157 157 157 157 157 27 157 157 27 157 157 157 157 27 27 157 27 157 157 157 27 27 27 27 27 27 157 27 27 157 27 27 157 157 157 157 27 27 27 27 157 27 157 157 27 157 27 27 27 27 157 157 27 157 157 157 27 27 27 27 27 27 27 157 157 157 157 27 27 157 27 157 157 157 27 27 27 157 27 27 27 157 157 157 27 27 157 27 27 157 27 157 27 27 157 27 157 157 157 157 27 27 27 157 27 157 157 27 157 27 27 157 157 157 157 27 27 27 157 157 27 27 157 157 157 157 27 27 27 27 157 157 157 157 27 157 157 27 27 157 27 27 157 157 157 157 157 157 27 157 157 27 27 27 157 27 157 157 157 27 157 27 157 157 27 157 157 27 27 157 157 157 157 157 27 27 157 157 27 27 27 27 27 157 27 27 27 27 157 157 27 157 27 157 27 27 157 27 157 157 27 27 157 27 27 157 157 27 27 27 157 157 157 157 157 157 27 27 157 157 27 157 157 27 157 27 157 27 27 27 157 27 157 27 27 27 27 27 27 27 27 157 27 157 157 157 157 27 157 27 27 27 27 157 27 27 157 27 27 27 157 157 157 27 157 27 27 27 27 157 27 157 157 157 27 27 27 157 157 157 27 27 157 27 157 27 27 157 27 157 157 157 157 27 27 27 157 27 27 27 27 157 157 157 27 27 27 27 157 27 27 157 157 157 157 27 157 157 27 27 157 27 27 27 157 27 27 157 27 157 157 157 157 27 27 27 27 27 157 157 27 27 157 27 157 157 157 157 27 157 157 27 27 157 27 157 27 157 157 27 27 157 27 27 27 27 157 27 27 27 27 157 27 157 27 157 27 27 157 27 157 157 157 157 157 157 27 157 157 157 157 157 157 157 27 157 27 157 27 27 27 157 27 27 157 157 157 27 157 27 27 157 157 27 27 27 157 27 27 27 27 1 157 157 
c [Signal] Signal interruption. Caught signal: SIGTERM (15).
c [Label = 158] Encoding starts with target value = 130:
c [Label = 158] Encoding duration: 923ms.
c [Label = 158] Number of clauses: 508818.
c [Label = 158] Number of variables: 171564.
c [Label = 158] Solving duration: 7 ms.
s [Label = 158] SAT (w = 130).
c [Label = 158] Label assignment: 28 28 158 158 158 28 28 28 28 28 158 28 28 158 28 28 28 158 158 158 28 158 158 28 158 158 28 28 28 158 158 158 158 158 28 28 158 28 158 28 28 158 28 158 158 158 158 158 158 158 158 158 28 28 158 28 28 158 158 158 158 158 158 158 158 28 158 28 158 28 158 28 28 28 28 28 28 158 28 28 158 158 28 158 28 28 158 28 28 28 28 28 158 158 28 158 28 158 158 158 158 28 28 158 158 158 158 28 158 28 158 28 28 28 28 158 158 158 158 158 28 158 158 158 158 158 158 28 158 158 28 158 158 158 158 28 28 158 28 158 158 158 28 28 28 28 28 28 158 28 28 158 28 28 158 158 158 158 28 28 28 28 158 28 158 158 28 158 28 28 28 28 158 158 28 158 158 158 28 28 28 28 28 28 28 158 158 158 158 28 28 158 28 158 158 158 28 28 28 158 28 28 28 158 158 158 28 28 158 28 28 158 28 158 28 28 158 28 158 158 158 158 28 28 28 158 28 158 158 28 158 28 28 158 158 158 158 28 28 28 158 158 28 28 158 158 158 158 28 28 28 28 158 158 158 158 28 158 158 28 28 158 28 28 158 158 158 158 158 158 28 158 158 28 28 28 158 28 158 158 158 28 158 28 158 158 28 158 158 28 28 158 158 158 158 158 28 28 158 158 28 28 28 28 28 158 28 28 28 28 158 158 28 158 28 158 28 28 158 28 158 158 28 28 158 28 28 158 158 28 28 28 158 158 158 158 158 158 28 28 158 158 28 158 158 28 158 28 158 28 28 28 158 28 158 28 28 28 28 28 28 28 28 158 28 158 158 158 158 28 158 28 28 28 28 158 28 28 158 28 28 28 158 158 158 28 158 28 28 28 28 158 28 158 158 158 28 28 28 158 158 158 28 28 158 28 158 28 28 158 28 158 158 158 158 28 28 28 158 28 28 28 28 158 158 158 28 28 28 28 158 28 28 158 158 158 158 28 158 158 28 28 158 28 28 28 158 28 28 158 28 158 158 158 158 28 28 28 28 28 158 158 28 28 158 28 158 158 158 158 28 158 158 28 28 158 28 158 28 158 158 28 28 158 28 28 28 28 158 28 28 28 28 158 28 158 28 158 28 28 158 28 158 158 158 158 158 158 28 158 158 158 158 158 158 158 28 158 28 158 28 28 28 158 28 28 158 158 158 28 158 28 28 158 158 28 28 28 158 28 28 28 28 1 158 158 
c [Signal] Signal interruption. Caught signal: SIGTERM (15).
c [Label = 159] Encoding starts with target value = 130:
c [Label = 159] Encoding duration: 1032ms.
c [Label = 159] Number of clauses: 516912.
c [Label = 159] Number of variables: 172656.
c [Label = 159] Solving duration: 8 ms.
s [Label = 159] SAT (w = 130).
c [Label = 159] Label assignment: 29 29 159 159 159 29 29 29 29 29 159 29 29 159 29 29 29 159 159 159 29 159 159 29 159 159 29 29 29 159 159 159 159 159 29 29 159 29 159 29 29 159 29 159 159 159 159 159 159 159 159 159 29 29 159 29 29 159 159 159 159 159 159 159 159 29 159 29 159 29 159 29 29 29 29 29 29 159 29 29 159 159 29 159 29 29 159 29 29 29 29 29 159 159 29 159 29 159 159 159 159 29 29 159 159 159 159 29 159 29 159 29 29 29 29 159 159 159 159 159 29 159 159 159 159 159 159 29 159 159 29 159 159 159 159 29 29 159 29 159 159 159 29 29 29 29 29 29 159 29 29 159 29 29 159 159 159 159 29 29 29 29 159 29 159 159 29 159 29 29 29 29 159 159 29 159 159 159 29 29 29 29 29 29 29 159 159 159 159 29 29 159 29 159 159 159 29 29 29 159 29 29 29 159 159 159 29 29 159 29 29 159 29 159 29 29 159 29 159 159 159 159 29 29 29 159 29 159 159 29 159 29 29 159 159 159 159 29 29 29 159 159 29 29 159 159 159 159 29 29 29 29 159 159 159 159 29 159 159 29 29 159 29 29 159 159 159 159 159 159 29 159 159 29 29 29 159 29 159 159 159 29 159 29 159 159 29 159 159 29 29 159 159 159 159 159 29 29 159 159 29 29 29 29 29 159 29 29 29 29 159 159 29 159 29 159 29 29 159 29 159 159 29 29 159 29 29 159 159 29 29 29 159 159 159 159 159 159 29 29 159 159 29 159 159 29 159 29 159 29 29 29 159 29 159 29 29 29 29 29 29 29 29 159 29 159 159 159 159 29 159 29 29 29 29 159 29 29 159 29 29 29 159 159 159 29 159 29 29 29 29 159 29 159 159 159 29 29 29 159 159 159 29 29 159 29 159 29 29 159 29 159 159 159 159 29 29 29 159 29 29 29 29 159 159 159 29 29 29 29 159 29 29 159 159 159 159 29 159 159 29 29 159 29 29 29 159 29 29 159 29 159 159 159 159 29 29 29 29 29 159 159 29 29 159 29 159 159 159 159 29 159 159 29 29 159 29 159 29 159 159 29 29 159 29 29 29 29 159 29 29 29 29 159 29 159 29 159 29 29 159 29 159 159 159 159 159 159 29 159 159 159 159 159 159 159 29 159 29 159 29 29 29 159 29 29 159 159 159 29 159 29 29 159 159 29 29 29 159 29 29 29 29 1 159 159 
c [Signal] Signal interruption. Caught signal: SIGTERM (15).
c [Main] Lowest label SAT is set to 154.
c [Main] Kill higher label pid 155.
c [Main] Kill higher label pid 156.
c [Main] Kill higher label pid 157.
c [Main] Kill higher label pid 158.
c [Main] Kill higher label pid 159.
c [Main] Kill higher label pid 160.
c [Main] Kill higher label pid 161.
c [Label = 160] Encoding starts with target value = 130:
c [Label = 160] Encoding duration: 981ms.
c [Label = 160] Number of clauses: 525007.
c [Label = 160] Number of variables: 173748.
c [Label = 160] Solving duration: 7 ms.
s [Label = 160] SAT (w = 130).
c [Label = 160] Label assignment: 30 30 160 160 160 30 30 30 30 30 160 30 30 160 30 30 30 160 160 160 30 160 160 30 160 160 30 30 30 160 160 160 160 160 30 30 160 30 160 30 30 160 30 160 160 160 160 160 160 160 160 160 30 30 160 30 30 160 160 160 160 160 160 160 160 30 160 30 160 30 160 30 30 30 30 30 30 160 30 30 160 160 30 160 30 30 160 30 30 30 30 30 160 160 30 160 30 160 160 160 160 30 30 160 160 160 160 30 160 30 160 30 30 30 30 160 160 160 160 160 30 160 160 160 160 160 160 30 160 160 30 160 160 160 160 30 30 160 30 160 160 160 30 30 30 30 30 30 160 30 30 160 30 30 160 160 160 160 30 30 30 30 160 30 160 160 30 160 30 30 30 30 160 160 30 160 160 160 30 30 30 30 30 30 30 160 160 160 160 30 30 160 30 160 160 160 30 30 30 160 30 30 30 160 160 160 30 30 160 30 30 160 30 160 30 30 160 30 160 160 160 160 30 30 30 160 30 160 160 30 160 30 30 160 160 160 160 30 30 30 160 160 30 30 160 160 160 160 30 30 30 30 160 160 160 160 30 160 160 30 30 160 30 30 160 160 160 160 160 160 30 160 160 30 30 30 160 30 160 160 160 30 160 30 160 160 30 160 160 30 30 160 160 160 160 160 30 30 160 160 30 30 30 30 30 160 30 30 30 30 160 160 30 160 30 160 30 30 160 30 160 160 30 30 160 30 30 160 160 30 30 30 160 160 160 160 160 160 30 30 160 160 30 160 160 30 160 30 160 30 30 30 160 30 160 30 30 30 30 30 30 30 30 160 30 160 160 160 160 30 160 30 30 30 30 160 30 30 160 30 30 30 160 160 160 30 160 30 30 30 30 160 30 160 160 160 30 30 30 160 160 160 30 30 160 30 160 30 30 160 30 160 160 160 160 30 30 30 160 30 30 30 30 160 160 160 30 30 30 30 160 30 30 160 160 160 160 30 160 160 30 30 160 30 30 30 160 30 30 160 30 160 160 160 160 30 30 30 30 30 160 160 30 30 160 30 160 160 160 160 30 160 160 30 30 160 30 160 30 160 160 30 30 160 30 30 30 30 160 30 30 30 30 160 30 160 30 160 30 30 160 30 160 160 160 160 160 160 30 160 160 160 160 160 160 160 30 160 30 160 30 30 30 160 30 30 160 160 160 30 160 30 30 160 160 30 30 30 160 30 30 30 30 1 160 160 
c [Signal] Signal interruption. Caught signal: SIGTERM (15).
c [Label = 161] Encoding starts with target value = 130:
c [Label = 161] Encoding duration: 1013ms.
c [Label = 161] Number of clauses: 533101.
c [Label = 161] Number of variables: 174840.
c [Label = 161] Solving duration: 7 ms.
s [Label = 161] SAT (w = 130).
c [Label = 161] Label assignment: 31 31 161 161 161 31 31 31 31 31 161 31 31 161 31 31 31 161 161 161 31 161 161 31 161 161 31 31 31 161 161 161 161 161 31 31 161 31 161 31 31 161 31 161 161 161 161 161 161 161 161 161 31 31 161 31 31 161 161 161 161 161 161 161 161 31 161 31 161 31 161 31 31 31 31 31 31 161 31 31 161 161 31 161 31 31 161 31 31 31 31 31 161 161 31 161 31 161 161 161 161 31 31 161 161 161 161 31 161 31 161 31 31 31 31 161 161 161 161 161 31 161 161 161 161 161 161 31 161 161 31 161 161 161 161 31 31 161 31 161 161 161 31 31 31 31 31 31 161 31 31 161 31 31 161 161 161 161 31 31 31 31 161 31 161 161 31 161 31 31 31 31 161 161 31 161 161 161 31 31 31 31 31 31 31 161 161 161 161 31 31 161 31 161 161 161 31 31 31 161 31 31 31 161 161 161 31 31 161 31 31 161 31 161 31 31 161 31 161 161 161 161 31 31 31 161 31 161 161 31 161 31 31 161 161 161 161 31 31 31 161 161 31 31 161 161 161 161 31 31 31 31 161 161 161 161 31 161 161 31 31 161 31 31 161 161 161 161 161 161 31 161 161 31 31 31 161 31 161 161 161 31 161 31 161 161 31 161 161 31 31 161 161 161 161 161 31 31 161 161 31 31 31 31 31 161 31 31 31 31 161 161 31 161 31 161 31 31 161 31 161 161 31 31 161 31 31 161 161 31 31 31 161 161 161 161 161 161 31 31 161 161 31 161 161 31 161 31 161 31 31 31 161 31 161 31 31 31 31 31 31 31 31 161 31 161 161 161 161 31 161 31 31 31 31 161 31 31 161 31 31 31 161 161 161 31 161 31 31 31 31 161 31 161 161 161 31 31 31 161 161 161 31 31 161 31 161 31 31 161 31 161 161 161 161 31 31 31 161 31 31 31 31 161 161 161 31 31 31 31 161 31 31 161 161 161 161 31 161 161 31 31 161 31 31 31 161 31 31 161 31 161 161 161 161 31 31 31 31 31 161 161 31 31 161 31 161 161 161 161 31 161 161 31 31 161 31 161 31 161 161 31 31 161 31 31 31 31 161 31 31 31 31 161 31 161 31 161 31 31 161 31 161 161 161 161 161 161 31 161 161 161 161 161 161 161 31 161 31 161 31 31 31 161 31 31 161 161 161 31 161 31 31 161 161 31 31 31 161 31 31 31 31 1 161 161 
c [Signal] Signal interruption. Caught signal: SIGTERM (15).
c [Label = 153] Minimize Makespan Labeling problem (S-sherman4.mtx.rnd):
c [Main] Child pid 155 - 54277 terminated by signal 15.
c [Main] Child pid 160 - 54272 terminated by signal 15.
c [Main] Child pid 158 - 54274 terminated by signal 15.
c [Label = 152] Minimize Makespan Labeling problem (S-sherman4.mtx.rnd):
c [Main] Child pid 157 - 54275 terminated by signal 15.
c [Label = 151] Minimize Makespan Labeling problem (S-sherman4.mtx.rnd):
c [Main] Child pid 156 - 54276 terminated by signal 15.
c [Label = 150] Minimize Makespan Labeling problem (S-sherman4.mtx.rnd):
c [Label = 149] Minimize Makespan Labeling problem (S-sherman4.mtx.rnd):
c [Main] Child pid 161 - 54271 terminated by signal 15.
c [Main] Child pid 159 - 54273 terminated by signal 15.
c [Label = 147] Minimize Makespan Labeling problem (S-sherman4.mtx.rnd):
c [Label = 148] Minimize Makespan Labeling problem (S-sherman4.mtx.rnd):
c [Label = 146] Minimize Makespan Labeling problem (S-sherman4.mtx.rnd):
c [Label = 146] Encoding starts with target value = 130:
c [Label = 146] Encoding duration: 792ms.
c [Label = 146] Number of clauses: 411684.
c [Label = 146] Number of variables: 158460.
c [Label = 146] Solving duration: 5 ms.
s [Label = 146] SAT (w = 130).
c [Label = 146] Label assignment: 16 16 146 146 146 16 16 16 16 16 146 16 16 146 16 16 16 146 146 146 16 146 146 16 146 146 16 16 16 146 146 146 146 146 16 16 146 16 146 16 16 146 16 146 146 146 146 146 146 146 146 146 16 16 146 16 16 146 146 146 146 146 146 146 146 16 146 16 146 16 146 16 16 16 16 16 16 146 16 16 146 146 16 146 16 16 146 16 16 16 16 16 146 146 16 146 16 146 146 146 146 16 16 146 146 146 146 16 146 16 146 16 16 16 16 146 146 146 146 146 16 146 146 146 146 146 146 16 146 146 16 146 146 146 146 16 16 146 16 146 146 146 16 16 16 16 16 16 146 16 16 146 16 16 146 146 146 146 16 16 16 16 146 16 146 146 16 146 16 16 16 16 146 146 16 146 146 146 16 16 16 16 16 16 16 146 146 146 146 16 16 146 16 146 146 146 16 16 16 146 16 16 16 146 146 146 16 16 146 16 16 146 16 146 16 16 146 16 146 146 146 146 16 16 16 146 16 146 146 16 146 16 16 146 146 146 146 16 16 16 146 146 16 16 146 146 146 146 16 16 16 16 146 146 146 146 16 146 146 16 16 146 16 16 146 146 146 146 146 146 16 146 146 16 16 16 146 16 146 146 146 16 146 16 146 146 16 146 146 16 16 146 146 146 146 146 16 16 146 146 16 16 16 16 16 146 16 16 16 16 146 146 16 146 16 146 16 16 146 16 146 146 16 16 146 16 16 146 146 16 16 16 146 146 146 146 146 146 16 16 146 146 16 146 146 16 146 16 146 16 16 16 146 16 146 16 16 16 16 16 16 16 16 146 16 146 146 146 146 16 146 16 16 16 16 146 16 16 146 16 16 16 146 146 146 16 146 16 16 16 16 146 16 146 146 146 16 16 16 146 146 146 16 16 146 16 146 16 16 146 16 146 146 146 146 16 16 16 146 16 16 16 16 146 146 146 16 16 16 16 146 16 16 146 146 146 146 16 146 146 16 16 146 16 16 16 146 16 16 146 16 146 146 146 146 16 16 16 16 16 146 146 16 16 146 16 146 146 146 146 16 146 146 16 16 146 16 146 16 146 146 16 16 146 16 16 16 16 146 16 16 16 16 146 16 146 16 146 16 16 146 16 146 146 146 146 146 146 16 146 146 146 146 146 146 146 16 146 16 146 16 16 16 146 16 16 146 146 146 16 146 16 16 146 146 16 16 16 146 16 16 16 16 1 146 146 
c [Label = 147] Encoding starts with target value = 130:
c [Label = 147] Encoding duration: 806ms.
c [Label = 147] Number of clauses: 419778.
c [Label = 147] Number of variables: 159552.
c [Label = 147] Solving duration: 5 ms.
s [Label = 147] SAT (w = 130).
c [Label = 147] Label assignment: 17 17 147 147 147 17 17 17 17 17 147 17 17 147 17 17 17 147 147 147 17 147 147 17 147 147 17 17 17 147 147 147 147 147 17 17 147 17 147 17 17 147 17 147 147 147 147 147 147 147 147 147 17 17 147 17 17 147 147 147 147 147 147 147 147 17 147 17 147 17 147 17 17 17 17 17 17 147 17 17 147 147 17 147 17 17 147 17 17 17 17 17 147 147 17 147 17 147 147 147 147 17 17 147 147 147 147 17 147 17 147 17 17 17 17 147 147 147 147 147 17 147 147 147 147 147 147 17 147 147 17 147 147 147 147 17 17 147 17 147 147 147 17 17 17 17 17 17 147 17 17 147 17 17 147 147 147 147 17 17 17 17 147 17 147 147 17 147 17 17 17 17 147 147 17 147 147 147 17 17 17 17 17 17 17 147 147 147 147 17 17 147 17 147 147 147 17 17 17 147 17 17 17 147 147 147 17 17 147 17 17 147 17 147 17 17 147 17 147 147 147 147 17 17 17 147 17 147 147 17 147 17 17 147 147 147 147 17 17 17 147 147 17 17 147 147 147 147 17 17 17 17 147 147 147 147 17 147 147 17 17 147 17 17 147 147 147 147 147 147 17 147 147 17 17 17 147 17 147 147 147 17 147 17 147 147 17 147 147 17 17 147 147 147 147 147 17 17 147 147 17 17 17 17 17 147 17 17 17 17 147 147 17 147 17 147 17 17 147 17 147 147 17 17 147 17 17 147 147 17 17 17 147 147 147 147 147 147 17 17 147 147 17 147 147 17 147 17 147 17 17 17 147 17 147 17 17 17 17 17 17 17 17 147 17 147 147 147 147 17 147 17 17 17 17 147 17 17 147 17 17 17 147 147 147 17 147 17 17 17 17 147 17 147 147 147 17 17 17 147 147 147 17 17 147 17 147 17 17 147 17 147 147 147 147 17 17 17 147 17 17 17 17 147 147 147 17 17 17 17 147 17 17 147 147 147 147 17 147 147 17 17 147 17 17 17 147 17 17 147 17 147 147 147 147 17 17 17 17 17 147 147 17 17 147 17 147 147 147 147 17 147 147 17 17 147 17 147 17 147 147 17 17 147 17 17 17 17 147 17 17 17 17 147 17 147 17 147 17 17 147 17 147 147 147 147 147 147 17 147 147 147 147 147 147 147 17 147 17 147 17 17 17 147 17 17 147 147 147 17 147 17 17 147 147 17 17 17 147 17 17 17 17 1 147 147 
c [Signal] Signal interruption. Caught signal: SIGTERM (15).
c [Label = 149] Encoding starts with target value = 130:
c [Label = 149] Encoding duration: 826ms.
c [Label = 149] Number of clauses: 435967.
c [Label = 149] Number of variables: 161736.
c [Label = 149] Solving duration: 5 ms.
s [Label = 149] SAT (w = 130).
c [Label = 149] Label assignment: 19 19 149 149 149 19 19 19 19 19 149 19 19 149 19 19 19 149 149 149 19 149 149 19 149 149 19 19 19 149 149 149 149 149 19 19 149 19 149 19 19 149 19 149 149 149 149 149 149 149 149 149 19 19 149 19 19 149 149 149 149 149 149 149 149 19 149 19 149 19 149 19 19 19 19 19 19 149 19 19 149 149 19 149 19 19 149 19 19 19 19 19 149 149 19 149 19 149 149 149 149 19 19 149 149 149 149 19 149 19 149 19 19 19 19 149 149 149 149 149 19 149 149 149 149 149 149 19 149 149 19 149 149 149 149 19 19 149 19 149 149 149 19 19 19 19 19 19 149 19 19 149 19 19 149 149 149 149 19 19 19 19 149 19 149 149 19 149 19 19 19 19 149 149 19 149 149 149 19 19 19 19 19 19 19 149 149 149 149 19 19 149 19 149 149 149 19 19 19 149 19 19 19 149 149 149 19 19 149 19 19 149 19 149 19 19 149 19 149 149 149 149 19 19 19 149 19 149 149 19 149 19 19 149 149 149 149 19 19 19 149 149 19 19 149 149 149 149 19 19 19 19 149 149 149 149 19 149 149 19 19 149 19 19 149 149 149 149 149 149 19 149 149 19 19 19 149 19 149 149 149 19 149 19 149 149 19 149 149 19 19 149 149 149 149 149 19 19 149 149 19 19 19 19 19 149 19 19 19 19 149 149 19 149 19 149 19 19 149 19 149 149 19 19 149 19 19 149 149 19 19 19 149 149 149 149 149 149 19 19 149 149 19 149 149 19 149 19 149 19 19 19 149 19 149 19 19 19 19 19 19 19 19 149 19 149 149 149 149 19 149 19 19 19 19 149 19 19 149 19 19 19 149 149 149 19 149 19 19 19 19 149 19 149 149 149 19 19 19 149 149 149 19 19 149 19 149 19 19 149 19 149 149 149 149 19 19 19 149 19 19 19 19 149 149 149 19 19 19 19 149 19 19 149 149 149 149 19 149 149 19 19 149 19 19 19 149 19 19 149 19 149 149 149 149 19 19 19 19 19 149 149 19 19 149 19 149 149 149 149 19 149 149 19 19 149 19 149 19 149 149 19 19 149 19 19 19 19 149 19 19 19 19 149 19 149 19 149 19 19 149 19 149 149 149 149 149 149 19 149 149 149 149 149 149 149 19 149 19 149 19 19 19 149 19 19 149 149 149 19 149 19 19 149 149 19 19 19 149 19 19 19 19 1 149 149 
c [Signal] Signal interruption. Caught signal: SIGTERM (15).
c [Main] Lowest label SAT is set to 146.
c [Main] Kill higher label pid 147.
c [Main] Kill higher label pid 149.
c [Main] Kill higher label pid 150.
c [Main] Kill higher label pid 151.
c [Main] Kill higher label pid 152.
c [Main] Kill higher label pid 153.
c [Main] Kill higher label pid 148.
c [Label = 150] Encoding starts with target value = 130:
c [Label = 150] Encoding duration: 840ms.
c [Label = 150] Number of clauses: 444062.
c [Label = 150] Number of variables: 162828.
c [Label = 150] Solving duration: 6 ms.
s [Label = 150] SAT (w = 130).
c [Label = 150] Label assignment: 20 20 150 150 150 20 20 20 20 20 150 20 20 150 20 20 20 150 150 150 20 150 150 20 150 150 20 20 20 150 150 150 150 150 20 20 150 20 150 20 20 150 20 150 150 150 150 150 150 150 150 150 20 20 150 20 20 150 150 150 150 150 150 150 150 20 150 20 150 20 150 20 20 20 20 20 20 150 20 20 150 150 20 150 20 20 150 20 20 20 20 20 150 150 20 150 20 150 150 150 150 20 20 150 150 150 150 20 150 20 150 20 20 20 20 150 150 150 150 150 20 150 150 150 150 150 150 20 150 150 20 150 150 150 150 20 20 150 20 150 150 150 20 20 20 20 20 20 150 20 20 150 20 20 150 150 150 150 20 20 20 20 150 20 150 150 20 150 20 20 20 20 150 150 20 150 150 150 20 20 20 20 20 20 20 150 150 150 150 20 20 150 20 150 150 150 20 20 20 150 20 20 20 150 150 150 20 20 150 20 20 150 20 150 20 20 150 20 150 150 150 150 20 20 20 150 20 150 150 20 150 20 20 150 150 150 150 20 20 20 150 150 20 20 150 150 150 150 20 20 20 20 150 150 150 150 20 150 150 20 20 150 20 20 150 150 150 150 150 150 20 150 150 20 20 20 150 20 150 150 150 20 150 20 150 150 20 150 150 20 20 150 150 150 150 150 20 20 150 150 20 20 20 20 20 150 20 20 20 20 150 150 20 150 20 150 20 20 150 20 150 150 20 20 150 20 20 150 150 20 20 20 150 150 150 150 150 150 20 20 150 150 20 150 150 20 150 20 150 20 20 20 150 20 150 20 20 20 20 20 20 20 20 150 20 150 150 150 150 20 150 20 20 20 20 150 20 20 150 20 20 20 150 150 150 20 150 20 20 20 20 150 20 150 150 150 20 20 20 150 150 150 20 20 150 20 150 20 20 150 20 150 150 150 150 20 20 20 150 20 20 20 20 150 150 150 20 20 20 20 150 20 20 150 150 150 150 20 150 150 20 20 150 20 20 20 150 20 20 150 20 150 150 150 150 20 20 20 20 20 150 150 20 20 150 20 150 150 150 150 20 150 150 20 20 150 20 150 20 150 150 20 20 150 20 20 20 20 150 20 20 20 20 150 20 150 20 150 20 20 150 20 150 150 150 150 150 150 20 150 150 150 150 150 150 150 20 150 20 150 20 20 20 150 20 20 150 150 150 20 150 20 20 150 150 20 20 20 150 20 20 20 20 1 150 150 
c [Signal] Signal interruption. Caught signal: SIGTERM (15).
c [Label = 151] Encoding starts with target value = 130:
c [Label = 151] Encoding duration: 848ms.
c [Label = 151] Number of clauses: 452156.
c [Label = 151] Number of variables: 163920.
c [Label = 151] Solving duration: 5 ms.
s [Label = 151] SAT (w = 130).
c [Label = 151] Label assignment: 21 21 151 151 151 21 21 21 21 21 151 21 21 151 21 21 21 151 151 151 21 151 151 21 151 151 21 21 21 151 151 151 151 151 21 21 151 21 151 21 21 151 21 151 151 151 151 151 151 151 151 151 21 21 151 21 21 151 151 151 151 151 151 151 151 21 151 21 151 21 151 21 21 21 21 21 21 151 21 21 151 151 21 151 21 21 151 21 21 21 21 21 151 151 21 151 21 151 151 151 151 21 21 151 151 151 151 21 151 21 151 21 21 21 21 151 151 151 151 151 21 151 151 151 151 151 151 21 151 151 21 151 151 151 151 21 21 151 21 151 151 151 21 21 21 21 21 21 151 21 21 151 21 21 151 151 151 151 21 21 21 21 151 21 151 151 21 151 21 21 21 21 151 151 21 151 151 151 21 21 21 21 21 21 21 151 151 151 151 21 21 151 21 151 151 151 21 21 21 151 21 21 21 151 151 151 21 21 151 21 21 151 21 151 21 21 151 21 151 151 151 151 21 21 21 151 21 151 151 21 151 21 21 151 151 151 151 21 21 21 151 151 21 21 151 151 151 151 21 21 21 21 151 151 151 151 21 151 151 21 21 151 21 21 151 151 151 151 151 151 21 151 151 21 21 21 151 21 151 151 151 21 151 21 151 151 21 151 151 21 21 151 151 151 151 151 21 21 151 151 21 21 21 21 21 151 21 21 21 21 151 151 21 151 21 151 21 21 151 21 151 151 21 21 151 21 21 151 151 21 21 21 151 151 151 151 151 151 21 21 151 151 21 151 151 21 151 21 151 21 21 21 151 21 151 21 21 21 21 21 21 21 21 151 21 151 151 151 151 21 151 21 21 21 21 151 21 21 151 21 21 21 151 151 151 21 151 21 21 21 21 151 21 151 151 151 21 21 21 151 151 151 21 21 151 21 151 21 21 151 21 151 151 151 151 21 21 21 151 21 21 21 21 151 151 151 21 21 21 21 151 21 21 151 151 151 151 21 151 151 21 21 151 21 21 21 151 21 21 151 21 151 151 151 151 21 21 21 21 21 151 151 21 21 151 21 151 151 151 151 21 151 151 21 21 151 21 151 21 151 151 21 21 151 21 21 21 21 151 21 21 21 21 151 21 151 21 151 21 21 151 21 151 151 151 151 151 151 21 151 151 151 151 151 151 151 21 151 21 151 21 21 21 151 21 21 151 151 151 21 151 21 21 151 151 21 21 21 151 21 21 21 21 1 151 151 
c [Signal] Signal interruption. Caught signal: SIGTERM (15).
c [Label = 152] Encoding starts with target value = 130:
c [Label = 152] Encoding duration: 850ms.
c [Label = 152] Number of clauses: 460251.
c [Label = 152] Number of variables: 165012.
c [Label = 152] Solving duration: 6 ms.
s [Label = 152] SAT (w = 130).
c [Label = 152] Label assignment: 22 22 152 152 152 22 22 22 22 22 152 22 22 152 22 22 22 152 152 152 22 152 152 22 152 152 22 22 22 152 152 152 152 152 22 22 152 22 152 22 22 152 22 152 152 152 152 152 152 152 152 152 22 22 152 22 22 152 152 152 152 152 152 152 152 22 152 22 152 22 152 22 22 22 22 22 22 152 22 22 152 152 22 152 22 22 152 22 22 22 22 22 152 152 22 152 22 152 152 152 152 22 22 152 152 152 152 22 152 22 152 22 22 22 22 152 152 152 152 152 22 152 152 152 152 152 152 22 152 152 22 152 152 152 152 22 22 152 22 152 152 152 22 22 22 22 22 22 152 22 22 152 22 22 152 152 152 152 22 22 22 22 152 22 152 152 22 152 22 22 22 22 152 152 22 152 152 152 22 22 22 22 22 22 22 152 152 152 152 22 22 152 22 152 152 152 22 22 22 152 22 22 22 152 152 152 22 22 152 22 22 152 22 152 22 22 152 22 152 152 152 152 22 22 22 152 22 152 152 22 152 22 22 152 152 152 152 22 22 22 152 152 22 22 152 152 152 152 22 22 22 22 152 152 152 152 22 152 152 22 22 152 22 22 152 152 152 152 152 152 22 152 152 22 22 22 152 22 152 152 152 22 152 22 152 152 22 152 152 22 22 152 152 152 152 152 22 22 152 152 22 22 22 22 22 152 22 22 22 22 152 152 22 152 22 152 22 22 152 22 152 152 22 22 152 22 22 152 152 22 22 22 152 152 152 152 152 152 22 22 152 152 22 152 152 22 152 22 152 22 22 22 152 22 152 22 22 22 22 22 22 22 22 152 22 152 152 152 152 22 152 22 22 22 22 152 22 22 152 22 22 22 152 152 152 22 152 22 22 22 22 152 22 152 152 152 22 22 22 152 152 152 22 22 152 22 152 22 22 152 22 152 152 152 152 22 22 22 152 22 22 22 22 152 152 152 22 22 22 22 152 22 22 152 152 152 152 22 152 152 22 22 152 22 22 22 152 22 22 152 22 152 152 152 152 22 22 22 22 22 152 152 22 22 152 22 152 152 152 152 22 152 152 22 22 152 22 152 22 152 152 22 22 152 22 22 22 22 152 22 22 22 22 152 22 152 22 152 22 22 152 22 152 152 152 152 152 152 22 152 152 152 152 152 152 152 22 152 22 152 22 22 22 152 22 22 152 152 152 22 152 22 22 152 152 22 22 22 152 22 22 22 22 1 152 152 
c [Signal] Signal interruption. Caught signal: SIGTERM (15).
c [Label = 153] Encoding starts with target value = 130:
c [Label = 153] Encoding duration: 880ms.
c [Label = 153] Number of clauses: 468345.
c [Label = 153] Number of variables: 166104.
c [Label = 153] Solving duration: 6 ms.
s [Label = 153] SAT (w = 130).
c [Label = 153] Label assignment: 23 23 153 153 153 23 23 23 23 23 153 23 23 153 23 23 23 153 153 153 23 153 153 23 153 153 23 23 23 153 153 153 153 153 23 23 153 23 153 23 23 153 23 153 153 153 153 153 153 153 153 153 23 23 153 23 23 153 153 153 153 153 153 153 153 23 153 23 153 23 153 23 23 23 23 23 23 153 23 23 153 153 23 153 23 23 153 23 23 23 23 23 153 153 23 153 23 153 153 153 153 23 23 153 153 153 153 23 153 23 153 23 23 23 23 153 153 153 153 153 23 153 153 153 153 153 153 23 153 153 23 153 153 153 153 23 23 153 23 153 153 153 23 23 23 23 23 23 153 23 23 153 23 23 153 153 153 153 23 23 23 23 153 23 153 153 23 153 23 23 23 23 153 153 23 153 153 153 23 23 23 23 23 23 23 153 153 153 153 23 23 153 23 153 153 153 23 23 23 153 23 23 23 153 153 153 23 23 153 23 23 153 23 153 23 23 153 23 153 153 153 153 23 23 23 153 23 153 153 23 153 23 23 153 153 153 153 23 23 23 153 153 23 23 153 153 153 153 23 23 23 23 153 153 153 153 23 153 153 23 23 153 23 23 153 153 153 153 153 153 23 153 153 23 23 23 153 23 153 153 153 23 153 23 153 153 23 153 153 23 23 153 153 153 153 153 23 23 153 153 23 23 23 23 23 153 23 23 23 23 153 153 23 153 23 153 23 23 153 23 153 153 23 23 153 23 23 153 153 23 23 23 153 153 153 153 153 153 23 23 153 153 23 153 153 23 153 23 153 23 23 23 153 23 153 23 23 23 23 23 23 23 23 153 23 153 153 153 153 23 153 23 23 23 23 153 23 23 153 23 23 23 153 153 153 23 153 23 23 23 23 153 23 153 153 153 23 23 23 153 153 153 23 23 153 23 153 23 23 153 23 153 153 153 153 23 23 23 153 23 23 23 23 153 153 153 23 23 23 23 153 23 23 153 153 153 153 23 153 153 23 23 153 23 23 23 153 23 23 153 23 153 153 153 153 23 23 23 23 23 153 153 23 23 153 23 153 153 153 153 23 153 153 23 23 153 23 153 23 153 153 23 23 153 23 23 23 23 153 23 23 23 23 153 23 153 23 153 23 23 153 23 153 153 153 153 153 153 23 153 153 153 153 153 153 153 23 153 23 153 23 23 23 153 23 23 153 153 153 23 153 23 23 153 153 23 23 23 153 23 23 23 23 1 153 153 
c [Signal] Signal interruption. Caught signal: SIGTERM (15).
c [Label = 148] Encoding starts with target value = 130:
c [Label = 148] Encoding duration: 809ms.
c [Label = 148] Number of clauses: 427873.
c [Label = 148] Number of variables: 160644.
c [Label = 148] Solving duration: 5 ms.
s [Label = 148] SAT (w = 130).
c [Label = 148] Label assignment: 18 18 148 148 148 18 18 18 18 18 148 18 18 148 18 18 18 148 148 148 18 148 148 18 148 148 18 18 18 148 148 148 148 148 18 18 148 18 148 18 18 148 18 148 148 148 148 148 148 148 148 148 18 18 148 18 18 148 148 148 148 148 148 148 148 18 148 18 148 18 148 18 18 18 18 18 18 148 18 18 148 148 18 148 18 18 148 18 18 18 18 18 148 148 18 148 18 148 148 148 148 18 18 148 148 148 148 18 148 18 148 18 18 18 18 148 148 148 148 148 18 148 148 148 148 148 148 18 148 148 18 148 148 148 148 18 18 148 18 148 148 148 18 18 18 18 18 18 148 18 18 148 18 18 148 148 148 148 18 18 18 18 148 18 148 148 18 148 18 18 18 18 148 148 18 148 148 148 18 18 18 18 18 18 18 148 148 148 148 18 18 148 18 148 148 148 18 18 18 148 18 18 18 148 148 148 18 18 148 18 18 148 18 148 18 18 148 18 148 148 148 148 18 18 18 148 18 148 148 18 148 18 18 148 148 148 148 18 18 18 148 148 18 18 148 148 148 148 18 18 18 18 148 148 148 148 18 148 148 18 18 148 18 18 148 148 148 148 148 148 18 148 148 18 18 18 148 18 148 148 148 18 148 18 148 148 18 148 148 18 18 148 148 148 148 148 18 18 148 148 18 18 18 18 18 148 18 18 18 18 148 148 18 148 18 148 18 18 148 18 148 148 18 18 148 18 18 148 148 18 18 18 148 148 148 148 148 148 18 18 148 148 18 148 148 18 148 18 148 18 18 18 148 18 148 18 18 18 18 18 18 18 18 148 18 148 148 148 148 18 148 18 18 18 18 148 18 18 148 18 18 18 148 148 148 18 148 18 18 18 18 148 18 148 148 148 18 18 18 148 148 148 18 18 148 18 148 18 18 148 18 148 148 148 148 18 18 18 148 18 18 18 18 148 148 148 18 18 18 18 148 18 18 148 148 148 148 18 148 148 18 18 148 18 18 18 148 18 18 148 18 148 148 148 148 18 18 18 18 18 148 148 18 18 148 18 148 148 148 148 18 148 148 18 18 148 18 148 18 148 148 18 18 148 18 18 18 18 148 18 18 18 18 148 18 148 18 148 18 18 148 18 148 148 148 148 148 148 18 148 148 148 148 148 148 148 18 148 18 148 18 18 18 148 18 18 148 148 148 18 148 18 18 148 148 18 18 18 148 18 18 18 18 1 148 148 
c [Signal] Signal interruption. Caught signal: SIGTERM (15).
c [Label = 145] Minimize Makespan Labeling problem (S-sherman4.mtx.rnd):
c [Main] Child pid 150 - 54282 terminated by signal 15.
c [Main] Child pid 151 - 54281 terminated by signal 15.
c [Main] Child pid 152 - 54280 terminated by signal 15.
c [Main] Child pid 149 - 54283 terminated by signal 15.
c [Label = 144] Minimize Makespan Labeling problem (S-sherman4.mtx.rnd):
c [Label = 143] Minimize Makespan Labeling problem (S-sherman4.mtx.rnd):
c [Main] Child pid 153 - 54279 terminated by signal 15.
c [Label = 142] Minimize Makespan Labeling problem (S-sherman4.mtx.rnd):
c [Label = 141] Minimize Makespan Labeling problem (S-sherman4.mtx.rnd):
c [Main] Child pid 148 - 54284 terminated by signal 15.
c [Main] Child pid 147 - 54285 terminated by signal 15.
c [Label = 140] Minimize Makespan Labeling problem (S-sherman4.mtx.rnd):
c [Label = 138] Minimize Makespan Labeling problem (S-sherman4.mtx.rnd):
c [Label = 139] Minimize Makespan Labeling problem (S-sherman4.mtx.rnd):
c [Label = 138] Encoding starts with target value = 130:
c [Label = 138] Encoding duration: 692ms.
c [Label = 138] Number of clauses: 346928.
c [Label = 138] Number of variables: 149724.
c [Label = 138] Solving duration: 2 ms.
s [Label = 138] SAT (w = 130).
c [Label = 138] Label assignment: 8 8 138 138 138 8 8 8 8 8 138 8 8 138 8 8 8 138 138 138 8 138 138 8 138 138 8 8 8 138 138 138 138 138 8 8 138 8 138 8 8 138 8 138 138 138 138 138 138 138 138 138 8 8 138 8 8 138 138 138 138 138 138 138 138 8 138 8 138 8 138 8 8 8 8 8 8 138 8 8 138 138 8 138 8 8 138 8 8 8 8 8 138 138 8 138 8 138 138 138 138 8 8 138 138 138 138 8 138 8 138 8 8 8 8 138 138 138 138 138 8 138 138 138 138 138 138 8 138 138 8 138 138 138 138 8 8 138 8 138 138 138 8 8 8 8 8 8 138 8 8 138 8 8 138 138 138 138 8 8 8 8 138 8 138 138 8 138 8 8 8 8 138 138 8 138 138 138 8 8 8 8 8 8 8 138 138 138 138 8 8 138 8 138 138 138 8 8 8 138 8 8 8 138 138 138 8 8 138 8 8 138 8 138 8 8 138 8 138 138 138 138 8 8 8 138 8 138 138 8 138 8 8 138 138 138 138 8 8 8 138 138 8 8 138 138 138 138 8 8 8 8 138 138 138 138 8 138 138 8 8 138 8 8 138 138 138 138 138 138 8 138 138 8 8 8 138 8 138 138 138 8 138 8 138 138 8 138 138 8 8 138 138 138 138 138 8 8 138 138 8 8 8 8 8 138 8 8 8 8 138 138 8 138 8 138 8 8 138 8 138 138 8 8 138 8 8 138 138 8 8 8 138 138 138 138 138 138 8 8 138 138 8 138 138 8 138 8 138 8 8 8 138 8 138 8 8 8 8 8 8 8 8 138 8 138 138 138 138 8 138 8 8 8 8 138 8 8 138 8 8 8 138 138 138 8 138 8 8 8 8 138 8 138 138 138 8 8 8 138 138 138 8 8 138 8 138 8 8 138 8 138 138 138 138 8 8 8 138 8 8 8 8 138 138 138 8 8 8 8 138 8 8 138 138 138 138 8 138 138 8 8 138 8 8 8 138 8 8 138 8 138 138 138 138 8 8 8 8 8 138 138 8 8 138 8 138 138 138 138 8 138 138 8 8 138 8 138 8 138 138 8 8 138 8 8 8 8 138 8 8 8 8 138 8 138 8 138 8 8 138 8 138 138 138 138 138 138 8 138 138 138 138 138 138 138 8 138 8 138 8 8 8 138 8 8 138 138 138 8 138 8 8 138 138 8 8 8 138 8 8 8 8 1 138 138 
c [Label = 139] Encoding starts with target value = 130:
c [Label = 139] Encoding duration: 704ms.
c [Label = 139] Number of clauses: 355022.
c [Label = 139] Number of variables: 150816.
c [Label = 139] Solving duration: 3 ms.
s [Label = 139] SAT (w = 130).
c [Label = 139] Label assignment: 9 9 139 139 139 9 9 9 9 9 139 9 9 139 9 9 9 139 139 139 9 139 139 9 139 139 9 9 9 139 139 139 139 139 9 9 139 9 139 9 9 139 9 139 139 139 139 139 139 139 139 139 9 9 139 9 9 139 139 139 139 139 139 139 139 9 139 9 139 9 139 9 9 9 9 9 9 139 9 9 139 139 9 139 9 9 139 9 9 9 9 9 139 139 9 139 9 139 139 139 139 9 9 139 139 139 139 9 139 9 139 9 9 9 9 139 139 139 139 139 9 139 139 139 139 139 139 9 139 139 9 139 139 139 139 9 9 139 9 139 139 139 9 9 9 9 9 9 139 9 9 139 9 9 139 139 139 139 9 9 9 9 139 9 139 139 9 139 9 9 9 9 139 139 9 139 139 139 9 9 9 9 9 9 9 139 139 139 139 9 9 139 9 139 139 139 9 9 9 139 9 9 9 139 139 139 9 9 139 9 9 139 9 139 9 9 139 9 139 139 139 139 9 9 9 139 9 139 139 9 139 9 9 139 139 139 139 9 9 9 139 139 9 9 139 139 139 139 9 9 9 9 139 139 139 139 9 139 139 9 9 139 9 9 139 139 139 139 139 139 9 139 139 9 9 9 139 9 139 139 139 9 139 9 139 139 9 139 139 9 9 139 139 139 139 139 9 9 139 139 9 9 9 9 9 139 9 9 9 9 139 139 9 139 9 139 9 9 139 9 139 139 9 9 139 9 9 139 139 9 9 9 139 139 139 139 139 139 9 9 139 139 9 139 139 9 139 9 139 9 9 9 139 9 139 9 9 9 9 9 9 9 9 139 9 139 139 139 139 9 139 9 9 9 9 139 9 9 139 9 9 9 139 139 139 9 139 9 9 9 9 139 9 139 139 139 9 9 9 139 139 139 9 9 139 9 139 9 9 139 9 139 139 139 139 9 9 9 139 9 9 9 9 139 139 139 9 9 9 9 139 9 9 139 139 139 139 9 139 139 9 9 139 9 9 9 139 9 9 139 9 139 139 139 139 9 9 9 9 9 139 139 9 9 139 9 139 139 139 139 9 139 139 9 9 139 9 139 9 139 139 9 9 139 9 9 9 9 139 9 9 9 9 139 9 139 9 139 9 9 139 9 139 139 139 139 139 139 9 139 139 139 139 139 139 139 9 139 9 139 9 9 9 139 9 9 139 139 139 9 139 9 9 139 139 9 9 9 139 9 9 9 9 1 139 139 
c [Label = 140] Encoding starts with target value = 130:
c [Label = 140] Encoding duration: 722ms.
c [Label = 140] Number of clauses: 363117.
c [Label = 140] Number of variables: 151908.
c [Label = 140] Solving duration: 3 ms.
s [Label = 140] SAT (w = 130).
c [Label = 140] Label assignment: 10 10 140 140 140 10 10 10 10 10 140 10 10 140 10 10 10 140 140 140 10 140 140 10 140 140 10 10 10 140 140 140 140 140 10 10 140 10 140 10 10 140 10 140 140 140 140 140 140 140 140 140 10 10 140 10 10 140 140 140 140 140 140 140 140 10 140 10 140 10 140 10 10 10 10 10 10 140 10 10 140 140 10 140 10 10 140 10 10 10 10 10 140 140 10 140 10 140 140 140 140 10 10 140 140 140 140 10 140 10 140 10 10 10 10 140 140 140 140 140 10 140 140 140 140 140 140 10 140 140 10 140 140 140 140 10 10 140 10 140 140 140 10 10 10 10 10 10 140 10 10 140 10 10 140 140 140 140 10 10 10 10 140 10 140 140 10 140 10 10 10 10 140 140 10 140 140 140 10 10 10 10 10 10 10 140 140 140 140 10 10 140 10 140 140 140 10 10 10 140 10 10 10 140 140 140 10 10 140 10 10 140 10 140 10 10 140 10 140 140 140 140 10 10 10 140 10 140 140 10 140 10 10 140 140 140 140 10 10 10 140 140 10 10 140 140 140 140 10 10 10 10 140 140 140 140 10 140 140 10 10 140 10 10 140 140 140 140 140 140 10 140 140 10 10 10 140 10 140 140 140 10 140 10 140 140 10 140 140 10 10 140 140 140 140 140 10 10 140 140 10 10 10 10 10 140 10 10 10 10 140 140 10 140 10 140 10 10 140 10 140 140 10 10 140 10 10 140 140 10 10 10 140 140 140 140 140 140 10 10 140 140 10 140 140 10 140 10 140 10 10 10 140 10 140 10 10 10 10 10 10 10 10 140 10 140 140 140 140 10 140 10 10 10 10 140 10 10 140 10 10 10 140 140 140 10 140 10 10 10 10 140 10 140 140 140 10 10 10 140 140 140 10 10 140 10 140 10 10 140 10 140 140 140 140 10 10 10 140 10 10 10 10 140 140 140 10 10 10 10 140 10 10 140 140 140 140 10 140 140 10 10 140 10 10 10 140 10 10 140 10 140 140 140 140 10 10 10 10 10 140 140 10 10 140 10 140 140 140 140 10 140 140 10 10 140 10 140 10 140 140 10 10 140 10 10 10 10 140 10 10 10 10 140 10 140 10 140 10 10 140 10 140 140 140 140 140 140 10 140 140 140 140 140 140 140 10 140 10 140 10 10 10 140 10 10 140 140 140 10 140 10 10 140 140 10 10 10 140 10 10 10 10 1 140 140 
c [Signal] Signal interruption. Caught signal: SIGTERM (15).
c [Label = 141] Encoding starts with target value = 130:
c [Label = 141] Encoding duration: 726ms.
c [Label = 141] Number of clauses: 371211.
c [Label = 141] Number of variables: 153000.
c [Label = 141] Solving duration: 3 ms.
s [Label = 141] SAT (w = 130).
c [Label = 141] Label assignment: 11 11 141 141 141 11 11 11 11 11 141 11 11 141 11 11 11 141 141 141 11 141 141 11 141 141 11 11 11 141 141 141 141 141 11 11 141 11 141 11 11 141 11 141 141 141 141 141 141 141 141 141 11 11 141 11 11 141 141 141 141 141 141 141 141 11 141 11 141 11 141 11 11 11 11 11 11 141 11 11 141 141 11 141 11 11 141 11 11 11 11 11 141 141 11 141 11 141 141 141 141 11 11 141 141 141 141 11 141 11 141 11 11 11 11 141 141 141 141 141 11 141 141 141 141 141 141 11 141 141 11 141 141 141 141 11 11 141 11 141 141 141 11 11 11 11 11 11 141 11 11 141 11 11 141 141 141 141 11 11 11 11 141 11 141 141 11 141 11 11 11 11 141 141 11 141 141 141 11 11 11 11 11 11 11 141 141 141 141 11 11 141 11 141 141 141 11 11 11 141 11 11 11 141 141 141 11 11 141 11 11 141 11 141 11 11 141 11 141 141 141 141 11 11 11 141 11 141 141 11 141 11 11 141 141 141 141 11 11 11 141 141 11 11 141 141 141 141 11 11 11 11 141 141 141 141 11 141 141 11 11 141 11 11 141 141 141 141 141 141 11 141 141 11 11 11 141 11 141 141 141 11 141 11 141 141 11 141 141 11 11 141 141 141 141 141 11 11 141 141 11 11 11 11 11 141 11 11 11 11 141 141 11 141 11 141 11 11 141 11 141 141 11 11 141 11 11 141 141 11 11 11 141 141 141 141 141 141 11 11 141 141 11 141 141 11 141 11 141 11 11 11 141 11 141 11 11 11 11 11 11 11 11 141 11 141 141 141 141 11 141 11 11 11 11 141 11 11 141 11 11 11 141 141 141 11 141 11 11 11 11 141 11 141 141 141 11 11 11 141 141 141 11 11 141 11 141 11 11 141 11 141 141 141 141 11 11 11 141 11 11 11 11 141 141 141 11 11 11 11 141 11 11 141 141 141 141 11 141 141 11 11 141 11 11 11 141 11 11 141 11 141 141 141 141 11 11 11 11 11 141 141 11 11 141 11 141 141 141 141 11 141 141 11 11 141 11 141 11 141 141 11 11 141 11 11 11 11 141 11 11 11 11 141 11 141 11 141 11 11 141 11 141 141 141 141 141 141 11 141 141 141 141 141 141 141 11 141 11 141 11 11 11 141 11 11 141 141 141 11 141 11 11 141 141 11 11 11 141 11 11 11 11 1 141 141 
c [Signal] Signal interruption. Caught signal: SIGTERM (15).
c [Label = 142] Encoding starts with target value = 130:
c [Label = 142] Encoding duration: 743ms.
c [Label = 142] Number of clauses: 379306.
c [Label = 142] Number of variables: 154092.
c [Label = 142] Solving duration: 4 ms.
s [Label = 142] SAT (w = 130).
c [Label = 142] Label assignment: 12 12 142 142 142 12 12 12 12 12 142 12 12 142 12 12 12 142 142 142 12 142 142 12 142 142 12 12 12 142 142 142 142 142 12 12 142 12 142 12 12 142 12 142 142 142 142 142 142 142 142 142 12 12 142 12 12 142 142 142 142 142 142 142 142 12 142 12 142 12 142 12 12 12 12 12 12 142 12 12 142 142 12 142 12 12 142 12 12 12 12 12 142 142 12 142 12 142 142 142 142 12 12 142 142 142 142 12 142 12 142 12 12 12 12 142 142 142 142 142 12 142 142 142 142 142 142 12 142 142 12 142 142 142 142 12 12 142 12 142 142 142 12 12 12 12 12 12 142 12 12 142 12 12 142 142 142 142 12 12 12 12 142 12 142 142 12 142 12 12 12 12 142 142 12 142 142 142 12 12 12 12 12 12 12 142 142 142 142 12 12 142 12 142 142 142 12 12 12 142 12 12 12 142 142 142 12 12 142 12 12 142 12 142 12 12 142 12 142 142 142 142 12 12 12 142 12 142 142 12 142 12 12 142 142 142 142 12 12 12 142 142 12 12 142 142 142 142 12 12 12 12 142 142 142 142 12 142 142 12 12 142 12 12 142 142 142 142 142 142 12 142 142 12 12 12 142 12 142 142 142 12 142 12 142 142 12 142 142 12 12 142 142 142 142 142 12 12 142 142 12 12 12 12 12 142 12 12 12 12 142 142 12 142 12 142 12 12 142 12 142 142 12 12 142 12 12 142 142 12 12 12 142 142 142 142 142 142 12 12 142 142 12 142 142 12 142 12 142 12 12 12 142 12 142 12 12 12 12 12 12 12 12 142 12 142 142 142 142 12 142 12 12 12 12 142 12 12 142 12 12 12 142 142 142 12 142 12 12 12 12 142 12 142 142 142 12 12 12 142 142 142 12 12 142 12 142 12 12 142 12 142 142 142 142 12 12 12 142 12 12 12 12 142 142 142 12 12 12 12 142 12 12 142 142 142 142 12 142 142 12 12 142 12 12 12 142 12 12 142 12 142 142 142 142 12 12 12 12 12 142 142 12 12 142 12 142 142 142 142 12 142 142 12 12 142 12 142 12 142 142 12 12 142 12 12 12 12 142 12 12 12 12 142 12 142 12 142 12 12 142 12 142 142 142 142 142 142 12 142 142 142 142 142 142 142 12 142 12 142 12 12 12 142 12 12 142 142 142 12 142 12 12 142 142 12 12 12 142 12 12 12 12 1 142 142 
c [Signal] Signal interruption. Caught signal: SIGTERM (15).
c [Label = 143] Encoding starts with target value = 130:
c [Label = 143] Encoding duration: 749ms.
c [Label = 143] Number of clauses: 387400.
c [Label = 143] Number of variables: 155184.
c [Label = 143] Solving duration: 3 ms.
s [Label = 143] SAT (w = 130).
c [Label = 143] Label assignment: 13 13 143 143 143 13 13 13 13 13 143 13 13 143 13 13 13 143 143 143 13 143 143 13 143 143 13 13 13 143 143 143 143 143 13 13 143 13 143 13 13 143 13 143 143 143 143 143 143 143 143 143 13 13 143 13 13 143 143 143 143 143 143 143 143 13 143 13 143 13 143 13 13 13 13 13 13 143 13 13 143 143 13 143 13 13 143 13 13 13 13 13 143 143 13 143 13 143 143 143 143 13 13 143 143 143 143 13 143 13 143 13 13 13 13 143 143 143 143 143 13 143 143 143 143 143 143 13 143 143 13 143 143 143 143 13 13 143 13 143 143 143 13 13 13 13 13 13 143 13 13 143 13 13 143 143 143 143 13 13 13 13 143 13 143 143 13 143 13 13 13 13 143 143 13 143 143 143 13 13 13 13 13 13 13 143 143 143 143 13 13 143 13 143 143 143 13 13 13 143 13 13 13 143 143 143 13 13 143 13 13 143 13 143 13 13 143 13 143 143 143 143 13 13 13 143 13 143 143 13 143 13 13 143 143 143 143 13 13 13 143 143 13 13 143 143 143 143 13 13 13 13 143 143 143 143 13 143 143 13 13 143 13 13 143 143 143 143 143 143 13 143 143 13 13 13 143 13 143 143 143 13 143 13 143 143 13 143 143 13 13 143 143 143 143 143 13 13 143 143 13 13 13 13 13 143 13 13 13 13 143 143 13 143 13 143 13 13 143 13 143 143 13 13 143 13 13 143 143 13 13 13 143 143 143 143 143 143 13 13 143 143 13 143 143 13 143 13 143 13 13 13 143 13 143 13 13 13 13 13 13 13 13 143 13 143 143 143 143 13 143 13 13 13 13 143 13 13 143 13 13 13 143 143 143 13 143 13 13 13 13 143 13 143 143 143 13 13 13 143 143 143 13 13 143 13 143 13 13 143 13 143 143 143 143 13 13 13 143 13 13 13 13 143 143 143 13 13 13 13 143 13 13 143 143 143 143 13 143 143 13 13 143 13 13 13 143 13 13 143 13 143 143 143 143 13 13 13 13 13 143 143 13 13 143 13 143 143 143 143 13 143 143 13 13 143 13 143 13 143 143 13 13 143 13 13 13 13 143 13 13 13 13 143 13 143 13 143 13 13 143 13 143 143 143 143 143 143 13 143 143 143 143 143 143 143 13 143 13 143 13 13 13 143 13 13 143 143 143 13 143 13 13 143 143 13 13 13 143 13 13 13 13 1 143 143 
c [Signal] Signal interruption. Caught signal: SIGTERM (15).
c [Main] Lowest label SAT is set to 138.
c [Main] Kill higher label pid 139.
c [Main] Kill higher label pid 140.
c [Main] Kill higher label pid 141.
c [Main] Kill higher label pid 142.
c [Main] Kill higher label pid 143.
c [Main] Kill higher label pid 144.
c [Main] Kill higher label pid 145.
c [Label = 144] Encoding starts with target value = 130:
c [Label = 144] Encoding duration: 755ms.
c [Label = 144] Number of clauses: 395495.
c [Label = 144] Number of variables: 156276.
c [Label = 144] Solving duration: 4 ms.
s [Label = 144] SAT (w = 130).
c [Label = 144] Label assignment: 14 14 144 144 144 14 14 14 14 14 144 14 14 144 14 14 14 144 144 144 14 144 144 14 144 144 14 14 14 144 144 144 144 144 14 14 144 14 144 14 14 144 14 144 144 144 144 144 144 144 144 144 14 14 144 14 14 144 144 144 144 144 144 144 144 14 144 14 144 14 144 14 14 14 14 14 14 144 14 14 144 144 14 144 14 14 144 14 14 14 14 14 144 144 14 144 14 144 144 144 144 14 14 144 144 144 144 14 144 14 144 14 14 14 14 144 144 144 144 144 14 144 144 144 144 144 144 14 144 144 14 144 144 144 144 14 14 144 14 144 144 144 14 14 14 14 14 14 144 14 14 144 14 14 144 144 144 144 14 14 14 14 144 14 144 144 14 144 14 14 14 14 144 144 14 144 144 144 14 14 14 14 14 14 14 144 144 144 144 14 14 144 14 144 144 144 14 14 14 144 14 14 14 144 144 144 14 14 144 14 14 144 14 144 14 14 144 14 144 144 144 144 14 14 14 144 14 144 144 14 144 14 14 144 144 144 144 14 14 14 144 144 14 14 144 144 144 144 14 14 14 14 144 144 144 144 14 144 144 14 14 144 14 14 144 144 144 144 144 144 14 144 144 14 14 14 144 14 144 144 144 14 144 14 144 144 14 144 144 14 14 144 144 144 144 144 14 14 144 144 14 14 14 14 14 144 14 14 14 14 144 144 14 144 14 144 14 14 144 14 144 144 14 14 144 14 14 144 144 14 14 14 144 144 144 144 144 144 14 14 144 144 14 144 144 14 144 14 144 14 14 14 144 14 144 14 14 14 14 14 14 14 14 144 14 144 144 144 144 14 144 14 14 14 14 144 14 14 144 14 14 14 144 144 144 14 144 14 14 14 14 144 14 144 144 144 14 14 14 144 144 144 14 14 144 14 144 14 14 144 14 144 144 144 144 14 14 14 144 14 14 14 14 144 144 144 14 14 14 14 144 14 14 144 144 144 144 14 144 144 14 14 144 14 14 14 144 14 14 144 14 144 144 144 144 14 14 14 14 14 144 144 14 14 144 14 144 144 144 144 14 144 144 14 14 144 14 144 14 144 144 14 14 144 14 14 14 14 144 14 14 14 14 144 14 144 14 144 14 14 144 14 144 144 144 144 144 144 14 144 144 144 144 144 144 144 14 144 14 144 14 14 14 144 14 14 144 144 144 14 144 14 14 144 144 14 14 14 144 14 14 14 14 1 144 144 
c [Signal] Signal interruption. Caught signal: SIGTERM (15).
c [Label = 145] Encoding starts with target value = 130:
c [Label = 145] Encoding duration: 785ms.
c [Label = 145] Number of clauses: 403589.
c [Label = 145] Number of variables: 157368.
c [Label = 145] Solving duration: 4 ms.
s [Label = 145] SAT (w = 130).
c [Label = 145] Label assignment: 15 15 145 145 145 15 15 15 15 15 145 15 15 145 15 15 15 145 145 145 15 145 145 15 145 145 15 15 15 145 145 145 145 145 15 15 145 15 145 15 15 145 15 145 145 145 145 145 145 145 145 145 15 15 145 15 15 145 145 145 145 145 145 145 145 15 145 15 145 15 145 15 15 15 15 15 15 145 15 15 145 145 15 145 15 15 145 15 15 15 15 15 145 145 15 145 15 145 145 145 145 15 15 145 145 145 145 15 145 15 145 15 15 15 15 145 145 145 145 145 15 145 145 145 145 145 145 15 145 145 15 145 145 145 145 15 15 145 15 145 145 145 15 15 15 15 15 15 145 15 15 145 15 15 145 145 145 145 15 15 15 15 145 15 145 145 15 145 15 15 15 15 145 145 15 145 145 145 15 15 15 15 15 15 15 145 145 145 145 15 15 145 15 145 145 145 15 15 15 145 15 15 15 145 145 145 15 15 145 15 15 145 15 145 15 15 145 15 145 145 145 145 15 15 15 145 15 145 145 15 145 15 15 145 145 145 145 15 15 15 145 145 15 15 145 145 145 145 15 15 15 15 145 145 145 145 15 145 145 15 15 145 15 15 145 145 145 145 145 145 15 145 145 15 15 15 145 15 145 145 145 15 145 15 145 145 15 145 145 15 15 145 145 145 145 145 15 15 145 145 15 15 15 15 15 145 15 15 15 15 145 145 15 145 15 145 15 15 145 15 145 145 15 15 145 15 15 145 145 15 15 15 145 145 145 145 145 145 15 15 145 145 15 145 145 15 145 15 145 15 15 15 145 15 145 15 15 15 15 15 15 15 15 145 15 145 145 145 145 15 145 15 15 15 15 145 15 15 145 15 15 15 145 145 145 15 145 15 15 15 15 145 15 145 145 145 15 15 15 145 145 145 15 15 145 15 145 15 15 145 15 145 145 145 145 15 15 15 145 15 15 15 15 145 145 145 15 15 15 15 145 15 15 145 145 145 145 15 145 145 15 15 145 15 15 15 145 15 15 145 15 145 145 145 145 15 15 15 15 15 145 145 15 15 145 15 145 145 145 145 15 145 145 15 15 145 15 145 15 145 145 15 15 145 15 15 15 15 145 15 15 15 15 145 15 145 15 145 15 15 145 15 145 145 145 145 145 145 15 145 145 145 145 145 145 145 15 145 15 145 15 15 15 145 15 15 145 145 145 15 145 15 15 145 145 15 15 15 145 15 15 15 15 1 145 145 
c [Signal] Signal interruption. Caught signal: SIGTERM (15).
c [Label = 137] Minimize Makespan Labeling problem (S-sherman4.mtx.rnd):
c [Main] Kill higher label pid 140.
c [Main] Kill higher label pid 141.
c [Main] Kill higher label pid 142.
c [Main] Kill higher label pid 143.
c [Main] Kill higher label pid 144.
c [Main] Kill higher label pid 145.
c [Label = 136] Minimize Makespan Labeling problem (S-sherman4.mtx.rnd):
c [Main] Child pid 143 - 54289 terminated by signal 15.
c [Main] Child pid 142 - 54290 terminated by signal 15.
c [Label = 135] Minimize Makespan Labeling problem (S-sherman4.mtx.rnd):
c [Main] Child pid 145 - 54287 terminated by signal 15.
c [Label = 134] Minimize Makespan Labeling problem (S-sherman4.mtx.rnd):
c [Main] Child pid 144 - 54288 terminated by signal 15.
c [Main] Child pid 141 - 54291 terminated by signal 15.
c [Main] Child pid 140 - 54292 terminated by signal 15.
c [Label = 133] Minimize Makespan Labeling problem (S-sherman4.mtx.rnd):
c [Label = 132] Minimize Makespan Labeling problem (S-sherman4.mtx.rnd):
c [Label = 131] Minimize Makespan Labeling problem (S-sherman4.mtx.rnd):
c [Label = 134] Encoding starts with target value = 130:
c [Label = 134] Encoding duration: 413ms.
c [Label = 134] Number of clauses: 314550.
c [Label = 134] Number of variables: 145356.
c [Label = 134] Solving duration: 1 ms.
s [Label = 134] SAT (w = 130).
c [Label = 134] Label assignment: 4 4 134 134 134 4 4 4 4 4 134 4 4 134 4 4 4 134 134 134 4 134 134 4 134 134 4 4 4 134 134 134 134 134 4 4 134 4 134 4 4 134 4 134 134 134 134 134 134 134 134 134 4 4 134 4 4 134 134 134 134 134 134 134 134 4 134 4 134 4 134 4 4 4 4 4 4 134 4 4 134 134 4 134 4 4 134 4 4 4 4 4 134 134 4 134 4 134 134 134 134 4 4 134 134 134 134 4 134 4 134 4 4 4 4 134 134 134 134 134 4 134 134 134 134 134 134 4 134 134 4 134 134 134 134 4 4 134 4 134 134 134 4 4 4 4 4 4 134 4 4 134 4 4 134 134 134 134 4 4 4 4 134 4 134 134 4 134 4 4 4 4 134 134 4 134 134 134 4 4 4 4 4 4 4 134 134 134 134 4 4 134 4 134 134 134 4 4 4 134 4 4 4 134 134 134 4 4 134 4 4 134 4 134 4 4 134 4 134 134 134 134 4 4 4 134 4 134 134 4 134 4 4 134 134 134 134 4 4 4 134 134 4 4 134 134 134 134 4 4 4 4 134 134 134 134 4 134 134 4 4 134 4 4 134 134 134 134 134 134 4 134 134 4 4 4 134 4 134 134 134 4 134 4 134 134 4 134 134 4 4 134 134 134 134 134 4 4 134 134 4 4 4 4 4 134 4 4 4 4 134 134 4 134 4 134 4 4 134 4 134 134 4 4 134 4 4 134 134 4 4 4 134 134 134 134 134 134 4 4 134 134 4 134 134 4 134 4 134 4 4 4 134 4 134 4 4 4 4 4 4 4 4 134 4 134 134 134 134 4 134 4 4 4 4 134 4 4 134 4 4 4 134 134 134 4 134 4 4 4 4 134 4 134 134 134 4 4 4 134 134 134 4 4 134 4 134 4 4 134 4 134 134 134 134 4 4 4 134 4 4 4 4 134 134 134 4 4 4 4 134 4 4 134 134 134 134 4 134 134 4 4 134 4 4 4 134 4 4 134 4 134 134 134 134 4 4 4 4 4 134 134 4 4 134 4 134 134 134 134 4 134 134 4 4 134 4 134 4 134 134 4 4 134 4 4 4 4 134 4 4 4 4 134 4 134 4 134 4 4 134 4 134 134 134 134 134 134 4 134 134 134 134 134 134 134 4 134 4 134 4 4 4 134 4 4 134 134 134 4 134 4 4 134 134 4 4 4 134 4 4 4 4 1 134 134 
c [Main] Lowest label SAT is set to 134.
c [Main] Kill higher label pid 135.
c [Main] Kill higher label pid 136.
c [Main] Kill higher label pid 137.
c [Label = 135] Encoding starts with target value = 130:
c [Signal] Signal interruption. Caught signal: SIGTERM (15).
c [Label = 136] Encoding starts with target value = 130:
c [Signal] Signal interruption. Caught signal: SIGTERM (15).
c [Label = 137] Encoding starts with target value = 130:
c [Signal] Signal interruption. Caught signal: SIGTERM (15).
c [Main] Child pid 135 - 54297 terminated by signal 15.
c [Main] Child pid 137 - 54295 terminated by signal 15.
c [Main] Child pid 136 - 54296 terminated by signal 15.
c [Label = 131] Encoding starts with target value = 130:
c [Label = 131] Encoding duration: 581ms.
c [Label = 131] Number of clauses: 290266.
c [Label = 131] Number of variables: 142080.
c [Label = 131] Solving duration: 4 ms.
s [Label = 131] SAT (w = 130).
c [Label = 131] Label assignment: 1 1 131 131 131 1 1 1 1 1 131 1 1 131 1 1 1 131 131 131 1 131 131 1 131 131 1 1 1 131 131 131 131 131 1 1 131 1 131 1 1 131 1 131 131 131 131 131 131 131 131 131 1 1 131 1 1 131 131 131 131 131 131 131 131 1 131 1 131 1 131 1 1 1 1 1 1 131 1 1 131 131 1 131 1 1 131 1 1 1 1 1 131 131 1 131 1 131 131 131 131 1 1 131 131 131 131 1 131 1 131 1 1 1 1 131 131 131 131 131 1 131 131 131 131 131 131 1 131 131 1 131 131 131 131 1 1 131 1 131 131 131 1 1 1 1 1 1 131 1 1 131 1 1 131 131 131 131 1 1 1 1 131 1 131 131 1 131 1 1 1 1 131 131 1 131 131 131 1 1 1 1 1 1 1 131 131 131 131 1 1 131 1 131 131 131 1 1 1 131 1 1 1 131 131 131 1 1 131 1 1 131 1 131 1 1 131 1 131 131 131 131 1 1 1 131 1 131 131 1 131 1 1 131 131 131 131 1 1 1 131 131 1 1 131 131 131 131 1 1 1 1 131 131 131 131 1 131 131 1 1 131 1 1 131 131 131 131 131 131 1 131 131 1 1 1 131 1 131 131 131 1 131 1 131 131 1 131 131 1 1 131 131 131 131 131 1 1 131 131 1 1 1 1 1 131 1 1 1 1 131 131 1 131 1 131 1 1 131 1 131 131 1 1 131 1 1 131 131 1 1 1 131 131 131 131 131 131 1 1 131 131 1 131 131 1 131 1 131 1 1 1 131 1 131 1 1 1 1 1 1 1 1 131 1 131 131 131 131 1 131 1 1 1 1 131 1 1 131 1 1 1 131 131 131 1 131 1 1 1 1 131 1 131 131 131 1 1 1 131 131 131 1 1 131 1 131 1 1 131 1 131 131 131 131 1 1 1 131 1 1 1 1 131 131 131 1 1 1 1 131 1 1 131 131 131 131 1 131 131 1 1 131 1 1 1 131 1 1 131 1 131 131 131 131 1 1 1 1 1 131 131 1 1 131 1 131 131 131 131 1 131 131 1 1 131 1 131 1 131 131 1 1 131 1 1 1 1 131 1 1 1 1 131 1 131 1 131 1 1 131 1 131 131 131 131 131 131 1 131 131 131 131 131 131 131 1 131 1 131 1 1 1 131 1 1 131 131 131 1 131 1 1 131 131 1 1 1 131 1 1 1 1 1 131 131 
c [Label = 132] Encoding starts with target value = 130:
c [Label = 132] Encoding duration: 591ms.
c [Label = 132] Number of clauses: 298361.
c [Label = 132] Number of variables: 143172.
c [Label = 132] Solving duration: 0 ms.
s [Label = 132] SAT (w = 130).
c [Label = 132] Label assignment: 2 2 132 132 132 2 2 2 2 2 132 2 2 132 2 2 2 132 132 132 2 132 132 2 132 132 2 2 2 132 132 132 132 132 2 2 132 2 132 2 2 132 2 132 132 132 132 132 132 132 132 132 2 2 132 2 2 132 132 132 132 132 132 132 132 2 132 2 132 2 132 2 2 2 2 2 2 132 2 2 132 132 2 132 2 2 132 2 2 2 2 2 132 132 2 132 2 132 132 132 132 2 2 132 132 132 132 2 132 2 132 2 2 2 2 132 132 132 132 132 2 132 132 132 132 132 132 2 132 132 2 132 132 132 132 2 2 132 2 132 132 132 2 2 2 2 2 2 132 2 2 132 2 2 132 132 132 132 2 2 2 2 132 2 132 132 2 132 2 2 2 2 132 132 2 132 132 132 2 2 2 2 2 2 2 132 132 132 132 2 2 132 2 132 132 132 2 2 2 132 2 2 2 132 132 132 2 2 132 2 2 132 2 132 2 2 132 2 132 132 132 132 2 2 2 132 2 132 132 2 132 2 2 132 132 132 132 2 2 2 132 132 2 2 132 132 132 132 2 2 2 2 132 132 132 132 2 132 132 2 2 132 2 2 132 132 132 132 132 132 2 132 132 2 2 2 132 2 132 132 132 2 132 2 132 132 2 132 132 2 2 132 132 132 132 132 2 2 132 132 2 2 2 2 2 132 2 2 2 2 132 132 2 132 2 132 2 2 132 2 132 132 2 2 132 2 2 132 132 2 2 2 132 132 132 132 132 132 2 2 132 132 2 132 132 2 132 2 132 2 2 2 132 2 132 2 2 2 2 2 2 2 2 132 2 132 132 132 132 2 132 2 2 2 2 132 2 2 132 2 2 2 132 132 132 2 132 2 2 2 2 132 2 132 132 132 2 2 2 132 132 132 2 2 132 2 132 2 2 132 2 132 132 132 132 2 2 2 132 2 2 2 2 132 132 132 2 2 2 2 132 2 2 132 132 132 132 2 132 132 2 2 132 2 2 2 132 2 2 132 2 132 132 132 132 2 2 2 2 2 132 132 2 2 132 2 132 132 132 132 2 132 132 2 2 132 2 132 2 132 132 2 2 132 2 2 2 2 132 2 2 2 2 132 2 132 2 132 2 2 132 2 132 132 132 132 132 132 2 132 132 132 132 132 132 132 2 132 2 132 2 2 2 132 2 2 132 132 132 2 132 2 2 132 132 2 2 2 132 2 2 2 2 1 132 132 
c [Main] Lowest label SAT is set to 131.
c [Main] Kill higher label pid 132.
c [Main] Kill higher label pid 133.
c [Label = 133] Encoding starts with target value = 130:
c [Label = 133] Encoding duration: 598ms.
c [Label = 133] Number of clauses: 306455.
c [Label = 133] Number of variables: 144264.
c [Label = 133] Solving duration: 1 ms.
s [Label = 133] SAT (w = 130).
c [Label = 133] Label assignment: 3 3 133 133 133 3 3 3 3 3 133 3 3 133 3 3 3 133 133 133 3 133 133 3 133 133 3 3 3 133 133 133 133 133 3 3 133 3 133 3 3 133 3 133 133 133 133 133 133 133 133 133 3 3 133 3 3 133 133 133 133 133 133 133 133 3 133 3 133 3 133 3 3 3 3 3 3 133 3 3 133 133 3 133 3 3 133 3 3 3 3 3 133 133 3 133 3 133 133 133 133 3 3 133 133 133 133 3 133 3 133 3 3 3 3 133 133 133 133 133 3 133 133 133 133 133 133 3 133 133 3 133 133 133 133 3 3 133 3 133 133 133 3 3 3 3 3 3 133 3 3 133 3 3 133 133 133 133 3 3 3 3 133 3 133 133 3 133 3 3 3 3 133 133 3 133 133 133 3 3 3 3 3 3 3 133 133 133 133 3 3 133 3 133 133 133 3 3 3 133 3 3 3 133 133 133 3 3 133 3 3 133 3 133 3 3 133 3 133 133 133 133 3 3 3 133 3 133 133 3 133 3 3 133 133 133 133 3 3 3 133 133 3 3 133 133 133 133 3 3 3 3 133 133 133 133 3 133 133 3 3 133 3 3 133 133 133 133 133 133 3 133 133 3 3 3 133 3 133 133 133 3 133 3 133 133 3 133 133 3 3 133 133 133 133 133 3 3 133 133 3 3 3 3 3 133 3 3 3 3 133 133 3 133 3 133 3 3 133 3 133 133 3 3 133 3 3 133 133 3 3 3 133 133 133 133 133 133 3 3 133 133 3 133 133 3 133 3 133 3 3 3 133 3 133 3 3 3 3 3 3 3 3 133 3 133 133 133 133 3 133 3 3 3 3 133 3 3 133 3 3 3 133 133 133 3 133 3 3 3 3 133 3 133 133 133 3 3 3 133 133 133 3 3 133 3 133 3 3 133 3 133 133 133 133 3 3 3 133 3 3 3 3 133 133 133 3 3 3 3 133 3 3 133 133 133 133 3 133 133 3 3 133 3 3 3 133 3 3 133 3 133 133 133 133 3 3 3 3 3 133 133 3 3 133 3 133 133 133 133 3 133 133 3 3 133 3 133 3 133 133 3 3 133 3 3 3 3 133 3 3 3 3 133 3 133 3 133 3 3 133 3 133 133 133 133 133 133 3 133 133 133 133 133 133 133 3 133 3 133 3 3 3 133 3 3 133 133 133 3 133 3 3 133 133 3 3 3 133 3 3 3 3 1 133 133 
c [Signal] Signal interruption. Caught signal: SIGTERM (15).
c [Main] Kill higher label pid 133.
c [Main] Child pid 133 - 54299 terminated by signal 15.
c [Signal] Signal interruption. Caught signal: SIGTERM (15).
c [Main] All children have completed.
r [Main] 
r [Main] Final results: 
r [Main] Lowest label SAT:  	131.
r [Main] Highest label UNSAT:	-.
r [Main] Total real time: 44740 ms.
r [Main] Total memory consumed: 5220 MB.
r [Main] 
