c [Version] Minimize Makespan Labeling Encoder version 1.0.0.
c [Param] Target value is set to 56.
c [Param] LB is predefined as 57.
c [Param] UB is predefined as 296.
c [Param] Target value is set to Antibandwidth.
c [Param] Vertices mode is set to Has hole.
c [Param] Result verification is ON.
c [Param] Memory limit is set to 30000.
c [Param] Real time limit is set to 1800.
c [Param] Worker count is set to 8.
c [Param] Max CNF size is set to 10.
c [Main] Search strategy: Iterating from upper bound.
c [Main] Search order: 296 295 294 293 292 291 290 289 288 287 286 285 284 283 282 281 280 279 278 277 276 275 274 273 272 271 270 269 268 267 266 265 264 263 262 261 260 259 258 257 256 255 254 253 252 251 250 249 248 247 246 245 244 243 242 241 240 239 238 237 236 235 234 233 232 231 230 229 228 227 226 225 224 223 222 221 220 219 218 217 216 215 214 213 212 211 210 209 208 207 206 205 204 203 202 201 200 199 198 197 196 195 194 193 192 191 190 189 188 187 186 185 184 183 182 181 180 179 178 177 176 175 174 173 172 171 170 169 168 167 166 165 164 163 162 161 160 159 158 157 156 155 154 153 152 151 150 149 148 147 146 145 144 143 142 141 140 139 138 137 136 135 134 133 132 131 130 129 128 127 126 125 124 123 122 121 120 119 118 117 116 115 114 113 112 111 110 109 108 107 106 105 104 103 102 101 100 99 98 97 96 95 94 93 92 91 90 89 88 87 86 85 84 83 82 81 80 79 78 77 76 75 74 73 72 71 70 69 68 67 66 65 64 63 62 61 60 59 58 57.
c [Main] Encoding and solving for graph: T-dwt__592.mtx.rnd.
c [Label = 296] Minimize Makespan Labeling problem (T-dwt__592.mtx.rnd):
c [Label = 295] Minimize Makespan Labeling problem (T-dwt__592.mtx.rnd):
c [Label = 294] Minimize Makespan Labeling problem (T-dwt__592.mtx.rnd):
c [Label = 293] Minimize Makespan Labeling problem (T-dwt__592.mtx.rnd):
c [Label = 290] Minimize Makespan Labeling problem (T-dwt__592.mtx.rnd):
c [Label = 291] Minimize Makespan Labeling problem (T-dwt__592.mtx.rnd):
c [Label = 292] Minimize Makespan Labeling problem (T-dwt__592.mtx.rnd):
c [Label = 289] Minimize Makespan Labeling problem (T-dwt__592.mtx.rnd):
c [Label = 289] Encoding starts with target value = 56:
c [Label = 289] Encoding duration: 5148ms.
c [Label = 289] Number of clauses: 3283956.
c [Label = 289] Number of variables: 466626.
c [Label = 289] Solving duration: 19760 ms.
s [Label = 289] SAT (w = 56).
c [Label = 289] Label assignment: 1 1 1 1 1 1 1 1 1 1 1 1 1 57 1 57 1 1 57 57 1 1 57 57 1 57 57 1 1 1 1 1 1 57 1 1 1 57 1 1 1 1 1 1 1 1 1 1 1 57 113 1 57 1 57 57 1 57 57 57 1 113 57 1 57 57 57 1 57 1 57 1 57 1 1 1 1 57 57 1 57 1 57 1 57 57 1 1 57 57 57 57 113 57 1 57 1 1 113 1 57 57 169 57 113 1 113 57 57 57 57 1 113 57 1 1 113 1 113 57 1 57 113 57 1 57 169 57 1 113 57 113 113 113 113 1 113 1 1 113 57 57 113 113 1 113 57 169 57 113 1 1 1 57 169 57 113 113 57 1 57 113 113 1 169 57 1 57 113 169 1 1 113 57 113 1 113 113 1 57 57 113 57 57 113 169 1 169 1 57 57 57 57 113 1 113 57 113 1 113 57 169 113 113 169 113 169 57 113 113 169 113 169 1 113 169 57 113 57 1 113 57 57 1 169 1 57 113 57 57 1 1 1 1 1 225 57 169 57 57 113 113 113 57 113 113 113 169 113 225 113 169 169 225 57 1 57 113 169 169 1 169 169 169 57 1 113 169 169 57 113 113 225 1 113 169 113 113 169 113 169 113 57 113 113 57 113 1 225 1 169 1 57 113 113 169 169 225 225 169 169 113 225 1 113 57 113 169 169 113 113 1 113 225 225 57 1 113 225 57 1 169 1 169 57 169 57 169 57 225 225 113 169 113 281 1 169 169 169 57 169 288 176 169 225 169 57 169 169 113 1 169 57 1 169 225 169 169 169 225 281 57 1 225 225 225 225 225 57 225 169 169 113 57 225 1 289 169 225 225 113 113 113 289 169 57 1 289 169 225 225 289 113 289 169 289 169 281 289 1 57 225 169 1 113 169 289 113 225 113 169 225 289 113 113 169 225 169 289 225 169 169 113 225 289 113 113 225 169 225 289 225 225 225 169 289 57 113 169 225 169 1 225 225 169 169 169 289 225 289 169 225 169 225 289 225 57 225 288 169 225 113 225 225 169 225 113 169 225 169 169 232 57 225 225 113 232 225 169 1 289 289 169 289 289 169 113 169 113 281 289 289 289 113 1 113 225 225 169 169 289 225 289 225 113 113 225 57 289 225 225 169 113 225 281 281 232 113 169 281 225 169 169 113 281 225 169 169 113 57 169 169 113 169 113 57 113 169 225 225 281 281 225 113 169 281 281 225 169 288 169 169 281 1 281 113 1 281 281 169 225 281 225 281 169 57 225 57 169 225 281 225 281 57 169 57 57 281 225 57 169 169 169 281 281 281 113 57 225 225 57 225 
c [Label = 290] Encoding starts with target value = 56:
c [Label = 290] Encoding duration: 5231ms.
c [Label = 290] Number of clauses: 3295941.
c [Label = 290] Number of variables: 467810.
c [Label = 290] Solving duration: 19952 ms.
s [Label = 290] SAT (w = 56).
c [Label = 290] Label assignment: 1 1 1 1 1 1 1 1 1 1 1 1 1 57 1 57 1 1 57 57 1 1 57 57 1 57 57 1 1 1 1 1 1 57 1 1 1 57 1 1 1 1 1 1 1 1 1 1 1 57 113 1 57 1 57 57 1 57 57 57 1 113 57 1 57 57 57 1 57 1 57 1 57 1 1 1 1 57 57 1 57 1 57 1 57 57 1 1 57 57 57 57 113 57 1 57 1 1 113 1 57 57 169 57 113 1 113 57 57 57 57 1 113 57 1 1 113 1 113 57 1 57 113 57 1 57 169 57 1 113 57 113 113 113 113 1 113 1 1 113 57 57 113 113 1 113 57 169 57 113 1 1 1 57 169 57 113 113 57 1 57 113 113 1 169 57 1 57 113 169 1 1 113 57 113 1 113 113 1 57 57 113 57 57 113 169 1 169 1 57 57 57 57 113 1 113 57 113 1 113 57 169 113 113 169 113 169 57 113 113 169 113 169 1 113 169 57 113 57 1 113 57 57 1 169 1 57 113 57 57 1 1 1 1 1 225 57 169 57 57 113 113 113 57 113 113 113 169 113 225 113 169 169 225 57 1 57 113 169 169 1 169 169 169 57 1 113 169 169 57 113 113 225 1 113 169 113 113 169 113 169 113 57 113 113 57 113 1 225 1 169 1 57 113 113 169 169 225 225 169 169 113 225 1 113 57 113 169 169 113 113 1 113 225 225 57 1 113 225 57 1 169 1 169 57 169 57 169 57 225 225 113 169 113 281 1 169 169 169 57 169 289 177 169 225 169 57 169 169 113 1 169 57 1 169 225 169 169 169 225 281 57 1 225 225 225 225 225 57 225 169 169 113 57 225 1 290 169 225 225 113 113 113 290 169 57 1 290 169 225 225 290 113 290 169 290 169 281 290 1 57 225 169 1 113 169 290 113 225 113 169 225 290 113 113 169 225 169 290 225 169 169 113 225 290 113 113 225 169 225 290 225 225 225 169 290 57 113 169 225 169 1 225 225 169 169 169 290 225 290 169 225 169 225 290 225 57 225 289 169 225 113 225 225 169 225 113 169 225 169 169 233 57 225 225 113 233 225 169 1 290 290 169 290 290 169 113 169 113 281 290 290 290 113 1 113 225 225 169 169 290 225 290 225 113 113 225 57 290 225 225 169 113 225 281 281 233 113 169 281 225 169 169 113 281 225 169 169 113 57 169 169 113 169 113 57 113 169 225 225 281 281 225 113 169 281 281 225 169 289 169 169 281 1 281 113 1 281 281 169 225 281 225 281 169 57 225 57 169 225 281 225 281 57 169 57 57 281 225 57 169 169 169 281 281 281 113 57 225 225 57 225 
c [Signal] Signal interruption. Caught signal: SIGTERM (15).
c [Label = 291] Encoding starts with target value = 56:
c [Label = 291] Encoding duration: 5198ms.
c [Label = 291] Number of clauses: 3307925.
c [Label = 291] Number of variables: 468994.
c [Label = 291] Solving duration: 20477 ms.
s [Label = 291] SAT (w = 56).
c [Label = 291] Label assignment: 1 1 1 1 1 1 1 1 1 1 1 1 1 57 1 57 1 1 57 57 1 1 57 57 1 57 57 1 1 1 1 1 1 57 1 1 1 57 1 1 1 1 1 1 1 1 1 1 1 57 113 1 57 1 57 57 1 57 57 57 1 113 57 1 57 57 57 1 57 1 57 1 57 1 1 1 1 57 57 1 57 1 57 1 57 57 1 1 57 57 57 57 113 57 1 57 1 1 113 1 57 57 169 57 113 1 113 57 57 57 57 1 113 57 1 1 113 1 113 57 1 57 113 57 1 57 169 57 1 113 57 113 113 113 113 1 113 1 1 113 57 57 113 113 1 113 57 169 57 113 1 1 1 57 169 57 113 113 57 1 57 113 113 1 169 57 1 57 113 169 1 1 113 57 113 1 113 113 1 57 57 113 57 57 113 169 1 169 1 57 57 57 57 113 1 113 57 113 1 113 57 169 113 113 169 113 169 57 113 113 169 113 169 1 113 169 57 113 57 1 113 57 57 1 169 1 57 113 57 57 1 1 1 1 1 225 57 169 57 57 113 113 113 57 113 113 113 169 113 225 113 169 169 225 57 1 57 113 169 169 1 169 169 169 57 1 113 169 169 57 113 113 225 1 113 169 113 113 169 113 169 113 57 113 113 57 113 1 225 1 169 1 57 113 113 169 169 225 225 169 169 113 225 1 113 57 113 169 169 113 113 1 113 225 225 57 1 113 225 57 1 169 1 169 57 169 57 169 57 225 225 113 169 113 281 1 169 169 169 57 169 290 178 169 225 169 57 169 169 113 1 169 57 1 169 225 169 169 169 225 281 57 1 225 225 225 225 225 57 225 169 169 113 57 225 1 291 169 225 225 113 113 113 291 169 57 1 291 169 225 225 291 113 291 169 291 169 281 291 1 57 225 169 1 113 169 291 113 225 113 169 225 291 113 113 169 225 169 291 225 169 169 113 225 291 113 113 225 169 225 291 225 225 225 169 291 57 113 169 225 169 1 225 225 169 169 169 291 225 291 169 225 169 225 291 225 57 225 290 169 225 113 225 225 169 225 113 169 225 169 169 234 57 225 225 113 234 225 169 1 291 291 169 291 291 169 113 169 113 281 291 291 291 113 1 113 225 225 169 169 291 225 291 225 113 113 225 57 291 225 225 169 113 225 281 281 234 113 169 281 225 169 169 113 281 225 169 169 113 57 169 169 113 169 113 57 113 169 225 225 281 281 225 113 169 281 281 225 169 290 169 169 281 1 281 113 1 281 281 169 225 281 225 281 169 57 225 57 169 225 281 225 281 57 169 57 57 281 225 57 169 169 169 281 281 281 113 57 225 225 57 225 
c [Signal] Signal interruption. Caught signal: SIGTERM (15).
c [Label = 292] Encoding starts with target value = 56:
c [Label = 292] Encoding duration: 5208ms.
c [Label = 292] Number of clauses: 3319910.
c [Label = 292] Number of variables: 470178.
c [Label = 292] Solving duration: 20121 ms.
s [Label = 292] SAT (w = 56).
c [Label = 292] Label assignment: 1 1 1 1 1 1 1 1 1 1 1 1 1 57 1 57 1 1 57 57 1 1 57 57 1 57 57 1 1 1 1 1 1 57 1 1 1 57 1 1 1 1 1 1 1 1 1 1 1 57 113 1 57 1 57 57 1 57 57 57 1 113 57 1 57 57 57 1 57 1 57 1 57 1 1 1 1 57 57 1 57 1 57 1 57 57 1 1 57 57 57 57 113 57 1 57 1 1 113 1 57 57 169 57 113 1 113 57 57 57 57 1 113 57 1 1 113 1 113 57 1 57 113 57 1 57 169 57 1 113 57 113 113 113 113 1 113 1 1 113 57 57 113 113 1 113 57 169 57 113 1 1 1 57 169 57 113 113 57 1 57 113 113 1 169 57 1 57 113 169 1 1 113 57 113 1 113 113 1 57 57 113 57 57 113 169 1 169 1 57 57 57 57 113 1 113 57 113 1 113 57 169 113 113 169 113 169 57 113 113 169 113 169 1 113 169 57 113 57 1 113 57 57 1 169 1 57 113 57 57 1 1 1 1 1 225 57 169 57 57 113 113 113 57 113 113 113 169 113 225 113 169 169 225 57 1 57 113 169 169 1 169 169 169 57 1 113 169 169 57 113 113 225 1 113 169 113 113 169 113 169 113 57 113 113 57 113 1 225 1 169 1 57 113 113 169 169 225 225 169 169 113 225 1 113 57 113 169 169 113 113 1 113 225 225 57 1 113 225 57 1 169 1 169 57 169 57 169 57 225 225 113 169 113 281 1 169 169 169 57 169 291 179 169 225 169 57 169 169 113 1 169 57 1 169 225 169 169 169 225 281 57 1 225 225 225 225 225 57 225 169 169 113 57 225 1 292 169 225 225 113 113 113 292 169 57 1 292 169 225 225 292 113 292 169 292 169 281 292 1 57 225 169 1 113 169 292 113 225 113 169 225 292 113 113 169 225 169 292 225 169 169 113 225 292 113 113 225 169 225 292 225 225 225 169 292 57 113 169 225 169 1 225 225 169 169 169 292 225 292 169 225 169 225 292 225 57 225 291 169 225 113 225 225 169 225 113 169 225 169 169 235 57 225 225 113 235 225 169 1 292 292 169 292 292 169 113 169 113 281 292 292 292 113 1 113 225 225 169 169 292 225 292 225 113 113 225 57 292 225 225 169 113 225 281 281 235 113 169 281 225 169 169 113 281 225 169 169 113 57 169 169 113 169 113 57 113 169 225 225 281 281 225 113 169 281 281 225 169 291 169 169 281 1 281 113 1 281 281 169 225 281 225 281 169 57 225 57 169 225 281 225 281 57 169 57 57 281 225 57 169 169 169 281 281 281 113 57 225 225 57 225 
c [Signal] Signal interruption. Caught signal: SIGTERM (15).
c [Label = 293] Encoding starts with target value = 56:
c [Label = 293] Encoding duration: 5302ms.
c [Label = 293] Number of clauses: 3331894.
c [Label = 293] Number of variables: 471362.
c [Label = 293] Solving duration: 20177 ms.
s [Label = 293] SAT (w = 56).
c [Label = 293] Label assignment: 1 1 1 1 1 1 1 1 1 1 1 1 1 57 1 57 1 1 57 57 1 1 57 57 1 57 57 1 1 1 1 1 1 57 1 1 1 57 1 1 1 1 1 1 1 1 1 1 1 57 113 1 57 1 57 57 1 57 57 57 1 113 57 1 57 57 57 1 57 1 57 1 57 1 1 1 1 57 57 1 57 1 57 1 57 57 1 1 57 57 57 57 113 57 1 57 1 1 113 1 57 57 169 57 113 1 113 57 57 57 57 1 113 57 1 1 113 1 113 57 1 57 113 57 1 57 169 57 1 113 57 113 113 113 113 1 113 1 1 113 57 57 113 113 1 113 57 169 57 113 1 1 1 57 169 57 113 113 57 1 57 113 113 1 169 57 1 57 113 169 1 1 113 57 113 1 113 113 1 57 57 113 57 57 113 169 1 169 1 57 57 57 57 113 1 113 57 113 1 113 57 169 113 113 169 113 169 57 113 113 169 113 169 1 113 169 57 113 57 1 113 57 57 1 169 1 57 113 57 57 1 1 1 1 1 225 57 169 57 57 113 113 113 57 113 113 113 169 113 225 113 169 169 225 57 1 57 113 169 169 1 169 169 169 57 1 113 169 169 57 113 113 225 1 113 169 113 113 169 113 169 113 57 113 113 57 113 1 225 1 169 1 57 113 113 169 169 225 225 169 169 113 225 1 113 57 113 169 169 113 113 1 113 225 225 57 1 113 225 57 1 169 1 169 57 169 57 169 57 225 225 113 169 113 281 1 169 169 169 57 169 292 180 169 225 169 57 169 169 113 1 169 57 1 169 225 169 169 169 225 281 57 1 225 225 225 225 225 57 225 169 169 113 57 225 1 293 169 225 225 113 113 113 293 169 57 1 293 169 225 225 293 113 293 169 293 169 281 293 1 57 225 169 1 113 169 293 113 225 113 169 225 293 113 113 169 225 169 293 225 169 169 113 225 293 113 113 225 169 225 293 225 225 225 169 293 57 113 169 225 169 1 225 225 169 169 169 293 225 293 169 225 169 225 293 225 57 225 292 169 225 113 225 225 169 225 113 169 225 169 169 236 57 225 225 113 236 225 169 1 293 293 169 293 293 169 113 169 113 281 293 293 293 113 1 113 225 225 169 169 293 225 293 225 113 113 225 57 293 225 225 169 113 225 281 281 236 113 169 281 225 169 169 113 281 225 169 169 113 57 169 169 113 169 113 57 113 169 225 225 281 281 225 113 169 281 281 225 169 292 169 169 281 1 281 113 1 281 281 169 225 281 225 281 169 57 225 57 169 225 281 225 281 57 169 57 57 281 225 57 169 169 169 281 281 281 113 57 225 225 57 225 
c [Signal] Signal interruption. Caught signal: SIGTERM (15).
c [Label = 294] Encoding starts with target value = 56:
c [Label = 294] Encoding duration: 5251ms.
c [Label = 294] Number of clauses: 3343879.
c [Label = 294] Number of variables: 472546.
c [Label = 294] Solving duration: 19819 ms.
s [Label = 294] SAT (w = 56).
c [Label = 294] Label assignment: 1 1 1 1 1 1 1 1 1 1 1 1 1 57 1 57 1 1 57 57 1 1 57 57 1 57 57 1 1 1 1 1 1 57 1 1 1 57 1 1 1 1 1 1 1 1 1 1 1 57 113 1 57 1 57 57 1 57 57 57 1 113 57 1 57 57 57 1 57 1 57 1 57 1 1 1 1 57 57 1 57 1 57 1 57 57 1 1 57 57 57 57 113 57 1 57 1 1 113 1 57 57 169 57 113 1 113 57 57 57 57 1 113 57 1 1 113 1 113 57 1 57 113 57 1 57 169 57 1 113 57 113 113 113 113 1 113 1 1 113 57 57 113 113 1 113 57 169 57 113 1 1 1 57 169 57 113 113 57 1 57 113 113 1 169 57 1 57 113 169 1 1 113 57 113 1 113 113 1 57 57 113 57 57 113 169 1 169 1 57 57 57 57 113 1 113 57 113 1 113 57 169 113 113 169 113 169 57 113 113 169 113 169 1 113 169 57 113 57 1 113 57 57 1 169 1 57 113 57 57 1 1 1 1 1 225 57 169 57 57 113 113 113 57 113 113 113 169 113 225 113 169 169 225 57 1 57 113 169 169 1 169 169 169 57 1 113 169 169 57 113 113 225 1 113 169 113 113 169 113 169 113 57 113 113 57 113 1 225 1 169 1 57 113 113 169 169 225 225 169 169 113 225 1 113 57 113 169 169 113 113 1 113 225 225 57 1 113 225 57 1 169 1 169 57 169 57 169 57 225 225 113 169 113 281 1 169 169 169 57 169 293 181 169 225 169 57 169 169 113 1 169 57 1 169 225 169 169 169 225 281 57 1 225 225 225 225 225 57 225 169 169 113 57 225 1 294 169 225 225 113 113 113 294 169 57 1 294 169 225 225 294 113 294 169 294 169 281 294 1 57 225 169 1 113 169 294 113 225 113 169 225 294 113 113 169 225 169 294 225 169 169 113 225 294 113 113 225 169 225 294 225 225 225 169 294 57 113 169 225 169 1 225 225 169 169 169 294 225 294 169 225 169 225 294 225 57 225 293 169 225 113 225 225 169 225 113 169 225 169 169 237 57 225 225 113 237 225 169 1 294 294 169 294 294 169 113 169 113 281 294 294 294 113 1 113 225 225 169 169 294 225 294 225 113 113 225 57 294 225 225 169 113 225 281 281 237 113 169 281 225 169 169 113 281 225 169 169 113 57 169 169 113 169 113 57 113 169 225 225 281 281 225 113 169 281 281 225 169 293 169 169 281 1 281 113 1 281 281 169 225 281 225 281 169 57 225 57 169 225 281 225 281 57 169 57 57 281 225 57 169 169 169 281 281 281 113 57 225 225 57 225 
c [Signal] Signal interruption. Caught signal: SIGTERM (15).
c [Main] Lowest label SAT is set to 289.
c [Main] Kill higher label pid 290.
c [Main] Kill higher label pid 291.
c [Main] Kill higher label pid 292.
c [Main] Kill higher label pid 293.
c [Main] Kill higher label pid 294.
c [Main] Kill higher label pid 295.
c [Main] Kill higher label pid 296.
c [Label = 295] Encoding starts with target value = 56:
c [Label = 295] Encoding duration: 5287ms.
c [Label = 295] Number of clauses: 3355863.
c [Label = 295] Number of variables: 473730.
c [Label = 295] Solving duration: 20412 ms.
s [Label = 295] SAT (w = 56).
c [Label = 295] Label assignment: 1 1 1 1 1 1 1 1 1 1 1 1 1 57 1 57 1 1 57 57 1 1 57 57 1 57 57 1 1 1 1 1 1 57 1 1 1 57 1 1 1 1 1 1 1 1 1 1 1 57 113 1 57 1 57 57 1 57 57 57 1 113 57 1 57 57 57 1 57 1 57 1 57 1 1 1 1 57 57 1 57 1 57 1 57 57 1 1 57 57 57 57 113 57 1 57 1 1 113 1 57 57 169 57 113 1 113 57 57 57 57 1 113 57 1 1 113 1 113 57 1 57 113 57 1 57 169 57 1 113 57 113 113 113 113 1 113 1 1 113 57 57 113 113 1 113 57 169 57 113 1 1 1 57 169 57 113 113 57 1 57 113 113 1 169 57 1 57 113 169 1 1 113 57 113 1 113 113 1 57 57 113 57 57 113 169 1 169 1 57 57 57 57 113 1 113 57 113 1 113 57 169 113 113 169 113 169 57 113 113 169 113 169 1 113 169 57 113 57 1 113 57 57 1 169 1 57 113 57 57 1 1 1 1 1 225 57 169 57 57 113 113 113 57 113 113 113 169 113 225 113 169 169 225 57 1 57 113 169 169 1 169 169 169 57 1 113 169 169 57 113 113 225 1 113 169 113 113 169 113 169 113 57 113 113 57 113 1 225 1 169 1 57 113 113 169 169 225 225 169 169 113 225 1 113 57 113 169 169 113 113 1 113 225 225 57 1 113 225 57 1 169 1 169 57 169 57 169 57 225 225 113 169 113 281 1 169 169 169 57 169 294 182 169 225 169 57 169 169 113 1 169 57 1 169 225 169 169 169 225 281 57 1 225 225 225 225 225 57 225 169 169 113 57 225 1 295 169 225 225 113 113 113 295 169 57 1 295 169 225 225 295 113 295 169 295 169 281 295 1 57 225 169 1 113 169 295 113 225 113 169 225 295 113 113 169 225 169 295 225 169 169 113 225 295 113 113 225 169 225 295 225 225 225 169 295 57 113 169 225 169 1 225 225 169 169 169 295 225 295 169 225 169 225 295 225 57 225 294 169 225 113 225 225 169 225 113 169 225 169 169 238 57 225 225 113 238 225 169 1 295 295 169 295 295 169 113 169 113 281 295 295 295 113 1 113 225 225 169 169 295 225 295 225 113 113 225 57 295 225 225 169 113 225 281 281 238 113 169 281 225 169 169 113 281 225 169 169 113 57 169 169 113 169 113 57 113 169 225 225 281 281 225 113 169 281 281 225 169 294 169 169 281 1 281 113 1 281 281 169 225 281 225 281 169 57 225 57 169 225 281 225 281 57 169 57 57 281 225 57 169 169 169 281 281 281 113 57 225 225 57 225 
c [Signal] Signal interruption. Caught signal: SIGTERM (15).
c [Label = 296] Encoding starts with target value = 56:
c [Label = 296] Encoding duration: 5324ms.
c [Label = 296] Number of clauses: 3367848.
c [Label = 296] Number of variables: 474914.
c [Label = 296] Solving duration: 20077 ms.
s [Label = 296] SAT (w = 56).
c [Label = 296] Label assignment: 1 1 1 1 1 1 1 1 1 1 1 1 1 57 1 57 1 1 57 57 1 1 57 57 1 57 57 1 1 1 1 1 1 57 1 1 1 57 1 1 1 1 1 1 1 1 1 1 1 57 113 1 57 1 57 57 1 57 57 57 1 113 57 1 57 57 57 1 57 1 57 1 57 1 1 1 1 57 57 1 57 1 57 1 57 57 1 1 57 57 57 57 113 57 1 57 1 1 113 1 57 57 169 57 113 1 113 57 57 57 57 1 113 57 1 1 113 1 113 57 1 57 113 57 1 57 169 57 1 113 57 113 113 113 113 1 113 1 1 113 57 57 113 113 1 113 57 169 57 113 1 1 1 57 169 57 113 113 57 1 57 113 113 1 169 57 1 57 113 169 1 1 113 57 113 1 113 113 1 57 57 113 57 57 113 169 1 169 1 57 57 57 57 113 1 113 57 113 1 113 57 169 113 113 169 113 169 57 113 113 169 113 169 1 113 169 57 113 57 1 113 57 57 1 169 1 57 113 57 57 1 1 1 1 1 225 57 169 57 57 113 113 113 57 113 113 113 169 113 225 113 169 169 225 57 1 57 113 169 169 1 169 169 169 57 1 113 169 169 57 113 113 225 1 113 169 113 113 169 113 169 113 57 113 113 57 113 1 225 1 169 1 57 113 113 169 169 225 225 169 169 113 225 1 113 57 113 169 169 113 113 1 113 225 225 57 1 113 225 57 1 169 1 169 57 169 57 169 57 225 225 113 169 113 281 1 169 169 169 57 169 295 183 169 225 169 57 169 169 113 1 169 57 1 169 225 169 169 169 225 281 57 1 225 225 225 225 225 57 225 169 169 113 57 225 1 296 169 225 225 113 113 113 296 169 57 1 296 169 225 225 296 113 296 169 296 169 281 296 1 57 225 169 1 113 169 296 113 225 113 169 225 296 113 113 169 225 169 296 225 169 169 113 225 296 113 113 225 169 225 296 225 225 225 169 296 57 113 169 225 169 1 225 225 169 169 169 296 225 296 169 225 169 225 296 225 57 225 295 169 225 113 225 225 169 225 113 169 225 169 169 239 57 225 225 113 239 225 169 1 296 296 169 296 296 169 113 169 113 281 296 296 296 113 1 113 225 225 169 169 296 225 296 225 113 113 225 57 296 225 225 169 113 225 281 281 239 113 169 281 225 169 169 113 281 225 169 169 113 57 169 169 113 169 113 57 113 169 225 225 281 281 225 113 169 281 281 225 169 295 169 169 281 1 281 113 1 281 281 169 225 281 225 281 169 57 225 57 169 225 281 225 281 57 169 57 57 281 225 57 169 169 169 281 281 281 113 57 225 225 57 225 
c [Signal] Signal interruption. Caught signal: SIGTERM (15).
c [Label = 288] Minimize Makespan Labeling problem (T-dwt__592.mtx.rnd):
c [Main] Child pid 296 - 54304 terminated by signal 15.
c [Label = 287] Minimize Makespan Labeling problem (T-dwt__592.mtx.rnd):
c [Main] Child pid 290 - 54310 terminated by signal 15.
c [Main] Child pid 293 - 54307 terminated by signal 15.
c [Main] Child pid 294 - 54306 terminated by signal 15.
c [Label = 285] Minimize Makespan Labeling problem (T-dwt__592.mtx.rnd):
c [Label = 286] Minimize Makespan Labeling problem (T-dwt__592.mtx.rnd):
c [Label = 284] Minimize Makespan Labeling problem (T-dwt__592.mtx.rnd):
c [Main] Child pid 292 - 54308 terminated by signal 15.
c [Label = 283] Minimize Makespan Labeling problem (T-dwt__592.mtx.rnd):
c [Main] Child pid 295 - 54305 terminated by signal 15.
c [Main] Child pid 291 - 54309 terminated by signal 15.
c [Label = 282] Minimize Makespan Labeling problem (T-dwt__592.mtx.rnd):
c [Label = 281] Minimize Makespan Labeling problem (T-dwt__592.mtx.rnd):
c [Label = 281] Encoding starts with target value = 56:
c [Label = 281] Encoding duration: 5048ms.
c [Label = 281] Number of clauses: 3188080.
c [Label = 281] Number of variables: 457154.
c [Label = 281] Solving duration: 13734 ms.
s [Label = 281] SAT (w = 56).
c [Label = 281] Label assignment: 1 1 1 1 1 1 1 1 1 1 1 1 1 57 1 57 1 1 57 57 1 1 57 57 1 57 57 1 1 1 1 1 1 57 1 1 1 57 1 1 1 1 1 1 1 1 1 1 1 57 113 1 57 1 57 57 1 57 57 57 1 113 57 1 57 57 57 1 57 1 57 1 57 1 1 1 1 57 57 1 57 1 57 1 57 57 1 1 57 57 57 57 113 57 1 57 1 1 113 1 57 57 169 57 113 1 113 57 57 57 57 1 113 57 1 1 113 1 113 57 1 57 113 57 1 57 169 57 1 113 57 113 113 113 113 1 113 1 1 113 57 57 113 113 1 113 57 169 57 113 1 1 1 57 169 57 113 113 57 1 57 113 113 1 169 57 1 57 113 169 1 1 113 57 113 1 113 113 1 57 57 113 57 57 113 169 1 169 1 57 57 57 57 113 1 113 57 113 1 113 57 169 113 113 169 113 169 57 113 113 169 113 169 1 113 169 57 113 57 1 113 57 57 1 169 1 57 113 57 57 1 1 1 1 1 225 57 169 57 57 113 113 113 57 113 113 113 169 113 225 113 169 169 225 57 1 57 113 169 169 1 169 169 169 57 1 113 169 169 57 113 113 225 1 113 169 113 113 169 113 169 113 57 113 113 57 113 1 225 1 169 1 57 113 113 169 169 225 225 169 169 113 225 1 113 57 113 169 169 113 113 1 113 225 225 57 1 113 225 57 1 169 1 169 57 169 57 169 57 225 225 113 169 113 281 1 169 169 169 57 169 281 169 169 225 169 57 169 169 113 1 169 57 1 169 225 169 169 169 225 281 57 1 225 225 225 225 281 57 225 225 169 113 57 225 1 281 169 225 225 113 113 113 281 169 57 1 281 169 225 225 281 113 281 169 281 169 281 281 1 57 225 169 1 113 169 281 113 225 113 169 225 281 113 113 169 225 169 281 225 169 169 113 225 281 113 113 225 169 225 281 225 225 225 169 281 57 113 169 225 169 1 225 225 169 169 169 225 225 281 169 225 169 225 281 225 57 169 281 169 225 113 225 225 169 225 113 169 225 169 169 225 57 225 225 113 225 225 169 1 281 281 169 281 281 169 113 169 113 281 281 281 281 113 1 113 225 225 169 169 281 225 281 225 113 113 225 57 281 225 225 169 113 225 281 281 225 113 169 281 225 169 169 113 281 225 169 169 113 57 169 169 113 169 113 57 113 169 225 225 281 281 225 113 169 281 281 225 169 281 169 169 281 1 281 113 281 281 281 169 225 281 225 281 169 57 225 57 169 225 281 225 281 57 169 57 57 281 225 57 169 169 169 281 225 281 113 57 225 225 57 225 
c [Label = 282] Encoding starts with target value = 56:
c [Label = 282] Encoding duration: 5080ms.
c [Label = 282] Number of clauses: 3200065.
c [Label = 282] Number of variables: 458338.
c [Signal] Signal interruption. Caught signal: SIGTERM (15).
c [Label = 283] Encoding starts with target value = 56:
c [Label = 283] Encoding duration: 5123ms.
c [Label = 283] Number of clauses: 3212049.
c [Label = 283] Number of variables: 459522.
c [Signal] Signal interruption. Caught signal: SIGTERM (15).
c [Label = 284] Encoding starts with target value = 56:
c [Label = 284] Encoding duration: 5127ms.
c [Label = 284] Number of clauses: 3224034.
c [Label = 284] Number of variables: 460706.
c [Signal] Signal interruption. Caught signal: SIGTERM (15).
c [Label = 285] Encoding starts with target value = 56:
c [Label = 285] Encoding duration: 5162ms.
c [Label = 285] Number of clauses: 3236018.
c [Label = 285] Number of variables: 461890.
c [Signal] Signal interruption. Caught signal: SIGTERM (15).
c [Main] Lowest label SAT is set to 281.
c [Main] Kill higher label pid 282.
c [Main] Kill higher label pid 283.
c [Main] Kill higher label pid 284.
c [Main] Kill higher label pid 285.
c [Main] Kill higher label pid 286.
c [Main] Kill higher label pid 287.
c [Main] Kill higher label pid 288.
c [Label = 287] Encoding starts with target value = 56:
c [Label = 287] Encoding duration: 5145ms.
c [Label = 287] Number of clauses: 3259987.
c [Label = 287] Number of variables: 464258.
c [Signal] Signal interruption. Caught signal: SIGTERM (15).
c [Label = 288] Encoding starts with target value = 56:
c [Label = 288] Encoding duration: 5218ms.
c [Label = 288] Number of clauses: 3271972.
c [Label = 288] Number of variables: 465442.
c [Signal] Signal interruption. Caught signal: SIGTERM (15).
c [Label = 286] Encoding starts with target value = 56:
c [Label = 286] Encoding duration: 5166ms.
c [Label = 286] Number of clauses: 3248003.
c [Label = 286] Number of variables: 463074.
c [Signal] Signal interruption. Caught signal: SIGTERM (15).
c [Label = 280] Minimize Makespan Labeling problem (T-dwt__592.mtx.rnd):
c [Main] Child pid 283 - 54325 terminated by signal 15.
c [Label = 279] Minimize Makespan Labeling problem (T-dwt__592.mtx.rnd):
c [Main] Child pid 288 - 54320 terminated by signal 15.
c [Main] Child pid 287 - 54321 terminated by signal 15.
c [Label = 278] Minimize Makespan Labeling problem (T-dwt__592.mtx.rnd):
c [Main] Child pid 286 - 54322 terminated by signal 15.
c [Label = 276] Minimize Makespan Labeling problem (T-dwt__592.mtx.rnd):
c [Main] Child pid 284 - 54324 terminated by signal 15.
c [Main] Child pid 282 - 54326 terminated by signal 15.
c [Main] Child pid 285 - 54323 terminated by signal 15.
c [Label = 275] Minimize Makespan Labeling problem (T-dwt__592.mtx.rnd):
c [Label = 274] Minimize Makespan Labeling problem (T-dwt__592.mtx.rnd):
c [Label = 273] Minimize Makespan Labeling problem (T-dwt__592.mtx.rnd):
c [Label = 277] Minimize Makespan Labeling problem (T-dwt__592.mtx.rnd):
c [Label = 275] Encoding starts with target value = 56:
c [Label = 275] Encoding duration: 4752ms.
c [Label = 275] Number of clauses: 3025261.
c [Label = 275] Number of variables: 418674.
c [Label = 275] Solving duration: 11830 ms.
s [Label = 275] SAT (w = 56).
c [Label = 275] Label assignment: 1 1 1 1 1 1 1 1 1 1 1 1 1 57 1 57 1 1 57 57 1 1 57 57 1 57 57 1 1 1 1 1 1 57 1 1 1 57 1 1 1 1 1 1 1 1 1 1 1 57 113 1 57 1 57 57 1 57 57 57 1 113 57 1 57 57 57 1 57 1 57 1 57 1 1 1 1 57 57 1 57 1 57 1 57 57 1 1 57 57 57 57 113 57 1 274 1 1 113 1 57 57 169 57 113 1 113 57 57 57 57 1 113 57 1 1 113 1 113 57 1 57 113 57 218 57 169 57 1 113 57 113 113 113 113 1 113 1 1 113 57 57 218 113 1 113 57 169 57 113 1 1 229 57 169 57 113 113 57 218 57 219 113 1 169 57 1 57 113 169 1 162 113 57 1 1 113 113 1 57 57 113 57 57 219 225 57 169 1 57 162 57 225 113 1 113 57 113 1 113 225 218 113 113 169 274 169 57 113 274 169 113 218 1 113 162 57 274 57 1 162 57 2 218 275 162 106 113 162 169 1 1 1 1 171 275 61 169 2 57 162 106 113 162 227 113 169 275 113 275 113 235 274 274 114 1 57 113 171 274 57 173 113 162 219 1 169 57 169 218 218 113 275 1 178 275 113 225 274 113 218 162 57 113 162 275 275 170 274 113 169 1 275 275 113 275 162 218 1 171 57 163 169 57 113 57 228 162 106 58 113 218 57 274 275 57 218 169 275 274 218 275 1 113 113 169 57 162 218 171 275 274 274 218 162 57 275 274 218 57 57 275 274 169 169 218 275 1 173 57 1 275 162 57 274 275 169 115 169 218 113 57 227 122 113 169 274 118 219 274 274 169 162 57 218 1 57 169 275 57 113 113 162 1 274 59 1 113 171 275 218 169 274 218 169 162 169 171 57 1 274 1 174 1 113 169 115 113 274 113 169 275 179 113 275 219 218 218 113 169 162 113 113 274 1 162 113 229 274 274 275 169 163 275 274 275 113 113 274 275 169 275 275 218 219 274 169 113 274 275 57 275 57 169 218 274 57 122 274 172 275 57 113 113 163 1 113 275 275 275 1 218 57 274 113 113 113 275 169 2 218 169 169 169 225 275 113 57 113 274 275 171 57 1 1 230 275 275 169 274 169 218 1 218 113 169 1 274 218 225 218 218 162 219 169 219 218 218 178 218 57 274 275 163 169 225 106 50 106 57 162 1 274 169 58 57 113 1 275 1 1 218 274 113 218 225 115 1 225 57 57 169 218 1 218 114 1 1 1 169 113 225 225 1 274 57 274 274 274 1 58 169 225 57 169 2 57 173 225 57 57 275 274 275 62 218 113 106 57 162 219 113 
c [Label = 274] Encoding starts with target value = 56:
c [Label = 274] Encoding duration: 4787ms.
c [Label = 274] Number of clauses: 3013277.
c [Label = 274] Number of variables: 417490.
c [Label = 274] Solving duration: 11869 ms.
s [Label = 274] SAT (w = 56).
c [Label = 274] Label assignment: 1 1 1 1 1 1 1 1 1 1 1 1 1 57 1 57 1 1 57 57 1 1 57 57 1 57 57 1 1 1 1 1 1 57 1 1 1 57 1 1 1 1 1 1 1 1 1 1 1 57 113 1 57 1 57 57 1 57 57 57 1 113 57 1 57 57 57 1 57 1 57 1 57 1 1 1 1 57 57 1 57 1 57 1 57 57 1 1 57 57 57 57 113 57 1 273 1 1 113 1 57 57 169 57 113 1 113 57 57 57 57 1 113 57 1 1 113 1 113 57 1 57 113 57 217 57 169 57 1 113 57 113 113 113 113 1 113 1 1 113 57 57 217 113 1 113 57 169 57 113 1 1 229 57 169 57 113 113 57 217 57 218 113 1 169 57 1 57 113 169 1 161 113 57 1 1 113 113 1 57 57 113 57 57 218 225 57 169 1 57 161 57 225 113 1 113 57 113 1 113 225 217 113 113 169 273 169 57 113 273 169 113 217 1 113 161 57 273 57 1 161 57 2 217 274 161 105 113 161 169 1 1 1 1 171 274 61 169 2 57 161 105 113 161 227 113 169 274 113 274 113 235 273 273 114 1 57 113 171 273 57 173 113 161 218 1 169 57 169 217 217 113 274 1 178 274 113 225 273 113 217 161 57 113 161 274 274 170 273 113 169 1 274 274 113 274 161 217 1 171 57 162 169 57 113 57 228 161 105 58 113 217 57 273 274 57 217 169 274 273 217 274 1 113 113 169 57 161 217 171 274 273 273 217 161 57 274 273 217 57 57 274 273 169 169 217 274 1 173 57 1 274 161 57 273 274 169 115 169 217 113 57 227 122 113 169 273 118 218 273 273 169 161 57 217 1 57 169 274 57 113 113 161 1 273 59 1 113 171 274 217 169 273 217 169 161 169 171 57 1 273 1 174 1 113 169 115 113 273 113 169 274 179 113 274 218 217 217 113 169 161 113 113 273 1 161 113 229 273 273 274 169 162 274 273 274 113 113 273 274 169 274 274 217 218 273 169 113 273 274 57 274 57 169 217 273 57 122 273 172 274 57 113 113 162 1 113 274 274 274 1 217 57 273 113 113 113 274 169 2 217 169 169 169 225 274 113 57 113 273 274 171 57 1 1 230 274 274 169 273 169 217 1 217 113 169 1 273 217 225 217 217 161 218 169 218 217 217 178 217 57 273 274 162 169 225 105 49 105 57 161 1 273 169 58 57 113 1 274 1 1 217 273 113 217 225 115 1 225 57 57 169 217 1 217 114 1 1 1 169 113 225 225 1 273 57 273 273 273 1 58 169 225 57 169 2 57 173 225 57 57 274 273 274 62 217 113 105 57 161 218 113 
c [Main] Lowest label SAT is set to 275.
c [Main] Kill higher label pid 276.
c [Main] Kill higher label pid 277.
c [Main] Kill higher label pid 278.
c [Main] Kill higher label pid 279.
c [Main] Kill higher label pid 280.
c [Label = 278] Encoding starts with target value = 56:
c [Label = 278] Encoding duration: 4861ms.
c [Label = 278] Number of clauses: 3061215.
c [Label = 278] Number of variables: 422226.
c [Label = 278] Solving duration: 11894 ms.
s [Label = 278] SAT (w = 56).
c [Label = 278] Label assignment: 1 1 1 1 1 1 1 1 1 1 1 1 1 57 1 57 1 1 57 57 1 1 57 57 1 57 57 1 1 1 1 1 1 57 1 1 1 57 1 1 1 1 1 1 1 1 1 1 1 57 113 1 57 1 57 57 1 57 57 57 1 113 57 1 57 57 57 1 57 1 57 1 57 1 1 1 1 57 57 1 57 1 57 1 57 57 1 1 57 57 57 57 113 57 1 277 1 1 113 1 57 57 169 57 113 1 113 57 57 57 57 1 113 57 1 1 113 1 113 57 1 57 113 57 221 57 169 57 1 113 57 113 113 113 113 1 113 1 1 113 57 57 221 113 1 113 57 169 57 113 1 1 229 57 169 57 113 113 57 221 57 222 113 1 169 57 1 57 113 169 1 165 113 57 1 1 113 113 1 57 57 113 57 57 222 225 57 169 1 57 165 57 225 113 1 113 57 113 1 113 225 221 113 113 169 277 169 57 113 277 169 113 221 1 113 165 57 277 57 1 165 57 2 221 278 165 109 113 165 169 1 1 1 1 171 278 61 169 2 57 165 109 113 165 227 113 169 278 113 278 113 235 277 277 114 1 57 113 171 277 57 173 113 165 222 1 169 57 169 221 221 113 278 1 178 278 113 225 277 113 221 165 57 113 165 278 278 170 277 113 169 1 278 278 113 278 165 221 1 171 57 166 169 57 113 57 228 165 109 58 113 221 57 277 278 57 221 169 278 277 221 278 1 113 113 169 57 165 221 171 278 277 277 221 165 57 278 277 221 57 57 278 277 169 169 221 278 1 173 57 1 278 165 57 277 278 169 115 169 221 113 57 227 122 113 169 277 118 222 277 277 169 165 57 221 1 57 169 278 57 113 113 165 1 277 59 1 113 171 278 221 169 277 221 169 165 169 171 57 1 277 1 174 1 113 169 115 113 277 113 169 278 179 113 278 222 221 221 113 169 165 113 113 277 1 165 113 229 277 277 278 169 166 278 277 278 113 113 277 278 169 278 278 221 222 277 169 113 277 278 57 278 57 169 221 277 57 122 277 172 278 57 113 113 166 1 113 278 278 278 1 221 57 277 113 113 113 278 169 2 221 169 169 169 225 278 113 57 113 277 278 171 57 1 1 230 278 278 169 277 169 221 1 221 113 169 1 277 221 225 221 221 165 222 169 222 221 221 178 221 57 277 278 166 169 225 109 53 109 57 165 1 277 169 58 57 113 1 278 1 1 221 277 113 221 225 115 1 225 57 57 169 221 1 221 114 1 1 1 169 113 225 225 1 277 57 277 277 277 1 58 169 225 57 169 2 57 173 225 57 57 278 277 278 62 221 113 109 57 165 222 113 
c [Signal] Signal interruption. Caught signal: SIGTERM (15).
c [Label = 276] Encoding starts with target value = 56:
c [Label = 276] Encoding duration: 4786ms.
c [Label = 276] Number of clauses: 3037246.
c [Label = 276] Number of variables: 419858.
c [Label = 276] Solving duration: 11860 ms.
s [Label = 276] SAT (w = 56).
c [Label = 276] Label assignment: 1 1 1 1 1 1 1 1 1 1 1 1 1 57 1 57 1 1 57 57 1 1 57 57 1 57 57 1 1 1 1 1 1 57 1 1 1 57 1 1 1 1 1 1 1 1 1 1 1 57 113 1 57 1 57 57 1 57 57 57 1 113 57 1 57 57 57 1 57 1 57 1 57 1 1 1 1 57 57 1 57 1 57 1 57 57 1 1 57 57 57 57 113 57 1 275 1 1 113 1 57 57 169 57 113 1 113 57 57 57 57 1 113 57 1 1 113 1 113 57 1 57 113 57 219 57 169 57 1 113 57 113 113 113 113 1 113 1 1 113 57 57 219 113 1 113 57 169 57 113 1 1 229 57 169 57 113 113 57 219 57 220 113 1 169 57 1 57 113 169 1 163 113 57 1 1 113 113 1 57 57 113 57 57 220 225 57 169 1 57 163 57 225 113 1 113 57 113 1 113 225 219 113 113 169 275 169 57 113 275 169 113 219 1 113 163 57 275 57 1 163 57 2 219 276 163 107 113 163 169 1 1 1 1 171 276 61 169 2 57 163 107 113 163 227 113 169 276 113 276 113 235 275 275 114 1 57 113 171 275 57 173 113 163 220 1 169 57 169 219 219 113 276 1 178 276 113 225 275 113 219 163 57 113 163 276 276 170 275 113 169 1 276 276 113 276 163 219 1 171 57 164 169 57 113 57 228 163 107 58 113 219 57 275 276 57 219 169 276 275 219 276 1 113 113 169 57 163 219 171 276 275 275 219 163 57 276 275 219 57 57 276 275 169 169 219 276 1 173 57 1 276 163 57 275 276 169 115 169 219 113 57 227 122 113 169 275 118 220 275 275 169 163 57 219 1 57 169 276 57 113 113 163 1 275 59 1 113 171 276 219 169 275 219 169 163 169 171 57 1 275 1 174 1 113 169 115 113 275 113 169 276 179 113 276 220 219 219 113 169 163 113 113 275 1 163 113 229 275 275 276 169 164 276 275 276 113 113 275 276 169 276 276 219 220 275 169 113 275 276 57 276 57 169 219 275 57 122 275 172 276 57 113 113 164 1 113 276 276 276 1 219 57 275 113 113 113 276 169 2 219 169 169 169 225 276 113 57 113 275 276 171 57 1 1 230 276 276 169 275 169 219 1 219 113 169 1 275 219 225 219 219 163 220 169 220 219 219 178 219 57 275 276 164 169 225 107 51 107 57 163 1 275 169 58 57 113 1 276 1 1 219 275 113 219 225 115 1 225 57 57 169 219 1 219 114 1 1 1 169 113 225 225 1 275 57 275 275 275 1 58 169 225 57 169 2 57 173 225 57 57 276 275 276 62 219 113 107 57 163 220 113 
c [Signal] Signal interruption. Caught signal: SIGTERM (15).
c [Label = 279] Encoding starts with target value = 56:
c [Label = 279] Encoding duration: 4815ms.
c [Label = 279] Number of clauses: 3073199.
c [Label = 279] Number of variables: 423410.
c [Label = 279] Solving duration: 11876 ms.
s [Label = 279] SAT (w = 56).
c [Label = 279] Label assignment: 1 1 1 1 1 1 1 1 1 1 1 1 1 57 1 57 1 1 57 57 1 1 57 57 1 57 57 1 1 1 1 1 1 57 1 1 1 57 1 1 1 1 1 1 1 1 1 1 1 57 113 1 57 1 57 57 1 57 57 57 1 113 57 1 57 57 57 1 57 1 57 1 57 1 1 1 1 57 57 1 57 1 57 1 57 57 1 1 57 57 57 57 113 57 1 278 1 1 113 1 57 57 169 57 113 1 113 57 57 57 57 1 113 57 1 1 113 1 113 57 1 57 113 57 222 57 169 57 1 113 57 113 113 113 113 1 113 1 1 113 57 57 222 113 1 113 57 169 57 113 1 1 229 57 169 57 113 113 57 222 57 223 113 1 169 57 1 57 113 169 1 166 113 57 1 1 113 113 1 57 57 113 57 57 223 225 57 169 1 57 166 57 225 113 1 113 57 113 1 113 225 222 113 113 169 278 169 57 113 278 169 113 222 1 113 166 57 278 57 1 166 57 2 222 279 166 110 113 166 169 1 1 1 1 171 279 61 169 2 57 166 110 113 166 227 113 169 279 113 279 113 235 278 278 114 1 57 113 171 278 57 173 113 166 223 1 169 57 169 222 222 113 279 1 178 279 113 225 278 113 222 166 57 113 166 279 279 170 278 113 169 1 279 279 113 279 166 222 1 171 57 167 169 57 113 57 228 166 110 58 113 222 57 278 279 57 222 169 279 278 222 279 1 113 113 169 57 166 222 171 279 278 278 222 166 57 279 278 222 57 57 279 278 169 169 222 279 1 173 57 1 279 166 57 278 279 169 115 169 222 113 57 227 122 113 169 278 118 223 278 278 169 166 57 222 1 57 169 279 57 113 113 166 1 278 59 1 113 171 279 222 169 278 222 169 166 169 171 57 1 278 1 174 1 113 169 115 113 278 113 169 279 179 113 279 223 222 222 113 169 166 113 113 278 1 166 113 229 278 278 279 169 167 279 278 279 113 113 278 279 169 279 279 222 223 278 169 113 278 279 57 279 57 169 222 278 57 122 278 172 279 57 113 113 167 1 113 279 279 279 1 222 57 278 113 113 113 279 169 2 222 169 169 169 225 279 113 57 113 278 279 171 57 1 1 230 279 279 169 278 169 222 1 222 113 169 1 278 222 225 222 222 166 223 169 223 222 222 178 222 57 278 279 167 169 225 110 54 110 57 166 1 278 169 58 57 113 1 279 1 1 222 278 113 222 225 115 1 225 57 57 169 222 1 222 114 1 1 1 169 113 225 225 1 278 57 278 278 278 1 58 169 225 57 169 2 57 173 225 57 57 279 278 279 62 222 113 110 57 166 223 113 
c [Signal] Signal interruption. Caught signal: SIGTERM (15).
c [Label = 280] Encoding starts with target value = 56:
c [Label = 280] Encoding duration: 4882ms.
c [Label = 280] Number of clauses: 3077824.
c [Label = 280] Number of variables: 424594.
c [Label = 280] Solving duration: 11983 ms.
s [Label = 280] SAT (w = 56).
c [Label = 280] Label assignment: 1 1 1 1 1 1 1 1 1 1 1 1 1 57 1 57 1 1 57 57 1 1 57 57 1 57 57 1 1 1 1 1 1 57 1 1 1 57 1 1 1 1 1 1 1 1 1 1 1 57 113 1 57 1 57 57 1 57 57 57 1 113 57 1 57 57 57 1 57 1 57 1 57 1 1 1 1 57 57 1 57 1 57 1 57 57 1 1 57 57 57 57 113 57 1 279 1 1 113 1 57 57 169 57 113 1 113 57 57 57 57 1 113 57 1 1 113 1 113 57 1 57 113 57 223 57 169 57 1 113 57 113 113 113 113 1 113 1 1 113 57 57 223 113 1 113 57 169 57 113 1 1 229 57 169 57 113 113 57 223 57 223 113 1 169 57 1 57 113 169 1 167 113 57 1 1 113 113 1 57 57 113 57 57 223 225 57 169 1 57 167 57 225 113 1 113 57 113 1 113 225 223 113 113 169 279 169 57 113 279 169 113 224 1 113 167 57 279 57 1 167 57 2 223 280 167 111 113 167 169 1 1 1 1 171 280 61 169 2 57 167 111 113 167 227 113 169 280 113 280 113 235 279 279 114 1 57 113 171 279 57 173 113 167 223 1 169 57 169 223 223 113 280 1 178 280 113 225 279 113 223 167 57 113 167 280 280 170 279 113 169 1 280 280 113 280 167 223 1 171 57 167 169 57 113 57 228 167 111 58 113 223 57 279 280 57 223 169 280 279 223 280 1 113 113 169 57 167 223 171 280 279 279 223 167 57 280 279 223 57 57 280 279 169 169 223 280 1 173 57 1 280 167 57 279 280 169 115 169 223 113 57 227 122 113 169 279 118 223 279 279 169 167 57 223 1 57 169 280 57 113 113 167 1 279 59 1 113 171 280 223 169 279 223 169 167 169 171 57 1 279 1 174 1 113 169 115 113 279 113 169 280 179 113 280 223 223 223 113 169 167 113 113 279 1 167 113 229 279 279 280 169 167 280 279 280 113 113 279 280 169 280 280 223 223 279 169 113 279 280 57 280 57 169 223 279 57 122 279 172 280 57 113 113 167 1 113 280 280 280 1 223 57 279 113 113 113 280 169 2 223 169 169 169 225 280 113 57 113 279 280 171 57 1 1 230 280 280 169 279 169 224 1 223 113 169 1 280 223 225 223 223 167 223 169 223 223 223 178 223 57 279 279 167 169 225 111 55 111 57 167 1 279 169 58 57 113 1 279 1 1 224 279 113 223 225 115 1 225 57 57 169 223 1 223 114 1 1 1 169 113 225 225 1 279 57 279 279 279 1 58 169 225 57 169 2 57 173 225 57 57 279 279 279 62 223 113 111 57 167 223 113 
c [Signal] Signal interruption. Caught signal: SIGTERM (15).
c [Label = 277] Encoding starts with target value = 56:
c [Label = 277] Encoding duration: 4787ms.
c [Label = 277] Number of clauses: 3049230.
c [Label = 277] Number of variables: 421042.
c [Label = 277] Solving duration: 11907 ms.
s [Label = 277] SAT (w = 56).
c [Label = 277] Label assignment: 1 1 1 1 1 1 1 1 1 1 1 1 1 57 1 57 1 1 57 57 1 1 57 57 1 57 57 1 1 1 1 1 1 57 1 1 1 57 1 1 1 1 1 1 1 1 1 1 1 57 113 1 57 1 57 57 1 57 57 57 1 113 57 1 57 57 57 1 57 1 57 1 57 1 1 1 1 57 57 1 57 1 57 1 57 57 1 1 57 57 57 57 113 57 1 276 1 1 113 1 57 57 169 57 113 1 113 57 57 57 57 1 113 57 1 1 113 1 113 57 1 57 113 57 220 57 169 57 1 113 57 113 113 113 113 1 113 1 1 113 57 57 220 113 1 113 57 169 57 113 1 1 229 57 169 57 113 113 57 220 57 221 113 1 169 57 1 57 113 169 1 164 113 57 1 1 113 113 1 57 57 113 57 57 221 225 57 169 1 57 164 57 225 113 1 113 57 113 1 113 225 220 113 113 169 276 169 57 113 276 169 113 220 1 113 164 57 276 57 1 164 57 2 220 277 164 108 113 164 169 1 1 1 1 171 277 61 169 2 57 164 108 113 164 227 113 169 277 113 277 113 235 276 276 114 1 57 113 171 276 57 173 113 164 221 1 169 57 169 220 220 113 277 1 178 277 113 225 276 113 220 164 57 113 164 277 277 170 276 113 169 1 277 277 113 277 164 220 1 171 57 165 169 57 113 57 228 164 108 58 113 220 57 276 277 57 220 169 277 276 220 277 1 113 113 169 57 164 220 171 277 276 276 220 164 57 277 276 220 57 57 277 276 169 169 220 277 1 173 57 1 277 164 57 276 277 169 115 169 220 113 57 227 122 113 169 276 118 221 276 276 169 164 57 220 1 57 169 277 57 113 113 164 1 276 59 1 113 171 277 220 169 276 220 169 164 169 171 57 1 276 1 174 1 113 169 115 113 276 113 169 277 179 113 277 221 220 220 113 169 164 113 113 276 1 164 113 229 276 276 277 169 165 277 276 277 113 113 276 277 169 277 277 220 221 276 169 113 276 277 57 277 57 169 220 276 57 122 276 172 277 57 113 113 165 1 113 277 277 277 1 220 57 276 113 113 113 277 169 2 220 169 169 169 225 277 113 57 113 276 277 171 57 1 1 230 277 277 169 276 169 220 1 220 113 169 1 276 220 225 220 220 164 221 169 221 220 220 178 220 57 276 277 165 169 225 108 52 108 57 164 1 276 169 58 57 113 1 277 1 1 220 276 113 220 225 115 1 225 57 57 169 220 1 220 114 1 1 1 169 113 225 225 1 276 57 276 276 276 1 58 169 225 57 169 2 57 173 225 57 57 277 276 277 62 220 113 108 57 164 221 113 
c [Signal] Signal interruption. Caught signal: SIGTERM (15).
c [Label = 272] Minimize Makespan Labeling problem (T-dwt__592.mtx.rnd):
c [Label = 273] Encoding starts with target value = 56:
c [Label = 273] Encoding duration: 4755ms.
c [Label = 273] Number of clauses: 3001292.
c [Label = 273] Number of variables: 416306.
c [Label = 273] Solving duration: 11943 ms.
s [Label = 273] SAT (w = 56).
c [Label = 273] Label assignment: 1 1 1 1 1 1 1 1 1 1 1 1 1 57 1 57 1 1 57 57 1 1 57 57 1 57 57 1 1 1 1 1 1 57 1 1 1 57 1 1 1 1 1 1 1 1 1 1 1 57 113 1 57 1 57 57 1 57 57 57 1 113 57 1 57 57 57 1 57 1 57 1 57 1 1 1 1 57 57 1 57 1 57 1 57 57 1 1 57 57 57 57 113 57 1 272 1 1 113 1 57 57 169 57 113 1 113 57 57 57 57 1 113 57 1 1 113 1 113 57 1 57 113 57 216 57 169 57 1 113 57 113 113 113 113 1 113 1 1 113 57 57 216 113 1 113 57 169 57 113 1 1 229 57 169 57 113 113 57 216 57 217 113 1 169 57 1 57 113 169 1 160 113 57 1 1 113 113 1 57 57 113 57 57 217 225 57 169 1 57 160 57 225 113 1 113 57 113 1 113 225 216 113 113 169 272 169 57 113 272 169 113 216 1 113 160 57 272 57 1 160 57 2 216 273 160 104 113 160 169 1 1 1 1 171 273 61 169 2 57 160 104 113 160 227 113 169 273 113 273 113 235 272 272 114 1 57 113 171 272 57 173 113 160 217 1 169 57 169 216 216 113 273 1 178 273 113 225 272 113 216 160 57 113 160 273 273 170 272 113 169 1 273 273 113 273 160 216 1 171 57 161 169 57 113 57 228 160 104 58 113 216 57 272 273 57 216 169 273 272 216 273 1 113 113 169 57 160 216 171 273 272 272 216 160 57 273 272 216 57 57 273 272 169 169 216 273 1 173 57 1 273 160 57 272 273 169 115 169 216 113 57 227 122 113 169 272 118 217 272 272 169 160 57 216 1 57 169 273 57 113 113 160 1 272 59 1 113 171 273 216 169 272 216 169 160 169 171 57 1 272 1 174 1 113 169 115 113 272 113 169 273 179 113 273 217 216 216 113 169 160 113 113 272 1 160 113 229 272 272 273 169 161 273 272 273 113 113 272 273 169 273 273 216 217 272 169 113 272 273 57 273 57 169 216 272 57 122 272 172 273 57 113 113 161 1 113 273 273 273 1 216 57 272 113 113 113 273 169 2 216 169 169 169 225 273 113 57 113 272 273 171 57 1 1 230 273 273 169 272 169 216 1 216 113 169 1 272 216 225 216 216 160 217 169 217 216 216 178 216 57 272 273 161 169 225 104 48 104 57 160 1 272 169 58 57 113 1 273 1 1 216 272 113 216 225 115 1 225 57 57 169 216 1 216 114 1 1 1 169 113 225 225 1 272 57 272 272 272 1 58 169 225 57 169 2 57 173 225 57 57 273 272 273 62 216 113 104 57 160 217 113 
c [Main] Lowest label SAT is set to 274.
c [Main] Kill higher label pid 276.
c [Main] Kill higher label pid 277.
c [Main] Kill higher label pid 278.
c [Main] Kill higher label pid 279.
c [Main] Kill higher label pid 280.
c [Label = 271] Minimize Makespan Labeling problem (T-dwt__592.mtx.rnd):
c [Main] Child pid 280 - 54335 terminated by signal 15.
c [Label = 270] Minimize Makespan Labeling problem (T-dwt__592.mtx.rnd):
c [Main] Child pid 278 - 54337 terminated by signal 15.
c [Main] Child pid 279 - 54336 terminated by signal 15.
c [Main] Child pid 277 - 54338 terminated by signal 15.
c [Label = 269] Minimize Makespan Labeling problem (T-dwt__592.mtx.rnd):
c [Label = 268] Minimize Makespan Labeling problem (T-dwt__592.mtx.rnd):
c [Label = 267] Minimize Makespan Labeling problem (T-dwt__592.mtx.rnd):
c [Main] Child pid 276 - 54339 terminated by signal 15.
c [Label = 266] Minimize Makespan Labeling problem (T-dwt__592.mtx.rnd):
c [Main] Lowest label SAT is set to 273.
c [Label = 265] Minimize Makespan Labeling problem (T-dwt__592.mtx.rnd):
c [Label = 266] Encoding starts with target value = 56:
c [Label = 266] Encoding duration: 4540ms.
c [Label = 266] Number of clauses: 2917401.
c [Label = 266] Number of variables: 408018.
c [Label = 266] Solving duration: 11631 ms.
s [Label = 266] SAT (w = 56).
c [Label = 266] Label assignment: 1 1 1 1 1 1 1 1 1 1 1 1 1 57 1 57 1 1 57 57 1 1 57 57 1 57 57 1 1 1 1 1 1 57 1 1 1 57 1 1 1 1 1 1 1 1 1 1 1 57 113 1 57 1 57 57 1 57 57 57 1 113 57 1 57 57 57 1 57 1 57 1 57 1 1 1 1 57 57 1 57 1 57 1 57 57 1 1 57 57 57 57 113 57 1 265 1 1 113 1 57 57 169 57 113 1 113 57 57 57 57 1 113 57 1 1 113 1 113 57 1 57 113 57 209 57 169 57 1 113 57 113 113 113 113 1 113 1 1 113 57 57 209 113 1 113 57 169 57 113 1 1 229 57 169 57 113 113 57 209 57 210 113 1 169 57 1 57 113 169 1 153 113 57 1 1 113 113 1 57 57 113 57 57 210 225 57 169 1 57 153 57 225 113 1 113 57 113 1 113 225 209 113 113 169 265 169 57 113 265 169 113 209 1 113 153 57 265 57 1 153 57 2 209 266 153 97 113 153 169 1 1 1 1 171 266 61 169 2 57 153 97 113 153 227 113 169 266 113 266 113 235 265 265 114 1 57 113 171 265 57 173 113 153 210 1 169 57 169 209 209 113 266 1 178 266 113 225 265 113 209 153 57 113 153 266 266 170 265 113 169 1 266 266 113 266 153 209 1 171 57 154 169 57 113 57 228 153 97 58 113 209 57 265 266 57 209 169 266 265 209 266 1 113 113 169 57 153 209 171 266 265 265 209 153 57 266 265 209 57 57 266 265 169 169 209 266 1 173 57 1 266 153 57 265 266 169 115 169 209 113 57 227 122 113 169 265 118 210 265 265 169 153 57 209 1 57 169 266 57 113 113 153 1 265 59 1 113 171 266 209 169 265 209 169 153 169 171 57 1 265 1 174 1 113 169 115 113 265 113 169 266 179 113 266 210 209 209 113 169 153 113 113 265 1 154 113 229 176 265 266 169 154 266 265 266 113 113 265 266 169 266 266 209 210 265 169 113 265 266 57 266 57 169 209 265 57 122 265 172 266 57 113 113 154 1 113 266 266 266 1 209 57 265 113 113 113 266 169 2 209 169 169 169 225 266 113 57 113 265 266 171 57 1 1 230 266 266 169 210 169 209 1 209 113 169 1 265 209 225 209 209 153 210 169 210 209 209 178 209 57 265 266 154 169 225 97 41 97 57 153 1 265 169 58 57 113 1 266 1 1 209 265 113 209 225 115 1 225 57 57 169 209 1 266 114 1 1 1 169 113 225 225 1 265 57 265 265 265 1 58 169 225 57 169 2 57 173 225 57 57 266 265 266 62 209 113 97 57 153 210 113 
c [Label = 267] Encoding starts with target value = 56:
c [Label = 267] Encoding duration: 4583ms.
c [Label = 267] Number of clauses: 2929385.
c [Label = 267] Number of variables: 409202.
c [Label = 267] Solving duration: 11643 ms.
s [Label = 267] SAT (w = 56).
c [Label = 267] Label assignment: 1 1 1 1 1 1 1 1 1 1 1 1 1 57 1 57 1 1 57 57 1 1 57 57 1 57 57 1 1 1 1 1 1 57 1 1 1 57 1 1 1 1 1 1 1 1 1 1 1 57 113 1 57 1 57 57 1 57 57 57 1 113 57 1 57 57 57 1 57 1 57 1 57 1 1 1 1 57 57 1 57 1 57 1 57 57 1 1 57 57 57 57 113 57 1 266 1 1 113 1 57 57 169 57 113 1 113 57 57 57 57 1 113 57 1 1 113 1 113 57 1 57 113 57 210 57 169 57 1 113 57 113 113 113 113 1 113 1 1 113 57 57 210 113 1 113 57 169 57 113 1 1 229 57 169 57 113 113 57 210 57 211 113 1 169 57 1 57 113 169 1 154 113 57 1 1 113 113 1 57 57 113 57 57 211 225 57 169 1 57 154 57 225 113 1 113 57 113 1 113 225 210 113 113 169 266 169 57 113 266 169 113 210 1 113 154 57 266 57 1 154 57 2 210 267 154 98 113 154 169 1 1 1 1 171 267 61 169 2 57 154 98 113 154 227 113 169 267 113 267 113 235 266 266 114 1 57 113 171 266 57 173 113 154 211 1 169 57 169 210 210 113 267 1 178 267 113 225 266 113 210 154 57 113 154 267 267 170 266 113 169 1 267 267 113 267 154 210 1 171 57 155 169 57 113 57 228 154 98 58 113 210 57 266 267 57 210 169 267 266 210 267 1 113 113 169 57 154 210 171 267 266 266 210 154 57 267 266 210 57 57 267 266 169 169 210 267 1 173 57 1 267 154 57 266 267 169 115 169 210 113 57 227 122 113 169 266 118 211 266 266 169 154 57 210 1 57 169 267 57 113 113 154 1 266 59 1 113 171 267 210 169 266 210 169 154 169 171 57 1 266 1 174 1 113 169 115 113 266 113 169 267 179 113 267 211 210 210 113 169 154 113 113 266 1 155 113 229 176 266 267 169 155 267 266 267 113 113 266 267 169 267 267 210 211 266 169 113 266 267 57 267 57 169 210 266 57 122 266 172 267 57 113 113 155 1 113 267 267 267 1 210 57 266 113 113 113 267 169 2 210 169 169 169 225 267 113 57 113 266 267 171 57 1 1 230 267 267 169 211 169 210 1 210 113 169 1 266 210 225 210 210 154 211 169 211 210 210 178 210 57 266 267 155 169 225 98 42 98 57 154 1 266 169 58 57 113 1 267 1 1 210 266 113 210 225 115 1 225 57 57 169 210 1 267 114 1 1 1 169 113 225 225 1 266 57 266 266 266 1 58 169 225 57 169 2 57 173 225 57 57 267 266 267 62 210 113 98 57 154 211 113 
c [Signal] Signal interruption. Caught signal: SIGTERM (15).
c [Label = 268] Encoding starts with target value = 56:
c [Label = 268] Encoding duration: 4610ms.
c [Label = 268] Number of clauses: 2941370.
c [Label = 268] Number of variables: 410386.
c [Label = 268] Solving duration: 11629 ms.
s [Label = 268] SAT (w = 56).
c [Label = 268] Label assignment: 1 1 1 1 1 1 1 1 1 1 1 1 1 57 1 57 1 1 57 57 1 1 57 57 1 57 57 1 1 1 1 1 1 57 1 1 1 57 1 1 1 1 1 1 1 1 1 1 1 57 113 1 57 1 57 57 1 57 57 57 1 113 57 1 57 57 57 1 57 1 57 1 57 1 1 1 1 57 57 1 57 1 57 1 57 57 1 1 57 57 57 57 113 57 1 267 1 1 113 1 57 57 169 57 113 1 113 57 57 57 57 1 113 57 1 1 113 1 113 57 1 57 113 57 211 57 169 57 1 113 57 113 113 113 113 1 113 1 1 113 57 57 211 113 1 113 57 169 57 113 1 1 229 57 169 57 113 113 57 211 57 212 113 1 169 57 1 57 113 169 1 155 113 57 1 1 113 113 1 57 57 113 57 57 212 225 57 169 1 57 155 57 225 113 1 113 57 113 1 113 225 211 113 113 169 267 169 57 113 267 169 113 211 1 113 155 57 267 57 1 155 57 2 211 268 155 99 113 155 169 1 1 1 1 171 268 61 169 2 57 155 99 113 155 227 113 169 268 113 268 113 235 267 267 114 1 57 113 171 267 57 173 113 155 212 1 169 57 169 211 211 113 268 1 178 268 113 225 267 113 211 155 57 113 155 268 268 170 267 113 169 1 268 268 113 268 155 211 1 171 57 156 169 57 113 57 228 155 99 58 113 211 57 267 268 57 211 169 268 267 211 268 1 113 113 169 57 155 211 171 268 267 267 211 155 57 268 267 211 57 57 268 267 169 169 211 268 1 173 57 1 268 155 57 267 268 169 115 169 211 113 57 227 122 113 169 267 118 212 267 267 169 155 57 211 1 57 169 268 57 113 113 155 1 267 59 1 113 171 268 211 169 267 211 169 155 169 171 57 1 267 1 174 1 113 169 115 113 267 113 169 268 179 113 268 212 211 211 113 169 155 113 113 267 1 156 113 229 176 267 268 169 156 268 267 268 113 113 267 268 169 268 268 211 212 267 169 113 267 268 57 268 57 169 211 267 57 122 267 172 268 57 113 113 156 1 113 268 268 268 1 211 57 267 113 113 113 268 169 2 211 169 169 169 225 268 113 57 113 267 268 171 57 1 1 230 268 268 169 212 169 211 1 211 113 169 1 267 211 225 211 211 155 212 169 212 211 211 178 211 57 267 268 156 169 225 99 43 99 57 155 1 267 169 58 57 113 1 268 1 1 211 267 113 211 225 115 1 225 57 57 169 211 1 268 114 1 1 1 169 113 225 225 1 267 57 267 267 267 1 58 169 225 57 169 2 57 173 225 57 57 268 267 268 62 211 113 99 57 155 212 113 
c [Signal] Signal interruption. Caught signal: SIGTERM (15).
c [Label = 269] Encoding starts with target value = 56:
c [Label = 269] Encoding duration: 4664ms.
c [Label = 269] Number of clauses: 2953354.
c [Label = 269] Number of variables: 411570.
c [Label = 269] Solving duration: 12013 ms.
s [Label = 269] SAT (w = 56).
c [Label = 269] Label assignment: 1 1 1 1 1 1 1 1 1 1 1 1 1 57 1 57 1 1 57 57 1 1 57 57 1 57 57 1 1 1 1 1 1 57 1 1 1 57 1 1 1 1 1 1 1 1 1 1 1 57 113 1 57 1 57 57 1 57 57 57 1 113 57 1 57 57 57 1 57 1 57 1 57 1 1 1 1 57 57 1 57 1 57 1 57 57 1 1 57 57 57 57 113 57 1 268 1 1 113 1 57 57 169 57 113 1 113 57 57 57 57 1 113 57 1 1 113 1 113 57 1 57 113 57 212 57 169 57 1 113 57 113 113 113 113 1 113 1 1 113 57 57 212 113 1 113 57 169 57 113 1 1 229 57 169 57 113 113 57 212 57 213 113 1 169 57 1 57 113 169 1 156 113 57 1 1 113 113 1 57 57 113 57 57 213 225 57 169 1 57 156 57 225 113 1 113 57 113 1 113 225 212 113 113 169 268 169 57 113 268 169 113 212 1 113 156 57 268 57 1 156 57 2 212 269 156 100 113 156 169 1 1 1 1 171 269 61 169 2 57 156 100 113 156 227 113 169 269 113 269 113 235 268 268 114 1 57 113 171 268 57 173 113 156 213 1 169 57 169 212 212 113 269 1 178 269 113 225 268 113 212 156 57 113 156 269 269 170 268 113 169 1 269 269 113 269 156 212 1 171 57 157 169 57 113 57 228 156 100 58 113 212 57 268 269 57 212 169 269 268 212 269 1 113 113 169 57 156 212 171 269 268 268 212 156 57 269 268 212 57 57 269 268 169 169 212 269 1 173 57 1 269 156 57 268 269 169 115 169 212 113 57 227 122 113 169 268 118 213 268 268 169 156 57 212 1 57 169 269 57 113 113 156 1 268 59 1 113 171 269 212 169 268 212 169 156 169 171 57 1 268 1 174 1 113 169 115 113 268 113 169 269 179 113 269 213 212 212 113 169 156 113 113 268 1 157 113 229 176 268 269 169 157 269 268 269 113 113 268 269 169 269 269 212 213 268 169 113 268 269 57 269 57 169 212 268 57 122 268 172 269 57 113 113 157 1 113 269 269 269 1 212 57 268 113 113 113 269 169 2 212 169 169 169 225 269 113 57 113 268 269 171 57 1 1 230 269 269 169 213 169 212 1 212 113 169 1 268 212 225 212 212 156 213 169 213 212 212 178 212 57 268 269 157 169 225 100 44 100 57 156 1 268 169 58 57 113 1 269 1 1 212 268 113 212 225 115 1 225 57 57 169 212 1 269 114 1 1 1 169 113 225 225 1 268 57 268 268 268 1 58 169 225 57 169 2 57 173 225 57 57 269 268 269 62 212 113 100 57 156 213 113 
c [Signal] Signal interruption. Caught signal: SIGTERM (15).
c [Main] Lowest label SAT is set to 266.
c [Main] Kill higher label pid 267.
c [Main] Kill higher label pid 268.
c [Main] Kill higher label pid 269.
c [Main] Kill higher label pid 270.
c [Main] Kill higher label pid 271.
c [Main] Kill higher label pid 272.
c [Label = 270] Encoding starts with target value = 56:
c [Label = 270] Encoding duration: 4625ms.
c [Label = 270] Number of clauses: 2965339.
c [Label = 270] Number of variables: 412754.
c [Label = 270] Solving duration: 11802 ms.
s [Label = 270] SAT (w = 56).
c [Label = 270] Label assignment: 1 1 1 1 1 1 1 1 1 1 1 1 1 57 1 57 1 1 57 57 1 1 57 57 1 57 57 1 1 1 1 1 1 57 1 1 1 57 1 1 1 1 1 1 1 1 1 1 1 57 113 1 57 1 57 57 1 57 57 57 1 113 57 1 57 57 57 1 57 1 57 1 57 1 1 1 1 57 57 1 57 1 57 1 57 57 1 1 57 57 57 57 113 57 1 269 1 1 113 1 57 57 169 57 113 1 113 57 57 57 57 1 113 57 1 1 113 1 113 57 1 57 113 57 213 57 169 57 1 113 57 113 113 113 113 1 113 1 1 113 57 57 213 113 1 113 57 169 57 113 1 1 229 57 169 57 113 113 57 213 57 214 113 1 169 57 1 57 113 169 1 157 113 57 1 1 113 113 1 57 57 113 57 57 214 225 57 169 1 57 157 57 225 113 1 113 57 113 1 113 225 213 113 113 169 269 169 57 113 269 169 113 213 1 113 157 57 269 57 1 157 57 2 213 270 157 101 113 157 169 1 1 1 1 171 270 61 169 2 57 157 101 113 157 227 113 169 270 113 270 113 235 269 269 114 1 57 113 171 269 57 173 113 157 214 1 169 57 169 213 213 113 270 1 178 270 113 225 269 113 213 157 57 113 157 270 270 170 269 113 169 1 270 270 113 270 157 213 1 171 57 158 169 57 113 57 228 157 101 58 113 213 57 269 270 57 213 169 270 269 213 270 1 113 113 169 57 157 213 171 270 269 269 213 157 57 270 269 213 57 57 270 269 169 169 213 270 1 173 57 1 270 157 57 269 270 169 115 169 213 113 57 227 122 113 169 269 118 214 269 269 169 157 57 213 1 57 169 270 57 113 113 157 1 269 59 1 113 171 270 213 169 269 213 169 157 169 171 57 1 269 1 174 1 113 169 115 113 269 113 169 270 179 113 270 214 213 213 113 169 157 113 113 269 1 157 113 229 269 269 270 169 158 270 269 270 113 113 269 270 169 270 270 213 214 269 169 113 269 270 57 270 57 169 213 269 57 122 269 172 270 57 113 113 158 1 113 270 270 270 1 213 57 269 113 113 113 270 169 2 213 169 169 169 225 270 113 57 113 269 270 171 57 1 1 230 270 270 169 269 169 213 1 213 113 169 1 269 213 225 213 213 157 214 169 214 213 213 178 213 57 269 270 158 169 225 101 45 101 57 157 1 269 169 58 57 113 1 270 1 1 213 269 113 213 225 115 1 225 57 57 169 213 1 213 114 1 1 1 169 113 225 225 1 269 57 269 269 269 1 58 169 225 57 169 2 57 173 225 57 57 270 269 270 62 213 113 101 57 157 214 113 
c [Signal] Signal interruption. Caught signal: SIGTERM (15).
c [Label = 271] Encoding starts with target value = 56:
c [Label = 271] Encoding duration: 4692ms.
c [Label = 271] Number of clauses: 2977323.
c [Label = 271] Number of variables: 413938.
c [Label = 271] Solving duration: 12136 ms.
s [Label = 271] SAT (w = 56).
c [Label = 271] Label assignment: 1 1 1 1 1 1 1 1 1 1 1 1 1 57 1 57 1 1 57 57 1 1 57 57 1 57 57 1 1 1 1 1 1 57 1 1 1 57 1 1 1 1 1 1 1 1 1 1 1 57 113 1 57 1 57 57 1 57 57 57 1 113 57 1 57 57 57 1 57 1 57 1 57 1 1 1 1 57 57 1 57 1 57 1 57 57 1 1 57 57 57 57 113 57 1 270 1 1 113 1 57 57 169 57 113 1 113 57 57 57 57 1 113 57 1 1 113 1 113 57 1 57 113 57 214 57 169 57 1 113 57 113 113 113 113 1 113 1 1 113 57 57 214 113 1 113 57 169 57 113 1 1 229 57 169 57 113 113 57 214 57 215 113 1 169 57 1 57 113 169 1 158 113 57 1 1 113 113 1 57 57 113 57 57 215 225 57 169 1 57 158 57 225 113 1 113 57 113 1 113 225 214 113 113 169 270 169 57 113 270 169 113 214 1 113 158 57 270 57 1 158 57 2 214 271 158 102 113 158 169 1 1 1 1 171 271 61 169 2 57 158 102 113 158 227 113 169 271 113 271 113 235 270 270 114 1 57 113 171 270 57 173 113 158 215 1 169 57 169 214 214 113 271 1 178 271 113 225 270 113 214 158 57 113 158 271 271 170 270 113 169 1 271 271 113 271 158 214 1 171 57 159 169 57 113 57 228 158 102 58 113 214 57 270 271 57 214 169 271 270 214 271 1 113 113 169 57 158 214 171 271 270 270 214 158 57 271 270 214 57 57 271 270 169 169 214 271 1 173 57 1 271 158 57 270 271 169 115 169 214 113 57 227 122 113 169 270 118 215 270 270 169 158 57 214 1 57 169 271 57 113 113 158 1 270 59 1 113 171 271 214 169 270 214 169 158 169 171 57 1 270 1 174 1 113 169 115 113 270 113 169 271 179 113 271 215 214 214 113 169 158 113 113 270 1 158 113 229 270 270 271 169 159 271 270 271 113 113 270 271 169 271 271 214 215 270 169 113 270 271 57 271 57 169 214 270 57 122 270 172 271 57 113 113 159 1 113 271 271 271 1 214 57 270 113 113 113 271 169 2 214 169 169 169 225 271 113 57 113 270 271 171 57 1 1 230 271 271 169 270 169 214 1 214 113 169 1 270 214 225 214 214 158 215 169 215 214 214 178 214 57 270 271 159 169 225 102 46 102 57 158 1 270 169 58 57 113 1 271 1 1 214 270 113 214 225 115 1 225 57 57 169 214 1 214 114 1 1 1 169 113 225 225 1 270 57 270 270 270 1 58 169 225 57 169 2 57 173 225 57 57 271 270 271 62 214 113 102 57 158 215 113 
c [Signal] Signal interruption. Caught signal: SIGTERM (15).
c [Label = 272] Encoding starts with target value = 56:
c [Label = 272] Encoding duration: 4706ms.
c [Label = 272] Number of clauses: 2989308.
c [Label = 272] Number of variables: 415122.
c [Label = 272] Solving duration: 11689 ms.
s [Label = 272] SAT (w = 56).
c [Label = 272] Label assignment: 1 1 1 1 1 1 1 1 1 1 1 1 1 57 1 57 1 1 57 57 1 1 57 57 1 57 57 1 1 1 1 1 1 57 1 1 1 57 1 1 1 1 1 1 1 1 1 1 1 57 113 1 57 1 57 57 1 57 57 57 1 113 57 1 57 57 57 1 57 1 57 1 57 1 1 1 1 57 57 1 57 1 57 1 57 57 1 1 57 57 57 57 113 57 1 271 1 1 113 1 57 57 169 57 113 1 113 57 57 57 57 1 113 57 1 1 113 1 113 57 1 57 113 57 215 57 169 57 1 113 57 113 113 113 113 1 113 1 1 113 57 57 215 113 1 113 57 169 57 113 1 1 229 57 169 57 113 113 57 215 57 216 113 1 169 57 1 57 113 169 1 159 113 57 1 1 113 113 1 57 57 113 57 57 216 225 57 169 1 57 159 57 225 113 1 113 57 113 1 113 225 215 113 113 169 271 169 57 113 271 169 113 215 1 113 159 57 271 57 1 159 57 2 215 272 159 103 113 159 169 1 1 1 1 171 272 61 169 2 57 159 103 113 159 227 113 169 272 113 272 113 235 271 271 114 1 57 113 171 271 57 173 113 159 216 1 169 57 169 215 215 113 272 1 178 272 113 225 271 113 215 159 57 113 159 272 272 170 271 113 169 1 272 272 113 272 159 215 1 171 57 160 169 57 113 57 228 159 103 58 113 215 57 271 272 57 215 169 272 271 215 272 1 113 113 169 57 159 215 171 272 271 271 215 159 57 272 271 215 57 57 272 271 169 169 215 272 1 173 57 1 272 159 57 271 272 169 115 169 215 113 57 227 122 113 169 271 118 216 271 271 169 159 57 215 1 57 169 272 57 113 113 159 1 271 59 1 113 171 272 215 169 271 215 169 159 169 171 57 1 271 1 174 1 113 169 115 113 271 113 169 272 179 113 272 216 215 215 113 169 159 113 113 271 1 159 113 229 271 271 272 169 160 272 271 272 113 113 271 272 169 272 272 215 216 271 169 113 271 272 57 272 57 169 215 271 57 122 271 172 272 57 113 113 160 1 113 272 272 272 1 215 57 271 113 113 113 272 169 2 215 169 169 169 225 272 113 57 113 271 272 171 57 1 1 230 272 272 169 271 169 215 1 215 113 169 1 271 215 225 215 215 159 216 169 216 215 215 178 215 57 271 272 160 169 225 103 47 103 57 159 1 271 169 58 57 113 1 272 1 1 215 271 113 215 225 115 1 225 57 57 169 215 1 215 114 1 1 1 169 113 225 225 1 271 57 271 271 271 1 58 169 225 57 169 2 57 173 225 57 57 272 271 272 62 215 113 103 57 159 216 113 
c [Signal] Signal interruption. Caught signal: SIGTERM (15).
c [Label = 264] Minimize Makespan Labeling problem (T-dwt__592.mtx.rnd):
c [Label = 265] Encoding starts with target value = 56:
c [Label = 265] Encoding duration: 4602ms.
c [Label = 265] Number of clauses: 2905416.
c [Label = 265] Number of variables: 406834.
c [Label = 265] Solving duration: 11697 ms.
s [Label = 265] SAT (w = 56).
c [Label = 265] Label assignment: 1 1 1 1 1 1 1 1 1 1 1 1 1 57 1 57 1 1 57 57 1 1 57 57 1 57 57 1 1 1 1 1 1 57 1 1 1 57 1 1 1 1 1 1 1 1 1 1 1 57 113 1 57 1 57 57 1 57 57 57 1 113 57 1 57 57 57 1 57 1 57 1 57 1 1 1 1 57 57 1 57 1 57 1 57 57 1 1 57 57 57 57 113 57 1 264 1 1 113 1 57 57 169 57 113 1 113 57 57 57 57 1 113 57 1 1 113 1 113 57 1 57 113 57 208 57 169 57 1 113 57 113 113 113 113 1 113 1 1 113 57 57 208 113 1 113 57 169 57 113 1 1 229 57 169 57 113 113 57 208 57 209 113 1 169 57 1 57 113 169 1 152 113 57 1 1 113 113 1 57 57 113 57 57 209 225 57 169 1 57 152 57 225 113 1 113 57 113 1 113 225 208 113 113 169 264 169 57 113 264 169 113 208 1 113 152 57 264 57 1 152 57 2 208 265 152 96 113 152 169 1 1 1 1 171 265 61 169 2 57 152 96 113 152 227 113 169 265 113 265 113 235 264 264 114 1 57 113 171 264 57 173 113 152 209 1 169 57 169 208 208 113 265 1 178 265 113 225 264 113 208 152 57 113 152 265 265 170 264 113 169 1 265 265 113 265 152 208 1 171 57 153 169 57 113 57 228 152 96 58 113 208 57 264 265 57 208 169 265 264 208 265 1 113 113 169 57 152 208 171 265 264 264 208 152 57 265 264 208 57 57 265 264 169 169 208 265 1 173 57 1 265 152 57 264 265 169 115 169 208 113 57 227 122 113 169 264 118 209 264 264 169 152 57 208 1 57 169 265 57 113 113 152 1 264 59 1 113 171 265 208 169 264 208 169 152 169 171 57 1 264 1 174 1 113 169 115 113 264 113 169 265 179 113 265 209 208 208 113 169 152 113 113 264 1 153 113 229 176 264 265 169 153 265 264 265 113 113 264 265 169 265 265 208 209 264 169 113 264 265 57 265 57 169 208 264 57 122 264 172 265 57 113 113 153 1 113 265 265 265 1 208 57 264 113 113 113 265 169 2 208 169 169 169 225 265 113 57 113 264 265 171 57 1 1 230 265 265 169 209 169 208 1 208 113 169 1 264 208 225 208 208 152 209 169 209 208 208 178 208 57 264 265 153 169 225 96 40 96 57 152 1 264 169 58 57 113 1 265 1 1 208 264 113 208 225 115 1 225 57 57 169 208 1 265 114 1 1 1 169 113 225 225 1 264 57 264 264 264 1 58 169 225 57 169 2 57 173 225 57 57 265 264 265 62 208 113 96 57 152 209 113 
c [Main] Child pid 272 - 54345 terminated by signal 15.
c [Label = 263] Minimize Makespan Labeling problem (T-dwt__592.mtx.rnd):
c [Main] Child pid 267 - 54350 terminated by signal 15.
c [Label = 262] Minimize Makespan Labeling problem (T-dwt__592.mtx.rnd):
c [Main] Child pid 268 - 54349 terminated by signal 15.
c [Main] Child pid 270 - 54347 terminated by signal 15.
c [Label = 260] Minimize Makespan Labeling problem (T-dwt__592.mtx.rnd):
c [Main] Child pid 271 - 54346 terminated by signal 15.
c [Label = 259] Minimize Makespan Labeling problem (T-dwt__592.mtx.rnd):
c [Main] Child pid 269 - 54348 terminated by signal 15.
c [Label = 261] Minimize Makespan Labeling problem (T-dwt__592.mtx.rnd):
c [Label = 258] Minimize Makespan Labeling problem (T-dwt__592.mtx.rnd):
c [Main] Lowest label SAT is set to 265.
c [Label = 257] Minimize Makespan Labeling problem (T-dwt__592.mtx.rnd):
c [Label = 257] Encoding starts with target value = 56:
c [Label = 257] Encoding duration: 4554ms.
c [Label = 257] Number of clauses: 2809540.
c [Label = 257] Number of variables: 397362.
c [Label = 257] Solving duration: 11405 ms.
s [Label = 257] SAT (w = 56).
c [Label = 257] Label assignment: 1 1 1 1 1 1 1 1 1 1 1 1 1 57 1 57 1 1 57 57 1 1 57 57 1 57 57 1 1 1 1 1 1 57 1 1 1 57 1 1 1 1 1 1 1 1 1 1 1 57 113 1 57 1 57 57 1 57 57 57 1 113 57 1 57 57 57 1 57 1 57 1 57 1 1 1 1 57 57 1 57 1 57 1 57 57 1 1 57 57 57 57 113 57 1 256 1 1 113 1 57 57 169 57 113 1 113 57 57 57 57 1 113 57 1 1 113 1 113 57 1 57 113 57 200 57 169 57 1 113 57 113 113 113 113 1 113 1 1 113 57 57 200 113 1 113 57 169 57 113 1 1 229 57 169 57 113 113 57 200 57 201 113 1 169 57 1 57 113 169 1 144 113 57 1 1 113 113 1 57 57 113 57 57 201 225 57 169 1 57 144 57 225 113 1 113 57 113 1 113 225 200 113 113 169 256 169 57 113 256 169 113 200 1 113 144 57 256 57 1 144 57 2 200 257 144 88 113 144 169 1 1 1 1 171 257 61 169 2 57 144 88 113 144 227 113 169 257 113 257 113 235 256 256 114 1 57 113 171 256 57 173 113 144 201 1 169 57 169 200 200 113 257 1 178 257 113 225 256 113 200 144 57 113 144 257 257 170 256 113 169 1 257 257 113 257 144 200 1 171 57 145 169 57 113 57 228 144 88 58 113 200 57 256 257 57 200 169 257 256 200 257 1 113 113 169 57 144 200 171 257 256 256 200 144 57 257 256 200 57 57 257 256 169 169 200 257 1 173 57 1 257 144 57 256 257 169 115 169 200 113 57 227 122 113 169 256 118 201 256 256 169 144 57 200 1 57 169 257 57 113 113 144 1 256 59 1 113 171 257 200 169 256 200 169 144 169 171 57 1 256 1 174 1 113 169 115 113 256 113 169 257 179 113 257 201 200 200 113 169 144 113 113 256 1 145 113 229 176 256 257 169 145 257 256 257 113 113 256 257 169 257 257 200 201 256 169 113 256 257 57 257 57 169 200 256 57 122 256 172 257 57 113 113 145 1 113 257 257 257 1 200 57 256 113 113 113 257 169 2 200 169 169 169 225 257 113 57 113 256 257 171 57 1 1 230 257 257 169 201 169 200 1 200 113 169 1 256 200 225 200 200 144 201 169 201 200 200 178 200 57 256 257 145 169 225 88 32 88 57 144 1 256 169 58 57 113 1 257 1 1 200 256 113 200 225 115 1 225 57 57 169 200 1 257 114 1 1 1 169 113 225 225 1 256 57 256 256 256 1 58 169 225 57 169 2 57 173 225 57 57 257 256 257 62 200 113 88 57 144 201 113 
c [Label = 258] Encoding starts with target value = 56:
c [Label = 258] Encoding duration: 4548ms.
c [Label = 258] Number of clauses: 2821525.
c [Label = 258] Number of variables: 398546.
c [Label = 258] Solving duration: 11828 ms.
s [Label = 258] SAT (w = 56).
c [Label = 258] Label assignment: 1 1 1 1 1 1 1 1 1 1 1 1 1 57 1 57 1 1 57 57 1 1 57 57 1 57 57 1 1 1 1 1 1 57 1 1 1 57 1 1 1 1 1 1 1 1 1 1 1 57 113 1 57 1 57 57 1 57 57 57 1 113 57 1 57 57 57 1 57 1 57 1 57 1 1 1 1 57 57 1 57 1 57 1 57 57 1 1 57 57 57 57 113 57 1 257 1 1 113 1 57 57 169 57 113 1 113 57 57 57 57 1 113 57 1 1 113 1 113 57 1 57 113 57 201 57 169 57 1 113 57 113 113 113 113 1 113 1 1 113 57 57 201 113 1 113 57 169 57 113 1 1 229 57 169 57 113 113 57 201 57 202 113 1 169 57 1 57 113 169 1 145 113 57 1 1 113 113 1 57 57 113 57 57 202 225 57 169 1 57 145 57 225 113 1 113 57 113 1 113 225 201 113 113 169 257 169 57 113 257 169 113 201 1 113 145 57 257 57 1 145 57 2 201 258 145 89 113 145 169 1 1 1 1 171 258 61 169 2 57 145 89 113 145 227 113 169 258 113 258 113 235 257 257 114 1 57 113 171 257 57 173 113 145 202 1 169 57 169 201 201 113 258 1 178 258 113 225 257 113 201 145 57 113 145 258 258 170 257 113 169 1 258 258 113 258 145 201 1 171 57 146 169 57 113 57 228 145 89 58 113 201 57 257 258 57 201 169 258 257 201 258 1 113 113 169 57 145 201 171 258 257 257 201 145 57 258 257 201 57 57 258 257 169 169 201 258 1 173 57 1 258 145 57 257 258 169 115 169 201 113 57 227 122 113 169 257 118 202 257 257 169 145 57 201 1 57 169 258 57 113 113 145 1 257 59 1 113 171 258 201 169 257 201 169 145 169 171 57 1 257 1 174 1 113 169 115 113 257 113 169 258 179 113 258 202 201 201 113 169 145 113 113 257 1 146 113 229 176 257 258 169 146 258 257 258 113 113 257 258 169 258 258 201 202 257 169 113 257 258 57 258 57 169 201 257 57 122 257 172 258 57 113 113 146 1 113 258 258 258 1 201 57 257 113 113 113 258 169 2 201 169 169 169 225 258 113 57 113 257 258 171 57 1 1 230 258 258 169 202 169 201 1 201 113 169 1 257 201 225 201 201 145 202 169 202 201 201 178 201 57 257 258 146 169 225 89 33 89 57 145 1 257 169 58 57 113 1 258 1 1 201 257 113 201 225 115 1 225 57 57 169 201 1 258 114 1 1 1 169 113 225 225 1 257 57 257 257 257 1 58 169 225 57 169 2 57 173 225 57 57 258 257 258 62 201 113 89 57 145 202 113 
c [Signal] Signal interruption. Caught signal: SIGTERM (15).
c [Label = 259] Encoding starts with target value = 56:
c [Label = 259] Encoding duration: 4575ms.
c [Label = 259] Number of clauses: 2833509.
c [Label = 259] Number of variables: 399730.
c [Label = 259] Solving duration: 11559 ms.
s [Label = 259] SAT (w = 56).
c [Label = 259] Label assignment: 1 1 1 1 1 1 1 1 1 1 1 1 1 57 1 57 1 1 57 57 1 1 57 57 1 57 57 1 1 1 1 1 1 57 1 1 1 57 1 1 1 1 1 1 1 1 1 1 1 57 113 1 57 1 57 57 1 57 57 57 1 113 57 1 57 57 57 1 57 1 57 1 57 1 1 1 1 57 57 1 57 1 57 1 57 57 1 1 57 57 57 57 113 57 1 258 1 1 113 1 57 57 169 57 113 1 113 57 57 57 57 1 113 57 1 1 113 1 113 57 1 57 113 57 202 57 169 57 1 113 57 113 113 113 113 1 113 1 1 113 57 57 202 113 1 113 57 169 57 113 1 1 229 57 169 57 113 113 57 202 57 203 113 1 169 57 1 57 113 169 1 146 113 57 1 1 113 113 1 57 57 113 57 57 203 225 57 169 1 57 146 57 225 113 1 113 57 113 1 113 225 202 113 113 169 258 169 57 113 258 169 113 202 1 113 146 57 258 57 1 146 57 2 202 259 146 90 113 146 169 1 1 1 1 171 259 61 169 2 57 146 90 113 146 227 113 169 259 113 259 113 235 258 258 114 1 57 113 171 258 57 173 113 146 203 1 169 57 169 202 202 113 259 1 178 259 113 225 258 113 202 146 57 113 146 259 259 170 258 113 169 1 259 259 113 259 146 202 1 171 57 147 169 57 113 57 228 146 90 58 113 202 57 258 259 57 202 169 259 258 202 259 1 113 113 169 57 146 202 171 259 258 258 202 146 57 259 258 202 57 57 259 258 169 169 202 259 1 173 57 1 259 146 57 258 259 169 115 169 202 113 57 227 122 113 169 258 118 203 258 258 169 146 57 202 1 57 169 259 57 113 113 146 1 258 59 1 113 171 259 202 169 258 202 169 146 169 171 57 1 258 1 174 1 113 169 115 113 258 113 169 259 179 113 259 203 202 202 113 169 146 113 113 258 1 147 113 229 176 258 259 169 147 259 258 259 113 113 258 259 169 259 259 202 203 258 169 113 258 259 57 259 57 169 202 258 57 122 258 172 259 57 113 113 147 1 113 259 259 259 1 202 57 258 113 113 113 259 169 2 202 169 169 169 225 259 113 57 113 258 259 171 57 1 1 230 259 259 169 203 169 202 1 202 113 169 1 258 202 225 202 202 146 203 169 203 202 202 178 202 57 258 259 147 169 225 90 34 90 57 146 1 258 169 58 57 113 1 259 1 1 202 258 113 202 225 115 1 225 57 57 169 202 1 259 114 1 1 1 169 113 225 225 1 258 57 258 258 258 1 58 169 225 57 169 2 57 173 225 57 57 259 258 259 62 202 113 90 57 146 203 113 
c [Signal] Signal interruption. Caught signal: SIGTERM (15).
c [Label = 260] Encoding starts with target value = 56:
c [Label = 260] Encoding duration: 4619ms.
c [Label = 260] Number of clauses: 2845494.
c [Label = 260] Number of variables: 400914.
c [Label = 260] Solving duration: 11482 ms.
s [Label = 260] SAT (w = 56).
c [Label = 260] Label assignment: 1 1 1 1 1 1 1 1 1 1 1 1 1 57 1 57 1 1 57 57 1 1 57 57 1 57 57 1 1 1 1 1 1 57 1 1 1 57 1 1 1 1 1 1 1 1 1 1 1 57 113 1 57 1 57 57 1 57 57 57 1 113 57 1 57 57 57 1 57 1 57 1 57 1 1 1 1 57 57 1 57 1 57 1 57 57 1 1 57 57 57 57 113 57 1 259 1 1 113 1 57 57 169 57 113 1 113 57 57 57 57 1 113 57 1 1 113 1 113 57 1 57 113 57 203 57 169 57 1 113 57 113 113 113 113 1 113 1 1 113 57 57 203 113 1 113 57 169 57 113 1 1 229 57 169 57 113 113 57 203 57 204 113 1 169 57 1 57 113 169 1 147 113 57 1 1 113 113 1 57 57 113 57 57 204 225 57 169 1 57 147 57 225 113 1 113 57 113 1 113 225 203 113 113 169 259 169 57 113 259 169 113 203 1 113 147 57 259 57 1 147 57 2 203 260 147 91 113 147 169 1 1 1 1 171 260 61 169 2 57 147 91 113 147 227 113 169 260 113 260 113 235 259 259 114 1 57 113 171 259 57 173 113 147 204 1 169 57 169 203 203 113 260 1 178 260 113 225 259 113 203 147 57 113 147 260 260 170 259 113 169 1 260 260 113 260 147 203 1 171 57 148 169 57 113 57 228 147 91 58 113 203 57 259 260 57 203 169 260 259 203 260 1 113 113 169 57 147 203 171 260 259 259 203 147 57 260 259 203 57 57 260 259 169 169 203 260 1 173 57 1 260 147 57 259 260 169 115 169 203 113 57 227 122 113 169 259 118 204 259 259 169 147 57 203 1 57 169 260 57 113 113 147 1 259 59 1 113 171 260 203 169 259 203 169 147 169 171 57 1 259 1 174 1 113 169 115 113 259 113 169 260 179 113 260 204 203 203 113 169 147 113 113 259 1 148 113 229 176 259 260 169 148 260 259 260 113 113 259 260 169 260 260 203 204 259 169 113 259 260 57 260 57 169 203 259 57 122 259 172 260 57 113 113 148 1 113 260 260 260 1 203 57 259 113 113 113 260 169 2 203 169 169 169 225 260 113 57 113 259 260 171 57 1 1 230 260 260 169 204 169 203 1 203 113 169 1 259 203 225 203 203 147 204 169 204 203 203 178 203 57 259 260 148 169 225 91 35 91 57 147 1 259 169 58 57 113 1 260 1 1 203 259 113 203 225 115 1 225 57 57 169 203 1 260 114 1 1 1 169 113 225 225 1 259 57 259 259 259 1 58 169 225 57 169 2 57 173 225 57 57 260 259 260 62 203 113 91 57 147 204 113 
c [Signal] Signal interruption. Caught signal: SIGTERM (15).
c [Label = 261] Encoding starts with target value = 56:
c [Label = 261] Encoding duration: 4605ms.
c [Label = 261] Number of clauses: 2857478.
c [Label = 261] Number of variables: 402098.
c [Label = 261] Solving duration: 11942 ms.
s [Label = 261] SAT (w = 56).
c [Label = 261] Label assignment: 1 1 1 1 1 1 1 1 1 1 1 1 1 57 1 57 1 1 57 57 1 1 57 57 1 57 57 1 1 1 1 1 1 57 1 1 1 57 1 1 1 1 1 1 1 1 1 1 1 57 113 1 57 1 57 57 1 57 57 57 1 113 57 1 57 57 57 1 57 1 57 1 57 1 1 1 1 57 57 1 57 1 57 1 57 57 1 1 57 57 57 57 113 57 1 260 1 1 113 1 57 57 169 57 113 1 113 57 57 57 57 1 113 57 1 1 113 1 113 57 1 57 113 57 204 57 169 57 1 113 57 113 113 113 113 1 113 1 1 113 57 57 204 113 1 113 57 169 57 113 1 1 229 57 169 57 113 113 57 204 57 205 113 1 169 57 1 57 113 169 1 148 113 57 1 1 113 113 1 57 57 113 57 57 205 225 57 169 1 57 148 57 225 113 1 113 57 113 1 113 225 204 113 113 169 260 169 57 113 260 169 113 204 1 113 148 57 260 57 1 148 57 2 204 261 148 92 113 148 169 1 1 1 1 171 261 61 169 2 57 148 92 113 148 227 113 169 261 113 261 113 235 260 260 114 1 57 113 171 260 57 173 113 148 205 1 169 57 169 204 204 113 261 1 178 261 113 225 260 113 204 148 57 113 148 261 261 170 260 113 169 1 261 261 113 261 148 204 1 171 57 149 169 57 113 57 228 148 92 58 113 204 57 260 261 57 204 169 261 260 204 261 1 113 113 169 57 148 204 171 261 260 260 204 148 57 261 260 204 57 57 261 260 169 169 204 261 1 173 57 1 261 148 57 260 261 169 115 169 204 113 57 227 122 113 169 260 118 205 260 260 169 148 57 204 1 57 169 261 57 113 113 148 1 260 59 1 113 171 261 204 169 260 204 169 148 169 171 57 1 260 1 174 1 113 169 115 113 260 113 169 261 179 113 261 205 204 204 113 169 148 113 113 260 1 149 113 229 176 260 261 169 149 261 260 261 113 113 260 261 169 261 261 204 205 260 169 113 260 261 57 261 57 169 204 260 57 122 260 172 261 57 113 113 149 1 113 261 261 261 1 204 57 260 113 113 113 261 169 2 204 169 169 169 225 261 113 57 113 260 261 171 57 1 1 230 261 261 169 205 169 204 1 204 113 169 1 260 204 225 204 204 148 205 169 205 204 204 178 204 57 260 261 149 169 225 92 36 92 57 148 1 260 169 58 57 113 1 261 1 1 204 260 113 204 225 115 1 225 57 57 169 204 1 261 114 1 1 1 169 113 225 225 1 260 57 260 260 260 1 58 169 225 57 169 2 57 173 225 57 57 261 260 261 62 204 113 92 57 148 205 113 
c [Signal] Signal interruption. Caught signal: SIGTERM (15).
c [Main] Lowest label SAT is set to 257.
c [Main] Kill higher label pid 258.
c [Main] Kill higher label pid 259.
c [Main] Kill higher label pid 260.
c [Main] Kill higher label pid 261.
c [Main] Kill higher label pid 262.
c [Main] Kill higher label pid 263.
c [Main] Kill higher label pid 264.
c [Label = 262] Encoding starts with target value = 56:
c [Label = 262] Encoding duration: 4641ms.
c [Label = 262] Number of clauses: 2869463.
c [Label = 262] Number of variables: 403282.
c [Label = 262] Solving duration: 11526 ms.
s [Label = 262] SAT (w = 56).
c [Label = 262] Label assignment: 1 1 1 1 1 1 1 1 1 1 1 1 1 57 1 57 1 1 57 57 1 1 57 57 1 57 57 1 1 1 1 1 1 57 1 1 1 57 1 1 1 1 1 1 1 1 1 1 1 57 113 1 57 1 57 57 1 57 57 57 1 113 57 1 57 57 57 1 57 1 57 1 57 1 1 1 1 57 57 1 57 1 57 1 57 57 1 1 57 57 57 57 113 57 1 261 1 1 113 1 57 57 169 57 113 1 113 57 57 57 57 1 113 57 1 1 113 1 113 57 1 57 113 57 205 57 169 57 1 113 57 113 113 113 113 1 113 1 1 113 57 57 205 113 1 113 57 169 57 113 1 1 229 57 169 57 113 113 57 205 57 206 113 1 169 57 1 57 113 169 1 149 113 57 1 1 113 113 1 57 57 113 57 57 206 225 57 169 1 57 149 57 225 113 1 113 57 113 1 113 225 205 113 113 169 261 169 57 113 261 169 113 205 1 113 149 57 261 57 1 149 57 2 205 262 149 93 113 149 169 1 1 1 1 171 262 61 169 2 57 149 93 113 149 227 113 169 262 113 262 113 235 261 261 114 1 57 113 171 261 57 173 113 149 206 1 169 57 169 205 205 113 262 1 178 262 113 225 261 113 205 149 57 113 149 262 262 170 261 113 169 1 262 262 113 262 149 205 1 171 57 150 169 57 113 57 228 149 93 58 113 205 57 261 262 57 205 169 262 261 205 262 1 113 113 169 57 149 205 171 262 261 261 205 149 57 262 261 205 57 57 262 261 169 169 205 262 1 173 57 1 262 149 57 261 262 169 115 169 205 113 57 227 122 113 169 261 118 206 261 261 169 149 57 205 1 57 169 262 57 113 113 149 1 261 59 1 113 171 262 205 169 261 205 169 149 169 171 57 1 261 1 174 1 113 169 115 113 261 113 169 262 179 113 262 206 205 205 113 169 149 113 113 261 1 150 113 229 176 261 262 169 150 262 261 262 113 113 261 262 169 262 262 205 206 261 169 113 261 262 57 262 57 169 205 261 57 122 261 172 262 57 113 113 150 1 113 262 262 262 1 205 57 261 113 113 113 262 169 2 205 169 169 169 225 262 113 57 113 261 262 171 57 1 1 230 262 262 169 206 169 205 1 205 113 169 1 261 205 225 205 205 149 206 169 206 205 205 178 205 57 261 262 150 169 225 93 37 93 57 149 1 261 169 58 57 113 1 262 1 1 205 261 113 205 225 115 1 225 57 57 169 205 1 262 114 1 1 1 169 113 225 225 1 261 57 261 261 261 1 58 169 225 57 169 2 57 173 225 57 57 262 261 262 62 205 113 93 57 149 206 113 
c [Signal] Signal interruption. Caught signal: SIGTERM (15).
c [Label = 263] Encoding starts with target value = 56:
c [Label = 263] Encoding duration: 4642ms.
c [Label = 263] Number of clauses: 2881447.
c [Label = 263] Number of variables: 404466.
c [Label = 263] Solving duration: 11608 ms.
s [Label = 263] SAT (w = 56).
c [Label = 263] Label assignment: 1 1 1 1 1 1 1 1 1 1 1 1 1 57 1 57 1 1 57 57 1 1 57 57 1 57 57 1 1 1 1 1 1 57 1 1 1 57 1 1 1 1 1 1 1 1 1 1 1 57 113 1 57 1 57 57 1 57 57 57 1 113 57 1 57 57 57 1 57 1 57 1 57 1 1 1 1 57 57 1 57 1 57 1 57 57 1 1 57 57 57 57 113 57 1 262 1 1 113 1 57 57 169 57 113 1 113 57 57 57 57 1 113 57 1 1 113 1 113 57 1 57 113 57 206 57 169 57 1 113 57 113 113 113 113 1 113 1 1 113 57 57 206 113 1 113 57 169 57 113 1 1 229 57 169 57 113 113 57 206 57 207 113 1 169 57 1 57 113 169 1 150 113 57 1 1 113 113 1 57 57 113 57 57 207 225 57 169 1 57 150 57 225 113 1 113 57 113 1 113 225 206 113 113 169 262 169 57 113 262 169 113 206 1 113 150 57 262 57 1 150 57 2 206 263 150 94 113 150 169 1 1 1 1 171 263 61 169 2 57 150 94 113 150 227 113 169 263 113 263 113 235 262 262 114 1 57 113 171 262 57 173 113 150 207 1 169 57 169 206 206 113 263 1 178 263 113 225 262 113 206 150 57 113 150 263 263 170 262 113 169 1 263 263 113 263 150 206 1 171 57 151 169 57 113 57 228 150 94 58 113 206 57 262 263 57 206 169 263 262 206 263 1 113 113 169 57 150 206 171 263 262 262 206 150 57 263 262 206 57 57 263 262 169 169 206 263 1 173 57 1 263 150 57 262 263 169 115 169 206 113 57 227 122 113 169 262 118 207 262 262 169 150 57 206 1 57 169 263 57 113 113 150 1 262 59 1 113 171 263 206 169 262 206 169 150 169 171 57 1 262 1 174 1 113 169 115 113 262 113 169 263 179 113 263 207 206 206 113 169 150 113 113 262 1 151 113 229 176 262 263 169 151 263 262 263 113 113 262 263 169 263 263 206 207 262 169 113 262 263 57 263 57 169 206 262 57 122 262 172 263 57 113 113 151 1 113 263 263 263 1 206 57 262 113 113 113 263 169 2 206 169 169 169 225 263 113 57 113 262 263 171 57 1 1 230 263 263 169 207 169 206 1 206 113 169 1 262 206 225 206 206 150 207 169 207 206 206 178 206 57 262 263 151 169 225 94 38 94 57 150 1 262 169 58 57 113 1 263 1 1 206 262 113 206 225 115 1 225 57 57 169 206 1 263 114 1 1 1 169 113 225 225 1 262 57 262 262 262 1 58 169 225 57 169 2 57 173 225 57 57 263 262 263 62 206 113 94 57 150 207 113 
c [Signal] Signal interruption. Caught signal: SIGTERM (15).
c [Label = 264] Encoding starts with target value = 56:
c [Label = 264] Encoding duration: 4726ms.
c [Label = 264] Number of clauses: 2893432.
c [Label = 264] Number of variables: 405650.
c [Label = 264] Solving duration: 11638 ms.
s [Label = 264] SAT (w = 56).
c [Label = 264] Label assignment: 1 1 1 1 1 1 1 1 1 1 1 1 1 57 1 57 1 1 57 57 1 1 57 57 1 57 57 1 1 1 1 1 1 57 1 1 1 57 1 1 1 1 1 1 1 1 1 1 1 57 113 1 57 1 57 57 1 57 57 57 1 113 57 1 57 57 57 1 57 1 57 1 57 1 1 1 1 57 57 1 57 1 57 1 57 57 1 1 57 57 57 57 113 57 1 263 1 1 113 1 57 57 169 57 113 1 113 57 57 57 57 1 113 57 1 1 113 1 113 57 1 57 113 57 207 57 169 57 1 113 57 113 113 113 113 1 113 1 1 113 57 57 207 113 1 113 57 169 57 113 1 1 229 57 169 57 113 113 57 207 57 208 113 1 169 57 1 57 113 169 1 151 113 57 1 1 113 113 1 57 57 113 57 57 208 225 57 169 1 57 151 57 225 113 1 113 57 113 1 113 225 207 113 113 169 263 169 57 113 263 169 113 207 1 113 151 57 263 57 1 151 57 2 207 264 151 95 113 151 169 1 1 1 1 171 264 61 169 2 57 151 95 113 151 227 113 169 264 113 264 113 235 263 263 114 1 57 113 171 263 57 173 113 151 208 1 169 57 169 207 207 113 264 1 178 264 113 225 263 113 207 151 57 113 151 264 264 170 263 113 169 1 264 264 113 264 151 207 1 171 57 152 169 57 113 57 228 151 95 58 113 207 57 263 264 57 207 169 264 263 207 264 1 113 113 169 57 151 207 171 264 263 263 207 151 57 264 263 207 57 57 264 263 169 169 207 264 1 173 57 1 264 151 57 263 264 169 115 169 207 113 57 227 122 113 169 263 118 208 263 263 169 151 57 207 1 57 169 264 57 113 113 151 1 263 59 1 113 171 264 207 169 263 207 169 151 169 171 57 1 263 1 174 1 113 169 115 113 263 113 169 264 179 113 264 208 207 207 113 169 151 113 113 263 1 152 113 229 176 263 264 169 152 264 263 264 113 113 263 264 169 264 264 207 208 263 169 113 263 264 57 264 57 169 207 263 57 122 263 172 264 57 113 113 152 1 113 264 264 264 1 207 57 263 113 113 113 264 169 2 207 169 169 169 225 264 113 57 113 263 264 171 57 1 1 230 264 264 169 208 169 207 1 207 113 169 1 263 207 225 207 207 151 208 169 208 207 207 178 207 57 263 264 152 169 225 95 39 95 57 151 1 263 169 58 57 113 1 264 1 1 207 263 113 207 225 115 1 225 57 57 169 207 1 264 114 1 1 1 169 113 225 225 1 263 57 263 263 263 1 58 169 225 57 169 2 57 173 225 57 57 264 263 264 62 207 113 95 57 151 208 113 
c [Signal] Signal interruption. Caught signal: SIGTERM (15).
c [Label = 256] Minimize Makespan Labeling problem (T-dwt__592.mtx.rnd):
c [Main] Child pid 259 - 54362 terminated by signal 15.
c [Label = 255] Minimize Makespan Labeling problem (T-dwt__592.mtx.rnd):
c [Main] Child pid 261 - 54360 terminated by signal 15.
c [Label = 254] Minimize Makespan Labeling problem (T-dwt__592.mtx.rnd):
c [Main] Child pid 262 - 54359 terminated by signal 15.
c [Label = 253] Minimize Makespan Labeling problem (T-dwt__592.mtx.rnd):
c [Main] Child pid 258 - 54363 terminated by signal 15.
c [Main] Child pid 260 - 54361 terminated by signal 15.
c [Label = 252] Minimize Makespan Labeling problem (T-dwt__592.mtx.rnd):
c [Main] Child pid 264 - 54357 terminated by signal 15.
c [Label = 250] Minimize Makespan Labeling problem (T-dwt__592.mtx.rnd):
c [Label = 251] Minimize Makespan Labeling problem (T-dwt__592.mtx.rnd):
c [Main] Child pid 263 - 54358 terminated by signal 15.
c [Label = 249] Minimize Makespan Labeling problem (T-dwt__592.mtx.rnd):
c [Label = 256] Encoding starts with target value = 56:
c [Label = 256] Encoding duration: 4436ms.
c [Label = 256] Number of clauses: 2797556.
c [Label = 256] Number of variables: 396178.
c [Label = 256] Solving duration: 11482 ms.
s [Label = 256] SAT (w = 56).
c [Label = 256] Label assignment: 1 1 1 1 1 1 1 1 1 1 1 1 1 57 1 57 1 1 57 57 1 1 57 57 1 57 57 1 1 1 1 1 1 57 1 1 1 57 1 1 1 1 1 1 1 1 1 1 1 57 113 1 57 1 57 57 1 57 57 57 1 113 57 1 57 57 57 1 57 1 57 1 57 1 1 1 1 57 57 1 57 1 57 1 57 57 1 1 57 57 57 57 113 57 1 255 1 1 113 1 57 57 169 57 113 1 113 57 57 57 57 1 113 57 1 1 113 1 113 57 1 57 113 57 199 57 169 57 1 113 57 113 113 113 113 1 113 1 1 113 57 57 199 113 1 113 57 169 57 113 1 1 229 57 169 57 113 113 57 199 57 200 113 1 169 57 1 57 113 169 1 143 113 57 1 1 113 113 1 57 57 113 57 57 200 225 57 169 1 57 143 57 225 113 1 113 57 113 1 113 225 199 113 113 169 255 169 57 113 255 169 113 199 1 113 143 57 255 57 1 143 57 2 199 256 143 87 113 143 169 1 1 1 1 171 256 61 169 2 57 143 87 113 143 227 113 169 256 113 256 113 235 255 255 114 1 57 113 171 255 57 173 113 143 200 1 169 57 169 199 199 113 256 1 178 256 113 225 255 113 199 143 57 113 143 256 256 170 255 113 169 1 256 256 113 256 143 199 1 171 57 144 169 57 113 57 228 143 87 58 113 199 57 255 256 57 199 169 256 255 199 256 1 113 113 169 57 143 199 171 256 255 255 199 143 57 256 255 199 57 57 256 255 169 169 199 256 1 173 57 1 256 143 57 255 256 169 115 169 199 113 57 227 122 113 169 255 118 200 255 255 169 143 57 199 1 57 169 256 57 113 113 143 1 255 59 1 113 171 256 199 169 255 199 169 143 169 171 57 1 255 1 174 1 113 169 115 113 255 113 169 256 179 113 256 200 199 199 113 169 143 113 113 255 1 144 113 229 176 255 256 169 144 256 255 256 113 113 255 256 169 256 256 199 200 255 169 113 255 256 57 256 57 169 199 255 57 122 255 172 256 57 113 113 144 1 113 256 256 256 1 199 57 255 113 113 113 256 169 2 199 169 169 169 225 256 113 57 113 255 256 171 57 1 1 230 256 256 169 200 169 199 1 199 113 169 1 255 199 225 199 199 143 200 169 200 199 199 178 199 57 255 256 144 169 225 87 31 87 57 143 1 255 169 58 57 113 1 256 1 1 199 255 113 199 225 115 1 225 57 57 169 199 1 256 114 1 1 1 169 113 225 225 1 255 57 255 255 255 1 58 169 225 57 169 2 57 173 225 57 57 256 255 256 62 199 113 87 57 143 200 113 
c [Main] Lowest label SAT is set to 256.
c [Label = 248] Minimize Makespan Labeling problem (T-dwt__592.mtx.rnd):
c [Label = 249] Encoding starts with target value = 56:
c [Label = 249] Encoding duration: 4318ms.
c [Label = 249] Number of clauses: 2713664.
c [Label = 249] Number of variables: 387890.
c [Label = 249] Solving duration: 15442 ms.
s [Label = 249] SAT (w = 56).
c [Label = 249] Label assignment: 1 1 1 1 1 1 1 1 1 1 1 1 1 57 1 57 1 1 57 57 1 1 57 57 1 57 57 1 1 1 1 1 1 57 1 1 1 57 1 1 1 1 1 1 1 1 1 1 1 57 113 1 57 1 57 57 1 57 57 57 1 113 57 1 57 57 57 1 57 1 57 1 57 1 1 1 1 57 57 1 57 1 57 1 57 57 1 1 57 57 57 57 113 57 1 248 1 1 113 1 57 57 169 57 113 1 113 57 57 57 57 1 113 57 1 1 113 1 113 57 1 57 113 57 192 57 169 57 1 113 57 113 113 113 113 1 113 1 1 113 57 57 192 113 1 113 57 169 57 113 1 1 229 57 169 57 113 113 57 192 57 193 113 1 169 57 1 57 113 169 1 136 113 57 1 1 113 113 1 57 57 113 57 57 193 225 57 169 1 57 136 57 225 113 1 113 57 113 1 113 225 192 113 113 169 248 169 57 113 248 169 113 192 1 113 136 57 248 57 1 136 57 2 192 249 136 80 113 136 169 1 1 1 1 171 249 61 169 2 57 136 80 113 136 227 113 169 249 113 249 113 235 248 248 114 1 57 113 171 248 57 173 113 136 193 1 169 57 169 192 192 113 249 1 178 249 113 225 248 113 192 136 57 113 136 249 249 170 248 113 169 1 249 249 113 249 136 192 1 171 57 137 169 57 113 57 228 136 80 58 113 192 57 248 249 57 192 169 249 248 192 249 1 113 113 169 57 136 192 171 249 248 248 192 136 57 249 248 192 57 57 249 248 169 169 192 249 1 173 57 1 249 136 57 248 249 169 115 169 192 113 57 227 122 113 169 248 118 193 248 248 169 136 57 192 1 57 169 249 57 113 113 136 1 248 59 1 113 171 249 192 169 248 192 169 136 169 171 57 1 248 1 174 1 113 169 115 113 248 113 169 249 179 113 249 193 192 192 113 169 136 113 113 248 1 137 113 230 176 248 249 169 137 249 248 249 113 113 248 249 169 249 249 192 193 248 169 113 248 249 57 249 57 169 192 248 57 122 248 172 249 57 113 113 137 1 113 249 249 249 1 192 57 248 113 113 113 249 169 2 192 169 169 169 225 249 113 57 113 248 249 171 57 1 1 230 249 249 169 193 169 192 1 192 113 169 1 248 192 225 192 192 136 193 169 193 192 192 178 192 57 248 249 137 169 225 80 24 80 57 136 1 248 169 58 57 113 1 249 1 1 192 248 113 192 225 115 1 225 57 57 169 192 1 249 114 1 1 1 169 113 225 225 1 248 57 248 248 248 1 58 170 225 57 169 2 57 174 225 57 57 249 248 249 62 192 113 80 57 136 193 113 
c [Label = 252] Encoding starts with target value = 56:
c [Label = 252] Encoding duration: 4363ms.
c [Label = 252] Number of clauses: 2749618.
c [Label = 252] Number of variables: 391442.
c [Label = 252] Solving duration: 15505 ms.
s [Label = 252] SAT (w = 56).
c [Label = 252] Label assignment: 1 1 1 1 1 1 1 1 1 1 1 1 1 57 1 57 1 1 57 57 1 1 57 57 1 57 57 1 1 1 1 1 1 57 1 1 1 57 1 1 1 1 1 1 1 1 1 1 1 57 113 1 57 1 57 57 1 57 57 57 1 113 57 1 57 57 57 1 57 1 57 1 57 1 1 1 1 57 57 1 57 1 57 1 57 57 1 1 57 57 57 57 113 57 1 251 1 1 113 1 57 57 169 57 113 1 113 57 57 57 57 1 113 57 1 1 113 1 113 57 1 57 113 57 195 57 169 57 1 113 57 113 113 113 113 1 113 1 1 113 57 57 195 113 1 113 57 169 57 113 1 1 229 57 169 57 113 113 57 195 57 196 113 1 169 57 1 57 113 169 1 139 113 57 1 1 113 113 1 57 57 113 57 57 196 225 57 169 1 57 139 57 225 113 1 113 57 113 1 113 225 195 113 113 169 251 169 57 113 251 169 113 195 1 113 139 57 251 57 1 139 57 2 195 252 139 83 113 139 169 1 1 1 1 171 252 61 169 2 57 139 83 113 139 227 113 169 252 113 252 113 235 251 251 114 1 57 113 171 251 57 173 113 139 196 1 169 57 169 195 195 113 252 1 178 252 113 225 251 113 195 139 57 113 139 252 252 170 251 113 169 1 252 252 113 252 139 195 1 171 57 140 169 57 113 57 228 139 83 58 113 195 57 251 252 57 195 169 252 251 195 252 1 113 113 169 57 139 195 171 252 251 251 195 139 57 252 251 195 57 57 252 251 169 169 195 252 1 173 57 1 252 139 57 251 252 169 115 169 195 113 57 227 122 113 169 251 118 196 251 251 169 139 57 195 1 57 169 252 57 113 113 139 1 251 59 1 113 171 252 195 169 251 195 169 139 169 171 57 1 251 1 174 1 113 169 115 113 251 113 169 252 179 113 252 196 195 195 113 169 139 113 113 251 1 140 113 230 176 251 252 169 140 252 251 252 113 113 251 252 169 252 252 195 196 251 169 113 251 252 57 252 57 169 195 251 57 122 251 172 252 57 113 113 140 1 113 252 252 252 1 195 57 251 113 113 113 252 169 2 195 169 169 169 225 252 113 57 113 251 252 171 57 1 1 230 252 252 169 196 169 195 1 195 113 169 1 251 195 225 195 195 139 196 169 196 195 195 178 195 57 251 252 140 169 225 83 27 83 57 139 1 251 169 58 57 113 1 252 1 1 195 251 113 195 225 115 1 225 57 57 169 195 1 252 114 1 1 1 169 113 225 225 1 251 57 251 251 251 1 58 170 225 57 169 2 57 174 225 57 57 252 251 252 62 195 113 83 57 139 196 113 
c [Signal] Signal interruption. Caught signal: SIGTERM (15).
c [Label = 253] Encoding starts with target value = 56:
c [Label = 253] Encoding duration: 4329ms.
c [Label = 253] Number of clauses: 2761602.
c [Label = 253] Number of variables: 392626.
c [Label = 253] Solving duration: 15776 ms.
s [Label = 253] SAT (w = 56).
c [Label = 253] Label assignment: 1 1 1 1 1 1 1 1 1 1 1 1 1 57 1 57 1 1 57 57 1 1 57 57 1 57 57 1 1 1 1 1 1 57 1 1 1 57 1 1 1 1 1 1 1 1 1 1 1 57 113 1 57 1 57 57 1 57 57 57 1 113 57 1 57 57 57 1 57 1 57 1 57 1 1 1 1 57 57 1 57 1 57 1 57 57 1 1 57 57 57 57 113 57 1 252 1 1 113 1 57 57 169 57 113 1 113 57 57 57 57 1 113 57 1 1 113 1 113 57 1 57 113 57 196 57 169 57 1 113 57 113 113 113 113 1 113 1 1 113 57 57 196 113 1 113 57 169 57 113 1 1 229 57 169 57 113 113 57 196 57 197 113 1 169 57 1 57 113 169 1 140 113 57 1 1 113 113 1 57 57 113 57 57 197 225 57 169 1 57 140 57 225 113 1 113 57 113 1 113 225 196 113 113 169 252 169 57 113 252 169 113 196 1 113 140 57 252 57 1 140 57 2 196 253 140 84 113 140 169 1 1 1 1 171 253 61 169 2 57 140 84 113 140 227 113 169 253 113 253 113 235 252 252 114 1 57 113 171 252 57 173 113 140 197 1 169 57 169 196 196 113 253 1 178 253 113 225 252 113 196 140 57 113 140 253 253 170 252 113 169 1 253 253 113 253 140 196 1 171 57 141 169 57 113 57 228 140 84 58 113 196 57 252 253 57 196 169 253 252 196 253 1 113 113 169 57 140 196 171 253 252 252 196 140 57 253 252 196 57 57 253 252 169 169 196 253 1 173 57 1 253 140 57 252 253 169 115 169 196 113 57 227 122 113 169 252 118 197 252 252 169 140 57 196 1 57 169 253 57 113 113 140 1 252 59 1 113 171 253 196 169 252 196 169 140 169 171 57 1 252 1 174 1 113 169 115 113 252 113 169 253 179 113 253 197 196 196 113 169 140 113 113 252 1 141 113 230 176 252 253 169 141 253 252 253 113 113 252 253 169 253 253 196 197 252 169 113 252 253 57 253 57 169 196 252 57 122 252 172 253 57 113 113 141 1 113 253 253 253 1 196 57 252 113 113 113 253 169 2 196 169 169 169 225 253 113 57 113 252 253 171 57 1 1 230 253 253 169 197 169 196 1 196 113 169 1 252 196 225 196 196 140 197 169 197 196 196 178 196 57 252 253 141 169 225 84 28 84 57 140 1 252 169 58 57 113 1 253 1 1 196 252 113 196 225 115 1 225 57 57 169 196 1 253 114 1 1 1 169 113 225 225 1 252 57 252 252 252 1 58 170 225 57 169 2 57 174 225 57 57 253 252 253 62 196 113 84 57 140 197 113 
c [Signal] Signal interruption. Caught signal: SIGTERM (15).
c [Label = 255] Encoding starts with target value = 56:
c [Label = 255] Encoding duration: 4410ms.
c [Label = 255] Number of clauses: 2785571.
c [Label = 255] Number of variables: 394994.
c [Label = 255] Solving duration: 15725 ms.
s [Label = 255] SAT (w = 56).
c [Label = 255] Label assignment: 1 1 1 1 1 1 1 1 1 1 1 1 1 57 1 57 1 1 57 57 1 1 57 57 1 57 57 1 1 1 1 1 1 57 1 1 1 57 1 1 1 1 1 1 1 1 1 1 1 57 113 1 57 1 57 57 1 57 57 57 1 113 57 1 57 57 57 1 57 1 57 1 57 1 1 1 1 57 57 1 57 1 57 1 57 57 1 1 57 57 57 57 113 57 1 254 1 1 113 1 57 57 169 57 113 1 113 57 57 57 57 1 113 57 1 1 113 1 113 57 1 57 113 57 198 57 169 57 1 113 57 113 113 113 113 1 113 1 1 113 57 57 198 113 1 113 57 169 57 113 1 1 229 57 169 57 113 113 57 198 57 199 113 1 169 57 1 57 113 169 1 142 113 57 1 1 113 113 1 57 57 113 57 57 199 225 57 169 1 57 142 57 225 113 1 113 57 113 1 113 225 198 113 113 169 254 169 57 113 254 169 113 198 1 113 142 57 254 57 1 142 57 2 198 255 142 86 113 142 169 1 1 1 1 171 255 61 169 2 57 142 86 113 142 227 113 169 255 113 255 113 235 254 254 114 1 57 113 171 254 57 173 113 142 199 1 169 57 169 198 198 113 255 1 178 255 113 225 254 113 198 142 57 113 142 255 255 170 254 113 169 1 255 255 113 255 142 198 1 171 57 143 169 57 113 57 228 142 86 58 113 198 57 254 255 57 198 169 255 254 198 255 1 113 113 169 57 142 198 171 255 254 254 198 142 57 255 254 198 57 57 255 254 169 169 198 255 1 173 57 1 255 142 57 254 255 169 115 169 198 113 57 227 122 113 169 254 118 199 254 254 169 142 57 198 1 57 169 255 57 113 113 142 1 254 59 1 113 171 255 198 169 254 198 169 142 169 171 57 1 254 1 174 1 113 169 115 113 254 113 169 255 179 113 255 199 198 198 113 169 142 113 113 254 1 143 113 230 176 254 255 169 143 255 254 255 113 113 254 255 169 255 255 198 199 254 169 113 254 255 57 255 57 169 198 254 57 122 254 172 255 57 113 113 143 1 113 255 255 255 1 198 57 254 113 113 113 255 169 2 198 169 169 169 225 255 113 57 113 254 255 171 57 1 1 230 255 255 169 199 169 198 1 198 113 169 1 254 198 225 198 198 142 199 169 199 198 198 178 198 57 254 255 143 169 225 86 30 86 57 142 1 254 169 58 57 113 1 255 1 1 198 254 113 198 225 115 1 225 57 57 169 198 1 255 114 1 1 1 169 113 225 225 1 254 57 254 254 254 1 58 170 225 57 169 2 57 174 225 57 57 255 254 255 62 198 113 86 57 142 199 113 
c [Signal] Signal interruption. Caught signal: SIGTERM (15).
c [Label = 254] Encoding starts with target value = 56:
c [Label = 254] Encoding duration: 4329ms.
c [Label = 254] Number of clauses: 2773587.
c [Label = 254] Number of variables: 393810.
c [Label = 254] Solving duration: 15628 ms.
s [Label = 254] SAT (w = 56).
c [Label = 254] Label assignment: 1 1 1 1 1 1 1 1 1 1 1 1 1 57 1 57 1 1 57 57 1 1 57 57 1 57 57 1 1 1 1 1 1 57 1 1 1 57 1 1 1 1 1 1 1 1 1 1 1 57 113 1 57 1 57 57 1 57 57 57 1 113 57 1 57 57 57 1 57 1 57 1 57 1 1 1 1 57 57 1 57 1 57 1 57 57 1 1 57 57 57 57 113 57 1 253 1 1 113 1 57 57 169 57 113 1 113 57 57 57 57 1 113 57 1 1 113 1 113 57 1 57 113 57 197 57 169 57 1 113 57 113 113 113 113 1 113 1 1 113 57 57 197 113 1 113 57 169 57 113 1 1 229 57 169 57 113 113 57 197 57 198 113 1 169 57 1 57 113 169 1 141 113 57 1 1 113 113 1 57 57 113 57 57 198 225 57 169 1 57 141 57 225 113 1 113 57 113 1 113 225 197 113 113 169 253 169 57 113 253 169 113 197 1 113 141 57 253 57 1 141 57 2 197 254 141 85 113 141 169 1 1 1 1 171 254 61 169 2 57 141 85 113 141 227 113 169 254 113 254 113 235 253 253 114 1 57 113 171 253 57 173 113 141 198 1 169 57 169 197 197 113 254 1 178 254 113 225 253 113 197 141 57 113 141 254 254 170 253 113 169 1 254 254 113 254 141 197 1 171 57 142 169 57 113 57 228 141 85 58 113 197 57 253 254 57 197 169 254 253 197 254 1 113 113 169 57 141 197 171 254 253 253 197 141 57 254 253 197 57 57 254 253 169 169 197 254 1 173 57 1 254 141 57 253 254 169 115 169 197 113 57 227 122 113 169 253 118 198 253 253 169 141 57 197 1 57 169 254 57 113 113 141 1 253 59 1 113 171 254 197 169 253 197 169 141 169 171 57 1 253 1 174 1 113 169 115 113 253 113 169 254 179 113 254 198 197 197 113 169 141 113 113 253 1 142 113 230 176 253 254 169 142 254 253 254 113 113 253 254 169 254 254 197 198 253 169 113 253 254 57 254 57 169 197 253 57 122 253 172 254 57 113 113 142 1 113 254 254 254 1 197 57 253 113 113 113 254 169 2 197 169 169 169 225 254 113 57 113 253 254 171 57 1 1 230 254 254 169 198 169 197 1 197 113 169 1 253 197 225 197 197 141 198 169 198 197 197 178 197 57 253 254 142 169 225 85 29 85 57 141 1 253 169 58 57 113 1 254 1 1 197 253 113 197 225 115 1 225 57 57 169 197 1 254 114 1 1 1 169 113 225 225 1 253 57 253 253 253 1 58 170 225 57 169 2 57 174 225 57 57 254 253 254 62 197 113 85 57 141 198 113 
c [Signal] Signal interruption. Caught signal: SIGTERM (15).
c [Main] Lowest label SAT is set to 249.
c [Main] Kill higher label pid 252.
c [Main] Kill higher label pid 253.
c [Main] Kill higher label pid 254.
c [Main] Kill higher label pid 255.
c [Main] Kill higher label pid 250.
c [Main] Kill higher label pid 251.
c [Label = 250] Encoding starts with target value = 56:
c [Label = 250] Encoding duration: 4271ms.
c [Label = 250] Number of clauses: 2725649.
c [Label = 250] Number of variables: 389074.
c [Label = 250] Solving duration: 15689 ms.
s [Label = 250] SAT (w = 56).
c [Label = 250] Label assignment: 1 1 1 1 1 1 1 1 1 1 1 1 1 57 1 57 1 1 57 57 1 1 57 57 1 57 57 1 1 1 1 1 1 57 1 1 1 57 1 1 1 1 1 1 1 1 1 1 1 57 113 1 57 1 57 57 1 57 57 57 1 113 57 1 57 57 57 1 57 1 57 1 57 1 1 1 1 57 57 1 57 1 57 1 57 57 1 1 57 57 57 57 113 57 1 249 1 1 113 1 57 57 169 57 113 1 113 57 57 57 57 1 113 57 1 1 113 1 113 57 1 57 113 57 193 57 169 57 1 113 57 113 113 113 113 1 113 1 1 113 57 57 193 113 1 113 57 169 57 113 1 1 229 57 169 57 113 113 57 193 57 194 113 1 169 57 1 57 113 169 1 137 113 57 1 1 113 113 1 57 57 113 57 57 194 225 57 169 1 57 137 57 225 113 1 113 57 113 1 113 225 193 113 113 169 249 169 57 113 249 169 113 193 1 113 137 57 249 57 1 137 57 2 193 250 137 81 113 137 169 1 1 1 1 171 250 61 169 2 57 137 81 113 137 227 113 169 250 113 250 113 235 249 249 114 1 57 113 171 249 57 173 113 137 194 1 169 57 169 193 193 113 250 1 178 250 113 225 249 113 193 137 57 113 137 250 250 170 249 113 169 1 250 250 113 250 137 193 1 171 57 138 169 57 113 57 228 137 81 58 113 193 57 249 250 57 193 169 250 249 193 250 1 113 113 169 57 137 193 171 250 249 249 193 137 57 250 249 193 57 57 250 249 169 169 193 250 1 173 57 1 250 137 57 249 250 169 115 169 193 113 57 227 122 113 169 249 118 194 249 249 169 137 57 193 1 57 169 250 57 113 113 137 1 249 59 1 113 171 250 193 169 249 193 169 137 169 171 57 1 249 1 174 1 113 169 115 113 249 113 169 250 179 113 250 194 193 193 113 169 137 113 113 249 1 138 113 230 176 249 250 169 138 250 249 250 113 113 249 250 169 250 250 193 194 249 169 113 249 250 57 250 57 169 193 249 57 122 249 172 250 57 113 113 138 1 113 250 250 250 1 193 57 249 113 113 113 250 169 2 193 169 169 169 225 250 113 57 113 249 250 171 57 1 1 230 250 250 169 194 169 193 1 193 113 169 1 249 193 225 193 193 137 194 169 194 193 193 178 193 57 249 250 138 169 225 81 25 81 57 137 1 249 169 58 57 113 1 250 1 1 193 249 113 193 225 115 1 225 57 57 169 193 1 250 114 1 1 1 169 113 225 225 1 249 57 249 249 249 1 58 170 225 57 169 2 57 174 225 57 57 250 249 250 62 193 113 81 57 137 194 113 
c [Signal] Signal interruption. Caught signal: SIGTERM (15).
c [Label = 251] Encoding starts with target value = 56:
c [Label = 251] Encoding duration: 4296ms.
c [Label = 251] Number of clauses: 2737633.
c [Label = 251] Number of variables: 390258.
c [Label = 251] Solving duration: 15643 ms.
s [Label = 251] SAT (w = 56).
c [Label = 251] Label assignment: 1 1 1 1 1 1 1 1 1 1 1 1 1 57 1 57 1 1 57 57 1 1 57 57 1 57 57 1 1 1 1 1 1 57 1 1 1 57 1 1 1 1 1 1 1 1 1 1 1 57 113 1 57 1 57 57 1 57 57 57 1 113 57 1 57 57 57 1 57 1 57 1 57 1 1 1 1 57 57 1 57 1 57 1 57 57 1 1 57 57 57 57 113 57 1 250 1 1 113 1 57 57 169 57 113 1 113 57 57 57 57 1 113 57 1 1 113 1 113 57 1 57 113 57 194 57 169 57 1 113 57 113 113 113 113 1 113 1 1 113 57 57 194 113 1 113 57 169 57 113 1 1 229 57 169 57 113 113 57 194 57 195 113 1 169 57 1 57 113 169 1 138 113 57 1 1 113 113 1 57 57 113 57 57 195 225 57 169 1 57 138 57 225 113 1 113 57 113 1 113 225 194 113 113 169 250 169 57 113 250 169 113 194 1 113 138 57 250 57 1 138 57 2 194 251 138 82 113 138 169 1 1 1 1 171 251 61 169 2 57 138 82 113 138 227 113 169 251 113 251 113 235 250 250 114 1 57 113 171 250 57 173 113 138 195 1 169 57 169 194 194 113 251 1 178 251 113 225 250 113 194 138 57 113 138 251 251 170 250 113 169 1 251 251 113 251 138 194 1 171 57 139 169 57 113 57 228 138 82 58 113 194 57 250 251 57 194 169 251 250 194 251 1 113 113 169 57 138 194 171 251 250 250 194 138 57 251 250 194 57 57 251 250 169 169 194 251 1 173 57 1 251 138 57 250 251 169 115 169 194 113 57 227 122 113 169 250 118 195 250 250 169 138 57 194 1 57 169 251 57 113 113 138 1 250 59 1 113 171 251 194 169 250 194 169 138 169 171 57 1 250 1 174 1 113 169 115 113 250 113 169 251 179 113 251 195 194 194 113 169 138 113 113 250 1 139 113 230 176 250 251 169 139 251 250 251 113 113 250 251 169 251 251 194 195 250 169 113 250 251 57 251 57 169 194 250 57 122 250 172 251 57 113 113 139 1 113 251 251 251 1 194 57 250 113 113 113 251 169 2 194 169 169 169 225 251 113 57 113 250 251 171 57 1 1 230 251 251 169 195 169 194 1 194 113 169 1 250 194 225 194 194 138 195 169 195 194 194 178 194 57 250 251 139 169 225 82 26 82 57 138 1 250 169 58 57 113 1 251 1 1 194 250 113 194 225 115 1 225 57 57 169 194 1 251 114 1 1 1 169 113 225 225 1 250 57 250 250 250 1 58 170 225 57 169 2 57 174 225 57 57 251 250 251 62 194 113 82 57 138 195 113 
c [Signal] Signal interruption. Caught signal: SIGTERM (15).
c [Label = 247] Minimize Makespan Labeling problem (T-dwt__592.mtx.rnd):
c [Main] Child pid 254 - 54374 terminated by signal 15.
c [Label = 246] Minimize Makespan Labeling problem (T-dwt__592.mtx.rnd):
c [Main] Child pid 250 - 54378 terminated by signal 15.
c [Label = 245] Minimize Makespan Labeling problem (T-dwt__592.mtx.rnd):
c [Main] Child pid 252 - 54376 terminated by signal 15.
c [Main] Child pid 251 - 54377 terminated by signal 15.
c [Label = 244] Minimize Makespan Labeling problem (T-dwt__592.mtx.rnd):
c [Main] Child pid 253 - 54375 terminated by signal 15.
c [Label = 243] Minimize Makespan Labeling problem (T-dwt__592.mtx.rnd):
c [Label = 242] Minimize Makespan Labeling problem (T-dwt__592.mtx.rnd):
c [Main] Child pid 255 - 54373 terminated by signal 15.
c [Label = 241] Minimize Makespan Labeling problem (T-dwt__592.mtx.rnd):
c [Label = 248] Encoding starts with target value = 56:
c [Label = 248] Encoding duration: 4002ms.
c [Label = 248] Number of clauses: 2701680.
c [Label = 248] Number of variables: 386706.
c [Label = 248] Solving duration: 15025 ms.
s [Label = 248] SAT (w = 56).
c [Label = 248] Label assignment: 1 1 1 1 1 1 1 1 1 1 1 1 1 57 1 57 1 1 57 57 1 1 57 57 1 57 57 1 1 1 1 1 1 57 1 1 1 57 1 1 1 1 1 1 1 1 1 1 1 57 113 1 57 1 57 57 1 57 57 57 1 113 57 1 57 57 57 1 57 1 57 1 57 1 1 1 1 57 57 1 57 1 57 1 57 57 1 1 57 57 57 57 113 57 1 247 1 1 113 1 57 57 169 57 113 1 113 57 57 57 57 1 113 57 1 1 113 1 113 57 1 57 113 57 191 57 169 57 1 113 57 113 113 113 113 1 113 1 1 113 57 57 191 113 1 113 57 169 57 113 1 1 229 57 169 57 113 113 57 191 57 192 113 1 169 57 1 57 113 169 1 135 113 57 1 1 113 113 1 57 57 113 57 57 192 225 57 169 1 57 135 57 225 113 1 113 57 113 1 113 225 191 113 113 169 247 169 57 113 247 169 113 191 1 113 135 57 247 57 1 135 57 2 191 248 135 79 113 135 169 1 1 1 1 171 248 61 169 2 57 135 79 113 135 227 113 169 248 113 248 113 235 247 247 114 1 57 113 171 247 57 173 113 135 192 1 169 57 169 191 191 113 248 1 178 248 113 225 247 113 191 135 57 113 135 248 248 170 247 113 169 1 248 248 113 248 135 191 1 171 57 136 169 57 113 57 228 135 79 58 113 191 57 247 248 57 191 169 248 247 191 248 1 113 113 169 57 135 191 171 248 247 247 191 135 57 248 247 191 57 57 248 247 169 169 191 248 1 173 57 1 248 135 57 247 248 169 115 169 191 113 57 227 122 113 169 247 118 192 247 247 169 135 57 191 1 57 169 248 57 113 113 135 1 247 59 1 113 171 248 191 169 247 191 169 135 169 171 57 1 247 1 174 1 113 169 115 113 247 113 169 248 179 113 248 192 191 191 113 169 135 113 113 247 1 136 113 230 176 247 248 169 136 248 247 248 113 113 247 248 169 248 248 191 192 247 169 113 247 248 57 248 57 169 191 247 57 122 247 172 248 57 113 113 136 1 113 248 248 248 1 191 57 247 113 113 113 248 169 2 191 169 169 169 225 248 113 57 113 247 248 171 57 1 1 230 248 248 169 192 169 191 1 191 113 169 1 247 191 225 191 191 135 192 169 192 191 191 178 191 57 247 248 136 169 225 79 23 79 57 135 1 247 169 58 57 113 1 248 1 1 191 247 113 191 225 115 1 225 57 57 169 191 1 248 114 1 1 1 169 113 225 225 1 247 57 247 247 247 1 58 170 225 57 169 2 57 174 225 57 57 248 247 248 62 191 113 79 57 135 192 113 
c [Main] Lowest label SAT is set to 248.
c [Label = 240] Minimize Makespan Labeling problem (T-dwt__592.mtx.rnd):
c [Label = 244] Encoding starts with target value = 56:
c [Label = 244] Encoding duration: 3973ms.
c [Label = 244] Number of clauses: 2653742.
c [Label = 244] Number of variables: 381970.
c [Label = 244] Solving duration: 15077 ms.
s [Label = 244] SAT (w = 56).
c [Label = 244] Label assignment: 1 1 1 1 1 1 1 1 1 1 1 1 1 57 1 57 1 1 57 57 1 1 57 57 1 57 57 1 1 1 1 1 1 57 1 1 1 57 1 1 1 1 1 1 1 1 1 1 1 57 113 1 57 1 57 57 1 57 57 57 1 113 57 1 57 57 57 1 57 1 57 1 57 1 1 1 1 57 57 1 57 1 57 1 57 57 1 1 57 57 57 57 113 57 1 243 1 1 113 1 57 57 169 57 113 1 113 57 57 57 57 1 113 57 1 1 113 1 113 57 1 57 113 57 187 57 169 57 1 113 57 113 113 113 113 1 113 1 1 113 57 57 187 113 1 113 57 169 57 113 1 1 229 57 169 57 113 113 57 187 57 188 113 1 169 57 1 57 113 169 1 131 113 57 1 1 113 113 1 57 57 113 57 57 188 225 57 169 1 57 131 57 225 113 1 113 57 113 1 113 225 187 113 113 169 243 169 57 113 243 169 113 187 1 113 131 57 243 57 1 131 57 2 187 244 131 75 113 131 169 1 1 1 1 171 244 61 169 2 57 131 75 113 131 227 113 169 244 113 244 113 235 243 243 114 1 57 113 171 243 57 173 113 131 188 1 169 57 169 187 187 113 244 1 178 244 113 225 243 113 187 131 57 113 131 244 244 170 243 113 169 1 244 244 113 244 131 187 1 171 57 132 169 57 113 57 228 131 75 58 113 187 57 243 244 57 187 169 244 243 187 244 1 113 113 169 57 131 187 171 244 243 243 187 131 57 244 243 187 57 57 244 243 169 169 187 244 1 173 57 1 244 131 57 243 244 169 115 169 187 113 57 227 122 113 169 243 118 188 243 243 169 131 57 187 1 57 169 244 57 113 113 131 1 243 59 1 113 171 244 187 169 243 187 169 131 169 171 57 1 243 1 174 1 113 169 115 113 243 113 169 244 179 113 244 188 187 187 113 169 131 113 113 243 1 132 113 230 176 243 244 169 132 244 243 244 113 113 243 244 169 244 244 187 188 243 169 113 243 244 57 244 57 169 187 243 57 122 243 172 244 57 113 113 132 1 113 244 244 244 1 187 57 243 113 113 113 244 169 2 187 169 169 169 225 244 113 57 113 243 244 171 57 1 1 230 244 244 169 188 169 187 1 187 113 169 1 243 187 225 187 187 131 188 169 188 187 187 178 187 57 243 244 132 169 225 75 19 75 57 131 1 243 169 58 57 113 1 244 1 1 187 243 113 187 225 115 1 225 57 57 169 187 1 244 114 1 1 1 169 113 225 225 1 243 57 243 243 243 1 58 170 225 57 169 2 57 174 225 57 57 244 243 244 62 187 113 75 57 131 188 113 
c [Main] Lowest label SAT is set to 244.
c [Main] Kill higher label pid 245.
c [Main] Kill higher label pid 246.
c [Main] Kill higher label pid 247.
c [Label = 245] Encoding starts with target value = 56:
c [Label = 245] Encoding duration: 4188ms.
c [Label = 245] Number of clauses: 2665726.
c [Label = 245] Number of variables: 383154.
c [Label = 245] Solving duration: 15462 ms.
s [Label = 245] SAT (w = 56).
c [Label = 245] Label assignment: 1 1 1 1 1 1 1 1 1 1 1 1 1 57 1 57 1 1 57 57 1 1 57 57 1 57 57 1 1 1 1 1 1 57 1 1 1 57 1 1 1 1 1 1 1 1 1 1 1 57 113 1 57 1 57 57 1 57 57 57 1 113 57 1 57 57 57 1 57 1 57 1 57 1 1 1 1 57 57 1 57 1 57 1 57 57 1 1 57 57 57 57 113 57 1 244 1 1 113 1 57 57 169 57 113 1 113 57 57 57 57 1 113 57 1 1 113 1 113 57 1 57 113 57 188 57 169 57 1 113 57 113 113 113 113 1 113 1 1 113 57 57 188 113 1 113 57 169 57 113 1 1 229 57 169 57 113 113 57 188 57 189 113 1 169 57 1 57 113 169 1 132 113 57 1 1 113 113 1 57 57 113 57 57 189 225 57 169 1 57 132 57 225 113 1 113 57 113 1 113 225 188 113 113 169 244 169 57 113 244 169 113 188 1 113 132 57 244 57 1 132 57 2 188 245 132 76 113 132 169 1 1 1 1 171 245 61 169 2 57 132 76 113 132 227 113 169 245 113 245 113 235 244 244 114 1 57 113 171 244 57 173 113 132 189 1 169 57 169 188 188 113 245 1 178 245 113 225 244 113 188 132 57 113 132 245 245 170 244 113 169 1 245 245 113 245 132 188 1 171 57 133 169 57 113 57 228 132 76 58 113 188 57 244 245 57 188 169 245 244 188 245 1 113 113 169 57 132 188 171 245 244 244 188 132 57 245 244 188 57 57 245 244 169 169 188 245 1 173 57 1 245 132 57 244 245 169 115 169 188 113 57 227 122 113 169 244 118 189 244 244 169 132 57 188 1 57 169 245 57 113 113 132 1 244 59 1 113 171 245 188 169 244 188 169 132 169 171 57 1 244 1 174 1 113 169 115 113 244 113 169 245 179 113 245 189 188 188 113 169 132 113 113 244 1 133 113 230 176 244 245 169 133 245 244 245 113 113 244 245 169 245 245 188 189 244 169 113 244 245 57 245 57 169 188 244 57 122 244 172 245 57 113 113 133 1 113 245 245 245 1 188 57 244 113 113 113 245 169 2 188 169 169 169 225 245 113 57 113 244 245 171 57 1 1 230 245 245 169 189 169 188 1 188 113 169 1 244 188 225 188 188 132 189 169 189 188 188 178 188 57 244 245 133 169 225 76 20 76 57 132 1 244 169 58 57 113 1 245 1 1 188 244 113 188 225 115 1 225 57 57 169 188 1 245 114 1 1 1 169 113 225 225 1 244 57 244 244 244 1 58 170 225 57 169 2 57 174 225 57 57 245 244 245 62 188 113 76 57 132 189 113 
c [Signal] Signal interruption. Caught signal: SIGTERM (15).
c [Label = 246] Encoding starts with target value = 56:
c [Label = 246] Encoding duration: 4167ms.
c [Label = 246] Number of clauses: 2677711.
c [Label = 246] Number of variables: 384338.
c [Label = 246] Solving duration: 15863 ms.
s [Label = 246] SAT (w = 56).
c [Label = 246] Label assignment: 1 1 1 1 1 1 1 1 1 1 1 1 1 57 1 57 1 1 57 57 1 1 57 57 1 57 57 1 1 1 1 1 1 57 1 1 1 57 1 1 1 1 1 1 1 1 1 1 1 57 113 1 57 1 57 57 1 57 57 57 1 113 57 1 57 57 57 1 57 1 57 1 57 1 1 1 1 57 57 1 57 1 57 1 57 57 1 1 57 57 57 57 113 57 1 245 1 1 113 1 57 57 169 57 113 1 113 57 57 57 57 1 113 57 1 1 113 1 113 57 1 57 113 57 189 57 169 57 1 113 57 113 113 113 113 1 113 1 1 113 57 57 189 113 1 113 57 169 57 113 1 1 229 57 169 57 113 113 57 189 57 190 113 1 169 57 1 57 113 169 1 133 113 57 1 1 113 113 1 57 57 113 57 57 190 225 57 169 1 57 133 57 225 113 1 113 57 113 1 113 225 189 113 113 169 245 169 57 113 245 169 113 189 1 113 133 57 245 57 1 133 57 2 189 246 133 77 113 133 169 1 1 1 1 171 246 61 169 2 57 133 77 113 133 227 113 169 246 113 246 113 235 245 245 114 1 57 113 171 245 57 173 113 133 190 1 169 57 169 189 189 113 246 1 178 246 113 225 245 113 189 133 57 113 133 246 246 170 245 113 169 1 246 246 113 246 133 189 1 171 57 134 169 57 113 57 228 133 77 58 113 189 57 245 246 57 189 169 246 245 189 246 1 113 113 169 57 133 189 171 246 245 245 189 133 57 246 245 189 57 57 246 245 169 169 189 246 1 173 57 1 246 133 57 245 246 169 115 169 189 113 57 227 122 113 169 245 118 190 245 245 169 133 57 189 1 57 169 246 57 113 113 133 1 245 59 1 113 171 246 189 169 245 189 169 133 169 171 57 1 245 1 174 1 113 169 115 113 245 113 169 246 179 113 246 190 189 189 113 169 133 113 113 245 1 134 113 230 176 245 246 169 134 246 245 246 113 113 245 246 169 246 246 189 190 245 169 113 245 246 57 246 57 169 189 245 57 122 245 172 246 57 113 113 134 1 113 246 246 246 1 189 57 245 113 113 113 246 169 2 189 169 169 169 225 246 113 57 113 245 246 171 57 1 1 230 246 246 169 190 169 189 1 189 113 169 1 245 189 225 189 189 133 190 169 190 189 189 178 189 57 245 246 134 169 225 77 21 77 57 133 1 245 169 58 57 113 1 246 1 1 189 245 113 189 225 115 1 225 57 57 169 189 1 246 114 1 1 1 169 113 225 225 1 245 57 245 245 245 1 58 170 225 57 169 2 57 174 225 57 57 246 245 246 62 189 113 77 57 133 190 113 
c [Signal] Signal interruption. Caught signal: SIGTERM (15).
c [Label = 247] Encoding starts with target value = 56:
c [Label = 247] Encoding duration: 4200ms.
c [Label = 247] Number of clauses: 2689695.
c [Label = 247] Number of variables: 385522.
c [Label = 247] Solving duration: 15380 ms.
s [Label = 247] SAT (w = 56).
c [Label = 247] Label assignment: 1 1 1 1 1 1 1 1 1 1 1 1 1 57 1 57 1 1 57 57 1 1 57 57 1 57 57 1 1 1 1 1 1 57 1 1 1 57 1 1 1 1 1 1 1 1 1 1 1 57 113 1 57 1 57 57 1 57 57 57 1 113 57 1 57 57 57 1 57 1 57 1 57 1 1 1 1 57 57 1 57 1 57 1 57 57 1 1 57 57 57 57 113 57 1 246 1 1 113 1 57 57 169 57 113 1 113 57 57 57 57 1 113 57 1 1 113 1 113 57 1 57 113 57 190 57 169 57 1 113 57 113 113 113 113 1 113 1 1 113 57 57 190 113 1 113 57 169 57 113 1 1 229 57 169 57 113 113 57 190 57 191 113 1 169 57 1 57 113 169 1 134 113 57 1 1 113 113 1 57 57 113 57 57 191 225 57 169 1 57 134 57 225 113 1 113 57 113 1 113 225 190 113 113 169 246 169 57 113 246 169 113 190 1 113 134 57 246 57 1 134 57 2 190 247 134 78 113 134 169 1 1 1 1 171 247 61 169 2 57 134 78 113 134 227 113 169 247 113 247 113 235 246 246 114 1 57 113 171 246 57 173 113 134 191 1 169 57 169 190 190 113 247 1 178 247 113 225 246 113 190 134 57 113 134 247 247 170 246 113 169 1 247 247 113 247 134 190 1 171 57 135 169 57 113 57 228 134 78 58 113 190 57 246 247 57 190 169 247 246 190 247 1 113 113 169 57 134 190 171 247 246 246 190 134 57 247 246 190 57 57 247 246 169 169 190 247 1 173 57 1 247 134 57 246 247 169 115 169 190 113 57 227 122 113 169 246 118 191 246 246 169 134 57 190 1 57 169 247 57 113 113 134 1 246 59 1 113 171 247 190 169 246 190 169 134 169 171 57 1 246 1 174 1 113 169 115 113 246 113 169 247 179 113 247 191 190 190 113 169 134 113 113 246 1 135 113 230 176 246 247 169 135 247 246 247 113 113 246 247 169 247 247 190 191 246 169 113 246 247 57 247 57 169 190 246 57 122 246 172 247 57 113 113 135 1 113 247 247 247 1 190 57 246 113 113 113 247 169 2 190 169 169 169 225 247 113 57 113 246 247 171 57 1 1 230 247 247 169 191 169 190 1 190 113 169 1 246 190 225 190 190 134 191 169 191 190 190 178 190 57 246 247 135 169 225 78 22 78 57 134 1 246 169 58 57 113 1 247 1 1 190 246 113 190 225 115 1 225 57 57 169 190 1 247 114 1 1 1 169 113 225 225 1 246 57 246 246 246 1 58 170 225 57 169 2 57 174 225 57 57 247 246 247 62 190 113 78 57 134 191 113 
c [Signal] Signal interruption. Caught signal: SIGTERM (15).
c [Label = 239] Minimize Makespan Labeling problem (T-dwt__592.mtx.rnd):
c [Main] Child pid 247 - 54388 terminated by signal 15.
c [Label = 238] Minimize Makespan Labeling problem (T-dwt__592.mtx.rnd):
c [Main] Child pid 245 - 54390 terminated by signal 15.
c [Main] Child pid 246 - 54389 terminated by signal 15.
c [Label = 237] Minimize Makespan Labeling problem (T-dwt__592.mtx.rnd):
c [Label = 236] Minimize Makespan Labeling problem (T-dwt__592.mtx.rnd):
c [Label = 241] Encoding starts with target value = 56:
c [Label = 241] Encoding duration: 4048ms.
c [Label = 241] Number of clauses: 2617788.
c [Label = 241] Number of variables: 378418.
c [Label = 241] Solving duration: 15416 ms.
s [Label = 241] SAT (w = 56).
c [Label = 241] Label assignment: 1 1 1 1 1 1 1 1 1 1 1 1 1 57 1 57 1 1 57 57 1 1 57 57 1 57 57 1 1 1 1 1 1 57 1 1 1 57 1 1 1 1 1 1 1 1 1 1 1 57 113 1 57 1 57 57 1 57 57 57 1 113 57 1 57 57 57 1 57 1 57 1 57 1 1 1 1 57 57 1 57 1 57 1 57 57 1 1 57 57 57 57 113 57 1 240 1 1 113 1 57 57 169 57 113 1 113 57 57 57 57 1 113 57 1 1 113 1 113 57 1 57 113 57 184 57 169 57 1 113 57 113 113 113 113 1 113 1 1 113 57 57 184 113 1 113 57 169 57 113 1 1 229 57 169 57 113 113 57 184 57 185 113 1 169 57 1 57 113 169 1 128 113 57 1 1 113 113 1 57 57 113 57 57 185 225 57 169 1 57 128 57 225 113 1 113 57 113 1 113 225 184 113 113 169 240 169 57 113 240 169 113 184 1 113 128 57 240 57 1 128 57 2 184 241 128 72 113 128 169 1 1 1 1 171 241 61 169 2 57 128 72 113 128 227 113 169 241 113 241 113 235 240 240 114 1 57 113 171 240 57 173 113 128 185 1 169 57 169 184 184 113 241 1 178 241 113 225 240 113 184 128 57 113 128 241 241 170 240 113 169 1 241 241 113 241 128 184 1 171 57 129 169 57 113 57 228 128 72 58 113 184 57 240 241 57 184 169 241 240 184 241 1 113 113 169 57 128 184 171 241 240 240 184 128 57 241 240 184 57 57 241 240 169 169 184 241 1 173 57 1 241 128 57 240 241 169 115 169 184 113 57 227 122 113 169 240 118 185 240 240 169 128 57 184 1 57 169 241 57 113 113 128 1 240 59 1 113 171 241 184 169 240 184 169 128 169 171 57 1 240 1 174 1 113 169 115 113 240 113 169 241 179 113 241 185 184 184 113 169 128 113 113 240 1 129 113 230 176 240 241 169 129 241 240 241 113 113 240 241 169 241 241 184 185 240 169 113 240 241 57 241 57 169 184 240 57 122 240 172 241 57 113 113 129 1 113 241 241 241 1 184 57 240 113 113 113 241 169 2 184 169 169 169 225 241 113 57 113 240 241 171 57 1 1 230 241 241 169 185 169 184 1 184 113 169 1 240 184 225 184 184 128 185 169 185 184 184 178 184 57 240 241 129 169 225 72 16 72 57 128 1 240 169 58 57 113 1 241 1 1 184 240 113 184 225 115 1 225 57 57 169 184 1 241 114 1 1 1 169 113 225 225 1 240 57 240 240 240 1 58 170 225 57 169 2 57 174 225 57 57 241 240 241 62 184 113 72 57 128 185 113 
c [Label = 242] Encoding starts with target value = 56:
c [Label = 242] Encoding duration: 4137ms.
c [Label = 242] Number of clauses: 2629773.
c [Label = 242] Number of variables: 379602.
c [Label = 242] Solving duration: 15370 ms.
s [Label = 242] SAT (w = 56).
c [Label = 242] Label assignment: 1 1 1 1 1 1 1 1 1 1 1 1 1 57 1 57 1 1 57 57 1 1 57 57 1 57 57 1 1 1 1 1 1 57 1 1 1 57 1 1 1 1 1 1 1 1 1 1 1 57 113 1 57 1 57 57 1 57 57 57 1 113 57 1 57 57 57 1 57 1 57 1 57 1 1 1 1 57 57 1 57 1 57 1 57 57 1 1 57 57 57 57 113 57 1 241 1 1 113 1 57 57 169 57 113 1 113 57 57 57 57 1 113 57 1 1 113 1 113 57 1 57 113 57 185 57 169 57 1 113 57 113 113 113 113 1 113 1 1 113 57 57 185 113 1 113 57 169 57 113 1 1 229 57 169 57 113 113 57 185 57 186 113 1 169 57 1 57 113 169 1 129 113 57 1 1 113 113 1 57 57 113 57 57 186 225 57 169 1 57 129 57 225 113 1 113 57 113 1 113 225 185 113 113 169 241 169 57 113 241 169 113 185 1 113 129 57 241 57 1 129 57 2 185 242 129 73 113 129 169 1 1 1 1 171 242 61 169 2 57 129 73 113 129 227 113 169 242 113 242 113 235 241 241 114 1 57 113 171 241 57 173 113 129 186 1 169 57 169 185 185 113 242 1 178 242 113 225 241 113 185 129 57 113 129 242 242 170 241 113 169 1 242 242 113 242 129 185 1 171 57 130 169 57 113 57 228 129 73 58 113 185 57 241 242 57 185 169 242 241 185 242 1 113 113 169 57 129 185 171 242 241 241 185 129 57 242 241 185 57 57 242 241 169 169 185 242 1 173 57 1 242 129 57 241 242 169 115 169 185 113 57 227 122 113 169 241 118 186 241 241 169 129 57 185 1 57 169 242 57 113 113 129 1 241 59 1 113 171 242 185 169 241 185 169 129 169 171 57 1 241 1 174 1 113 169 115 113 241 113 169 242 179 113 242 186 185 185 113 169 129 113 113 241 1 130 113 230 176 241 242 169 130 242 241 242 113 113 241 242 169 242 242 185 186 241 169 113 241 242 57 242 57 169 185 241 57 122 241 172 242 57 113 113 130 1 113 242 242 242 1 185 57 241 113 113 113 242 169 2 185 169 169 169 225 242 113 57 113 241 242 171 57 1 1 230 242 242 169 186 169 185 1 185 113 169 1 241 185 225 185 185 129 186 169 186 185 185 178 185 57 241 242 130 169 225 73 17 73 57 129 1 241 169 58 57 113 1 242 1 1 185 241 113 185 225 115 1 225 57 57 169 185 1 242 114 1 1 1 169 113 225 225 1 241 57 241 241 241 1 58 170 225 57 169 2 57 174 225 57 57 242 241 242 62 185 113 73 57 129 186 113 
c [Main] Lowest label SAT is set to 241.
c [Main] Kill higher label pid 243.
c [Main] Kill higher label pid 242.
c [Label = 243] Encoding starts with target value = 56:
c [Label = 243] Encoding duration: 4121ms.
c [Label = 243] Number of clauses: 2641757.
c [Label = 243] Number of variables: 380786.
c [Label = 243] Solving duration: 15654 ms.
s [Label = 243] SAT (w = 56).
c [Label = 243] Label assignment: 1 1 1 1 1 1 1 1 1 1 1 1 1 57 1 57 1 1 57 57 1 1 57 57 1 57 57 1 1 1 1 1 1 57 1 1 1 57 1 1 1 1 1 1 1 1 1 1 1 57 113 1 57 1 57 57 1 57 57 57 1 113 57 1 57 57 57 1 57 1 57 1 57 1 1 1 1 57 57 1 57 1 57 1 57 57 1 1 57 57 57 57 113 57 1 242 1 1 113 1 57 57 169 57 113 1 113 57 57 57 57 1 113 57 1 1 113 1 113 57 1 57 113 57 186 57 169 57 1 113 57 113 113 113 113 1 113 1 1 113 57 57 186 113 1 113 57 169 57 113 1 1 229 57 169 57 113 113 57 186 57 187 113 1 169 57 1 57 113 169 1 130 113 57 1 1 113 113 1 57 57 113 57 57 187 225 57 169 1 57 130 57 225 113 1 113 57 113 1 113 225 186 113 113 169 242 169 57 113 242 169 113 186 1 113 130 57 242 57 1 130 57 2 186 243 130 74 113 130 169 1 1 1 1 171 243 61 169 2 57 130 74 113 130 227 113 169 243 113 243 113 235 242 242 114 1 57 113 171 242 57 173 113 130 187 1 169 57 169 186 186 113 243 1 178 243 113 225 242 113 186 130 57 113 130 243 243 170 242 113 169 1 243 243 113 243 130 186 1 171 57 131 169 57 113 57 228 130 74 58 113 186 57 242 243 57 186 169 243 242 186 243 1 113 113 169 57 130 186 171 243 242 242 186 130 57 243 242 186 57 57 243 242 169 169 186 243 1 173 57 1 243 130 57 242 243 169 115 169 186 113 57 227 122 113 169 242 118 187 242 242 169 130 57 186 1 57 169 243 57 113 113 130 1 242 59 1 113 171 243 186 169 242 186 169 130 169 171 57 1 242 1 174 1 113 169 115 113 242 113 169 243 179 113 243 187 186 186 113 169 130 113 113 242 1 131 113 230 176 242 243 169 131 243 242 243 113 113 242 243 169 243 243 186 187 242 169 113 242 243 57 243 57 169 186 242 57 122 242 172 243 57 113 113 131 1 113 243 243 243 1 186 57 242 113 113 113 243 169 2 186 169 169 169 225 243 113 57 113 242 243 171 57 1 1 230 243 243 169 187 169 186 1 186 113 169 1 242 186 225 186 186 130 187 169 187 186 186 178 186 57 242 243 131 169 225 74 18 74 57 130 1 242 169 58 57 113 1 243 1 1 186 242 113 186 225 115 1 225 57 57 169 186 1 243 114 1 1 1 169 113 225 225 1 242 57 242 242 242 1 58 170 225 57 169 2 57 174 225 57 57 243 242 243 62 186 113 74 57 130 187 113 
c [Signal] Signal interruption. Caught signal: SIGTERM (15).
c [Label = 235] Minimize Makespan Labeling problem (T-dwt__592.mtx.rnd):
c [Main] Kill higher label pid 243.
c [Label = 234] Minimize Makespan Labeling problem (T-dwt__592.mtx.rnd):
c [Main] Child pid 243 - 54392 terminated by signal 15.
c [Label = 233] Minimize Makespan Labeling problem (T-dwt__592.mtx.rnd):
c [Label = 240] Encoding starts with target value = 56:
c [Label = 240] Encoding duration: 3943ms.
c [Label = 240] Number of clauses: 2605804.
c [Label = 240] Number of variables: 377234.
c [Label = 240] Solving duration: 15063 ms.
s [Label = 240] SAT (w = 56).
c [Label = 240] Label assignment: 1 1 1 1 1 1 1 1 1 1 1 1 1 57 1 57 1 1 57 57 1 1 57 57 1 57 57 1 1 1 1 1 1 57 1 1 1 57 1 1 1 1 1 1 1 1 1 1 1 57 113 1 57 1 57 57 1 57 57 57 1 113 57 1 57 57 57 1 57 1 57 1 57 1 1 1 1 57 57 1 57 1 57 1 57 57 1 1 57 57 57 57 113 57 1 239 1 1 113 1 57 57 169 57 113 1 113 57 57 57 57 1 113 57 1 1 113 1 113 57 1 57 113 57 183 57 169 57 1 113 57 113 113 113 113 1 113 1 1 113 57 57 183 113 1 113 57 169 57 113 1 1 229 57 169 57 113 113 57 183 57 184 113 1 169 57 1 57 113 169 1 127 113 57 1 1 113 113 1 57 57 113 57 57 184 225 57 169 1 57 127 57 225 113 1 113 57 113 1 113 225 183 113 113 169 239 169 57 113 239 169 113 183 1 113 127 57 239 57 1 127 57 2 183 240 127 71 113 127 169 1 1 1 1 171 240 61 169 2 57 127 71 113 127 227 113 169 240 113 240 113 235 239 239 114 1 57 113 171 239 57 173 113 127 184 1 169 57 169 183 183 113 240 1 178 240 113 225 239 113 183 127 57 113 127 240 240 170 239 113 169 1 240 240 113 240 127 183 1 171 57 128 169 57 113 57 228 127 71 58 113 183 57 239 240 57 183 169 240 239 183 240 1 113 113 169 57 127 183 171 240 239 239 183 127 57 240 239 183 57 57 240 239 169 169 183 240 1 173 57 1 240 127 57 239 240 169 115 169 183 113 57 227 122 113 169 239 118 184 239 239 169 127 57 183 1 57 169 240 57 113 113 127 1 239 59 1 113 171 240 183 169 239 183 169 127 169 171 57 1 239 1 174 1 113 169 115 113 239 113 169 240 179 113 240 184 183 183 113 169 127 113 113 239 1 128 113 230 176 239 240 169 128 240 239 240 113 113 239 240 169 240 240 183 184 239 169 113 239 240 57 240 57 169 183 239 57 122 239 172 240 57 113 113 128 1 113 240 240 240 1 183 57 239 113 113 113 240 169 2 183 169 169 169 225 240 113 57 113 239 240 171 57 1 1 230 240 240 169 184 169 183 1 183 113 169 1 239 183 225 183 183 127 184 169 184 183 183 178 183 57 239 240 128 169 225 71 15 71 57 127 1 239 169 58 57 113 1 240 1 1 183 239 113 183 225 115 1 225 57 57 169 183 1 240 114 1 1 1 169 113 225 225 1 239 57 239 239 239 1 58 170 225 57 169 2 57 174 225 57 57 240 239 240 62 183 113 71 57 127 184 113 
c [Main] Lowest label SAT is set to 240.
c [Label = 232] Minimize Makespan Labeling problem (T-dwt__592.mtx.rnd):
c [Label = 239] Encoding starts with target value = 56:
c [Label = 239] Encoding duration: 4006ms.
c [Label = 239] Number of clauses: 2593819.
c [Label = 239] Number of variables: 376050.
c [Label = 239] Solving duration: 15082 ms.
s [Label = 239] SAT (w = 56).
c [Label = 239] Label assignment: 1 1 1 1 1 1 1 1 1 1 1 1 1 57 1 57 1 1 57 57 1 1 57 57 1 57 57 1 1 1 1 1 1 57 1 1 1 57 1 1 1 1 1 1 1 1 1 1 1 57 113 1 57 1 57 57 1 57 57 57 1 113 57 1 57 57 57 1 57 1 57 1 57 1 1 1 1 57 57 1 57 1 57 1 57 57 1 1 57 57 57 57 113 57 1 238 1 1 113 1 57 57 169 57 113 1 113 57 57 57 57 1 113 57 1 1 113 1 113 57 1 57 113 57 182 57 169 57 1 113 57 113 113 113 113 1 113 1 1 113 57 57 182 113 1 113 57 169 57 113 1 1 229 57 169 57 113 113 57 182 57 183 113 1 169 57 1 57 113 169 1 126 113 57 1 1 113 113 1 57 57 113 57 57 183 225 57 169 1 57 126 57 225 113 1 113 57 113 1 113 225 182 113 113 169 238 169 57 113 238 169 113 182 1 113 126 57 238 57 1 126 57 2 182 239 126 70 113 126 169 1 1 1 1 171 239 61 169 2 57 126 70 113 126 227 113 169 239 113 239 113 235 238 238 114 1 57 113 171 238 57 173 113 126 183 1 169 57 169 182 182 113 239 1 178 239 113 225 238 113 182 126 57 113 126 239 239 170 238 113 169 1 239 239 113 239 126 182 1 171 57 127 169 57 113 57 228 126 70 58 113 182 57 238 239 57 182 169 239 238 182 239 1 113 113 169 57 126 182 171 239 238 238 182 126 57 239 238 182 57 57 239 238 169 169 182 239 1 173 57 1 239 126 57 238 239 169 115 169 182 113 57 227 122 113 169 238 118 183 238 238 169 126 57 182 1 57 169 239 57 113 113 126 1 238 59 1 113 171 239 182 169 238 182 169 126 169 171 57 1 238 1 174 1 113 169 115 113 238 113 169 239 179 113 239 183 182 182 113 169 126 113 113 238 1 127 113 230 176 238 239 169 127 239 238 239 113 113 238 239 169 239 239 182 183 238 169 113 238 239 57 239 57 169 182 238 57 122 238 172 239 57 113 113 127 1 113 239 239 239 1 182 57 238 113 113 113 239 169 2 182 169 169 169 225 239 113 57 113 238 239 171 57 1 1 230 239 239 169 183 169 182 1 182 113 169 1 238 182 225 182 182 126 183 169 183 182 182 178 182 57 238 239 127 169 225 70 14 70 57 126 1 238 169 58 57 113 1 239 1 1 182 238 113 182 225 115 1 225 57 57 169 182 1 239 114 1 1 1 169 113 225 225 1 238 57 238 238 238 1 58 170 225 57 169 2 57 174 225 57 57 239 238 239 62 182 113 70 57 126 183 113 
c [Main] Lowest label SAT is set to 239.
c [Label = 231] Minimize Makespan Labeling problem (T-dwt__592.mtx.rnd):
c [Label = 237] Encoding starts with target value = 56:
c [Label = 237] Encoding duration: 4063ms.
c [Label = 237] Number of clauses: 2569850.
c [Label = 237] Number of variables: 373682.
c [Label = 237] Solving duration: 15313 ms.
s [Label = 237] SAT (w = 56).
c [Label = 237] Label assignment: 1 1 1 1 1 1 1 1 1 1 1 1 1 57 1 57 1 1 57 57 1 1 57 57 1 57 57 1 1 1 1 1 1 57 1 1 1 57 1 1 1 1 1 1 1 1 1 1 1 57 113 1 57 1 57 57 1 57 57 57 1 113 57 1 57 57 57 1 57 1 57 1 57 1 1 1 1 57 57 1 57 1 57 1 57 57 1 1 57 57 57 57 113 57 1 236 1 1 113 1 57 57 169 57 113 1 113 57 57 57 57 1 113 57 1 1 113 1 113 57 1 57 113 57 180 57 169 57 1 113 57 113 113 113 113 1 113 1 1 113 57 57 180 113 1 113 57 169 57 113 1 1 229 57 169 57 113 113 57 180 57 181 113 1 169 57 1 57 113 169 1 124 113 57 1 1 113 113 1 57 57 113 57 57 181 225 57 169 1 57 124 57 225 113 1 113 57 113 1 113 225 180 113 113 169 236 169 57 113 236 169 113 180 1 113 124 57 236 57 1 124 57 2 180 237 124 68 113 124 169 1 1 1 1 171 237 61 169 2 57 124 68 113 124 227 113 169 237 113 237 113 235 236 236 114 1 57 113 171 236 57 173 113 124 181 1 169 57 169 180 180 113 237 1 178 237 113 225 236 113 180 124 57 113 124 237 237 170 236 113 169 1 237 237 113 237 124 180 1 171 57 125 169 57 113 57 228 124 68 58 113 180 57 236 237 57 180 169 237 236 180 237 1 113 113 169 57 124 180 171 237 236 236 180 124 57 237 236 180 57 57 237 236 169 169 180 237 1 173 57 1 237 124 57 236 237 169 115 169 180 113 57 227 122 113 169 236 118 181 236 236 169 124 57 180 1 57 169 237 57 113 113 124 1 236 59 1 113 171 237 180 169 236 180 169 124 169 171 57 1 236 1 174 1 113 169 115 113 236 113 169 237 179 113 237 181 180 180 113 169 124 113 113 236 1 125 113 230 176 236 237 169 125 237 236 237 113 113 236 237 169 237 237 180 181 236 169 113 236 237 57 237 57 169 180 236 57 122 236 172 237 57 113 113 125 1 113 237 237 237 1 180 57 236 113 113 113 237 169 2 180 169 169 169 225 237 113 57 113 236 237 171 57 1 1 230 237 237 169 181 169 180 1 180 113 169 1 236 180 225 180 180 124 181 169 181 180 180 178 180 57 236 237 125 169 225 68 12 68 57 124 1 236 169 58 57 113 1 237 1 1 180 236 113 180 225 115 1 225 57 57 169 180 1 237 114 1 1 1 169 113 225 225 1 236 57 236 236 236 1 58 170 225 57 169 2 57 174 225 57 57 237 236 237 62 180 113 68 57 124 181 113 
c [Label = 238] Encoding starts with target value = 56:
c [Label = 238] Encoding duration: 4106ms.
c [Label = 238] Number of clauses: 2581835.
c [Label = 238] Number of variables: 374866.
c [Label = 238] Solving duration: 15303 ms.
s [Label = 238] SAT (w = 56).
c [Label = 238] Label assignment: 1 1 1 1 1 1 1 1 1 1 1 1 1 57 1 57 1 1 57 57 1 1 57 57 1 57 57 1 1 1 1 1 1 57 1 1 1 57 1 1 1 1 1 1 1 1 1 1 1 57 113 1 57 1 57 57 1 57 57 57 1 113 57 1 57 57 57 1 57 1 57 1 57 1 1 1 1 57 57 1 57 1 57 1 57 57 1 1 57 57 57 57 113 57 1 237 1 1 113 1 57 57 169 57 113 1 113 57 57 57 57 1 113 57 1 1 113 1 113 57 1 57 113 57 181 57 169 57 1 113 57 113 113 113 113 1 113 1 1 113 57 57 181 113 1 113 57 169 57 113 1 1 229 57 169 57 113 113 57 181 57 182 113 1 169 57 1 57 113 169 1 125 113 57 1 1 113 113 1 57 57 113 57 57 182 225 57 169 1 57 125 57 225 113 1 113 57 113 1 113 225 181 113 113 169 237 169 57 113 237 169 113 181 1 113 125 57 237 57 1 125 57 2 181 238 125 69 113 125 169 1 1 1 1 171 238 61 169 2 57 125 69 113 125 227 113 169 238 113 238 113 235 237 237 114 1 57 113 171 237 57 173 113 125 182 1 169 57 169 181 181 113 238 1 178 238 113 225 237 113 181 125 57 113 125 238 238 170 237 113 169 1 238 238 113 238 125 181 1 171 57 126 169 57 113 57 228 125 69 58 113 181 57 237 238 57 181 169 238 237 181 238 1 113 113 169 57 125 181 171 238 237 237 181 125 57 238 237 181 57 57 238 237 169 169 181 238 1 173 57 1 238 125 57 237 238 169 115 169 181 113 57 227 122 113 169 237 118 182 237 237 169 125 57 181 1 57 169 238 57 113 113 125 1 237 59 1 113 171 238 181 169 237 181 169 125 169 171 57 1 237 1 174 1 113 169 115 113 237 113 169 238 179 113 238 182 181 181 113 169 125 113 113 237 1 126 113 230 176 237 238 169 126 238 237 238 113 113 237 238 169 238 238 181 182 237 169 113 237 238 57 238 57 169 181 237 57 122 237 172 238 57 113 113 126 1 113 238 238 238 1 181 57 237 113 113 113 238 169 2 181 169 169 169 225 238 113 57 113 237 238 171 57 1 1 230 238 238 169 182 169 181 1 181 113 169 1 237 181 225 181 181 125 182 169 182 181 181 178 181 57 237 238 126 169 225 69 13 69 57 125 1 237 169 58 57 113 1 238 1 1 181 237 113 181 225 115 1 225 57 57 169 181 1 238 114 1 1 1 169 113 225 225 1 237 57 237 237 237 1 58 170 225 57 169 2 57 174 225 57 57 238 237 238 62 181 113 69 57 125 182 113 
c [Label = 234] Encoding starts with target value = 56:
c [Label = 234] Encoding duration: 3942ms.
c [Label = 234] Number of clauses: 2533897.
c [Label = 234] Number of variables: 370130.
c [Label = 234] Solving duration: 15118 ms.
s [Label = 234] SAT (w = 56).
c [Label = 234] Label assignment: 1 1 1 1 1 1 1 1 1 1 1 1 1 57 1 57 1 1 57 57 1 1 57 57 1 57 57 1 1 1 1 1 1 57 1 1 1 57 1 1 1 1 1 1 1 1 1 1 1 57 113 1 57 1 57 57 1 57 57 57 1 113 57 1 57 57 57 1 57 1 57 1 57 1 1 1 1 57 57 1 57 1 57 1 57 57 1 1 57 57 57 57 113 57 1 233 1 1 113 1 57 57 169 57 113 1 113 57 57 57 57 1 113 57 1 1 113 1 113 57 1 57 113 57 177 57 169 57 1 113 57 113 113 113 113 1 113 1 1 113 57 57 177 113 1 113 57 169 57 113 1 1 229 57 169 57 113 113 57 177 57 178 113 1 169 57 1 57 113 169 1 121 113 57 1 1 113 113 1 57 57 113 57 57 178 225 57 169 1 57 121 57 225 113 1 113 57 113 1 113 225 177 113 113 169 233 169 57 113 233 169 113 177 1 113 121 57 233 57 1 121 57 2 177 234 121 65 113 121 169 1 1 1 1 171 234 61 169 2 57 121 65 113 121 227 113 169 234 113 234 113 233 233 233 114 1 57 113 171 233 57 173 113 121 178 1 169 57 169 177 177 113 234 1 177 234 113 225 233 113 177 121 57 113 121 234 234 170 233 113 169 1 234 234 113 234 121 177 1 171 57 122 169 57 113 57 228 121 65 58 113 177 57 233 234 57 177 169 234 233 177 234 1 113 113 169 57 121 177 171 234 233 233 177 121 57 234 233 177 57 57 234 233 169 169 177 234 1 173 57 1 234 121 57 233 234 169 115 169 177 113 57 227 121 113 169 233 118 178 233 233 169 121 57 177 1 57 169 234 57 113 113 121 1 233 59 1 113 171 234 177 169 233 177 169 121 169 171 57 1 233 1 174 1 113 169 115 113 233 113 169 234 177 113 234 178 177 177 113 169 121 113 113 233 1 122 113 230 176 233 234 169 122 234 233 234 113 113 233 234 169 234 234 177 178 233 169 113 233 234 57 234 57 169 177 233 57 121 233 172 234 57 113 113 122 1 113 234 234 234 1 177 57 233 113 113 113 234 169 2 177 169 169 169 225 234 113 57 113 233 234 171 57 1 1 230 234 234 169 178 169 177 1 177 113 169 1 233 177 225 177 177 121 178 169 178 177 177 177 177 57 233 234 122 169 225 65 9 65 57 121 1 233 169 58 57 113 1 234 1 1 177 233 113 177 225 115 1 225 57 57 169 177 1 234 114 1 1 1 169 113 225 225 1 233 57 233 233 233 1 58 170 225 57 169 2 57 174 225 57 57 234 233 234 62 177 113 65 57 121 178 113 
c [Main] Lowest label SAT is set to 237.
c [Main] Kill higher label pid 238.
c [Label = 230] Minimize Makespan Labeling problem (T-dwt__592.mtx.rnd):
c [Label = 229] Minimize Makespan Labeling problem (T-dwt__592.mtx.rnd):
c [Main] Lowest label SAT is set to 234.
c [Main] Kill higher label pid 235.
c [Main] Kill higher label pid 236.
c [Label = 235] Encoding starts with target value = 56:
c [Label = 235] Encoding duration: 4016ms.
c [Label = 235] Number of clauses: 2545881.
c [Label = 235] Number of variables: 371314.
c [Label = 235] Solving duration: 15097 ms.
s [Label = 235] SAT (w = 56).
c [Label = 235] Label assignment: 1 1 1 1 1 1 1 1 1 1 1 1 1 57 1 57 1 1 57 57 1 1 57 57 1 57 57 1 1 1 1 1 1 57 1 1 1 57 1 1 1 1 1 1 1 1 1 1 1 57 113 1 57 1 57 57 1 57 57 57 1 113 57 1 57 57 57 1 57 1 57 1 57 1 1 1 1 57 57 1 57 1 57 1 57 57 1 1 57 57 57 57 113 57 1 234 1 1 113 1 57 57 169 57 113 1 113 57 57 57 57 1 113 57 1 1 113 1 113 57 1 57 113 57 178 57 169 57 1 113 57 113 113 113 113 1 113 1 1 113 57 57 178 113 1 113 57 169 57 113 1 1 229 57 169 57 113 113 57 178 57 179 113 1 169 57 1 57 113 169 1 122 113 57 1 1 113 113 1 57 57 113 57 57 179 225 57 169 1 57 122 57 225 113 1 113 57 113 1 113 225 178 113 113 169 234 169 57 113 234 169 113 178 1 113 122 57 234 57 1 122 57 2 178 235 122 66 113 122 169 1 1 1 1 171 235 61 169 2 57 122 66 113 122 227 113 169 235 113 235 113 234 234 234 114 1 57 113 171 234 57 173 113 122 179 1 169 57 169 178 178 113 235 1 178 235 113 225 234 113 178 122 57 113 122 235 235 170 234 113 169 1 235 235 113 235 122 178 1 171 57 123 169 57 113 57 228 122 66 58 113 178 57 234 235 57 178 169 235 234 178 235 1 113 113 169 57 122 178 171 235 234 234 178 122 57 235 234 178 57 57 235 234 169 169 178 235 1 173 57 1 235 122 57 234 235 169 115 169 178 113 57 227 122 113 169 234 118 179 234 234 169 122 57 178 1 57 169 235 57 113 113 122 1 234 59 1 113 171 235 178 169 234 178 169 122 169 171 57 1 234 1 174 1 113 169 115 113 234 113 169 235 178 113 235 179 178 178 113 169 122 113 113 234 1 123 113 230 176 234 235 169 123 235 234 235 113 113 234 235 169 235 235 178 179 234 169 113 234 235 57 235 57 169 178 234 57 122 234 172 235 57 113 113 123 1 113 235 235 235 1 178 57 234 113 113 113 235 169 2 178 169 169 169 225 235 113 57 113 234 235 171 57 1 1 230 235 235 169 179 169 178 1 178 113 169 1 234 178 225 178 178 122 179 169 179 178 178 178 178 57 234 235 123 169 225 66 10 66 57 122 1 234 169 58 57 113 1 235 1 1 178 234 113 178 225 115 1 225 57 57 169 178 1 235 114 1 1 1 169 113 225 225 1 234 57 234 234 234 1 58 170 225 57 169 2 57 174 225 57 57 235 234 235 62 178 113 66 57 122 179 113 
c [Signal] Signal interruption. Caught signal: SIGTERM (15).
c [Label = 236] Encoding starts with target value = 56:
c [Label = 236] Encoding duration: 4029ms.
c [Label = 236] Number of clauses: 2557866.
c [Label = 236] Number of variables: 372498.
c [Label = 236] Solving duration: 15681 ms.
s [Label = 236] SAT (w = 56).
c [Label = 236] Label assignment: 1 1 1 1 1 1 1 1 1 1 1 1 1 57 1 57 1 1 57 57 1 1 57 57 1 57 57 1 1 1 1 1 1 57 1 1 1 57 1 1 1 1 1 1 1 1 1 1 1 57 113 1 57 1 57 57 1 57 57 57 1 113 57 1 57 57 57 1 57 1 57 1 57 1 1 1 1 57 57 1 57 1 57 1 57 57 1 1 57 57 57 57 113 57 1 235 1 1 113 1 57 57 169 57 113 1 113 57 57 57 57 1 113 57 1 1 113 1 113 57 1 57 113 57 179 57 169 57 1 113 57 113 113 113 113 1 113 1 1 113 57 57 179 113 1 113 57 169 57 113 1 1 229 57 169 57 113 113 57 179 57 180 113 1 169 57 1 57 113 169 1 123 113 57 1 1 113 113 1 57 57 113 57 57 180 225 57 169 1 57 123 57 225 113 1 113 57 113 1 113 225 179 113 113 169 235 169 57 113 235 169 113 179 1 113 123 57 235 57 1 123 57 2 179 236 123 67 113 123 169 1 1 1 1 171 236 61 169 2 57 123 67 113 123 227 113 169 236 113 236 113 235 235 235 114 1 57 113 171 235 57 173 113 123 180 1 169 57 169 179 179 113 236 1 178 236 113 225 235 113 179 123 57 113 123 236 236 170 235 113 169 1 236 236 113 236 123 179 1 171 57 124 169 57 113 57 228 123 67 58 113 179 57 235 236 57 179 169 236 235 179 236 1 113 113 169 57 123 179 171 236 235 235 179 123 57 236 235 179 57 57 236 235 169 169 179 236 1 173 57 1 236 123 57 235 236 169 115 169 179 113 57 227 122 113 169 235 118 180 235 235 169 123 57 179 1 57 169 236 57 113 113 123 1 235 59 1 113 171 236 179 169 235 179 169 123 169 171 57 1 235 1 174 1 113 169 115 113 235 113 169 236 179 113 236 180 179 179 113 169 123 113 113 235 1 124 113 230 176 235 236 169 124 236 235 236 113 113 235 236 169 236 236 179 180 235 169 113 235 236 57 236 57 169 179 235 57 122 235 172 236 57 113 113 124 1 113 236 236 236 1 179 57 235 113 113 113 236 169 2 179 169 169 169 225 236 113 57 113 235 236 171 57 1 1 230 236 236 169 180 169 179 1 179 113 169 1 235 179 225 179 179 123 180 169 180 179 179 178 179 57 235 236 124 169 225 67 11 67 57 123 1 235 169 58 57 113 1 236 1 1 179 235 113 179 225 115 1 225 57 57 169 179 1 236 114 1 1 1 169 113 225 225 1 235 57 235 235 235 1 58 170 225 57 169 2 57 174 225 57 57 236 235 236 62 179 113 67 57 123 180 113 
c [Signal] Signal interruption. Caught signal: SIGTERM (15).
c [Label = 228] Minimize Makespan Labeling problem (T-dwt__592.mtx.rnd):
c [Main] Child pid 236 - 54405 terminated by signal 15.
c [Main] Child pid 235 - 54406 terminated by signal 15.
c [Label = 227] Minimize Makespan Labeling problem (T-dwt__592.mtx.rnd):
c [Label = 226] Minimize Makespan Labeling problem (T-dwt__592.mtx.rnd):
c [Label = 233] Encoding starts with target value = 56:
c [Label = 233] Encoding duration: 3922ms.
c [Label = 233] Number of clauses: 2521912.
c [Label = 233] Number of variables: 368946.
c [Label = 233] Solving duration: 15309 ms.
s [Label = 233] SAT (w = 56).
c [Label = 233] Label assignment: 1 1 1 1 1 1 1 1 1 1 1 1 1 57 1 57 1 1 57 57 1 1 57 57 1 57 57 1 1 1 1 1 1 57 1 1 1 57 1 1 1 1 1 1 1 1 1 1 1 57 113 1 57 1 57 57 1 57 57 57 1 113 57 1 57 57 57 1 57 1 57 1 57 1 1 1 1 57 57 1 57 1 57 1 57 57 1 1 57 57 57 57 113 57 1 232 1 1 113 1 57 57 169 57 113 1 113 57 57 57 57 1 113 57 1 1 113 1 113 57 1 57 113 57 176 57 169 57 1 113 57 113 113 113 113 1 113 1 1 113 57 57 176 113 1 113 57 169 57 113 1 1 229 57 169 57 113 113 57 176 57 177 113 1 169 57 1 57 113 169 1 120 113 57 1 1 113 113 1 57 57 113 57 57 177 225 57 169 1 57 120 57 225 113 1 113 57 113 1 113 225 176 113 113 169 232 169 57 113 232 169 113 176 1 113 120 57 232 57 1 120 57 2 176 233 120 64 113 120 169 1 1 1 1 171 233 61 169 2 57 120 64 113 120 227 113 169 233 113 233 113 232 232 232 114 1 57 113 171 232 57 173 113 120 177 1 169 57 169 176 176 113 233 1 176 233 113 225 232 113 176 120 57 113 120 233 233 170 232 113 169 1 233 233 113 233 120 176 1 171 57 121 169 57 113 57 228 120 64 58 113 176 57 232 233 57 176 169 233 232 176 233 1 113 113 169 57 120 176 171 233 232 232 176 120 57 233 232 176 57 57 233 232 169 169 176 233 1 173 57 1 233 120 57 232 233 169 115 169 176 113 57 227 120 113 169 232 118 177 232 232 169 120 57 176 1 57 169 233 57 113 113 120 1 232 59 1 113 171 233 176 169 232 176 169 120 169 171 57 1 232 1 174 1 113 169 115 113 232 113 169 233 176 113 233 177 176 176 113 169 120 113 113 232 1 121 113 230 176 232 233 169 121 233 232 233 113 113 232 233 169 233 233 176 177 232 169 113 232 233 57 233 57 169 176 232 57 120 232 172 233 57 113 113 121 1 113 233 233 233 1 176 57 232 113 113 113 233 169 2 176 169 169 169 225 233 113 57 113 232 233 171 57 1 1 230 233 233 169 177 169 176 1 176 113 169 1 232 176 225 176 176 120 177 169 177 176 176 176 176 57 232 233 121 169 225 64 8 64 57 120 1 232 169 58 57 113 1 233 1 1 176 232 113 176 225 115 1 225 57 57 169 176 1 233 114 1 1 1 169 113 225 225 1 232 57 232 232 232 1 58 170 225 57 169 2 57 174 225 57 57 233 232 233 62 176 113 64 57 120 177 113 
c [Main] Lowest label SAT is set to 233.
c [Label = 225] Minimize Makespan Labeling problem (T-dwt__592.mtx.rnd):
c [Label = 232] Encoding starts with target value = 56:
c [Label = 232] Encoding duration: 3740ms.
c [Label = 232] Number of clauses: 2509928.
c [Label = 232] Number of variables: 367762.
c [Label = 232] Solving duration: 14681 ms.
s [Label = 232] SAT (w = 56).
c [Label = 232] Label assignment: 1 1 1 1 1 1 1 1 1 1 1 1 1 57 1 57 1 1 57 57 1 1 57 57 1 57 57 1 1 1 1 1 1 57 1 1 1 57 1 1 1 1 1 1 1 1 1 1 1 57 113 1 57 1 57 57 1 57 57 57 1 113 57 1 57 57 57 1 57 1 57 1 57 1 1 1 1 57 57 1 57 1 57 1 57 57 1 1 57 57 57 57 113 57 1 231 1 1 113 1 57 57 169 57 113 1 113 57 57 57 57 1 113 57 1 1 113 1 113 57 1 57 113 57 175 57 169 57 1 113 57 113 113 113 113 1 113 1 1 113 57 57 175 113 1 113 57 169 57 113 1 1 229 57 169 57 113 113 57 175 57 176 113 1 169 57 1 57 113 169 1 119 113 57 1 1 113 113 1 57 57 113 57 57 176 225 57 169 1 57 119 57 225 113 1 113 57 113 1 113 225 175 113 113 169 231 169 57 113 231 169 113 175 1 113 119 57 231 57 1 119 57 2 175 232 119 63 113 119 169 1 1 1 1 171 232 61 169 2 57 119 63 113 119 227 113 169 232 113 232 113 231 231 231 114 1 57 113 171 231 57 173 113 119 176 1 169 57 169 175 175 113 232 1 175 232 113 225 231 113 175 119 57 113 119 232 232 170 231 113 169 1 232 232 113 232 119 175 1 171 57 120 169 57 113 57 228 119 63 58 113 175 57 231 232 57 175 169 232 231 175 232 1 113 113 169 57 119 175 171 232 231 231 175 119 57 232 231 175 57 57 232 231 169 169 175 232 1 173 57 1 232 119 57 231 232 169 115 169 175 113 57 227 119 113 169 231 118 176 231 231 169 119 57 175 1 57 169 232 57 113 113 119 1 231 59 1 113 171 232 175 169 231 175 169 119 169 171 57 1 231 1 174 1 113 169 115 113 231 113 169 232 175 113 232 176 175 175 113 169 119 113 113 231 1 120 113 230 176 231 232 169 120 232 231 232 113 113 231 232 169 232 232 175 176 231 169 113 231 232 57 232 57 169 175 231 57 119 231 172 232 57 113 113 120 1 113 232 232 232 1 175 57 231 113 113 113 232 169 2 175 169 169 169 225 232 113 57 113 231 232 171 57 1 1 230 232 232 169 176 169 175 1 175 113 169 1 231 175 225 175 175 119 176 169 176 175 175 175 175 57 231 232 120 169 225 63 7 63 57 119 1 231 169 58 57 113 1 232 1 1 175 231 113 175 225 115 1 225 57 57 169 175 1 232 114 1 1 1 169 113 225 225 1 231 57 231 231 231 1 58 170 225 57 169 2 57 174 225 57 57 232 231 232 62 175 113 63 57 119 176 113 
c [Main] Lowest label SAT is set to 232.
c [Label = 224] Minimize Makespan Labeling problem (T-dwt__592.mtx.rnd):
c [Label = 231] Encoding starts with target value = 56:
c [Label = 231] Encoding duration: 3913ms.
c [Label = 231] Number of clauses: 2497943.
c [Label = 231] Number of variables: 366578.
c [Label = 231] Solving duration: 14813 ms.
s [Label = 231] SAT (w = 56).
c [Label = 231] Label assignment: 1 1 1 1 1 1 1 1 1 1 1 1 1 57 1 57 1 1 57 57 1 1 57 57 1 57 57 1 1 1 1 1 1 57 1 1 1 57 1 1 1 1 1 1 1 1 1 1 1 57 113 1 57 1 57 57 1 57 57 57 1 113 57 1 57 57 57 1 57 1 57 1 57 1 1 1 1 57 57 1 57 1 57 1 57 57 1 1 57 57 57 57 113 57 1 230 1 1 113 1 57 57 169 57 113 1 113 57 57 57 57 1 113 57 1 1 113 1 113 57 1 57 113 57 174 57 169 57 1 113 57 113 113 113 113 1 113 1 1 113 57 57 174 113 1 113 57 169 57 113 1 1 229 57 169 57 113 113 57 174 57 175 113 1 169 57 1 57 113 169 1 118 113 57 1 1 113 113 1 57 57 113 57 57 175 225 57 169 1 57 118 57 225 113 1 113 57 113 1 113 225 174 113 113 169 230 169 57 113 230 169 113 174 1 113 118 57 230 57 1 118 57 2 174 231 118 62 113 118 169 1 1 1 1 171 231 61 169 2 57 118 62 113 118 227 113 169 231 113 231 113 230 230 230 114 1 57 113 171 230 57 173 113 118 175 1 169 57 169 174 174 113 231 1 174 231 113 225 230 113 174 118 57 113 118 231 231 170 230 113 169 1 231 231 113 231 118 174 1 171 57 119 169 57 113 57 228 118 62 58 113 174 57 230 231 57 174 169 231 230 174 231 1 113 113 169 57 118 174 171 231 230 230 174 118 57 231 230 174 57 57 231 230 169 169 174 231 1 173 57 1 231 118 57 230 231 169 115 169 174 113 57 227 118 113 169 230 118 175 230 230 169 118 57 174 1 57 169 231 57 113 113 118 1 230 59 1 113 171 231 174 169 230 174 169 118 169 171 57 1 230 1 174 1 113 169 115 113 230 113 169 231 174 113 231 175 174 174 113 169 118 113 113 230 1 119 113 230 175 230 231 169 119 231 230 231 113 113 230 231 169 231 231 174 175 230 169 113 230 231 57 231 57 169 174 230 57 118 230 172 231 57 113 113 119 1 113 231 231 231 1 174 57 230 113 113 113 231 169 2 174 169 169 169 225 231 113 57 113 230 231 171 57 1 1 230 231 231 169 175 169 174 1 174 113 169 1 230 174 225 174 174 118 175 169 175 174 174 174 174 57 230 231 119 169 225 62 6 62 57 118 1 230 169 58 57 113 1 231 1 1 174 230 113 174 225 115 1 225 57 57 169 174 1 231 114 1 1 1 169 113 225 225 1 230 57 230 230 230 1 58 170 225 57 169 2 57 174 225 57 57 231 230 231 62 174 113 62 57 118 175 113 
c [Label = 227] Encoding starts with target value = 56:
c [Label = 227] Encoding duration: 3688ms.
c [Label = 227] Number of clauses: 2450005.
c [Label = 227] Number of variables: 361842.
c [Label = 227] Solving duration: 14499 ms.
s [Label = 227] SAT (w = 56).
c [Label = 227] Label assignment: 1 1 1 1 1 1 1 1 1 1 1 1 1 57 1 57 1 1 57 57 1 1 57 57 1 57 57 1 1 1 1 1 1 57 1 1 1 57 1 1 1 1 1 1 1 1 1 1 1 57 113 1 57 1 57 57 1 57 57 57 1 113 57 1 57 57 57 1 57 1 57 1 57 1 1 1 1 57 57 1 57 1 57 1 57 57 1 1 57 57 57 57 113 57 1 226 1 1 113 1 57 57 169 57 113 1 113 57 57 57 57 1 113 57 1 1 113 1 113 57 1 57 113 57 170 57 169 57 1 113 57 113 113 113 113 1 113 1 1 113 57 57 170 113 1 113 57 169 57 113 1 1 226 57 169 57 113 113 57 170 57 171 113 1 169 57 1 57 113 169 1 114 113 57 1 1 113 113 1 57 57 113 57 57 171 225 57 169 1 57 114 57 225 113 1 113 57 113 1 113 225 170 113 113 169 226 169 57 113 226 169 113 170 1 113 114 57 226 57 1 114 57 2 170 227 114 58 113 114 169 1 1 1 1 171 227 58 169 2 57 114 58 113 114 226 113 169 227 113 227 113 226 226 226 114 1 57 113 171 226 57 170 113 114 171 1 169 57 169 170 170 113 227 1 170 227 113 225 226 113 170 114 57 113 114 227 227 170 226 113 169 1 227 227 113 227 114 170 1 170 57 115 169 57 113 57 226 114 58 58 113 170 57 226 227 57 170 169 227 226 170 227 1 113 113 169 57 114 170 171 227 226 226 170 114 57 227 226 170 57 57 227 226 169 169 170 227 1 170 57 1 227 114 57 226 227 169 114 169 170 113 57 226 114 113 169 226 114 171 226 226 169 114 57 170 1 57 169 227 57 113 113 114 1 226 58 1 113 170 227 170 169 226 170 169 114 169 170 57 1 226 1 170 1 113 169 114 113 226 113 169 227 170 113 227 171 170 170 113 169 114 113 113 226 1 115 113 226 171 226 227 169 115 227 226 227 113 113 226 227 169 227 227 170 171 226 169 113 226 227 57 227 57 169 170 226 57 114 226 170 227 57 113 113 115 1 113 227 227 227 1 170 57 226 113 113 113 227 169 2 170 169 169 169 225 227 113 57 113 226 227 170 57 1 1 226 227 227 169 171 169 170 1 170 113 169 1 226 170 225 170 170 114 171 169 171 170 170 170 170 57 226 227 115 169 225 58 2 58 57 114 1 226 169 58 57 113 1 227 1 1 170 226 113 170 225 114 1 225 57 57 169 170 1 227 114 1 1 1 169 113 225 225 1 226 57 226 226 227 1 58 170 225 57 169 2 57 170 225 57 57 227 226 227 58 170 113 58 57 114 171 113 
c [Main] Lowest label SAT is set to 231.
c [Label = 223] Minimize Makespan Labeling problem (T-dwt__592.mtx.rnd):
c [Main] Lowest label SAT is set to 227.
c [Main] Kill higher label pid 228.
c [Main] Kill higher label pid 229.
c [Main] Kill higher label pid 230.
c [Label = 229] Encoding starts with target value = 56:
c [Label = 229] Encoding duration: 3857ms.
c [Label = 229] Number of clauses: 2473974.
c [Label = 229] Number of variables: 364210.
c [Label = 229] Solving duration: 14645 ms.
s [Label = 229] SAT (w = 56).
c [Label = 229] Label assignment: 1 1 1 1 1 1 1 1 1 1 1 1 1 57 1 57 1 1 57 57 1 1 57 57 1 57 57 1 1 1 1 1 1 57 1 1 1 57 1 1 1 1 1 1 1 1 1 1 1 57 113 1 57 1 57 57 1 57 57 57 1 113 57 1 57 57 57 1 57 1 57 1 57 1 1 1 1 57 57 1 57 1 57 1 57 57 1 1 57 57 57 57 113 57 1 228 1 1 113 1 57 57 169 57 113 1 113 57 57 57 57 1 113 57 1 1 113 1 113 57 1 57 113 57 172 57 169 57 1 113 57 113 113 113 113 1 113 1 1 113 57 57 172 113 1 113 57 169 57 113 1 1 228 57 169 57 113 113 57 172 57 173 113 1 169 57 1 57 113 169 1 116 113 57 1 1 113 113 1 57 57 113 57 57 173 225 57 169 1 57 116 57 225 113 1 113 57 113 1 113 225 172 113 113 169 228 169 57 113 228 169 113 172 1 113 116 57 228 57 1 116 57 2 172 229 116 60 113 116 169 1 1 1 1 171 229 60 169 2 57 116 60 113 116 227 113 169 229 113 229 113 228 228 228 114 1 57 113 171 228 57 172 113 116 173 1 169 57 169 172 172 113 229 1 172 229 113 225 228 113 172 116 57 113 116 229 229 170 228 113 169 1 229 229 113 229 116 172 1 171 57 117 169 57 113 57 228 116 60 58 113 172 57 228 229 57 172 169 229 228 172 229 1 113 113 169 57 116 172 171 229 228 228 172 116 57 229 228 172 57 57 229 228 169 169 172 229 1 172 57 1 229 116 57 228 229 169 115 169 172 113 57 227 116 113 169 228 116 173 228 228 169 116 57 172 1 57 169 229 57 113 113 116 1 228 59 1 113 171 229 172 169 228 172 169 116 169 171 57 1 228 1 172 1 113 169 115 113 228 113 169 229 172 113 229 173 172 172 113 169 116 113 113 228 1 117 113 228 173 228 229 169 117 229 228 229 113 113 228 229 169 229 229 172 173 228 169 113 228 229 57 229 57 169 172 228 57 116 228 172 229 57 113 113 117 1 113 229 229 229 1 172 57 228 113 113 113 229 169 2 172 169 169 169 225 229 113 57 113 228 229 171 57 1 1 228 229 229 169 173 169 172 1 172 113 169 1 228 172 225 172 172 116 173 169 173 172 172 172 172 57 228 229 117 169 225 60 4 60 57 116 1 228 169 58 57 113 1 229 1 1 172 228 113 172 225 115 1 225 57 57 169 172 1 229 114 1 1 1 169 113 225 225 1 228 57 228 228 228 1 58 170 225 57 169 2 57 172 225 57 57 229 228 229 60 172 113 60 57 116 173 113 
c [Signal] Signal interruption. Caught signal: SIGTERM (15).
c [Label = 228] Encoding starts with target value = 56:
c [Label = 228] Encoding duration: 3908ms.
c [Label = 228] Number of clauses: 2461990.
c [Label = 228] Number of variables: 363026.
c [Label = 228] Solving duration: 14985 ms.
s [Label = 228] SAT (w = 56).
c [Label = 228] Label assignment: 1 1 1 1 1 1 1 1 1 1 1 1 1 57 1 57 1 1 57 57 1 1 57 57 1 57 57 1 1 1 1 1 1 57 1 1 1 57 1 1 1 1 1 1 1 1 1 1 1 57 113 1 57 1 57 57 1 57 57 57 1 113 57 1 57 57 57 1 57 1 57 1 57 1 1 1 1 57 57 1 57 1 57 1 57 57 1 1 57 57 57 57 113 57 1 227 1 1 113 1 57 57 169 57 113 1 113 57 57 57 57 1 113 57 1 1 113 1 113 57 1 57 113 57 171 57 169 57 1 113 57 113 113 113 113 1 113 1 1 113 57 57 171 113 1 113 57 169 57 113 1 1 227 57 169 57 113 113 57 171 57 172 113 1 169 57 1 57 113 169 1 115 113 57 1 1 113 113 1 57 57 113 57 57 172 225 57 169 1 57 115 57 225 113 1 113 57 113 1 113 225 171 113 113 169 227 169 57 113 227 169 113 171 1 113 115 57 227 57 1 115 57 2 171 228 115 59 113 115 169 1 1 1 1 171 228 59 169 2 57 115 59 113 115 227 113 169 228 113 228 113 227 227 227 114 1 57 113 171 227 57 171 113 115 172 1 169 57 169 171 171 113 228 1 171 228 113 225 227 113 171 115 57 113 115 228 228 170 227 113 169 1 228 228 113 228 115 171 1 171 57 116 169 57 113 57 227 115 59 58 113 171 57 227 228 57 171 169 228 227 171 228 1 113 113 169 57 115 171 171 228 227 227 171 115 57 228 227 171 57 57 228 227 169 169 171 228 1 171 57 1 228 115 57 227 228 169 115 169 171 113 57 227 115 113 169 227 115 172 227 227 169 115 57 171 1 57 169 228 57 113 113 115 1 227 59 1 113 171 228 171 169 227 171 169 115 169 171 57 1 227 1 171 1 113 169 115 113 227 113 169 228 171 113 228 172 171 171 113 169 115 113 113 227 1 116 113 227 172 227 228 169 116 228 227 228 113 113 227 228 169 228 228 171 172 227 169 113 227 228 57 228 57 169 171 227 57 115 227 171 228 57 113 113 116 1 113 228 228 228 1 171 57 227 113 113 113 228 169 2 171 169 169 169 225 228 113 57 113 227 228 171 57 1 1 227 228 228 169 172 169 171 1 171 113 169 1 227 171 225 171 171 115 172 169 172 171 171 171 171 57 227 228 116 169 225 59 3 59 57 115 1 227 169 58 57 113 1 228 1 1 171 227 113 171 225 115 1 225 57 57 169 171 1 228 114 1 1 1 169 113 225 225 1 227 57 227 227 227 1 58 170 225 57 169 2 57 171 225 57 57 228 227 228 59 171 113 59 57 115 172 113 
c [Signal] Signal interruption. Caught signal: SIGTERM (15).
c [Label = 230] Encoding starts with target value = 56:
c [Label = 230] Encoding duration: 3984ms.
c [Label = 230] Number of clauses: 2485959.
c [Label = 230] Number of variables: 365394.
c [Label = 230] Solving duration: 15019 ms.
s [Label = 230] SAT (w = 56).
c [Label = 230] Label assignment: 1 1 1 1 1 1 1 1 1 1 1 1 1 57 1 57 1 1 57 57 1 1 57 57 1 57 57 1 1 1 1 1 1 57 1 1 1 57 1 1 1 1 1 1 1 1 1 1 1 57 113 1 57 1 57 57 1 57 57 57 1 113 57 1 57 57 57 1 57 1 57 1 57 1 1 1 1 57 57 1 57 1 57 1 57 57 1 1 57 57 57 57 113 57 1 229 1 1 113 1 57 57 169 57 113 1 113 57 57 57 57 1 113 57 1 1 113 1 113 57 1 57 113 57 173 57 169 57 1 113 57 113 113 113 113 1 113 1 1 113 57 57 173 113 1 113 57 169 57 113 1 1 229 57 169 57 113 113 57 173 57 174 113 1 169 57 1 57 113 169 1 117 113 57 1 1 113 113 1 57 57 113 57 57 174 225 57 169 1 57 117 57 225 113 1 113 57 113 1 113 225 173 113 113 169 229 169 57 113 229 169 113 173 1 113 117 57 229 57 1 117 57 2 173 230 117 61 113 117 169 1 1 1 1 171 230 61 169 2 57 117 61 113 117 227 113 169 230 113 230 113 229 229 229 114 1 57 113 171 229 57 173 113 117 174 1 169 57 169 173 173 113 230 1 173 230 113 225 229 113 173 117 57 113 117 230 230 170 229 113 169 1 230 230 113 230 117 173 1 171 57 118 169 57 113 57 228 117 61 58 113 173 57 229 230 57 173 169 230 229 173 230 1 113 113 169 57 117 173 171 230 229 229 173 117 57 230 229 173 57 57 230 229 169 169 173 230 1 173 57 1 230 117 57 229 230 169 115 169 173 113 57 227 117 113 169 229 117 174 229 229 169 117 57 173 1 57 169 230 57 113 113 117 1 229 59 1 113 171 230 173 169 229 173 169 117 169 171 57 1 229 1 173 1 113 169 115 113 229 113 169 230 173 113 230 174 173 173 113 169 117 113 113 229 1 118 113 229 174 229 230 169 118 230 229 230 113 113 229 230 169 230 230 173 174 229 169 113 229 230 57 230 57 169 173 229 57 117 229 172 230 57 113 113 118 1 113 230 230 230 1 173 57 229 113 113 113 230 169 2 173 169 169 169 225 230 113 57 113 229 230 171 57 1 1 229 230 230 169 174 169 173 1 173 113 169 1 229 173 225 173 173 117 174 169 174 173 173 173 173 57 229 230 118 169 225 61 5 61 57 117 1 229 169 58 57 113 1 230 1 1 173 229 113 173 225 115 1 225 57 57 169 173 1 230 114 1 1 1 169 113 225 225 1 229 57 229 229 229 1 58 170 225 57 169 2 57 173 225 57 57 230 229 230 61 173 113 61 57 117 174 113 
c [Signal] Signal interruption. Caught signal: SIGTERM (15).
c [Label = 222] Minimize Makespan Labeling problem (T-dwt__592.mtx.rnd):
c [Main] Child pid 228 - 54422 terminated by signal 15.
c [Label = 221] Minimize Makespan Labeling problem (T-dwt__592.mtx.rnd):
c [Main] Child pid 230 - 54420 terminated by signal 15.
c [Label = 220] Minimize Makespan Labeling problem (T-dwt__592.mtx.rnd):
c [Main] Child pid 229 - 54421 terminated by signal 15.
c [Label = 219] Minimize Makespan Labeling problem (T-dwt__592.mtx.rnd):
c [Label = 225] Encoding starts with target value = 56:
c [Label = 225] Encoding duration: 3816ms.
c [Label = 225] Number of clauses: 2426036.
c [Label = 225] Number of variables: 359474.
c [Label = 225] Solving duration: 14463 ms.
s [Label = 225] SAT (w = 56).
c [Label = 225] Label assignment: 1 1 1 1 1 1 1 1 1 1 1 1 1 57 1 57 1 1 57 57 1 1 57 57 1 57 57 1 1 1 1 1 1 57 1 1 1 57 1 1 1 1 1 1 1 1 1 1 1 57 113 1 57 1 57 57 1 57 57 57 1 113 57 1 57 57 57 1 57 1 57 1 57 1 1 1 1 57 57 1 57 1 57 1 57 57 1 1 57 57 57 57 113 57 1 225 1 1 113 1 57 57 169 57 113 1 113 57 57 57 57 1 113 57 1 1 113 1 113 57 1 57 113 57 169 57 169 57 1 113 57 113 113 113 113 1 113 1 1 113 57 57 169 113 1 113 57 169 57 113 1 1 225 57 169 57 113 113 57 169 57 169 113 1 169 57 1 57 113 169 1 113 113 57 1 1 113 113 1 57 57 113 57 57 169 225 57 169 1 57 113 113 225 113 1 113 57 113 1 113 169 169 113 113 169 225 169 57 113 225 169 113 169 1 113 113 57 225 169 1 113 57 1 169 225 57 57 225 113 57 1 1 1 1 169 225 57 169 1 57 113 57 113 57 225 113 169 225 169 225 113 225 225 225 113 1 57 113 169 225 57 169 113 113 169 1 169 57 113 169 169 113 225 1 169 169 113 169 225 113 169 113 57 113 113 225 225 169 225 113 225 1 225 225 113 225 113 169 1 169 57 113 169 57 113 57 169 113 57 57 113 169 113 225 225 57 169 169 225 225 169 225 1 113 113 169 57 113 169 169 225 225 57 169 225 57 169 225 169 57 169 225 225 169 169 169 225 1 169 57 1 225 57 57 225 225 169 113 225 169 225 57 225 113 113 169 225 225 169 225 225 169 113 57 169 1 57 169 225 57 113 113 113 1 113 57 1 113 169 225 169 169 225 169 169 113 169 169 57 1 57 1 169 1 169 169 113 113 225 113 169 225 169 225 225 113 169 169 113 169 113 113 113 225 1 113 113 169 169 225 225 225 113 225 225 225 113 113 225 225 169 225 225 169 225 113 169 169 225 225 57 225 57 225 169 113 57 113 225 225 225 57 113 113 113 1 113 225 225 225 1 169 57 225 113 113 169 225 169 1 169 169 169 169 225 225 113 57 113 225 225 169 113 1 1 113 225 225 169 169 169 169 1 169 113 113 1 225 169 225 169 169 113 169 169 169 169 169 169 169 113 225 225 113 169 169 57 1 113 57 113 1 225 169 57 57 113 1 169 1 1 169 225 113 169 225 225 1 225 225 113 169 169 1 225 113 1 1 1 225 113 225 169 1 113 57 225 225 225 1 57 225 225 57 169 1 57 225 225 57 57 225 225 57 57 169 113 225 57 113 57 113 
c [Main] Lowest label SAT is set to 225.
c [Main] Kill higher label pid 226.
c [Label = 226] Encoding starts with target value = 56:
c [Label = 226] Encoding duration: 3835ms.
c [Label = 226] Number of clauses: 2438021.
c [Label = 226] Number of variables: 360658.
c [Label = 226] Solving duration: 14761 ms.
s [Label = 226] SAT (w = 56).
c [Label = 226] Label assignment: 1 1 1 1 1 1 1 1 1 1 1 1 1 57 1 57 1 1 57 57 1 1 57 57 1 57 57 1 1 1 1 1 1 57 1 1 1 57 1 1 1 1 1 1 1 1 1 1 1 57 113 1 57 1 57 57 1 57 57 57 1 113 57 1 57 57 57 1 57 1 57 1 57 1 1 1 1 57 57 1 57 1 57 1 57 57 1 1 57 57 57 57 113 57 1 226 1 1 113 1 57 57 169 57 113 1 113 57 57 57 57 1 113 57 1 1 113 1 113 57 1 57 113 57 170 57 169 57 1 113 57 113 113 113 113 1 113 1 1 113 57 57 170 113 1 113 57 169 57 113 1 1 114 57 169 57 113 113 57 170 57 170 113 1 169 57 1 57 113 169 1 114 113 170 1 1 113 226 1 57 57 113 57 170 58 226 57 169 1 57 114 57 170 113 1 113 57 113 1 113 226 170 113 113 169 226 169 113 113 226 169 113 170 1 113 114 57 226 57 1 114 57 170 170 225 114 58 113 170 169 1 1 1 1 226 225 58 169 2 57 114 113 113 114 226 113 169 226 113 226 113 114 170 226 170 1 57 113 170 226 57 226 113 114 170 1 169 57 169 170 170 113 225 1 170 225 113 226 226 113 170 114 57 113 114 226 226 170 226 113 169 1 226 225 114 225 114 170 170 170 57 114 169 57 113 57 226 114 58 58 113 170 57 226 225 57 170 169 226 226 170 225 1 113 113 169 57 114 57 169 226 226 226 170 114 57 225 226 170 57 57 225 226 169 226 170 226 1 170 57 1 225 114 57 226 225 169 226 169 170 113 57 226 113 113 226 226 113 57 226 114 170 114 57 170 1 57 169 225 57 113 113 114 1 226 57 1 113 169 225 170 169 226 170 169 114 169 170 57 1 226 1 169 1 113 169 113 113 226 58 226 226 170 113 225 170 170 170 113 169 113 113 113 226 1 114 113 226 170 113 169 169 114 225 226 225 113 113 226 225 169 225 225 170 170 226 169 113 226 226 57 226 57 169 170 226 57 226 226 170 225 113 113 57 114 1 113 225 225 226 1 170 57 226 113 113 113 225 169 1 170 169 169 170 226 226 113 57 113 226 225 170 57 1 1 225 226 226 169 170 169 170 1 170 113 169 1 226 57 225 170 170 114 170 169 170 170 114 169 169 57 226 226 114 169 225 58 2 58 57 114 1 226 226 1 57 113 1 226 1 1 170 226 113 170 170 114 1 226 57 57 169 170 1 226 114 1 1 1 169 113 225 225 1 226 57 226 226 1 1 170 169 225 57 169 2 57 169 225 57 57 226 226 226 57 57 113 58 225 226 169 113 
c [Signal] Signal interruption. Caught signal: SIGTERM (15).
c [Label = 218] Minimize Makespan Labeling problem (T-dwt__592.mtx.rnd):
c [Main] Child pid 226 - 54424 terminated by signal 15.
c [Label = 217] Minimize Makespan Labeling problem (T-dwt__592.mtx.rnd):
c [Label = 224] Encoding starts with target value = 56:
c [Label = 224] Encoding duration: 3409ms.
c [Label = 224] Number of clauses: 2316372.
c [Label = 224] Number of variables: 326914.
c [Label = 224] Solving duration: 8509 ms.
s [Label = 224] SAT (w = 56).
c [Label = 224] Label assignment: 1 111 169 111 111 167 223 1 169 170 1 1 223 167 111 57 167 1 55 57 223 170 167 111 169 223 57 111 169 111 167 1 223 55 167 223 111 2 167 111 167 167 1 1 167 1 111 169 167 167 167 167 167 223 2 114 224 2 2 113 224 57 113 168 113 2 57 111 113 113 224 1 1 57 113 1 224 1 168 224 59 1 57 57 113 113 224 224 2 1 1 224 58 57 224 168 1 224 111 1 1 224 167 2 58 1 57 1 224 55 168 113 1 168 57 224 224 224 168 55 224 57 1 1 224 57 57 168 113 224 113 224 224 57 58 111 1 57 224 2 2 57 224 57 113 168 57 57 1 1 224 113 223 113 57 57 113 114 113 168 55 57 113 111 114 2 224 113 224 57 113 168 1 57 1 224 224 224 57 113 113 1 57 2 168 113 168 58 1 2 1 55 224 57 224 1 113 224 224 57 224 58 57 57 55 57 224 1 224 58 1 57 224 1 224 168 1 112 224 224 113 57 2 113 57 168 57 112 168 224 224 57 57 1 168 1 1 168 57 113 113 224 224 57 224 168 168 1 113 57 57 1 55 1 2 57 168 1 224 114 113 167 224 113 57 113 58 1 168 1 57 57 1 224 57 1 1 167 224 57 224 224 57 1 113 1 224 1 224 168 57 111 224 224 168 224 1 57 2 113 1 57 1 113 1 113 113 113 1 1 224 224 57 224 224 57 224 224 113 224 168 113 224 57 1 58 1 113 168 58 224 57 168 113 1 168 224 3 1 57 1 113 168 224 224 113 57 224 168 1 168 224 1 224 112 57 113 167 224 224 1 2 223 1 168 113 1 1 113 224 1 224 1 1 224 224 1 1 224 224 57 168 113 58 58 57 224 1 168 57 224 167 224 224 113 1 224 55 2 112 168 224 224 1 224 1 1 57 224 58 224 224 57 224 1 168 1 111 114 1 224 57 57 224 113 168 113 58 168 224 224 111 224 57 1 1 168 168 224 58 1 224 224 224 1 1 113 112 57 1 1 113 1 114 1 57 57 224 168 224 168 58 1 168 57 168 57 1 1 1 224 224 113 224 224 1 1 224 168 1 168 1 224 224 111 113 57 57 167 168 57 113 57 112 113 57 224 57 224 1 224 57 58 57 57 56 112 2 60 57 223 224 58 223 224 168 58 59 57 1 168 167 57 1 168 223 1 224 57 57 1 57 224 113 58 1 113 168 224 111 1 1 57 168 168 168 169 112 57 57 57 1 58 168 224 224 1 1 57 57 57 113 224 224 168 1 224 169 224 113 112 224 111 57 169 169 1 224 224 1 168 1 224 55 113 224 1 57 1 168 1 1 
c [Main] Lowest label SAT is set to 224.
c [Label = 216] Minimize Makespan Labeling problem (T-dwt__592.mtx.rnd):
c [Label = 223] Encoding starts with target value = 56:
c [Label = 223] Encoding duration: 3589ms.
c [Label = 223] Number of clauses: 2311747.
c [Label = 223] Number of variables: 325730.
c [Label = 223] Solving duration: 8691 ms.
s [Label = 223] SAT (w = 56).
c [Label = 223] Label assignment: 1 110 169 111 111 167 222 1 169 170 1 1 222 167 111 57 166 1 54 57 222 170 167 110 169 222 57 111 169 111 167 1 222 54 167 222 111 2 167 111 167 167 1 1 167 1 111 169 167 167 166 167 167 222 2 114 223 2 2 113 223 57 113 114 113 2 57 110 113 113 223 1 1 57 113 1 223 1 167 223 59 1 57 57 113 113 223 223 2 1 1 223 58 57 223 167 1 223 110 1 1 223 166 2 58 1 57 1 223 2 166 113 1 114 57 223 223 223 115 55 223 57 1 1 223 57 57 167 113 223 113 223 223 57 58 110 1 57 223 2 2 57 223 57 113 166 57 57 1 1 223 113 222 113 57 57 113 114 113 114 2 57 113 110 114 2 223 113 223 57 113 114 1 57 1 223 223 223 57 113 113 1 57 2 167 113 114 58 1 2 1 2 223 57 223 1 113 223 223 57 223 58 57 57 2 57 223 1 223 58 1 57 223 1 223 167 1 58 223 223 113 57 2 113 57 114 57 58 114 223 223 57 57 1 114 1 1 114 57 113 113 222 223 57 223 167 114 1 113 57 57 1 54 1 2 57 114 1 223 114 113 166 223 113 57 113 58 1 167 1 57 57 1 223 57 1 1 166 223 57 223 223 57 1 113 1 223 1 223 114 57 111 223 223 167 223 1 57 2 113 1 57 1 113 1 113 113 113 1 1 223 223 57 223 223 57 223 223 113 223 114 113 223 57 1 58 1 113 166 58 223 57 167 113 1 114 223 2 1 57 1 113 167 223 223 113 57 223 167 1 114 223 1 223 58 57 113 166 223 223 1 2 222 1 166 113 1 1 113 223 1 223 1 1 223 223 1 1 223 223 57 166 113 58 58 57 223 1 114 57 223 166 223 223 113 1 223 54 2 58 114 223 223 1 223 1 1 57 223 58 223 223 57 223 1 167 1 110 114 1 223 57 57 223 113 167 113 58 114 222 223 110 223 57 1 1 114 167 223 58 1 223 223 223 1 1 113 58 57 1 1 113 1 114 1 57 57 223 167 223 166 58 1 167 57 114 57 1 1 1 223 223 113 223 223 1 1 223 114 1 114 1 223 223 58 113 57 57 166 167 57 113 57 58 113 57 223 57 223 1 223 57 58 57 57 2 58 2 58 57 223 223 58 223 170 167 58 58 57 1 114 166 57 1 166 223 1 170 57 57 1 57 223 113 58 1 113 114 223 110 1 1 57 166 167 167 169 58 57 57 57 1 58 166 223 222 1 1 57 57 57 113 222 223 114 1 223 169 171 113 58 223 58 57 169 169 1 223 222 1 114 1 223 2 113 222 1 57 1 166 1 1 
c [Main] Lowest label SAT is set to 223.
c [Label = 215] Minimize Makespan Labeling problem (T-dwt__592.mtx.rnd):
c [Label = 222] Encoding starts with target value = 56:
c [Label = 222] Encoding duration: 3492ms.
c [Label = 222] Number of clauses: 2299763.
c [Label = 222] Number of variables: 324546.
c [Label = 222] Solving duration: 9461 ms.
s [Label = 222] SAT (w = 56).
c [Label = 222] Label assignment: 1 109 169 110 110 166 221 1 169 170 1 1 221 166 110 57 165 1 53 57 221 170 166 109 169 221 57 110 169 110 166 1 221 53 166 221 110 2 166 110 166 166 1 1 166 1 110 169 166 166 165 166 166 221 2 114 222 2 2 113 222 57 113 114 113 2 57 109 113 113 222 1 1 57 113 1 222 1 166 222 59 1 57 57 113 113 222 222 2 1 1 222 58 57 222 166 1 222 109 1 1 222 165 2 58 1 57 1 222 2 165 113 1 114 57 222 222 222 115 54 222 57 1 1 222 57 57 166 113 222 113 222 222 57 58 109 1 57 222 2 2 57 222 57 113 165 57 57 1 1 222 113 221 113 57 57 113 114 113 114 2 57 113 109 114 2 222 113 222 57 113 114 1 57 1 222 222 222 57 113 113 1 57 2 166 113 114 58 1 2 1 2 222 57 222 1 113 222 222 57 222 58 57 57 2 57 222 1 222 58 1 57 222 1 222 166 1 58 222 222 113 57 2 113 57 114 57 58 114 222 222 57 57 1 114 1 1 114 57 113 113 221 222 57 222 166 114 1 113 57 57 1 53 1 2 57 114 1 222 114 113 165 222 113 57 113 58 1 166 1 57 57 1 222 57 1 1 165 222 57 222 222 57 1 113 1 222 1 222 114 57 110 222 222 166 222 1 57 2 113 1 57 1 113 1 113 113 113 1 1 222 222 57 222 222 57 222 222 113 222 114 113 222 57 1 58 1 113 165 58 222 57 166 113 1 114 222 2 1 57 1 113 166 222 222 113 57 222 166 1 114 222 1 222 58 57 113 165 222 222 1 2 221 1 165 113 1 1 113 222 1 222 1 1 222 222 1 1 222 222 57 165 113 58 58 57 222 1 114 57 222 165 222 222 113 1 222 53 2 58 114 222 222 1 222 1 1 57 222 58 222 222 57 222 1 166 1 109 114 1 222 57 57 222 113 166 113 58 114 221 222 109 222 57 1 1 114 166 222 58 1 222 222 222 1 1 113 58 57 1 1 113 1 114 1 57 57 222 166 222 165 58 1 166 57 114 57 1 1 1 222 222 113 222 222 1 1 222 114 1 114 1 222 222 58 113 57 57 165 166 57 113 57 58 113 57 222 57 222 1 222 57 58 57 57 2 58 2 58 57 222 222 58 222 170 166 58 58 57 1 114 165 57 1 165 222 1 170 57 57 1 57 222 113 58 1 113 114 222 109 1 1 57 165 166 166 169 58 57 57 57 1 58 165 222 221 1 1 57 57 57 113 221 222 114 1 222 169 171 113 58 222 58 57 169 169 1 222 221 1 114 1 222 2 113 221 1 57 1 165 1 1 
c [Main] Lowest label SAT is set to 222.
c [Label = 214] Minimize Makespan Labeling problem (T-dwt__592.mtx.rnd):
c [Label = 221] Encoding starts with target value = 56:
c [Label = 221] Encoding duration: 3633ms.
c [Label = 221] Number of clauses: 2287778.
c [Label = 221] Number of variables: 323362.
c [Label = 221] Solving duration: 10257 ms.
s [Label = 221] SAT (w = 56).
c [Label = 221] Label assignment: 1 108 169 109 109 165 220 1 169 170 1 1 220 165 109 57 164 1 52 57 220 170 165 108 169 220 57 109 169 109 165 1 220 52 165 220 109 2 165 109 165 165 1 1 165 1 109 169 165 165 164 165 165 220 2 114 221 2 2 113 221 57 113 114 113 2 57 108 113 113 221 1 1 57 113 1 221 1 165 221 59 1 57 57 113 113 221 221 2 1 1 221 58 57 221 165 1 221 108 1 1 221 164 2 58 1 57 1 221 2 164 113 1 114 57 221 221 221 115 53 221 57 1 1 221 57 57 165 113 221 113 221 221 57 58 108 1 57 221 2 2 57 221 57 113 164 57 57 1 1 221 113 220 113 57 57 113 114 113 114 2 57 113 108 114 2 221 113 221 57 113 114 1 57 1 221 221 221 57 113 113 1 57 2 165 113 114 58 1 2 1 2 221 57 221 1 113 221 221 57 221 58 57 57 2 57 221 1 221 58 1 57 221 1 221 165 1 58 221 221 113 57 2 113 57 114 57 58 114 221 221 57 57 1 114 1 1 114 57 113 113 220 221 57 221 165 114 1 113 57 57 1 52 1 2 57 114 1 221 114 113 164 221 113 57 113 58 1 165 1 57 57 1 221 57 1 1 164 221 57 221 221 57 1 113 1 221 1 221 114 57 109 221 221 165 221 1 57 2 113 1 57 1 113 1 113 113 113 1 1 221 221 57 221 221 57 221 221 113 221 114 113 221 57 1 58 1 113 164 58 221 57 165 113 1 114 221 2 1 57 1 113 165 221 221 113 57 221 165 1 114 221 1 221 58 57 113 164 221 221 1 2 220 1 164 113 1 1 113 221 1 221 1 1 221 221 1 1 221 221 57 164 113 58 58 57 221 1 114 57 221 164 221 221 113 1 221 52 2 58 114 221 221 1 221 1 1 57 221 58 221 221 57 221 1 165 1 108 114 1 221 57 57 221 113 165 113 58 114 220 221 108 221 57 1 1 114 165 221 58 1 221 221 221 1 1 113 58 57 1 1 113 1 114 1 57 57 221 165 221 164 58 1 165 57 114 57 1 1 1 221 221 113 221 221 1 1 221 114 1 114 1 221 221 58 113 57 57 164 165 57 113 57 58 113 57 221 57 221 1 221 57 58 57 57 2 58 2 58 57 221 221 58 221 170 165 58 58 57 1 114 164 57 1 164 221 1 170 57 57 1 57 221 113 58 1 113 114 221 108 1 1 57 164 165 165 169 58 57 57 57 1 58 164 221 220 1 1 57 57 57 113 220 221 114 1 221 169 171 113 58 221 58 57 169 169 1 221 220 1 114 1 221 2 113 220 1 57 1 164 1 1 
c [Main] Lowest label SAT is set to 221.
c [Label = 213] Minimize Makespan Labeling problem (T-dwt__592.mtx.rnd):
c [Label = 220] Encoding starts with target value = 56:
c [Label = 220] Encoding duration: 3586ms.
c [Label = 220] Number of clauses: 2275794.
c [Label = 220] Number of variables: 322178.
c [Label = 220] Solving duration: 10758 ms.
s [Label = 220] SAT (w = 56).
c [Label = 220] Label assignment: 1 107 169 108 108 164 219 1 169 170 1 1 219 164 108 57 163 1 51 57 219 170 164 107 169 219 57 108 169 108 164 1 219 51 164 219 108 2 164 108 164 164 1 1 164 1 108 169 164 164 163 164 164 219 2 114 220 2 2 113 220 57 113 114 113 2 57 107 113 113 220 1 1 57 113 1 220 1 164 220 59 1 57 57 113 113 220 220 2 1 1 220 58 57 220 164 1 220 107 1 1 220 163 2 58 1 57 1 220 2 163 113 1 114 57 220 220 220 115 52 220 57 1 1 220 57 57 164 113 220 113 220 220 57 58 107 1 57 220 2 2 57 220 57 113 163 57 57 1 1 220 113 219 113 57 57 113 114 113 114 2 57 113 107 114 2 220 113 220 57 113 114 1 57 1 220 220 220 57 113 113 1 57 2 164 113 114 58 1 2 1 2 220 57 220 1 113 220 220 57 220 58 57 57 2 57 220 1 220 58 1 57 220 1 220 164 1 58 220 220 113 57 2 113 57 114 57 58 114 220 220 57 57 1 114 1 1 114 57 113 113 219 220 57 220 164 114 1 113 57 57 1 51 1 2 57 114 1 220 114 113 163 220 113 57 113 58 1 164 1 57 57 1 220 57 1 1 163 220 57 220 220 57 1 113 1 220 1 220 114 57 108 220 220 164 220 1 57 2 113 1 57 1 113 1 113 113 113 1 1 220 220 57 220 220 57 220 220 113 220 114 113 220 57 1 58 1 113 163 58 220 57 164 113 1 114 220 2 1 57 1 113 164 220 220 113 57 220 164 1 114 220 1 220 58 57 113 163 220 220 1 2 219 1 163 113 1 1 113 220 1 220 1 1 220 220 1 1 220 220 57 163 113 58 58 57 220 1 114 57 220 163 220 220 113 1 220 51 2 58 114 220 220 1 220 1 1 57 220 58 220 220 57 220 1 164 1 107 114 1 220 57 57 220 113 164 113 58 114 219 220 107 220 57 1 1 114 164 220 58 1 220 220 220 1 1 113 58 57 1 1 113 1 114 1 57 57 220 164 220 163 58 1 164 57 114 57 1 1 1 220 220 113 220 220 1 1 220 114 1 114 1 220 220 58 113 57 57 163 164 57 113 57 58 113 57 220 57 220 1 220 57 58 57 57 2 58 2 58 57 220 220 58 220 170 164 58 58 57 1 114 163 57 1 163 220 1 170 57 57 1 57 220 113 58 1 113 114 220 107 1 1 57 163 164 164 169 58 57 57 57 1 58 163 220 219 1 1 57 57 57 113 219 220 114 1 220 169 171 113 58 220 58 57 169 169 1 220 219 1 114 1 220 2 113 219 1 57 1 163 1 1 
c [Main] Lowest label SAT is set to 220.
c [Label = 212] Minimize Makespan Labeling problem (T-dwt__592.mtx.rnd):
c [Label = 219] Encoding starts with target value = 56:
c [Label = 219] Encoding duration: 3602ms.
c [Label = 219] Number of clauses: 2263809.
c [Label = 219] Number of variables: 320994.
c [Label = 219] Solving duration: 10781 ms.
s [Label = 219] SAT (w = 56).
c [Label = 219] Label assignment: 1 106 169 107 107 163 218 1 169 170 1 1 218 163 107 57 162 1 50 57 218 170 163 106 169 218 57 107 169 107 163 1 218 50 163 218 107 2 163 107 163 163 1 1 163 1 107 169 163 163 162 163 163 218 2 114 219 2 2 113 219 57 113 114 113 2 57 106 113 113 219 1 1 57 113 1 219 1 163 219 59 1 57 57 113 113 219 219 2 1 1 219 58 57 219 163 1 219 106 1 1 219 162 2 58 1 57 1 219 2 162 113 1 114 57 219 219 219 115 51 219 57 1 1 219 57 57 163 113 219 113 219 219 57 58 106 1 57 219 2 2 57 219 57 113 162 57 57 1 1 219 113 218 113 57 57 113 114 113 114 2 57 113 106 114 2 219 113 219 57 113 114 1 57 1 219 219 219 57 113 113 1 57 2 163 113 114 58 1 2 1 2 219 57 219 1 113 219 219 57 219 58 57 57 2 57 219 1 219 58 1 57 219 1 219 163 1 58 219 219 113 57 2 113 57 114 57 58 114 219 219 57 57 1 114 1 1 114 57 113 113 218 219 57 219 163 114 1 113 57 57 1 50 1 2 57 114 1 219 114 113 162 219 113 57 113 58 1 163 1 57 57 1 219 57 1 1 162 219 57 219 219 57 1 113 1 219 1 219 114 57 107 219 219 163 219 1 57 2 113 1 57 1 113 1 113 113 113 1 1 219 219 57 219 219 57 219 219 113 219 114 113 219 57 1 58 1 113 162 58 219 57 163 113 1 114 219 2 1 57 1 113 163 219 219 113 57 219 163 1 114 219 1 219 58 57 113 162 219 219 1 2 218 1 162 113 1 1 113 219 1 219 1 1 219 219 1 1 219 219 57 162 113 58 58 57 219 1 114 57 219 162 219 219 113 1 219 50 2 58 114 219 219 1 219 1 1 57 219 58 219 219 57 219 1 163 1 106 114 1 219 57 57 219 113 163 113 58 114 218 219 106 219 57 1 1 114 163 219 58 1 219 219 219 1 1 113 58 57 1 1 113 1 114 1 57 57 219 163 219 162 58 1 163 57 114 57 1 1 1 219 219 113 219 219 1 1 219 114 1 114 1 219 219 58 113 57 57 162 163 57 113 57 58 113 57 219 57 219 1 219 57 58 57 57 2 58 2 58 57 219 219 58 219 170 163 58 58 57 1 114 162 57 1 162 219 1 170 57 57 1 57 219 113 58 1 113 114 219 106 1 1 57 162 163 163 169 58 57 57 57 1 58 162 219 218 1 1 57 57 57 113 218 219 114 1 219 169 171 113 58 219 58 57 169 169 1 219 218 1 114 1 219 2 113 218 1 57 1 162 1 1 
c [Main] Lowest label SAT is set to 219.
c [Label = 211] Minimize Makespan Labeling problem (T-dwt__592.mtx.rnd):
c [Label = 218] Encoding starts with target value = 56:
c [Label = 218] Encoding duration: 3521ms.
c [Label = 218] Number of clauses: 2251825.
c [Label = 218] Number of variables: 319810.
c [Label = 218] Solving duration: 11033 ms.
s [Label = 218] SAT (w = 56).
c [Label = 218] Label assignment: 1 105 169 106 106 162 217 1 169 170 1 1 217 162 106 57 161 1 49 57 217 170 162 105 169 217 57 106 169 106 162 1 217 49 162 217 106 2 162 106 162 162 1 1 162 1 106 169 162 162 161 162 162 217 2 114 218 2 2 113 218 57 113 114 113 2 57 105 113 113 218 1 1 57 113 1 218 1 162 218 59 1 57 57 113 113 218 218 2 1 1 218 58 57 218 162 1 218 105 1 1 218 161 2 58 1 57 1 218 2 161 113 1 114 57 218 218 218 115 50 218 57 1 1 218 57 57 162 113 218 113 218 218 57 58 105 1 57 218 2 2 57 218 57 113 161 57 57 1 1 218 113 217 113 57 57 113 114 113 114 2 57 113 105 114 2 218 113 218 57 113 114 1 57 1 218 218 218 57 113 113 1 57 2 162 113 114 58 1 2 1 2 218 57 218 1 113 218 218 57 218 58 57 57 2 57 218 1 218 58 1 57 218 1 218 162 1 58 218 218 113 57 2 113 57 114 57 58 114 218 218 57 57 1 114 1 1 114 57 113 113 217 218 57 218 162 114 1 113 57 57 1 49 1 2 57 114 1 218 114 113 161 218 113 57 113 58 1 162 1 57 57 1 218 57 1 1 161 218 57 218 218 57 1 113 1 218 1 218 114 57 106 218 218 162 218 1 57 2 113 1 57 1 113 1 113 113 113 1 1 218 218 57 218 218 57 218 218 113 218 114 113 218 57 1 58 1 113 161 58 218 57 162 113 1 114 218 2 1 57 1 113 162 218 218 113 57 218 162 1 114 218 1 218 58 57 113 161 218 218 1 2 217 1 161 113 1 1 113 218 1 218 1 1 218 218 1 1 218 218 57 161 113 58 58 57 218 1 114 57 218 161 218 218 113 1 218 49 2 58 114 218 218 1 218 1 1 57 218 58 218 218 57 218 1 162 1 105 114 1 218 57 57 218 113 162 113 58 114 217 218 105 218 57 1 1 114 162 218 58 1 218 218 218 1 1 113 58 57 1 1 113 1 114 1 57 57 218 162 218 161 58 1 162 57 114 57 1 1 1 218 218 113 218 218 1 1 218 114 1 114 1 218 218 58 113 57 57 161 162 57 113 57 58 113 57 218 57 218 1 218 57 58 57 57 2 58 2 58 57 218 218 58 218 170 162 58 58 57 1 114 161 57 1 161 218 1 170 57 57 1 57 218 113 58 1 113 114 218 105 1 1 57 161 162 162 169 58 57 57 57 1 58 161 218 217 1 1 57 57 57 113 217 218 114 1 218 169 171 113 58 218 58 57 169 169 1 218 217 1 114 1 218 2 113 217 1 57 1 161 1 1 
c [Main] Lowest label SAT is set to 218.
c [Label = 210] Minimize Makespan Labeling problem (T-dwt__592.mtx.rnd):
c [Label = 217] Encoding starts with target value = 56:
c [Label = 217] Encoding duration: 3500ms.
c [Label = 217] Number of clauses: 2239840.
c [Label = 217] Number of variables: 318626.
c [Label = 217] Solving duration: 11184 ms.
s [Label = 217] SAT (w = 56).
c [Label = 217] Label assignment: 1 104 169 105 105 161 216 1 169 170 1 1 216 161 105 57 160 1 48 57 216 170 161 104 169 216 57 105 169 105 161 1 216 48 161 216 105 2 161 105 161 161 1 1 161 1 105 169 161 161 160 161 161 216 2 114 217 2 2 113 217 57 113 114 113 2 57 104 113 113 217 1 1 57 113 1 217 1 161 217 59 1 57 57 113 113 217 217 2 1 1 217 58 57 217 161 1 217 104 1 1 217 160 2 58 1 57 1 217 2 160 113 1 114 57 217 217 217 115 49 217 57 1 1 217 57 57 161 113 217 113 217 217 57 58 104 1 57 217 2 2 57 217 57 113 160 57 57 1 1 217 113 216 113 57 57 113 114 113 114 2 57 113 104 114 2 217 113 217 57 113 114 1 57 1 217 217 217 57 113 113 1 57 2 161 113 114 58 1 2 1 2 217 57 217 1 113 217 217 57 217 58 57 57 2 57 217 1 217 58 1 57 217 1 217 161 1 58 217 217 113 57 2 113 57 114 57 58 114 217 217 57 57 1 114 1 1 114 57 113 113 216 217 57 217 161 114 1 113 57 57 1 48 1 2 57 114 1 217 114 113 160 217 113 57 113 58 1 161 1 57 57 1 217 57 1 1 160 217 57 217 217 57 1 113 1 217 1 217 114 57 105 217 217 161 217 1 57 2 113 1 57 1 113 1 113 113 113 1 1 217 217 57 217 217 57 217 217 113 217 114 113 217 57 1 58 1 113 160 58 217 57 161 113 1 114 217 2 1 57 1 113 161 217 217 113 57 217 161 1 114 217 1 217 58 57 113 160 217 217 1 2 216 1 160 113 1 1 113 217 1 217 1 1 217 217 1 1 217 217 57 160 113 58 58 57 217 1 114 57 217 160 217 217 113 1 217 48 2 58 114 217 217 1 217 1 1 57 217 58 217 217 57 217 1 161 1 104 114 1 217 57 57 217 113 161 113 58 114 216 217 104 217 57 1 1 114 161 217 58 1 217 217 217 1 1 113 58 57 1 1 113 1 114 1 57 57 217 161 217 160 58 1 161 57 114 57 1 1 1 217 217 113 217 217 1 1 217 114 1 114 1 217 217 58 113 57 57 160 161 57 113 57 58 113 57 217 57 217 1 217 57 58 57 57 2 58 2 58 57 217 217 58 217 170 161 58 58 57 1 114 160 57 1 160 217 1 170 57 57 1 57 217 113 58 1 113 114 217 104 1 1 57 160 161 161 169 58 57 57 57 1 58 160 217 216 1 1 57 57 57 113 216 217 114 1 217 169 171 113 58 217 58 57 169 169 1 217 216 1 114 1 217 2 113 216 1 57 1 160 1 1 
c [Main] Lowest label SAT is set to 217.
c [Label = 209] Minimize Makespan Labeling problem (T-dwt__592.mtx.rnd):
c [Label = 216] Encoding starts with target value = 56:
c [Label = 216] Encoding duration: 3359ms.
c [Label = 216] Number of clauses: 2227856.
c [Label = 216] Number of variables: 317442.
c [Label = 216] Solving duration: 11122 ms.
s [Label = 216] SAT (w = 56).
c [Label = 216] Label assignment: 1 103 169 104 104 160 215 1 169 170 1 1 215 160 104 57 159 1 47 57 215 170 160 103 169 215 57 104 169 104 160 1 215 47 160 215 104 2 160 104 160 160 1 1 160 1 104 169 160 160 159 160 160 215 2 114 216 2 2 113 216 57 113 114 113 2 57 103 113 113 216 1 1 57 113 1 216 1 160 216 59 1 57 57 113 113 216 216 2 1 1 216 58 57 216 160 1 216 103 1 1 216 159 2 58 1 57 1 216 2 159 113 1 114 57 216 216 216 115 48 216 57 1 1 216 57 57 160 113 216 113 216 216 57 58 103 1 57 216 2 2 57 216 57 113 159 57 57 1 1 216 113 215 113 57 57 113 114 113 114 2 57 113 103 114 2 216 113 216 57 113 114 1 57 1 216 216 216 57 113 113 1 57 2 160 113 114 58 1 2 1 2 216 57 216 1 113 216 216 57 216 58 57 57 2 57 216 1 216 58 1 57 216 1 216 160 1 58 216 216 113 57 2 113 57 114 57 58 114 216 216 57 57 1 114 1 1 114 57 113 113 215 216 57 216 160 114 1 113 57 57 1 47 1 2 57 114 1 216 114 113 159 216 113 57 113 58 1 160 1 57 57 1 216 57 1 1 159 216 57 216 216 57 1 113 1 216 1 216 114 57 104 216 216 160 216 1 57 2 113 1 57 1 113 1 113 113 113 1 1 216 216 57 216 216 57 216 216 113 216 114 113 216 57 1 58 1 113 159 58 216 57 160 113 1 114 216 2 1 57 1 113 160 216 216 113 57 216 160 1 114 216 1 216 58 57 113 159 216 216 1 2 215 1 159 113 1 1 113 216 1 216 1 1 216 216 1 1 216 216 57 159 113 58 58 57 216 1 114 57 216 159 216 216 113 1 216 47 2 58 114 216 216 1 216 1 1 57 216 58 216 216 57 216 1 160 1 103 114 1 216 57 57 216 113 160 113 58 114 215 216 103 216 57 1 1 114 160 216 58 1 216 216 216 1 1 113 58 57 1 1 113 1 114 1 57 57 216 160 216 159 58 1 160 57 114 57 1 1 1 216 216 113 216 216 1 1 216 114 1 114 1 216 216 58 113 57 57 159 160 57 113 57 58 113 57 216 57 216 1 216 57 58 57 57 2 58 2 58 57 216 216 58 216 170 160 58 58 57 1 114 159 57 1 159 216 1 170 57 57 1 57 216 113 58 1 113 114 216 103 1 1 57 159 160 160 169 58 57 57 57 1 58 159 216 215 1 1 57 57 57 113 215 216 114 1 216 169 171 113 58 216 58 57 169 169 1 216 215 1 114 1 216 2 113 215 1 57 1 159 1 1 
c [Main] Lowest label SAT is set to 216.
c [Label = 208] Minimize Makespan Labeling problem (T-dwt__592.mtx.rnd):
c [Label = 215] Encoding starts with target value = 56:
c [Label = 215] Encoding duration: 3409ms.
c [Label = 215] Number of clauses: 2215871.
c [Label = 215] Number of variables: 316258.
c [Label = 215] Solving duration: 10737 ms.
s [Label = 215] SAT (w = 56).
c [Label = 215] Label assignment: 1 102 169 103 103 159 214 1 169 170 1 1 214 159 103 57 158 1 46 57 214 170 159 102 169 214 57 103 169 103 159 1 214 46 159 214 103 2 159 103 159 159 1 1 159 1 103 169 159 159 158 159 159 214 2 114 215 2 2 113 215 57 113 114 113 2 57 102 113 113 215 1 1 57 113 1 215 1 159 215 59 1 57 57 113 113 215 215 2 1 1 215 58 57 215 159 1 215 102 1 1 215 158 2 58 1 57 1 215 2 158 113 1 114 57 215 215 215 115 47 215 57 1 1 215 57 57 159 113 215 113 215 215 57 58 102 1 57 215 2 2 57 215 57 113 158 57 57 1 1 215 113 214 113 57 57 113 114 113 114 2 57 113 102 114 2 215 113 215 57 113 114 1 57 1 215 215 215 57 113 113 1 57 2 159 113 114 58 1 2 1 2 215 57 215 1 113 215 215 57 215 58 57 57 2 57 215 1 215 58 1 57 215 1 215 159 1 58 215 215 113 57 2 113 57 114 57 58 114 215 215 57 57 1 114 1 1 114 57 113 113 214 215 57 215 159 114 1 113 57 57 1 46 1 2 57 114 1 215 114 113 158 215 113 57 113 58 1 159 1 57 57 1 215 57 1 1 158 215 57 215 215 57 1 113 1 215 1 215 114 57 103 215 215 159 215 1 57 2 113 1 57 1 113 1 113 113 113 1 1 215 215 57 215 215 57 215 215 113 215 114 113 215 57 1 58 1 113 158 58 215 57 159 113 1 114 215 2 1 57 1 113 159 215 215 113 57 215 159 1 114 215 1 215 58 57 113 158 215 215 1 2 214 1 158 113 1 1 113 215 1 215 1 1 215 215 1 1 215 215 57 158 113 58 58 57 215 1 114 57 215 158 215 215 113 1 215 46 2 58 114 215 215 1 215 1 1 57 215 58 215 215 57 215 1 159 1 102 114 1 215 57 57 215 113 159 113 58 114 214 215 102 215 57 1 1 114 159 215 58 1 215 215 215 1 1 113 58 57 1 1 113 1 114 1 57 57 215 159 215 158 58 1 159 57 114 57 1 1 1 215 215 113 215 215 1 1 215 114 1 114 1 215 215 58 113 57 57 158 159 57 113 57 58 113 57 215 57 215 1 215 57 58 57 57 2 58 2 58 57 215 215 58 215 170 159 58 58 57 1 114 158 57 1 158 215 1 170 57 57 1 57 215 113 58 1 113 114 215 102 1 1 57 158 159 159 169 58 57 57 57 1 58 158 215 214 1 1 57 57 57 113 214 215 114 1 215 169 171 113 58 215 58 57 169 169 1 215 214 1 114 1 215 2 113 214 1 57 1 158 1 1 
c [Main] Lowest label SAT is set to 215.
c [Label = 207] Minimize Makespan Labeling problem (T-dwt__592.mtx.rnd):
c [Label = 214] Encoding starts with target value = 56:
c [Label = 214] Encoding duration: 3279ms.
c [Label = 214] Number of clauses: 2203887.
c [Label = 214] Number of variables: 315074.
c [Label = 214] Solving duration: 11108 ms.
s [Label = 214] SAT (w = 56).
c [Label = 214] Label assignment: 1 101 169 102 102 158 213 1 169 170 1 1 213 158 102 57 157 1 45 57 213 170 158 101 169 213 57 102 169 102 158 1 213 45 158 213 102 2 158 102 158 158 1 1 158 1 102 169 158 158 157 158 158 213 2 114 214 2 2 113 214 57 113 114 113 2 57 101 113 113 214 1 1 57 113 1 214 1 158 214 59 1 57 57 113 113 214 214 2 1 1 214 58 57 214 158 1 214 101 1 1 214 157 2 58 1 57 1 214 2 157 113 1 114 57 214 214 214 115 46 214 57 1 1 214 57 57 158 113 214 113 214 214 57 58 101 1 57 214 2 2 57 214 57 113 157 57 57 1 1 214 113 213 113 57 57 113 114 113 114 2 57 113 101 114 2 214 113 214 57 113 114 1 57 1 214 214 214 57 113 113 1 57 2 158 113 114 58 1 2 1 2 214 57 214 1 113 214 214 57 214 58 57 57 2 57 214 1 214 58 1 57 214 1 214 158 1 58 214 214 113 57 2 113 57 114 57 58 114 214 214 57 57 1 114 1 1 114 57 113 113 213 214 57 214 158 114 1 113 57 57 1 45 1 2 57 114 1 214 114 113 157 214 113 57 113 58 1 158 1 57 57 1 214 57 1 1 157 214 57 214 214 57 1 113 1 214 1 214 114 57 102 214 214 158 214 1 57 2 113 1 57 1 113 1 113 113 113 1 1 214 214 57 214 214 57 214 214 113 214 114 113 214 57 1 58 1 113 157 58 214 57 158 113 1 114 214 2 1 57 1 113 158 214 214 113 57 214 158 1 114 214 1 214 58 57 113 157 214 214 1 2 213 1 157 113 1 1 113 214 1 214 1 1 214 214 1 1 214 214 57 157 113 58 58 57 214 1 114 57 214 157 214 214 113 1 214 45 2 58 114 214 214 1 214 1 1 57 214 58 214 214 57 214 1 158 1 101 114 1 214 57 57 214 113 158 113 58 114 213 214 101 214 57 1 1 114 158 214 58 1 214 214 214 1 1 113 58 57 1 1 113 1 114 1 57 57 214 158 214 157 58 1 158 57 114 57 1 1 1 214 214 113 214 214 1 1 214 114 1 114 1 214 214 58 113 57 57 157 158 57 113 57 58 113 57 214 57 214 1 214 57 58 57 57 2 58 2 58 57 214 214 58 214 170 158 58 58 57 1 114 157 57 1 157 214 1 170 57 57 1 57 214 113 58 1 113 114 214 101 1 1 57 157 158 158 169 58 57 57 57 1 58 157 214 213 1 1 57 57 57 113 213 214 114 1 214 169 171 113 58 214 58 57 169 169 1 214 213 1 114 1 214 2 113 213 1 57 1 157 1 1 
c [Main] Lowest label SAT is set to 214.
c [Label = 206] Minimize Makespan Labeling problem (T-dwt__592.mtx.rnd):
c [Label = 213] Encoding starts with target value = 56:
c [Label = 213] Encoding duration: 3414ms.
c [Label = 213] Number of clauses: 2191902.
c [Label = 213] Number of variables: 313890.
c [Label = 213] Solving duration: 11281 ms.
s [Label = 213] SAT (w = 56).
c [Label = 213] Label assignment: 1 100 169 101 101 157 212 1 169 170 1 1 212 157 101 57 156 1 44 57 212 170 157 100 169 212 57 101 169 101 157 1 212 44 157 212 101 2 157 101 157 157 1 1 157 1 101 169 157 157 156 157 157 212 2 114 213 2 2 113 213 57 113 114 113 2 57 100 113 113 213 1 1 57 113 1 213 1 157 213 59 1 57 57 113 113 213 213 2 1 1 213 58 57 213 157 1 213 100 1 1 213 156 2 58 1 57 1 213 2 156 113 1 114 57 213 213 213 115 45 213 57 1 1 213 57 57 157 113 213 113 213 213 57 58 100 1 57 213 2 2 57 213 57 113 156 57 57 1 1 213 113 212 113 57 57 113 114 113 114 2 57 113 100 114 2 213 113 213 57 113 114 1 57 1 213 213 213 57 113 113 1 57 2 157 113 114 58 1 2 1 2 213 57 213 1 113 213 213 57 213 58 57 57 2 57 213 1 213 58 1 57 213 1 213 157 1 58 213 213 113 57 2 113 57 114 57 58 114 213 213 57 57 1 114 1 1 114 57 113 113 212 213 57 213 157 114 1 113 57 57 1 44 1 2 57 114 1 213 114 113 156 213 113 57 113 58 1 157 1 57 57 1 213 57 1 1 156 213 57 213 213 57 1 113 1 213 1 213 114 57 101 213 213 157 213 1 57 2 113 1 57 1 113 1 113 113 113 1 1 213 213 57 213 213 57 213 213 113 213 114 113 213 57 1 58 1 113 156 58 213 57 157 113 1 114 213 2 1 57 1 113 157 213 213 113 57 213 157 1 114 213 1 213 58 57 113 156 213 213 1 2 212 1 156 113 1 1 113 213 1 213 1 1 213 213 1 1 213 213 57 156 113 58 58 57 213 1 114 57 213 156 213 213 113 1 213 44 2 58 114 213 213 1 213 1 1 57 213 58 213 213 57 213 1 157 1 100 114 1 213 57 57 213 113 157 113 58 114 212 213 100 213 57 1 1 114 157 213 58 1 213 213 213 1 1 113 58 57 1 1 113 1 114 1 57 57 213 157 213 156 58 1 157 57 114 57 1 1 1 213 213 113 213 213 1 1 213 114 1 114 1 213 213 58 113 57 57 156 157 57 113 57 58 113 57 213 57 213 1 213 57 58 57 57 2 58 2 58 57 213 213 58 213 170 157 58 58 57 1 114 156 57 1 156 213 1 170 57 57 1 57 213 113 58 1 113 114 213 100 1 1 57 156 157 157 169 58 57 57 57 1 58 156 213 212 1 1 57 57 57 113 212 213 114 1 213 169 171 113 58 213 58 57 169 169 1 213 212 1 114 1 213 2 113 212 1 57 1 156 1 1 
c [Main] Lowest label SAT is set to 213.
c [Label = 205] Minimize Makespan Labeling problem (T-dwt__592.mtx.rnd):
c [Label = 211] Encoding starts with target value = 56:
c [Label = 211] Encoding duration: 3349ms.
c [Label = 211] Number of clauses: 2167933.
c [Label = 211] Number of variables: 311522.
c [Label = 211] Solving duration: 11010 ms.
s [Label = 211] SAT (w = 56).
c [Label = 211] Label assignment: 1 98 169 99 99 155 210 1 169 170 1 1 210 155 99 57 154 1 42 57 210 170 155 98 169 210 57 99 169 99 155 1 210 42 155 210 99 2 155 99 155 155 1 1 155 1 99 169 155 155 154 155 155 210 2 114 211 2 2 113 211 57 113 114 113 2 57 98 113 113 211 1 1 57 113 1 211 1 155 211 59 1 57 57 113 113 211 211 2 1 1 211 58 57 211 155 1 211 98 1 1 211 154 2 58 1 57 1 211 2 154 113 1 114 57 211 211 211 115 43 211 57 1 1 211 57 57 155 113 211 113 211 211 57 58 98 1 57 211 2 2 57 211 57 113 154 57 57 1 1 211 113 210 113 57 57 113 114 113 114 2 57 113 98 114 2 211 113 211 57 113 114 1 57 1 211 211 211 57 113 113 1 57 2 155 113 114 58 1 2 1 2 211 57 211 1 113 211 211 57 211 58 57 57 2 57 211 1 211 58 1 57 211 1 211 155 1 58 211 211 113 57 2 113 57 114 57 58 114 211 211 57 57 1 114 1 1 114 57 113 113 210 211 57 211 155 114 1 113 57 57 1 42 1 2 57 114 1 211 114 113 154 211 113 57 113 58 1 155 1 57 57 1 211 57 1 1 154 211 57 211 211 57 1 113 1 211 1 211 114 57 99 211 211 155 211 1 57 2 113 1 57 1 113 1 113 113 113 1 1 211 211 57 211 211 57 211 211 113 211 114 113 211 57 1 58 1 113 154 58 211 57 155 113 1 114 211 2 1 57 1 113 155 211 211 113 57 211 155 1 114 211 1 211 58 57 113 154 211 211 1 2 210 1 154 113 1 1 113 211 1 211 1 1 211 211 1 1 211 211 57 154 113 58 58 57 211 1 114 57 211 154 211 211 113 1 211 42 2 58 114 211 211 1 211 1 1 57 211 58 211 211 57 211 1 155 1 98 114 1 211 57 57 211 113 155 113 58 114 210 211 98 211 57 1 1 114 155 211 58 1 211 211 211 1 1 113 58 57 1 1 113 1 114 1 57 57 211 155 211 154 58 1 155 57 114 57 1 1 1 211 211 113 211 211 1 1 211 114 1 114 1 211 211 58 113 57 57 154 155 57 113 57 58 113 57 211 57 211 1 211 57 58 57 57 2 58 2 58 57 211 211 58 211 170 155 58 58 57 1 114 154 57 1 154 211 1 170 57 57 1 57 211 113 58 1 113 114 211 98 1 1 57 154 155 155 169 58 57 57 57 1 58 154 211 210 1 1 57 57 57 113 210 211 114 1 211 169 171 113 58 211 58 57 169 169 1 211 210 1 114 1 211 2 113 210 1 57 1 154 1 1 
c [Main] Lowest label SAT is set to 211.
c [Main] Kill higher label pid 212.
c [Label = 212] Encoding starts with target value = 56:
c [Label = 212] Encoding duration: 3372ms.
c [Label = 212] Number of clauses: 2179918.
c [Label = 212] Number of variables: 312706.
c [Label = 212] Solving duration: 11155 ms.
s [Label = 212] SAT (w = 56).
c [Label = 212] Label assignment: 1 99 169 100 100 156 211 1 169 170 1 1 211 156 100 57 155 1 43 57 211 170 156 99 169 211 57 100 169 100 156 1 211 43 156 211 100 2 156 100 156 156 1 1 156 1 100 169 156 156 155 156 156 211 2 114 212 2 2 113 212 57 113 114 113 2 57 99 113 113 212 1 1 57 113 1 212 1 156 212 59 1 57 57 113 113 212 212 2 1 1 212 58 57 212 156 1 212 99 1 1 212 155 2 58 1 57 1 212 2 155 113 1 114 57 212 212 212 115 44 212 57 1 1 212 57 57 156 113 212 113 212 212 57 58 99 1 57 212 2 2 57 212 57 113 155 57 57 1 1 212 113 211 113 57 57 113 114 113 114 2 57 113 99 114 2 212 113 212 57 113 114 1 57 1 212 212 212 57 113 113 1 57 2 156 113 114 58 1 2 1 2 212 57 212 1 113 212 212 57 212 58 57 57 2 57 212 1 212 58 1 57 212 1 212 156 1 58 212 212 113 57 2 113 57 114 57 58 114 212 212 57 57 1 114 1 1 114 57 113 113 211 212 57 212 156 114 1 113 57 57 1 43 1 2 57 114 1 212 114 113 155 212 113 57 113 58 1 156 1 57 57 1 212 57 1 1 155 212 57 212 212 57 1 113 1 212 1 212 114 57 100 212 212 156 212 1 57 2 113 1 57 1 113 1 113 113 113 1 1 212 212 57 212 212 57 212 212 113 212 114 113 212 57 1 58 1 113 155 58 212 57 156 113 1 114 212 2 1 57 1 113 156 212 212 113 57 212 156 1 114 212 1 212 58 57 113 155 212 212 1 2 211 1 155 113 1 1 113 212 1 212 1 1 212 212 1 1 212 212 57 155 113 58 58 57 212 1 114 57 212 155 212 212 113 1 212 43 2 58 114 212 212 1 212 1 1 57 212 58 212 212 57 212 1 156 1 99 114 1 212 57 57 212 113 156 113 58 114 211 212 99 212 57 1 1 114 156 212 58 1 212 212 212 1 1 113 58 57 1 1 113 1 114 1 57 57 212 156 212 155 58 1 156 57 114 57 1 1 1 212 212 113 212 212 1 1 212 114 1 114 1 212 212 58 113 57 57 155 156 57 113 57 58 113 57 212 57 212 1 212 57 58 57 57 2 58 2 58 57 212 212 58 212 170 156 58 58 57 1 114 155 57 1 155 212 1 170 57 57 1 57 212 113 58 1 113 114 212 99 1 1 57 155 156 156 169 58 57 57 57 1 58 155 212 211 1 1 57 57 57 113 211 212 114 1 212 169 171 113 58 212 58 57 169 169 1 212 211 1 114 1 212 2 113 211 1 57 1 155 1 1 
c [Signal] Signal interruption. Caught signal: SIGTERM (15).
c [Label = 204] Minimize Makespan Labeling problem (T-dwt__592.mtx.rnd):
c [Main] Child pid 212 - 54444 terminated by signal 15.
c [Label = 203] Minimize Makespan Labeling problem (T-dwt__592.mtx.rnd):
c [Label = 210] Encoding starts with target value = 56:
c [Label = 210] Encoding duration: 3336ms.
c [Label = 210] Number of clauses: 2155949.
c [Label = 210] Number of variables: 310338.
c [Label = 210] Solving duration: 11072 ms.
s [Label = 210] SAT (w = 56).
c [Label = 210] Label assignment: 1 97 169 98 98 154 209 1 169 170 1 1 209 154 98 57 153 1 41 57 209 170 154 97 169 209 57 98 169 98 154 1 209 41 154 209 98 2 154 98 154 154 1 1 154 1 98 169 154 154 153 154 154 209 2 114 210 2 2 113 210 57 113 114 113 2 57 97 113 113 210 1 1 57 113 1 210 1 154 210 59 1 57 57 113 113 210 210 2 1 1 210 58 57 210 154 1 210 97 1 1 210 153 2 58 1 57 1 210 2 153 113 1 114 57 210 210 210 115 42 210 57 1 1 210 57 57 154 113 210 113 210 210 57 58 97 1 57 210 2 2 57 210 57 113 153 57 57 1 1 210 113 209 113 57 57 113 114 113 114 2 57 113 97 114 2 210 113 210 57 113 114 1 57 1 210 210 210 57 113 113 1 57 2 154 113 114 58 1 2 1 2 210 57 210 1 113 210 210 57 210 58 57 57 2 57 210 1 210 58 1 57 210 1 210 154 1 58 210 210 113 57 2 113 57 114 57 58 114 210 210 57 57 1 114 1 1 114 57 113 113 209 210 57 210 154 114 1 113 57 57 1 41 1 2 57 114 1 210 114 113 153 210 113 57 113 58 1 154 1 57 57 1 210 57 1 1 153 210 57 210 210 57 1 113 1 210 1 210 114 57 98 210 210 154 210 1 57 2 113 1 57 1 113 1 113 113 113 1 1 210 210 57 210 210 57 210 210 113 210 114 113 210 57 1 58 1 113 153 58 210 57 154 113 1 114 210 2 1 57 1 113 154 210 210 113 57 210 154 1 114 210 1 210 58 57 113 153 210 210 1 2 209 1 153 113 1 1 113 210 1 210 1 1 210 210 1 1 210 210 57 153 113 58 58 57 210 1 114 57 210 153 210 210 113 1 210 41 2 58 114 210 210 1 210 1 1 57 210 58 210 210 57 210 1 154 1 97 114 1 210 57 57 210 113 154 113 58 114 209 210 97 210 57 1 1 114 154 210 58 1 210 210 210 1 1 113 58 57 1 1 113 1 114 1 57 57 210 154 210 153 58 1 154 57 114 57 1 1 1 210 210 113 210 210 1 1 210 114 1 114 1 210 210 58 113 57 57 153 154 57 113 57 58 113 57 210 57 210 1 210 57 58 57 57 2 58 2 58 57 210 210 58 210 170 154 58 58 57 1 114 153 57 1 153 210 1 170 57 57 1 57 210 113 58 1 113 114 210 97 1 1 57 153 154 154 169 58 57 57 57 1 58 153 210 209 1 1 57 57 57 113 209 210 114 1 210 169 171 113 58 210 58 57 169 169 1 210 209 1 114 1 210 2 113 209 1 57 1 153 1 1 
c [Main] Lowest label SAT is set to 210.
c [Label = 202] Minimize Makespan Labeling problem (T-dwt__592.mtx.rnd):
c [Label = 209] Encoding starts with target value = 56:
c [Label = 209] Encoding duration: 3307ms.
c [Label = 209] Number of clauses: 2143964.
c [Label = 209] Number of variables: 309154.
c [Label = 209] Solving duration: 10981 ms.
s [Label = 209] SAT (w = 56).
c [Label = 209] Label assignment: 1 96 169 97 97 153 208 1 169 170 1 1 208 153 97 57 152 1 40 57 208 170 153 96 169 208 57 97 169 97 153 1 208 40 153 208 97 2 153 97 153 153 1 1 153 1 97 169 153 153 152 153 153 208 2 114 209 2 2 113 209 57 113 114 113 2 57 96 113 113 209 1 1 57 113 1 209 1 153 209 59 1 57 57 113 113 209 209 2 1 1 209 58 57 209 153 1 209 96 1 1 209 152 2 58 1 57 1 209 2 152 113 1 114 57 209 209 209 115 41 209 57 1 1 209 57 57 153 113 209 113 209 209 57 58 96 1 57 209 2 2 57 209 57 113 152 57 57 1 1 209 113 208 113 57 57 113 114 113 114 2 57 113 96 114 2 209 113 209 57 113 114 1 57 1 209 209 209 57 113 113 1 57 2 153 113 114 58 1 2 1 2 209 57 209 1 113 209 209 57 209 58 57 57 2 57 209 1 209 58 1 57 209 1 209 153 1 58 209 209 113 57 2 113 57 114 57 58 114 209 209 57 57 1 114 1 1 114 57 113 113 208 209 57 209 153 114 1 113 57 57 1 40 1 2 57 114 1 209 114 113 152 209 113 57 113 58 1 153 1 57 57 1 209 57 1 1 152 209 57 209 209 57 1 113 1 209 1 209 114 57 97 209 209 153 209 1 57 2 113 1 57 1 113 1 113 113 113 1 1 209 209 57 209 209 57 209 209 113 209 114 113 209 57 1 58 1 113 152 58 209 57 153 113 1 114 209 2 1 57 1 113 153 209 209 113 57 209 153 1 114 209 1 209 58 57 113 152 209 209 1 2 208 1 152 113 1 1 113 209 1 209 1 1 209 209 1 1 209 209 57 152 113 58 58 57 209 1 114 57 209 152 209 209 113 1 209 40 2 58 114 209 209 1 209 1 1 57 209 58 209 209 57 209 1 153 1 96 114 1 209 57 57 209 113 153 113 58 114 208 209 96 209 57 1 1 114 153 209 58 1 209 209 209 1 1 113 58 57 1 1 113 1 114 1 57 57 209 153 209 152 58 1 153 57 114 57 1 1 1 209 209 113 209 209 1 1 209 114 1 114 1 209 209 58 113 57 57 152 153 57 113 57 58 113 57 209 57 209 1 209 57 58 57 57 2 58 2 58 57 209 209 58 209 170 153 58 58 57 1 114 152 57 1 152 209 1 170 57 57 1 57 209 113 58 1 113 114 209 96 1 1 57 152 153 153 169 58 57 57 57 1 58 152 209 208 1 1 57 57 57 113 208 209 114 1 209 169 171 113 58 209 58 57 169 169 1 209 208 1 114 1 209 2 113 208 1 57 1 152 1 1 
c [Main] Lowest label SAT is set to 209.
c [Label = 201] Minimize Makespan Labeling problem (T-dwt__592.mtx.rnd):
c [Label = 208] Encoding starts with target value = 56:
c [Label = 208] Encoding duration: 3282ms.
c [Label = 208] Number of clauses: 2131980.
c [Label = 208] Number of variables: 307970.
c [Label = 208] Solving duration: 11046 ms.
s [Label = 208] SAT (w = 56).
c [Label = 208] Label assignment: 1 95 169 96 96 152 207 1 169 170 1 1 207 152 96 57 151 1 39 57 207 170 152 95 169 207 57 96 169 96 152 1 207 39 152 207 96 2 152 96 152 152 1 1 152 1 96 169 152 152 151 152 152 207 2 114 208 2 2 113 208 57 113 114 113 2 57 95 113 113 208 1 1 57 113 1 208 1 152 208 59 1 57 57 113 113 208 208 2 1 1 208 58 57 208 152 1 208 95 1 1 208 151 2 58 1 57 1 208 2 151 113 1 114 57 208 208 208 115 40 208 57 1 1 208 57 57 152 113 208 113 208 208 57 58 95 1 57 208 2 2 57 208 57 113 151 57 57 1 1 208 113 207 113 57 57 113 114 113 114 2 57 113 95 114 2 208 113 208 57 113 114 1 57 1 208 208 208 57 113 113 1 57 2 152 113 114 58 1 2 1 2 208 57 208 1 113 208 208 57 208 58 57 57 2 57 208 1 208 58 1 57 208 1 208 152 1 58 208 208 113 57 2 113 57 114 57 58 114 208 208 57 57 1 114 1 1 114 57 113 113 207 208 57 208 152 114 1 113 57 57 1 39 1 2 57 114 1 208 114 113 151 208 113 57 113 58 1 152 1 57 57 1 208 57 1 1 151 208 57 208 208 57 1 113 1 208 1 208 114 57 96 208 208 152 208 1 57 2 113 1 57 1 113 1 113 113 113 1 1 208 208 57 208 208 57 208 208 113 208 114 113 208 57 1 58 1 113 151 58 208 57 152 113 1 114 208 2 1 57 1 113 152 208 208 113 57 208 152 1 114 208 1 208 58 57 113 151 208 208 1 2 207 1 151 113 1 1 113 208 1 208 1 1 208 208 1 1 208 208 57 151 113 58 58 57 208 1 114 57 208 151 208 208 113 1 208 39 2 58 114 208 208 1 208 1 1 57 208 58 208 208 57 208 1 152 1 95 114 1 208 57 57 208 113 152 113 58 114 207 208 95 208 57 1 1 114 152 208 58 1 208 208 208 1 1 113 58 57 1 1 113 1 114 1 57 57 208 152 208 151 58 1 152 57 114 57 1 1 1 208 208 113 208 208 1 1 208 114 1 114 1 208 208 58 113 57 57 151 152 57 113 57 58 113 57 208 57 208 1 208 57 58 57 57 2 58 2 58 57 208 208 58 208 170 152 58 58 57 1 114 151 57 1 151 208 1 170 57 57 1 57 208 113 58 1 113 114 208 95 1 1 57 151 152 152 169 58 57 57 57 1 58 151 208 207 1 1 57 57 57 113 207 208 114 1 208 169 171 113 58 208 58 57 169 169 1 208 207 1 114 1 208 2 113 207 1 57 1 151 1 1 
c [Main] Lowest label SAT is set to 208.
c [Label = 200] Minimize Makespan Labeling problem (T-dwt__592.mtx.rnd):
c [Label = 207] Encoding starts with target value = 56:
c [Label = 207] Encoding duration: 3247ms.
c [Label = 207] Number of clauses: 2119995.
c [Label = 207] Number of variables: 306786.
c [Label = 207] Solving duration: 10947 ms.
s [Label = 207] SAT (w = 56).
c [Label = 207] Label assignment: 1 94 169 95 95 151 206 1 169 170 1 1 206 151 95 57 150 1 38 57 206 170 151 94 169 206 57 95 169 95 151 1 206 38 151 206 95 2 151 95 151 151 1 1 151 1 95 169 151 151 150 151 151 206 2 114 207 2 2 113 207 57 113 114 113 2 57 94 113 113 207 1 1 57 113 1 207 1 151 207 59 1 57 57 113 113 207 207 2 1 1 207 58 57 207 151 1 207 94 1 1 207 150 2 58 1 57 1 207 2 150 113 1 114 57 207 207 207 115 39 207 57 1 1 207 57 57 151 113 207 113 207 207 57 58 94 1 57 207 2 2 57 207 57 113 150 57 57 1 1 207 113 206 113 57 57 113 114 113 114 2 57 113 94 114 2 207 113 207 57 113 114 1 57 1 207 207 207 57 113 113 1 57 2 151 113 114 58 1 2 1 2 207 57 207 1 113 207 207 57 207 58 57 57 2 57 207 1 207 58 1 57 207 1 207 151 1 58 207 207 113 57 2 113 57 114 57 58 114 207 207 57 57 1 114 1 1 114 57 113 113 206 207 57 207 151 114 1 113 57 57 1 38 1 2 57 114 1 207 114 113 150 207 113 57 113 58 1 151 1 57 57 1 207 57 1 1 150 207 57 207 207 57 1 113 1 207 1 207 114 57 95 207 207 151 207 1 57 2 113 1 57 1 113 1 113 113 113 1 1 207 207 57 207 207 57 207 207 113 207 114 113 207 57 1 58 1 113 150 58 207 57 151 113 1 114 207 2 1 57 1 113 151 207 207 113 57 207 151 1 114 207 1 207 58 57 113 150 207 207 1 2 206 1 150 113 1 1 113 207 1 207 1 1 207 207 1 1 207 207 57 150 113 58 58 57 207 1 114 57 207 150 207 207 113 1 207 38 2 58 114 207 207 1 207 1 1 57 207 58 207 207 57 207 1 151 1 94 114 1 207 57 57 207 113 151 113 58 114 206 207 94 207 57 1 1 114 151 207 58 1 207 207 207 1 1 113 58 57 1 1 113 1 114 1 57 57 207 151 207 150 58 1 151 57 114 57 1 1 1 207 207 113 207 207 1 1 207 114 1 114 1 207 207 58 113 57 57 150 151 57 113 57 58 113 57 207 57 207 1 207 57 58 57 57 2 58 2 58 57 207 207 58 207 170 151 58 58 57 1 114 150 57 1 150 207 1 170 57 57 1 57 207 113 58 1 113 114 207 94 1 1 57 150 151 151 169 58 57 57 57 1 58 150 207 206 1 1 57 57 57 113 206 207 114 1 207 169 171 113 58 207 58 57 169 169 1 207 206 1 114 1 207 2 113 206 1 57 1 150 1 1 
c [Main] Lowest label SAT is set to 207.
c [Label = 199] Minimize Makespan Labeling problem (T-dwt__592.mtx.rnd):
c [Label = 206] Encoding starts with target value = 56:
c [Label = 206] Encoding duration: 3255ms.
c [Label = 206] Number of clauses: 2108011.
c [Label = 206] Number of variables: 305602.
c [Label = 206] Solving duration: 10865 ms.
s [Label = 206] SAT (w = 56).
c [Label = 206] Label assignment: 1 93 169 94 94 150 205 1 169 170 1 1 205 150 94 57 149 1 37 57 205 170 150 93 169 205 57 94 169 94 150 1 205 37 150 205 94 2 150 94 150 150 1 1 150 1 94 169 150 150 149 150 150 205 2 114 206 2 2 113 206 57 113 114 113 2 57 93 113 113 206 1 1 57 113 1 206 1 150 206 59 1 57 57 113 113 206 206 2 1 1 206 58 57 206 150 1 206 93 1 1 206 149 2 58 1 57 1 206 2 149 113 1 114 57 206 206 206 115 38 206 57 1 1 206 57 57 150 113 206 113 206 206 57 58 93 1 57 206 2 2 57 206 57 113 149 57 57 1 1 206 113 205 113 57 57 113 114 113 114 2 57 113 93 114 2 206 113 206 57 113 114 1 57 1 206 206 206 57 113 113 1 57 2 150 113 114 58 1 2 1 2 206 57 206 1 113 206 206 57 206 58 57 57 2 57 206 1 206 58 1 57 206 1 206 150 1 58 206 206 113 57 2 113 57 114 57 58 114 206 206 57 57 1 114 1 1 114 57 113 113 205 206 57 206 150 114 1 113 57 57 1 37 1 2 57 114 1 206 114 113 149 206 113 57 113 58 1 150 1 57 57 1 206 57 1 1 149 206 57 206 206 57 1 113 1 206 1 206 114 57 94 206 206 150 206 1 57 2 113 1 57 1 113 1 113 113 113 1 1 206 206 57 206 206 57 206 206 113 206 114 113 206 57 1 58 1 113 149 58 206 57 150 113 1 114 206 2 1 57 1 113 150 206 206 113 57 206 150 1 114 206 1 206 58 57 113 149 206 206 1 2 205 1 149 113 1 1 113 206 1 206 1 1 206 206 1 1 206 206 57 149 113 58 58 57 206 1 114 57 206 149 206 206 113 1 206 37 2 58 114 206 206 1 206 1 1 57 206 58 206 206 57 206 1 150 1 93 114 1 206 57 57 206 113 150 113 58 114 205 206 93 206 57 1 1 114 150 206 58 1 206 206 206 1 1 113 58 57 1 1 113 1 114 1 57 57 206 150 206 149 58 1 150 57 114 57 1 1 1 206 206 113 206 206 1 1 206 114 1 114 1 206 206 58 113 57 57 149 150 57 113 57 58 113 57 206 57 206 1 206 57 58 57 57 2 58 2 58 57 206 206 58 206 170 150 58 58 57 1 114 149 57 1 149 206 1 170 57 57 1 57 206 113 58 1 113 114 206 93 1 1 57 149 150 150 169 58 57 57 57 1 58 149 206 205 1 1 57 57 57 113 205 206 114 1 206 169 171 113 58 206 58 57 169 169 1 206 205 1 114 1 206 2 113 205 1 57 1 149 1 1 
c [Main] Lowest label SAT is set to 206.
c [Label = 198] Minimize Makespan Labeling problem (T-dwt__592.mtx.rnd):
c [Label = 203] Encoding starts with target value = 56:
c [Label = 203] Encoding duration: 3114ms.
c [Label = 203] Number of clauses: 2072057.
c [Label = 203] Number of variables: 302050.
c [Label = 203] Solving duration: 10971 ms.
s [Label = 203] SAT (w = 56).
c [Label = 203] Label assignment: 1 90 169 91 91 147 202 1 169 170 1 1 202 147 91 57 146 1 34 57 202 170 147 90 169 202 57 91 169 91 147 1 202 34 147 202 91 2 147 91 147 147 1 1 147 1 91 169 147 147 146 147 147 202 2 114 203 2 2 113 203 57 113 114 113 2 57 90 113 113 203 1 1 57 113 1 203 1 147 203 59 1 57 57 113 113 203 203 2 1 1 203 58 57 203 147 1 203 90 1 1 203 146 2 58 1 57 1 203 2 146 113 1 114 57 203 203 203 115 35 203 57 1 1 203 57 57 147 113 203 113 203 203 57 58 90 1 57 203 2 2 57 203 57 113 146 57 57 1 1 203 113 202 113 57 57 113 114 113 114 2 57 113 90 114 2 203 113 203 57 113 114 1 57 1 203 203 203 57 113 113 1 57 2 147 113 114 58 1 2 1 2 203 57 203 1 113 203 203 57 203 58 57 57 2 57 203 1 203 58 1 57 203 1 203 147 1 58 203 203 113 57 2 113 57 114 57 58 114 203 203 57 57 1 114 1 1 114 57 113 113 202 203 57 203 147 114 1 113 57 57 1 34 1 2 57 114 1 203 114 113 146 203 113 57 113 58 1 147 1 57 57 1 203 57 1 1 146 203 57 203 203 57 1 113 1 203 1 203 114 57 91 203 203 147 203 1 57 2 113 1 57 1 113 1 113 113 113 1 1 203 203 57 203 203 57 203 203 113 203 114 113 203 57 1 58 1 113 146 58 203 57 147 113 1 114 203 2 1 57 1 113 147 203 203 113 57 203 147 1 114 203 1 203 58 57 113 146 203 203 1 2 202 1 146 113 1 1 113 203 1 203 1 1 203 203 1 1 203 203 57 146 113 58 58 57 203 1 114 57 203 146 203 203 113 1 203 34 2 58 114 203 203 1 203 1 1 57 203 58 203 203 57 203 1 147 1 90 114 1 203 57 57 203 113 147 113 58 114 202 203 90 203 57 1 1 114 147 203 58 1 203 203 203 1 1 113 58 57 1 1 113 1 114 1 57 57 203 147 203 146 58 1 147 57 114 57 1 1 1 203 203 113 203 203 1 1 203 114 1 114 1 203 203 58 113 57 57 146 147 57 113 57 58 113 57 203 57 203 1 203 57 58 57 57 2 58 2 58 57 203 203 58 203 170 147 58 58 57 1 114 146 57 1 146 203 1 170 57 57 1 57 203 113 58 1 113 114 203 90 1 1 57 146 147 147 169 58 57 57 57 1 58 146 203 202 1 1 57 57 57 113 202 203 114 1 203 169 171 113 58 203 58 57 169 169 1 203 202 1 114 1 203 2 113 202 1 57 1 146 1 1 
c [Main] Lowest label SAT is set to 203.
c [Main] Kill higher label pid 204.
c [Main] Kill higher label pid 205.
c [Label = 204] Encoding starts with target value = 56:
c [Label = 204] Encoding duration: 3196ms.
c [Label = 204] Number of clauses: 2084042.
c [Label = 204] Number of variables: 303234.
c [Label = 204] Solving duration: 11154 ms.
s [Label = 204] SAT (w = 56).
c [Label = 204] Label assignment: 1 91 169 92 92 148 203 1 169 170 1 1 203 148 92 57 147 1 35 57 203 170 148 91 169 203 57 92 169 92 148 1 203 35 148 203 92 2 148 92 148 148 1 1 148 1 92 169 148 148 147 148 148 203 2 114 204 2 2 113 204 57 113 114 113 2 57 91 113 113 204 1 1 57 113 1 204 1 148 204 59 1 57 57 113 113 204 204 2 1 1 204 58 57 204 148 1 204 91 1 1 204 147 2 58 1 57 1 204 2 147 113 1 114 57 204 204 204 115 36 204 57 1 1 204 57 57 148 113 204 113 204 204 57 58 91 1 57 204 2 2 57 204 57 113 147 57 57 1 1 204 113 203 113 57 57 113 114 113 114 2 57 113 91 114 2 204 113 204 57 113 114 1 57 1 204 204 204 57 113 113 1 57 2 148 113 114 58 1 2 1 2 204 57 204 1 113 204 204 57 204 58 57 57 2 57 204 1 204 58 1 57 204 1 204 148 1 58 204 204 113 57 2 113 57 114 57 58 114 204 204 57 57 1 114 1 1 114 57 113 113 203 204 57 204 148 114 1 113 57 57 1 35 1 2 57 114 1 204 114 113 147 204 113 57 113 58 1 148 1 57 57 1 204 57 1 1 147 204 57 204 204 57 1 113 1 204 1 204 114 57 92 204 204 148 204 1 57 2 113 1 57 1 113 1 113 113 113 1 1 204 204 57 204 204 57 204 204 113 204 114 113 204 57 1 58 1 113 147 58 204 57 148 113 1 114 204 2 1 57 1 113 148 204 204 113 57 204 148 1 114 204 1 204 58 57 113 147 204 204 1 2 203 1 147 113 1 1 113 204 1 204 1 1 204 204 1 1 204 204 57 147 113 58 58 57 204 1 114 57 204 147 204 204 113 1 204 35 2 58 114 204 204 1 204 1 1 57 204 58 204 204 57 204 1 148 1 91 114 1 204 57 57 204 113 148 113 58 114 203 204 91 204 57 1 1 114 148 204 58 1 204 204 204 1 1 113 58 57 1 1 113 1 114 1 57 57 204 148 204 147 58 1 148 57 114 57 1 1 1 204 204 113 204 204 1 1 204 114 1 114 1 204 204 58 113 57 57 147 148 57 113 57 58 113 57 204 57 204 1 204 57 58 57 57 2 58 2 58 57 204 204 58 204 170 148 58 58 57 1 114 147 57 1 147 204 1 170 57 57 1 57 204 113 58 1 113 114 204 91 1 1 57 147 148 148 169 58 57 57 57 1 58 147 204 203 1 1 57 57 57 113 203 204 114 1 204 169 171 113 58 204 58 57 169 169 1 204 203 1 114 1 204 2 113 203 1 57 1 147 1 1 
c [Signal] Signal interruption. Caught signal: SIGTERM (15).
c [Label = 205] Encoding starts with target value = 56:
c [Label = 205] Encoding duration: 3267ms.
c [Label = 205] Number of clauses: 2096026.
c [Label = 205] Number of variables: 304418.
c [Label = 205] Solving duration: 11272 ms.
s [Label = 205] SAT (w = 56).
c [Label = 205] Label assignment: 1 92 169 93 93 149 204 1 169 170 1 1 204 149 93 57 148 1 36 57 204 170 149 92 169 204 57 93 169 93 149 1 204 36 149 204 93 2 149 93 149 149 1 1 149 1 93 169 149 149 148 149 149 204 2 114 205 2 2 113 205 57 113 114 113 2 57 92 113 113 205 1 1 57 113 1 205 1 149 205 59 1 57 57 113 113 205 205 2 1 1 205 58 57 205 149 1 205 92 1 1 205 148 2 58 1 57 1 205 2 148 113 1 114 57 205 205 205 115 37 205 57 1 1 205 57 57 149 113 205 113 205 205 57 58 92 1 57 205 2 2 57 205 57 113 148 57 57 1 1 205 113 204 113 57 57 113 114 113 114 2 57 113 92 114 2 205 113 205 57 113 114 1 57 1 205 205 205 57 113 113 1 57 2 149 113 114 58 1 2 1 2 205 57 205 1 113 205 205 57 205 58 57 57 2 57 205 1 205 58 1 57 205 1 205 149 1 58 205 205 113 57 2 113 57 114 57 58 114 205 205 57 57 1 114 1 1 114 57 113 113 204 205 57 205 149 114 1 113 57 57 1 36 1 2 57 114 1 205 114 113 148 205 113 57 113 58 1 149 1 57 57 1 205 57 1 1 148 205 57 205 205 57 1 113 1 205 1 205 114 57 93 205 205 149 205 1 57 2 113 1 57 1 113 1 113 113 113 1 1 205 205 57 205 205 57 205 205 113 205 114 113 205 57 1 58 1 113 148 58 205 57 149 113 1 114 205 2 1 57 1 113 149 205 205 113 57 205 149 1 114 205 1 205 58 57 113 148 205 205 1 2 204 1 148 113 1 1 113 205 1 205 1 1 205 205 1 1 205 205 57 148 113 58 58 57 205 1 114 57 205 148 205 205 113 1 205 36 2 58 114 205 205 1 205 1 1 57 205 58 205 205 57 205 1 149 1 92 114 1 205 57 57 205 113 149 113 58 114 204 205 92 205 57 1 1 114 149 205 58 1 205 205 205 1 1 113 58 57 1 1 113 1 114 1 57 57 205 149 205 148 58 1 149 57 114 57 1 1 1 205 205 113 205 205 1 1 205 114 1 114 1 205 205 58 113 57 57 148 149 57 113 57 58 113 57 205 57 205 1 205 57 58 57 57 2 58 2 58 57 205 205 58 205 170 149 58 58 57 1 114 148 57 1 148 205 1 170 57 57 1 57 205 113 58 1 113 114 205 92 1 1 57 148 149 149 169 58 57 57 57 1 58 148 205 204 1 1 57 57 57 113 204 205 114 1 205 169 171 113 58 205 58 57 169 169 1 205 204 1 114 1 205 2 113 204 1 57 1 148 1 1 
c [Signal] Signal interruption. Caught signal: SIGTERM (15).
c [Label = 197] Minimize Makespan Labeling problem (T-dwt__592.mtx.rnd):
c [Main] Child pid 205 - 54457 terminated by signal 15.
c [Main] Child pid 204 - 54458 terminated by signal 15.
c [Label = 196] Minimize Makespan Labeling problem (T-dwt__592.mtx.rnd):
c [Label = 195] Minimize Makespan Labeling problem (T-dwt__592.mtx.rnd):
c [Label = 202] Encoding starts with target value = 56:
c [Label = 202] Encoding duration: 3188ms.
c [Label = 202] Number of clauses: 2060073.
c [Label = 202] Number of variables: 300866.
c [Label = 202] Solving duration: 11361 ms.
s [Label = 202] SAT (w = 56).
c [Label = 202] Label assignment: 1 89 169 90 90 146 201 1 169 170 1 1 201 146 90 57 145 1 33 57 201 170 146 89 169 201 57 90 169 90 146 1 201 33 146 201 90 2 146 90 146 146 1 1 146 1 90 169 146 146 145 146 146 201 2 114 202 2 2 113 202 57 113 114 113 2 57 89 113 113 202 1 1 57 113 1 202 1 146 202 59 1 57 57 113 113 202 202 2 1 1 202 58 57 202 146 1 202 89 1 1 202 145 2 58 1 57 1 202 2 145 113 1 114 57 202 202 202 115 34 202 57 1 1 202 57 57 146 113 202 113 202 202 57 58 89 1 57 202 2 2 57 202 57 113 145 57 57 1 1 202 113 201 113 57 57 113 114 113 114 2 57 113 89 114 2 202 113 202 57 113 114 1 57 1 202 202 202 57 113 113 1 57 2 146 113 114 58 1 2 1 2 202 57 202 1 113 202 202 57 202 58 57 57 2 57 202 1 202 58 1 57 202 1 202 146 1 58 202 202 113 57 2 113 57 114 57 58 114 202 202 57 57 1 114 1 1 114 57 113 113 201 202 57 202 146 114 1 113 57 57 1 33 1 2 57 114 1 202 114 113 145 202 113 57 113 58 1 146 1 57 57 1 202 57 1 1 145 202 57 202 202 57 1 113 1 202 1 202 114 57 90 202 202 146 202 1 57 2 113 1 57 1 113 1 113 113 113 1 1 202 202 57 202 202 57 202 202 113 202 114 113 202 57 1 58 1 113 145 58 202 57 146 113 1 114 202 2 1 57 1 113 146 202 202 113 57 202 146 1 114 202 1 202 58 57 113 145 202 202 1 2 201 1 145 113 1 1 113 202 1 202 1 1 202 202 1 1 202 202 57 145 113 58 58 57 202 1 114 57 202 145 202 202 113 1 202 33 2 58 114 202 202 1 202 1 1 57 202 58 202 202 57 202 1 146 1 89 114 1 202 57 57 202 113 146 113 58 114 201 202 89 202 57 1 1 114 146 202 58 1 202 202 202 1 1 113 58 57 1 1 113 1 114 1 57 57 202 146 202 145 58 1 146 57 114 57 1 1 1 202 202 113 202 202 1 1 202 114 1 114 1 202 202 58 113 57 57 145 146 57 113 57 58 113 57 202 57 202 1 202 57 58 57 57 2 58 2 58 57 202 202 58 202 170 146 58 58 57 1 114 145 57 1 145 202 1 170 57 57 1 57 202 113 58 1 113 114 202 89 1 1 57 145 146 146 169 58 57 57 57 1 58 145 202 201 1 1 57 57 57 113 201 202 114 1 202 169 171 113 58 202 58 57 169 169 1 202 201 1 114 1 202 2 113 201 1 57 1 145 1 1 
c [Label = 201] Encoding starts with target value = 56:
c [Label = 201] Encoding duration: 3140ms.
c [Label = 201] Number of clauses: 2048088.
c [Label = 201] Number of variables: 299682.
c [Label = 201] Solving duration: 11361 ms.
s [Label = 201] SAT (w = 56).
c [Label = 201] Label assignment: 1 88 169 89 89 145 200 1 169 170 1 1 200 145 89 57 144 1 32 57 200 170 145 88 169 200 57 89 169 89 145 1 200 32 145 200 89 2 145 89 145 145 1 1 145 1 89 169 145 145 144 145 145 200 2 114 201 2 2 113 201 57 113 114 113 2 57 88 113 113 201 1 1 57 113 1 201 1 145 201 59 1 57 57 113 113 201 201 2 1 1 201 58 57 201 145 1 201 88 1 1 201 144 2 58 1 57 1 201 2 144 113 1 114 57 201 201 201 115 33 201 57 1 1 201 57 57 145 113 201 113 201 201 57 58 88 1 57 201 2 2 57 201 57 113 144 57 57 1 1 201 113 200 113 57 57 113 114 113 114 2 57 113 88 114 2 201 113 201 57 113 114 1 57 1 201 201 201 57 113 113 1 57 2 145 113 114 58 1 2 1 2 201 57 201 1 113 201 201 57 201 58 57 57 2 57 201 1 201 58 1 57 201 1 201 145 1 58 201 201 113 57 2 113 57 114 57 58 114 201 201 57 57 1 114 1 1 114 57 113 113 200 201 57 201 145 114 1 113 57 57 1 32 1 2 57 114 1 201 114 113 144 201 113 57 113 58 1 145 1 57 57 1 201 57 1 1 144 201 57 201 201 57 1 113 1 201 1 201 114 57 89 201 201 145 201 1 57 2 113 1 57 1 113 1 113 113 113 1 1 201 201 57 201 201 57 201 201 113 201 114 113 201 57 1 58 1 113 144 58 201 57 145 113 1 114 201 2 1 57 1 113 145 201 201 113 57 201 145 1 114 201 1 201 58 57 113 144 201 201 1 2 200 1 144 113 1 1 113 201 1 201 1 1 201 201 1 1 201 201 57 144 113 58 58 57 201 1 114 57 201 144 201 201 113 1 201 32 2 58 114 201 201 1 201 1 1 57 201 58 201 201 57 201 1 145 1 88 114 1 201 57 57 201 113 145 113 58 114 200 201 88 201 57 1 1 114 145 201 58 1 201 201 201 1 1 113 58 57 1 1 113 1 114 1 57 57 201 145 201 144 58 1 145 57 114 57 1 1 1 201 201 113 201 201 1 1 201 114 1 114 1 201 201 58 113 57 57 144 145 57 113 57 58 113 57 201 57 201 1 201 57 58 57 57 2 58 2 58 57 201 201 58 201 170 145 58 58 57 1 114 144 57 1 144 201 1 170 57 57 1 57 201 113 58 1 113 114 201 88 1 1 57 144 145 145 169 58 57 57 57 1 58 144 201 200 1 1 57 57 57 113 200 201 114 1 201 169 171 113 58 201 58 57 169 169 1 201 200 1 114 1 201 2 113 200 1 57 1 144 1 1 
c [Main] Lowest label SAT is set to 201.
c [Main] Kill higher label pid 202.
c [Label = 194] Minimize Makespan Labeling problem (T-dwt__592.mtx.rnd):
c [Label = 193] Minimize Makespan Labeling problem (T-dwt__592.mtx.rnd):
c [Label = 200] Encoding starts with target value = 56:
c [Label = 200] Encoding duration: 3024ms.
c [Label = 200] Number of clauses: 2036104.
c [Label = 200] Number of variables: 298498.
c [Label = 200] Solving duration: 10867 ms.
s [Label = 200] SAT (w = 56).
c [Label = 200] Label assignment: 1 87 169 88 88 144 199 1 169 170 1 1 199 144 88 57 143 1 31 57 199 170 144 87 169 199 57 88 169 88 144 1 199 31 144 199 88 2 144 88 144 144 1 1 144 1 88 169 144 144 143 144 144 199 2 114 200 2 2 113 200 57 113 114 113 2 57 87 113 113 200 1 1 57 113 1 200 1 144 200 59 1 57 57 113 113 200 200 2 1 1 200 58 57 200 144 1 200 87 1 1 200 143 2 58 1 57 1 200 2 143 113 1 114 57 200 200 200 115 32 200 57 1 1 200 57 57 144 113 200 113 200 200 57 58 87 1 57 200 2 2 57 200 57 113 143 57 57 1 1 200 113 199 113 57 57 113 114 113 114 2 57 113 87 114 2 200 113 200 57 113 114 1 57 1 200 200 200 57 113 113 1 57 2 144 113 114 58 1 2 1 2 200 57 200 1 113 200 200 57 200 58 57 57 2 57 200 1 200 58 1 57 200 1 200 144 1 58 200 200 113 57 2 113 57 114 57 58 114 200 200 57 57 1 114 1 1 114 57 113 113 199 200 57 200 144 114 1 113 57 57 1 31 1 2 57 114 1 200 114 113 143 200 113 57 113 58 1 144 1 57 57 1 200 57 1 1 143 200 57 200 200 57 1 113 1 200 1 200 114 57 88 200 200 144 200 1 57 2 113 1 57 1 113 1 113 113 113 1 1 200 200 57 200 200 57 200 200 113 200 114 113 200 57 1 58 1 113 143 58 200 57 144 113 1 114 200 2 1 57 1 113 144 200 200 113 57 200 144 1 114 200 1 200 58 57 113 143 200 200 1 2 199 1 143 113 1 1 113 200 1 200 1 1 200 200 1 1 200 200 57 143 113 58 58 57 200 1 114 57 200 143 200 200 113 1 200 31 2 58 114 200 200 1 200 1 1 57 200 58 200 200 57 200 1 144 1 87 114 1 200 57 57 200 113 144 113 58 114 199 200 87 200 57 1 1 114 144 200 58 1 200 200 200 1 1 113 58 57 1 1 113 1 114 1 57 57 200 144 200 143 58 1 144 57 114 57 1 1 1 200 200 113 200 200 1 1 200 114 1 114 1 200 200 58 113 57 57 143 144 57 113 57 58 113 57 200 57 200 1 200 57 58 57 57 2 58 2 58 57 200 200 58 200 170 144 58 58 57 1 114 143 57 1 143 200 1 170 57 57 1 57 200 113 58 1 113 114 200 87 1 1 57 143 144 144 169 58 57 57 57 1 58 143 200 199 1 1 57 57 57 113 199 200 114 1 200 169 171 113 58 200 58 57 169 169 1 200 199 1 114 1 200 2 113 199 1 57 1 143 1 1 
c [Main] Lowest label SAT is set to 200.
c [Label = 192] Minimize Makespan Labeling problem (T-dwt__592.mtx.rnd):
c [Label = 199] Encoding starts with target value = 56:
c [Label = 199] Encoding duration: 3133ms.
c [Label = 199] Number of clauses: 2024119.
c [Label = 199] Number of variables: 297314.
c [Label = 199] Solving duration: 10767 ms.
s [Label = 199] SAT (w = 56).
c [Label = 199] Label assignment: 1 86 169 87 87 143 198 1 169 170 1 1 198 143 87 57 142 1 30 57 198 170 143 86 169 198 57 87 169 87 143 1 198 30 143 198 87 2 143 87 143 143 1 1 143 1 87 169 143 143 142 143 143 198 2 114 199 2 2 113 199 57 113 114 113 2 57 86 113 113 199 1 1 57 113 1 199 1 143 199 59 1 57 57 113 113 199 199 2 1 1 199 58 57 199 143 1 199 86 1 1 199 142 2 58 1 57 1 199 2 142 113 1 114 57 199 199 199 115 31 199 57 1 1 199 57 57 143 113 199 113 199 199 57 58 86 1 57 199 2 2 57 199 57 113 142 57 57 1 1 199 113 198 113 57 57 113 114 113 114 2 57 113 86 114 2 199 113 199 57 113 114 1 57 1 199 199 199 57 113 113 1 57 2 143 113 114 58 1 2 1 2 199 57 199 1 113 199 199 57 199 58 57 57 2 57 199 1 199 58 1 57 199 1 199 143 1 58 199 199 113 57 2 113 57 114 57 58 114 199 199 57 57 1 114 1 1 114 57 113 113 198 199 57 199 143 114 1 113 57 57 1 30 1 2 57 114 1 199 114 113 142 199 113 57 113 58 1 143 1 57 57 1 199 57 1 1 142 199 57 199 199 57 1 113 1 199 1 199 114 57 87 199 199 143 199 1 57 2 113 1 57 1 113 1 113 113 113 1 1 199 199 57 199 199 57 199 199 113 199 114 113 199 57 1 58 1 113 142 58 199 57 143 113 1 114 199 2 1 57 1 113 143 199 199 113 57 199 143 1 114 199 1 199 58 57 113 142 199 199 1 2 198 1 142 113 1 1 113 199 1 199 1 1 199 199 1 1 199 199 57 142 113 58 58 57 199 1 114 57 199 142 199 199 113 1 199 30 2 58 114 199 199 1 199 1 1 57 199 58 199 199 57 199 1 143 1 86 114 1 199 57 57 199 113 143 113 58 114 198 199 86 199 57 1 1 114 143 199 58 1 199 199 199 1 1 113 58 57 1 1 113 1 114 1 57 57 199 143 199 142 58 1 143 57 114 57 1 1 1 199 199 113 199 199 1 1 199 114 1 114 1 199 199 58 113 57 57 142 143 57 113 57 58 113 57 199 57 199 1 199 57 58 57 57 2 58 2 58 57 199 199 58 199 170 143 58 58 57 1 114 142 57 1 142 199 1 170 57 57 1 57 199 113 58 1 113 114 199 86 1 1 57 142 143 143 169 58 57 57 57 1 58 142 199 198 1 1 57 57 57 113 198 199 114 1 199 169 171 113 58 199 58 57 169 169 1 199 198 1 114 1 199 2 113 198 1 57 1 142 1 1 
c [Main] Lowest label SAT is set to 199.
c [Label = 191] Minimize Makespan Labeling problem (T-dwt__592.mtx.rnd):
c [Label = 198] Encoding starts with target value = 56:
c [Label = 198] Encoding duration: 3020ms.
c [Label = 198] Number of clauses: 2012135.
c [Label = 198] Number of variables: 296130.
c [Label = 198] Solving duration: 10685 ms.
s [Label = 198] SAT (w = 56).
c [Label = 198] Label assignment: 1 85 169 86 86 142 197 1 169 170 1 1 197 142 86 57 141 1 29 57 197 170 142 85 169 197 57 86 169 86 142 1 197 29 142 197 86 2 142 86 142 142 1 1 142 1 86 169 142 142 141 142 142 197 2 114 198 2 2 113 198 57 113 114 113 2 57 85 113 113 198 1 1 57 113 1 198 1 142 198 59 1 57 57 113 113 198 198 2 1 1 198 58 57 198 142 1 198 85 1 1 198 141 2 58 1 57 1 198 2 141 113 1 114 57 198 198 198 115 30 198 57 1 1 198 57 57 142 113 198 113 198 198 57 58 85 1 57 198 2 2 57 198 57 113 141 57 57 1 1 198 113 197 113 57 57 113 114 113 114 2 57 113 85 114 2 198 113 198 57 113 114 1 57 1 198 198 198 57 113 113 1 57 2 142 113 114 58 1 2 1 2 198 57 198 1 113 198 198 57 198 58 57 57 2 57 198 1 198 58 1 57 198 1 198 142 1 58 198 198 113 57 2 113 57 114 57 58 114 198 198 57 57 1 114 1 1 114 57 113 113 197 198 57 198 142 114 1 113 57 57 1 29 1 2 57 114 1 198 114 113 141 198 113 57 113 58 1 142 1 57 57 1 198 57 1 1 141 198 57 198 198 57 1 113 1 198 1 198 114 57 86 198 198 142 198 1 57 2 113 1 57 1 113 1 113 113 113 1 1 198 198 57 198 198 57 198 198 113 198 114 113 198 57 1 58 1 113 141 58 198 57 142 113 1 114 198 2 1 57 1 113 142 198 198 113 57 198 142 1 114 198 1 198 58 57 113 141 198 198 1 2 197 1 141 113 1 1 113 198 1 198 1 1 198 198 1 1 198 198 57 141 113 58 58 57 198 1 114 57 198 141 198 198 113 1 198 29 2 58 114 198 198 1 198 1 1 57 198 58 198 198 57 198 1 142 1 85 114 1 198 57 57 198 113 142 113 58 114 197 198 85 198 57 1 1 114 142 198 58 1 198 198 198 1 1 113 58 57 1 1 113 1 114 1 57 57 198 142 198 141 58 1 142 57 114 57 1 1 1 198 198 113 198 198 1 1 198 114 1 114 1 198 198 58 113 57 57 141 142 57 113 57 58 113 57 198 57 198 1 198 57 58 57 57 2 58 2 58 57 198 198 58 198 170 142 58 58 57 1 114 141 57 1 141 198 1 170 57 57 1 57 198 113 58 1 113 114 198 85 1 1 57 141 142 142 169 58 57 57 57 1 58 141 198 197 1 1 57 57 57 113 197 198 114 1 198 169 171 113 58 198 58 57 169 169 1 198 197 1 114 1 198 2 113 197 1 57 1 141 1 1 
c [Main] Lowest label SAT is set to 198.
c [Label = 190] Minimize Makespan Labeling problem (T-dwt__592.mtx.rnd):
c [Label = 197] Encoding starts with target value = 56:
c [Label = 197] Encoding duration: 3040ms.
c [Label = 197] Number of clauses: 2000150.
c [Label = 197] Number of variables: 294946.
c [Label = 197] Solving duration: 10569 ms.
s [Label = 197] SAT (w = 56).
c [Label = 197] Label assignment: 1 84 169 85 85 141 196 1 169 170 1 1 196 141 85 57 140 1 28 57 196 170 141 84 169 196 57 85 169 85 141 1 196 28 141 196 85 2 141 85 141 141 1 1 141 1 85 169 141 141 140 141 141 196 2 114 197 2 2 113 197 57 113 114 113 2 57 84 113 113 197 1 1 57 113 1 197 1 141 197 59 1 57 57 113 113 197 197 2 1 1 197 58 57 197 141 1 197 84 1 1 197 140 2 58 1 57 1 197 2 140 113 1 114 57 197 197 197 115 29 197 57 1 1 197 57 57 141 113 197 113 197 197 57 58 84 1 57 197 2 2 57 197 57 113 140 57 57 1 1 197 113 196 113 57 57 113 114 113 114 2 57 113 84 114 2 197 113 197 57 113 114 1 57 1 197 197 197 57 113 113 1 57 2 141 113 114 58 1 2 1 2 197 57 197 1 113 197 197 57 197 58 57 57 2 57 197 1 197 58 1 57 197 1 197 141 1 58 197 197 113 57 2 113 57 114 57 58 114 197 197 57 57 1 114 1 1 114 57 113 113 196 197 57 197 141 114 1 113 57 57 1 28 1 2 57 114 1 197 114 113 140 197 113 57 113 58 1 141 1 57 57 1 197 57 1 1 140 197 57 197 197 57 1 113 1 197 1 197 114 57 85 197 197 141 197 1 57 2 113 1 57 1 113 1 113 113 113 1 1 197 197 57 197 197 57 197 197 113 197 114 113 197 57 1 58 1 113 140 58 197 57 141 113 1 114 197 2 1 57 1 113 141 197 197 113 57 197 141 1 114 197 1 197 58 57 113 140 197 197 1 2 196 1 140 113 1 1 113 197 1 197 1 1 197 197 1 1 197 197 57 140 113 58 58 57 197 1 114 57 197 140 197 197 113 1 197 28 2 58 114 197 197 1 197 1 1 57 197 58 197 197 57 197 1 141 1 84 114 1 197 57 57 197 113 141 113 58 114 196 197 84 197 57 1 1 114 141 197 58 1 197 197 197 1 1 113 58 57 1 1 113 1 114 1 57 57 197 141 197 140 58 1 141 57 114 57 1 1 1 197 197 113 197 197 1 1 197 114 1 114 1 197 197 58 113 57 57 140 141 57 113 57 58 113 57 197 57 197 1 197 57 58 57 57 2 58 2 58 57 197 197 58 197 170 141 58 58 57 1 114 140 57 1 140 197 1 170 57 57 1 57 197 113 58 1 113 114 197 84 1 1 57 140 141 141 169 58 57 57 57 1 58 140 197 196 1 1 57 57 57 113 196 197 114 1 197 169 171 113 58 197 58 57 169 169 1 197 196 1 114 1 197 2 113 196 1 57 1 140 1 1 
c [Label = 195] Encoding starts with target value = 56:
c [Label = 195] Encoding duration: 2934ms.
c [Label = 195] Number of clauses: 1976181.
c [Label = 195] Number of variables: 292578.
c [Label = 195] Solving duration: 10648 ms.
s [Label = 195] SAT (w = 56).
c [Label = 195] Label assignment: 1 82 169 83 83 139 194 1 169 170 1 1 194 139 83 57 138 1 26 57 194 170 139 82 169 194 57 83 169 83 139 1 194 26 139 194 83 2 139 83 139 139 1 1 139 1 83 169 139 139 138 139 139 194 2 114 195 2 2 113 195 57 113 114 113 2 57 82 113 113 195 1 1 57 113 1 195 1 139 195 59 1 57 57 113 113 195 195 2 1 1 195 58 57 195 139 1 195 82 1 1 195 138 2 58 1 57 1 195 2 138 113 1 114 57 195 195 195 115 27 195 57 1 1 195 57 57 139 113 195 113 195 195 57 58 82 1 57 195 2 2 57 195 57 113 138 57 57 1 1 195 113 194 113 57 57 113 114 113 114 2 57 113 82 114 2 195 113 195 57 113 114 1 57 1 195 195 195 57 113 113 1 57 2 139 113 114 58 1 2 1 2 195 57 195 1 113 195 195 57 195 58 57 57 2 57 195 1 195 58 1 57 195 1 195 139 1 58 195 195 113 57 2 113 57 114 57 58 114 195 195 57 57 1 114 1 1 114 57 113 113 194 195 57 195 139 114 1 113 57 57 1 26 1 2 57 114 1 195 114 113 138 195 113 57 113 58 1 139 1 57 57 1 195 57 1 1 138 195 57 195 195 57 1 113 1 195 1 195 114 57 83 195 195 139 195 1 57 2 113 1 57 1 113 1 113 113 113 1 1 195 195 57 195 195 57 195 195 113 195 114 113 195 57 1 58 1 113 138 58 195 57 139 113 1 114 195 2 1 57 1 113 139 195 195 113 57 195 139 1 114 195 1 195 58 57 113 138 195 195 1 2 194 1 138 113 1 1 113 195 1 195 1 1 195 195 1 1 195 195 57 138 113 58 58 57 195 1 114 57 195 138 195 195 113 1 195 26 2 58 114 195 195 1 195 1 1 57 195 58 195 195 57 195 1 139 1 82 114 1 195 57 57 195 113 139 113 58 114 194 195 82 195 57 1 1 114 139 195 58 1 195 195 195 1 1 113 58 57 1 1 113 1 114 1 57 57 195 139 195 138 58 1 139 57 114 57 1 1 1 195 195 113 195 195 1 1 195 114 1 114 1 195 195 58 113 57 57 138 139 57 113 57 58 113 57 195 57 195 1 195 57 58 57 57 2 58 2 58 57 195 195 58 195 170 139 58 58 57 1 114 138 57 1 138 195 1 170 57 57 1 57 195 113 58 1 113 114 195 82 1 1 57 138 139 139 169 58 57 57 57 1 58 138 195 194 1 1 57 57 57 113 194 195 114 1 195 169 171 113 58 195 58 57 169 169 1 195 194 1 114 1 195 2 113 194 1 57 1 138 1 1 
c [Main] Lowest label SAT is set to 197.
c [Label = 189] Minimize Makespan Labeling problem (T-dwt__592.mtx.rnd):
c [Main] Lowest label SAT is set to 195.
c [Main] Kill higher label pid 196.
c [Label = 196] Encoding starts with target value = 56:
c [Label = 196] Encoding duration: 3022ms.
c [Label = 196] Number of clauses: 1988166.
c [Label = 196] Number of variables: 293762.
c [Label = 196] Solving duration: 10788 ms.
s [Label = 196] SAT (w = 56).
c [Label = 196] Label assignment: 1 83 169 84 84 140 195 1 169 170 1 1 195 140 84 57 139 1 27 57 195 170 140 83 169 195 57 84 169 84 140 1 195 27 140 195 84 2 140 84 140 140 1 1 140 1 84 169 140 140 139 140 140 195 2 114 196 2 2 113 196 57 113 114 113 2 57 83 113 113 196 1 1 57 113 1 196 1 140 196 59 1 57 57 113 113 196 196 2 1 1 196 58 57 196 140 1 196 83 1 1 196 139 2 58 1 57 1 196 2 139 113 1 114 57 196 196 196 115 28 196 57 1 1 196 57 57 140 113 196 113 196 196 57 58 83 1 57 196 2 2 57 196 57 113 139 57 57 1 1 196 113 195 113 57 57 113 114 113 114 2 57 113 83 114 2 196 113 196 57 113 114 1 57 1 196 196 196 57 113 113 1 57 2 140 113 114 58 1 2 1 2 196 57 196 1 113 196 196 57 196 58 57 57 2 57 196 1 196 58 1 57 196 1 196 140 1 58 196 196 113 57 2 113 57 114 57 58 114 196 196 57 57 1 114 1 1 114 57 113 113 195 196 57 196 140 114 1 113 57 57 1 27 1 2 57 114 1 196 114 113 139 196 113 57 113 58 1 140 1 57 57 1 196 57 1 1 139 196 57 196 196 57 1 113 1 196 1 196 114 57 84 196 196 140 196 1 57 2 113 1 57 1 113 1 113 113 113 1 1 196 196 57 196 196 57 196 196 113 196 114 113 196 57 1 58 1 113 139 58 196 57 140 113 1 114 196 2 1 57 1 113 140 196 196 113 57 196 140 1 114 196 1 196 58 57 113 139 196 196 1 2 195 1 139 113 1 1 113 196 1 196 1 1 196 196 1 1 196 196 57 139 113 58 58 57 196 1 114 57 196 139 196 196 113 1 196 27 2 58 114 196 196 1 196 1 1 57 196 58 196 196 57 196 1 140 1 83 114 1 196 57 57 196 113 140 113 58 114 195 196 83 196 57 1 1 114 140 196 58 1 196 196 196 1 1 113 58 57 1 1 113 1 114 1 57 57 196 140 196 139 58 1 140 57 114 57 1 1 1 196 196 113 196 196 1 1 196 114 1 114 1 196 196 58 113 57 57 139 140 57 113 57 58 113 57 196 57 196 1 196 57 58 57 57 2 58 2 58 57 196 196 58 196 170 140 58 58 57 1 114 139 57 1 139 196 1 170 57 57 1 57 196 113 58 1 113 114 196 83 1 1 57 139 140 140 169 58 57 57 57 1 58 139 196 195 1 1 57 57 57 113 195 196 114 1 196 169 171 113 58 196 58 57 169 169 1 196 195 1 114 1 196 2 113 195 1 57 1 139 1 1 
c [Signal] Signal interruption. Caught signal: SIGTERM (15).
c [Label = 188] Minimize Makespan Labeling problem (T-dwt__592.mtx.rnd):
c [Main] Child pid 196 - 54471 terminated by signal 15.
c [Label = 187] Minimize Makespan Labeling problem (T-dwt__592.mtx.rnd):
c [Label = 194] Encoding starts with target value = 56:
c [Label = 194] Encoding duration: 3023ms.
c [Label = 194] Number of clauses: 1964197.
c [Label = 194] Number of variables: 291394.
c [Label = 194] Solving duration: 10654 ms.
s [Label = 194] SAT (w = 56).
c [Label = 194] Label assignment: 1 81 169 82 82 138 193 1 169 170 1 1 193 138 82 57 137 1 25 57 193 170 138 81 169 193 57 82 169 82 138 1 193 25 138 193 82 2 138 82 138 138 1 1 138 1 82 169 138 138 137 138 138 193 2 114 194 2 2 113 194 57 113 114 113 2 57 81 113 113 194 1 1 57 113 1 194 1 138 194 59 1 57 57 113 113 194 194 2 1 1 194 58 57 194 138 1 194 81 1 1 194 137 2 58 1 57 1 194 2 137 113 1 114 57 194 194 194 115 26 194 57 1 1 194 57 57 138 113 194 113 194 194 57 58 81 1 57 194 2 2 57 194 57 113 137 57 57 1 1 194 113 193 113 57 57 113 114 113 114 2 57 113 81 114 2 194 113 194 57 113 114 1 57 1 194 194 194 57 113 113 1 57 2 138 113 114 58 1 2 1 2 194 57 194 1 113 194 194 57 194 58 57 57 2 57 194 1 194 58 1 57 194 1 194 138 1 58 194 194 113 57 2 113 57 114 57 58 114 194 194 57 57 1 114 1 1 114 57 113 113 193 194 57 194 138 114 1 113 57 57 1 25 1 2 57 114 1 194 114 113 137 194 113 57 113 58 1 138 1 57 57 1 194 57 1 1 137 194 57 194 194 57 1 113 1 194 1 194 114 57 82 194 194 138 194 1 57 2 113 1 57 1 113 1 113 113 113 1 1 194 194 57 194 194 57 194 194 113 194 114 113 194 57 1 58 1 113 137 58 194 57 138 113 1 114 194 2 1 57 1 113 138 194 194 113 57 194 138 1 114 194 1 194 58 57 113 137 194 194 1 2 193 1 137 113 1 1 113 194 1 194 1 1 194 194 1 1 194 194 57 137 113 58 58 57 194 1 114 57 194 137 194 194 113 1 194 25 2 58 114 194 194 1 194 1 1 57 194 58 194 194 57 194 1 138 1 81 114 1 194 57 57 194 113 138 113 58 114 193 194 81 194 57 1 1 114 138 194 58 1 194 194 194 1 1 113 58 57 1 1 113 1 114 1 57 57 194 138 194 137 58 1 138 57 114 57 1 1 1 194 194 113 194 194 1 1 194 114 1 114 1 194 194 58 113 57 57 137 138 57 113 57 58 113 57 194 57 194 1 194 57 58 57 57 2 58 2 58 57 194 194 58 194 170 138 58 58 57 1 114 137 57 1 137 194 1 170 57 57 1 57 194 113 58 1 113 114 194 81 1 1 57 137 138 138 169 58 57 57 57 1 58 137 194 193 1 1 57 57 57 113 193 194 114 1 194 169 171 113 58 194 58 57 169 169 1 194 193 1 114 1 194 2 113 193 1 57 1 137 1 1 
c [Label = 193] Encoding starts with target value = 56:
c [Label = 193] Encoding duration: 3032ms.
c [Label = 193] Number of clauses: 1952212.
c [Label = 193] Number of variables: 290210.
c [Label = 193] Solving duration: 10630 ms.
s [Label = 193] SAT (w = 56).
c [Label = 193] Label assignment: 1 80 169 81 81 137 192 1 169 170 1 1 192 137 81 57 136 1 24 57 192 170 137 80 169 192 57 81 169 81 137 1 192 24 137 192 81 2 137 81 137 137 1 1 137 1 81 169 137 137 136 137 137 192 2 114 193 2 2 113 193 57 113 114 113 2 57 80 113 113 193 1 1 57 113 1 193 1 137 193 59 1 57 57 113 113 193 193 2 1 1 193 58 57 193 137 1 193 80 1 1 193 136 2 58 1 57 1 193 2 136 113 1 114 57 193 193 193 115 25 193 57 1 1 193 57 57 137 113 193 113 193 193 57 58 80 1 57 193 2 2 57 193 57 113 136 57 57 1 1 193 113 192 113 57 57 113 114 113 114 2 57 113 80 114 2 193 113 193 57 113 114 1 57 1 193 193 193 57 113 113 1 57 2 137 113 114 58 1 2 1 2 193 57 193 1 113 193 193 57 193 58 57 57 2 57 193 1 193 58 1 57 193 1 193 137 1 58 193 193 113 57 2 113 57 114 57 58 114 193 193 57 57 1 114 1 1 114 57 113 113 192 193 57 193 137 114 1 113 57 57 1 24 1 2 57 114 1 193 114 113 136 193 113 57 113 58 1 137 1 57 57 1 193 57 1 1 136 193 57 193 193 57 1 113 1 193 1 193 114 57 81 193 193 137 193 1 57 2 113 1 57 1 113 1 113 113 113 1 1 193 193 57 193 193 57 193 193 113 193 114 113 193 57 1 58 1 113 136 58 193 57 137 113 1 114 193 2 1 57 1 113 137 193 193 113 57 193 137 1 114 193 1 193 58 57 113 136 193 193 1 2 192 1 136 113 1 1 113 193 1 193 1 1 193 193 1 1 193 193 57 136 113 58 58 57 193 1 114 57 193 136 193 193 113 1 193 24 2 58 114 193 193 1 193 1 1 57 193 58 193 193 57 193 1 137 1 80 114 1 193 57 57 193 113 137 113 58 114 192 193 80 193 57 1 1 114 137 193 58 1 193 193 193 1 1 113 58 57 1 1 113 1 114 1 57 57 193 137 193 136 58 1 137 57 114 57 1 1 1 193 193 113 193 193 1 1 193 114 1 114 1 193 193 58 113 57 57 136 137 57 113 57 58 113 57 193 57 193 1 193 57 58 57 57 2 58 2 58 57 193 193 58 193 170 137 58 58 57 1 114 136 57 1 136 193 1 170 57 57 1 57 193 113 58 1 113 114 193 80 1 1 57 136 137 137 169 58 57 57 57 1 58 136 193 192 1 1 57 57 57 113 192 193 114 1 193 169 171 113 58 193 58 57 169 169 1 193 192 1 114 1 193 2 113 192 1 57 1 136 1 1 
c [Main] Lowest label SAT is set to 194.
c [Label = 186] Minimize Makespan Labeling problem (T-dwt__592.mtx.rnd):
c [Main] Lowest label SAT is set to 193.
c [Label = 185] Minimize Makespan Labeling problem (T-dwt__592.mtx.rnd):
c [Label = 192] Encoding starts with target value = 56:
c [Label = 192] Encoding duration: 2914ms.
c [Label = 192] Number of clauses: 1940228.
c [Label = 192] Number of variables: 289026.
c [Label = 192] Solving duration: 10808 ms.
s [Label = 192] SAT (w = 56).
c [Label = 192] Label assignment: 1 79 169 80 80 136 191 1 169 170 1 1 191 136 80 57 135 1 23 57 191 170 136 79 169 191 57 80 169 80 136 1 191 23 136 191 80 2 136 80 136 136 1 1 136 1 80 169 136 136 135 136 136 191 2 114 192 2 2 113 192 57 113 114 113 2 57 79 113 113 192 1 1 57 113 1 192 1 136 192 59 1 57 57 113 113 192 192 2 1 1 192 58 57 192 136 1 192 79 1 1 192 135 2 58 1 57 1 192 2 135 113 1 114 57 192 192 192 115 24 192 57 1 1 192 57 57 136 113 192 113 192 192 57 58 79 1 57 192 2 2 57 192 57 113 135 57 57 1 1 192 113 191 113 57 57 113 114 113 114 2 57 113 79 114 2 192 113 192 57 113 114 1 57 1 192 192 192 57 113 113 1 57 2 136 113 114 58 1 2 1 2 192 57 192 1 113 192 192 57 192 58 57 57 2 57 192 1 192 58 1 57 192 1 192 136 1 58 192 192 113 57 2 113 57 114 57 58 114 192 192 57 57 1 114 1 1 114 57 113 113 191 192 57 192 136 114 1 113 57 57 1 23 1 2 57 114 1 192 114 113 135 192 113 57 113 58 1 136 1 57 57 1 192 57 1 1 135 192 57 192 192 57 1 113 1 192 1 192 114 57 80 192 192 136 192 1 57 2 113 1 57 1 113 1 113 113 113 1 1 192 192 57 192 192 57 192 192 113 192 114 113 192 57 1 58 1 113 135 58 192 57 136 113 1 114 192 2 1 57 1 113 136 192 192 113 57 192 136 1 114 192 1 192 58 57 113 135 192 192 1 2 191 1 135 113 1 1 113 192 1 192 1 1 192 192 1 1 192 192 57 135 113 58 58 57 192 1 114 57 192 135 192 192 113 1 192 23 2 58 114 192 192 1 192 1 1 57 192 58 192 192 57 192 1 136 1 79 114 1 192 57 57 192 113 136 113 58 114 191 192 79 192 57 1 1 114 136 192 58 1 192 192 192 1 1 113 58 57 1 1 113 1 114 1 57 57 192 136 192 135 58 1 136 57 114 57 1 1 1 192 192 113 192 192 1 1 192 114 1 114 1 192 192 58 113 57 57 135 136 57 113 57 58 113 57 192 57 192 1 192 57 58 57 57 2 58 2 58 57 192 192 58 192 170 136 58 58 57 1 114 135 57 1 135 192 1 170 57 57 1 57 192 113 58 1 113 114 192 79 1 1 57 135 136 136 169 58 57 57 57 1 58 135 192 191 1 1 57 57 57 113 191 192 114 1 192 169 171 113 58 192 58 57 169 169 1 192 191 1 114 1 192 2 113 191 1 57 1 135 1 1 
c [Main] Lowest label SAT is set to 192.
c [Label = 184] Minimize Makespan Labeling problem (T-dwt__592.mtx.rnd):
c [Label = 191] Encoding starts with target value = 56:
c [Label = 191] Encoding duration: 2900ms.
c [Label = 191] Number of clauses: 1928243.
c [Label = 191] Number of variables: 287842.
c [Label = 191] Solving duration: 10545 ms.
s [Label = 191] SAT (w = 56).
c [Label = 191] Label assignment: 1 78 169 79 79 135 190 1 169 170 1 1 190 135 79 57 134 1 22 57 190 170 135 78 169 190 57 79 169 79 135 1 190 22 135 190 79 2 135 79 135 135 1 1 135 1 79 169 135 135 134 135 135 190 2 114 191 2 2 113 191 57 113 114 113 2 57 78 113 113 191 1 1 57 113 1 191 1 135 191 59 1 57 57 113 113 191 191 2 1 1 191 58 57 191 135 1 191 78 1 1 191 134 2 58 1 57 1 191 2 134 113 1 114 57 191 191 191 115 23 191 57 1 1 191 57 57 135 113 191 113 191 191 57 58 78 1 57 191 2 2 57 191 57 113 134 57 57 1 1 191 113 190 113 57 57 113 114 113 114 2 57 113 78 114 2 191 113 191 57 113 114 1 57 1 191 191 191 57 113 113 1 57 2 135 113 114 58 1 2 1 2 191 57 191 1 113 191 191 57 191 58 57 57 2 57 191 1 191 58 1 57 191 1 191 135 1 58 191 191 113 57 2 113 57 114 57 58 114 191 191 57 57 1 114 1 1 114 57 113 113 190 191 57 191 135 114 1 113 57 57 1 22 1 2 57 114 1 191 114 113 134 191 113 57 113 58 1 135 1 57 57 1 191 57 1 1 134 191 57 191 191 57 1 113 1 191 1 191 114 57 79 191 191 135 191 1 57 2 113 1 57 1 113 1 113 113 113 1 1 191 191 57 191 191 57 191 191 113 191 114 113 191 57 1 58 1 113 134 58 191 57 135 113 1 114 191 2 1 57 1 113 135 191 191 113 57 191 135 1 114 191 1 191 58 57 113 134 191 191 1 2 190 1 134 113 1 1 113 191 1 191 1 1 191 191 1 1 191 191 57 134 113 58 58 57 191 1 114 57 191 134 191 191 113 1 191 22 2 58 114 191 191 1 191 1 1 57 191 58 191 191 57 191 1 135 1 78 114 1 191 57 57 191 113 135 113 58 114 190 191 78 191 57 1 1 114 135 191 58 1 191 191 191 1 1 113 58 57 1 1 113 1 114 1 57 57 191 135 191 134 58 1 135 57 114 57 1 1 1 191 191 113 191 191 1 1 191 114 1 114 1 191 191 58 113 57 57 134 135 57 113 57 58 113 57 191 57 191 1 191 57 58 57 57 2 58 2 58 57 191 191 58 191 170 135 58 58 57 1 114 134 57 1 134 191 1 170 57 57 1 57 191 113 58 1 113 114 191 78 1 1 57 134 135 135 169 58 57 57 57 1 58 134 191 190 1 1 57 57 57 113 190 191 114 1 191 169 171 113 58 191 58 57 169 169 1 191 190 1 114 1 191 2 113 190 1 57 1 134 1 1 
c [Main] Lowest label SAT is set to 191.
c [Label = 183] Minimize Makespan Labeling problem (T-dwt__592.mtx.rnd):
c [Label = 190] Encoding starts with target value = 56:
c [Label = 190] Encoding duration: 2866ms.
c [Label = 190] Number of clauses: 1916259.
c [Label = 190] Number of variables: 286658.
c [Label = 190] Solving duration: 10496 ms.
s [Label = 190] SAT (w = 56).
c [Label = 190] Label assignment: 1 77 169 78 78 134 189 1 169 170 1 1 189 134 78 57 133 1 21 57 189 170 134 77 169 189 57 78 169 78 134 1 189 21 134 189 78 2 134 78 134 134 1 1 134 1 78 169 134 134 133 134 134 189 2 114 190 2 2 113 190 57 113 114 113 2 57 77 113 113 190 1 1 57 113 1 190 1 134 190 59 1 57 57 113 113 190 190 2 1 1 190 58 57 190 134 1 190 77 1 1 190 133 2 58 1 57 1 190 2 133 113 1 114 57 190 190 190 115 22 190 57 1 1 190 57 57 134 113 190 113 190 190 57 58 77 1 57 190 2 2 57 190 57 113 133 57 57 1 1 190 113 189 113 57 57 113 114 113 114 2 57 113 77 114 2 190 113 190 57 113 114 1 57 1 190 190 190 57 113 113 1 57 2 134 113 114 58 1 2 1 2 190 57 190 1 113 190 190 57 190 58 57 57 2 57 190 1 190 58 1 57 190 1 190 134 1 58 190 190 113 57 2 113 57 114 57 58 114 190 190 57 57 1 114 1 1 114 57 113 113 189 190 57 190 134 114 1 113 57 57 1 21 1 2 57 114 1 190 114 113 133 190 113 57 113 58 1 134 1 57 57 1 190 57 1 1 133 190 57 190 190 57 1 113 1 190 1 190 114 57 78 190 190 134 190 1 57 2 113 1 57 1 113 1 113 113 113 1 1 190 190 57 190 190 57 190 190 113 190 114 113 190 57 1 58 1 113 133 58 190 57 134 113 1 114 190 2 1 57 1 113 134 190 190 113 57 190 134 1 114 190 1 190 58 57 113 133 190 190 1 2 189 1 133 113 1 1 113 190 1 190 1 1 190 190 1 1 190 190 57 133 113 58 58 57 190 1 114 57 190 133 190 190 113 1 190 21 2 58 114 190 190 1 190 1 1 57 190 58 190 190 57 190 1 134 1 77 114 1 190 57 57 190 113 134 113 58 114 189 190 77 190 57 1 1 114 134 190 58 1 190 190 190 1 1 113 58 57 1 1 113 1 114 1 57 57 190 134 190 133 58 1 134 57 114 57 1 1 1 190 190 113 190 190 1 1 190 114 1 114 1 190 190 58 113 57 57 133 134 57 113 57 58 113 57 190 57 190 1 190 57 58 57 57 2 58 2 58 57 190 190 58 190 170 134 58 58 57 1 114 133 57 1 133 190 1 170 57 57 1 57 190 113 58 1 113 114 190 77 1 1 57 133 134 134 169 58 57 57 57 1 58 133 190 189 1 1 57 57 57 113 189 190 114 1 190 169 171 113 58 190 58 57 169 169 1 190 189 1 114 1 190 2 113 189 1 57 1 133 1 1 
c [Main] Lowest label SAT is set to 190.
c [Label = 182] Minimize Makespan Labeling problem (T-dwt__592.mtx.rnd):
c [Label = 189] Encoding starts with target value = 56:
c [Label = 189] Encoding duration: 2891ms.
c [Label = 189] Number of clauses: 1904274.
c [Label = 189] Number of variables: 285474.
c [Label = 189] Solving duration: 10345 ms.
s [Label = 189] SAT (w = 56).
c [Label = 189] Label assignment: 1 76 169 77 77 133 188 1 169 170 1 1 188 133 77 57 132 1 20 57 188 170 133 76 169 188 57 77 169 77 133 1 188 20 133 188 77 2 133 77 133 133 1 1 133 1 77 169 133 133 132 133 133 188 2 114 189 2 2 113 189 57 113 114 113 2 57 76 113 113 189 1 1 57 113 1 189 1 133 189 59 1 57 57 113 113 189 189 2 1 1 189 58 57 189 133 1 189 76 1 1 189 132 2 58 1 57 1 189 2 132 113 1 114 57 189 189 189 115 21 189 57 1 1 189 57 57 133 113 189 113 189 189 57 58 76 1 57 189 2 2 57 189 57 113 132 57 57 1 1 189 113 188 113 57 57 113 114 113 114 2 57 113 76 114 2 189 113 189 57 113 114 1 57 1 189 189 189 57 113 113 1 57 2 133 113 114 58 1 2 1 2 189 57 189 1 113 189 189 57 189 58 57 57 2 57 189 1 189 58 1 57 189 1 189 133 1 58 189 189 113 57 2 113 57 114 57 58 114 189 189 57 57 1 114 1 1 114 57 113 113 188 189 57 189 133 114 1 113 57 57 1 20 1 2 57 114 1 189 114 113 132 189 113 57 113 58 1 133 1 57 57 1 189 57 1 1 132 189 57 189 189 57 1 113 1 189 1 189 114 57 77 189 189 133 189 1 57 2 113 1 57 1 113 1 113 113 113 1 1 189 189 57 189 189 57 189 189 113 189 114 113 189 57 1 58 1 113 132 58 189 57 133 113 1 114 189 2 1 57 1 113 133 189 189 113 57 189 133 1 114 189 1 189 58 57 113 132 189 189 1 2 188 1 132 113 1 1 113 189 1 189 1 1 189 189 1 1 189 189 57 132 113 58 58 57 189 1 114 57 189 132 189 189 113 1 189 20 2 58 114 189 189 1 189 1 1 57 189 58 189 189 57 189 1 133 1 76 114 1 189 57 57 189 113 133 113 58 114 188 189 76 189 57 1 1 114 133 189 58 1 189 189 189 1 1 113 58 57 1 1 113 1 114 1 57 57 189 133 189 132 58 1 133 57 114 57 1 1 1 189 189 113 189 189 1 1 189 114 1 114 1 189 189 58 113 57 57 132 133 57 113 57 58 113 57 189 57 189 1 189 57 58 57 57 2 58 2 58 57 189 189 58 189 170 133 58 58 57 1 114 132 57 1 132 189 1 170 57 57 1 57 189 113 58 1 113 114 189 76 1 1 57 132 133 133 169 58 57 57 57 1 58 132 189 188 1 1 57 57 57 113 188 189 114 1 189 169 171 113 58 189 58 57 169 169 1 189 188 1 114 1 189 2 113 188 1 57 1 132 1 1 
c [Label = 188] Encoding starts with target value = 56:
c [Label = 188] Encoding duration: 2866ms.
c [Label = 188] Number of clauses: 1892290.
c [Label = 188] Number of variables: 284290.
c [Label = 188] Solving duration: 10423 ms.
s [Label = 188] SAT (w = 56).
c [Label = 188] Label assignment: 1 75 169 76 76 132 187 1 169 170 1 1 187 132 76 57 131 1 19 57 187 170 132 75 169 187 57 76 169 76 132 1 187 19 132 187 76 2 132 76 132 132 1 1 132 1 76 169 132 132 131 132 132 187 2 114 188 2 2 113 188 57 113 114 113 2 57 75 113 113 188 1 1 57 113 1 188 1 132 188 59 1 57 57 113 113 188 188 2 1 1 188 58 57 188 132 1 188 75 1 1 188 131 2 58 1 57 1 188 2 131 113 1 114 57 188 188 188 115 20 188 57 1 1 188 57 57 132 113 188 113 188 188 57 58 75 1 57 188 2 2 57 188 57 113 131 57 57 1 1 188 113 187 113 57 57 113 114 113 114 2 57 113 75 114 2 188 113 188 57 113 114 1 57 1 188 188 188 57 113 113 1 57 2 132 113 114 58 1 2 1 2 188 57 188 1 113 188 188 57 188 58 57 57 2 57 188 1 188 58 1 57 188 1 188 132 1 58 188 188 113 57 2 113 57 114 57 58 114 188 188 57 57 1 114 1 1 114 57 113 113 187 188 57 188 132 114 1 113 57 57 1 19 1 2 57 114 1 188 114 113 131 188 113 57 113 58 1 132 1 57 57 1 188 57 1 1 131 188 57 188 188 57 1 113 1 188 1 188 114 57 76 188 188 132 188 1 57 2 113 1 57 1 113 1 113 113 113 1 1 188 188 57 188 188 57 188 188 113 188 114 113 188 57 1 58 1 113 131 58 188 57 132 113 1 114 188 2 1 57 1 113 132 188 188 113 57 188 132 1 114 188 1 188 58 57 113 131 188 188 1 2 187 1 131 113 1 1 113 188 1 188 1 1 188 188 1 1 188 188 57 131 113 58 58 57 188 1 114 57 188 131 188 188 113 1 188 19 2 58 114 188 188 1 188 1 1 57 188 58 188 188 57 188 1 132 1 75 114 1 188 57 57 188 113 132 113 58 114 187 188 75 188 57 1 1 114 132 188 58 1 188 188 188 1 1 113 58 57 1 1 113 1 114 1 57 57 188 132 188 131 58 1 132 57 114 57 1 1 1 188 188 113 188 188 1 1 188 114 1 114 1 188 188 58 113 57 57 131 132 57 113 57 58 113 57 188 57 188 1 188 57 58 57 57 2 58 2 58 57 188 188 58 188 170 132 58 58 57 1 114 131 57 1 131 188 1 170 57 57 1 57 188 113 58 1 113 114 188 75 1 1 57 131 132 132 169 58 57 57 57 1 58 131 188 187 1 1 57 57 57 113 187 188 114 1 188 169 171 113 58 188 58 57 169 169 1 188 187 1 114 1 188 2 113 187 1 57 1 131 1 1 
c [Main] Lowest label SAT is set to 189.
c [Label = 181] Minimize Makespan Labeling problem (T-dwt__592.mtx.rnd):
c [Main] Lowest label SAT is set to 188.
c [Label = 180] Minimize Makespan Labeling problem (T-dwt__592.mtx.rnd):
c [Label = 187] Encoding starts with target value = 56:
c [Label = 187] Encoding duration: 2843ms.
c [Label = 187] Number of clauses: 1880305.
c [Label = 187] Number of variables: 283106.
c [Label = 187] Solving duration: 10979 ms.
s [Label = 187] SAT (w = 56).
c [Label = 187] Label assignment: 1 74 169 75 75 131 186 1 169 170 1 1 186 131 75 57 130 1 18 57 186 170 131 74 169 186 57 75 169 75 131 1 186 18 131 186 75 2 131 75 131 131 1 1 131 1 75 169 131 131 130 131 131 186 2 114 187 2 2 113 187 57 113 114 113 2 57 74 113 113 187 1 1 57 113 1 187 1 131 187 59 1 57 57 113 113 187 187 2 1 1 187 58 57 187 131 1 187 74 1 1 187 130 2 58 1 57 1 187 2 130 113 1 114 57 187 187 187 115 19 187 57 1 1 187 57 57 131 113 187 113 187 187 57 58 74 1 57 187 2 2 57 187 57 113 130 57 57 1 1 187 113 186 113 57 57 113 114 113 114 2 57 113 74 114 2 187 113 187 57 113 114 1 57 1 187 187 187 57 113 113 1 57 2 131 113 114 58 1 2 1 2 187 57 187 1 113 187 187 57 187 58 57 57 2 57 187 1 187 58 1 57 187 1 187 131 1 58 187 187 113 57 2 113 57 114 57 58 114 187 187 57 57 1 114 1 1 114 57 113 113 186 187 57 187 131 114 1 113 57 57 1 18 1 2 57 114 1 187 114 113 130 187 113 57 113 58 1 131 1 57 57 1 187 57 1 1 130 187 57 187 187 57 1 113 1 187 1 187 114 57 75 187 187 131 187 1 57 2 113 1 57 1 113 1 113 113 113 1 1 187 187 57 187 187 57 187 187 113 187 114 113 187 57 1 58 1 113 130 58 187 57 131 113 1 114 187 2 1 57 1 113 131 187 187 113 57 187 131 1 114 187 1 187 58 57 113 130 187 187 1 2 186 1 130 113 1 1 113 187 1 187 1 1 187 187 1 1 187 187 57 130 113 58 58 57 187 1 114 57 187 130 187 187 113 1 187 18 2 58 114 187 187 1 187 1 1 57 187 58 187 187 57 187 1 131 1 74 114 1 187 57 57 187 113 131 113 58 114 186 187 74 187 57 1 1 114 131 187 58 1 187 187 187 1 1 113 58 57 1 1 113 1 114 1 57 57 187 131 187 130 58 1 131 57 114 57 1 1 1 187 187 113 187 187 1 1 187 114 1 114 1 187 187 58 113 57 57 130 131 57 113 57 58 113 57 187 57 187 1 187 57 58 57 57 2 58 2 58 57 187 187 58 187 170 131 58 58 57 1 114 130 57 1 130 187 1 170 57 57 1 57 187 113 58 1 113 114 187 74 1 1 57 130 131 131 169 58 57 57 57 1 58 130 187 186 1 1 57 57 57 113 186 187 114 1 187 169 171 113 58 187 58 57 169 169 1 187 186 1 114 1 187 2 113 186 1 57 1 130 1 1 
c [Main] Lowest label SAT is set to 187.
c [Label = 179] Minimize Makespan Labeling problem (T-dwt__592.mtx.rnd):
c [Label = 186] Encoding starts with target value = 56:
c [Label = 186] Encoding duration: 2813ms.
c [Label = 186] Number of clauses: 1868321.
c [Label = 186] Number of variables: 281922.
c [Label = 186] Solving duration: 10602 ms.
s [Label = 186] SAT (w = 56).
c [Label = 186] Label assignment: 1 73 169 74 74 130 185 1 169 170 1 1 185 130 74 57 129 1 17 57 185 170 130 73 169 185 57 74 169 74 130 1 185 17 130 185 74 2 130 74 130 130 1 1 130 1 74 169 130 130 129 130 130 185 2 114 186 2 2 113 186 57 113 114 113 2 57 73 113 113 186 1 1 57 113 1 186 1 130 186 59 1 57 57 113 113 186 186 2 1 1 186 58 57 186 130 1 186 73 1 1 186 129 2 58 1 57 1 186 2 129 113 1 114 57 186 186 186 115 18 186 57 1 1 186 57 57 130 113 186 113 186 186 57 58 73 1 57 186 2 2 57 186 57 113 129 57 57 1 1 186 113 185 113 57 57 113 114 113 114 2 57 113 73 114 2 186 113 186 57 113 114 1 57 1 186 186 186 57 113 113 1 57 2 130 113 114 58 1 2 1 2 186 57 186 1 113 186 186 57 186 58 57 57 2 57 186 1 186 58 1 57 186 1 186 130 1 58 186 186 113 57 2 113 57 114 57 58 114 186 186 57 57 1 114 1 1 114 57 113 113 185 186 57 186 130 114 1 113 57 57 1 17 1 2 57 114 1 186 114 113 129 186 113 57 113 58 1 130 1 57 57 1 186 57 1 1 129 186 57 186 186 57 1 113 1 186 1 186 114 57 74 186 186 130 186 1 57 2 113 1 57 1 113 1 113 113 113 1 1 186 186 57 186 186 57 186 186 113 186 114 113 186 57 1 58 1 113 129 58 186 57 130 113 1 114 186 2 1 57 1 113 130 186 186 113 57 186 130 1 114 186 1 186 58 57 113 129 186 186 1 2 185 1 129 113 1 1 113 186 1 186 1 1 186 186 1 1 186 186 57 129 113 58 58 57 186 1 114 57 186 129 186 186 113 1 186 17 2 58 114 186 186 1 186 1 1 57 186 58 186 186 57 186 1 130 1 73 114 1 186 57 57 186 113 130 113 58 114 185 186 73 186 57 1 1 114 130 186 58 1 186 186 186 1 1 113 58 57 1 1 113 1 114 1 57 57 186 130 186 129 58 1 130 57 114 57 1 1 1 186 186 113 186 186 1 1 186 114 1 114 1 186 186 58 113 57 57 129 130 57 113 57 58 113 57 186 57 186 1 186 57 58 57 57 2 58 2 58 57 186 186 58 186 170 130 58 58 57 1 114 129 57 1 129 186 1 170 57 57 1 57 186 113 58 1 113 114 186 73 1 1 57 129 130 130 169 58 57 57 57 1 58 129 186 185 1 1 57 57 57 113 185 186 114 1 186 169 171 113 58 186 58 57 169 169 1 186 185 1 114 1 186 2 113 185 1 57 1 129 1 1 
c [Main] Lowest label SAT is set to 186.
c [Label = 178] Minimize Makespan Labeling problem (T-dwt__592.mtx.rnd):
c [Label = 185] Encoding starts with target value = 56:
c [Label = 185] Encoding duration: 2863ms.
c [Label = 185] Number of clauses: 1856336.
c [Label = 185] Number of variables: 280738.
c [Label = 185] Solving duration: 10643 ms.
s [Label = 185] SAT (w = 56).
c [Label = 185] Label assignment: 1 72 169 73 73 129 184 1 169 170 1 1 184 129 73 57 128 1 16 57 184 170 129 72 169 184 57 73 169 73 129 1 184 16 129 184 73 2 129 73 129 129 1 1 129 1 73 169 129 129 128 129 129 184 2 114 185 2 2 113 185 57 113 114 113 2 57 72 113 113 185 1 1 57 113 1 185 1 129 185 59 1 57 57 113 113 185 185 2 1 1 185 58 57 185 129 1 185 72 1 1 185 128 2 58 1 57 1 185 2 128 113 1 114 57 185 185 185 115 17 185 57 1 1 185 57 57 129 113 185 113 185 185 57 58 72 1 57 185 2 2 57 185 57 113 128 57 57 1 1 185 113 184 113 57 57 113 114 113 114 2 57 113 72 114 2 185 113 185 57 113 114 1 57 1 185 185 185 57 113 113 1 57 2 129 113 114 58 1 2 1 2 185 57 185 1 113 185 185 57 185 58 57 57 2 57 185 1 185 58 1 57 185 1 185 129 1 58 185 185 113 57 2 113 57 114 57 58 114 185 185 57 57 1 114 1 1 114 57 113 113 184 185 57 185 129 114 1 113 57 57 1 16 1 2 57 114 1 185 114 113 128 185 113 57 113 58 1 129 1 57 57 1 185 57 1 1 128 185 57 185 185 57 1 113 1 185 1 185 114 57 73 185 185 129 185 1 57 2 113 1 57 1 113 1 113 113 113 1 1 185 185 57 185 185 57 185 185 113 185 114 113 185 57 1 58 1 113 128 58 185 57 129 113 1 114 185 2 1 57 1 113 129 185 185 113 57 185 129 1 114 185 1 185 58 57 113 128 185 185 1 2 184 1 128 113 1 1 113 185 1 185 1 1 185 185 1 1 185 185 57 128 113 58 58 57 185 1 114 57 185 128 185 185 113 1 185 16 2 58 114 185 185 1 185 1 1 57 185 58 185 185 57 185 1 129 1 72 114 1 185 57 57 185 113 129 113 58 114 184 185 72 185 57 1 1 114 129 185 58 1 185 185 185 1 1 113 58 57 1 1 113 1 114 1 57 57 185 129 185 128 58 1 129 57 114 57 1 1 1 185 185 113 185 185 1 1 185 114 1 114 1 185 185 58 113 57 57 128 129 57 113 57 58 113 57 185 57 185 1 185 57 58 57 57 2 58 2 58 57 185 185 58 185 170 129 58 58 57 1 114 128 57 1 128 185 1 170 57 57 1 57 185 113 58 1 113 114 185 72 1 1 57 128 129 129 169 58 57 57 57 1 58 128 185 184 1 1 57 57 57 113 184 185 114 1 185 169 171 113 58 185 58 57 169 169 1 185 184 1 114 1 185 2 113 184 1 57 1 128 1 1 
c [Main] Lowest label SAT is set to 185.
c [Label = 177] Minimize Makespan Labeling problem (T-dwt__592.mtx.rnd):
c [Label = 184] Encoding starts with target value = 56:
c [Label = 184] Encoding duration: 2773ms.
c [Label = 184] Number of clauses: 1844352.
c [Label = 184] Number of variables: 279554.
c [Label = 184] Solving duration: 10519 ms.
s [Label = 184] SAT (w = 56).
c [Label = 184] Label assignment: 1 71 169 72 72 128 183 1 169 170 1 1 183 128 72 57 127 1 15 57 183 170 128 71 169 183 57 72 169 72 128 1 183 15 128 183 72 2 128 72 128 128 1 1 128 1 72 169 128 128 127 128 128 183 2 114 184 2 2 113 184 57 113 114 113 2 57 71 113 113 184 1 1 57 113 1 184 1 128 184 59 1 57 57 113 113 184 184 2 1 1 184 58 57 184 128 1 184 71 1 1 184 127 2 58 1 57 1 184 2 127 113 1 114 57 184 184 184 115 16 184 57 1 1 184 57 57 128 113 184 113 184 184 57 58 71 1 57 184 2 2 57 184 57 113 127 57 57 1 1 184 113 183 113 57 57 113 114 113 114 2 57 113 71 114 2 184 113 184 57 113 114 1 57 1 184 184 184 57 113 113 1 57 2 128 113 114 58 1 2 1 2 184 57 184 1 113 184 184 57 184 58 57 57 2 57 184 1 184 58 1 57 184 1 184 128 1 58 184 184 113 57 2 113 57 114 57 58 114 184 184 57 57 1 114 1 1 114 57 113 113 183 184 57 184 128 114 1 113 57 57 1 15 1 2 57 114 1 184 114 113 127 184 113 57 113 58 1 128 1 57 57 1 184 57 1 1 127 184 57 184 184 57 1 113 1 184 1 184 114 57 72 184 184 128 184 1 57 2 113 1 57 1 113 1 113 113 113 1 1 184 184 57 184 184 57 184 184 113 184 114 113 184 57 1 58 1 113 127 58 184 57 128 113 1 114 184 2 1 57 1 113 128 184 184 113 57 184 128 1 114 184 1 184 58 57 113 127 184 184 1 2 183 1 127 113 1 1 113 184 1 184 1 1 184 184 1 1 184 184 57 127 113 58 58 57 184 1 114 57 184 127 184 184 113 1 184 15 2 58 114 184 184 1 184 1 1 57 184 58 184 184 57 184 1 128 1 71 114 1 184 57 57 184 113 128 113 58 114 183 184 71 184 57 1 1 114 128 184 58 1 184 184 184 1 1 113 58 57 1 1 113 1 114 1 57 57 184 128 184 127 58 1 128 57 114 57 1 1 1 184 184 113 184 184 1 1 184 114 1 114 1 184 184 58 113 57 57 127 128 57 113 57 58 113 57 184 57 184 1 184 57 58 57 57 2 58 2 58 57 184 184 58 184 170 128 58 58 57 1 114 127 57 1 127 184 1 170 57 57 1 57 184 113 58 1 113 114 184 71 1 1 57 127 128 128 169 58 57 57 57 1 58 127 184 183 1 1 57 57 57 113 183 184 114 1 184 169 171 113 58 184 58 57 169 169 1 184 183 1 114 1 184 2 113 183 1 57 1 127 1 1 
c [Main] Lowest label SAT is set to 184.
c [Label = 176] Minimize Makespan Labeling problem (T-dwt__592.mtx.rnd):
c [Label = 183] Encoding starts with target value = 56:
c [Label = 183] Encoding duration: 2788ms.
c [Label = 183] Number of clauses: 1832367.
c [Label = 183] Number of variables: 278370.
c [Label = 183] Solving duration: 10444 ms.
s [Label = 183] SAT (w = 56).
c [Label = 183] Label assignment: 1 70 169 71 71 127 182 1 169 170 1 1 182 127 71 57 126 1 14 57 182 170 127 70 169 182 57 71 169 71 127 1 182 14 127 182 71 2 127 71 127 127 1 1 127 1 71 169 127 127 126 127 127 182 2 114 183 2 2 113 183 57 113 114 113 2 57 70 113 113 183 1 1 57 113 1 183 1 127 183 59 1 57 57 113 113 183 183 2 1 1 183 58 57 183 127 1 183 70 1 1 183 126 2 58 1 57 1 183 2 126 113 1 114 57 183 183 183 115 15 183 57 1 1 183 57 57 127 113 183 113 183 183 57 58 70 1 57 183 2 2 57 183 57 113 126 57 57 1 1 183 113 182 113 57 57 113 114 113 114 2 57 113 70 114 2 183 113 183 57 113 114 1 57 1 183 183 183 57 113 113 1 57 2 127 113 114 58 1 2 1 2 183 57 183 1 113 183 183 57 183 58 57 57 2 57 183 1 183 58 1 57 183 1 183 127 1 58 183 183 113 57 2 113 57 114 57 58 114 183 183 57 57 1 114 1 1 114 57 113 113 182 183 57 183 127 114 1 113 57 57 1 14 1 2 57 114 1 183 114 113 126 183 113 57 113 58 1 127 1 57 57 1 183 57 1 1 126 183 57 183 183 57 1 113 1 183 1 183 114 57 71 183 183 127 183 1 57 2 113 1 57 1 113 1 113 113 113 1 1 183 183 57 183 183 57 183 183 113 183 114 113 183 57 1 58 1 113 126 58 183 57 127 113 1 114 183 2 1 57 1 113 127 183 183 113 57 183 127 1 114 183 1 183 58 57 113 126 183 183 1 2 182 1 126 113 1 1 113 183 1 183 1 1 183 183 1 1 183 183 57 126 113 58 58 57 183 1 114 57 183 126 183 183 113 1 183 14 2 58 114 183 183 1 183 1 1 57 183 58 183 183 57 183 1 127 1 70 114 1 183 57 57 183 113 127 113 58 114 182 183 70 183 57 1 1 114 127 183 58 1 183 183 183 1 1 113 58 57 1 1 113 1 114 1 57 57 183 127 183 126 58 1 127 57 114 57 1 1 1 183 183 113 183 183 1 1 183 114 1 114 1 183 183 58 113 57 57 126 127 57 113 57 58 113 57 183 57 183 1 183 57 58 57 57 2 58 2 58 57 183 183 58 183 170 127 58 58 57 1 114 126 57 1 126 183 1 170 57 57 1 57 183 113 58 1 113 114 183 70 1 1 57 126 127 127 169 58 57 57 57 1 58 126 183 182 1 1 57 57 57 113 182 183 114 1 183 169 171 113 58 183 58 57 169 169 1 183 182 1 114 1 183 2 113 182 1 57 1 126 1 1 
c [Main] Lowest label SAT is set to 183.
c [Label = 175] Minimize Makespan Labeling problem (T-dwt__592.mtx.rnd):
c [Label = 182] Encoding starts with target value = 56:
c [Label = 182] Encoding duration: 2679ms.
c [Label = 182] Number of clauses: 1820383.
c [Label = 182] Number of variables: 277186.
c [Label = 182] Solving duration: 10238 ms.
s [Label = 182] SAT (w = 56).
c [Label = 182] Label assignment: 1 69 169 70 70 126 181 1 169 170 1 1 181 126 70 57 125 1 13 57 181 170 126 69 169 181 57 70 169 70 126 1 181 13 126 181 70 2 126 70 126 126 1 1 126 1 70 169 126 126 125 126 126 181 2 114 182 2 2 113 182 57 113 114 113 2 57 69 113 113 182 1 1 57 113 1 182 1 126 182 59 1 57 57 113 113 182 182 2 1 1 182 58 57 182 126 1 182 69 1 1 182 125 2 58 1 57 1 182 2 125 113 1 114 57 182 182 182 115 14 182 57 1 1 182 57 57 126 113 182 113 182 182 57 58 69 1 57 182 2 2 57 182 57 113 125 57 57 1 1 182 113 181 113 57 57 113 114 113 114 2 57 113 69 114 2 182 113 182 57 113 114 1 57 1 182 182 182 57 113 113 1 57 2 126 113 114 58 1 2 1 2 182 57 182 1 113 182 182 57 182 58 57 57 2 57 182 1 182 58 1 57 182 1 182 126 1 58 182 182 113 57 2 113 57 114 57 58 114 182 182 57 57 1 114 1 1 114 57 113 113 181 182 57 182 126 114 1 113 57 57 1 13 1 2 57 114 1 182 114 113 125 182 113 57 113 58 1 126 1 57 57 1 182 57 1 1 125 182 57 182 182 57 1 113 1 182 1 182 114 57 70 182 182 126 182 1 57 2 113 1 57 1 113 1 113 113 113 1 1 182 182 57 182 182 57 182 182 113 182 114 113 182 57 1 58 1 113 125 58 182 57 126 113 1 114 182 2 1 57 1 113 126 182 182 113 57 182 126 1 114 182 1 182 58 57 113 125 182 182 1 2 181 1 125 113 1 1 113 182 1 182 1 1 182 182 1 1 182 182 57 125 113 58 58 57 182 1 114 57 182 125 182 182 113 1 182 13 2 58 114 182 182 1 182 1 1 57 182 58 182 182 57 182 1 126 1 69 114 1 182 57 57 182 113 126 113 58 114 181 182 69 182 57 1 1 114 126 182 58 1 182 182 182 1 1 113 58 57 1 1 113 1 114 1 57 57 182 126 182 125 58 1 126 57 114 57 1 1 1 182 182 113 182 182 1 1 182 114 1 114 1 182 182 58 113 57 57 125 126 57 113 57 58 113 57 182 57 182 1 182 57 58 57 57 2 58 2 58 57 182 182 58 182 170 126 58 58 57 1 114 125 57 1 125 182 1 170 57 57 1 57 182 113 58 1 113 114 182 69 1 1 57 125 126 126 169 58 57 57 57 1 58 125 182 181 1 1 57 57 57 113 181 182 114 1 182 169 171 113 58 182 58 57 169 169 1 182 181 1 114 1 182 2 113 181 1 57 1 125 1 1 
c [Main] Lowest label SAT is set to 182.
c [Label = 174] Minimize Makespan Labeling problem (T-dwt__592.mtx.rnd):
c [Label = 180] Encoding starts with target value = 56:
c [Label = 180] Encoding duration: 2737ms.
c [Label = 180] Number of clauses: 1796414.
c [Label = 180] Number of variables: 274818.
c [Label = 180] Solving duration: 10006 ms.
s [Label = 180] SAT (w = 56).
c [Label = 180] Label assignment: 1 67 169 68 68 124 179 1 169 170 1 1 179 124 68 57 123 1 11 57 179 170 124 67 169 179 57 68 169 68 124 1 179 11 124 179 68 2 124 68 124 124 1 1 124 1 68 169 124 124 123 124 124 179 2 114 180 2 2 113 180 57 113 114 113 2 57 67 113 113 180 1 1 57 113 1 180 1 124 180 59 1 57 57 113 113 180 180 2 1 1 180 58 57 180 124 1 180 67 1 1 180 123 2 58 1 57 1 180 2 123 113 1 114 57 180 180 180 115 12 180 57 1 1 180 57 57 124 113 180 113 180 180 57 58 67 1 57 180 2 2 57 180 57 113 123 57 57 1 1 180 113 179 113 57 57 113 114 113 114 2 57 113 67 114 2 180 113 180 57 113 114 1 57 1 180 180 180 57 113 113 1 57 2 124 113 114 58 1 2 1 2 180 57 180 1 113 180 180 57 180 58 57 57 2 57 180 1 180 58 1 57 180 1 180 124 1 58 180 180 113 57 2 113 57 114 57 58 114 180 180 57 57 1 114 1 1 114 57 113 113 179 180 57 180 124 114 1 113 57 57 1 11 1 2 57 114 1 180 114 113 123 180 113 57 113 58 1 124 1 57 57 1 180 57 1 1 123 180 57 180 180 57 1 113 1 180 1 180 114 57 68 180 180 124 180 1 57 2 113 1 57 1 113 1 113 113 113 1 1 180 180 57 180 180 57 180 180 113 180 114 113 180 57 1 58 1 113 123 58 180 57 124 113 1 114 180 2 1 57 1 113 124 180 180 113 57 180 124 1 114 180 1 180 58 57 113 123 180 180 1 2 179 1 123 113 1 1 113 180 1 180 1 1 180 180 1 1 180 180 57 123 113 58 58 57 180 1 114 57 180 123 180 180 113 1 180 11 2 58 114 180 180 1 180 1 1 57 180 58 180 180 57 180 1 124 1 67 114 1 180 57 57 180 113 124 113 58 114 179 180 67 180 57 1 1 114 124 180 58 1 180 180 180 1 1 113 58 57 1 1 113 1 114 1 57 57 180 124 180 123 58 1 124 57 114 57 1 1 1 180 180 113 180 180 1 1 180 114 1 114 1 180 180 58 113 57 57 123 124 57 113 57 58 113 57 180 57 180 1 180 57 58 57 57 2 58 2 58 57 180 180 58 180 170 124 58 58 57 1 114 123 57 1 123 180 1 170 57 57 1 57 180 113 58 1 113 114 180 67 1 1 57 123 124 124 169 58 57 57 57 1 58 123 180 179 1 1 57 57 57 113 179 180 114 1 180 169 171 113 58 180 58 57 169 169 1 180 179 1 114 1 180 2 113 179 1 57 1 123 1 1 
c [Label = 181] Encoding starts with target value = 56:
c [Label = 181] Encoding duration: 2614ms.
c [Label = 181] Number of clauses: 1808398.
c [Label = 181] Number of variables: 276002.
c [Label = 181] Solving duration: 10200 ms.
s [Label = 181] SAT (w = 56).
c [Label = 181] Label assignment: 1 68 169 69 69 125 180 1 169 170 1 1 180 125 69 57 124 1 12 57 180 170 125 68 169 180 57 69 169 69 125 1 180 12 125 180 69 2 125 69 125 125 1 1 125 1 69 169 125 125 124 125 125 180 2 114 181 2 2 113 181 57 113 114 113 2 57 68 113 113 181 1 1 57 113 1 181 1 125 181 59 1 57 57 113 113 181 181 2 1 1 181 58 57 181 125 1 181 68 1 1 181 124 2 58 1 57 1 181 2 124 113 1 114 57 181 181 181 115 13 181 57 1 1 181 57 57 125 113 181 113 181 181 57 58 68 1 57 181 2 2 57 181 57 113 124 57 57 1 1 181 113 180 113 57 57 113 114 113 114 2 57 113 68 114 2 181 113 181 57 113 114 1 57 1 181 181 181 57 113 113 1 57 2 125 113 114 58 1 2 1 2 181 57 181 1 113 181 181 57 181 58 57 57 2 57 181 1 181 58 1 57 181 1 181 125 1 58 181 181 113 57 2 113 57 114 57 58 114 181 181 57 57 1 114 1 1 114 57 113 113 180 181 57 181 125 114 1 113 57 57 1 12 1 2 57 114 1 181 114 113 124 181 113 57 113 58 1 125 1 57 57 1 181 57 1 1 124 181 57 181 181 57 1 113 1 181 1 181 114 57 69 181 181 125 181 1 57 2 113 1 57 1 113 1 113 113 113 1 1 181 181 57 181 181 57 181 181 113 181 114 113 181 57 1 58 1 113 124 58 181 57 125 113 1 114 181 2 1 57 1 113 125 181 181 113 57 181 125 1 114 181 1 181 58 57 113 124 181 181 1 2 180 1 124 113 1 1 113 181 1 181 1 1 181 181 1 1 181 181 57 124 113 58 58 57 181 1 114 57 181 124 181 181 113 1 181 12 2 58 114 181 181 1 181 1 1 57 181 58 181 181 57 181 1 125 1 68 114 1 181 57 57 181 113 125 113 58 114 180 181 68 181 57 1 1 114 125 181 58 1 181 181 181 1 1 113 58 57 1 1 113 1 114 1 57 57 181 125 181 124 58 1 125 57 114 57 1 1 1 181 181 113 181 181 1 1 181 114 1 114 1 181 181 58 113 57 57 124 125 57 113 57 58 113 57 181 57 181 1 181 57 58 57 57 2 58 2 58 57 181 181 58 181 170 125 58 58 57 1 114 124 57 1 124 181 1 170 57 57 1 57 181 113 58 1 113 114 181 68 1 1 57 124 125 125 169 58 57 57 57 1 58 124 181 180 1 1 57 57 57 113 180 181 114 1 181 169 171 113 58 181 58 57 169 169 1 181 180 1 114 1 181 2 113 180 1 57 1 124 1 1 
c [Main] Lowest label SAT is set to 180.
c [Main] Kill higher label pid 181.
c [Label = 173] Minimize Makespan Labeling problem (T-dwt__592.mtx.rnd):
c [Label = 172] Minimize Makespan Labeling problem (T-dwt__592.mtx.rnd):
c [Label = 179] Encoding starts with target value = 56:
c [Label = 179] Encoding duration: 2725ms.
c [Label = 179] Number of clauses: 1784429.
c [Label = 179] Number of variables: 273634.
c [Label = 179] Solving duration: 10153 ms.
s [Label = 179] SAT (w = 56).
c [Label = 179] Label assignment: 1 66 169 67 67 123 178 1 169 170 1 1 178 123 67 57 122 1 10 57 178 170 123 66 169 178 57 67 169 67 123 1 178 10 123 178 67 2 123 67 123 123 1 1 123 1 67 169 123 123 122 123 123 178 2 114 179 2 2 113 179 57 113 114 113 2 57 66 113 113 179 1 1 57 113 1 179 1 123 179 59 1 57 57 113 113 179 179 2 1 1 179 58 57 179 123 1 179 66 1 1 179 122 2 58 1 57 1 179 2 122 113 1 114 57 179 179 179 115 11 179 57 1 1 179 57 57 123 113 179 113 179 179 57 58 66 1 57 179 2 2 57 179 57 113 122 57 57 1 1 179 113 178 113 57 57 113 114 113 114 2 57 113 66 114 2 179 113 179 57 113 114 1 57 1 179 179 179 57 113 113 1 57 2 123 113 114 58 1 2 1 2 179 57 179 1 113 179 179 57 179 58 57 57 2 57 179 1 179 58 1 57 179 1 179 123 1 58 179 179 113 57 2 113 57 114 57 58 114 179 179 57 57 1 114 1 1 114 57 113 113 178 179 57 179 123 114 1 113 57 57 1 10 1 2 57 114 1 179 114 113 122 179 113 57 113 58 1 123 1 57 57 1 179 57 1 1 122 179 57 179 179 57 1 113 1 179 1 179 114 57 67 179 179 123 179 1 57 2 113 1 57 1 113 1 113 113 113 1 1 179 179 57 179 179 57 179 179 113 179 114 113 179 57 1 58 1 113 122 58 179 57 123 113 1 114 179 2 1 57 1 113 123 179 179 113 57 179 123 1 114 179 1 179 58 57 113 122 179 179 1 2 178 1 122 113 1 1 113 179 1 179 1 1 179 179 1 1 179 179 57 122 113 58 58 57 179 1 114 57 179 122 179 179 113 1 179 10 2 58 114 179 179 1 179 1 1 57 179 58 179 179 57 179 1 123 1 66 114 1 179 57 57 179 113 123 113 58 114 178 179 66 179 57 1 1 114 123 179 58 1 179 179 179 1 1 113 58 57 1 1 113 1 114 1 57 57 179 123 179 122 58 1 123 57 114 57 1 1 1 179 179 113 179 179 1 1 179 114 1 114 1 179 179 58 113 57 57 122 123 57 113 57 58 113 57 179 57 179 1 179 57 58 57 57 2 58 2 58 57 179 179 58 179 170 123 58 58 57 1 114 122 57 1 122 179 1 170 57 57 1 57 179 113 58 1 113 114 179 66 1 1 57 122 123 123 169 58 57 57 57 1 58 122 179 178 1 1 57 57 57 113 178 179 114 1 179 169 171 113 58 179 58 57 169 169 1 179 178 1 114 1 179 2 113 178 1 57 1 122 1 1 
c [Main] Lowest label SAT is set to 179.
c [Label = 171] Minimize Makespan Labeling problem (T-dwt__592.mtx.rnd):
c [Label = 177] Encoding starts with target value = 56:
c [Label = 177] Encoding duration: 2713ms.
c [Label = 177] Number of clauses: 1760460.
c [Label = 177] Number of variables: 271266.
c [Label = 177] Solving duration: 10026 ms.
s [Label = 177] SAT (w = 56).
c [Label = 177] Label assignment: 1 64 169 65 65 121 176 1 169 170 1 1 176 121 65 57 120 1 8 57 176 170 121 64 169 176 57 65 169 65 121 1 176 8 121 176 65 2 121 65 121 121 1 1 121 1 65 169 121 121 120 121 121 176 2 114 177 2 2 113 177 57 113 114 113 2 57 64 113 113 177 1 1 57 113 1 177 1 121 177 59 1 57 57 113 113 177 177 2 1 1 177 58 57 177 121 1 177 64 1 1 177 120 2 58 1 57 1 177 2 120 113 1 114 57 177 177 177 115 9 177 57 1 1 177 57 57 121 113 177 113 177 177 57 58 64 1 57 177 2 2 57 177 57 113 120 57 57 1 1 177 113 176 113 57 57 113 114 113 114 2 57 113 64 114 2 177 113 177 57 113 114 1 57 1 177 177 177 57 113 113 1 57 2 121 113 114 58 1 2 1 2 177 57 177 1 113 177 177 57 177 58 57 57 2 57 177 1 177 58 1 57 177 1 177 121 1 58 177 177 113 57 2 113 57 114 57 58 114 177 177 57 57 1 114 1 1 114 57 113 113 176 177 57 177 121 114 1 113 57 57 1 8 1 2 57 114 1 177 114 113 120 177 113 57 113 58 1 121 1 57 57 1 177 57 1 1 120 177 57 177 177 57 1 113 1 177 1 177 114 57 65 177 177 121 177 1 57 2 113 1 57 1 113 1 113 113 113 1 1 177 177 57 177 177 57 177 177 113 177 114 113 177 57 1 58 1 113 120 58 177 57 121 113 1 114 177 2 1 57 1 113 121 177 177 113 57 177 121 1 114 177 1 177 58 57 113 120 177 177 1 2 176 1 120 113 1 1 113 177 1 177 1 1 177 177 1 1 177 177 57 120 113 58 58 57 177 1 114 57 177 120 177 177 113 1 177 8 2 58 114 177 177 1 177 1 1 57 177 58 177 177 57 177 1 121 1 64 114 1 177 57 57 177 113 121 113 58 114 176 177 64 177 57 1 1 114 121 177 58 1 177 177 177 1 1 113 58 57 1 1 113 1 114 1 57 57 177 121 177 120 58 1 121 57 114 57 1 1 1 177 177 113 177 177 1 1 177 114 1 114 1 177 177 58 113 57 57 120 121 57 113 57 58 113 57 177 57 177 1 177 57 58 57 57 2 58 2 58 57 177 177 58 177 170 121 58 58 57 1 114 120 57 1 120 177 1 170 57 57 1 57 177 113 58 1 113 114 177 64 1 1 57 120 121 121 169 58 57 57 57 1 58 120 177 176 1 1 57 57 57 113 176 177 114 1 177 169 171 113 58 177 58 57 169 169 1 177 176 1 114 1 177 2 113 176 1 57 1 120 1 1 
c [Label = 178] Encoding starts with target value = 56:
c [Label = 178] Encoding duration: 2691ms.
c [Label = 178] Number of clauses: 1772445.
c [Label = 178] Number of variables: 272450.
c [Label = 178] Solving duration: 10130 ms.
s [Label = 178] SAT (w = 56).
c [Label = 178] Label assignment: 1 65 169 66 66 122 177 1 169 170 1 1 177 122 66 57 121 1 9 57 177 170 122 65 169 177 57 66 169 66 122 1 177 9 122 177 66 2 122 66 122 122 1 1 122 1 66 169 122 122 121 122 122 177 2 114 178 2 2 113 178 57 113 114 113 2 57 65 113 113 178 1 1 57 113 1 178 1 122 178 59 1 57 57 113 113 178 178 2 1 1 178 58 57 178 122 1 178 65 1 1 178 121 2 58 1 57 1 178 2 121 113 1 114 57 178 178 178 115 10 178 57 1 1 178 57 57 122 113 178 113 178 178 57 58 65 1 57 178 2 2 57 178 57 113 121 57 57 1 1 178 113 177 113 57 57 113 114 113 114 2 57 113 65 114 2 178 113 178 57 113 114 1 57 1 178 178 178 57 113 113 1 57 2 122 113 114 58 1 2 1 2 178 57 178 1 113 178 178 57 178 58 57 57 2 57 178 1 178 58 1 57 178 1 178 122 1 58 178 178 113 57 2 113 57 114 57 58 114 178 178 57 57 1 114 1 1 114 57 113 113 177 178 57 178 122 114 1 113 57 57 1 9 1 2 57 114 1 178 114 113 121 178 113 57 113 58 1 122 1 57 57 1 178 57 1 1 121 178 57 178 178 57 1 113 1 178 1 178 114 57 66 178 178 122 178 1 57 2 113 1 57 1 113 1 113 113 113 1 1 178 178 57 178 178 57 178 178 113 178 114 113 178 57 1 58 1 113 121 58 178 57 122 113 1 114 178 2 1 57 1 113 122 178 178 113 57 178 122 1 114 178 1 178 58 57 113 121 178 178 1 2 177 1 121 113 1 1 113 178 1 178 1 1 178 178 1 1 178 178 57 121 113 58 58 57 178 1 114 57 178 121 178 178 113 1 178 9 2 58 114 178 178 1 178 1 1 57 178 58 178 178 57 178 1 122 1 65 114 1 178 57 57 178 113 122 113 58 114 177 178 65 178 57 1 1 114 122 178 58 1 178 178 178 1 1 113 58 57 1 1 113 1 114 1 57 57 178 122 178 121 58 1 122 57 114 57 1 1 1 178 178 113 178 178 1 1 178 114 1 114 1 178 178 58 113 57 57 121 122 57 113 57 58 113 57 178 57 178 1 178 57 58 57 57 2 58 2 58 57 178 178 58 178 170 122 58 58 57 1 114 121 57 1 121 178 1 170 57 57 1 57 178 113 58 1 113 114 178 65 1 1 57 121 122 122 169 58 57 57 57 1 58 121 178 177 1 1 57 57 57 113 177 178 114 1 178 169 171 113 58 178 58 57 169 169 1 178 177 1 114 1 178 2 113 177 1 57 1 121 1 1 
c [Main] Lowest label SAT is set to 177.
c [Main] Kill higher label pid 178.
c [Label = 170] Minimize Makespan Labeling problem (T-dwt__592.mtx.rnd):
c [Label = 169] Minimize Makespan Labeling problem (T-dwt__592.mtx.rnd):
c [Label = 176] Encoding starts with target value = 56:
c [Label = 176] Encoding duration: 2544ms.
c [Label = 176] Number of clauses: 1748476.
c [Label = 176] Number of variables: 270082.
c [Label = 176] Solving duration: 10189 ms.
s [Label = 176] SAT (w = 56).
c [Label = 176] Label assignment: 1 63 169 64 64 120 175 1 169 170 1 1 175 120 64 57 119 1 7 57 175 170 120 63 169 175 57 64 169 64 120 1 175 7 120 175 64 2 120 64 120 120 1 1 120 1 64 169 120 120 119 120 120 175 2 114 176 2 2 113 176 57 113 114 113 2 57 63 113 113 176 1 1 57 113 1 176 1 120 176 59 1 57 57 113 113 176 176 2 1 1 176 58 57 176 120 1 176 63 1 1 176 119 2 58 1 57 1 176 2 119 113 1 114 57 176 176 176 115 8 176 57 1 1 176 57 57 120 113 176 113 176 176 57 58 63 1 57 176 2 2 57 176 57 113 119 57 57 1 1 176 113 175 113 57 57 113 114 113 114 2 57 113 63 114 2 176 113 176 57 113 114 1 57 1 176 176 176 57 113 113 1 57 2 120 113 114 58 1 2 1 2 176 57 176 1 113 176 176 57 176 58 57 57 2 57 176 1 176 58 1 57 176 1 176 120 1 58 176 176 113 57 2 113 57 114 57 58 114 176 176 57 57 1 114 1 1 114 57 113 113 175 176 57 176 120 114 1 113 57 57 1 7 1 2 57 114 1 176 114 113 119 176 113 57 113 58 1 120 1 57 57 1 176 57 1 1 119 176 57 176 176 57 1 113 1 176 1 176 114 57 64 176 176 120 176 1 57 2 113 1 57 1 113 1 113 113 113 1 1 176 176 57 176 176 57 176 176 113 176 114 113 176 57 1 58 1 113 119 58 176 57 120 113 1 114 176 2 1 57 1 113 120 176 176 113 57 176 120 1 114 176 1 176 58 57 113 119 176 176 1 2 175 1 119 113 1 1 113 176 1 176 1 1 176 176 1 1 176 176 57 119 113 58 58 57 176 1 114 57 176 119 176 176 113 1 176 7 2 58 114 176 176 1 176 1 1 57 176 58 176 176 57 176 1 120 1 63 114 1 176 57 57 176 113 120 113 58 114 175 176 63 176 57 1 1 114 120 176 58 1 176 176 176 1 1 113 58 57 1 1 113 1 114 1 57 57 176 120 176 119 58 1 120 57 114 57 1 1 1 176 176 113 176 176 1 1 176 114 1 114 1 176 176 58 113 57 57 119 120 57 113 57 58 113 57 176 57 176 1 176 57 58 57 57 2 58 2 58 57 176 176 58 176 170 120 58 58 57 1 114 119 57 1 119 176 1 170 57 57 1 57 176 113 58 1 113 114 176 63 1 1 57 119 120 120 169 58 57 57 57 1 58 119 176 175 1 1 57 57 57 113 175 176 114 1 176 169 171 113 58 176 58 57 169 169 1 176 175 1 114 1 176 2 113 175 1 57 1 119 1 1 
c [Main] Lowest label SAT is set to 176.
c [Label = 168] Minimize Makespan Labeling problem (T-dwt__592.mtx.rnd):
c [Label = 175] Encoding starts with target value = 56:
c [Label = 175] Encoding duration: 2507ms.
c [Label = 175] Number of clauses: 1736491.
c [Label = 175] Number of variables: 268898.
c [Label = 175] Solving duration: 10138 ms.
s [Label = 175] SAT (w = 56).
c [Label = 175] Label assignment: 1 62 169 63 63 119 174 1 169 170 1 1 174 119 63 57 118 1 6 57 174 170 119 62 169 174 57 63 169 63 119 1 174 6 119 174 63 2 119 63 119 119 1 1 119 1 63 169 119 119 118 119 119 174 2 114 175 2 2 113 175 57 113 114 113 2 57 62 113 113 175 1 1 57 113 1 175 1 119 175 59 1 57 57 113 113 175 175 2 1 1 175 58 57 175 119 1 175 62 1 1 175 118 2 58 1 57 1 175 2 118 113 1 114 57 175 175 175 115 7 175 57 1 1 175 57 57 119 113 175 113 175 175 57 58 62 1 57 175 2 2 57 175 57 113 118 57 57 1 1 175 113 174 113 57 57 113 114 113 114 2 57 113 62 114 2 175 113 175 57 113 114 1 57 1 175 175 175 57 113 113 1 57 2 119 113 114 58 1 2 1 2 175 57 175 1 113 175 175 57 175 58 57 57 2 57 175 1 175 58 1 57 175 1 175 119 1 58 175 175 113 57 2 113 57 114 57 58 114 175 175 57 57 1 114 1 1 114 57 113 113 174 175 57 175 119 114 1 113 57 57 1 6 1 2 57 114 1 175 114 113 118 175 113 57 113 58 1 119 1 57 57 1 175 57 1 1 118 175 57 175 175 57 1 113 1 175 1 175 114 57 63 175 175 119 175 1 57 2 113 1 57 1 113 1 113 113 113 1 1 175 175 57 175 175 57 175 175 113 175 114 113 175 57 1 58 1 113 118 58 175 57 119 113 1 114 175 2 1 57 1 113 119 175 175 113 57 175 119 1 114 175 1 175 58 57 113 118 175 175 1 2 174 1 118 113 1 1 113 175 1 175 1 1 175 175 1 1 175 175 57 118 113 58 58 57 175 1 114 57 175 118 175 175 113 1 175 6 2 58 114 175 175 1 175 1 1 57 175 58 175 175 57 175 1 119 1 62 114 1 175 57 57 175 113 119 113 58 114 174 175 62 175 57 1 1 114 119 175 58 1 175 175 175 1 1 113 58 57 1 1 113 1 114 1 57 57 175 119 175 118 58 1 119 57 114 57 1 1 1 175 175 113 175 175 1 1 175 114 1 114 1 175 175 58 113 57 57 118 119 57 113 57 58 113 57 175 57 175 1 175 57 58 57 57 2 58 2 58 57 175 175 58 175 170 119 58 58 57 1 114 118 57 1 118 175 1 170 57 57 1 57 175 113 58 1 113 114 175 62 1 1 57 118 119 119 169 58 57 57 57 1 58 118 175 174 1 1 57 57 57 113 174 175 114 1 175 169 171 113 58 175 58 57 169 169 1 175 174 1 114 1 175 2 113 174 1 57 1 118 1 1 
c [Main] Lowest label SAT is set to 175.
c [Label = 167] Minimize Makespan Labeling problem (T-dwt__592.mtx.rnd):
c [Label = 174] Encoding starts with target value = 56:
c [Label = 174] Encoding duration: 2564ms.
c [Label = 174] Number of clauses: 1724507.
c [Label = 174] Number of variables: 267714.
c [Label = 174] Solving duration: 10109 ms.
s [Label = 174] SAT (w = 56).
c [Label = 174] Label assignment: 1 61 169 62 62 118 173 1 169 170 1 1 173 118 62 57 117 1 5 57 173 170 118 61 169 173 57 62 169 62 118 1 173 5 118 173 62 2 118 62 118 118 1 1 118 1 62 169 118 118 117 118 118 173 2 114 174 2 2 113 174 57 113 114 113 2 57 61 113 113 174 1 1 57 113 1 174 1 118 174 59 1 57 57 113 113 174 174 2 1 1 174 58 57 174 118 1 174 61 1 1 174 117 2 58 1 57 1 174 2 117 113 1 114 57 174 174 174 115 6 174 57 1 1 174 57 57 118 113 174 113 174 174 57 58 61 1 57 174 2 2 57 174 57 113 117 57 57 1 1 174 113 173 113 57 57 113 114 113 114 2 57 113 61 114 2 174 113 174 57 113 114 1 57 1 174 174 174 57 113 113 1 57 2 118 113 114 58 1 2 1 2 174 57 174 1 113 174 174 57 174 58 57 57 2 57 174 1 174 58 1 57 174 1 174 118 1 58 174 174 113 57 2 113 57 114 57 58 114 174 174 57 57 1 114 1 1 114 57 113 113 173 174 57 174 118 114 1 113 57 57 1 5 1 2 57 114 1 174 114 113 117 174 113 57 113 58 1 118 1 57 57 1 174 57 1 1 117 174 57 174 174 57 1 113 1 174 1 174 114 57 62 174 174 118 174 1 57 2 113 1 57 1 113 1 113 113 113 1 1 174 174 57 174 174 57 174 174 113 174 114 113 174 57 1 58 1 113 117 58 174 57 118 113 1 114 174 2 1 57 1 113 118 174 174 113 57 174 118 1 114 174 1 174 58 57 113 117 174 174 1 2 173 1 117 113 1 1 113 174 1 174 1 1 174 174 1 1 174 174 57 117 113 58 58 57 174 1 114 57 174 117 174 174 113 1 174 5 2 58 114 174 174 1 174 1 1 57 174 58 174 174 57 174 1 118 1 61 114 1 174 57 57 174 113 118 113 58 114 173 174 61 174 57 1 1 114 118 174 58 1 174 174 174 1 1 113 58 57 1 1 113 1 114 1 57 57 174 118 174 117 58 1 118 57 114 57 1 1 1 174 174 113 174 174 1 1 174 114 1 114 1 174 174 58 113 57 57 117 118 57 113 57 58 113 57 174 57 174 1 174 57 58 57 57 2 58 2 58 57 174 174 58 174 170 118 58 58 57 1 114 117 57 1 117 174 1 170 57 57 1 57 174 113 58 1 113 114 174 61 1 1 57 117 118 118 169 58 57 57 57 1 58 117 174 173 1 1 57 57 57 113 173 174 114 1 174 169 171 113 58 174 58 57 169 169 1 174 173 1 114 1 174 2 113 173 1 57 1 117 1 1 
c [Main] Lowest label SAT is set to 174.
c [Label = 166] Minimize Makespan Labeling problem (T-dwt__592.mtx.rnd):
c [Label = 172] Encoding starts with target value = 56:
c [Label = 172] Encoding duration: 2436ms.
c [Label = 172] Number of clauses: 1700538.
c [Label = 172] Number of variables: 265346.
c [Label = 172] Solving duration: 9913 ms.
s [Label = 172] SAT (w = 56).
c [Label = 172] Label assignment: 1 59 169 60 60 116 171 1 169 170 1 1 171 116 60 57 115 1 3 57 171 170 116 59 169 171 57 60 169 60 116 1 171 3 116 171 60 2 116 60 116 116 1 1 116 1 60 169 116 116 115 116 116 171 2 114 172 2 2 113 172 57 113 114 113 2 57 59 113 113 172 1 1 57 113 1 172 1 116 172 59 1 57 57 113 113 172 172 2 1 1 172 58 57 172 116 1 172 59 1 1 172 115 2 58 1 57 1 172 2 115 113 1 114 57 172 172 172 115 4 172 57 1 1 172 57 57 116 113 172 113 172 172 57 58 59 1 57 172 2 2 57 172 57 113 115 57 57 1 1 172 113 171 113 57 57 113 114 113 114 2 57 113 59 114 2 172 113 172 57 113 114 1 57 1 172 172 172 57 113 113 1 57 2 116 113 114 58 1 2 1 2 172 57 172 1 113 172 172 57 172 58 57 57 2 57 172 1 172 58 1 57 172 1 172 116 1 58 172 172 113 57 2 113 57 114 57 58 114 172 172 57 57 1 114 1 1 114 57 113 113 171 172 57 172 116 114 1 113 57 57 1 3 1 2 57 114 1 172 114 113 115 172 113 57 113 58 1 116 1 57 57 1 172 57 1 1 115 172 57 172 172 57 1 113 1 172 1 172 114 57 60 172 172 116 172 1 57 2 113 1 57 1 113 1 113 113 113 1 1 172 172 57 172 172 57 172 172 113 172 114 113 172 57 1 58 1 113 115 58 172 57 116 113 1 114 172 2 1 57 1 113 116 172 172 113 57 172 116 1 114 172 1 172 58 57 113 115 172 172 1 2 171 1 115 113 1 1 113 172 1 172 1 1 172 172 1 1 172 172 57 115 113 58 58 57 172 1 114 57 172 115 172 172 113 1 172 3 2 58 114 172 172 1 172 1 1 57 172 58 172 172 57 172 1 116 1 59 114 1 172 57 57 172 113 116 113 58 114 171 172 59 172 57 1 1 114 116 172 58 1 172 172 172 1 1 113 58 57 1 1 113 1 114 1 57 57 172 116 172 115 58 1 116 57 114 57 1 1 1 172 172 113 172 172 1 1 172 114 1 114 1 172 172 58 113 57 57 115 116 57 113 57 58 113 57 172 57 172 1 172 57 58 57 57 2 58 2 58 57 172 172 58 172 170 116 58 58 57 1 114 115 57 1 115 172 1 170 57 57 1 57 172 113 58 1 113 114 172 59 1 1 57 115 116 116 169 58 57 57 57 1 58 115 172 171 1 1 57 57 57 113 171 172 114 1 172 169 171 113 58 172 58 57 169 169 1 172 171 1 114 1 172 2 113 171 1 57 1 115 1 1 
c [Main] Lowest label SAT is set to 172.
c [Main] Kill higher label pid 173.
c [Label = 173] Encoding starts with target value = 56:
c [Label = 173] Encoding duration: 2594ms.
c [Label = 173] Number of clauses: 1712522.
c [Label = 173] Number of variables: 266530.
c [Label = 173] Solving duration: 9903 ms.
s [Label = 173] SAT (w = 56).
c [Label = 173] Label assignment: 1 60 169 61 61 117 172 1 169 170 1 1 172 117 61 57 116 1 4 57 172 170 117 60 169 172 57 61 169 61 117 1 172 4 117 172 61 2 117 61 117 117 1 1 117 1 61 169 117 117 116 117 117 172 2 114 173 2 2 113 173 57 113 114 113 2 57 60 113 113 173 1 1 57 113 1 173 1 117 173 59 1 57 57 113 113 173 173 2 1 1 173 58 57 173 117 1 173 60 1 1 173 116 2 58 1 57 1 173 2 116 113 1 114 57 173 173 173 115 5 173 57 1 1 173 57 57 117 113 173 113 173 173 57 58 60 1 57 173 2 2 57 173 57 113 116 57 57 1 1 173 113 172 113 57 57 113 114 113 114 2 57 113 60 114 2 173 113 173 57 113 114 1 57 1 173 173 173 57 113 113 1 57 2 117 113 114 58 1 2 1 2 173 57 173 1 113 173 173 57 173 58 57 57 2 57 173 1 173 58 1 57 173 1 173 117 1 58 173 173 113 57 2 113 57 114 57 58 114 173 173 57 57 1 114 1 1 114 57 113 113 172 173 57 173 117 114 1 113 57 57 1 4 1 2 57 114 1 173 114 113 116 173 113 57 113 58 1 117 1 57 57 1 173 57 1 1 116 173 57 173 173 57 1 113 1 173 1 173 114 57 61 173 173 117 173 1 57 2 113 1 57 1 113 1 113 113 113 1 1 173 173 57 173 173 57 173 173 113 173 114 113 173 57 1 58 1 113 116 58 173 57 117 113 1 114 173 2 1 57 1 113 117 173 173 113 57 173 117 1 114 173 1 173 58 57 113 116 173 173 1 2 172 1 116 113 1 1 113 173 1 173 1 1 173 173 1 1 173 173 57 116 113 58 58 57 173 1 114 57 173 116 173 173 113 1 173 4 2 58 114 173 173 1 173 1 1 57 173 58 173 173 57 173 1 117 1 60 114 1 173 57 57 173 113 117 113 58 114 172 173 60 173 57 1 1 114 117 173 58 1 173 173 173 1 1 113 58 57 1 1 113 1 114 1 57 57 173 117 173 116 58 1 117 57 114 57 1 1 1 173 173 113 173 173 1 1 173 114 1 114 1 173 173 58 113 57 57 116 117 57 113 57 58 113 57 173 57 173 1 173 57 58 57 57 2 58 2 58 57 173 173 58 173 170 117 58 58 57 1 114 116 57 1 116 173 1 170 57 57 1 57 173 113 58 1 113 114 173 60 1 1 57 116 117 117 169 58 57 57 57 1 58 116 173 172 1 1 57 57 57 113 172 173 114 1 173 169 171 113 58 173 58 57 169 169 1 173 172 1 114 1 173 2 113 172 1 57 1 116 1 1 
c [Signal] Signal interruption. Caught signal: SIGTERM (15).
c [Label = 165] Minimize Makespan Labeling problem (T-dwt__592.mtx.rnd):
c [Main] Child pid 173 - 54504 terminated by signal 15.
c [Label = 164] Minimize Makespan Labeling problem (T-dwt__592.mtx.rnd):
c [Label = 171] Encoding starts with target value = 56:
c [Label = 171] Encoding duration: 2583ms.
c [Label = 171] Number of clauses: 1688553.
c [Label = 171] Number of variables: 264162.
c [Label = 171] Solving duration: 9878 ms.
s [Label = 171] SAT (w = 56).
c [Label = 171] Label assignment: 1 58 169 59 59 115 170 1 169 170 1 1 170 115 59 57 114 1 2 57 170 170 115 58 169 170 57 59 169 59 115 1 170 2 115 170 59 2 115 59 115 115 1 1 115 1 59 169 115 115 114 115 115 170 2 114 171 2 2 113 171 57 113 114 113 2 57 58 113 113 171 1 1 57 113 1 171 1 115 171 58 1 57 57 113 113 171 171 2 1 1 171 58 57 171 115 1 171 58 1 1 171 114 2 58 1 57 1 171 2 114 113 1 114 57 171 171 171 114 3 171 57 1 1 171 57 57 115 113 171 113 171 171 57 58 58 1 57 171 2 2 57 171 57 113 114 57 57 1 1 171 113 170 113 57 57 113 114 113 114 2 57 113 58 114 2 171 113 171 57 113 114 1 57 1 171 171 171 57 113 113 1 57 2 115 113 114 58 1 2 1 2 171 57 171 1 113 171 171 57 171 58 57 57 2 57 171 1 171 58 1 57 171 1 171 115 1 58 171 171 113 57 2 113 57 114 57 58 114 171 171 57 57 1 114 1 1 114 57 113 113 170 171 57 171 115 114 1 113 57 57 1 2 1 2 57 114 1 171 114 113 114 171 113 57 113 58 1 115 1 57 57 1 171 57 1 1 114 171 57 171 171 57 1 113 1 171 1 171 114 57 59 171 171 115 171 1 57 2 113 1 57 1 113 1 113 113 113 1 1 171 171 57 171 171 57 171 171 113 171 114 113 171 57 1 58 1 113 114 58 171 57 115 113 1 114 171 2 1 57 1 113 115 171 171 113 57 171 115 1 114 171 1 171 58 57 113 114 171 171 1 2 170 1 114 113 1 1 113 171 1 171 1 1 171 171 1 1 171 171 57 114 113 58 58 57 171 1 114 57 171 114 171 171 113 1 171 2 2 58 114 171 171 1 171 1 1 57 171 58 171 171 57 171 1 115 1 58 114 1 171 57 57 171 113 115 113 58 114 170 171 58 171 57 1 1 114 115 171 58 1 171 171 171 1 1 113 58 57 1 1 113 1 114 1 57 57 171 115 171 114 58 1 115 57 114 57 1 1 1 171 171 113 171 171 1 1 171 114 1 114 1 171 171 58 113 57 57 114 115 57 113 57 58 113 57 171 57 171 1 171 57 58 57 57 2 58 2 58 57 171 171 58 171 170 115 58 58 57 1 114 114 57 1 114 171 1 170 57 57 1 57 171 113 58 1 113 114 171 58 1 1 57 114 115 115 169 58 57 57 57 1 58 114 171 170 1 1 57 57 57 113 170 171 114 1 171 169 170 113 58 171 58 57 169 169 1 171 170 1 114 1 171 2 113 170 1 57 1 114 1 1 
c [Main] Lowest label SAT is set to 171.
c [Label = 163] Minimize Makespan Labeling problem (T-dwt__592.mtx.rnd):
c [Label = 170] Encoding starts with target value = 56:
c [Label = 170] Encoding duration: 2554ms.
c [Label = 170] Number of clauses: 1676569.
c [Label = 170] Number of variables: 262978.
c [Label = 170] Solving duration: 10144 ms.
s [Label = 170] SAT (w = 56).
c [Label = 170] Label assignment: 1 58 170 58 58 114 170 1 170 170 1 1 170 114 58 57 114 1 2 57 170 170 114 58 170 170 57 58 170 58 114 1 170 2 114 170 58 2 114 58 114 114 1 1 114 1 58 170 114 114 114 114 114 170 2 114 169 2 2 113 169 57 113 114 113 2 57 58 113 113 170 1 1 57 113 1 169 1 114 170 58 1 57 57 113 113 169 170 2 1 1 169 58 57 169 114 1 170 58 1 1 169 114 2 58 1 57 1 169 2 114 113 1 114 57 170 169 169 114 2 170 57 1 1 169 57 57 114 113 170 113 170 170 57 58 58 1 57 170 2 2 57 170 57 113 114 57 57 1 1 169 113 170 113 57 57 113 114 113 114 2 57 113 58 114 2 170 113 170 57 113 114 1 57 1 170 170 170 57 113 113 1 57 2 114 113 114 58 1 2 1 2 169 57 170 1 113 170 170 57 170 58 57 57 1 57 170 1 170 58 1 57 170 1 170 114 1 58 170 170 113 57 2 113 57 114 57 58 114 170 169 57 57 1 114 1 1 114 57 113 113 170 170 57 170 114 113 1 113 57 57 1 2 1 2 57 114 1 169 114 113 114 169 113 57 113 58 1 114 1 57 57 1 170 57 1 1 114 170 57 170 170 57 1 113 1 170 1 170 114 57 58 170 170 114 170 1 57 2 113 1 57 1 113 1 113 113 113 1 1 170 169 57 170 170 57 170 170 113 170 114 113 170 57 1 58 1 113 114 58 170 57 114 113 1 114 170 2 1 57 1 113 114 169 170 113 57 170 114 1 114 170 1 170 58 57 113 114 170 170 1 2 170 1 114 113 1 1 113 170 1 170 1 1 170 170 1 1 170 170 57 114 113 58 58 57 170 1 114 57 170 114 170 170 113 1 169 2 2 58 114 169 170 1 170 1 1 57 170 58 170 169 57 170 1 114 1 58 114 1 170 57 57 169 113 114 113 58 114 170 169 58 170 57 1 1 114 114 169 58 1 169 169 170 1 1 113 58 57 1 1 113 1 114 1 57 57 170 114 169 114 58 1 114 57 114 57 1 1 1 170 170 113 169 170 1 1 169 113 1 114 1 169 170 57 113 57 57 114 114 57 113 57 58 113 57 169 57 169 1 170 57 58 57 57 2 58 2 58 57 170 170 58 170 170 114 58 58 57 1 114 114 57 1 114 170 1 170 57 57 1 57 170 113 58 1 113 114 170 58 1 1 57 114 114 114 169 58 57 57 57 1 58 114 170 170 1 1 57 57 57 113 170 170 114 1 170 169 170 113 58 170 57 57 169 169 1 170 170 1 114 1 170 2 113 170 1 57 1 114 1 1 
c [Main] Lowest label SAT is set to 170.
c [Label = 162] Minimize Makespan Labeling problem (T-dwt__592.mtx.rnd):
c [Label = 169] Encoding starts with target value = 56:
c [Label = 169] Encoding duration: 2525ms.
c [Label = 169] Number of clauses: 1664584.
c [Label = 169] Number of variables: 261794.
c [Label = 169] Solving duration: 10253 ms.
s [Label = 169] SAT (w = 56).
c [Label = 169] Label assignment: 1 57 169 57 57 113 169 1 169 169 1 1 169 113 57 57 113 1 1 57 169 169 113 57 169 169 57 57 169 57 113 1 169 1 113 169 57 1 113 57 113 113 1 1 113 1 57 169 113 113 113 113 113 169 1 113 169 1 1 113 169 57 113 113 113 1 57 57 113 113 169 1 1 57 113 1 169 1 113 169 57 1 57 57 113 113 169 169 1 1 1 169 57 57 169 113 1 169 57 1 1 169 113 1 57 1 57 1 169 1 113 113 1 113 57 169 169 169 113 1 169 57 1 1 169 57 57 113 113 169 113 169 169 57 57 57 1 57 169 1 1 57 169 57 113 113 57 57 1 1 169 113 169 113 57 57 113 113 113 113 1 57 113 57 113 1 169 113 169 57 113 113 1 57 1 169 169 169 57 113 113 1 57 1 113 113 113 57 1 1 1 1 169 57 169 1 113 169 169 57 169 57 57 57 1 57 169 1 169 57 1 57 169 1 169 113 1 57 169 169 113 57 1 113 57 113 57 57 113 169 169 57 57 1 113 1 1 113 57 113 113 169 169 57 169 113 113 1 113 57 57 1 1 1 1 57 113 1 169 113 113 113 169 113 57 113 57 1 113 1 57 57 1 169 57 1 1 113 169 57 169 169 57 1 113 1 169 1 169 113 57 57 169 169 113 169 1 57 1 113 1 57 1 113 1 113 113 113 1 1 169 169 57 169 169 57 169 169 113 169 113 113 169 57 1 57 1 113 113 57 169 57 113 113 1 113 169 1 1 57 1 113 113 169 169 113 57 169 113 1 113 169 1 169 57 57 113 113 169 169 1 1 169 1 113 113 1 1 113 169 1 169 1 1 169 169 1 1 169 169 57 113 113 57 57 57 169 1 113 57 169 113 169 169 113 1 169 1 1 57 113 169 169 1 169 1 1 57 169 57 169 169 57 169 1 113 1 57 113 1 169 57 57 169 113 113 113 57 113 169 169 57 169 57 1 1 113 113 169 57 1 169 169 169 1 1 113 57 57 1 1 113 1 113 1 57 57 169 113 169 113 57 1 113 57 113 57 1 1 1 169 169 113 169 169 1 1 169 113 1 113 1 169 169 57 113 57 57 113 113 57 113 57 57 113 57 169 57 169 1 169 57 57 57 57 1 57 1 57 57 169 169 57 169 169 113 57 57 57 1 113 113 57 1 113 169 1 169 57 57 1 57 169 113 57 1 113 113 169 57 1 1 57 113 113 113 169 57 57 57 57 1 57 113 169 169 1 1 57 57 57 113 169 169 113 1 169 169 169 113 57 169 57 57 169 169 1 169 169 1 113 1 169 1 113 169 1 57 1 113 1 1 
c [Main] Lowest label SAT is set to 169.
c [Label = 161] Minimize Makespan Labeling problem (T-dwt__592.mtx.rnd):
c [Label = 168] Encoding starts with target value = 56:
c [Label = 168] Encoding duration: 2269ms.
c [Label = 168] Number of clauses: 1555512.
c [Label = 168] Number of variables: 229234.
c [Label = 168] Solving duration: 5273 ms.
s [Label = 168] UNSAT (w = 56).
c [Label = 161] Encoding starts with target value = 56:
c [Signal] Signal interruption. Caught signal: SIGTERM (15).
c [Label = 162] Encoding starts with target value = 56:
c [Signal] Signal interruption. Caught signal: SIGTERM (15).
c [Label = 163] Encoding starts with target value = 56:
c [Label = 163] Encoding duration: 2193ms.
c [Label = 163] Number of clauses: 1502949.
c [Label = 163] Number of variables: 223314.
c [Signal] Signal interruption. Caught signal: SIGTERM (15).
c [Main] Highest label UNSAT is set to 168
c [Main] Kill lower label pid 161.
c [Main] Kill lower label pid 162.
c [Main] Kill lower label pid 163.
c [Main] Kill lower label pid 164.
c [Main] Kill lower label pid 165.
c [Main] Kill lower label pid 166.
c [Main] Kill lower label pid 167.
c [Label = 166] Encoding starts with target value = 56:
c [Label = 166] Encoding duration: 2292ms.
c [Label = 166] Number of clauses: 1538903.
c [Label = 166] Number of variables: 226866.
c [Signal] Signal interruption. Caught signal: SIGTERM (15).
c [Label = 165] Encoding starts with target value = 56:
c [Label = 165] Encoding duration: 2278ms.
c [Label = 165] Number of clauses: 1526918.
c [Label = 165] Number of variables: 225682.
c [Signal] Signal interruption. Caught signal: SIGTERM (15).
c [Label = 164] Encoding starts with target value = 56:
c [Label = 164] Encoding duration: 2282ms.
c [Label = 164] Number of clauses: 1514934.
c [Label = 164] Number of variables: 224498.
c [Signal] Signal interruption. Caught signal: SIGTERM (15).
c [Label = 167] Encoding starts with target value = 56:
c [Label = 167] Encoding duration: 2288ms.
c [Label = 167] Number of clauses: 1550887.
c [Label = 167] Number of variables: 228050.
c [Signal] Signal interruption. Caught signal: SIGTERM (15).
c [Main] Child pid 162 - 54521 terminated by signal 15.
c [Main] Child pid 161 - 54522 terminated by signal 15.
c [Main] Child pid 163 - 54520 terminated by signal 15.
c [Main] Child pid 164 - 54519 terminated by signal 15.
c [Main] Child pid 165 - 54518 terminated by signal 15.
c [Main] Child pid 167 - 54516 terminated by signal 15.
c [Main] Child pid 166 - 54517 terminated by signal 15.
c [Signal] Signal interruption. Caught signal: SIGTERM (15).
c [Main] All children have completed.
r [Main] 
r [Main] Final results: 
r [Main] Lowest label SAT:  	169.
r [Main] Highest label UNSAT:	168.
r [Main] Total real time: 282694 ms.
r [Main] Total memory consumed: 7786.6 MB.
r [Main] 
