c [Version] Minimize Makespan Labeling Encoder version 1.0.0.
c [Param] Target value is set to 195.
c [Param] LB is predefined as 196.
c [Param] UB is predefined as 409.
c [Param] Target value is set to Antibandwidth.
c [Param] Vertices mode is set to Has hole.
c [Param] Result verification is ON.
c [Param] Memory limit is set to 30000.
c [Param] Real time limit is set to 1800.
c [Param] Worker count is set to 8.
c [Param] Max CNF size is set to 10.
c [Main] Search strategy: Iterating from upper bound.
c [Main] Search order: 409 408 407 406 405 404 403 402 401 400 399 398 397 396 395 394 393 392 391 390 389 388 387 386 385 384 383 382 381 380 379 378 377 376 375 374 373 372 371 370 369 368 367 366 365 364 363 362 361 360 359 358 357 356 355 354 353 352 351 350 349 348 347 346 345 344 343 342 341 340 339 338 337 336 335 334 333 332 331 330 329 328 327 326 325 324 323 322 321 320 319 318 317 316 315 314 313 312 311 310 309 308 307 306 305 304 303 302 301 300 299 298 297 296 295 294 293 292 291 290 289 288 287 286 285 284 283 282 281 280 279 278 277 276 275 274 273 272 271 270 269 268 267 266 265 264 263 262 261 260 259 258 257 256 255 254 253 252 251 250 249 248 247 246 245 244 243 242 241 240 239 238 237 236 235 234 233 232 231 230 229 228 227 226 225 224 223 222 221 220 219 218 217 216 215 214 213 212 211 210 209 208 207 206 205 204 203 202 201 200 199 198 197 196.
c [Main] Encoding and solving for graph: S-sherman4.mtx.rnd.
c [Label = 409] Minimize Makespan Labeling problem (S-sherman4.mtx.rnd):
c [Label = 408] Minimize Makespan Labeling problem (S-sherman4.mtx.rnd):
c [Label = 407] Minimize Makespan Labeling problem (S-sherman4.mtx.rnd):
c [Label = 406] Minimize Makespan Labeling problem (S-sherman4.mtx.rnd):
c [Label = 404] Minimize Makespan Labeling problem (S-sherman4.mtx.rnd):
c [Label = 403] Minimize Makespan Labeling problem (S-sherman4.mtx.rnd):
c [Label = 405] Minimize Makespan Labeling problem (S-sherman4.mtx.rnd):
c [Label = 402] Minimize Makespan Labeling problem (S-sherman4.mtx.rnd):
c [Label = 402] Encoding starts with target value = 195:
c [Label = 402] Encoding duration: 4668ms.
c [Label = 402] Number of clauses: 2411837.
c [Label = 402] Number of variables: 542844.
c [Label = 402] Solving duration: 15683 ms.
s [Label = 402] SAT (w = 195).
c [Label = 402] Label assignment: 1 1 1 1 1 1 1 1 1 1 1 1 1 1 1 1 1 196 196 1 1 1 1 1 1 196 1 1 1 1 1 1 1 1 1 1 1 1 1 1 1 1 1 1 196 196 196 196 1 196 1 1 1 1 1 1 1 196 196 1 1 1 1 1 196 402 196 1 1 402 196 1 1 1 196 1 401 206 1 196 1 1 1 1 196 401 1 1 401 1 1 196 196 1 1 196 1 402 1 1 196 1 1 402 1 196 196 1 196 1 402 1 196 1 1 1 1 402 196 196 402 196 1 196 196 1 196 1 402 196 1 1 1 196 196 1 402 196 196 196 1 402 196 1 402 1 1 402 402 1 401 196 1 1 196 196 196 196 196 402 1 402 196 1 196 1 1 1 402 196 1 1 1 196 1 196 1 402 402 1 401 1 196 1 196 196 1 402 196 402 402 402 1 196 196 1 1 401 402 196 1 1 402 1 402 196 402 196 1 1 402 196 196 197 1 196 196 402 196 196 402 196 196 402 402 1 402 206 196 402 196 1 196 1 196 196 1 196 1 1 196 196 1 402 196 196 402 1 402 1 402 196 1 1 1 196 402 1 1 196 196 402 1 402 1 196 196 196 196 206 401 196 402 402 1 1 196 1 196 206 196 1 196 196 402 196 402 196 402 1 1 402 206 196 1 196 1 196 196 1 402 1 1 401 402 1 196 401 196 196 1 206 196 196 1 196 1 196 196 1 196 402 402 196 196 402 402 206 402 402 402 402 196 206 196 196 1 196 196 196 196 196 196 196 1 402 196 1 402 401 1 402 1 1 196 401 196 402 196 402 196 1 196 196 196 196 1 1 196 401 196 402 196 402 402 196 1 402 196 1 196 1 1 196 196 196 196 402 402 1 402 196 402 402 196 1 1 1 196 402 1 196 401 1 402 402 402 402 1 196 196 196 196 1 196 402 402 196 196 402 196 196 1 196 1 196 402 402 196 1 196 196 1 402 196 196 196 401 196 196 402 1 402 196 1 402 1 1 402 402 402 196 196 197 196 196 402 1 402 196 196 196 196 402 196 402 402 1 196 196 1 402 1 196 402 196 401 1 402 1 196 1 402 402 402 196 196 196 196 402 1 196 1 196 402 196 402 1 402 402 402 402 196 206 1 196 402 196 391 1 1 196 391 1 391 1 391 391 196 206 196 196 1 196 1 196 1 391 196 196 196 196 391 1 196 1 196 392 391 391 196 1 391 391 206 196 
c [Label = 403] Encoding starts with target value = 195:
c [Label = 403] Encoding duration: 4750ms.
c [Label = 403] Number of clauses: 2419931.
c [Label = 403] Number of variables: 543936.
c [Label = 403] Solving duration: 15878 ms.
s [Label = 403] SAT (w = 195).
c [Label = 403] Label assignment: 1 1 1 1 1 1 1 1 1 1 1 1 1 1 1 1 1 196 196 1 1 1 1 1 1 196 1 1 1 1 1 1 1 1 1 1 1 1 1 1 1 1 1 1 196 196 196 196 1 196 1 1 1 1 1 1 1 196 196 1 1 1 1 1 196 403 196 1 1 403 196 1 1 1 196 1 402 207 1 196 1 1 1 1 196 402 1 1 402 1 1 196 196 1 1 196 1 403 1 1 196 1 1 403 1 196 196 1 196 1 403 1 196 1 1 1 1 403 196 196 403 196 1 196 196 1 196 1 403 196 1 1 1 196 196 1 403 196 196 196 1 403 196 1 403 1 1 403 403 1 402 196 1 1 196 196 196 196 196 403 1 403 196 1 196 1 1 1 403 196 1 1 1 196 1 196 1 403 403 1 402 1 196 1 196 196 1 403 196 403 403 403 1 196 196 1 1 402 403 196 1 1 403 1 403 196 403 196 1 1 403 196 196 197 1 196 196 403 196 196 403 196 196 403 403 1 403 207 196 403 196 1 196 1 196 196 1 196 1 1 196 196 1 403 196 196 403 1 403 1 403 196 1 1 1 196 403 1 1 196 196 403 1 403 1 196 196 196 196 207 402 196 403 403 1 1 196 1 196 207 196 1 196 196 403 196 403 196 403 1 1 403 207 196 1 196 1 196 196 1 403 1 1 402 403 1 196 402 196 196 1 207 196 196 1 196 1 196 196 1 196 403 403 196 196 403 403 207 403 403 403 403 196 207 196 196 1 196 196 196 196 196 196 196 1 403 196 1 403 402 1 403 1 1 196 402 196 403 196 403 196 1 196 196 196 196 1 1 196 402 196 403 196 403 403 196 1 403 196 1 196 1 1 196 196 196 196 403 403 1 403 196 403 403 196 1 1 1 196 403 1 196 402 1 403 403 403 403 1 196 196 196 196 1 196 403 403 196 196 403 196 196 1 196 1 196 403 403 196 1 196 196 1 403 196 196 196 402 196 196 403 1 403 196 1 403 1 1 403 403 403 196 196 197 196 196 403 1 403 196 196 196 196 403 196 403 403 1 196 196 1 403 1 196 403 196 402 1 403 1 196 1 403 403 403 196 196 196 196 403 1 196 1 196 403 196 403 1 403 403 403 403 196 207 1 196 403 196 391 1 1 196 391 1 391 1 391 391 196 207 196 196 1 196 1 196 1 391 196 196 196 196 391 1 196 1 196 392 391 391 196 1 391 391 207 196 
c [Signal] Signal interruption. Caught signal: SIGTERM (15).
c [Label = 404] Encoding starts with target value = 195:
c [Label = 404] Encoding duration: 4672ms.
c [Label = 404] Number of clauses: 2428026.
c [Label = 404] Number of variables: 545028.
c [Label = 404] Solving duration: 15931 ms.
s [Label = 404] SAT (w = 195).
c [Label = 404] Label assignment: 1 1 1 1 1 1 1 1 1 1 1 1 1 1 1 1 1 196 196 1 1 1 1 1 1 196 1 1 1 1 1 1 1 1 1 1 1 1 1 1 1 1 1 1 196 196 196 196 1 196 1 1 1 1 1 1 1 196 196 1 1 1 1 1 196 404 196 1 1 404 196 1 1 1 196 1 403 208 1 196 1 1 1 1 196 403 1 1 403 1 1 196 196 1 1 196 1 404 1 1 196 1 1 404 1 196 196 1 196 1 404 1 196 1 1 1 1 404 196 196 404 196 1 196 196 1 196 1 404 196 1 1 1 196 196 1 404 196 196 196 1 404 196 1 404 1 1 404 404 1 403 196 1 1 196 196 196 196 196 404 1 404 196 1 196 1 1 1 404 196 1 1 1 196 1 196 1 404 404 1 403 1 196 1 196 196 1 404 196 404 404 404 1 196 196 1 1 403 404 196 1 1 404 1 404 196 404 196 1 1 404 196 196 197 1 196 196 404 196 196 404 196 196 404 404 1 404 208 196 404 196 1 196 1 196 196 1 196 1 1 196 196 1 404 196 196 404 1 404 1 404 196 1 1 1 196 404 1 1 196 196 404 1 404 1 196 196 196 196 208 403 196 404 404 1 1 196 1 196 208 196 1 196 196 404 196 404 196 404 1 1 404 208 196 1 196 1 196 196 1 404 1 1 403 404 1 196 403 196 196 1 208 196 196 1 196 1 196 196 1 196 404 404 196 196 404 404 208 404 404 404 404 196 208 196 196 1 196 196 196 196 196 196 196 1 404 196 1 404 403 1 404 1 1 196 403 196 404 196 404 196 1 196 196 196 196 1 1 196 403 196 404 196 404 404 196 1 404 196 1 196 1 1 196 196 196 196 404 404 1 404 196 404 404 196 1 1 1 196 404 1 196 403 1 404 404 404 404 1 196 196 196 196 1 196 404 404 196 196 404 196 196 1 196 1 196 404 404 196 1 196 196 1 404 196 196 196 403 196 196 404 1 404 196 1 404 1 1 404 404 404 196 196 197 196 196 404 1 404 196 196 196 196 404 196 404 404 1 196 196 1 404 1 196 404 196 403 1 404 1 196 1 404 404 404 196 196 196 196 404 1 196 1 196 404 196 404 1 404 404 404 404 196 208 1 196 404 196 391 1 1 196 391 1 391 1 391 391 196 208 196 196 1 196 1 196 1 391 196 196 196 196 391 1 196 1 196 392 391 391 196 1 391 391 208 196 
c [Signal] Signal interruption. Caught signal: SIGTERM (15).
c [Label = 405] Encoding starts with target value = 195:
c [Label = 405] Encoding duration: 4656ms.
c [Label = 405] Number of clauses: 2436120.
c [Label = 405] Number of variables: 546120.
c [Label = 405] Solving duration: 16199 ms.
s [Label = 405] SAT (w = 195).
c [Label = 405] Label assignment: 1 1 1 1 1 1 1 1 1 1 1 1 1 1 1 1 1 196 196 1 1 1 1 1 1 196 1 1 1 1 1 1 1 1 1 1 1 1 1 1 1 1 1 1 196 196 196 196 1 196 1 1 1 1 1 1 1 196 196 1 1 1 1 1 196 405 196 1 1 405 196 1 1 1 196 1 404 209 1 196 1 1 1 1 196 404 1 1 404 1 1 196 196 1 1 196 1 405 1 1 196 1 1 405 1 196 196 1 196 1 405 1 196 1 1 1 1 405 196 196 405 196 1 196 196 1 196 1 405 196 1 1 1 196 196 1 405 196 196 196 1 405 196 1 405 1 1 405 405 1 404 196 1 1 196 196 196 196 196 405 1 405 196 1 196 1 1 1 405 196 1 1 1 196 1 196 1 405 405 1 404 1 196 1 196 196 1 405 196 405 405 405 1 196 196 1 1 404 405 196 1 1 405 1 405 196 405 196 1 1 405 196 196 197 1 196 196 405 196 196 405 196 196 405 405 1 405 209 196 405 196 1 196 1 196 196 1 196 1 1 196 196 1 405 196 196 405 1 405 1 405 196 1 1 1 196 405 1 1 196 196 405 1 405 1 196 196 196 196 209 404 196 405 405 1 1 196 1 196 209 196 1 196 196 405 196 405 196 405 1 1 405 209 196 1 196 1 196 196 1 405 1 1 404 405 1 196 404 196 196 1 209 196 196 1 196 1 196 196 1 196 405 405 196 196 405 405 209 405 405 405 405 196 209 196 196 1 196 196 196 196 196 196 196 1 405 196 1 405 404 1 405 1 1 196 404 196 405 196 405 196 1 196 196 196 196 1 1 196 404 196 405 196 405 405 196 1 405 196 1 196 1 1 196 196 196 196 405 405 1 405 196 405 405 196 1 1 1 196 405 1 196 404 1 405 405 405 405 1 196 196 196 196 1 196 405 405 196 196 405 196 196 1 196 1 196 405 405 196 1 196 196 1 405 196 196 196 404 196 196 405 1 405 196 1 405 1 1 405 405 405 196 196 197 196 196 405 1 405 196 196 196 196 405 196 405 405 1 196 196 1 405 1 196 405 196 404 1 405 1 196 1 405 405 405 196 196 196 196 405 1 196 1 196 405 196 405 1 405 405 405 405 196 209 1 196 405 196 391 1 1 196 391 1 391 1 391 391 196 209 196 196 1 196 1 196 1 391 196 196 196 196 391 1 196 1 196 392 391 391 196 1 391 391 209 196 
c [Signal] Signal interruption. Caught signal: SIGTERM (15).
c [Label = 406] Encoding starts with target value = 195:
c [Label = 406] Encoding duration: 4854ms.
c [Label = 406] Number of clauses: 2444215.
c [Label = 406] Number of variables: 547212.
c [Label = 406] Solving duration: 15993 ms.
s [Label = 406] SAT (w = 195).
c [Label = 406] Label assignment: 1 1 1 1 1 1 1 1 1 1 1 1 1 1 1 1 1 196 196 1 1 1 1 1 1 196 1 1 1 1 1 1 1 1 1 1 1 1 1 1 1 1 1 1 196 196 196 196 1 196 1 1 1 1 1 1 1 196 196 1 1 1 1 1 196 406 196 1 1 406 196 1 1 1 196 1 405 210 1 196 1 1 1 1 196 405 1 1 405 1 1 196 196 1 1 196 1 406 1 1 196 1 1 406 1 196 196 1 196 1 406 1 196 1 1 1 1 406 196 196 406 196 1 196 196 1 196 1 406 196 1 1 1 196 196 1 406 196 196 196 1 406 196 1 406 1 1 406 406 1 405 196 1 1 196 196 196 196 196 406 1 406 196 1 196 1 1 1 406 196 1 1 1 196 1 196 1 406 406 1 405 1 196 1 196 196 1 406 196 406 406 406 1 196 196 1 1 405 406 196 1 1 406 1 406 196 406 196 1 1 406 196 196 197 1 196 196 406 196 196 406 196 196 406 406 1 406 210 196 406 196 1 196 1 196 196 1 196 1 1 196 196 1 406 196 196 406 1 406 1 406 196 1 1 1 196 406 1 1 196 196 406 1 406 1 196 196 196 196 210 405 196 406 406 1 1 196 1 196 210 196 1 196 196 406 196 406 196 406 1 1 406 210 196 1 196 1 196 196 1 406 1 1 405 406 1 196 405 196 196 1 210 196 196 1 196 1 196 196 1 196 406 406 196 196 406 406 210 406 406 406 406 196 210 196 196 1 196 196 196 196 196 196 196 1 406 196 1 406 405 1 406 1 1 196 405 196 406 196 406 196 1 196 196 196 196 1 1 196 405 196 406 196 406 406 196 1 406 196 1 196 1 1 196 196 196 196 406 406 1 406 196 406 406 196 1 1 1 196 406 1 196 405 1 406 406 406 406 1 196 196 196 196 1 196 406 406 196 196 406 196 196 1 196 1 196 406 406 196 1 196 196 1 406 196 196 196 405 196 196 406 1 406 196 1 406 1 1 406 406 406 196 196 197 196 196 406 1 406 196 196 196 196 406 196 406 406 1 196 196 1 406 1 196 406 196 405 1 406 1 196 1 406 406 406 196 196 196 196 406 1 196 1 196 406 196 406 1 406 406 406 406 196 210 1 196 406 196 391 1 1 196 391 1 391 1 391 391 196 210 196 196 1 196 1 196 1 391 196 196 196 196 391 1 196 1 196 392 391 391 196 1 391 391 210 196 
c [Signal] Signal interruption. Caught signal: SIGTERM (15).
c [Main] Lowest label SAT is set to 402.
c [Main] Kill higher label pid 403.
c [Main] Kill higher label pid 404.
c [Main] Kill higher label pid 405.
c [Main] Kill higher label pid 406.
c [Main] Kill higher label pid 407.
c [Main] Kill higher label pid 408.
c [Main] Kill higher label pid 409.
c [Label = 407] Encoding starts with target value = 195:
c [Label = 407] Encoding duration: 4718ms.
c [Label = 407] Number of clauses: 2452309.
c [Label = 407] Number of variables: 548304.
c [Label = 407] Solving duration: 16219 ms.
s [Label = 407] SAT (w = 195).
c [Label = 407] Label assignment: 1 1 1 1 1 1 1 1 1 1 1 1 1 1 1 1 1 196 196 1 1 1 1 1 1 196 1 1 1 1 1 1 1 1 1 1 1 1 1 1 1 1 1 1 196 196 196 196 1 196 1 1 1 1 1 1 1 196 196 1 1 1 1 1 196 407 196 1 1 407 196 1 1 1 196 1 406 211 1 196 1 1 1 1 196 406 1 1 406 1 1 196 196 1 1 196 1 407 1 1 196 1 1 407 1 196 196 1 196 1 407 1 196 1 1 1 1 407 196 196 407 196 1 196 196 1 196 1 407 196 1 1 1 196 196 1 407 196 196 196 1 407 196 1 407 1 1 407 407 1 406 196 1 1 196 196 196 196 196 407 1 407 196 1 196 1 1 1 407 196 1 1 1 196 1 196 1 407 407 1 406 1 196 1 196 196 1 407 196 407 407 407 1 196 196 1 1 406 407 196 1 1 407 1 407 196 407 196 1 1 407 196 196 197 1 196 196 407 196 196 407 196 196 407 407 1 407 211 196 407 196 1 196 1 196 196 1 196 1 1 196 196 1 407 196 196 407 1 407 1 407 196 1 1 1 196 407 1 1 196 196 407 1 407 1 196 196 196 196 211 406 196 407 407 1 1 196 1 196 211 196 1 196 196 407 196 407 196 407 1 1 407 211 196 1 196 1 196 196 1 407 1 1 406 407 1 196 406 196 196 1 211 196 196 1 196 1 196 196 1 196 407 407 196 196 407 407 211 407 407 407 407 196 211 196 196 1 196 196 196 196 196 196 196 1 407 196 1 407 406 1 407 1 1 196 406 196 407 196 407 196 1 196 196 196 196 1 1 196 406 196 407 196 407 407 196 1 407 196 1 196 1 1 196 196 196 196 407 407 1 407 196 407 407 196 1 1 1 196 407 1 196 406 1 407 407 407 407 1 196 196 196 196 1 196 407 407 196 196 407 196 196 1 196 1 196 407 407 196 1 196 196 1 407 196 196 196 406 196 196 407 1 407 196 1 407 1 1 407 407 407 196 196 197 196 196 407 1 407 196 196 196 196 407 196 407 407 1 196 196 1 407 1 196 407 196 406 1 407 1 196 1 407 407 407 196 196 196 196 407 1 196 1 196 407 196 407 1 407 407 407 407 196 211 1 196 407 196 391 1 1 196 391 1 391 1 391 391 196 211 196 196 1 196 1 196 1 391 196 196 196 196 391 1 196 1 196 392 391 391 196 1 391 391 211 196 
c [Signal] Signal interruption. Caught signal: SIGTERM (15).
c [Label = 408] Encoding starts with target value = 195:
c [Label = 408] Encoding duration: 4729ms.
c [Label = 408] Number of clauses: 2460404.
c [Label = 408] Number of variables: 549396.
c [Label = 408] Solving duration: 16263 ms.
s [Label = 408] SAT (w = 195).
c [Label = 408] Label assignment: 1 1 1 1 1 1 1 1 1 1 1 1 1 1 1 1 1 196 196 1 1 1 1 1 1 196 1 1 1 1 1 1 1 1 1 1 1 1 1 1 1 1 1 1 196 196 196 196 1 196 1 1 1 1 1 1 1 196 196 1 1 1 1 1 196 408 196 1 1 408 196 1 1 1 196 1 407 212 1 196 1 1 1 1 196 407 1 1 407 1 1 196 196 1 1 196 1 408 1 1 196 1 1 408 1 196 196 1 196 1 408 1 196 1 1 1 1 408 196 196 408 196 1 196 196 1 196 1 408 196 1 1 1 196 196 1 408 196 196 196 1 408 196 1 408 1 1 408 408 1 407 196 1 1 196 196 196 196 196 408 1 408 196 1 196 1 1 1 408 196 1 1 1 196 1 196 1 408 408 1 407 1 196 1 196 196 1 408 196 408 408 408 1 196 196 1 1 407 408 196 1 1 408 1 408 196 408 196 1 1 408 196 196 197 1 196 196 408 196 196 408 196 196 408 408 1 408 212 196 408 196 1 196 1 196 196 1 196 1 1 196 196 1 408 196 196 408 1 408 1 408 196 1 1 1 196 408 1 1 196 196 408 1 408 1 196 196 196 196 212 407 196 408 408 1 1 196 1 196 212 196 1 196 196 408 196 408 196 408 1 1 408 212 196 1 196 1 196 196 1 408 1 1 407 408 1 196 407 196 196 1 212 196 196 1 196 1 196 196 1 196 408 408 196 196 408 408 212 408 408 408 408 196 212 196 196 1 196 196 196 196 196 196 196 1 408 196 1 408 407 1 408 1 1 196 407 196 408 196 408 196 1 196 196 196 196 1 1 196 407 196 408 196 408 408 196 1 408 196 1 196 1 1 196 196 196 196 408 408 1 408 196 408 408 196 1 1 1 196 408 1 196 407 1 408 408 408 408 1 196 196 196 196 1 196 408 408 196 196 408 196 196 1 196 1 196 408 408 196 1 196 196 1 408 196 196 196 407 196 196 408 1 408 196 1 408 1 1 408 408 408 196 196 197 196 196 408 1 408 196 196 196 196 408 196 408 408 1 196 196 1 408 1 196 408 196 407 1 408 1 196 1 408 408 408 196 196 196 196 408 1 196 1 196 408 196 408 1 408 408 408 408 196 212 1 196 408 196 391 1 1 196 391 1 391 1 391 391 196 212 196 196 1 196 1 196 1 391 196 196 196 196 391 1 196 1 196 392 391 391 196 1 391 391 212 196 
c [Signal] Signal interruption. Caught signal: SIGTERM (15).
c [Label = 409] Encoding starts with target value = 195:
c [Label = 409] Encoding duration: 4737ms.
c [Label = 409] Number of clauses: 2468498.
c [Label = 409] Number of variables: 550488.
c [Signal] Signal interruption. Caught signal: SIGTERM (15).
c [Label = 401] Minimize Makespan Labeling problem (S-sherman4.mtx.rnd):
c [Main] Child pid 403 - 60102 terminated by signal 15.
c [Label = 400] Minimize Makespan Labeling problem (S-sherman4.mtx.rnd):
c [Main] Child pid 404 - 60101 terminated by signal 15.
c [Main] Child pid 406 - 60099 terminated by signal 15.
c [Main] Child pid 405 - 60100 terminated by signal 15.
c [Label = 398] Minimize Makespan Labeling problem (S-sherman4.mtx.rnd):
c [Label = 397] Minimize Makespan Labeling problem (S-sherman4.mtx.rnd):
c [Label = 399] Minimize Makespan Labeling problem (S-sherman4.mtx.rnd):
c [Main] Child pid 409 - 60096 terminated by signal 15.
c [Label = 396] Minimize Makespan Labeling problem (S-sherman4.mtx.rnd):
c [Main] Child pid 408 - 60097 terminated by signal 15.
c [Label = 395] Minimize Makespan Labeling problem (S-sherman4.mtx.rnd):
c [Main] Child pid 407 - 60098 terminated by signal 15.
c [Label = 394] Minimize Makespan Labeling problem (S-sherman4.mtx.rnd):
c [Label = 398] Encoding starts with target value = 195:
c [Label = 398] Encoding duration: 4558ms.
c [Label = 398] Number of clauses: 2379459.
c [Label = 398] Number of variables: 538476.
c [Label = 398] Solving duration: 15704 ms.
s [Label = 398] SAT (w = 195).
c [Label = 398] Label assignment: 1 1 1 1 1 1 1 1 1 1 1 1 1 1 1 1 1 196 196 1 1 1 1 1 1 196 1 1 1 1 1 1 1 1 1 1 1 1 1 1 1 1 1 1 196 196 196 196 1 196 1 1 1 1 1 1 1 196 196 1 1 1 1 1 196 398 196 1 1 398 196 1 1 1 196 1 397 202 1 196 1 1 1 1 196 397 1 1 397 1 1 196 196 1 1 196 1 398 1 1 196 1 1 398 1 196 196 1 196 1 398 1 196 1 1 1 1 398 196 196 398 196 1 196 196 1 196 1 398 196 1 1 1 196 196 1 398 196 196 196 1 398 196 1 398 1 1 398 398 1 397 196 1 1 196 196 196 196 196 398 1 398 196 1 196 1 1 1 398 196 1 1 1 196 1 196 1 398 398 1 397 1 196 1 196 196 1 398 196 398 398 398 1 196 196 1 1 397 398 196 1 1 398 1 398 196 398 196 1 1 398 196 196 197 1 196 196 398 196 196 398 196 196 398 398 1 398 202 196 398 196 1 196 1 196 196 1 196 1 1 196 196 1 398 196 196 398 1 398 1 398 196 1 1 1 196 398 1 1 196 196 398 1 398 1 196 196 196 196 202 397 196 398 398 1 1 196 1 196 202 196 1 196 196 398 196 398 196 398 1 1 398 202 196 1 196 1 196 196 1 398 1 1 397 398 1 196 397 196 196 1 202 196 196 1 196 1 196 196 1 196 398 398 196 196 398 398 202 398 398 398 398 196 202 196 196 1 196 196 196 196 196 196 196 1 398 196 1 398 397 1 398 1 1 196 397 196 398 196 398 196 1 196 196 196 196 1 1 196 397 196 398 196 398 398 196 1 398 196 1 196 1 1 196 196 196 196 398 398 1 398 196 398 398 196 1 1 1 196 398 1 196 397 1 398 398 398 398 1 196 196 196 196 1 196 398 398 196 196 398 196 196 1 196 1 196 398 398 196 1 196 196 1 398 196 196 196 397 196 196 398 1 398 196 1 398 1 1 398 398 398 196 196 197 196 196 398 1 398 196 196 196 196 398 196 398 398 1 196 196 1 398 1 196 398 196 397 1 398 1 196 1 398 398 398 196 196 196 196 398 1 196 1 196 398 196 398 1 398 398 398 398 196 202 1 196 398 196 391 1 1 196 391 1 391 1 391 391 196 202 196 196 1 196 1 196 1 391 196 196 196 196 391 1 196 1 196 392 391 391 196 1 391 391 202 196 
c [Label = 401] Encoding starts with target value = 195:
c [Label = 401] Encoding duration: 4688ms.
c [Label = 401] Number of clauses: 2403742.
c [Label = 401] Number of variables: 541752.
c [Label = 401] Solving duration: 15685 ms.
s [Label = 401] SAT (w = 195).
c [Label = 401] Label assignment: 1 1 1 1 1 1 1 1 1 1 1 1 1 1 1 1 1 196 196 1 1 1 1 1 1 196 1 1 1 1 1 1 1 1 1 1 1 1 1 1 1 1 1 1 196 196 196 196 1 196 1 1 1 1 1 1 1 196 196 1 1 1 1 1 196 401 196 1 1 401 196 1 1 1 196 1 400 205 1 196 1 1 1 1 196 400 1 1 400 1 1 196 196 1 1 196 1 401 1 1 196 1 1 401 1 196 196 1 196 1 401 1 196 1 1 1 1 401 196 196 401 196 1 196 196 1 196 1 401 196 1 1 1 196 196 1 401 196 196 196 1 401 196 1 401 1 1 401 401 1 400 196 1 1 196 196 196 196 196 401 1 401 196 1 196 1 1 1 401 196 1 1 1 196 1 196 1 401 401 1 400 1 196 1 196 196 1 401 196 401 401 401 1 196 196 1 1 400 401 196 1 1 401 1 401 196 401 196 1 1 401 196 196 197 1 196 196 401 196 196 401 196 196 401 401 1 401 205 196 401 196 1 196 1 196 196 1 196 1 1 196 196 1 401 196 196 401 1 401 1 401 196 1 1 1 196 401 1 1 196 196 401 1 401 1 196 196 196 196 205 400 196 401 401 1 1 196 1 196 205 196 1 196 196 401 196 401 196 401 1 1 401 205 196 1 196 1 196 196 1 401 1 1 400 401 1 196 400 196 196 1 205 196 196 1 196 1 196 196 1 196 401 401 196 196 401 401 205 401 401 401 401 196 205 196 196 1 196 196 196 196 196 196 196 1 401 196 1 401 400 1 401 1 1 196 400 196 401 196 401 196 1 196 196 196 196 1 1 196 400 196 401 196 401 401 196 1 401 196 1 196 1 1 196 196 196 196 401 401 1 401 196 401 401 196 1 1 1 196 401 1 196 400 1 401 401 401 401 1 196 196 196 196 1 196 401 401 196 196 401 196 196 1 196 1 196 401 401 196 1 196 196 1 401 196 196 196 400 196 196 401 1 401 196 1 401 1 1 401 401 401 196 196 197 196 196 401 1 401 196 196 196 196 401 196 401 401 1 196 196 1 401 1 196 401 196 400 1 401 1 196 1 401 401 401 196 196 196 196 401 1 196 1 196 401 196 401 1 401 401 401 401 196 205 1 196 401 196 391 1 1 196 391 1 391 1 391 391 196 205 196 196 1 196 1 196 1 391 196 196 196 196 391 1 196 1 196 392 391 391 196 1 391 391 205 196 
c [Main] Lowest label SAT is set to 398.
c [Main] Kill higher label pid 399.
c [Main] Kill higher label pid 400.
c [Main] Kill higher label pid 401.
c [Label = 400] Encoding starts with target value = 195:
c [Label = 400] Encoding duration: 4745ms.
c [Label = 400] Number of clauses: 2395648.
c [Label = 400] Number of variables: 540660.
c [Label = 400] Solving duration: 15936 ms.
s [Label = 400] SAT (w = 195).
c [Label = 400] Label assignment: 1 1 1 1 1 1 1 1 1 1 1 1 1 1 1 1 1 196 196 1 1 1 1 1 1 196 1 1 1 1 1 1 1 1 1 1 1 1 1 1 1 1 1 1 196 196 196 196 1 196 1 1 1 1 1 1 1 196 196 1 1 1 1 1 196 400 196 1 1 400 196 1 1 1 196 1 399 204 1 196 1 1 1 1 196 399 1 1 399 1 1 196 196 1 1 196 1 400 1 1 196 1 1 400 1 196 196 1 196 1 400 1 196 1 1 1 1 400 196 196 400 196 1 196 196 1 196 1 400 196 1 1 1 196 196 1 400 196 196 196 1 400 196 1 400 1 1 400 400 1 399 196 1 1 196 196 196 196 196 400 1 400 196 1 196 1 1 1 400 196 1 1 1 196 1 196 1 400 400 1 399 1 196 1 196 196 1 400 196 400 400 400 1 196 196 1 1 399 400 196 1 1 400 1 400 196 400 196 1 1 400 196 196 197 1 196 196 400 196 196 400 196 196 400 400 1 400 204 196 400 196 1 196 1 196 196 1 196 1 1 196 196 1 400 196 196 400 1 400 1 400 196 1 1 1 196 400 1 1 196 196 400 1 400 1 196 196 196 196 204 399 196 400 400 1 1 196 1 196 204 196 1 196 196 400 196 400 196 400 1 1 400 204 196 1 196 1 196 196 1 400 1 1 399 400 1 196 399 196 196 1 204 196 196 1 196 1 196 196 1 196 400 400 196 196 400 400 204 400 400 400 400 196 204 196 196 1 196 196 196 196 196 196 196 1 400 196 1 400 399 1 400 1 1 196 399 196 400 196 400 196 1 196 196 196 196 1 1 196 399 196 400 196 400 400 196 1 400 196 1 196 1 1 196 196 196 196 400 400 1 400 196 400 400 196 1 1 1 196 400 1 196 399 1 400 400 400 400 1 196 196 196 196 1 196 400 400 196 196 400 196 196 1 196 1 196 400 400 196 1 196 196 1 400 196 196 196 399 196 196 400 1 400 196 1 400 1 1 400 400 400 196 196 197 196 196 400 1 400 196 196 196 196 400 196 400 400 1 196 196 1 400 1 196 400 196 399 1 400 1 196 1 400 400 400 196 196 196 196 400 1 196 1 196 400 196 400 1 400 400 400 400 196 204 1 196 400 196 391 1 1 196 391 1 391 1 391 391 196 204 196 196 1 196 1 196 1 391 196 196 196 196 391 1 196 1 196 392 391 391 196 1 391 391 204 196 
c [Signal] Signal interruption. Caught signal: SIGTERM (15).
c [Label = 399] Encoding starts with target value = 195:
c [Label = 399] Encoding duration: 4710ms.
c [Label = 399] Number of clauses: 2387553.
c [Label = 399] Number of variables: 539568.
c [Label = 399] Solving duration: 15850 ms.
s [Label = 399] SAT (w = 195).
c [Label = 399] Label assignment: 1 1 1 1 1 1 1 1 1 1 1 1 1 1 1 1 1 196 196 1 1 1 1 1 1 196 1 1 1 1 1 1 1 1 1 1 1 1 1 1 1 1 1 1 196 196 196 196 1 196 1 1 1 1 1 1 1 196 196 1 1 1 1 1 196 399 196 1 1 399 196 1 1 1 196 1 398 203 1 196 1 1 1 1 196 398 1 1 398 1 1 196 196 1 1 196 1 399 1 1 196 1 1 399 1 196 196 1 196 1 399 1 196 1 1 1 1 399 196 196 399 196 1 196 196 1 196 1 399 196 1 1 1 196 196 1 399 196 196 196 1 399 196 1 399 1 1 399 399 1 398 196 1 1 196 196 196 196 196 399 1 399 196 1 196 1 1 1 399 196 1 1 1 196 1 196 1 399 399 1 398 1 196 1 196 196 1 399 196 399 399 399 1 196 196 1 1 398 399 196 1 1 399 1 399 196 399 196 1 1 399 196 196 197 1 196 196 399 196 196 399 196 196 399 399 1 399 203 196 399 196 1 196 1 196 196 1 196 1 1 196 196 1 399 196 196 399 1 399 1 399 196 1 1 1 196 399 1 1 196 196 399 1 399 1 196 196 196 196 203 398 196 399 399 1 1 196 1 196 203 196 1 196 196 399 196 399 196 399 1 1 399 203 196 1 196 1 196 196 1 399 1 1 398 399 1 196 398 196 196 1 203 196 196 1 196 1 196 196 1 196 399 399 196 196 399 399 203 399 399 399 399 196 203 196 196 1 196 196 196 196 196 196 196 1 399 196 1 399 398 1 399 1 1 196 398 196 399 196 399 196 1 196 196 196 196 1 1 196 398 196 399 196 399 399 196 1 399 196 1 196 1 1 196 196 196 196 399 399 1 399 196 399 399 196 1 1 1 196 399 1 196 398 1 399 399 399 399 1 196 196 196 196 1 196 399 399 196 196 399 196 196 1 196 1 196 399 399 196 1 196 196 1 399 196 196 196 398 196 196 399 1 399 196 1 399 1 1 399 399 399 196 196 197 196 196 399 1 399 196 196 196 196 399 196 399 399 1 196 196 1 399 1 196 399 196 398 1 399 1 196 1 399 399 399 196 196 196 196 399 1 196 1 196 399 196 399 1 399 399 399 399 196 203 1 196 399 196 391 1 1 196 391 1 391 1 391 391 196 203 196 196 1 196 1 196 1 391 196 196 196 196 391 1 196 1 196 392 391 391 196 1 391 391 203 196 
c [Signal] Signal interruption. Caught signal: SIGTERM (15).
c [Label = 393] Minimize Makespan Labeling problem (S-sherman4.mtx.rnd):
c [Label = 395] Encoding starts with target value = 195:
c [Label = 395] Encoding duration: 4675ms.
c [Label = 395] Number of clauses: 2355175.
c [Label = 395] Number of variables: 535200.
c [Label = 395] Solving duration: 15651 ms.
s [Label = 395] SAT (w = 195).
c [Label = 395] Label assignment: 1 1 1 1 1 1 1 1 1 1 1 1 1 1 1 1 1 196 196 1 1 1 1 1 1 196 1 1 1 1 1 1 1 1 1 1 1 1 1 1 1 1 1 1 196 196 196 196 1 196 1 1 1 1 1 1 1 196 196 1 1 1 1 1 196 395 196 1 1 395 196 1 1 1 196 1 394 199 1 196 1 1 1 1 196 394 1 1 394 1 1 196 196 1 1 196 1 395 1 1 196 1 1 395 1 196 196 1 196 1 395 1 196 1 1 1 1 395 196 196 395 196 1 196 196 1 196 1 395 196 1 1 1 196 196 1 395 196 196 196 1 395 196 1 395 1 1 395 395 1 394 196 1 1 196 196 196 196 196 395 1 395 196 1 196 1 1 1 395 196 1 1 1 196 1 196 1 395 395 1 394 1 196 1 196 196 1 395 196 395 395 395 1 196 196 1 1 394 395 196 1 1 395 1 395 196 395 196 1 1 395 196 196 197 1 196 196 395 196 196 395 196 196 395 395 1 395 199 196 395 196 1 196 1 196 196 1 196 1 1 196 196 1 395 196 196 395 1 395 1 395 196 1 1 1 196 395 1 1 196 196 395 1 395 1 196 196 196 196 199 394 196 395 395 1 1 196 1 196 199 196 1 196 196 395 196 395 196 395 1 1 395 199 196 1 196 1 196 196 1 395 1 1 394 395 1 196 394 196 196 1 199 196 196 1 196 1 196 196 1 196 395 395 196 196 395 395 199 395 395 395 395 196 199 196 196 1 196 196 196 196 196 196 196 1 395 196 1 395 394 1 395 1 1 196 394 196 395 196 395 196 1 196 196 196 196 1 1 196 394 196 395 196 395 395 196 1 395 196 1 196 1 1 196 196 196 196 395 395 1 395 196 395 395 196 1 1 1 196 395 1 196 394 1 395 395 395 395 1 196 196 196 196 1 196 395 395 196 196 395 196 196 1 196 1 196 395 395 196 1 196 196 1 395 196 196 196 394 196 196 395 1 395 196 1 395 1 1 395 395 395 196 196 197 196 196 395 1 395 196 196 196 196 395 196 395 395 1 196 196 1 395 1 196 395 196 394 1 395 1 196 1 395 395 395 196 196 196 196 395 1 196 1 196 395 196 395 1 395 395 395 395 196 199 1 196 395 196 391 1 1 196 391 1 391 1 391 391 196 199 196 196 1 196 1 196 1 391 196 196 196 196 391 1 196 1 196 392 391 391 196 1 391 391 199 196 
c [Label = 392] Minimize Makespan Labeling problem (S-sherman4.mtx.rnd):
c [Label = 394] Encoding starts with target value = 195:
c [Label = 394] Encoding duration: 4692ms.
c [Label = 394] Number of clauses: 2347081.
c [Label = 394] Number of variables: 534108.
c [Label = 394] Solving duration: 15718 ms.
s [Label = 394] SAT (w = 195).
c [Label = 394] Label assignment: 1 1 1 1 1 1 1 1 1 1 1 1 1 1 1 1 1 196 196 1 1 1 1 1 1 196 1 1 1 1 1 1 1 1 1 1 1 1 1 1 1 1 1 1 196 196 196 196 1 196 1 1 1 1 1 1 1 196 196 1 1 1 1 1 196 394 196 1 1 394 196 1 1 1 196 1 393 198 1 196 1 1 1 1 196 393 1 1 393 1 1 196 196 1 1 196 1 394 1 1 196 1 1 394 1 196 196 1 196 1 394 1 196 1 1 1 1 394 196 196 394 196 1 196 196 1 196 1 394 196 1 1 1 196 196 1 394 196 196 196 1 394 196 1 394 1 1 394 394 1 393 196 1 1 196 196 196 196 196 394 1 394 196 1 196 1 1 1 394 196 1 1 1 196 1 196 1 394 394 1 393 1 196 1 196 196 1 394 196 394 394 394 1 196 196 1 1 393 394 196 1 1 394 1 394 196 394 196 1 1 394 196 196 197 1 196 196 394 196 196 394 196 196 394 394 1 394 198 196 394 196 1 196 1 196 196 1 196 1 1 196 196 1 394 196 196 394 1 394 1 394 196 1 1 1 196 394 1 1 196 196 394 1 394 1 196 196 196 196 198 393 196 394 394 1 1 196 1 196 198 196 1 196 196 394 196 394 196 394 1 1 394 198 196 1 196 1 196 196 1 394 1 1 393 394 1 196 393 196 196 1 198 196 196 1 196 1 196 196 1 196 394 394 196 196 394 394 198 394 394 394 394 196 198 196 196 1 196 196 196 196 196 196 196 1 394 196 1 394 393 1 394 1 1 196 393 196 394 196 394 196 1 196 196 196 196 1 1 196 393 196 394 196 394 394 196 1 394 196 1 196 1 1 196 196 196 196 394 394 1 394 196 394 394 196 1 1 1 196 394 1 196 393 1 394 394 394 394 1 196 196 196 196 1 196 394 394 196 196 394 196 196 1 196 1 196 394 394 196 1 196 196 1 394 196 196 196 393 196 196 394 1 394 196 1 394 1 1 394 394 394 196 196 197 196 196 394 1 394 196 196 196 196 394 196 394 394 1 196 196 1 394 1 196 394 196 393 1 394 1 196 1 394 394 394 196 196 196 196 394 1 196 1 196 394 196 394 1 394 394 394 394 196 198 1 196 394 196 391 1 1 196 391 1 391 1 391 391 196 198 196 196 1 196 1 196 1 391 196 196 196 196 391 1 196 1 196 392 391 391 196 1 391 391 198 196 
c [Main] Lowest label SAT is set to 395.
c [Main] Kill higher label pid 396.
c [Main] Kill higher label pid 397.
c [Main] Kill higher label pid 399.
c [Main] Kill higher label pid 400.
c [Label = 396] Encoding starts with target value = 195:
c [Label = 396] Encoding duration: 4669ms.
c [Label = 396] Number of clauses: 2363270.
c [Label = 396] Number of variables: 536292.
c [Label = 396] Solving duration: 15874 ms.
s [Label = 396] SAT (w = 195).
c [Label = 396] Label assignment: 1 1 1 1 1 1 1 1 1 1 1 1 1 1 1 1 1 196 196 1 1 1 1 1 1 196 1 1 1 1 1 1 1 1 1 1 1 1 1 1 1 1 1 1 196 196 196 196 1 196 1 1 1 1 1 1 1 196 196 1 1 1 1 1 196 396 196 1 1 396 196 1 1 1 196 1 395 200 1 196 1 1 1 1 196 395 1 1 395 1 1 196 196 1 1 196 1 396 1 1 196 1 1 396 1 196 196 1 196 1 396 1 196 1 1 1 1 396 196 196 396 196 1 196 196 1 196 1 396 196 1 1 1 196 196 1 396 196 196 196 1 396 196 1 396 1 1 396 396 1 395 196 1 1 196 196 196 196 196 396 1 396 196 1 196 1 1 1 396 196 1 1 1 196 1 196 1 396 396 1 395 1 196 1 196 196 1 396 196 396 396 396 1 196 196 1 1 395 396 196 1 1 396 1 396 196 396 196 1 1 396 196 196 197 1 196 196 396 196 196 396 196 196 396 396 1 396 200 196 396 196 1 196 1 196 196 1 196 1 1 196 196 1 396 196 196 396 1 396 1 396 196 1 1 1 196 396 1 1 196 196 396 1 396 1 196 196 196 196 200 395 196 396 396 1 1 196 1 196 200 196 1 196 196 396 196 396 196 396 1 1 396 200 196 1 196 1 196 196 1 396 1 1 395 396 1 196 395 196 196 1 200 196 196 1 196 1 196 196 1 196 396 396 196 196 396 396 200 396 396 396 396 196 200 196 196 1 196 196 196 196 196 196 196 1 396 196 1 396 395 1 396 1 1 196 395 196 396 196 396 196 1 196 196 196 196 1 1 196 395 196 396 196 396 396 196 1 396 196 1 196 1 1 196 196 196 196 396 396 1 396 196 396 396 196 1 1 1 196 396 1 196 395 1 396 396 396 396 1 196 196 196 196 1 196 396 396 196 196 396 196 196 1 196 1 196 396 396 196 1 196 196 1 396 196 196 196 395 196 196 396 1 396 196 1 396 1 1 396 396 396 196 196 197 196 196 396 1 396 196 196 196 196 396 196 396 396 1 196 196 1 396 1 196 396 196 395 1 396 1 196 1 396 396 396 196 196 196 196 396 1 196 1 196 396 196 396 1 396 396 396 396 196 200 1 196 396 196 391 1 1 196 391 1 391 1 391 391 196 200 196 196 1 196 1 196 1 391 196 196 196 196 391 1 196 1 196 392 391 391 196 1 391 391 200 196 
c [Signal] Signal interruption. Caught signal: SIGTERM (15).
c [Label = 397] Encoding starts with target value = 195:
c [Label = 397] Encoding duration: 4699ms.
c [Label = 397] Number of clauses: 2371364.
c [Label = 397] Number of variables: 537384.
c [Label = 397] Solving duration: 15781 ms.
s [Label = 397] SAT (w = 195).
c [Label = 397] Label assignment: 1 1 1 1 1 1 1 1 1 1 1 1 1 1 1 1 1 196 196 1 1 1 1 1 1 196 1 1 1 1 1 1 1 1 1 1 1 1 1 1 1 1 1 1 196 196 196 196 1 196 1 1 1 1 1 1 1 196 196 1 1 1 1 1 196 397 196 1 1 397 196 1 1 1 196 1 396 201 1 196 1 1 1 1 196 396 1 1 396 1 1 196 196 1 1 196 1 397 1 1 196 1 1 397 1 196 196 1 196 1 397 1 196 1 1 1 1 397 196 196 397 196 1 196 196 1 196 1 397 196 1 1 1 196 196 1 397 196 196 196 1 397 196 1 397 1 1 397 397 1 396 196 1 1 196 196 196 196 196 397 1 397 196 1 196 1 1 1 397 196 1 1 1 196 1 196 1 397 397 1 396 1 196 1 196 196 1 397 196 397 397 397 1 196 196 1 1 396 397 196 1 1 397 1 397 196 397 196 1 1 397 196 196 197 1 196 196 397 196 196 397 196 196 397 397 1 397 201 196 397 196 1 196 1 196 196 1 196 1 1 196 196 1 397 196 196 397 1 397 1 397 196 1 1 1 196 397 1 1 196 196 397 1 397 1 196 196 196 196 201 396 196 397 397 1 1 196 1 196 201 196 1 196 196 397 196 397 196 397 1 1 397 201 196 1 196 1 196 196 1 397 1 1 396 397 1 196 396 196 196 1 201 196 196 1 196 1 196 196 1 196 397 397 196 196 397 397 201 397 397 397 397 196 201 196 196 1 196 196 196 196 196 196 196 1 397 196 1 397 396 1 397 1 1 196 396 196 397 196 397 196 1 196 196 196 196 1 1 196 396 196 397 196 397 397 196 1 397 196 1 196 1 1 196 196 196 196 397 397 1 397 196 397 397 196 1 1 1 196 397 1 196 396 1 397 397 397 397 1 196 196 196 196 1 196 397 397 196 196 397 196 196 1 196 1 196 397 397 196 1 196 196 1 397 196 196 196 396 196 196 397 1 397 196 1 397 1 1 397 397 397 196 196 197 196 196 397 1 397 196 196 196 196 397 196 397 397 1 196 196 1 397 1 196 397 196 396 1 397 1 196 1 397 397 397 196 196 196 196 397 1 196 1 196 397 196 397 1 397 397 397 397 196 201 1 196 397 196 391 1 1 196 391 1 391 1 391 391 196 201 196 196 1 196 1 196 1 391 196 196 196 196 391 1 196 1 196 392 391 391 196 1 391 391 201 196 
c [Signal] Signal interruption. Caught signal: SIGTERM (15).
c [Main] Child pid 399 - 60113 terminated by signal 15.
c [Label = 390] Minimize Makespan Labeling problem (S-sherman4.mtx.rnd):
c [Label = 391] Minimize Makespan Labeling problem (S-sherman4.mtx.rnd):
c [Main] Child pid 400 - 60112 terminated by signal 15.
c [Label = 389] Minimize Makespan Labeling problem (S-sherman4.mtx.rnd):
c [Main] Child pid 396 - 60116 terminated by signal 15.
c [Label = 388] Minimize Makespan Labeling problem (S-sherman4.mtx.rnd):
c [Main] Lowest label SAT is set to 394.
c [Main] Kill higher label pid 397.
c [Main] Child pid 397 - 60115 terminated by signal 15.
c [Label = 386] Minimize Makespan Labeling problem (S-sherman4.mtx.rnd):
c [Label = 387] Minimize Makespan Labeling problem (S-sherman4.mtx.rnd):
c [Label = 390] Encoding starts with target value = 195:
c [Label = 390] Encoding duration: 3779ms.
c [Label = 390] Number of clauses: 1998023.
c [Label = 390] Number of variables: 424908.
c [Label = 390] Solving duration: 45 ms.
s [Label = 390] SAT (w = 195).
c [Label = 390] Label assignment: 195 195 390 390 390 195 195 195 195 195 390 195 195 390 195 195 195 390 390 390 195 390 390 195 390 390 195 195 195 390 390 390 390 390 195 195 390 195 390 195 195 390 195 390 390 390 390 390 390 390 390 390 195 195 390 195 195 390 390 390 390 390 390 390 390 195 390 195 390 195 390 195 195 195 195 195 195 390 195 195 390 390 195 390 195 195 390 195 195 195 195 195 390 390 195 390 195 390 390 390 390 195 195 390 390 390 390 195 390 195 390 195 195 195 195 390 390 390 390 390 195 390 390 390 390 390 390 195 390 390 195 390 390 390 390 195 195 390 195 390 390 390 195 195 195 195 195 195 390 195 195 390 195 195 390 390 390 390 195 195 195 195 390 195 390 390 195 390 195 195 195 195 390 390 195 390 390 390 195 195 195 195 195 195 195 390 390 390 390 195 195 390 195 390 390 390 195 195 195 390 195 195 195 390 390 390 195 195 390 195 195 390 195 390 195 195 390 195 390 390 390 390 195 195 195 390 195 390 390 195 390 195 195 390 390 390 390 195 195 195 390 390 195 195 390 390 390 390 195 195 195 195 390 390 390 390 195 390 390 195 195 390 195 195 390 390 390 390 390 390 195 390 390 195 195 195 390 195 390 390 390 195 390 195 390 390 195 390 390 195 195 390 390 390 390 390 195 195 390 390 195 195 195 195 195 390 195 195 195 195 390 390 195 390 195 390 195 195 390 195 390 390 195 195 390 195 195 390 390 195 195 195 390 390 390 390 390 390 195 195 390 390 195 390 390 195 390 195 390 195 195 195 390 195 390 195 195 195 195 195 195 195 195 390 195 390 390 390 390 195 390 195 195 195 195 390 195 195 390 195 195 195 390 390 390 195 390 195 195 195 195 390 195 390 390 390 195 195 195 390 390 390 195 195 390 195 390 195 195 390 195 390 390 390 390 195 195 195 390 195 195 195 195 390 390 390 195 195 195 195 390 195 195 390 390 390 390 195 390 390 195 195 390 195 195 195 390 195 195 390 195 390 390 390 390 195 195 195 195 195 390 390 195 195 390 195 390 390 390 390 195 390 390 195 195 390 195 390 195 390 390 195 195 390 195 195 195 195 390 195 195 195 195 390 195 390 195 390 195 195 390 195 390 390 390 390 390 390 195 390 390 390 390 390 390 390 195 390 195 390 195 195 195 390 195 195 390 390 390 195 390 195 195 390 390 195 195 195 390 195 195 195 195 1 390 390 
c [Main] Lowest label SAT is set to 390.
c [Main] Kill higher label pid 391.
c [Main] Kill higher label pid 392.
c [Main] Kill higher label pid 393.
c [Label = 391] Encoding starts with target value = 195:
c [Signal] Signal interruption. Caught signal: SIGTERM (15).
c [Label = 392] Encoding starts with target value = 195:
c [Signal] Signal interruption. Caught signal: SIGTERM (15).
c [Label = 393] Encoding starts with target value = 195:
c [Signal] Signal interruption. Caught signal: SIGTERM (15).
c [Label = 385] Minimize Makespan Labeling problem (S-sherman4.mtx.rnd):
c [Label = 386] Encoding starts with target value = 195:
c [Label = 386] Encoding duration: 3782ms.
c [Label = 386] Number of clauses: 1970214.
c [Label = 386] Number of variables: 420540.
c [Label = 386] Solving duration: 54 ms.
s [Label = 386] SAT (w = 195).
c [Label = 386] Label assignment: 191 191 386 386 386 191 191 191 191 191 386 191 191 386 191 191 191 386 386 386 191 386 386 191 386 386 191 191 191 386 386 386 386 386 191 191 386 191 386 191 191 386 191 386 386 386 386 386 386 386 386 386 191 191 386 191 191 386 386 386 386 386 386 386 386 191 386 191 386 191 386 191 191 191 191 191 191 386 191 191 386 386 191 386 191 191 386 191 191 191 191 191 386 386 191 386 191 386 386 386 386 191 191 386 386 386 386 191 386 191 386 191 191 191 191 386 386 386 386 386 191 386 386 386 386 386 386 191 386 386 191 386 386 386 386 191 191 386 191 386 386 386 191 191 191 191 191 191 386 191 191 386 191 191 386 386 386 386 191 191 191 191 386 191 386 386 191 386 191 191 191 191 386 386 191 386 386 386 191 191 191 191 191 191 191 386 386 386 386 191 191 386 191 386 386 386 191 191 191 386 191 191 191 386 386 386 191 191 386 191 191 386 191 386 191 191 386 191 386 386 386 386 191 191 191 386 191 386 386 191 386 191 191 386 386 386 386 191 191 191 386 386 191 191 386 386 386 386 191 191 191 191 386 386 386 386 191 386 386 191 191 386 191 191 386 386 386 386 386 386 191 386 386 191 191 191 386 191 386 386 386 191 386 191 386 386 191 386 386 191 191 386 386 386 386 386 191 191 386 386 191 191 191 191 191 386 191 191 191 191 386 386 191 386 191 386 191 191 386 191 386 386 191 191 386 191 191 386 386 191 191 191 386 386 386 386 386 386 191 191 386 386 191 386 386 191 386 191 386 191 191 191 386 191 386 191 191 191 191 191 191 191 191 386 191 386 386 386 386 191 386 191 191 191 191 386 191 191 386 191 191 191 386 386 386 191 386 191 191 191 191 386 191 386 386 386 191 191 191 386 386 386 191 191 386 191 386 191 191 386 191 386 386 386 386 191 191 191 386 191 191 191 191 386 386 386 191 191 191 191 386 191 191 386 386 386 386 191 386 386 191 191 386 191 191 191 386 191 191 386 191 386 386 386 386 191 191 191 191 191 386 386 191 191 386 191 386 386 386 386 191 386 386 191 191 386 191 386 191 386 386 191 191 386 191 191 191 191 386 191 191 191 191 386 191 386 191 386 191 191 386 191 386 386 386 386 386 386 191 386 386 386 386 386 386 386 191 386 191 386 191 191 191 386 191 191 386 386 386 191 386 191 191 386 386 191 191 191 386 191 191 191 191 1 386 386 
c [Main] Child pid 391 - 60126 terminated by signal 15.
c [Main] Child pid 392 - 60125 terminated by signal 15.
c [Label = 384] Minimize Makespan Labeling problem (S-sherman4.mtx.rnd):
c [Main] Child pid 393 - 60124 terminated by signal 15.
c [Label = 383] Minimize Makespan Labeling problem (S-sherman4.mtx.rnd):
c [Label = 382] Minimize Makespan Labeling problem (S-sherman4.mtx.rnd):
c [Label = 389] Encoding starts with target value = 195:
c [Label = 389] Encoding duration: 3874ms.
c [Label = 389] Number of clauses: 1994497.
c [Label = 389] Number of variables: 423816.
c [Label = 389] Solving duration: 48 ms.
s [Label = 389] SAT (w = 195).
c [Label = 389] Label assignment: 194 194 389 389 389 194 194 194 194 194 389 194 194 389 194 194 194 389 389 389 194 389 389 194 389 389 194 194 194 389 389 389 389 389 194 194 389 194 389 194 194 389 194 389 389 389 389 389 389 389 389 389 194 194 389 194 194 389 389 389 389 389 389 389 389 194 389 194 389 194 389 194 194 194 194 194 194 389 194 194 389 389 194 389 194 194 389 194 194 194 194 194 389 389 194 389 194 389 389 389 389 194 194 389 389 389 389 194 389 194 389 194 194 194 194 389 389 389 389 389 194 389 389 389 389 389 389 194 389 389 194 389 389 389 389 194 194 389 194 389 389 389 194 194 194 194 194 194 389 194 194 389 194 194 389 389 389 389 194 194 194 194 389 194 389 389 194 389 194 194 194 194 389 389 194 389 389 389 194 194 194 194 194 194 194 389 389 389 389 194 194 389 194 389 389 389 194 194 194 389 194 194 194 389 389 389 194 194 389 194 194 389 194 389 194 194 389 194 389 389 389 389 194 194 194 389 194 389 389 194 389 194 194 389 389 389 389 194 194 194 389 389 194 194 389 389 389 389 194 194 194 194 389 389 389 389 194 389 389 194 194 389 194 194 389 389 389 389 389 389 194 389 389 194 194 194 389 194 389 389 389 194 389 194 389 389 194 389 389 194 194 389 389 389 389 389 194 194 389 389 194 194 194 194 194 389 194 194 194 194 389 389 194 389 194 389 194 194 389 194 389 389 194 194 389 194 194 389 389 194 194 194 389 389 389 389 389 389 194 194 389 389 194 389 389 194 389 194 389 194 194 194 389 194 389 194 194 194 194 194 194 194 194 389 194 389 389 389 389 194 389 194 194 194 194 389 194 194 389 194 194 194 389 389 389 194 389 194 194 194 194 389 194 389 389 389 194 194 194 389 389 389 194 194 389 194 389 194 194 389 194 389 389 389 389 194 194 194 389 194 194 194 194 389 389 389 194 194 194 194 389 194 194 389 389 389 389 194 389 389 194 194 389 194 194 194 389 194 194 389 194 389 389 389 389 194 194 194 194 194 389 389 194 194 389 194 389 389 389 389 194 389 389 194 194 389 194 389 194 389 389 194 194 389 194 194 194 194 389 194 194 194 194 389 194 389 194 389 194 194 389 194 389 389 389 389 389 389 194 389 389 389 389 389 389 389 194 389 194 389 194 194 194 389 194 194 389 389 389 194 389 194 194 389 389 194 194 194 389 194 194 194 194 1 389 389 
c [Label = 387] Encoding starts with target value = 195:
c [Label = 387] Encoding duration: 3814ms.
c [Label = 387] Number of clauses: 1978308.
c [Label = 387] Number of variables: 421632.
c [Label = 387] Solving duration: 44 ms.
s [Label = 387] SAT (w = 195).
c [Label = 387] Label assignment: 192 192 387 387 387 192 192 192 192 192 387 192 192 387 192 192 192 387 387 387 192 387 387 192 387 387 192 192 192 387 387 387 387 387 192 192 387 192 387 192 192 387 192 387 387 387 387 387 387 387 387 387 192 192 387 192 192 387 387 387 387 387 387 387 387 192 387 192 387 192 387 192 192 192 192 192 192 387 192 192 387 387 192 387 192 192 387 192 192 192 192 192 387 387 192 387 192 387 387 387 387 192 192 387 387 387 387 192 387 192 387 192 192 192 192 387 387 387 387 387 192 387 387 387 387 387 387 192 387 387 192 387 387 387 387 192 192 387 192 387 387 387 192 192 192 192 192 192 387 192 192 387 192 192 387 387 387 387 192 192 192 192 387 192 387 387 192 387 192 192 192 192 387 387 192 387 387 387 192 192 192 192 192 192 192 387 387 387 387 192 192 387 192 387 387 387 192 192 192 387 192 192 192 387 387 387 192 192 387 192 192 387 192 387 192 192 387 192 387 387 387 387 192 192 192 387 192 387 387 192 387 192 192 387 387 387 387 192 192 192 387 387 192 192 387 387 387 387 192 192 192 192 387 387 387 387 192 387 387 192 192 387 192 192 387 387 387 387 387 387 192 387 387 192 192 192 387 192 387 387 387 192 387 192 387 387 192 387 387 192 192 387 387 387 387 387 192 192 387 387 192 192 192 192 192 387 192 192 192 192 387 387 192 387 192 387 192 192 387 192 387 387 192 192 387 192 192 387 387 192 192 192 387 387 387 387 387 387 192 192 387 387 192 387 387 192 387 192 387 192 192 192 387 192 387 192 192 192 192 192 192 192 192 387 192 387 387 387 387 192 387 192 192 192 192 387 192 192 387 192 192 192 387 387 387 192 387 192 192 192 192 387 192 387 387 387 192 192 192 387 387 387 192 192 387 192 387 192 192 387 192 387 387 387 387 192 192 192 387 192 192 192 192 387 387 387 192 192 192 192 387 192 192 387 387 387 387 192 387 387 192 192 387 192 192 192 387 192 192 387 192 387 387 387 387 192 192 192 192 192 387 387 192 192 387 192 387 387 387 387 192 387 387 192 192 387 192 387 192 387 387 192 192 387 192 192 192 192 387 192 192 192 192 387 192 387 192 387 192 192 387 192 387 387 387 387 387 387 192 387 387 387 387 387 387 387 192 387 192 387 192 192 192 387 192 192 387 387 387 192 387 192 192 387 387 192 192 192 387 192 192 192 192 1 387 387 
c [Main] Lowest label SAT is set to 386.
c [Main] Kill higher label pid 387.
c [Main] Kill higher label pid 388.
c [Main] Kill higher label pid 389.
c [Label = 388] Encoding starts with target value = 195:
c [Label = 388] Encoding duration: 3868ms.
c [Label = 388] Number of clauses: 1986403.
c [Label = 388] Number of variables: 422724.
c [Label = 388] Solving duration: 43 ms.
s [Label = 388] SAT (w = 195).
c [Label = 388] Label assignment: 193 193 388 388 388 193 193 193 193 193 388 193 193 388 193 193 193 388 388 388 193 388 388 193 388 388 193 193 193 388 388 388 388 388 193 193 388 193 388 193 193 388 193 388 388 388 388 388 388 388 388 388 193 193 388 193 193 388 388 388 388 388 388 388 388 193 388 193 388 193 388 193 193 193 193 193 193 388 193 193 388 388 193 388 193 193 388 193 193 193 193 193 388 388 193 388 193 388 388 388 388 193 193 388 388 388 388 193 388 193 388 193 193 193 193 388 388 388 388 388 193 388 388 388 388 388 388 193 388 388 193 388 388 388 388 193 193 388 193 388 388 388 193 193 193 193 193 193 388 193 193 388 193 193 388 388 388 388 193 193 193 193 388 193 388 388 193 388 193 193 193 193 388 388 193 388 388 388 193 193 193 193 193 193 193 388 388 388 388 193 193 388 193 388 388 388 193 193 193 388 193 193 193 388 388 388 193 193 388 193 193 388 193 388 193 193 388 193 388 388 388 388 193 193 193 388 193 388 388 193 388 193 193 388 388 388 388 193 193 193 388 388 193 193 388 388 388 388 193 193 193 193 388 388 388 388 193 388 388 193 193 388 193 193 388 388 388 388 388 388 193 388 388 193 193 193 388 193 388 388 388 193 388 193 388 388 193 388 388 193 193 388 388 388 388 388 193 193 388 388 193 193 193 193 193 388 193 193 193 193 388 388 193 388 193 388 193 193 388 193 388 388 193 193 388 193 193 388 388 193 193 193 388 388 388 388 388 388 193 193 388 388 193 388 388 193 388 193 388 193 193 193 388 193 388 193 193 193 193 193 193 193 193 388 193 388 388 388 388 193 388 193 193 193 193 388 193 193 388 193 193 193 388 388 388 193 388 193 193 193 193 388 193 388 388 388 193 193 193 388 388 388 193 193 388 193 388 193 193 388 193 388 388 388 388 193 193 193 388 193 193 193 193 388 388 388 193 193 193 193 388 193 193 388 388 388 388 193 388 388 193 193 388 193 193 193 388 193 193 388 193 388 388 388 388 193 193 193 193 193 388 388 193 193 388 193 388 388 388 388 193 388 388 193 193 388 193 388 193 388 388 193 193 388 193 193 193 193 388 193 193 193 193 388 193 388 193 388 193 193 388 193 388 388 388 388 388 388 193 388 388 388 388 388 388 388 193 388 193 388 193 193 193 388 193 193 388 388 388 193 388 193 193 388 388 193 193 193 388 193 193 193 193 1 388 388 
c [Signal] Signal interruption. Caught signal: SIGTERM (15).
c [Label = 381] Minimize Makespan Labeling problem (S-sherman4.mtx.rnd):
c [Main] Kill higher label pid 388.
c [Main] Kill higher label pid 389.
c [Label = 380] Minimize Makespan Labeling problem (S-sherman4.mtx.rnd):
c [Label = 379] Minimize Makespan Labeling problem (S-sherman4.mtx.rnd):
c [Main] Child pid 388 - 60129 terminated by signal 15.
c [Label = 378] Minimize Makespan Labeling problem (S-sherman4.mtx.rnd):
c [Label = 382] Encoding starts with target value = 195:
c [Label = 382] Encoding duration: 3704ms.
c [Label = 382] Number of clauses: 1937836.
c [Label = 382] Number of variables: 416172.
c [Label = 382] Solving duration: 46 ms.
s [Label = 382] SAT (w = 195).
c [Label = 382] Label assignment: 187 187 382 382 382 187 187 187 187 187 382 187 187 382 187 187 187 382 382 382 187 382 382 187 382 382 187 187 187 382 382 382 382 382 187 187 382 187 382 187 187 382 187 382 382 382 382 382 382 382 382 382 187 187 382 187 187 382 382 382 382 382 382 382 382 187 382 187 382 187 382 187 187 187 187 187 187 382 187 187 382 382 187 382 187 187 382 187 187 187 187 187 382 382 187 382 187 382 382 382 382 187 187 382 382 382 382 187 382 187 382 187 187 187 187 382 382 382 382 382 187 382 382 382 382 382 382 187 382 382 187 382 382 382 382 187 187 382 187 382 382 382 187 187 187 187 187 187 382 187 187 382 187 187 382 382 382 382 187 187 187 187 382 187 382 382 187 382 187 187 187 187 382 382 187 382 382 382 187 187 187 187 187 187 187 382 382 382 382 187 187 382 187 382 382 382 187 187 187 382 187 187 187 382 382 382 187 187 382 187 187 382 187 382 187 187 382 187 382 382 382 382 187 187 187 382 187 382 382 187 382 187 187 382 382 382 382 187 187 187 382 382 187 187 382 382 382 382 187 187 187 187 382 382 382 382 187 382 382 187 187 382 187 187 382 382 382 382 382 382 187 382 382 187 187 187 382 187 382 382 382 187 382 187 382 382 187 382 382 187 187 382 382 382 382 382 187 187 382 382 187 187 187 187 187 382 187 187 187 187 382 382 187 382 187 382 187 187 382 187 382 382 187 187 382 187 187 382 382 187 187 187 382 382 382 382 382 382 187 187 382 382 187 382 382 187 382 187 382 187 187 187 382 187 382 187 187 187 187 187 187 187 187 382 187 382 382 382 382 187 382 187 187 187 187 382 187 187 382 187 187 187 382 382 382 187 382 187 187 187 187 382 187 382 382 382 187 187 187 382 382 382 187 187 382 187 382 187 187 382 187 382 382 382 382 187 187 187 382 187 187 187 187 382 382 382 187 187 187 187 382 187 187 382 382 382 382 187 382 382 187 187 382 187 187 187 382 187 187 382 187 382 382 382 382 187 187 187 187 187 382 382 187 187 382 187 382 382 382 382 187 382 382 187 187 382 187 382 187 382 382 187 187 382 187 187 187 187 382 187 187 187 187 382 187 382 187 382 187 187 382 187 382 382 382 382 382 382 187 382 382 382 382 382 382 382 187 382 187 382 187 187 187 382 187 187 382 382 382 187 382 187 187 382 382 187 187 187 382 187 187 187 187 1 382 382 
c [Label = 385] Encoding starts with target value = 195:
c [Label = 385] Encoding duration: 3772ms.
c [Label = 385] Number of clauses: 1962119.
c [Label = 385] Number of variables: 419448.
c [Label = 385] Solving duration: 48 ms.
s [Label = 385] SAT (w = 195).
c [Label = 385] Label assignment: 190 190 385 385 385 190 190 190 190 190 385 190 190 385 190 190 190 385 385 385 190 385 385 190 385 385 190 190 190 385 385 385 385 385 190 190 385 190 385 190 190 385 190 385 385 385 385 385 385 385 385 385 190 190 385 190 190 385 385 385 385 385 385 385 385 190 385 190 385 190 385 190 190 190 190 190 190 385 190 190 385 385 190 385 190 190 385 190 190 190 190 190 385 385 190 385 190 385 385 385 385 190 190 385 385 385 385 190 385 190 385 190 190 190 190 385 385 385 385 385 190 385 385 385 385 385 385 190 385 385 190 385 385 385 385 190 190 385 190 385 385 385 190 190 190 190 190 190 385 190 190 385 190 190 385 385 385 385 190 190 190 190 385 190 385 385 190 385 190 190 190 190 385 385 190 385 385 385 190 190 190 190 190 190 190 385 385 385 385 190 190 385 190 385 385 385 190 190 190 385 190 190 190 385 385 385 190 190 385 190 190 385 190 385 190 190 385 190 385 385 385 385 190 190 190 385 190 385 385 190 385 190 190 385 385 385 385 190 190 190 385 385 190 190 385 385 385 385 190 190 190 190 385 385 385 385 190 385 385 190 190 385 190 190 385 385 385 385 385 385 190 385 385 190 190 190 385 190 385 385 385 190 385 190 385 385 190 385 385 190 190 385 385 385 385 385 190 190 385 385 190 190 190 190 190 385 190 190 190 190 385 385 190 385 190 385 190 190 385 190 385 385 190 190 385 190 190 385 385 190 190 190 385 385 385 385 385 385 190 190 385 385 190 385 385 190 385 190 385 190 190 190 385 190 385 190 190 190 190 190 190 190 190 385 190 385 385 385 385 190 385 190 190 190 190 385 190 190 385 190 190 190 385 385 385 190 385 190 190 190 190 385 190 385 385 385 190 190 190 385 385 385 190 190 385 190 385 190 190 385 190 385 385 385 385 190 190 190 385 190 190 190 190 385 385 385 190 190 190 190 385 190 190 385 385 385 385 190 385 385 190 190 385 190 190 190 385 190 190 385 190 385 385 385 385 190 190 190 190 190 385 385 190 190 385 190 385 385 385 385 190 385 385 190 190 385 190 385 190 385 385 190 190 385 190 190 190 190 385 190 190 190 190 385 190 385 190 385 190 190 385 190 385 385 385 385 385 385 190 385 385 385 385 385 385 385 190 385 190 385 190 190 190 385 190 190 385 385 385 190 385 190 190 385 385 190 190 190 385 190 190 190 190 1 385 385 
c [Main] Lowest label SAT is set to 382.
c [Main] Kill higher label pid 383.
c [Main] Kill higher label pid 384.
c [Main] Kill higher label pid 385.
c [Label = 383] Encoding starts with target value = 195:
c [Label = 383] Encoding duration: 3833ms.
c [Label = 383] Number of clauses: 1945930.
c [Label = 383] Number of variables: 417264.
c [Label = 383] Solving duration: 53 ms.
s [Label = 383] SAT (w = 195).
c [Label = 383] Label assignment: 188 188 383 383 383 188 188 188 188 188 383 188 188 383 188 188 188 383 383 383 188 383 383 188 383 383 188 188 188 383 383 383 383 383 188 188 383 188 383 188 188 383 188 383 383 383 383 383 383 383 383 383 188 188 383 188 188 383 383 383 383 383 383 383 383 188 383 188 383 188 383 188 188 188 188 188 188 383 188 188 383 383 188 383 188 188 383 188 188 188 188 188 383 383 188 383 188 383 383 383 383 188 188 383 383 383 383 188 383 188 383 188 188 188 188 383 383 383 383 383 188 383 383 383 383 383 383 188 383 383 188 383 383 383 383 188 188 383 188 383 383 383 188 188 188 188 188 188 383 188 188 383 188 188 383 383 383 383 188 188 188 188 383 188 383 383 188 383 188 188 188 188 383 383 188 383 383 383 188 188 188 188 188 188 188 383 383 383 383 188 188 383 188 383 383 383 188 188 188 383 188 188 188 383 383 383 188 188 383 188 188 383 188 383 188 188 383 188 383 383 383 383 188 188 188 383 188 383 383 188 383 188 188 383 383 383 383 188 188 188 383 383 188 188 383 383 383 383 188 188 188 188 383 383 383 383 188 383 383 188 188 383 188 188 383 383 383 383 383 383 188 383 383 188 188 188 383 188 383 383 383 188 383 188 383 383 188 383 383 188 188 383 383 383 383 383 188 188 383 383 188 188 188 188 188 383 188 188 188 188 383 383 188 383 188 383 188 188 383 188 383 383 188 188 383 188 188 383 383 188 188 188 383 383 383 383 383 383 188 188 383 383 188 383 383 188 383 188 383 188 188 188 383 188 383 188 188 188 188 188 188 188 188 383 188 383 383 383 383 188 383 188 188 188 188 383 188 188 383 188 188 188 383 383 383 188 383 188 188 188 188 383 188 383 383 383 188 188 188 383 383 383 188 188 383 188 383 188 188 383 188 383 383 383 383 188 188 188 383 188 188 188 188 383 383 383 188 188 188 188 383 188 188 383 383 383 383 188 383 383 188 188 383 188 188 188 383 188 188 383 188 383 383 383 383 188 188 188 188 188 383 383 188 188 383 188 383 383 383 383 188 383 383 188 188 383 188 383 188 383 383 188 188 383 188 188 188 188 383 188 188 188 188 383 188 383 188 383 188 188 383 188 383 383 383 383 383 383 188 383 383 383 383 383 383 383 188 383 188 383 188 188 188 383 188 188 383 383 383 188 383 188 188 383 383 188 188 188 383 188 188 188 188 1 383 383 
c [Signal] Signal interruption. Caught signal: SIGTERM (15).
c [Label = 384] Encoding starts with target value = 195:
c [Label = 384] Encoding duration: 3772ms.
c [Label = 384] Number of clauses: 1954025.
c [Label = 384] Number of variables: 418356.
c [Label = 384] Solving duration: 43 ms.
s [Label = 384] SAT (w = 195).
c [Label = 384] Label assignment: 189 189 384 384 384 189 189 189 189 189 384 189 189 384 189 189 189 384 384 384 189 384 384 189 384 384 189 189 189 384 384 384 384 384 189 189 384 189 384 189 189 384 189 384 384 384 384 384 384 384 384 384 189 189 384 189 189 384 384 384 384 384 384 384 384 189 384 189 384 189 384 189 189 189 189 189 189 384 189 189 384 384 189 384 189 189 384 189 189 189 189 189 384 384 189 384 189 384 384 384 384 189 189 384 384 384 384 189 384 189 384 189 189 189 189 384 384 384 384 384 189 384 384 384 384 384 384 189 384 384 189 384 384 384 384 189 189 384 189 384 384 384 189 189 189 189 189 189 384 189 189 384 189 189 384 384 384 384 189 189 189 189 384 189 384 384 189 384 189 189 189 189 384 384 189 384 384 384 189 189 189 189 189 189 189 384 384 384 384 189 189 384 189 384 384 384 189 189 189 384 189 189 189 384 384 384 189 189 384 189 189 384 189 384 189 189 384 189 384 384 384 384 189 189 189 384 189 384 384 189 384 189 189 384 384 384 384 189 189 189 384 384 189 189 384 384 384 384 189 189 189 189 384 384 384 384 189 384 384 189 189 384 189 189 384 384 384 384 384 384 189 384 384 189 189 189 384 189 384 384 384 189 384 189 384 384 189 384 384 189 189 384 384 384 384 384 189 189 384 384 189 189 189 189 189 384 189 189 189 189 384 384 189 384 189 384 189 189 384 189 384 384 189 189 384 189 189 384 384 189 189 189 384 384 384 384 384 384 189 189 384 384 189 384 384 189 384 189 384 189 189 189 384 189 384 189 189 189 189 189 189 189 189 384 189 384 384 384 384 189 384 189 189 189 189 384 189 189 384 189 189 189 384 384 384 189 384 189 189 189 189 384 189 384 384 384 189 189 189 384 384 384 189 189 384 189 384 189 189 384 189 384 384 384 384 189 189 189 384 189 189 189 189 384 384 384 189 189 189 189 384 189 189 384 384 384 384 189 384 384 189 189 384 189 189 189 384 189 189 384 189 384 384 384 384 189 189 189 189 189 384 384 189 189 384 189 384 384 384 384 189 384 384 189 189 384 189 384 189 384 384 189 189 384 189 189 189 189 384 189 189 189 189 384 189 384 189 384 189 189 384 189 384 384 384 384 384 384 189 384 384 384 384 384 384 384 189 384 189 384 189 189 189 384 189 189 384 384 384 189 384 189 189 384 384 189 189 189 384 189 189 189 189 1 384 384 
c [Signal] Signal interruption. Caught signal: SIGTERM (15).
c [Label = 377] Minimize Makespan Labeling problem (S-sherman4.mtx.rnd):
c [Label = 380] Encoding starts with target value = 195:
c [Label = 380] Encoding duration: 3679ms.
c [Label = 380] Number of clauses: 1921647.
c [Label = 380] Number of variables: 413988.
c [Label = 380] Solving duration: 51 ms.
s [Label = 380] SAT (w = 195).
c [Label = 380] Label assignment: 185 185 380 380 380 185 185 185 185 185 380 185 185 380 185 185 185 380 380 380 185 380 380 185 380 380 185 185 185 380 380 380 380 380 185 185 380 185 380 185 185 380 185 380 380 380 380 380 380 380 380 380 185 185 380 185 185 380 380 380 380 380 380 380 380 185 380 185 380 185 380 185 185 185 185 185 185 380 185 185 380 380 185 380 185 185 380 185 185 185 185 185 380 380 185 380 185 380 380 380 380 185 185 380 380 380 380 185 380 185 380 185 185 185 185 380 380 380 380 380 185 380 380 380 380 380 380 185 380 380 185 380 380 380 380 185 185 380 185 380 380 380 185 185 185 185 185 185 380 185 185 380 185 185 380 380 380 380 185 185 185 185 380 185 380 380 185 380 185 185 185 185 380 380 185 380 380 380 185 185 185 185 185 185 185 380 380 380 380 185 185 380 185 380 380 380 185 185 185 380 185 185 185 380 380 380 185 185 380 185 185 380 185 380 185 185 380 185 380 380 380 380 185 185 185 380 185 380 380 185 380 185 185 380 380 380 380 185 185 185 380 380 185 185 380 380 380 380 185 185 185 185 380 380 380 380 185 380 380 185 185 380 185 185 380 380 380 380 380 380 185 380 380 185 185 185 380 185 380 380 380 185 380 185 380 380 185 380 380 185 185 380 380 380 380 380 185 185 380 380 185 185 185 185 185 380 185 185 185 185 380 380 185 380 185 380 185 185 380 185 380 380 185 185 380 185 185 380 380 185 185 185 380 380 380 380 380 380 185 185 380 380 185 380 380 185 380 185 380 185 185 185 380 185 380 185 185 185 185 185 185 185 185 380 185 380 380 380 380 185 380 185 185 185 185 380 185 185 380 185 185 185 380 380 380 185 380 185 185 185 185 380 185 380 380 380 185 185 185 380 380 380 185 185 380 185 380 185 185 380 185 380 380 380 380 185 185 185 380 185 185 185 185 380 380 380 185 185 185 185 380 185 185 380 380 380 380 185 380 380 185 185 380 185 185 185 380 185 185 380 185 380 380 380 380 185 185 185 185 185 380 380 185 185 380 185 380 380 380 380 185 380 380 185 185 380 185 380 185 380 380 185 185 380 185 185 185 185 380 185 185 185 185 380 185 380 185 380 185 185 380 185 380 380 380 380 380 380 185 380 380 380 380 380 380 380 185 380 185 380 185 185 185 380 185 185 380 380 380 185 380 185 185 380 380 185 185 185 380 185 185 185 185 1 380 380 
c [Label = 376] Minimize Makespan Labeling problem (S-sherman4.mtx.rnd):
c [Label = 378] Encoding starts with target value = 195:
c [Label = 378] Encoding duration: 3721ms.
c [Label = 378] Number of clauses: 1905458.
c [Label = 378] Number of variables: 411804.
c [Label = 378] Solving duration: 46 ms.
s [Label = 378] SAT (w = 195).
c [Label = 378] Label assignment: 183 183 378 378 378 183 183 183 183 183 378 183 183 378 183 183 183 378 378 378 183 378 378 183 378 378 183 183 183 378 378 378 378 378 183 183 378 183 378 183 183 378 183 378 378 378 378 378 378 378 378 378 183 183 378 183 183 378 378 378 378 378 378 378 378 183 378 183 378 183 378 183 183 183 183 183 183 378 183 183 378 378 183 378 183 183 378 183 183 183 183 183 378 378 183 378 183 378 378 378 378 183 183 378 378 378 378 183 378 183 378 183 183 183 183 378 378 378 378 378 183 378 378 378 378 378 378 183 378 378 183 378 378 378 378 183 183 378 183 378 378 378 183 183 183 183 183 183 378 183 183 378 183 183 378 378 378 378 183 183 183 183 378 183 378 378 183 378 183 183 183 183 378 378 183 378 378 378 183 183 183 183 183 183 183 378 378 378 378 183 183 378 183 378 378 378 183 183 183 378 183 183 183 378 378 378 183 183 378 183 183 378 183 378 183 183 378 183 378 378 378 378 183 183 183 378 183 378 378 183 378 183 183 378 378 378 378 183 183 183 378 378 183 183 378 378 378 378 183 183 183 183 378 378 378 378 183 378 378 183 183 378 183 183 378 378 378 378 378 378 183 378 378 183 183 183 378 183 378 378 378 183 378 183 378 378 183 378 378 183 183 378 378 378 378 378 183 183 378 378 183 183 183 183 183 378 183 183 183 183 378 378 183 378 183 378 183 183 378 183 378 378 183 183 378 183 183 378 378 183 183 183 378 378 378 378 378 378 183 183 378 378 183 378 378 183 378 183 378 183 183 183 378 183 378 183 183 183 183 183 183 183 183 378 183 378 378 378 378 183 378 183 183 183 183 378 183 183 378 183 183 183 378 378 378 183 378 183 183 183 183 378 183 378 378 378 183 183 183 378 378 378 183 183 378 183 378 183 183 378 183 378 378 378 378 183 183 183 378 183 183 183 183 378 378 378 183 183 183 183 378 183 183 378 378 378 378 183 378 378 183 183 378 183 183 183 378 183 183 378 183 378 378 378 378 183 183 183 183 183 378 378 183 183 378 183 378 378 378 378 183 378 378 183 183 378 183 378 183 378 378 183 183 378 183 183 183 183 378 183 183 183 183 378 183 378 183 378 183 183 378 183 378 378 378 378 378 378 183 378 378 378 378 378 378 378 183 378 183 378 183 183 183 378 183 183 378 378 378 183 378 183 183 378 378 183 183 183 378 183 183 183 183 1 378 378 
c [Main] Child pid 384 - 60135 terminated by signal 15.
c [Main] Child pid 383 - 60136 terminated by signal 15.
c [Label = 374] Minimize Makespan Labeling problem (S-sherman4.mtx.rnd):
c [Label = 381] Encoding starts with target value = 195:
c [Label = 381] Encoding duration: 3767ms.
c [Label = 381] Number of clauses: 1929741.
c [Label = 381] Number of variables: 415080.
c [Label = 381] Solving duration: 49 ms.
s [Label = 381] SAT (w = 195).
c [Label = 381] Label assignment: 186 186 381 381 381 186 186 186 186 186 381 186 186 381 186 186 186 381 381 381 186 381 381 186 381 381 186 186 186 381 381 381 381 381 186 186 381 186 381 186 186 381 186 381 381 381 381 381 381 381 381 381 186 186 381 186 186 381 381 381 381 381 381 381 381 186 381 186 381 186 381 186 186 186 186 186 186 381 186 186 381 381 186 381 186 186 381 186 186 186 186 186 381 381 186 381 186 381 381 381 381 186 186 381 381 381 381 186 381 186 381 186 186 186 186 381 381 381 381 381 186 381 381 381 381 381 381 186 381 381 186 381 381 381 381 186 186 381 186 381 381 381 186 186 186 186 186 186 381 186 186 381 186 186 381 381 381 381 186 186 186 186 381 186 381 381 186 381 186 186 186 186 381 381 186 381 381 381 186 186 186 186 186 186 186 381 381 381 381 186 186 381 186 381 381 381 186 186 186 381 186 186 186 381 381 381 186 186 381 186 186 381 186 381 186 186 381 186 381 381 381 381 186 186 186 381 186 381 381 186 381 186 186 381 381 381 381 186 186 186 381 381 186 186 381 381 381 381 186 186 186 186 381 381 381 381 186 381 381 186 186 381 186 186 381 381 381 381 381 381 186 381 381 186 186 186 381 186 381 381 381 186 381 186 381 381 186 381 381 186 186 381 381 381 381 381 186 186 381 381 186 186 186 186 186 381 186 186 186 186 381 381 186 381 186 381 186 186 381 186 381 381 186 186 381 186 186 381 381 186 186 186 381 381 381 381 381 381 186 186 381 381 186 381 381 186 381 186 381 186 186 186 381 186 381 186 186 186 186 186 186 186 186 381 186 381 381 381 381 186 381 186 186 186 186 381 186 186 381 186 186 186 381 381 381 186 381 186 186 186 186 381 186 381 381 381 186 186 186 381 381 381 186 186 381 186 381 186 186 381 186 381 381 381 381 186 186 186 381 186 186 186 186 381 381 381 186 186 186 186 381 186 186 381 381 381 381 186 381 381 186 186 381 186 186 186 381 186 186 381 186 381 381 381 381 186 186 186 186 186 381 381 186 186 381 186 381 381 381 381 186 381 381 186 186 381 186 381 186 381 381 186 186 381 186 186 186 186 381 186 186 186 186 381 186 381 186 381 186 186 381 186 381 381 381 381 381 381 186 381 381 381 381 381 381 381 186 381 186 381 186 186 186 381 186 186 381 381 381 186 381 186 186 381 381 186 186 186 381 186 186 186 186 1 381 381 
c [Label = 375] Minimize Makespan Labeling problem (S-sherman4.mtx.rnd):
c [Main] Lowest label SAT is set to 380.
c [Main] Kill higher label pid 381.
c [Label = 373] Minimize Makespan Labeling problem (S-sherman4.mtx.rnd):
c [Main] Lowest label SAT is set to 378.
c [Main] Kill higher label pid 379.
c [Main] Kill higher label pid 381.
c [Label = 379] Encoding starts with target value = 195:
c [Label = 379] Encoding duration: 3812ms.
c [Label = 379] Number of clauses: 1913552.
c [Label = 379] Number of variables: 412896.
c [Label = 379] Solving duration: 43 ms.
s [Label = 379] SAT (w = 195).
c [Label = 379] Label assignment: 184 184 379 379 379 184 184 184 184 184 379 184 184 379 184 184 184 379 379 379 184 379 379 184 379 379 184 184 184 379 379 379 379 379 184 184 379 184 379 184 184 379 184 379 379 379 379 379 379 379 379 379 184 184 379 184 184 379 379 379 379 379 379 379 379 184 379 184 379 184 379 184 184 184 184 184 184 379 184 184 379 379 184 379 184 184 379 184 184 184 184 184 379 379 184 379 184 379 379 379 379 184 184 379 379 379 379 184 379 184 379 184 184 184 184 379 379 379 379 379 184 379 379 379 379 379 379 184 379 379 184 379 379 379 379 184 184 379 184 379 379 379 184 184 184 184 184 184 379 184 184 379 184 184 379 379 379 379 184 184 184 184 379 184 379 379 184 379 184 184 184 184 379 379 184 379 379 379 184 184 184 184 184 184 184 379 379 379 379 184 184 379 184 379 379 379 184 184 184 379 184 184 184 379 379 379 184 184 379 184 184 379 184 379 184 184 379 184 379 379 379 379 184 184 184 379 184 379 379 184 379 184 184 379 379 379 379 184 184 184 379 379 184 184 379 379 379 379 184 184 184 184 379 379 379 379 184 379 379 184 184 379 184 184 379 379 379 379 379 379 184 379 379 184 184 184 379 184 379 379 379 184 379 184 379 379 184 379 379 184 184 379 379 379 379 379 184 184 379 379 184 184 184 184 184 379 184 184 184 184 379 379 184 379 184 379 184 184 379 184 379 379 184 184 379 184 184 379 379 184 184 184 379 379 379 379 379 379 184 184 379 379 184 379 379 184 379 184 379 184 184 184 379 184 379 184 184 184 184 184 184 184 184 379 184 379 379 379 379 184 379 184 184 184 184 379 184 184 379 184 184 184 379 379 379 184 379 184 184 184 184 379 184 379 379 379 184 184 184 379 379 379 184 184 379 184 379 184 184 379 184 379 379 379 379 184 184 184 379 184 184 184 184 379 379 379 184 184 184 184 379 184 184 379 379 379 379 184 379 379 184 184 379 184 184 184 379 184 184 379 184 379 379 379 379 184 184 184 184 184 379 379 184 184 379 184 379 379 379 379 184 379 379 184 184 379 184 379 184 379 379 184 184 379 184 184 184 184 379 184 184 184 184 379 184 379 184 379 184 184 379 184 379 379 379 379 379 379 184 379 379 379 379 379 379 379 184 379 184 379 184 184 184 379 184 184 379 379 379 184 379 184 184 379 379 184 184 184 379 184 184 184 184 1 379 379 
c [Signal] Signal interruption. Caught signal: SIGTERM (15).
c [Label = 372] Minimize Makespan Labeling problem (S-sherman4.mtx.rnd):
c [Label = 371] Minimize Makespan Labeling problem (S-sherman4.mtx.rnd):
c [Main] Child pid 379 - 60140 terminated by signal 15.
c [Label = 370] Minimize Makespan Labeling problem (S-sherman4.mtx.rnd):
c [Label = 373] Encoding starts with target value = 195:
c [Label = 373] Encoding duration: 3612ms.
c [Label = 373] Number of clauses: 1864985.
c [Label = 373] Number of variables: 406344.
c [Label = 373] Solving duration: 52 ms.
s [Label = 373] SAT (w = 195).
c [Label = 373] Label assignment: 178 178 373 373 373 178 178 178 178 178 373 178 178 373 178 178 178 373 373 373 178 373 373 178 373 373 178 178 178 373 373 373 373 373 178 178 373 178 373 178 178 373 178 373 373 373 373 373 373 373 373 373 178 178 373 178 178 373 373 373 373 373 373 373 373 178 373 178 373 178 373 178 178 178 178 178 178 373 178 178 373 373 178 373 178 178 373 178 178 178 178 178 373 373 178 373 178 373 373 373 373 178 178 373 373 373 373 178 373 178 373 178 178 178 178 373 373 373 373 373 178 373 373 373 373 373 373 178 373 373 178 373 373 373 373 178 178 373 178 373 373 373 178 178 178 178 178 178 373 178 178 373 178 178 373 373 373 373 178 178 178 178 373 178 373 373 178 373 178 178 178 178 373 373 178 373 373 373 178 178 178 178 178 178 178 373 373 373 373 178 178 373 178 373 373 373 178 178 178 373 178 178 178 373 373 373 178 178 373 178 178 373 178 373 178 178 373 178 373 373 373 373 178 178 178 373 178 373 373 178 373 178 178 373 373 373 373 178 178 178 373 373 178 178 373 373 373 373 178 178 178 178 373 373 373 373 178 373 373 178 178 373 178 178 373 373 373 373 373 373 178 373 373 178 178 178 373 178 373 373 373 178 373 178 373 373 178 373 373 178 178 373 373 373 373 373 178 178 373 373 178 178 178 178 178 373 178 178 178 178 373 373 178 373 178 373 178 178 373 178 373 373 178 178 373 178 178 373 373 178 178 178 373 373 373 373 373 373 178 178 373 373 178 373 373 178 373 178 373 178 178 178 373 178 373 178 178 178 178 178 178 178 178 373 178 373 373 373 373 178 373 178 178 178 178 373 178 178 373 178 178 178 373 373 373 178 373 178 178 178 178 373 178 373 373 373 178 178 178 373 373 373 178 178 373 178 373 178 178 373 178 373 373 373 373 178 178 178 373 178 178 178 178 373 373 373 178 178 178 178 373 178 178 373 373 373 373 178 373 373 178 178 373 178 178 178 373 178 178 373 178 373 373 373 373 178 178 178 178 178 373 373 178 178 373 178 373 373 373 373 178 373 373 178 178 373 178 373 178 373 373 178 178 373 178 178 178 178 373 178 178 178 178 373 178 373 178 373 178 178 373 178 373 373 373 373 373 373 178 373 373 373 373 373 373 373 178 373 178 373 178 178 178 373 178 178 373 373 373 178 373 178 178 373 373 178 178 178 373 178 178 178 178 1 373 373 
c [Label = 374] Encoding starts with target value = 195:
c [Label = 374] Encoding duration: 3651ms.
c [Label = 374] Number of clauses: 1873080.
c [Label = 374] Number of variables: 407436.
c [Label = 374] Solving duration: 49 ms.
s [Label = 374] SAT (w = 195).
c [Label = 374] Label assignment: 179 179 374 374 374 179 179 179 179 179 374 179 179 374 179 179 179 374 374 374 179 374 374 179 374 374 179 179 179 374 374 374 374 374 179 179 374 179 374 179 179 374 179 374 374 374 374 374 374 374 374 374 179 179 374 179 179 374 374 374 374 374 374 374 374 179 374 179 374 179 374 179 179 179 179 179 179 374 179 179 374 374 179 374 179 179 374 179 179 179 179 179 374 374 179 374 179 374 374 374 374 179 179 374 374 374 374 179 374 179 374 179 179 179 179 374 374 374 374 374 179 374 374 374 374 374 374 179 374 374 179 374 374 374 374 179 179 374 179 374 374 374 179 179 179 179 179 179 374 179 179 374 179 179 374 374 374 374 179 179 179 179 374 179 374 374 179 374 179 179 179 179 374 374 179 374 374 374 179 179 179 179 179 179 179 374 374 374 374 179 179 374 179 374 374 374 179 179 179 374 179 179 179 374 374 374 179 179 374 179 179 374 179 374 179 179 374 179 374 374 374 374 179 179 179 374 179 374 374 179 374 179 179 374 374 374 374 179 179 179 374 374 179 179 374 374 374 374 179 179 179 179 374 374 374 374 179 374 374 179 179 374 179 179 374 374 374 374 374 374 179 374 374 179 179 179 374 179 374 374 374 179 374 179 374 374 179 374 374 179 179 374 374 374 374 374 179 179 374 374 179 179 179 179 179 374 179 179 179 179 374 374 179 374 179 374 179 179 374 179 374 374 179 179 374 179 179 374 374 179 179 179 374 374 374 374 374 374 179 179 374 374 179 374 374 179 374 179 374 179 179 179 374 179 374 179 179 179 179 179 179 179 179 374 179 374 374 374 374 179 374 179 179 179 179 374 179 179 374 179 179 179 374 374 374 179 374 179 179 179 179 374 179 374 374 374 179 179 179 374 374 374 179 179 374 179 374 179 179 374 179 374 374 374 374 179 179 179 374 179 179 179 179 374 374 374 179 179 179 179 374 179 179 374 374 374 374 179 374 374 179 179 374 179 179 179 374 179 179 374 179 374 374 374 374 179 179 179 179 179 374 374 179 179 374 179 374 374 374 374 179 374 374 179 179 374 179 374 179 374 374 179 179 374 179 179 179 179 374 179 179 179 179 374 179 374 179 374 179 179 374 179 374 374 374 374 374 374 179 374 374 374 374 374 374 374 179 374 179 374 179 179 179 374 179 179 374 374 374 179 374 179 179 374 374 179 179 179 374 179 179 179 179 1 374 374 
c [Label = 375] Encoding starts with target value = 195:
c [Label = 375] Encoding duration: 3685ms.
c [Label = 375] Number of clauses: 1881174.
c [Label = 375] Number of variables: 408528.
c [Label = 375] Solving duration: 40 ms.
s [Label = 375] SAT (w = 195).
c [Label = 375] Label assignment: 180 180 375 375 375 180 180 180 180 180 375 180 180 375 180 180 180 375 375 375 180 375 375 180 375 375 180 180 180 375 375 375 375 375 180 180 375 180 375 180 180 375 180 375 375 375 375 375 375 375 375 375 180 180 375 180 180 375 375 375 375 375 375 375 375 180 375 180 375 180 375 180 180 180 180 180 180 375 180 180 375 375 180 375 180 180 375 180 180 180 180 180 375 375 180 375 180 375 375 375 375 180 180 375 375 375 375 180 375 180 375 180 180 180 180 375 375 375 375 375 180 375 375 375 375 375 375 180 375 375 180 375 375 375 375 180 180 375 180 375 375 375 180 180 180 180 180 180 375 180 180 375 180 180 375 375 375 375 180 180 180 180 375 180 375 375 180 375 180 180 180 180 375 375 180 375 375 375 180 180 180 180 180 180 180 375 375 375 375 180 180 375 180 375 375 375 180 180 180 375 180 180 180 375 375 375 180 180 375 180 180 375 180 375 180 180 375 180 375 375 375 375 180 180 180 375 180 375 375 180 375 180 180 375 375 375 375 180 180 180 375 375 180 180 375 375 375 375 180 180 180 180 375 375 375 375 180 375 375 180 180 375 180 180 375 375 375 375 375 375 180 375 375 180 180 180 375 180 375 375 375 180 375 180 375 375 180 375 375 180 180 375 375 375 375 375 180 180 375 375 180 180 180 180 180 375 180 180 180 180 375 375 180 375 180 375 180 180 375 180 375 375 180 180 375 180 180 375 375 180 180 180 375 375 375 375 375 375 180 180 375 375 180 375 375 180 375 180 375 180 180 180 375 180 375 180 180 180 180 180 180 180 180 375 180 375 375 375 375 180 375 180 180 180 180 375 180 180 375 180 180 180 375 375 375 180 375 180 180 180 180 375 180 375 375 375 180 180 180 375 375 375 180 180 375 180 375 180 180 375 180 375 375 375 375 180 180 180 375 180 180 180 180 375 375 375 180 180 180 180 375 180 180 375 375 375 375 180 375 375 180 180 375 180 180 180 375 180 180 375 180 375 375 375 375 180 180 180 180 180 375 375 180 180 375 180 375 375 375 375 180 375 375 180 180 375 180 375 180 375 375 180 180 375 180 180 180 180 375 180 180 180 180 375 180 375 180 375 180 180 375 180 375 375 375 375 375 375 180 375 375 375 375 375 375 375 180 375 180 375 180 180 180 375 180 180 375 375 375 180 375 180 180 375 375 180 180 180 375 180 180 180 180 1 375 375 
c [Signal] Signal interruption. Caught signal: SIGTERM (15).
c [Main] Lowest label SAT is set to 373.
c [Main] Kill higher label pid 374.
c [Main] Kill higher label pid 375.
c [Main] Kill higher label pid 376.
c [Main] Kill higher label pid 377.
c [Label = 376] Encoding starts with target value = 195:
c [Label = 376] Encoding duration: 3817ms.
c [Label = 376] Number of clauses: 1889269.
c [Label = 376] Number of variables: 409620.
c [Label = 376] Solving duration: 45 ms.
s [Label = 376] SAT (w = 195).
c [Label = 376] Label assignment: 181 181 376 376 376 181 181 181 181 181 376 181 181 376 181 181 181 376 376 376 181 376 376 181 376 376 181 181 181 376 376 376 376 376 181 181 376 181 376 181 181 376 181 376 376 376 376 376 376 376 376 376 181 181 376 181 181 376 376 376 376 376 376 376 376 181 376 181 376 181 376 181 181 181 181 181 181 376 181 181 376 376 181 376 181 181 376 181 181 181 181 181 376 376 181 376 181 376 376 376 376 181 181 376 376 376 376 181 376 181 376 181 181 181 181 376 376 376 376 376 181 376 376 376 376 376 376 181 376 376 181 376 376 376 376 181 181 376 181 376 376 376 181 181 181 181 181 181 376 181 181 376 181 181 376 376 376 376 181 181 181 181 376 181 376 376 181 376 181 181 181 181 376 376 181 376 376 376 181 181 181 181 181 181 181 376 376 376 376 181 181 376 181 376 376 376 181 181 181 376 181 181 181 376 376 376 181 181 376 181 181 376 181 376 181 181 376 181 376 376 376 376 181 181 181 376 181 376 376 181 376 181 181 376 376 376 376 181 181 181 376 376 181 181 376 376 376 376 181 181 181 181 376 376 376 376 181 376 376 181 181 376 181 181 376 376 376 376 376 376 181 376 376 181 181 181 376 181 376 376 376 181 376 181 376 376 181 376 376 181 181 376 376 376 376 376 181 181 376 376 181 181 181 181 181 376 181 181 181 181 376 376 181 376 181 376 181 181 376 181 376 376 181 181 376 181 181 376 376 181 181 181 376 376 376 376 376 376 181 181 376 376 181 376 376 181 376 181 376 181 181 181 376 181 376 181 181 181 181 181 181 181 181 376 181 376 376 376 376 181 376 181 181 181 181 376 181 181 376 181 181 181 376 376 376 181 376 181 181 181 181 376 181 376 376 376 181 181 181 376 376 376 181 181 376 181 376 181 181 376 181 376 376 376 376 181 181 181 376 181 181 181 181 376 376 376 181 181 181 181 376 181 181 376 376 376 376 181 376 376 181 181 376 181 181 181 376 181 181 376 181 376 376 376 376 181 181 181 181 181 376 376 181 181 376 181 376 376 376 376 181 376 376 181 181 376 181 376 181 376 376 181 181 376 181 181 181 181 376 181 181 181 181 376 181 376 181 376 181 181 376 181 376 376 376 376 376 376 181 376 376 376 376 376 376 376 181 376 181 376 181 181 181 376 181 181 376 376 376 181 376 181 181 376 376 181 181 181 376 181 181 181 181 1 376 376 
c [Signal] Signal interruption. Caught signal: SIGTERM (15).
c [Label = 377] Encoding starts with target value = 195:
c [Label = 377] Encoding duration: 3846ms.
c [Label = 377] Number of clauses: 1897363.
c [Label = 377] Number of variables: 410712.
c [Label = 377] Solving duration: 47 ms.
s [Label = 377] SAT (w = 195).
c [Label = 377] Label assignment: 182 182 377 377 377 182 182 182 182 182 377 182 182 377 182 182 182 377 377 377 182 377 377 182 377 377 182 182 182 377 377 377 377 377 182 182 377 182 377 182 182 377 182 377 377 377 377 377 377 377 377 377 182 182 377 182 182 377 377 377 377 377 377 377 377 182 377 182 377 182 377 182 182 182 182 182 182 377 182 182 377 377 182 377 182 182 377 182 182 182 182 182 377 377 182 377 182 377 377 377 377 182 182 377 377 377 377 182 377 182 377 182 182 182 182 377 377 377 377 377 182 377 377 377 377 377 377 182 377 377 182 377 377 377 377 182 182 377 182 377 377 377 182 182 182 182 182 182 377 182 182 377 182 182 377 377 377 377 182 182 182 182 377 182 377 377 182 377 182 182 182 182 377 377 182 377 377 377 182 182 182 182 182 182 182 377 377 377 377 182 182 377 182 377 377 377 182 182 182 377 182 182 182 377 377 377 182 182 377 182 182 377 182 377 182 182 377 182 377 377 377 377 182 182 182 377 182 377 377 182 377 182 182 377 377 377 377 182 182 182 377 377 182 182 377 377 377 377 182 182 182 182 377 377 377 377 182 377 377 182 182 377 182 182 377 377 377 377 377 377 182 377 377 182 182 182 377 182 377 377 377 182 377 182 377 377 182 377 377 182 182 377 377 377 377 377 182 182 377 377 182 182 182 182 182 377 182 182 182 182 377 377 182 377 182 377 182 182 377 182 377 377 182 182 377 182 182 377 377 182 182 182 377 377 377 377 377 377 182 182 377 377 182 377 377 182 377 182 377 182 182 182 377 182 377 182 182 182 182 182 182 182 182 377 182 377 377 377 377 182 377 182 182 182 182 377 182 182 377 182 182 182 377 377 377 182 377 182 182 182 182 377 182 377 377 377 182 182 182 377 377 377 182 182 377 182 377 182 182 377 182 377 377 377 377 182 182 182 377 182 182 182 182 377 377 377 182 182 182 182 377 182 182 377 377 377 377 182 377 377 182 182 377 182 182 182 377 182 182 377 182 377 377 377 377 182 182 182 182 182 377 377 182 182 377 182 377 377 377 377 182 377 377 182 182 377 182 377 182 377 377 182 182 377 182 182 182 182 377 182 182 182 182 377 182 377 182 377 182 182 377 182 377 377 377 377 377 377 182 377 377 377 377 377 377 377 182 377 182 377 182 182 182 377 182 182 377 377 377 182 377 182 182 377 377 182 182 182 377 182 182 182 182 1 377 377 
c [Signal] Signal interruption. Caught signal: SIGTERM (15).
c [Label = 369] Minimize Makespan Labeling problem (S-sherman4.mtx.rnd):
c [Label = 370] Encoding starts with target value = 195:
c [Label = 370] Encoding duration: 3603ms.
c [Label = 370] Number of clauses: 1840702.
c [Label = 370] Number of variables: 403068.
c [Label = 370] Solving duration: 40 ms.
s [Label = 370] SAT (w = 195).
c [Label = 370] Label assignment: 175 175 370 370 370 175 175 175 175 175 370 175 175 370 175 175 175 370 370 370 175 370 370 175 370 370 175 175 175 370 370 370 370 370 175 175 370 175 370 175 175 370 175 370 370 370 370 370 370 370 370 370 175 175 370 175 175 370 370 370 370 370 370 370 370 175 370 175 370 175 370 175 175 175 175 175 175 370 175 175 370 370 175 370 175 175 370 175 175 175 175 175 370 370 175 370 175 370 370 370 370 175 175 370 370 370 370 175 370 175 370 175 175 175 175 370 370 370 370 370 175 370 370 370 370 370 370 175 370 370 175 370 370 370 370 175 175 370 175 370 370 370 175 175 175 175 175 175 370 175 175 370 175 175 370 370 370 370 175 175 175 175 370 175 370 370 175 370 175 175 175 175 370 370 175 370 370 370 175 175 175 175 175 175 175 370 370 370 370 175 175 370 175 370 370 370 175 175 175 370 175 175 175 370 370 370 175 175 370 175 175 370 175 370 175 175 370 175 370 370 370 370 175 175 175 370 175 370 370 175 370 175 175 370 370 370 370 175 175 175 370 370 175 175 370 370 370 370 175 175 175 175 370 370 370 370 175 370 370 175 175 370 175 175 370 370 370 370 370 370 175 370 370 175 175 175 370 175 370 370 370 175 370 175 370 370 175 370 370 175 175 370 370 370 370 370 175 175 370 370 175 175 175 175 175 370 175 175 175 175 370 370 175 370 175 370 175 175 370 175 370 370 175 175 370 175 175 370 370 175 175 175 370 370 370 370 370 370 175 175 370 370 175 370 370 175 370 175 370 175 175 175 370 175 370 175 175 175 175 175 175 175 175 370 175 370 370 370 370 175 370 175 175 175 175 370 175 175 370 175 175 175 370 370 370 175 370 175 175 175 175 370 175 370 370 370 175 175 175 370 370 370 175 175 370 175 370 175 175 370 175 370 370 370 370 175 175 175 370 175 175 175 175 370 370 370 175 175 175 175 370 175 175 370 370 370 370 175 370 370 175 175 370 175 175 175 370 175 175 370 175 370 370 370 370 175 175 175 175 175 370 370 175 175 370 175 370 370 370 370 175 370 370 175 175 370 175 370 175 370 370 175 175 370 175 175 175 175 370 175 175 175 175 370 175 370 175 370 175 175 370 175 370 370 370 370 370 370 175 370 370 370 370 370 370 370 175 370 175 370 175 175 175 370 175 175 370 370 370 175 370 175 175 370 370 175 175 175 370 175 175 175 175 1 370 370 
c [Main] Kill higher label pid 375.
c [Main] Kill higher label pid 376.
c [Main] Kill higher label pid 377.
c [Label = 368] Minimize Makespan Labeling problem (S-sherman4.mtx.rnd):
c [Main] Child pid 377 - 60142 terminated by signal 15.
c [Label = 367] Minimize Makespan Labeling problem (S-sherman4.mtx.rnd):
c [Main] Child pid 376 - 60143 terminated by signal 15.
c [Label = 366] Minimize Makespan Labeling problem (S-sherman4.mtx.rnd):
c [Main] Child pid 375 - 60144 terminated by signal 15.
c [Label = 365] Minimize Makespan Labeling problem (S-sherman4.mtx.rnd):
c [Main] Lowest label SAT is set to 370.
c [Main] Kill higher label pid 371.
c [Main] Kill higher label pid 372.
c [Label = 372] Encoding starts with target value = 195:
c [Label = 372] Encoding duration: 3729ms.
c [Label = 372] Number of clauses: 1856891.
c [Label = 372] Number of variables: 405252.
c [Label = 372] Solving duration: 42 ms.
s [Label = 372] SAT (w = 195).
c [Label = 372] Label assignment: 177 177 372 372 372 177 177 177 177 177 372 177 177 372 177 177 177 372 372 372 177 372 372 177 372 372 177 177 177 372 372 372 372 372 177 177 372 177 372 177 177 372 177 372 372 372 372 372 372 372 372 372 177 177 372 177 177 372 372 372 372 372 372 372 372 177 372 177 372 177 372 177 177 177 177 177 177 372 177 177 372 372 177 372 177 177 372 177 177 177 177 177 372 372 177 372 177 372 372 372 372 177 177 372 372 372 372 177 372 177 372 177 177 177 177 372 372 372 372 372 177 372 372 372 372 372 372 177 372 372 177 372 372 372 372 177 177 372 177 372 372 372 177 177 177 177 177 177 372 177 177 372 177 177 372 372 372 372 177 177 177 177 372 177 372 372 177 372 177 177 177 177 372 372 177 372 372 372 177 177 177 177 177 177 177 372 372 372 372 177 177 372 177 372 372 372 177 177 177 372 177 177 177 372 372 372 177 177 372 177 177 372 177 372 177 177 372 177 372 372 372 372 177 177 177 372 177 372 372 177 372 177 177 372 372 372 372 177 177 177 372 372 177 177 372 372 372 372 177 177 177 177 372 372 372 372 177 372 372 177 177 372 177 177 372 372 372 372 372 372 177 372 372 177 177 177 372 177 372 372 372 177 372 177 372 372 177 372 372 177 177 372 372 372 372 372 177 177 372 372 177 177 177 177 177 372 177 177 177 177 372 372 177 372 177 372 177 177 372 177 372 372 177 177 372 177 177 372 372 177 177 177 372 372 372 372 372 372 177 177 372 372 177 372 372 177 372 177 372 177 177 177 372 177 372 177 177 177 177 177 177 177 177 372 177 372 372 372 372 177 372 177 177 177 177 372 177 177 372 177 177 177 372 372 372 177 372 177 177 177 177 372 177 372 372 372 177 177 177 372 372 372 177 177 372 177 372 177 177 372 177 372 372 372 372 177 177 177 372 177 177 177 177 372 372 372 177 177 177 177 372 177 177 372 372 372 372 177 372 372 177 177 372 177 177 177 372 177 177 372 177 372 372 372 372 177 177 177 177 177 372 372 177 177 372 177 372 372 372 372 177 372 372 177 177 372 177 372 177 372 372 177 177 372 177 177 177 177 372 177 177 177 177 372 177 372 177 372 177 177 372 177 372 372 372 372 372 372 177 372 372 372 372 372 372 372 177 372 177 372 177 177 177 372 177 177 372 372 372 177 372 177 177 372 372 177 177 177 372 177 177 177 177 1 372 372 
c [Signal] Signal interruption. Caught signal: SIGTERM (15).
c [Label = 371] Encoding starts with target value = 195:
c [Label = 371] Encoding duration: 3704ms.
c [Label = 371] Number of clauses: 1848796.
c [Label = 371] Number of variables: 404160.
c [Label = 371] Solving duration: 47 ms.
s [Label = 371] SAT (w = 195).
c [Label = 371] Label assignment: 176 176 371 371 371 176 176 176 176 176 371 176 176 371 176 176 176 371 371 371 176 371 371 176 371 371 176 176 176 371 371 371 371 371 176 176 371 176 371 176 176 371 176 371 371 371 371 371 371 371 371 371 176 176 371 176 176 371 371 371 371 371 371 371 371 176 371 176 371 176 371 176 176 176 176 176 176 371 176 176 371 371 176 371 176 176 371 176 176 176 176 176 371 371 176 371 176 371 371 371 371 176 176 371 371 371 371 176 371 176 371 176 176 176 176 371 371 371 371 371 176 371 371 371 371 371 371 176 371 371 176 371 371 371 371 176 176 371 176 371 371 371 176 176 176 176 176 176 371 176 176 371 176 176 371 371 371 371 176 176 176 176 371 176 371 371 176 371 176 176 176 176 371 371 176 371 371 371 176 176 176 176 176 176 176 371 371 371 371 176 176 371 176 371 371 371 176 176 176 371 176 176 176 371 371 371 176 176 371 176 176 371 176 371 176 176 371 176 371 371 371 371 176 176 176 371 176 371 371 176 371 176 176 371 371 371 371 176 176 176 371 371 176 176 371 371 371 371 176 176 176 176 371 371 371 371 176 371 371 176 176 371 176 176 371 371 371 371 371 371 176 371 371 176 176 176 371 176 371 371 371 176 371 176 371 371 176 371 371 176 176 371 371 371 371 371 176 176 371 371 176 176 176 176 176 371 176 176 176 176 371 371 176 371 176 371 176 176 371 176 371 371 176 176 371 176 176 371 371 176 176 176 371 371 371 371 371 371 176 176 371 371 176 371 371 176 371 176 371 176 176 176 371 176 371 176 176 176 176 176 176 176 176 371 176 371 371 371 371 176 371 176 176 176 176 371 176 176 371 176 176 176 371 371 371 176 371 176 176 176 176 371 176 371 371 371 176 176 176 371 371 371 176 176 371 176 371 176 176 371 176 371 371 371 371 176 176 176 371 176 176 176 176 371 371 371 176 176 176 176 371 176 176 371 371 371 371 176 371 371 176 176 371 176 176 176 371 176 176 371 176 371 371 371 371 176 176 176 176 176 371 371 176 176 371 176 371 371 371 371 176 371 371 176 176 371 176 371 176 371 371 176 176 371 176 176 176 176 371 176 176 176 176 371 176 371 176 371 176 176 371 176 371 371 371 371 371 371 176 371 371 371 371 371 371 371 176 371 176 371 176 176 176 371 176 176 371 371 371 176 371 176 176 371 371 176 176 176 371 176 176 176 176 1 371 371 
c [Signal] Signal interruption. Caught signal: SIGTERM (15).
c [Label = 364] Minimize Makespan Labeling problem (S-sherman4.mtx.rnd):
c [Main] Child pid 371 - 60148 terminated by signal 15.
c [Main] Child pid 372 - 60147 terminated by signal 15.
c [Label = 363] Minimize Makespan Labeling problem (S-sherman4.mtx.rnd):
c [Label = 362] Minimize Makespan Labeling problem (S-sherman4.mtx.rnd):
c [Label = 366] Encoding starts with target value = 195:
c [Label = 366] Encoding duration: 3432ms.
c [Label = 366] Number of clauses: 1808324.
c [Label = 366] Number of variables: 398700.
c [Label = 366] Solving duration: 46 ms.
s [Label = 366] SAT (w = 195).
c [Label = 366] Label assignment: 171 171 366 366 366 171 171 171 171 171 366 171 171 366 171 171 171 366 366 366 171 366 366 171 366 366 171 171 171 366 366 366 366 366 171 171 366 171 366 171 171 366 171 366 366 366 366 366 366 366 366 366 171 171 366 171 171 366 366 366 366 366 366 366 366 171 366 171 366 171 366 171 171 171 171 171 171 366 171 171 366 366 171 366 171 171 366 171 171 171 171 171 366 366 171 366 171 366 366 366 366 171 171 366 366 366 366 171 366 171 366 171 171 171 171 366 366 366 366 366 171 366 366 366 366 366 366 171 366 366 171 366 366 366 366 171 171 366 171 366 366 366 171 171 171 171 171 171 366 171 171 366 171 171 366 366 366 366 171 171 171 171 366 171 366 366 171 366 171 171 171 171 366 366 171 366 366 366 171 171 171 171 171 171 171 366 366 366 366 171 171 366 171 366 366 366 171 171 171 366 171 171 171 366 366 366 171 171 366 171 171 366 171 366 171 171 366 171 366 366 366 366 171 171 171 366 171 366 366 171 366 171 171 366 366 366 366 171 171 171 366 366 171 171 366 366 366 366 171 171 171 171 366 366 366 366 171 366 366 171 171 366 171 171 366 366 366 366 366 366 171 366 366 171 171 171 366 171 366 366 366 171 366 171 366 366 171 366 366 171 171 366 366 366 366 366 171 171 366 366 171 171 171 171 171 366 171 171 171 171 366 366 171 366 171 366 171 171 366 171 366 366 171 171 366 171 171 366 366 171 171 171 366 366 366 366 366 366 171 171 366 366 171 366 366 171 366 171 366 171 171 171 366 171 366 171 171 171 171 171 171 171 171 366 171 366 366 366 366 171 366 171 171 171 171 366 171 171 366 171 171 171 366 366 366 171 366 171 171 171 171 366 171 366 366 366 171 171 171 366 366 366 171 171 366 171 366 171 171 366 171 366 366 366 366 171 171 171 366 171 171 171 171 366 366 366 171 171 171 171 366 171 171 366 366 366 366 171 366 366 171 171 366 171 171 171 366 171 171 366 171 366 366 366 366 171 171 171 171 171 366 366 171 171 366 171 366 366 366 366 171 366 366 171 171 366 171 366 171 366 366 171 171 366 171 171 171 171 366 171 171 171 171 366 171 366 171 366 171 171 366 171 366 366 366 366 366 366 171 366 366 366 366 366 366 366 171 366 171 366 171 171 171 366 171 171 366 366 366 171 366 171 171 366 366 171 171 171 366 171 171 171 171 1 366 366 
c [Label = 363] Encoding starts with target value = 195:
c [Label = 363] Encoding duration: 3375ms.
c [Label = 363] Number of clauses: 1784040.
c [Label = 363] Number of variables: 395424.
c [Label = 363] Solving duration: 40 ms.
s [Label = 363] SAT (w = 195).
c [Label = 363] Label assignment: 168 168 363 363 363 168 168 168 168 168 363 168 168 363 168 168 168 363 363 363 168 363 363 168 363 363 168 168 168 363 363 363 363 363 168 168 363 168 363 168 168 363 168 363 363 363 363 363 363 363 363 363 168 168 363 168 168 363 363 363 363 363 363 363 363 168 363 168 363 168 363 168 168 168 168 168 168 363 168 168 363 363 168 363 168 168 363 168 168 168 168 168 363 363 168 363 168 363 363 363 363 168 168 363 363 363 363 168 363 168 363 168 168 168 168 363 363 363 363 363 168 363 363 363 363 363 363 168 363 363 168 363 363 363 363 168 168 363 168 363 363 363 168 168 168 168 168 168 363 168 168 363 168 168 363 363 363 363 168 168 168 168 363 168 363 363 168 363 168 168 168 168 363 363 168 363 363 363 168 168 168 168 168 168 168 363 363 363 363 168 168 363 168 363 363 363 168 168 168 363 168 168 168 363 363 363 168 168 363 168 168 363 168 363 168 168 363 168 363 363 363 363 168 168 168 363 168 363 363 168 363 168 168 363 363 363 363 168 168 168 363 363 168 168 363 363 363 363 168 168 168 168 363 363 363 363 168 363 363 168 168 363 168 168 363 363 363 363 363 363 168 363 363 168 168 168 363 168 363 363 363 168 363 168 363 363 168 363 363 168 168 363 363 363 363 363 168 168 363 363 168 168 168 168 168 363 168 168 168 168 363 363 168 363 168 363 168 168 363 168 363 363 168 168 363 168 168 363 363 168 168 168 363 363 363 363 363 363 168 168 363 363 168 363 363 168 363 168 363 168 168 168 363 168 363 168 168 168 168 168 168 168 168 363 168 363 363 363 363 168 363 168 168 168 168 363 168 168 363 168 168 168 363 363 363 168 363 168 168 168 168 363 168 363 363 363 168 168 168 363 363 363 168 168 363 168 363 168 168 363 168 363 363 363 363 168 168 168 363 168 168 168 168 363 363 363 168 168 168 168 363 168 168 363 363 363 363 168 363 363 168 168 363 168 168 168 363 168 168 363 168 363 363 363 363 168 168 168 168 168 363 363 168 168 363 168 363 363 363 363 168 363 363 168 168 363 168 363 168 363 363 168 168 363 168 168 168 168 363 168 168 168 168 363 168 363 168 363 168 168 363 168 363 363 363 363 363 363 168 363 363 363 363 363 363 363 168 363 168 363 168 168 168 363 168 168 363 363 363 168 363 168 168 363 363 168 168 168 363 168 168 168 168 1 363 363 
c [Main] Lowest label SAT is set to 366.
c [Main] Kill higher label pid 367.
c [Main] Kill higher label pid 368.
c [Main] Kill higher label pid 369.
c [Label = 367] Encoding starts with target value = 195:
c [Label = 367] Encoding duration: 3582ms.
c [Label = 367] Number of clauses: 1816418.
c [Label = 367] Number of variables: 399792.
c [Label = 367] Solving duration: 39 ms.
s [Label = 367] SAT (w = 195).
c [Label = 367] Label assignment: 172 172 367 367 367 172 172 172 172 172 367 172 172 367 172 172 172 367 367 367 172 367 367 172 367 367 172 172 172 367 367 367 367 367 172 172 367 172 367 172 172 367 172 367 367 367 367 367 367 367 367 367 172 172 367 172 172 367 367 367 367 367 367 367 367 172 367 172 367 172 367 172 172 172 172 172 172 367 172 172 367 367 172 367 172 172 367 172 172 172 172 172 367 367 172 367 172 367 367 367 367 172 172 367 367 367 367 172 367 172 367 172 172 172 172 367 367 367 367 367 172 367 367 367 367 367 367 172 367 367 172 367 367 367 367 172 172 367 172 367 367 367 172 172 172 172 172 172 367 172 172 367 172 172 367 367 367 367 172 172 172 172 367 172 367 367 172 367 172 172 172 172 367 367 172 367 367 367 172 172 172 172 172 172 172 367 367 367 367 172 172 367 172 367 367 367 172 172 172 367 172 172 172 367 367 367 172 172 367 172 172 367 172 367 172 172 367 172 367 367 367 367 172 172 172 367 172 367 367 172 367 172 172 367 367 367 367 172 172 172 367 367 172 172 367 367 367 367 172 172 172 172 367 367 367 367 172 367 367 172 172 367 172 172 367 367 367 367 367 367 172 367 367 172 172 172 367 172 367 367 367 172 367 172 367 367 172 367 367 172 172 367 367 367 367 367 172 172 367 367 172 172 172 172 172 367 172 172 172 172 367 367 172 367 172 367 172 172 367 172 367 367 172 172 367 172 172 367 367 172 172 172 367 367 367 367 367 367 172 172 367 367 172 367 367 172 367 172 367 172 172 172 367 172 367 172 172 172 172 172 172 172 172 367 172 367 367 367 367 172 367 172 172 172 172 367 172 172 367 172 172 172 367 367 367 172 367 172 172 172 172 367 172 367 367 367 172 172 172 367 367 367 172 172 367 172 367 172 172 367 172 367 367 367 367 172 172 172 367 172 172 172 172 367 367 367 172 172 172 172 367 172 172 367 367 367 367 172 367 367 172 172 367 172 172 172 367 172 172 367 172 367 367 367 367 172 172 172 172 172 367 367 172 172 367 172 367 367 367 367 172 367 367 172 172 367 172 367 172 367 367 172 172 367 172 172 172 172 367 172 172 172 172 367 172 367 172 367 172 172 367 172 367 367 367 367 367 367 172 367 367 367 367 367 367 367 172 367 172 367 172 172 172 367 172 172 367 367 367 172 367 172 172 367 367 172 172 172 367 172 172 172 172 1 367 367 
c [Signal] Signal interruption. Caught signal: SIGTERM (15).
c [Label = 368] Encoding starts with target value = 195:
c [Label = 368] Encoding duration: 3572ms.
c [Label = 368] Number of clauses: 1824513.
c [Label = 368] Number of variables: 400884.
c [Label = 368] Solving duration: 48 ms.
s [Label = 368] SAT (w = 195).
c [Label = 368] Label assignment: 173 173 368 368 368 173 173 173 173 173 368 173 173 368 173 173 173 368 368 368 173 368 368 173 368 368 173 173 173 368 368 368 368 368 173 173 368 173 368 173 173 368 173 368 368 368 368 368 368 368 368 368 173 173 368 173 173 368 368 368 368 368 368 368 368 173 368 173 368 173 368 173 173 173 173 173 173 368 173 173 368 368 173 368 173 173 368 173 173 173 173 173 368 368 173 368 173 368 368 368 368 173 173 368 368 368 368 173 368 173 368 173 173 173 173 368 368 368 368 368 173 368 368 368 368 368 368 173 368 368 173 368 368 368 368 173 173 368 173 368 368 368 173 173 173 173 173 173 368 173 173 368 173 173 368 368 368 368 173 173 173 173 368 173 368 368 173 368 173 173 173 173 368 368 173 368 368 368 173 173 173 173 173 173 173 368 368 368 368 173 173 368 173 368 368 368 173 173 173 368 173 173 173 368 368 368 173 173 368 173 173 368 173 368 173 173 368 173 368 368 368 368 173 173 173 368 173 368 368 173 368 173 173 368 368 368 368 173 173 173 368 368 173 173 368 368 368 368 173 173 173 173 368 368 368 368 173 368 368 173 173 368 173 173 368 368 368 368 368 368 173 368 368 173 173 173 368 173 368 368 368 173 368 173 368 368 173 368 368 173 173 368 368 368 368 368 173 173 368 368 173 173 173 173 173 368 173 173 173 173 368 368 173 368 173 368 173 173 368 173 368 368 173 173 368 173 173 368 368 173 173 173 368 368 368 368 368 368 173 173 368 368 173 368 368 173 368 173 368 173 173 173 368 173 368 173 173 173 173 173 173 173 173 368 173 368 368 368 368 173 368 173 173 173 173 368 173 173 368 173 173 173 368 368 368 173 368 173 173 173 173 368 173 368 368 368 173 173 173 368 368 368 173 173 368 173 368 173 173 368 173 368 368 368 368 173 173 173 368 173 173 173 173 368 368 368 173 173 173 173 368 173 173 368 368 368 368 173 368 368 173 173 368 173 173 173 368 173 173 368 173 368 368 368 368 173 173 173 173 173 368 368 173 173 368 173 368 368 368 368 173 368 368 173 173 368 173 368 173 368 368 173 173 368 173 173 173 173 368 173 173 173 173 368 173 368 173 368 173 173 368 173 368 368 368 368 368 368 173 368 368 368 368 368 368 368 173 368 173 368 173 173 173 368 173 173 368 368 368 173 368 173 173 368 368 173 173 173 368 173 173 173 173 1 368 368 
c [Signal] Signal interruption. Caught signal: SIGTERM (15).
c [Label = 369] Encoding starts with target value = 195:
c [Label = 369] Encoding duration: 3533ms.
c [Label = 369] Number of clauses: 1832607.
c [Label = 369] Number of variables: 401976.
c [Label = 369] Solving duration: 50 ms.
s [Label = 369] SAT (w = 195).
c [Label = 369] Label assignment: 174 174 369 369 369 174 174 174 174 174 369 174 174 369 174 174 174 369 369 369 174 369 369 174 369 369 174 174 174 369 369 369 369 369 174 174 369 174 369 174 174 369 174 369 369 369 369 369 369 369 369 369 174 174 369 174 174 369 369 369 369 369 369 369 369 174 369 174 369 174 369 174 174 174 174 174 174 369 174 174 369 369 174 369 174 174 369 174 174 174 174 174 369 369 174 369 174 369 369 369 369 174 174 369 369 369 369 174 369 174 369 174 174 174 174 369 369 369 369 369 174 369 369 369 369 369 369 174 369 369 174 369 369 369 369 174 174 369 174 369 369 369 174 174 174 174 174 174 369 174 174 369 174 174 369 369 369 369 174 174 174 174 369 174 369 369 174 369 174 174 174 174 369 369 174 369 369 369 174 174 174 174 174 174 174 369 369 369 369 174 174 369 174 369 369 369 174 174 174 369 174 174 174 369 369 369 174 174 369 174 174 369 174 369 174 174 369 174 369 369 369 369 174 174 174 369 174 369 369 174 369 174 174 369 369 369 369 174 174 174 369 369 174 174 369 369 369 369 174 174 174 174 369 369 369 369 174 369 369 174 174 369 174 174 369 369 369 369 369 369 174 369 369 174 174 174 369 174 369 369 369 174 369 174 369 369 174 369 369 174 174 369 369 369 369 369 174 174 369 369 174 174 174 174 174 369 174 174 174 174 369 369 174 369 174 369 174 174 369 174 369 369 174 174 369 174 174 369 369 174 174 174 369 369 369 369 369 369 174 174 369 369 174 369 369 174 369 174 369 174 174 174 369 174 369 174 174 174 174 174 174 174 174 369 174 369 369 369 369 174 369 174 174 174 174 369 174 174 369 174 174 174 369 369 369 174 369 174 174 174 174 369 174 369 369 369 174 174 174 369 369 369 174 174 369 174 369 174 174 369 174 369 369 369 369 174 174 174 369 174 174 174 174 369 369 369 174 174 174 174 369 174 174 369 369 369 369 174 369 369 174 174 369 174 174 174 369 174 174 369 174 369 369 369 369 174 174 174 174 174 369 369 174 174 369 174 369 369 369 369 174 369 369 174 174 369 174 369 174 369 369 174 174 369 174 174 174 174 369 174 174 174 174 369 174 369 174 369 174 174 369 174 369 369 369 369 369 369 174 369 369 369 369 369 369 369 174 369 174 369 174 174 174 369 174 174 369 369 369 174 369 174 174 369 369 174 174 174 369 174 174 174 174 1 369 369 
c [Signal] Signal interruption. Caught signal: SIGTERM (15).
c [Label = 361] Minimize Makespan Labeling problem (S-sherman4.mtx.rnd):
c [Label = 365] Encoding starts with target value = 195:
c [Label = 365] Encoding duration: 3456ms.
c [Label = 365] Number of clauses: 1800229.
c [Label = 365] Number of variables: 397608.
c [Label = 365] Solving duration: 37 ms.
s [Label = 365] SAT (w = 195).
c [Label = 365] Label assignment: 170 170 365 365 365 170 170 170 170 170 365 170 170 365 170 170 170 365 365 365 170 365 365 170 365 365 170 170 170 365 365 365 365 365 170 170 365 170 365 170 170 365 170 365 365 365 365 365 365 365 365 365 170 170 365 170 170 365 365 365 365 365 365 365 365 170 365 170 365 170 365 170 170 170 170 170 170 365 170 170 365 365 170 365 170 170 365 170 170 170 170 170 365 365 170 365 170 365 365 365 365 170 170 365 365 365 365 170 365 170 365 170 170 170 170 365 365 365 365 365 170 365 365 365 365 365 365 170 365 365 170 365 365 365 365 170 170 365 170 365 365 365 170 170 170 170 170 170 365 170 170 365 170 170 365 365 365 365 170 170 170 170 365 170 365 365 170 365 170 170 170 170 365 365 170 365 365 365 170 170 170 170 170 170 170 365 365 365 365 170 170 365 170 365 365 365 170 170 170 365 170 170 170 365 365 365 170 170 365 170 170 365 170 365 170 170 365 170 365 365 365 365 170 170 170 365 170 365 365 170 365 170 170 365 365 365 365 170 170 170 365 365 170 170 365 365 365 365 170 170 170 170 365 365 365 365 170 365 365 170 170 365 170 170 365 365 365 365 365 365 170 365 365 170 170 170 365 170 365 365 365 170 365 170 365 365 170 365 365 170 170 365 365 365 365 365 170 170 365 365 170 170 170 170 170 365 170 170 170 170 365 365 170 365 170 365 170 170 365 170 365 365 170 170 365 170 170 365 365 170 170 170 365 365 365 365 365 365 170 170 365 365 170 365 365 170 365 170 365 170 170 170 365 170 365 170 170 170 170 170 170 170 170 365 170 365 365 365 365 170 365 170 170 170 170 365 170 170 365 170 170 170 365 365 365 170 365 170 170 170 170 365 170 365 365 365 170 170 170 365 365 365 170 170 365 170 365 170 170 365 170 365 365 365 365 170 170 170 365 170 170 170 170 365 365 365 170 170 170 170 365 170 170 365 365 365 365 170 365 365 170 170 365 170 170 170 365 170 170 365 170 365 365 365 365 170 170 170 170 170 365 365 170 170 365 170 365 365 365 365 170 365 365 170 170 365 170 365 170 365 365 170 170 365 170 170 170 170 365 170 170 170 170 365 170 365 170 365 170 170 365 170 365 365 365 365 365 365 170 365 365 365 365 365 365 365 170 365 170 365 170 170 170 365 170 170 365 365 365 170 365 170 170 365 365 170 170 170 365 170 170 170 170 1 365 365 
c [Main] Lowest label SAT is set to 363.
c [Main] Kill higher label pid 364.
c [Main] Kill higher label pid 365.
c [Main] Kill higher label pid 367.
c [Main] Kill higher label pid 368.
c [Main] Kill higher label pid 369.
c [Label = 364] Encoding starts with target value = 195:
c [Label = 364] Encoding duration: 3549ms.
c [Label = 364] Number of clauses: 1792135.
c [Label = 364] Number of variables: 396516.
c [Label = 364] Solving duration: 40 ms.
s [Label = 364] SAT (w = 195).
c [Label = 364] Label assignment: 169 169 364 364 364 169 169 169 169 169 364 169 169 364 169 169 169 364 364 364 169 364 364 169 364 364 169 169 169 364 364 364 364 364 169 169 364 169 364 169 169 364 169 364 364 364 364 364 364 364 364 364 169 169 364 169 169 364 364 364 364 364 364 364 364 169 364 169 364 169 364 169 169 169 169 169 169 364 169 169 364 364 169 364 169 169 364 169 169 169 169 169 364 364 169 364 169 364 364 364 364 169 169 364 364 364 364 169 364 169 364 169 169 169 169 364 364 364 364 364 169 364 364 364 364 364 364 169 364 364 169 364 364 364 364 169 169 364 169 364 364 364 169 169 169 169 169 169 364 169 169 364 169 169 364 364 364 364 169 169 169 169 364 169 364 364 169 364 169 169 169 169 364 364 169 364 364 364 169 169 169 169 169 169 169 364 364 364 364 169 169 364 169 364 364 364 169 169 169 364 169 169 169 364 364 364 169 169 364 169 169 364 169 364 169 169 364 169 364 364 364 364 169 169 169 364 169 364 364 169 364 169 169 364 364 364 364 169 169 169 364 364 169 169 364 364 364 364 169 169 169 169 364 364 364 364 169 364 364 169 169 364 169 169 364 364 364 364 364 364 169 364 364 169 169 169 364 169 364 364 364 169 364 169 364 364 169 364 364 169 169 364 364 364 364 364 169 169 364 364 169 169 169 169 169 364 169 169 169 169 364 364 169 364 169 364 169 169 364 169 364 364 169 169 364 169 169 364 364 169 169 169 364 364 364 364 364 364 169 169 364 364 169 364 364 169 364 169 364 169 169 169 364 169 364 169 169 169 169 169 169 169 169 364 169 364 364 364 364 169 364 169 169 169 169 364 169 169 364 169 169 169 364 364 364 169 364 169 169 169 169 364 169 364 364 364 169 169 169 364 364 364 169 169 364 169 364 169 169 364 169 364 364 364 364 169 169 169 364 169 169 169 169 364 364 364 169 169 169 169 364 169 169 364 364 364 364 169 364 364 169 169 364 169 169 169 364 169 169 364 169 364 364 364 364 169 169 169 169 169 364 364 169 169 364 169 364 364 364 364 169 364 364 169 169 364 169 364 169 364 364 169 169 364 169 169 169 169 364 169 169 169 169 364 169 364 169 364 169 169 364 169 364 364 364 364 364 364 169 364 364 364 364 364 364 364 169 364 169 364 169 169 169 364 169 169 364 364 364 169 364 169 169 364 364 169 169 169 364 169 169 169 169 1 364 364 
c [Signal] Signal interruption. Caught signal: SIGTERM (15).
c [Label = 360] Minimize Makespan Labeling problem (S-sherman4.mtx.rnd):
c [Main] Child pid 367 - 60154 terminated by signal 15.
c [Main] Child pid 369 - 60152 terminated by signal 15.
c [Label = 358] Minimize Makespan Labeling problem (S-sherman4.mtx.rnd):
c [Label = 359] Minimize Makespan Labeling problem (S-sherman4.mtx.rnd):
c [Main] Child pid 368 - 60153 terminated by signal 15.
c [Label = 357] Minimize Makespan Labeling problem (S-sherman4.mtx.rnd):
c [Label = 362] Encoding starts with target value = 195:
c [Label = 362] Encoding duration: 3468ms.
c [Label = 362] Number of clauses: 1775946.
c [Label = 362] Number of variables: 394332.
c [Label = 362] Solving duration: 37 ms.
s [Label = 362] SAT (w = 195).
c [Label = 362] Label assignment: 167 167 362 362 362 167 167 167 167 167 362 167 167 362 167 167 167 362 362 362 167 362 362 167 362 362 167 167 167 362 362 362 362 362 167 167 362 167 362 167 167 362 167 362 362 362 362 362 362 362 362 362 167 167 362 167 167 362 362 362 362 362 362 362 362 167 362 167 362 167 362 167 167 167 167 167 167 362 167 167 362 362 167 362 167 167 362 167 167 167 167 167 362 362 167 362 167 362 362 362 362 167 167 362 362 362 362 167 362 167 362 167 167 167 167 362 362 362 362 362 167 362 362 362 362 362 362 167 362 362 167 362 362 362 362 167 167 362 167 362 362 362 167 167 167 167 167 167 362 167 167 362 167 167 362 362 362 362 167 167 167 167 362 167 362 362 167 362 167 167 167 167 362 362 167 362 362 362 167 167 167 167 167 167 167 362 362 362 362 167 167 362 167 362 362 362 167 167 167 362 167 167 167 362 362 362 167 167 362 167 167 362 167 362 167 167 362 167 362 362 362 362 167 167 167 362 167 362 362 167 362 167 167 362 362 362 362 167 167 167 362 362 167 167 362 362 362 362 167 167 167 167 362 362 362 362 167 362 362 167 167 362 167 167 362 362 362 362 362 362 167 362 362 167 167 167 362 167 362 362 362 167 362 167 362 362 167 362 362 167 167 362 362 362 362 362 167 167 362 362 167 167 167 167 167 362 167 167 167 167 362 362 167 362 167 362 167 167 362 167 362 362 167 167 362 167 167 362 362 167 167 167 362 362 362 362 362 362 167 167 362 362 167 362 362 167 362 167 362 167 167 167 362 167 362 167 167 167 167 167 167 167 167 362 167 362 362 362 362 167 362 167 167 167 167 362 167 167 362 167 167 167 362 362 362 167 362 167 167 167 167 362 167 362 362 362 167 167 167 362 362 362 167 167 362 167 362 167 167 362 167 362 362 362 362 167 167 167 362 167 167 167 167 362 362 362 167 167 167 167 362 167 167 362 362 362 362 167 362 362 167 167 362 167 167 167 362 167 167 362 167 362 362 362 362 167 167 167 167 167 362 362 167 167 362 167 362 362 362 362 167 362 362 167 167 362 167 362 167 362 362 167 167 362 167 167 167 167 362 167 167 167 167 362 167 362 167 362 167 167 362 167 362 362 362 362 362 362 167 362 362 362 362 362 362 362 167 362 167 362 167 167 167 362 167 167 362 362 362 167 362 167 167 362 362 167 167 167 362 167 167 167 167 1 362 362 
c [Label = 356] Minimize Makespan Labeling problem (S-sherman4.mtx.rnd):
c [Main] Child pid 364 - 60157 terminated by signal 15.
c [Label = 355] Minimize Makespan Labeling problem (S-sherman4.mtx.rnd):
c [Main] Lowest label SAT is set to 362.
c [Label = 354] Minimize Makespan Labeling problem (S-sherman4.mtx.rnd):
c [Label = 354] Encoding starts with target value = 195:
c [Label = 354] Encoding duration: 3236ms.
c [Label = 354] Number of clauses: 1711190.
c [Label = 354] Number of variables: 385596.
c [Label = 354] Solving duration: 41 ms.
s [Label = 354] SAT (w = 195).
c [Label = 354] Label assignment: 159 159 354 354 354 159 159 159 159 159 354 159 159 354 159 159 159 354 354 354 159 354 354 159 354 354 159 159 159 354 354 354 354 354 159 159 354 159 354 159 159 354 159 354 354 354 354 354 354 354 354 354 159 159 354 159 159 354 354 354 354 354 354 354 354 159 354 159 354 159 354 159 159 159 159 159 159 354 159 159 354 354 159 354 159 159 354 159 159 159 159 159 354 354 159 354 159 354 354 354 354 159 159 354 354 354 354 159 354 159 354 159 159 159 159 354 354 354 354 354 159 354 354 354 354 354 354 159 354 354 159 354 354 354 354 159 159 354 159 354 354 354 159 159 159 159 159 159 354 159 159 354 159 159 354 354 354 354 159 159 159 159 354 159 354 354 159 354 159 159 159 159 354 354 159 354 354 354 159 159 159 159 159 159 159 354 354 354 354 159 159 354 159 354 354 354 159 159 159 354 159 159 159 354 354 354 159 159 354 159 159 354 159 354 159 159 354 159 354 354 354 354 159 159 159 354 159 354 354 159 354 159 159 354 354 354 354 159 159 159 354 354 159 159 354 354 354 354 159 159 159 159 354 354 354 354 159 354 354 159 159 354 159 159 354 354 354 354 354 354 159 354 354 159 159 159 354 159 354 354 354 159 354 159 354 354 159 354 354 159 159 354 354 354 354 354 159 159 354 354 159 159 159 159 159 354 159 159 159 159 354 354 159 354 159 354 159 159 354 159 354 354 159 159 354 159 159 354 354 159 159 159 354 354 354 354 354 354 159 159 354 354 159 354 354 159 354 159 354 159 159 159 354 159 354 159 159 159 159 159 159 159 159 354 159 354 354 354 354 159 354 159 159 159 159 354 159 159 354 159 159 159 354 354 354 159 354 159 159 159 159 354 159 354 354 354 159 159 159 354 354 354 159 159 354 159 354 159 159 354 159 354 354 354 354 159 159 159 354 159 159 159 159 354 354 354 159 159 159 159 354 159 159 354 354 354 354 159 354 354 159 159 354 159 159 159 354 159 159 354 159 354 354 354 354 159 159 159 159 159 354 354 159 159 354 159 354 354 354 354 159 354 354 159 159 354 159 354 159 354 354 159 159 354 159 159 159 159 354 159 159 159 159 354 159 354 159 354 159 159 354 159 354 354 354 354 354 354 159 354 354 354 354 354 354 354 159 354 159 354 159 159 159 354 159 159 354 354 354 159 354 159 159 354 354 159 159 159 354 159 159 159 159 1 354 354 
c [Label = 356] Encoding starts with target value = 195:
c [Label = 356] Encoding duration: 3271ms.
c [Label = 356] Number of clauses: 1727379.
c [Label = 356] Number of variables: 387780.
c [Label = 356] Solving duration: 44 ms.
s [Label = 356] SAT (w = 195).
c [Label = 356] Label assignment: 161 161 356 356 356 161 161 161 161 161 356 161 161 356 161 161 161 356 356 356 161 356 356 161 356 356 161 161 161 356 356 356 356 356 161 161 356 161 356 161 161 356 161 356 356 356 356 356 356 356 356 356 161 161 356 161 161 356 356 356 356 356 356 356 356 161 356 161 356 161 356 161 161 161 161 161 161 356 161 161 356 356 161 356 161 161 356 161 161 161 161 161 356 356 161 356 161 356 356 356 356 161 161 356 356 356 356 161 356 161 356 161 161 161 161 356 356 356 356 356 161 356 356 356 356 356 356 161 356 356 161 356 356 356 356 161 161 356 161 356 356 356 161 161 161 161 161 161 356 161 161 356 161 161 356 356 356 356 161 161 161 161 356 161 356 356 161 356 161 161 161 161 356 356 161 356 356 356 161 161 161 161 161 161 161 356 356 356 356 161 161 356 161 356 356 356 161 161 161 356 161 161 161 356 356 356 161 161 356 161 161 356 161 356 161 161 356 161 356 356 356 356 161 161 161 356 161 356 356 161 356 161 161 356 356 356 356 161 161 161 356 356 161 161 356 356 356 356 161 161 161 161 356 356 356 356 161 356 356 161 161 356 161 161 356 356 356 356 356 356 161 356 356 161 161 161 356 161 356 356 356 161 356 161 356 356 161 356 356 161 161 356 356 356 356 356 161 161 356 356 161 161 161 161 161 356 161 161 161 161 356 356 161 356 161 356 161 161 356 161 356 356 161 161 356 161 161 356 356 161 161 161 356 356 356 356 356 356 161 161 356 356 161 356 356 161 356 161 356 161 161 161 356 161 356 161 161 161 161 161 161 161 161 356 161 356 356 356 356 161 356 161 161 161 161 356 161 161 356 161 161 161 356 356 356 161 356 161 161 161 161 356 161 356 356 356 161 161 161 356 356 356 161 161 356 161 356 161 161 356 161 356 356 356 356 161 161 161 356 161 161 161 161 356 356 356 161 161 161 161 356 161 161 356 356 356 356 161 356 356 161 161 356 161 161 161 356 161 161 356 161 356 356 356 356 161 161 161 161 161 356 356 161 161 356 161 356 356 356 356 161 356 356 161 161 356 161 356 161 356 356 161 161 356 161 161 161 161 356 161 161 161 161 356 161 356 161 356 161 161 356 161 356 356 356 356 356 356 161 356 356 356 356 356 356 356 161 356 161 356 161 161 161 356 161 161 356 356 356 161 356 161 161 356 356 161 161 161 356 161 161 161 161 1 356 356 
c [Label = 358] Encoding starts with target value = 195:
c [Label = 358] Encoding duration: 3301ms.
c [Label = 358] Number of clauses: 1743568.
c [Label = 358] Number of variables: 389964.
c [Label = 358] Solving duration: 39 ms.
s [Label = 358] SAT (w = 195).
c [Label = 358] Label assignment: 163 163 358 358 358 163 163 163 163 163 358 163 163 358 163 163 163 358 358 358 163 358 358 163 358 358 163 163 163 358 358 358 358 358 163 163 358 163 358 163 163 358 163 358 358 358 358 358 358 358 358 358 163 163 358 163 163 358 358 358 358 358 358 358 358 163 358 163 358 163 358 163 163 163 163 163 163 358 163 163 358 358 163 358 163 163 358 163 163 163 163 163 358 358 163 358 163 358 358 358 358 163 163 358 358 358 358 163 358 163 358 163 163 163 163 358 358 358 358 358 163 358 358 358 358 358 358 163 358 358 163 358 358 358 358 163 163 358 163 358 358 358 163 163 163 163 163 163 358 163 163 358 163 163 358 358 358 358 163 163 163 163 358 163 358 358 163 358 163 163 163 163 358 358 163 358 358 358 163 163 163 163 163 163 163 358 358 358 358 163 163 358 163 358 358 358 163 163 163 358 163 163 163 358 358 358 163 163 358 163 163 358 163 358 163 163 358 163 358 358 358 358 163 163 163 358 163 358 358 163 358 163 163 358 358 358 358 163 163 163 358 358 163 163 358 358 358 358 163 163 163 163 358 358 358 358 163 358 358 163 163 358 163 163 358 358 358 358 358 358 163 358 358 163 163 163 358 163 358 358 358 163 358 163 358 358 163 358 358 163 163 358 358 358 358 358 163 163 358 358 163 163 163 163 163 358 163 163 163 163 358 358 163 358 163 358 163 163 358 163 358 358 163 163 358 163 163 358 358 163 163 163 358 358 358 358 358 358 163 163 358 358 163 358 358 163 358 163 358 163 163 163 358 163 358 163 163 163 163 163 163 163 163 358 163 358 358 358 358 163 358 163 163 163 163 358 163 163 358 163 163 163 358 358 358 163 358 163 163 163 163 358 163 358 358 358 163 163 163 358 358 358 163 163 358 163 358 163 163 358 163 358 358 358 358 163 163 163 358 163 163 163 163 358 358 358 163 163 163 163 358 163 163 358 358 358 358 163 358 358 163 163 358 163 163 163 358 163 163 358 163 358 358 358 358 163 163 163 163 163 358 358 163 163 358 163 358 358 358 358 163 358 358 163 163 358 163 358 163 358 358 163 163 358 163 163 163 163 358 163 163 163 163 358 163 358 163 358 163 163 358 163 358 358 358 358 358 358 163 358 358 358 358 358 358 358 163 358 163 358 163 163 163 358 163 163 358 358 358 163 358 163 163 358 358 163 163 163 358 163 163 163 163 1 358 358 
c [Label = 361] Encoding starts with target value = 195:
c [Label = 361] Encoding duration: 3383ms.
c [Label = 361] Number of clauses: 1767851.
c [Label = 361] Number of variables: 393240.
c [Label = 361] Solving duration: 36 ms.
s [Label = 361] SAT (w = 195).
c [Label = 361] Label assignment: 166 166 361 361 361 166 166 166 166 166 361 166 166 361 166 166 166 361 361 361 166 361 361 166 361 361 166 166 166 361 361 361 361 361 166 166 361 166 361 166 166 361 166 361 361 361 361 361 361 361 361 361 166 166 361 166 166 361 361 361 361 361 361 361 361 166 361 166 361 166 361 166 166 166 166 166 166 361 166 166 361 361 166 361 166 166 361 166 166 166 166 166 361 361 166 361 166 361 361 361 361 166 166 361 361 361 361 166 361 166 361 166 166 166 166 361 361 361 361 361 166 361 361 361 361 361 361 166 361 361 166 361 361 361 361 166 166 361 166 361 361 361 166 166 166 166 166 166 361 166 166 361 166 166 361 361 361 361 166 166 166 166 361 166 361 361 166 361 166 166 166 166 361 361 166 361 361 361 166 166 166 166 166 166 166 361 361 361 361 166 166 361 166 361 361 361 166 166 166 361 166 166 166 361 361 361 166 166 361 166 166 361 166 361 166 166 361 166 361 361 361 361 166 166 166 361 166 361 361 166 361 166 166 361 361 361 361 166 166 166 361 361 166 166 361 361 361 361 166 166 166 166 361 361 361 361 166 361 361 166 166 361 166 166 361 361 361 361 361 361 166 361 361 166 166 166 361 166 361 361 361 166 361 166 361 361 166 361 361 166 166 361 361 361 361 361 166 166 361 361 166 166 166 166 166 361 166 166 166 166 361 361 166 361 166 361 166 166 361 166 361 361 166 166 361 166 166 361 361 166 166 166 361 361 361 361 361 361 166 166 361 361 166 361 361 166 361 166 361 166 166 166 361 166 361 166 166 166 166 166 166 166 166 361 166 361 361 361 361 166 361 166 166 166 166 361 166 166 361 166 166 166 361 361 361 166 361 166 166 166 166 361 166 361 361 361 166 166 166 361 361 361 166 166 361 166 361 166 166 361 166 361 361 361 361 166 166 166 361 166 166 166 166 361 361 361 166 166 166 166 361 166 166 361 361 361 361 166 361 361 166 166 361 166 166 166 361 166 166 361 166 361 361 361 361 166 166 166 166 166 361 361 166 166 361 166 361 361 361 361 166 361 361 166 166 361 166 361 166 361 361 166 166 361 166 166 166 166 361 166 166 166 166 361 166 361 166 361 166 166 361 166 361 361 361 361 361 361 166 361 361 361 361 361 361 361 166 361 166 361 166 166 166 361 166 166 361 361 361 166 361 166 166 361 361 166 166 166 361 166 166 166 166 1 361 361 
c [Label = 357] Encoding starts with target value = 195:
c [Label = 357] Encoding duration: 3333ms.
c [Label = 357] Number of clauses: 1735473.
c [Label = 357] Number of variables: 388872.
c [Label = 357] Solving duration: 45 ms.
s [Label = 357] SAT (w = 195).
c [Label = 357] Label assignment: 162 162 357 357 357 162 162 162 162 162 357 162 162 357 162 162 162 357 357 357 162 357 357 162 357 357 162 162 162 357 357 357 357 357 162 162 357 162 357 162 162 357 162 357 357 357 357 357 357 357 357 357 162 162 357 162 162 357 357 357 357 357 357 357 357 162 357 162 357 162 357 162 162 162 162 162 162 357 162 162 357 357 162 357 162 162 357 162 162 162 162 162 357 357 162 357 162 357 357 357 357 162 162 357 357 357 357 162 357 162 357 162 162 162 162 357 357 357 357 357 162 357 357 357 357 357 357 162 357 357 162 357 357 357 357 162 162 357 162 357 357 357 162 162 162 162 162 162 357 162 162 357 162 162 357 357 357 357 162 162 162 162 357 162 357 357 162 357 162 162 162 162 357 357 162 357 357 357 162 162 162 162 162 162 162 357 357 357 357 162 162 357 162 357 357 357 162 162 162 357 162 162 162 357 357 357 162 162 357 162 162 357 162 357 162 162 357 162 357 357 357 357 162 162 162 357 162 357 357 162 357 162 162 357 357 357 357 162 162 162 357 357 162 162 357 357 357 357 162 162 162 162 357 357 357 357 162 357 357 162 162 357 162 162 357 357 357 357 357 357 162 357 357 162 162 162 357 162 357 357 357 162 357 162 357 357 162 357 357 162 162 357 357 357 357 357 162 162 357 357 162 162 162 162 162 357 162 162 162 162 357 357 162 357 162 357 162 162 357 162 357 357 162 162 357 162 162 357 357 162 162 162 357 357 357 357 357 357 162 162 357 357 162 357 357 162 357 162 357 162 162 162 357 162 357 162 162 162 162 162 162 162 162 357 162 357 357 357 357 162 357 162 162 162 162 357 162 162 357 162 162 162 357 357 357 162 357 162 162 162 162 357 162 357 357 357 162 162 162 357 357 357 162 162 357 162 357 162 162 357 162 357 357 357 357 162 162 162 357 162 162 162 162 357 357 357 162 162 162 162 357 162 162 357 357 357 357 162 357 357 162 162 357 162 162 162 357 162 162 357 162 357 357 357 357 162 162 162 162 162 357 357 162 162 357 162 357 357 357 357 162 357 357 162 162 357 162 357 162 357 357 162 162 357 162 162 162 162 357 162 162 162 162 357 162 357 162 357 162 162 357 162 357 357 357 357 357 357 162 357 357 357 357 357 357 357 162 357 162 357 162 162 162 357 162 162 357 357 357 162 357 162 162 357 357 162 162 162 357 162 162 162 162 1 357 357 
c [Signal] Signal interruption. Caught signal: SIGTERM (15).
c [Label = 355] Encoding starts with target value = 195:
c [Label = 355] Encoding duration: 3357ms.
c [Label = 355] Number of clauses: 1719284.
c [Label = 355] Number of variables: 386688.
c [Label = 355] Solving duration: 35 ms.
s [Label = 355] SAT (w = 195).
c [Label = 355] Label assignment: 160 160 355 355 355 160 160 160 160 160 355 160 160 355 160 160 160 355 355 355 160 355 355 160 355 355 160 160 160 355 355 355 355 355 160 160 355 160 355 160 160 355 160 355 355 355 355 355 355 355 355 355 160 160 355 160 160 355 355 355 355 355 355 355 355 160 355 160 355 160 355 160 160 160 160 160 160 355 160 160 355 355 160 355 160 160 355 160 160 160 160 160 355 355 160 355 160 355 355 355 355 160 160 355 355 355 355 160 355 160 355 160 160 160 160 355 355 355 355 355 160 355 355 355 355 355 355 160 355 355 160 355 355 355 355 160 160 355 160 355 355 355 160 160 160 160 160 160 355 160 160 355 160 160 355 355 355 355 160 160 160 160 355 160 355 355 160 355 160 160 160 160 355 355 160 355 355 355 160 160 160 160 160 160 160 355 355 355 355 160 160 355 160 355 355 355 160 160 160 355 160 160 160 355 355 355 160 160 355 160 160 355 160 355 160 160 355 160 355 355 355 355 160 160 160 355 160 355 355 160 355 160 160 355 355 355 355 160 160 160 355 355 160 160 355 355 355 355 160 160 160 160 355 355 355 355 160 355 355 160 160 355 160 160 355 355 355 355 355 355 160 355 355 160 160 160 355 160 355 355 355 160 355 160 355 355 160 355 355 160 160 355 355 355 355 355 160 160 355 355 160 160 160 160 160 355 160 160 160 160 355 355 160 355 160 355 160 160 355 160 355 355 160 160 355 160 160 355 355 160 160 160 355 355 355 355 355 355 160 160 355 355 160 355 355 160 355 160 355 160 160 160 355 160 355 160 160 160 160 160 160 160 160 355 160 355 355 355 355 160 355 160 160 160 160 355 160 160 355 160 160 160 355 355 355 160 355 160 160 160 160 355 160 355 355 355 160 160 160 355 355 355 160 160 355 160 355 160 160 355 160 355 355 355 355 160 160 160 355 160 160 160 160 355 355 355 160 160 160 160 355 160 160 355 355 355 355 160 355 355 160 160 355 160 160 160 355 160 160 355 160 355 355 355 355 160 160 160 160 160 355 355 160 160 355 160 355 355 355 355 160 355 355 160 160 355 160 355 160 355 355 160 160 355 160 160 160 160 355 160 160 160 160 355 160 355 160 355 160 160 355 160 355 355 355 355 355 355 160 355 355 355 355 355 355 355 160 355 160 355 160 160 160 355 160 160 355 355 355 160 355 160 160 355 355 160 160 160 355 160 160 160 160 1 355 355 
c [Signal] Signal interruption. Caught signal: SIGTERM (15).
c [Main] Lowest label SAT is set to 354.
c [Main] Kill higher label pid 355.
c [Main] Kill higher label pid 356.
c [Main] Kill higher label pid 357.
c [Main] Kill higher label pid 358.
c [Main] Kill higher label pid 359.
c [Main] Kill higher label pid 360.
c [Main] Kill higher label pid 361.
c [Label = 359] Encoding starts with target value = 195:
c [Label = 359] Encoding duration: 3355ms.
c [Label = 359] Number of clauses: 1751662.
c [Label = 359] Number of variables: 391056.
c [Label = 359] Solving duration: 38 ms.
s [Label = 359] SAT (w = 195).
c [Label = 359] Label assignment: 164 164 359 359 359 164 164 164 164 164 359 164 164 359 164 164 164 359 359 359 164 359 359 164 359 359 164 164 164 359 359 359 359 359 164 164 359 164 359 164 164 359 164 359 359 359 359 359 359 359 359 359 164 164 359 164 164 359 359 359 359 359 359 359 359 164 359 164 359 164 359 164 164 164 164 164 164 359 164 164 359 359 164 359 164 164 359 164 164 164 164 164 359 359 164 359 164 359 359 359 359 164 164 359 359 359 359 164 359 164 359 164 164 164 164 359 359 359 359 359 164 359 359 359 359 359 359 164 359 359 164 359 359 359 359 164 164 359 164 359 359 359 164 164 164 164 164 164 359 164 164 359 164 164 359 359 359 359 164 164 164 164 359 164 359 359 164 359 164 164 164 164 359 359 164 359 359 359 164 164 164 164 164 164 164 359 359 359 359 164 164 359 164 359 359 359 164 164 164 359 164 164 164 359 359 359 164 164 359 164 164 359 164 359 164 164 359 164 359 359 359 359 164 164 164 359 164 359 359 164 359 164 164 359 359 359 359 164 164 164 359 359 164 164 359 359 359 359 164 164 164 164 359 359 359 359 164 359 359 164 164 359 164 164 359 359 359 359 359 359 164 359 359 164 164 164 359 164 359 359 359 164 359 164 359 359 164 359 359 164 164 359 359 359 359 359 164 164 359 359 164 164 164 164 164 359 164 164 164 164 359 359 164 359 164 359 164 164 359 164 359 359 164 164 359 164 164 359 359 164 164 164 359 359 359 359 359 359 164 164 359 359 164 359 359 164 359 164 359 164 164 164 359 164 359 164 164 164 164 164 164 164 164 359 164 359 359 359 359 164 359 164 164 164 164 359 164 164 359 164 164 164 359 359 359 164 359 164 164 164 164 359 164 359 359 359 164 164 164 359 359 359 164 164 359 164 359 164 164 359 164 359 359 359 359 164 164 164 359 164 164 164 164 359 359 359 164 164 164 164 359 164 164 359 359 359 359 164 359 359 164 164 359 164 164 164 359 164 164 359 164 359 359 359 359 164 164 164 164 164 359 359 164 164 359 164 359 359 359 359 164 359 359 164 164 359 164 359 164 359 359 164 164 359 164 164 164 164 359 164 164 164 164 359 164 359 164 359 164 164 359 164 359 359 359 359 359 359 164 359 359 359 359 359 359 359 164 359 164 359 164 164 164 359 164 164 359 359 359 164 359 164 164 359 359 164 164 164 359 164 164 164 164 1 359 359 
c [Signal] Signal interruption. Caught signal: SIGTERM (15).
c [Label = 360] Encoding starts with target value = 195:
c [Label = 360] Encoding duration: 3369ms.
c [Label = 360] Number of clauses: 1759757.
c [Label = 360] Number of variables: 392148.
c [Label = 360] Solving duration: 44 ms.
s [Label = 360] SAT (w = 195).
c [Label = 360] Label assignment: 165 165 360 360 360 165 165 165 165 165 360 165 165 360 165 165 165 360 360 360 165 360 360 165 360 360 165 165 165 360 360 360 360 360 165 165 360 165 360 165 165 360 165 360 360 360 360 360 360 360 360 360 165 165 360 165 165 360 360 360 360 360 360 360 360 165 360 165 360 165 360 165 165 165 165 165 165 360 165 165 360 360 165 360 165 165 360 165 165 165 165 165 360 360 165 360 165 360 360 360 360 165 165 360 360 360 360 165 360 165 360 165 165 165 165 360 360 360 360 360 165 360 360 360 360 360 360 165 360 360 165 360 360 360 360 165 165 360 165 360 360 360 165 165 165 165 165 165 360 165 165 360 165 165 360 360 360 360 165 165 165 165 360 165 360 360 165 360 165 165 165 165 360 360 165 360 360 360 165 165 165 165 165 165 165 360 360 360 360 165 165 360 165 360 360 360 165 165 165 360 165 165 165 360 360 360 165 165 360 165 165 360 165 360 165 165 360 165 360 360 360 360 165 165 165 360 165 360 360 165 360 165 165 360 360 360 360 165 165 165 360 360 165 165 360 360 360 360 165 165 165 165 360 360 360 360 165 360 360 165 165 360 165 165 360 360 360 360 360 360 165 360 360 165 165 165 360 165 360 360 360 165 360 165 360 360 165 360 360 165 165 360 360 360 360 360 165 165 360 360 165 165 165 165 165 360 165 165 165 165 360 360 165 360 165 360 165 165 360 165 360 360 165 165 360 165 165 360 360 165 165 165 360 360 360 360 360 360 165 165 360 360 165 360 360 165 360 165 360 165 165 165 360 165 360 165 165 165 165 165 165 165 165 360 165 360 360 360 360 165 360 165 165 165 165 360 165 165 360 165 165 165 360 360 360 165 360 165 165 165 165 360 165 360 360 360 165 165 165 360 360 360 165 165 360 165 360 165 165 360 165 360 360 360 360 165 165 165 360 165 165 165 165 360 360 360 165 165 165 165 360 165 165 360 360 360 360 165 360 360 165 165 360 165 165 165 360 165 165 360 165 360 360 360 360 165 165 165 165 165 360 360 165 165 360 165 360 360 360 360 165 360 360 165 165 360 165 360 165 360 360 165 165 360 165 165 165 165 360 165 165 165 165 360 165 360 165 360 165 165 360 165 360 360 360 360 360 360 165 360 360 360 360 360 360 360 165 360 165 360 165 165 165 360 165 165 360 360 360 165 360 165 165 360 360 165 165 165 360 165 165 165 165 1 360 360 
c [Signal] Signal interruption. Caught signal: SIGTERM (15).
c [Label = 353] Minimize Makespan Labeling problem (S-sherman4.mtx.rnd):
c [Main] Kill higher label pid 357.
c [Main] Kill higher label pid 358.
c [Main] Kill higher label pid 359.
c [Main] Kill higher label pid 360.
c [Main] Kill higher label pid 361.
c [Label = 352] Minimize Makespan Labeling problem (S-sherman4.mtx.rnd):
c [Main] Kill higher label pid 359.
c [Main] Kill higher label pid 360.
c [Main] Kill higher label pid 361.
c [Label = 351] Minimize Makespan Labeling problem (S-sherman4.mtx.rnd):
c [Label = 350] Minimize Makespan Labeling problem (S-sherman4.mtx.rnd):
c [Main] Child pid 357 - 60164 terminated by signal 15.
c [Label = 349] Minimize Makespan Labeling problem (S-sherman4.mtx.rnd):
c [Main] Child pid 360 - 60161 terminated by signal 15.
c [Label = 348] Minimize Makespan Labeling problem (S-sherman4.mtx.rnd):
c [Main] Child pid 355 - 60166 terminated by signal 15.
c [Label = 347] Minimize Makespan Labeling problem (S-sherman4.mtx.rnd):
c [Main] Child pid 359 - 60162 terminated by signal 15.
c [Label = 346] Minimize Makespan Labeling problem (S-sherman4.mtx.rnd):
c [Label = 348] Encoding starts with target value = 195:
c [Label = 348] Encoding duration: 3221ms.
c [Label = 348] Number of clauses: 1662623.
c [Label = 348] Number of variables: 379044.
c [Label = 348] Solving duration: 42 ms.
s [Label = 348] SAT (w = 195).
c [Label = 348] Label assignment: 153 153 348 348 348 153 153 153 153 153 348 153 153 348 153 153 153 348 348 348 153 348 348 153 348 348 153 153 153 348 348 348 348 348 153 153 348 153 348 153 153 348 153 348 348 348 348 348 348 348 348 348 153 153 348 153 153 348 348 348 348 348 348 348 348 153 348 153 348 153 348 153 153 153 153 153 153 348 153 153 348 348 153 348 153 153 348 153 153 153 153 153 348 348 153 348 153 348 348 348 348 153 153 348 348 348 348 153 348 153 348 153 153 153 153 348 348 348 348 348 153 348 348 348 348 348 348 153 348 348 153 348 348 348 348 153 153 348 153 348 348 348 153 153 153 153 153 153 348 153 153 348 153 153 348 348 348 348 153 153 153 153 348 153 348 348 153 348 153 153 153 153 348 348 153 348 348 348 153 153 153 153 153 153 153 348 348 348 348 153 153 348 153 348 348 348 153 153 153 348 153 153 153 348 348 348 153 153 348 153 153 348 153 348 153 153 348 153 348 348 348 348 153 153 153 348 153 348 348 153 348 153 153 348 348 348 348 153 153 153 348 348 153 153 348 348 348 348 153 153 153 153 348 348 348 348 153 348 348 153 153 348 153 153 348 348 348 348 348 348 153 348 348 153 153 153 348 153 348 348 348 153 348 153 348 348 153 348 348 153 153 348 348 348 348 348 153 153 348 348 153 153 153 153 153 348 153 153 153 153 348 348 153 348 153 348 153 153 348 153 348 348 153 153 348 153 153 348 348 153 153 153 348 348 348 348 348 348 153 153 348 348 153 348 348 153 348 153 348 153 153 153 348 153 348 153 153 153 153 153 153 153 153 348 153 348 348 348 348 153 348 153 153 153 153 348 153 153 348 153 153 153 348 348 348 153 348 153 153 153 153 348 153 348 348 348 153 153 153 348 348 348 153 153 348 153 348 153 153 348 153 348 348 348 348 153 153 153 348 153 153 153 153 348 348 348 153 153 153 153 348 153 153 348 348 348 348 153 348 348 153 153 348 153 153 153 348 153 153 348 153 348 348 348 348 153 153 153 153 153 348 348 153 153 348 153 348 348 348 348 153 348 348 153 153 348 153 348 153 348 348 153 153 348 153 153 153 153 348 153 153 153 153 348 153 348 153 348 153 153 348 153 348 348 348 348 348 348 153 348 348 348 348 348 348 348 153 348 153 348 153 153 153 348 153 153 348 348 348 153 348 153 153 348 348 153 153 153 348 153 153 153 153 1 348 348 
c [Label = 346] Encoding starts with target value = 195:
c [Label = 346] Encoding duration: 3243ms.
c [Label = 346] Number of clauses: 1646434.
c [Label = 346] Number of variables: 376860.
c [Label = 346] Solving duration: 35 ms.
s [Label = 346] SAT (w = 195).
c [Label = 346] Label assignment: 151 151 346 346 346 151 151 151 151 151 346 151 151 346 151 151 151 346 346 346 151 346 346 151 346 346 151 151 151 346 346 346 346 346 151 151 346 151 346 151 151 346 151 346 346 346 346 346 346 346 346 346 151 151 346 151 151 346 346 346 346 346 346 346 346 151 346 151 346 151 346 151 151 151 151 151 151 346 151 151 346 346 151 346 151 151 346 151 151 151 151 151 346 346 151 346 151 346 346 346 346 151 151 346 346 346 346 151 346 151 346 151 151 151 151 346 346 346 346 346 151 346 346 346 346 346 346 151 346 346 151 346 346 346 346 151 151 346 151 346 346 346 151 151 151 151 151 151 346 151 151 346 151 151 346 346 346 346 151 151 151 151 346 151 346 346 151 346 151 151 151 151 346 346 151 346 346 346 151 151 151 151 151 151 151 346 346 346 346 151 151 346 151 346 346 346 151 151 151 346 151 151 151 346 346 346 151 151 346 151 151 346 151 346 151 151 346 151 346 346 346 346 151 151 151 346 151 346 346 151 346 151 151 346 346 346 346 151 151 151 346 346 151 151 346 346 346 346 151 151 151 151 346 346 346 346 151 346 346 151 151 346 151 151 346 346 346 346 346 346 151 346 346 151 151 151 346 151 346 346 346 151 346 151 346 346 151 346 346 151 151 346 346 346 346 346 151 151 346 346 151 151 151 151 151 346 151 151 151 151 346 346 151 346 151 346 151 151 346 151 346 346 151 151 346 151 151 346 346 151 151 151 346 346 346 346 346 346 151 151 346 346 151 346 346 151 346 151 346 151 151 151 346 151 346 151 151 151 151 151 151 151 151 346 151 346 346 346 346 151 346 151 151 151 151 346 151 151 346 151 151 151 346 346 346 151 346 151 151 151 151 346 151 346 346 346 151 151 151 346 346 346 151 151 346 151 346 151 151 346 151 346 346 346 346 151 151 151 346 151 151 151 151 346 346 346 151 151 151 151 346 151 151 346 346 346 346 151 346 346 151 151 346 151 151 151 346 151 151 346 151 346 346 346 346 151 151 151 151 151 346 346 151 151 346 151 346 346 346 346 151 346 346 151 151 346 151 346 151 346 346 151 151 346 151 151 151 151 346 151 151 151 151 346 151 346 151 346 151 151 346 151 346 346 346 346 346 346 151 346 346 346 346 346 346 346 151 346 151 346 151 151 151 346 151 151 346 346 346 151 346 151 151 346 346 151 151 151 346 151 151 151 151 1 346 346 
c [Label = 347] Encoding starts with target value = 195:
c [Label = 347] Encoding duration: 3260ms.
c [Label = 347] Number of clauses: 1654528.
c [Label = 347] Number of variables: 377952.
c [Label = 347] Solving duration: 42 ms.
s [Label = 347] SAT (w = 195).
c [Label = 347] Label assignment: 152 152 347 347 347 152 152 152 152 152 347 152 152 347 152 152 152 347 347 347 152 347 347 152 347 347 152 152 152 347 347 347 347 347 152 152 347 152 347 152 152 347 152 347 347 347 347 347 347 347 347 347 152 152 347 152 152 347 347 347 347 347 347 347 347 152 347 152 347 152 347 152 152 152 152 152 152 347 152 152 347 347 152 347 152 152 347 152 152 152 152 152 347 347 152 347 152 347 347 347 347 152 152 347 347 347 347 152 347 152 347 152 152 152 152 347 347 347 347 347 152 347 347 347 347 347 347 152 347 347 152 347 347 347 347 152 152 347 152 347 347 347 152 152 152 152 152 152 347 152 152 347 152 152 347 347 347 347 152 152 152 152 347 152 347 347 152 347 152 152 152 152 347 347 152 347 347 347 152 152 152 152 152 152 152 347 347 347 347 152 152 347 152 347 347 347 152 152 152 347 152 152 152 347 347 347 152 152 347 152 152 347 152 347 152 152 347 152 347 347 347 347 152 152 152 347 152 347 347 152 347 152 152 347 347 347 347 152 152 152 347 347 152 152 347 347 347 347 152 152 152 152 347 347 347 347 152 347 347 152 152 347 152 152 347 347 347 347 347 347 152 347 347 152 152 152 347 152 347 347 347 152 347 152 347 347 152 347 347 152 152 347 347 347 347 347 152 152 347 347 152 152 152 152 152 347 152 152 152 152 347 347 152 347 152 347 152 152 347 152 347 347 152 152 347 152 152 347 347 152 152 152 347 347 347 347 347 347 152 152 347 347 152 347 347 152 347 152 347 152 152 152 347 152 347 152 152 152 152 152 152 152 152 347 152 347 347 347 347 152 347 152 152 152 152 347 152 152 347 152 152 152 347 347 347 152 347 152 152 152 152 347 152 347 347 347 152 152 152 347 347 347 152 152 347 152 347 152 152 347 152 347 347 347 347 152 152 152 347 152 152 152 152 347 347 347 152 152 152 152 347 152 152 347 347 347 347 152 347 347 152 152 347 152 152 152 347 152 152 347 152 347 347 347 347 152 152 152 152 152 347 347 152 152 347 152 347 347 347 347 152 347 347 152 152 347 152 347 152 347 347 152 152 347 152 152 152 152 347 152 152 152 152 347 152 347 152 347 152 152 347 152 347 347 347 347 347 347 152 347 347 347 347 347 347 347 152 347 152 347 152 152 152 347 152 152 347 347 347 152 347 152 152 347 347 152 152 152 347 152 152 152 152 1 347 347 
c [Label = 352] Encoding starts with target value = 195:
c [Label = 352] Encoding duration: 3301ms.
c [Label = 352] Number of clauses: 1695001.
c [Label = 352] Number of variables: 383412.
c [Label = 352] Solving duration: 39 ms.
s [Label = 352] SAT (w = 195).
c [Label = 352] Label assignment: 157 157 352 352 352 157 157 157 157 157 352 157 157 352 157 157 157 352 352 352 157 352 352 157 352 352 157 157 157 352 352 352 352 352 157 157 352 157 352 157 157 352 157 352 352 352 352 352 352 352 352 352 157 157 352 157 157 352 352 352 352 352 352 352 352 157 352 157 352 157 352 157 157 157 157 157 157 352 157 157 352 352 157 352 157 157 352 157 157 157 157 157 352 352 157 352 157 352 352 352 352 157 157 352 352 352 352 157 352 157 352 157 157 157 157 352 352 352 352 352 157 352 352 352 352 352 352 157 352 352 157 352 352 352 352 157 157 352 157 352 352 352 157 157 157 157 157 157 352 157 157 352 157 157 352 352 352 352 157 157 157 157 352 157 352 352 157 352 157 157 157 157 352 352 157 352 352 352 157 157 157 157 157 157 157 352 352 352 352 157 157 352 157 352 352 352 157 157 157 352 157 157 157 352 352 352 157 157 352 157 157 352 157 352 157 157 352 157 352 352 352 352 157 157 157 352 157 352 352 157 352 157 157 352 352 352 352 157 157 157 352 352 157 157 352 352 352 352 157 157 157 157 352 352 352 352 157 352 352 157 157 352 157 157 352 352 352 352 352 352 157 352 352 157 157 157 352 157 352 352 352 157 352 157 352 352 157 352 352 157 157 352 352 352 352 352 157 157 352 352 157 157 157 157 157 352 157 157 157 157 352 352 157 352 157 352 157 157 352 157 352 352 157 157 352 157 157 352 352 157 157 157 352 352 352 352 352 352 157 157 352 352 157 352 352 157 352 157 352 157 157 157 352 157 352 157 157 157 157 157 157 157 157 352 157 352 352 352 352 157 352 157 157 157 157 352 157 157 352 157 157 157 352 352 352 157 352 157 157 157 157 352 157 352 352 352 157 157 157 352 352 352 157 157 352 157 352 157 157 352 157 352 352 352 352 157 157 157 352 157 157 157 157 352 352 352 157 157 157 157 352 157 157 352 352 352 352 157 352 352 157 157 352 157 157 157 352 157 157 352 157 352 352 352 352 157 157 157 157 157 352 352 157 157 352 157 352 352 352 352 157 352 352 157 157 352 157 352 157 352 352 157 157 352 157 157 157 157 352 157 157 157 157 352 157 352 157 352 157 157 352 157 352 352 352 352 352 352 157 352 352 352 352 352 352 352 157 352 157 352 157 157 157 352 157 157 352 352 352 157 352 157 157 352 352 157 157 157 352 157 157 157 157 1 352 352 
c [Main] Lowest label SAT is set to 348.
c [Main] Kill higher label pid 349.
c [Main] Kill higher label pid 350.
c [Main] Kill higher label pid 351.
c [Main] Kill higher label pid 352.
c [Main] Kill higher label pid 353.
c [Label = 350] Encoding starts with target value = 195:
c [Label = 350] Encoding duration: 3269ms.
c [Label = 350] Number of clauses: 1678812.
c [Label = 350] Number of variables: 381228.
c [Label = 350] Solving duration: 40 ms.
s [Label = 350] SAT (w = 195).
c [Label = 350] Label assignment: 155 155 350 350 350 155 155 155 155 155 350 155 155 350 155 155 155 350 350 350 155 350 350 155 350 350 155 155 155 350 350 350 350 350 155 155 350 155 350 155 155 350 155 350 350 350 350 350 350 350 350 350 155 155 350 155 155 350 350 350 350 350 350 350 350 155 350 155 350 155 350 155 155 155 155 155 155 350 155 155 350 350 155 350 155 155 350 155 155 155 155 155 350 350 155 350 155 350 350 350 350 155 155 350 350 350 350 155 350 155 350 155 155 155 155 350 350 350 350 350 155 350 350 350 350 350 350 155 350 350 155 350 350 350 350 155 155 350 155 350 350 350 155 155 155 155 155 155 350 155 155 350 155 155 350 350 350 350 155 155 155 155 350 155 350 350 155 350 155 155 155 155 350 350 155 350 350 350 155 155 155 155 155 155 155 350 350 350 350 155 155 350 155 350 350 350 155 155 155 350 155 155 155 350 350 350 155 155 350 155 155 350 155 350 155 155 350 155 350 350 350 350 155 155 155 350 155 350 350 155 350 155 155 350 350 350 350 155 155 155 350 350 155 155 350 350 350 350 155 155 155 155 350 350 350 350 155 350 350 155 155 350 155 155 350 350 350 350 350 350 155 350 350 155 155 155 350 155 350 350 350 155 350 155 350 350 155 350 350 155 155 350 350 350 350 350 155 155 350 350 155 155 155 155 155 350 155 155 155 155 350 350 155 350 155 350 155 155 350 155 350 350 155 155 350 155 155 350 350 155 155 155 350 350 350 350 350 350 155 155 350 350 155 350 350 155 350 155 350 155 155 155 350 155 350 155 155 155 155 155 155 155 155 350 155 350 350 350 350 155 350 155 155 155 155 350 155 155 350 155 155 155 350 350 350 155 350 155 155 155 155 350 155 350 350 350 155 155 155 350 350 350 155 155 350 155 350 155 155 350 155 350 350 350 350 155 155 155 350 155 155 155 155 350 350 350 155 155 155 155 350 155 155 350 350 350 350 155 350 350 155 155 350 155 155 155 350 155 155 350 155 350 350 350 350 155 155 155 155 155 350 350 155 155 350 155 350 350 350 350 155 350 350 155 155 350 155 350 155 350 350 155 155 350 155 155 155 155 350 155 155 155 155 350 155 350 155 350 155 155 350 155 350 350 350 350 350 350 155 350 350 350 350 350 350 350 155 350 155 350 155 155 155 350 155 155 350 350 350 155 350 155 155 350 350 155 155 155 350 155 155 155 155 1 350 350 
c [Signal] Signal interruption. Caught signal: SIGTERM (15).
c [Label = 349] Encoding starts with target value = 195:
c [Label = 349] Encoding duration: 3298ms.
c [Label = 349] Number of clauses: 1670717.
c [Label = 349] Number of variables: 380136.
c [Label = 349] Solving duration: 34 ms.
s [Label = 349] SAT (w = 195).
c [Label = 349] Label assignment: 154 154 349 349 349 154 154 154 154 154 349 154 154 349 154 154 154 349 349 349 154 349 349 154 349 349 154 154 154 349 349 349 349 349 154 154 349 154 349 154 154 349 154 349 349 349 349 349 349 349 349 349 154 154 349 154 154 349 349 349 349 349 349 349 349 154 349 154 349 154 349 154 154 154 154 154 154 349 154 154 349 349 154 349 154 154 349 154 154 154 154 154 349 349 154 349 154 349 349 349 349 154 154 349 349 349 349 154 349 154 349 154 154 154 154 349 349 349 349 349 154 349 349 349 349 349 349 154 349 349 154 349 349 349 349 154 154 349 154 349 349 349 154 154 154 154 154 154 349 154 154 349 154 154 349 349 349 349 154 154 154 154 349 154 349 349 154 349 154 154 154 154 349 349 154 349 349 349 154 154 154 154 154 154 154 349 349 349 349 154 154 349 154 349 349 349 154 154 154 349 154 154 154 349 349 349 154 154 349 154 154 349 154 349 154 154 349 154 349 349 349 349 154 154 154 349 154 349 349 154 349 154 154 349 349 349 349 154 154 154 349 349 154 154 349 349 349 349 154 154 154 154 349 349 349 349 154 349 349 154 154 349 154 154 349 349 349 349 349 349 154 349 349 154 154 154 349 154 349 349 349 154 349 154 349 349 154 349 349 154 154 349 349 349 349 349 154 154 349 349 154 154 154 154 154 349 154 154 154 154 349 349 154 349 154 349 154 154 349 154 349 349 154 154 349 154 154 349 349 154 154 154 349 349 349 349 349 349 154 154 349 349 154 349 349 154 349 154 349 154 154 154 349 154 349 154 154 154 154 154 154 154 154 349 154 349 349 349 349 154 349 154 154 154 154 349 154 154 349 154 154 154 349 349 349 154 349 154 154 154 154 349 154 349 349 349 154 154 154 349 349 349 154 154 349 154 349 154 154 349 154 349 349 349 349 154 154 154 349 154 154 154 154 349 349 349 154 154 154 154 349 154 154 349 349 349 349 154 349 349 154 154 349 154 154 154 349 154 154 349 154 349 349 349 349 154 154 154 154 154 349 349 154 154 349 154 349 349 349 349 154 349 349 154 154 349 154 349 154 349 349 154 154 349 154 154 154 154 349 154 154 154 154 349 154 349 154 349 154 154 349 154 349 349 349 349 349 349 154 349 349 349 349 349 349 349 154 349 154 349 154 154 154 349 154 154 349 349 349 154 349 154 154 349 349 154 154 154 349 154 154 154 154 1 349 349 
c [Signal] Signal interruption. Caught signal: SIGTERM (15).
c [Label = 351] Encoding starts with target value = 195:
c [Label = 351] Encoding duration: 3816ms.
c [Label = 351] Number of clauses: 1686906.
c [Label = 351] Number of variables: 382320.
c [Signal] Signal interruption. Caught signal: SIGTERM (15).
c [Label = 353] Encoding starts with target value = 195:
c [Label = 353] Encoding duration: 3679ms.
c [Label = 353] Number of clauses: 1703095.
c [Label = 353] Number of variables: 384504.
c [Label = 353] Solving duration: 44 ms.
s [Label = 353] SAT (w = 195).
c [Label = 353] Label assignment: 158 158 353 353 353 158 158 158 158 158 353 158 158 353 158 158 158 353 353 353 158 353 353 158 353 353 158 158 158 353 353 353 353 353 158 158 353 158 353 158 158 353 158 353 353 353 353 353 353 353 353 353 158 158 353 158 158 353 353 353 353 353 353 353 353 158 353 158 353 158 353 158 158 158 158 158 158 353 158 158 353 353 158 353 158 158 353 158 158 158 158 158 353 353 158 353 158 353 353 353 353 158 158 353 353 353 353 158 353 158 353 158 158 158 158 353 353 353 353 353 158 353 353 353 353 353 353 158 353 353 158 353 353 353 353 158 158 353 158 353 353 353 158 158 158 158 158 158 353 158 158 353 158 158 353 353 353 353 158 158 158 158 353 158 353 353 158 353 158 158 158 158 353 353 158 353 353 353 158 158 158 158 158 158 158 353 353 353 353 158 158 353 158 353 353 353 158 158 158 353 158 158 158 353 353 353 158 158 353 158 158 353 158 353 158 158 353 158 353 353 353 353 158 158 158 353 158 353 353 158 353 158 158 353 353 353 353 158 158 158 353 353 158 158 353 353 353 353 158 158 158 158 353 353 353 353 158 353 353 158 158 353 158 158 353 353 353 353 353 353 158 353 353 158 158 158 353 158 353 353 353 158 353 158 353 353 158 353 353 158 158 353 353 353 353 353 158 158 353 353 158 158 158 158 158 353 158 158 158 158 353 353 158 353 158 353 158 158 353 158 353 353 158 158 353 158 158 353 353 158 158 158 353 353 353 353 353 353 158 158 353 353 158 353 353 158 353 158 353 158 158 158 353 158 353 158 158 158 158 158 158 158 158 353 158 353 353 353 353 158 353 158 158 158 158 353 158 158 353 158 158 158 353 353 353 158 353 158 158 158 158 353 158 353 353 353 158 158 158 353 353 353 158 158 353 158 353 158 158 353 158 353 353 353 353 158 158 158 353 158 158 158 158 353 353 353 158 158 158 158 353 158 158 353 353 353 353 158 353 353 158 158 353 158 158 158 353 158 158 353 158 353 353 353 353 158 158 158 158 158 353 353 158 158 353 158 353 353 353 353 158 353 353 158 158 353 158 353 158 353 353 158 158 353 158 158 158 158 353 158 158 158 158 353 158 353 158 353 158 158 353 158 353 353 353 353 353 353 158 353 353 353 353 353 353 353 158 353 158 353 158 158 158 353 158 158 353 353 353 158 353 158 158 353 353 158 158 158 353 158 158 158 158 1 353 353 
c [Signal] Signal interruption. Caught signal: SIGTERM (15).
c [Label = 345] Minimize Makespan Labeling problem (S-sherman4.mtx.rnd):
c [Main] Lowest label SAT is set to 346.
c [Main] Kill higher label pid 347.
c [Main] Kill higher label pid 349.
c [Main] Kill higher label pid 350.
c [Main] Kill higher label pid 351.
c [Main] Kill higher label pid 352.
c [Main] Kill higher label pid 353.
c [Label = 344] Minimize Makespan Labeling problem (S-sherman4.mtx.rnd):
c [Main] Kill higher label pid 349.
c [Main] Kill higher label pid 350.
c [Main] Kill higher label pid 351.
c [Main] Kill higher label pid 352.
c [Main] Kill higher label pid 353.
c [Label = 343] Minimize Makespan Labeling problem (S-sherman4.mtx.rnd):
c [Main] Kill higher label pid 353.
c [Label = 342] Minimize Makespan Labeling problem (S-sherman4.mtx.rnd):
c [Main] Child pid 350 - 60171 terminated by signal 15.
c [Main] Child pid 349 - 60172 terminated by signal 15.
c [Label = 341] Minimize Makespan Labeling problem (S-sherman4.mtx.rnd):
c [Label = 340] Minimize Makespan Labeling problem (S-sherman4.mtx.rnd):
c [Main] Child pid 353 - 60168 terminated by signal 15.
c [Label = 339] Minimize Makespan Labeling problem (S-sherman4.mtx.rnd):
c [Main] Child pid 351 - 60170 terminated by signal 15.
c [Label = 338] Minimize Makespan Labeling problem (S-sherman4.mtx.rnd):
c [Label = 339] Encoding starts with target value = 195:
c [Label = 339] Encoding duration: 2997ms.
c [Label = 339] Number of clauses: 1589772.
c [Label = 339] Number of variables: 369216.
c [Label = 339] Solving duration: 41 ms.
s [Label = 339] SAT (w = 195).
c [Label = 339] Label assignment: 144 144 339 339 339 144 144 144 144 144 339 144 144 339 144 144 144 339 339 339 144 339 339 144 339 339 144 144 144 339 339 339 339 339 144 144 339 144 339 144 144 339 144 339 339 339 339 339 339 339 339 339 144 144 339 144 144 339 339 339 339 339 339 339 339 144 339 144 339 144 339 144 144 144 144 144 144 339 144 144 339 339 144 339 144 144 339 144 144 144 144 144 339 339 144 339 144 339 339 339 339 144 144 339 339 339 339 144 339 144 339 144 144 144 144 339 339 339 339 339 144 339 339 339 339 339 339 144 339 339 144 339 339 339 339 144 144 339 144 339 339 339 144 144 144 144 144 144 339 144 144 339 144 144 339 339 339 339 144 144 144 144 339 144 339 339 144 339 144 144 144 144 339 339 144 339 339 339 144 144 144 144 144 144 144 339 339 339 339 144 144 339 144 339 339 339 144 144 144 339 144 144 144 339 339 339 144 144 339 144 144 339 144 339 144 144 339 144 339 339 339 339 144 144 144 339 144 339 339 144 339 144 144 339 339 339 339 144 144 144 339 339 144 144 339 339 339 339 144 144 144 144 339 339 339 339 144 339 339 144 144 339 144 144 339 339 339 339 339 339 144 339 339 144 144 144 339 144 339 339 339 144 339 144 339 339 144 339 339 144 144 339 339 339 339 339 144 144 339 339 144 144 144 144 144 339 144 144 144 144 339 339 144 339 144 339 144 144 339 144 339 339 144 144 339 144 144 339 339 144 144 144 339 339 339 339 339 339 144 144 339 339 144 339 339 144 339 144 339 144 144 144 339 144 339 144 144 144 144 144 144 144 144 339 144 339 339 339 339 144 339 144 144 144 144 339 144 144 339 144 144 144 339 339 339 144 339 144 144 144 144 339 144 339 339 339 144 144 144 339 339 339 144 144 339 144 339 144 144 339 144 339 339 339 339 144 144 144 339 144 144 144 144 339 339 339 144 144 144 144 339 144 144 339 339 339 339 144 339 339 144 144 339 144 144 144 339 144 144 339 144 339 339 339 339 144 144 144 144 144 339 339 144 144 339 144 339 339 339 339 144 339 339 144 144 339 144 339 144 339 339 144 144 339 144 144 144 144 339 144 144 144 144 339 144 339 144 339 144 144 339 144 339 339 339 339 339 339 144 339 339 339 339 339 339 339 144 339 144 339 144 144 144 339 144 144 339 339 339 144 339 144 144 339 339 144 144 144 339 144 144 144 144 1 339 339 
c [Label = 338] Encoding starts with target value = 195:
c [Label = 338] Encoding duration: 3000ms.
c [Label = 338] Number of clauses: 1581678.
c [Label = 338] Number of variables: 368124.
c [Label = 338] Solving duration: 36 ms.
s [Label = 338] SAT (w = 195).
c [Label = 338] Label assignment: 143 143 338 338 338 143 143 143 143 143 338 143 143 338 143 143 143 338 338 338 143 338 338 143 338 338 143 143 143 338 338 338 338 338 143 143 338 143 338 143 143 338 143 338 338 338 338 338 338 338 338 338 143 143 338 143 143 338 338 338 338 338 338 338 338 143 338 143 338 143 338 143 143 143 143 143 143 338 143 143 338 338 143 338 143 143 338 143 143 143 143 143 338 338 143 338 143 338 338 338 338 143 143 338 338 338 338 143 338 143 338 143 143 143 143 338 338 338 338 338 143 338 338 338 338 338 338 143 338 338 143 338 338 338 338 143 143 338 143 338 338 338 143 143 143 143 143 143 338 143 143 338 143 143 338 338 338 338 143 143 143 143 338 143 338 338 143 338 143 143 143 143 338 338 143 338 338 338 143 143 143 143 143 143 143 338 338 338 338 143 143 338 143 338 338 338 143 143 143 338 143 143 143 338 338 338 143 143 338 143 143 338 143 338 143 143 338 143 338 338 338 338 143 143 143 338 143 338 338 143 338 143 143 338 338 338 338 143 143 143 338 338 143 143 338 338 338 338 143 143 143 143 338 338 338 338 143 338 338 143 143 338 143 143 338 338 338 338 338 338 143 338 338 143 143 143 338 143 338 338 338 143 338 143 338 338 143 338 338 143 143 338 338 338 338 338 143 143 338 338 143 143 143 143 143 338 143 143 143 143 338 338 143 338 143 338 143 143 338 143 338 338 143 143 338 143 143 338 338 143 143 143 338 338 338 338 338 338 143 143 338 338 143 338 338 143 338 143 338 143 143 143 338 143 338 143 143 143 143 143 143 143 143 338 143 338 338 338 338 143 338 143 143 143 143 338 143 143 338 143 143 143 338 338 338 143 338 143 143 143 143 338 143 338 338 338 143 143 143 338 338 338 143 143 338 143 338 143 143 338 143 338 338 338 338 143 143 143 338 143 143 143 143 338 338 338 143 143 143 143 338 143 143 338 338 338 338 143 338 338 143 143 338 143 143 143 338 143 143 338 143 338 338 338 338 143 143 143 143 143 338 338 143 143 338 143 338 338 338 338 143 338 338 143 143 338 143 338 143 338 338 143 143 338 143 143 143 143 338 143 143 143 143 338 143 338 143 338 143 143 338 143 338 338 338 338 338 338 143 338 338 338 338 338 338 338 143 338 143 338 143 143 143 338 143 143 338 338 338 143 338 143 143 338 338 143 143 143 338 143 143 143 143 1 338 338 
c [Label = 341] Encoding starts with target value = 195:
c [Label = 341] Encoding duration: 3102ms.
c [Label = 341] Number of clauses: 1605961.
c [Label = 341] Number of variables: 371400.
c [Label = 341] Solving duration: 39 ms.
s [Label = 341] SAT (w = 195).
c [Label = 341] Label assignment: 146 146 341 341 341 146 146 146 146 146 341 146 146 341 146 146 146 341 341 341 146 341 341 146 341 341 146 146 146 341 341 341 341 341 146 146 341 146 341 146 146 341 146 341 341 341 341 341 341 341 341 341 146 146 341 146 146 341 341 341 341 341 341 341 341 146 341 146 341 146 341 146 146 146 146 146 146 341 146 146 341 341 146 341 146 146 341 146 146 146 146 146 341 341 146 341 146 341 341 341 341 146 146 341 341 341 341 146 341 146 341 146 146 146 146 341 341 341 341 341 146 341 341 341 341 341 341 146 341 341 146 341 341 341 341 146 146 341 146 341 341 341 146 146 146 146 146 146 341 146 146 341 146 146 341 341 341 341 146 146 146 146 341 146 341 341 146 341 146 146 146 146 341 341 146 341 341 341 146 146 146 146 146 146 146 341 341 341 341 146 146 341 146 341 341 341 146 146 146 341 146 146 146 341 341 341 146 146 341 146 146 341 146 341 146 146 341 146 341 341 341 341 146 146 146 341 146 341 341 146 341 146 146 341 341 341 341 146 146 146 341 341 146 146 341 341 341 341 146 146 146 146 341 341 341 341 146 341 341 146 146 341 146 146 341 341 341 341 341 341 146 341 341 146 146 146 341 146 341 341 341 146 341 146 341 341 146 341 341 146 146 341 341 341 341 341 146 146 341 341 146 146 146 146 146 341 146 146 146 146 341 341 146 341 146 341 146 146 341 146 341 341 146 146 341 146 146 341 341 146 146 146 341 341 341 341 341 341 146 146 341 341 146 341 341 146 341 146 341 146 146 146 341 146 341 146 146 146 146 146 146 146 146 341 146 341 341 341 341 146 341 146 146 146 146 341 146 146 341 146 146 146 341 341 341 146 341 146 146 146 146 341 146 341 341 341 146 146 146 341 341 341 146 146 341 146 341 146 146 341 146 341 341 341 341 146 146 146 341 146 146 146 146 341 341 341 146 146 146 146 341 146 146 341 341 341 341 146 341 341 146 146 341 146 146 146 341 146 146 341 146 341 341 341 341 146 146 146 146 146 341 341 146 146 341 146 341 341 341 341 146 341 341 146 146 341 146 341 146 341 341 146 146 341 146 146 146 146 341 146 146 146 146 341 146 341 146 341 146 146 341 146 341 341 341 341 341 341 146 341 341 341 341 341 341 341 146 341 146 341 146 146 146 341 146 146 341 341 341 146 341 146 146 341 341 146 146 146 341 146 146 146 146 1 341 341 
c [Signal] Signal interruption. Caught signal: SIGTERM (15).
c [Label = 342] Encoding starts with target value = 195:
c [Label = 342] Encoding duration: 3110ms.
c [Label = 342] Number of clauses: 1614056.
c [Label = 342] Number of variables: 372492.
c [Label = 342] Solving duration: 37 ms.
s [Label = 342] SAT (w = 195).
c [Label = 342] Label assignment: 147 147 342 342 342 147 147 147 147 147 342 147 147 342 147 147 147 342 342 342 147 342 342 147 342 342 147 147 147 342 342 342 342 342 147 147 342 147 342 147 147 342 147 342 342 342 342 342 342 342 342 342 147 147 342 147 147 342 342 342 342 342 342 342 342 147 342 147 342 147 342 147 147 147 147 147 147 342 147 147 342 342 147 342 147 147 342 147 147 147 147 147 342 342 147 342 147 342 342 342 342 147 147 342 342 342 342 147 342 147 342 147 147 147 147 342 342 342 342 342 147 342 342 342 342 342 342 147 342 342 147 342 342 342 342 147 147 342 147 342 342 342 147 147 147 147 147 147 342 147 147 342 147 147 342 342 342 342 147 147 147 147 342 147 342 342 147 342 147 147 147 147 342 342 147 342 342 342 147 147 147 147 147 147 147 342 342 342 342 147 147 342 147 342 342 342 147 147 147 342 147 147 147 342 342 342 147 147 342 147 147 342 147 342 147 147 342 147 342 342 342 342 147 147 147 342 147 342 342 147 342 147 147 342 342 342 342 147 147 147 342 342 147 147 342 342 342 342 147 147 147 147 342 342 342 342 147 342 342 147 147 342 147 147 342 342 342 342 342 342 147 342 342 147 147 147 342 147 342 342 342 147 342 147 342 342 147 342 342 147 147 342 342 342 342 342 147 147 342 342 147 147 147 147 147 342 147 147 147 147 342 342 147 342 147 342 147 147 342 147 342 342 147 147 342 147 147 342 342 147 147 147 342 342 342 342 342 342 147 147 342 342 147 342 342 147 342 147 342 147 147 147 342 147 342 147 147 147 147 147 147 147 147 342 147 342 342 342 342 147 342 147 147 147 147 342 147 147 342 147 147 147 342 342 342 147 342 147 147 147 147 342 147 342 342 342 147 147 147 342 342 342 147 147 342 147 342 147 147 342 147 342 342 342 342 147 147 147 342 147 147 147 147 342 342 342 147 147 147 147 342 147 147 342 342 342 342 147 342 342 147 147 342 147 147 147 342 147 147 342 147 342 342 342 342 147 147 147 147 147 342 342 147 147 342 147 342 342 342 342 147 342 342 147 147 342 147 342 147 342 342 147 147 342 147 147 147 147 342 147 147 147 147 342 147 342 147 342 147 147 342 147 342 342 342 342 342 342 147 342 342 342 342 342 342 342 147 342 147 342 147 147 147 342 147 147 342 342 342 147 342 147 147 342 342 147 147 147 342 147 147 147 147 1 342 342 
c [Signal] Signal interruption. Caught signal: SIGTERM (15).
c [Main] Lowest label SAT is set to 339.
c [Main] Kill higher label pid 341.
c [Main] Kill higher label pid 342.
c [Main] Kill higher label pid 343.
c [Main] Kill higher label pid 344.
c [Main] Kill higher label pid 345.
c [Main] Kill higher label pid 340.
c [Label = 343] Encoding starts with target value = 195:
c [Label = 343] Encoding duration: 3090ms.
c [Label = 343] Number of clauses: 1622150.
c [Label = 343] Number of variables: 373584.
c [Label = 343] Solving duration: 32 ms.
s [Label = 343] SAT (w = 195).
c [Label = 343] Label assignment: 148 148 343 343 343 148 148 148 148 148 343 148 148 343 148 148 148 343 343 343 148 343 343 148 343 343 148 148 148 343 343 343 343 343 148 148 343 148 343 148 148 343 148 343 343 343 343 343 343 343 343 343 148 148 343 148 148 343 343 343 343 343 343 343 343 148 343 148 343 148 343 148 148 148 148 148 148 343 148 148 343 343 148 343 148 148 343 148 148 148 148 148 343 343 148 343 148 343 343 343 343 148 148 343 343 343 343 148 343 148 343 148 148 148 148 343 343 343 343 343 148 343 343 343 343 343 343 148 343 343 148 343 343 343 343 148 148 343 148 343 343 343 148 148 148 148 148 148 343 148 148 343 148 148 343 343 343 343 148 148 148 148 343 148 343 343 148 343 148 148 148 148 343 343 148 343 343 343 148 148 148 148 148 148 148 343 343 343 343 148 148 343 148 343 343 343 148 148 148 343 148 148 148 343 343 343 148 148 343 148 148 343 148 343 148 148 343 148 343 343 343 343 148 148 148 343 148 343 343 148 343 148 148 343 343 343 343 148 148 148 343 343 148 148 343 343 343 343 148 148 148 148 343 343 343 343 148 343 343 148 148 343 148 148 343 343 343 343 343 343 148 343 343 148 148 148 343 148 343 343 343 148 343 148 343 343 148 343 343 148 148 343 343 343 343 343 148 148 343 343 148 148 148 148 148 343 148 148 148 148 343 343 148 343 148 343 148 148 343 148 343 343 148 148 343 148 148 343 343 148 148 148 343 343 343 343 343 343 148 148 343 343 148 343 343 148 343 148 343 148 148 148 343 148 343 148 148 148 148 148 148 148 148 343 148 343 343 343 343 148 343 148 148 148 148 343 148 148 343 148 148 148 343 343 343 148 343 148 148 148 148 343 148 343 343 343 148 148 148 343 343 343 148 148 343 148 343 148 148 343 148 343 343 343 343 148 148 148 343 148 148 148 148 343 343 343 148 148 148 148 343 148 148 343 343 343 343 148 343 343 148 148 343 148 148 148 343 148 148 343 148 343 343 343 343 148 148 148 148 148 343 343 148 148 343 148 343 343 343 343 148 343 343 148 148 343 148 343 148 343 343 148 148 343 148 148 148 148 343 148 148 148 148 343 148 343 148 343 148 148 343 148 343 343 343 343 343 343 148 343 343 343 343 343 343 343 148 343 148 343 148 148 148 343 148 148 343 343 343 148 343 148 148 343 343 148 148 148 343 148 148 148 148 1 343 343 
c [Signal] Signal interruption. Caught signal: SIGTERM (15).
c [Label = 344] Encoding starts with target value = 195:
c [Label = 344] Encoding duration: 3140ms.
c [Label = 344] Number of clauses: 1630245.
c [Label = 344] Number of variables: 374676.
c [Label = 344] Solving duration: 35 ms.
s [Label = 344] SAT (w = 195).
c [Label = 344] Label assignment: 149 149 344 344 344 149 149 149 149 149 344 149 149 344 149 149 149 344 344 344 149 344 344 149 344 344 149 149 149 344 344 344 344 344 149 149 344 149 344 149 149 344 149 344 344 344 344 344 344 344 344 344 149 149 344 149 149 344 344 344 344 344 344 344 344 149 344 149 344 149 344 149 149 149 149 149 149 344 149 149 344 344 149 344 149 149 344 149 149 149 149 149 344 344 149 344 149 344 344 344 344 149 149 344 344 344 344 149 344 149 344 149 149 149 149 344 344 344 344 344 149 344 344 344 344 344 344 149 344 344 149 344 344 344 344 149 149 344 149 344 344 344 149 149 149 149 149 149 344 149 149 344 149 149 344 344 344 344 149 149 149 149 344 149 344 344 149 344 149 149 149 149 344 344 149 344 344 344 149 149 149 149 149 149 149 344 344 344 344 149 149 344 149 344 344 344 149 149 149 344 149 149 149 344 344 344 149 149 344 149 149 344 149 344 149 149 344 149 344 344 344 344 149 149 149 344 149 344 344 149 344 149 149 344 344 344 344 149 149 149 344 344 149 149 344 344 344 344 149 149 149 149 344 344 344 344 149 344 344 149 149 344 149 149 344 344 344 344 344 344 149 344 344 149 149 149 344 149 344 344 344 149 344 149 344 344 149 344 344 149 149 344 344 344 344 344 149 149 344 344 149 149 149 149 149 344 149 149 149 149 344 344 149 344 149 344 149 149 344 149 344 344 149 149 344 149 149 344 344 149 149 149 344 344 344 344 344 344 149 149 344 344 149 344 344 149 344 149 344 149 149 149 344 149 344 149 149 149 149 149 149 149 149 344 149 344 344 344 344 149 344 149 149 149 149 344 149 149 344 149 149 149 344 344 344 149 344 149 149 149 149 344 149 344 344 344 149 149 149 344 344 344 149 149 344 149 344 149 149 344 149 344 344 344 344 149 149 149 344 149 149 149 149 344 344 344 149 149 149 149 344 149 149 344 344 344 344 149 344 344 149 149 344 149 149 149 344 149 149 344 149 344 344 344 344 149 149 149 149 149 344 344 149 149 344 149 344 344 344 344 149 344 344 149 149 344 149 344 149 344 344 149 149 344 149 149 149 149 344 149 149 149 149 344 149 344 149 344 149 149 344 149 344 344 344 344 344 344 149 344 344 344 344 344 344 344 149 344 149 344 149 149 149 344 149 149 344 344 344 149 344 149 149 344 344 149 149 149 344 149 149 149 149 1 344 344 
c [Signal] Signal interruption. Caught signal: SIGTERM (15).
c [Label = 340] Encoding starts with target value = 195:
c [Label = 340] Encoding duration: 3049ms.
c [Label = 340] Number of clauses: 1597867.
c [Label = 340] Number of variables: 370308.
c [Label = 340] Solving duration: 41 ms.
s [Label = 340] SAT (w = 195).
c [Label = 340] Label assignment: 145 145 340 340 340 145 145 145 145 145 340 145 145 340 145 145 145 340 340 340 145 340 340 145 340 340 145 145 145 340 340 340 340 340 145 145 340 145 340 145 145 340 145 340 340 340 340 340 340 340 340 340 145 145 340 145 145 340 340 340 340 340 340 340 340 145 340 145 340 145 340 145 145 145 145 145 145 340 145 145 340 340 145 340 145 145 340 145 145 145 145 145 340 340 145 340 145 340 340 340 340 145 145 340 340 340 340 145 340 145 340 145 145 145 145 340 340 340 340 340 145 340 340 340 340 340 340 145 340 340 145 340 340 340 340 145 145 340 145 340 340 340 145 145 145 145 145 145 340 145 145 340 145 145 340 340 340 340 145 145 145 145 340 145 340 340 145 340 145 145 145 145 340 340 145 340 340 340 145 145 145 145 145 145 145 340 340 340 340 145 145 340 145 340 340 340 145 145 145 340 145 145 145 340 340 340 145 145 340 145 145 340 145 340 145 145 340 145 340 340 340 340 145 145 145 340 145 340 340 145 340 145 145 340 340 340 340 145 145 145 340 340 145 145 340 340 340 340 145 145 145 145 340 340 340 340 145 340 340 145 145 340 145 145 340 340 340 340 340 340 145 340 340 145 145 145 340 145 340 340 340 145 340 145 340 340 145 340 340 145 145 340 340 340 340 340 145 145 340 340 145 145 145 145 145 340 145 145 145 145 340 340 145 340 145 340 145 145 340 145 340 340 145 145 340 145 145 340 340 145 145 145 340 340 340 340 340 340 145 145 340 340 145 340 340 145 340 145 340 145 145 145 340 145 340 145 145 145 145 145 145 145 145 340 145 340 340 340 340 145 340 145 145 145 145 340 145 145 340 145 145 145 340 340 340 145 340 145 145 145 145 340 145 340 340 340 145 145 145 340 340 340 145 145 340 145 340 145 145 340 145 340 340 340 340 145 145 145 340 145 145 145 145 340 340 340 145 145 145 145 340 145 145 340 340 340 340 145 340 340 145 145 340 145 145 145 340 145 145 340 145 340 340 340 340 145 145 145 145 145 340 340 145 145 340 145 340 340 340 340 145 340 340 145 145 340 145 340 145 340 340 145 145 340 145 145 145 145 340 145 145 145 145 340 145 340 145 340 145 145 340 145 340 340 340 340 340 340 145 340 340 340 340 340 340 340 145 340 145 340 145 145 145 340 145 145 340 340 340 145 340 145 145 340 340 145 145 145 340 145 145 145 145 1 340 340 
c [Signal] Signal interruption. Caught signal: SIGTERM (15).
c [Label = 345] Encoding starts with target value = 195:
c [Label = 345] Encoding duration: 3136ms.
c [Label = 345] Number of clauses: 1638339.
c [Label = 345] Number of variables: 375768.
c [Label = 345] Solving duration: 34 ms.
s [Label = 345] SAT (w = 195).
c [Label = 345] Label assignment: 150 150 345 345 345 150 150 150 150 150 345 150 150 345 150 150 150 345 345 345 150 345 345 150 345 345 150 150 150 345 345 345 345 345 150 150 345 150 345 150 150 345 150 345 345 345 345 345 345 345 345 345 150 150 345 150 150 345 345 345 345 345 345 345 345 150 345 150 345 150 345 150 150 150 150 150 150 345 150 150 345 345 150 345 150 150 345 150 150 150 150 150 345 345 150 345 150 345 345 345 345 150 150 345 345 345 345 150 345 150 345 150 150 150 150 345 345 345 345 345 150 345 345 345 345 345 345 150 345 345 150 345 345 345 345 150 150 345 150 345 345 345 150 150 150 150 150 150 345 150 150 345 150 150 345 345 345 345 150 150 150 150 345 150 345 345 150 345 150 150 150 150 345 345 150 345 345 345 150 150 150 150 150 150 150 345 345 345 345 150 150 345 150 345 345 345 150 150 150 345 150 150 150 345 345 345 150 150 345 150 150 345 150 345 150 150 345 150 345 345 345 345 150 150 150 345 150 345 345 150 345 150 150 345 345 345 345 150 150 150 345 345 150 150 345 345 345 345 150 150 150 150 345 345 345 345 150 345 345 150 150 345 150 150 345 345 345 345 345 345 150 345 345 150 150 150 345 150 345 345 345 150 345 150 345 345 150 345 345 150 150 345 345 345 345 345 150 150 345 345 150 150 150 150 150 345 150 150 150 150 345 345 150 345 150 345 150 150 345 150 345 345 150 150 345 150 150 345 345 150 150 150 345 345 345 345 345 345 150 150 345 345 150 345 345 150 345 150 345 150 150 150 345 150 345 150 150 150 150 150 150 150 150 345 150 345 345 345 345 150 345 150 150 150 150 345 150 150 345 150 150 150 345 345 345 150 345 150 150 150 150 345 150 345 345 345 150 150 150 345 345 345 150 150 345 150 345 150 150 345 150 345 345 345 345 150 150 150 345 150 150 150 150 345 345 345 150 150 150 150 345 150 150 345 345 345 345 150 345 345 150 150 345 150 150 150 345 150 150 345 150 345 345 345 345 150 150 150 150 150 345 345 150 150 345 150 345 345 345 345 150 345 345 150 150 345 150 345 150 345 345 150 150 345 150 150 150 150 345 150 150 150 150 345 150 345 150 345 150 150 345 150 345 345 345 345 345 345 150 345 345 345 345 345 345 345 150 345 150 345 150 150 150 345 150 150 345 345 345 150 345 150 150 345 345 150 150 150 345 150 150 150 150 1 345 345 
c [Signal] Signal interruption. Caught signal: SIGTERM (15).
c [Label = 337] Minimize Makespan Labeling problem (S-sherman4.mtx.rnd):
c [Main] Lowest label SAT is set to 338.
c [Main] Kill higher label pid 341.
c [Main] Kill higher label pid 342.
c [Main] Kill higher label pid 343.
c [Main] Kill higher label pid 344.
c [Main] Kill higher label pid 345.
c [Main] Kill higher label pid 340.
c [Label = 336] Minimize Makespan Labeling problem (S-sherman4.mtx.rnd):
c [Main] Child pid 343 - 60185 terminated by signal 15.
c [Label = 335] Minimize Makespan Labeling problem (S-sherman4.mtx.rnd):
c [Main] Child pid 345 - 60183 terminated by signal 15.
c [Label = 334] Minimize Makespan Labeling problem (S-sherman4.mtx.rnd):
c [Main] Child pid 342 - 60186 terminated by signal 15.
c [Main] Child pid 341 - 60187 terminated by signal 15.
c [Label = 333] Minimize Makespan Labeling problem (S-sherman4.mtx.rnd):
c [Main] Child pid 340 - 60188 terminated by signal 15.
c [Main] Child pid 344 - 60184 terminated by signal 15.
c [Label = 332] Minimize Makespan Labeling problem (S-sherman4.mtx.rnd):
c [Label = 331] Minimize Makespan Labeling problem (S-sherman4.mtx.rnd):
c [Label = 330] Minimize Makespan Labeling problem (S-sherman4.mtx.rnd):
c [Label = 330] Encoding starts with target value = 195:
c [Label = 330] Encoding duration: 2878ms.
c [Label = 330] Number of clauses: 1516922.
c [Label = 330] Number of variables: 359388.
c [Label = 330] Solving duration: 38 ms.
s [Label = 330] SAT (w = 195).
c [Label = 330] Label assignment: 135 135 330 330 330 135 135 135 135 135 330 135 135 330 135 135 135 330 330 330 135 330 330 135 330 330 135 135 135 330 330 330 330 330 135 135 330 135 330 135 135 330 135 330 330 330 330 330 330 330 330 330 135 135 330 135 135 330 330 330 330 330 330 330 330 135 330 135 330 135 330 135 135 135 135 135 135 330 135 135 330 330 135 330 135 135 330 135 135 135 135 135 330 330 135 330 135 330 330 330 330 135 135 330 330 330 330 135 330 135 330 135 135 135 135 330 330 330 330 330 135 330 330 330 330 330 330 135 330 330 135 330 330 330 330 135 135 330 135 330 330 330 135 135 135 135 135 135 330 135 135 330 135 135 330 330 330 330 135 135 135 135 330 135 330 330 135 330 135 135 135 135 330 330 135 330 330 330 135 135 135 135 135 135 135 330 330 330 330 135 135 330 135 330 330 330 135 135 135 330 135 135 135 330 330 330 135 135 330 135 135 330 135 330 135 135 330 135 330 330 330 330 135 135 135 330 135 330 330 135 330 135 135 330 330 330 330 135 135 135 330 330 135 135 330 330 330 330 135 135 135 135 330 330 330 330 135 330 330 135 135 330 135 135 330 330 330 330 330 330 135 330 330 135 135 135 330 135 330 330 330 135 330 135 330 330 135 330 330 135 135 330 330 330 330 330 135 135 330 330 135 135 135 135 135 330 135 135 135 135 330 330 135 330 135 330 135 135 330 135 330 330 135 135 330 135 135 330 330 135 135 135 330 330 330 330 330 330 135 135 330 330 135 330 330 135 330 135 330 135 135 135 330 135 330 135 135 135 135 135 135 135 135 330 135 330 330 330 330 135 330 135 135 135 135 330 135 135 330 135 135 135 330 330 330 135 330 135 135 135 135 330 135 330 330 330 135 135 135 330 330 330 135 135 330 135 330 135 135 330 135 330 330 330 330 135 135 135 330 135 135 135 135 330 330 330 135 135 135 135 330 135 135 330 330 330 330 135 330 330 135 135 330 135 135 135 330 135 135 330 135 330 330 330 330 135 135 135 135 135 330 330 135 135 330 135 330 330 330 330 135 330 330 135 135 330 135 330 135 330 330 135 135 330 135 135 135 135 330 135 135 135 135 330 135 330 135 330 135 135 330 135 330 330 330 330 330 330 135 330 330 330 330 330 330 330 135 330 135 330 135 135 135 330 135 135 330 330 330 135 330 135 135 330 330 135 135 135 330 135 135 135 135 1 330 330 
c [Label = 332] Encoding starts with target value = 195:
c [Label = 332] Encoding duration: 2949ms.
c [Label = 332] Number of clauses: 1533111.
c [Label = 332] Number of variables: 361572.
c [Label = 332] Solving duration: 37 ms.
s [Label = 332] SAT (w = 195).
c [Label = 332] Label assignment: 137 137 332 332 332 137 137 137 137 137 332 137 137 332 137 137 137 332 332 332 137 332 332 137 332 332 137 137 137 332 332 332 332 332 137 137 332 137 332 137 137 332 137 332 332 332 332 332 332 332 332 332 137 137 332 137 137 332 332 332 332 332 332 332 332 137 332 137 332 137 332 137 137 137 137 137 137 332 137 137 332 332 137 332 137 137 332 137 137 137 137 137 332 332 137 332 137 332 332 332 332 137 137 332 332 332 332 137 332 137 332 137 137 137 137 332 332 332 332 332 137 332 332 332 332 332 332 137 332 332 137 332 332 332 332 137 137 332 137 332 332 332 137 137 137 137 137 137 332 137 137 332 137 137 332 332 332 332 137 137 137 137 332 137 332 332 137 332 137 137 137 137 332 332 137 332 332 332 137 137 137 137 137 137 137 332 332 332 332 137 137 332 137 332 332 332 137 137 137 332 137 137 137 332 332 332 137 137 332 137 137 332 137 332 137 137 332 137 332 332 332 332 137 137 137 332 137 332 332 137 332 137 137 332 332 332 332 137 137 137 332 332 137 137 332 332 332 332 137 137 137 137 332 332 332 332 137 332 332 137 137 332 137 137 332 332 332 332 332 332 137 332 332 137 137 137 332 137 332 332 332 137 332 137 332 332 137 332 332 137 137 332 332 332 332 332 137 137 332 332 137 137 137 137 137 332 137 137 137 137 332 332 137 332 137 332 137 137 332 137 332 332 137 137 332 137 137 332 332 137 137 137 332 332 332 332 332 332 137 137 332 332 137 332 332 137 332 137 332 137 137 137 332 137 332 137 137 137 137 137 137 137 137 332 137 332 332 332 332 137 332 137 137 137 137 332 137 137 332 137 137 137 332 332 332 137 332 137 137 137 137 332 137 332 332 332 137 137 137 332 332 332 137 137 332 137 332 137 137 332 137 332 332 332 332 137 137 137 332 137 137 137 137 332 332 332 137 137 137 137 332 137 137 332 332 332 332 137 332 332 137 137 332 137 137 137 332 137 137 332 137 332 332 332 332 137 137 137 137 137 332 332 137 137 332 137 332 332 332 332 137 332 332 137 137 332 137 332 137 332 332 137 137 332 137 137 137 137 332 137 137 137 137 332 137 332 137 332 137 137 332 137 332 332 332 332 332 332 137 332 332 332 332 332 332 332 137 332 137 332 137 137 137 332 137 137 332 332 332 137 332 137 137 332 332 137 137 137 332 137 137 137 137 1 332 332 
c [Signal] Signal interruption. Caught signal: SIGTERM (15).
c [Label = 333] Encoding starts with target value = 195:
c [Label = 333] Encoding duration: 2908ms.
c [Label = 333] Number of clauses: 1541205.
c [Label = 333] Number of variables: 362664.
c [Label = 333] Solving duration: 30 ms.
s [Label = 333] SAT (w = 195).
c [Label = 333] Label assignment: 138 138 333 333 333 138 138 138 138 138 333 138 138 333 138 138 138 333 333 333 138 333 333 138 333 333 138 138 138 333 333 333 333 333 138 138 333 138 333 138 138 333 138 333 333 333 333 333 333 333 333 333 138 138 333 138 138 333 333 333 333 333 333 333 333 138 333 138 333 138 333 138 138 138 138 138 138 333 138 138 333 333 138 333 138 138 333 138 138 138 138 138 333 333 138 333 138 333 333 333 333 138 138 333 333 333 333 138 333 138 333 138 138 138 138 333 333 333 333 333 138 333 333 333 333 333 333 138 333 333 138 333 333 333 333 138 138 333 138 333 333 333 138 138 138 138 138 138 333 138 138 333 138 138 333 333 333 333 138 138 138 138 333 138 333 333 138 333 138 138 138 138 333 333 138 333 333 333 138 138 138 138 138 138 138 333 333 333 333 138 138 333 138 333 333 333 138 138 138 333 138 138 138 333 333 333 138 138 333 138 138 333 138 333 138 138 333 138 333 333 333 333 138 138 138 333 138 333 333 138 333 138 138 333 333 333 333 138 138 138 333 333 138 138 333 333 333 333 138 138 138 138 333 333 333 333 138 333 333 138 138 333 138 138 333 333 333 333 333 333 138 333 333 138 138 138 333 138 333 333 333 138 333 138 333 333 138 333 333 138 138 333 333 333 333 333 138 138 333 333 138 138 138 138 138 333 138 138 138 138 333 333 138 333 138 333 138 138 333 138 333 333 138 138 333 138 138 333 333 138 138 138 333 333 333 333 333 333 138 138 333 333 138 333 333 138 333 138 333 138 138 138 333 138 333 138 138 138 138 138 138 138 138 333 138 333 333 333 333 138 333 138 138 138 138 333 138 138 333 138 138 138 333 333 333 138 333 138 138 138 138 333 138 333 333 333 138 138 138 333 333 333 138 138 333 138 333 138 138 333 138 333 333 333 333 138 138 138 333 138 138 138 138 333 333 333 138 138 138 138 333 138 138 333 333 333 333 138 333 333 138 138 333 138 138 138 333 138 138 333 138 333 333 333 333 138 138 138 138 138 333 333 138 138 333 138 333 333 333 333 138 333 333 138 138 333 138 333 138 333 333 138 138 333 138 138 138 138 333 138 138 138 138 333 138 333 138 333 138 138 333 138 333 333 333 333 333 333 138 333 333 333 333 333 333 333 138 333 138 333 138 138 138 333 138 138 333 333 333 138 333 138 138 333 333 138 138 138 333 138 138 138 138 1 333 333 
c [Signal] Signal interruption. Caught signal: SIGTERM (15).
c [Label = 334] Encoding starts with target value = 195:
c [Label = 334] Encoding duration: 3008ms.
c [Label = 334] Number of clauses: 1549300.
c [Label = 334] Number of variables: 363756.
c [Label = 334] Solving duration: 39 ms.
s [Label = 334] SAT (w = 195).
c [Label = 334] Label assignment: 139 139 334 334 334 139 139 139 139 139 334 139 139 334 139 139 139 334 334 334 139 334 334 139 334 334 139 139 139 334 334 334 334 334 139 139 334 139 334 139 139 334 139 334 334 334 334 334 334 334 334 334 139 139 334 139 139 334 334 334 334 334 334 334 334 139 334 139 334 139 334 139 139 139 139 139 139 334 139 139 334 334 139 334 139 139 334 139 139 139 139 139 334 334 139 334 139 334 334 334 334 139 139 334 334 334 334 139 334 139 334 139 139 139 139 334 334 334 334 334 139 334 334 334 334 334 334 139 334 334 139 334 334 334 334 139 139 334 139 334 334 334 139 139 139 139 139 139 334 139 139 334 139 139 334 334 334 334 139 139 139 139 334 139 334 334 139 334 139 139 139 139 334 334 139 334 334 334 139 139 139 139 139 139 139 334 334 334 334 139 139 334 139 334 334 334 139 139 139 334 139 139 139 334 334 334 139 139 334 139 139 334 139 334 139 139 334 139 334 334 334 334 139 139 139 334 139 334 334 139 334 139 139 334 334 334 334 139 139 139 334 334 139 139 334 334 334 334 139 139 139 139 334 334 334 334 139 334 334 139 139 334 139 139 334 334 334 334 334 334 139 334 334 139 139 139 334 139 334 334 334 139 334 139 334 334 139 334 334 139 139 334 334 334 334 334 139 139 334 334 139 139 139 139 139 334 139 139 139 139 334 334 139 334 139 334 139 139 334 139 334 334 139 139 334 139 139 334 334 139 139 139 334 334 334 334 334 334 139 139 334 334 139 334 334 139 334 139 334 139 139 139 334 139 334 139 139 139 139 139 139 139 139 334 139 334 334 334 334 139 334 139 139 139 139 334 139 139 334 139 139 139 334 334 334 139 334 139 139 139 139 334 139 334 334 334 139 139 139 334 334 334 139 139 334 139 334 139 139 334 139 334 334 334 334 139 139 139 334 139 139 139 139 334 334 334 139 139 139 139 334 139 139 334 334 334 334 139 334 334 139 139 334 139 139 139 334 139 139 334 139 334 334 334 334 139 139 139 139 139 334 334 139 139 334 139 334 334 334 334 139 334 334 139 139 334 139 334 139 334 334 139 139 334 139 139 139 139 334 139 139 139 139 334 139 334 139 334 139 139 334 139 334 334 334 334 334 334 139 334 334 334 334 334 334 334 139 334 139 334 139 139 139 334 139 139 334 334 334 139 334 139 139 334 334 139 139 139 334 139 139 139 139 1 334 334 
c [Signal] Signal interruption. Caught signal: SIGTERM (15).
c [Main] Lowest label SAT is set to 330.
c [Main] Kill higher label pid 332.
c [Main] Kill higher label pid 333.
c [Main] Kill higher label pid 334.
c [Main] Kill higher label pid 335.
c [Main] Kill higher label pid 336.
c [Main] Kill higher label pid 337.
c [Main] Kill higher label pid 331.
c [Label = 335] Encoding starts with target value = 195:
c [Label = 335] Encoding duration: 2967ms.
c [Label = 335] Number of clauses: 1557394.
c [Label = 335] Number of variables: 364848.
c [Label = 335] Solving duration: 32 ms.
s [Label = 335] SAT (w = 195).
c [Label = 335] Label assignment: 140 140 335 335 335 140 140 140 140 140 335 140 140 335 140 140 140 335 335 335 140 335 335 140 335 335 140 140 140 335 335 335 335 335 140 140 335 140 335 140 140 335 140 335 335 335 335 335 335 335 335 335 140 140 335 140 140 335 335 335 335 335 335 335 335 140 335 140 335 140 335 140 140 140 140 140 140 335 140 140 335 335 140 335 140 140 335 140 140 140 140 140 335 335 140 335 140 335 335 335 335 140 140 335 335 335 335 140 335 140 335 140 140 140 140 335 335 335 335 335 140 335 335 335 335 335 335 140 335 335 140 335 335 335 335 140 140 335 140 335 335 335 140 140 140 140 140 140 335 140 140 335 140 140 335 335 335 335 140 140 140 140 335 140 335 335 140 335 140 140 140 140 335 335 140 335 335 335 140 140 140 140 140 140 140 335 335 335 335 140 140 335 140 335 335 335 140 140 140 335 140 140 140 335 335 335 140 140 335 140 140 335 140 335 140 140 335 140 335 335 335 335 140 140 140 335 140 335 335 140 335 140 140 335 335 335 335 140 140 140 335 335 140 140 335 335 335 335 140 140 140 140 335 335 335 335 140 335 335 140 140 335 140 140 335 335 335 335 335 335 140 335 335 140 140 140 335 140 335 335 335 140 335 140 335 335 140 335 335 140 140 335 335 335 335 335 140 140 335 335 140 140 140 140 140 335 140 140 140 140 335 335 140 335 140 335 140 140 335 140 335 335 140 140 335 140 140 335 335 140 140 140 335 335 335 335 335 335 140 140 335 335 140 335 335 140 335 140 335 140 140 140 335 140 335 140 140 140 140 140 140 140 140 335 140 335 335 335 335 140 335 140 140 140 140 335 140 140 335 140 140 140 335 335 335 140 335 140 140 140 140 335 140 335 335 335 140 140 140 335 335 335 140 140 335 140 335 140 140 335 140 335 335 335 335 140 140 140 335 140 140 140 140 335 335 335 140 140 140 140 335 140 140 335 335 335 335 140 335 335 140 140 335 140 140 140 335 140 140 335 140 335 335 335 335 140 140 140 140 140 335 335 140 140 335 140 335 335 335 335 140 335 335 140 140 335 140 335 140 335 335 140 140 335 140 140 140 140 335 140 140 140 140 335 140 335 140 335 140 140 335 140 335 335 335 335 335 335 140 335 335 335 335 335 335 335 140 335 140 335 140 140 140 335 140 140 335 335 335 140 335 140 140 335 335 140 140 140 335 140 140 140 140 1 335 335 
c [Signal] Signal interruption. Caught signal: SIGTERM (15).
c [Label = 337] Encoding starts with target value = 195:
c [Label = 337] Encoding duration: 3083ms.
c [Label = 337] Number of clauses: 1573583.
c [Label = 337] Number of variables: 367032.
c [Label = 337] Solving duration: 34 ms.
s [Label = 337] SAT (w = 195).
c [Label = 337] Label assignment: 142 142 337 337 337 142 142 142 142 142 337 142 142 337 142 142 142 337 337 337 142 337 337 142 337 337 142 142 142 337 337 337 337 337 142 142 337 142 337 142 142 337 142 337 337 337 337 337 337 337 337 337 142 142 337 142 142 337 337 337 337 337 337 337 337 142 337 142 337 142 337 142 142 142 142 142 142 337 142 142 337 337 142 337 142 142 337 142 142 142 142 142 337 337 142 337 142 337 337 337 337 142 142 337 337 337 337 142 337 142 337 142 142 142 142 337 337 337 337 337 142 337 337 337 337 337 337 142 337 337 142 337 337 337 337 142 142 337 142 337 337 337 142 142 142 142 142 142 337 142 142 337 142 142 337 337 337 337 142 142 142 142 337 142 337 337 142 337 142 142 142 142 337 337 142 337 337 337 142 142 142 142 142 142 142 337 337 337 337 142 142 337 142 337 337 337 142 142 142 337 142 142 142 337 337 337 142 142 337 142 142 337 142 337 142 142 337 142 337 337 337 337 142 142 142 337 142 337 337 142 337 142 142 337 337 337 337 142 142 142 337 337 142 142 337 337 337 337 142 142 142 142 337 337 337 337 142 337 337 142 142 337 142 142 337 337 337 337 337 337 142 337 337 142 142 142 337 142 337 337 337 142 337 142 337 337 142 337 337 142 142 337 337 337 337 337 142 142 337 337 142 142 142 142 142 337 142 142 142 142 337 337 142 337 142 337 142 142 337 142 337 337 142 142 337 142 142 337 337 142 142 142 337 337 337 337 337 337 142 142 337 337 142 337 337 142 337 142 337 142 142 142 337 142 337 142 142 142 142 142 142 142 142 337 142 337 337 337 337 142 337 142 142 142 142 337 142 142 337 142 142 142 337 337 337 142 337 142 142 142 142 337 142 337 337 337 142 142 142 337 337 337 142 142 337 142 337 142 142 337 142 337 337 337 337 142 142 142 337 142 142 142 142 337 337 337 142 142 142 142 337 142 142 337 337 337 337 142 337 337 142 142 337 142 142 142 337 142 142 337 142 337 337 337 337 142 142 142 142 142 337 337 142 142 337 142 337 337 337 337 142 337 337 142 142 337 142 337 142 337 337 142 142 337 142 142 142 142 337 142 142 142 142 337 142 337 142 337 142 142 337 142 337 337 337 337 337 337 142 337 337 337 337 337 337 337 142 337 142 337 142 142 142 337 142 142 337 337 337 142 337 142 142 337 337 142 142 142 337 142 142 142 142 1 337 337 
c [Signal] Signal interruption. Caught signal: SIGTERM (15).
c [Label = 331] Encoding starts with target value = 195:
c [Label = 331] Encoding duration: 2921ms.
c [Label = 331] Number of clauses: 1525016.
c [Label = 331] Number of variables: 360480.
c [Label = 331] Solving duration: 39 ms.
s [Label = 331] SAT (w = 195).
c [Label = 331] Label assignment: 136 136 331 331 331 136 136 136 136 136 331 136 136 331 136 136 136 331 331 331 136 331 331 136 331 331 136 136 136 331 331 331 331 331 136 136 331 136 331 136 136 331 136 331 331 331 331 331 331 331 331 331 136 136 331 136 136 331 331 331 331 331 331 331 331 136 331 136 331 136 331 136 136 136 136 136 136 331 136 136 331 331 136 331 136 136 331 136 136 136 136 136 331 331 136 331 136 331 331 331 331 136 136 331 331 331 331 136 331 136 331 136 136 136 136 331 331 331 331 331 136 331 331 331 331 331 331 136 331 331 136 331 331 331 331 136 136 331 136 331 331 331 136 136 136 136 136 136 331 136 136 331 136 136 331 331 331 331 136 136 136 136 331 136 331 331 136 331 136 136 136 136 331 331 136 331 331 331 136 136 136 136 136 136 136 331 331 331 331 136 136 331 136 331 331 331 136 136 136 331 136 136 136 331 331 331 136 136 331 136 136 331 136 331 136 136 331 136 331 331 331 331 136 136 136 331 136 331 331 136 331 136 136 331 331 331 331 136 136 136 331 331 136 136 331 331 331 331 136 136 136 136 331 331 331 331 136 331 331 136 136 331 136 136 331 331 331 331 331 331 136 331 331 136 136 136 331 136 331 331 331 136 331 136 331 331 136 331 331 136 136 331 331 331 331 331 136 136 331 331 136 136 136 136 136 331 136 136 136 136 331 331 136 331 136 331 136 136 331 136 331 331 136 136 331 136 136 331 331 136 136 136 331 331 331 331 331 331 136 136 331 331 136 331 331 136 331 136 331 136 136 136 331 136 331 136 136 136 136 136 136 136 136 331 136 331 331 331 331 136 331 136 136 136 136 331 136 136 331 136 136 136 331 331 331 136 331 136 136 136 136 331 136 331 331 331 136 136 136 331 331 331 136 136 331 136 331 136 136 331 136 331 331 331 331 136 136 136 331 136 136 136 136 331 331 331 136 136 136 136 331 136 136 331 331 331 331 136 331 331 136 136 331 136 136 136 331 136 136 331 136 331 331 331 331 136 136 136 136 136 331 331 136 136 331 136 331 331 331 331 136 331 331 136 136 331 136 331 136 331 331 136 136 331 136 136 136 136 331 136 136 136 136 331 136 331 136 331 136 136 331 136 331 331 331 331 331 331 136 331 331 331 331 331 331 331 136 331 136 331 136 136 136 331 136 136 331 331 331 136 331 136 136 331 331 136 136 136 331 136 136 136 136 1 331 331 
c [Signal] Signal interruption. Caught signal: SIGTERM (15).
c [Label = 336] Encoding starts with target value = 195:
c [Label = 336] Encoding duration: 2985ms.
c [Label = 336] Number of clauses: 1565489.
c [Label = 336] Number of variables: 365940.
c [Label = 336] Solving duration: 35 ms.
s [Label = 336] SAT (w = 195).
c [Label = 336] Label assignment: 141 141 336 336 336 141 141 141 141 141 336 141 141 336 141 141 141 336 336 336 141 336 336 141 336 336 141 141 141 336 336 336 336 336 141 141 336 141 336 141 141 336 141 336 336 336 336 336 336 336 336 336 141 141 336 141 141 336 336 336 336 336 336 336 336 141 336 141 336 141 336 141 141 141 141 141 141 336 141 141 336 336 141 336 141 141 336 141 141 141 141 141 336 336 141 336 141 336 336 336 336 141 141 336 336 336 336 141 336 141 336 141 141 141 141 336 336 336 336 336 141 336 336 336 336 336 336 141 336 336 141 336 336 336 336 141 141 336 141 336 336 336 141 141 141 141 141 141 336 141 141 336 141 141 336 336 336 336 141 141 141 141 336 141 336 336 141 336 141 141 141 141 336 336 141 336 336 336 141 141 141 141 141 141 141 336 336 336 336 141 141 336 141 336 336 336 141 141 141 336 141 141 141 336 336 336 141 141 336 141 141 336 141 336 141 141 336 141 336 336 336 336 141 141 141 336 141 336 336 141 336 141 141 336 336 336 336 141 141 141 336 336 141 141 336 336 336 336 141 141 141 141 336 336 336 336 141 336 336 141 141 336 141 141 336 336 336 336 336 336 141 336 336 141 141 141 336 141 336 336 336 141 336 141 336 336 141 336 336 141 141 336 336 336 336 336 141 141 336 336 141 141 141 141 141 336 141 141 141 141 336 336 141 336 141 336 141 141 336 141 336 336 141 141 336 141 141 336 336 141 141 141 336 336 336 336 336 336 141 141 336 336 141 336 336 141 336 141 336 141 141 141 336 141 336 141 141 141 141 141 141 141 141 336 141 336 336 336 336 141 336 141 141 141 141 336 141 141 336 141 141 141 336 336 336 141 336 141 141 141 141 336 141 336 336 336 141 141 141 336 336 336 141 141 336 141 336 141 141 336 141 336 336 336 336 141 141 141 336 141 141 141 141 336 336 336 141 141 141 141 336 141 141 336 336 336 336 141 336 336 141 141 336 141 141 141 336 141 141 336 141 336 336 336 336 141 141 141 141 141 336 336 141 141 336 141 336 336 336 336 141 336 336 141 141 336 141 336 141 336 336 141 141 336 141 141 141 141 336 141 141 141 141 336 141 336 141 336 141 141 336 141 336 336 336 336 336 336 141 336 336 336 336 336 336 336 141 336 141 336 141 141 141 336 141 141 336 336 336 141 336 141 141 336 336 141 141 141 336 141 141 141 141 1 336 336 
c [Signal] Signal interruption. Caught signal: SIGTERM (15).
c [Label = 329] Minimize Makespan Labeling problem (S-sherman4.mtx.rnd):
c [Main] Child pid 333 - 60195 terminated by signal 15.
c [Main] Child pid 332 - 60196 terminated by signal 15.
c [Label = 328] Minimize Makespan Labeling problem (S-sherman4.mtx.rnd):
c [Main] Child pid 334 - 60194 terminated by signal 15.
c [Label = 326] Minimize Makespan Labeling problem (S-sherman4.mtx.rnd):
c [Label = 327] Minimize Makespan Labeling problem (S-sherman4.mtx.rnd):
c [Main] Child pid 335 - 60193 terminated by signal 15.
c [Main] Child pid 331 - 60197 terminated by signal 15.
c [Main] Child pid 337 - 60191 terminated by signal 15.
c [Label = 325] Minimize Makespan Labeling problem (S-sherman4.mtx.rnd):
c [Label = 324] Minimize Makespan Labeling problem (S-sherman4.mtx.rnd):
c [Main] Child pid 336 - 60192 terminated by signal 15.
c [Label = 323] Minimize Makespan Labeling problem (S-sherman4.mtx.rnd):
c [Label = 322] Minimize Makespan Labeling problem (S-sherman4.mtx.rnd):
c [Label = 322] Encoding starts with target value = 195:
c [Label = 322] Encoding duration: 2763ms.
c [Label = 322] Number of clauses: 1452166.
c [Label = 322] Number of variables: 350652.
c [Label = 322] Solving duration: 32 ms.
s [Label = 322] SAT (w = 195).
c [Label = 322] Label assignment: 127 127 322 322 322 127 127 127 127 127 322 127 127 322 127 127 127 322 322 322 127 322 322 127 322 322 127 127 127 322 322 322 322 322 127 127 322 127 322 127 127 322 127 322 322 322 322 322 322 322 322 322 127 127 322 127 127 322 322 322 322 322 322 322 322 127 322 127 322 127 322 127 127 127 127 127 127 322 127 127 322 322 127 322 127 127 322 127 127 127 127 127 322 322 127 322 127 322 322 322 322 127 127 322 322 322 322 127 322 127 322 127 127 127 127 322 322 322 322 322 127 322 322 322 322 322 322 127 322 322 127 322 322 322 322 127 127 322 127 322 322 322 127 127 127 127 127 127 322 127 127 322 127 127 322 322 322 322 127 127 127 127 322 127 322 322 127 322 127 127 127 127 322 322 127 322 322 322 127 127 127 127 127 127 127 322 322 322 322 127 127 322 127 322 322 322 127 127 127 322 127 127 127 322 322 322 127 127 322 127 127 322 127 322 127 127 322 127 322 322 322 322 127 127 127 322 127 322 322 127 322 127 127 322 322 322 322 127 127 127 322 322 127 127 322 322 322 322 127 127 127 127 322 322 322 322 127 322 322 127 127 322 127 127 322 322 322 322 322 322 127 322 322 127 127 127 322 127 322 322 322 127 322 127 322 322 127 322 322 127 127 322 322 322 322 322 127 127 322 322 127 127 127 127 127 322 127 127 127 127 322 322 127 322 127 322 127 127 322 127 322 322 127 127 322 127 127 322 322 127 127 127 322 322 322 322 322 322 127 127 322 322 127 322 322 127 322 127 322 127 127 127 322 127 322 127 127 127 127 127 127 127 127 322 127 322 322 322 322 127 322 127 127 127 127 322 127 127 322 127 127 127 322 322 322 127 322 127 127 127 127 322 127 322 322 322 127 127 127 322 322 322 127 127 322 127 322 127 127 322 127 322 322 322 322 127 127 127 322 127 127 127 127 322 322 322 127 127 127 127 322 127 127 322 322 322 322 127 322 322 127 127 322 127 127 127 322 127 127 322 127 322 322 322 322 127 127 127 127 127 322 322 127 127 322 127 322 322 322 322 127 322 322 127 127 322 127 322 127 322 322 127 127 322 127 127 127 127 322 127 127 127 127 322 127 322 127 322 127 127 322 127 322 322 322 322 322 322 127 322 322 322 322 322 322 322 127 322 127 322 127 127 127 322 127 127 322 322 322 127 322 127 127 322 322 127 127 127 322 127 127 127 127 1 322 322 
c [Label = 325] Encoding starts with target value = 195:
c [Label = 325] Encoding duration: 2870ms.
c [Label = 325] Number of clauses: 1476449.
c [Label = 325] Number of variables: 353928.
c [Label = 325] Solving duration: 30 ms.
s [Label = 325] SAT (w = 195).
c [Label = 325] Label assignment: 130 130 325 325 325 130 130 130 130 130 325 130 130 325 130 130 130 325 325 325 130 325 325 130 325 325 130 130 130 325 325 325 325 325 130 130 325 130 325 130 130 325 130 325 325 325 325 325 325 325 325 325 130 130 325 130 130 325 325 325 325 325 325 325 325 130 325 130 325 130 325 130 130 130 130 130 130 325 130 130 325 325 130 325 130 130 325 130 130 130 130 130 325 325 130 325 130 325 325 325 325 130 130 325 325 325 325 130 325 130 325 130 130 130 130 325 325 325 325 325 130 325 325 325 325 325 325 130 325 325 130 325 325 325 325 130 130 325 130 325 325 325 130 130 130 130 130 130 325 130 130 325 130 130 325 325 325 325 130 130 130 130 325 130 325 325 130 325 130 130 130 130 325 325 130 325 325 325 130 130 130 130 130 130 130 325 325 325 325 130 130 325 130 325 325 325 130 130 130 325 130 130 130 325 325 325 130 130 325 130 130 325 130 325 130 130 325 130 325 325 325 325 130 130 130 325 130 325 325 130 325 130 130 325 325 325 325 130 130 130 325 325 130 130 325 325 325 325 130 130 130 130 325 325 325 325 130 325 325 130 130 325 130 130 325 325 325 325 325 325 130 325 325 130 130 130 325 130 325 325 325 130 325 130 325 325 130 325 325 130 130 325 325 325 325 325 130 130 325 325 130 130 130 130 130 325 130 130 130 130 325 325 130 325 130 325 130 130 325 130 325 325 130 130 325 130 130 325 325 130 130 130 325 325 325 325 325 325 130 130 325 325 130 325 325 130 325 130 325 130 130 130 325 130 325 130 130 130 130 130 130 130 130 325 130 325 325 325 325 130 325 130 130 130 130 325 130 130 325 130 130 130 325 325 325 130 325 130 130 130 130 325 130 325 325 325 130 130 130 325 325 325 130 130 325 130 325 130 130 325 130 325 325 325 325 130 130 130 325 130 130 130 130 325 325 325 130 130 130 130 325 130 130 325 325 325 325 130 325 325 130 130 325 130 130 130 325 130 130 325 130 325 325 325 325 130 130 130 130 130 325 325 130 130 325 130 325 325 325 325 130 325 325 130 130 325 130 325 130 325 325 130 130 325 130 130 130 130 325 130 130 130 130 325 130 325 130 325 130 130 325 130 325 325 325 325 325 325 130 325 325 325 325 325 325 325 130 325 130 325 130 130 130 325 130 130 325 325 325 130 325 130 130 325 325 130 130 130 325 130 130 130 130 1 325 325 
c [Signal] Signal interruption. Caught signal: SIGTERM (15).
c [Label = 326] Encoding starts with target value = 195:
c [Label = 326] Encoding duration: 2893ms.
c [Label = 326] Number of clauses: 1484544.
c [Label = 326] Number of variables: 355020.
c [Label = 326] Solving duration: 37 ms.
s [Label = 326] SAT (w = 195).
c [Label = 326] Label assignment: 131 131 326 326 326 131 131 131 131 131 326 131 131 326 131 131 131 326 326 326 131 326 326 131 326 326 131 131 131 326 326 326 326 326 131 131 326 131 326 131 131 326 131 326 326 326 326 326 326 326 326 326 131 131 326 131 131 326 326 326 326 326 326 326 326 131 326 131 326 131 326 131 131 131 131 131 131 326 131 131 326 326 131 326 131 131 326 131 131 131 131 131 326 326 131 326 131 326 326 326 326 131 131 326 326 326 326 131 326 131 326 131 131 131 131 326 326 326 326 326 131 326 326 326 326 326 326 131 326 326 131 326 326 326 326 131 131 326 131 326 326 326 131 131 131 131 131 131 326 131 131 326 131 131 326 326 326 326 131 131 131 131 326 131 326 326 131 326 131 131 131 131 326 326 131 326 326 326 131 131 131 131 131 131 131 326 326 326 326 131 131 326 131 326 326 326 131 131 131 326 131 131 131 326 326 326 131 131 326 131 131 326 131 326 131 131 326 131 326 326 326 326 131 131 131 326 131 326 326 131 326 131 131 326 326 326 326 131 131 131 326 326 131 131 326 326 326 326 131 131 131 131 326 326 326 326 131 326 326 131 131 326 131 131 326 326 326 326 326 326 131 326 326 131 131 131 326 131 326 326 326 131 326 131 326 326 131 326 326 131 131 326 326 326 326 326 131 131 326 326 131 131 131 131 131 326 131 131 131 131 326 326 131 326 131 326 131 131 326 131 326 326 131 131 326 131 131 326 326 131 131 131 326 326 326 326 326 326 131 131 326 326 131 326 326 131 326 131 326 131 131 131 326 131 326 131 131 131 131 131 131 131 131 326 131 326 326 326 326 131 326 131 131 131 131 326 131 131 326 131 131 131 326 326 326 131 326 131 131 131 131 326 131 326 326 326 131 131 131 326 326 326 131 131 326 131 326 131 131 326 131 326 326 326 326 131 131 131 326 131 131 131 131 326 326 326 131 131 131 131 326 131 131 326 326 326 326 131 326 326 131 131 326 131 131 131 326 131 131 326 131 326 326 326 326 131 131 131 131 131 326 326 131 131 326 131 326 326 326 326 131 326 326 131 131 326 131 326 131 326 326 131 131 326 131 131 131 131 326 131 131 131 131 326 131 326 131 326 131 131 326 131 326 326 326 326 326 326 131 326 326 326 326 326 326 326 131 326 131 326 131 131 131 326 131 131 326 326 326 131 326 131 131 326 326 131 131 131 326 131 131 131 131 1 326 326 
c [Signal] Signal interruption. Caught signal: SIGTERM (15).
c [Label = 327] Encoding starts with target value = 195:
c [Label = 327] Encoding duration: 2921ms.
c [Label = 327] Number of clauses: 1492638.
c [Label = 327] Number of variables: 356112.
c [Label = 327] Solving duration: 31 ms.
s [Label = 327] SAT (w = 195).
c [Label = 327] Label assignment: 132 132 327 327 327 132 132 132 132 132 327 132 132 327 132 132 132 327 327 327 132 327 327 132 327 327 132 132 132 327 327 327 327 327 132 132 327 132 327 132 132 327 132 327 327 327 327 327 327 327 327 327 132 132 327 132 132 327 327 327 327 327 327 327 327 132 327 132 327 132 327 132 132 132 132 132 132 327 132 132 327 327 132 327 132 132 327 132 132 132 132 132 327 327 132 327 132 327 327 327 327 132 132 327 327 327 327 132 327 132 327 132 132 132 132 327 327 327 327 327 132 327 327 327 327 327 327 132 327 327 132 327 327 327 327 132 132 327 132 327 327 327 132 132 132 132 132 132 327 132 132 327 132 132 327 327 327 327 132 132 132 132 327 132 327 327 132 327 132 132 132 132 327 327 132 327 327 327 132 132 132 132 132 132 132 327 327 327 327 132 132 327 132 327 327 327 132 132 132 327 132 132 132 327 327 327 132 132 327 132 132 327 132 327 132 132 327 132 327 327 327 327 132 132 132 327 132 327 327 132 327 132 132 327 327 327 327 132 132 132 327 327 132 132 327 327 327 327 132 132 132 132 327 327 327 327 132 327 327 132 132 327 132 132 327 327 327 327 327 327 132 327 327 132 132 132 327 132 327 327 327 132 327 132 327 327 132 327 327 132 132 327 327 327 327 327 132 132 327 327 132 132 132 132 132 327 132 132 132 132 327 327 132 327 132 327 132 132 327 132 327 327 132 132 327 132 132 327 327 132 132 132 327 327 327 327 327 327 132 132 327 327 132 327 327 132 327 132 327 132 132 132 327 132 327 132 132 132 132 132 132 132 132 327 132 327 327 327 327 132 327 132 132 132 132 327 132 132 327 132 132 132 327 327 327 132 327 132 132 132 132 327 132 327 327 327 132 132 132 327 327 327 132 132 327 132 327 132 132 327 132 327 327 327 327 132 132 132 327 132 132 132 132 327 327 327 132 132 132 132 327 132 132 327 327 327 327 132 327 327 132 132 327 132 132 132 327 132 132 327 132 327 327 327 327 132 132 132 132 132 327 327 132 132 327 132 327 327 327 327 132 327 327 132 132 327 132 327 132 327 327 132 132 327 132 132 132 132 327 132 132 132 132 327 132 327 132 327 132 132 327 132 327 327 327 327 327 327 132 327 327 327 327 327 327 327 132 327 132 327 132 132 132 327 132 132 327 327 327 132 327 132 132 327 327 132 132 132 327 132 132 132 132 1 327 327 
c [Signal] Signal interruption. Caught signal: SIGTERM (15).
c [Label = 328] Encoding starts with target value = 195:
c [Label = 328] Encoding duration: 2881ms.
c [Label = 328] Number of clauses: 1500733.
c [Label = 328] Number of variables: 357204.
c [Label = 328] Solving duration: 32 ms.
s [Label = 328] SAT (w = 195).
c [Label = 328] Label assignment: 133 133 328 328 328 133 133 133 133 133 328 133 133 328 133 133 133 328 328 328 133 328 328 133 328 328 133 133 133 328 328 328 328 328 133 133 328 133 328 133 133 328 133 328 328 328 328 328 328 328 328 328 133 133 328 133 133 328 328 328 328 328 328 328 328 133 328 133 328 133 328 133 133 133 133 133 133 328 133 133 328 328 133 328 133 133 328 133 133 133 133 133 328 328 133 328 133 328 328 328 328 133 133 328 328 328 328 133 328 133 328 133 133 133 133 328 328 328 328 328 133 328 328 328 328 328 328 133 328 328 133 328 328 328 328 133 133 328 133 328 328 328 133 133 133 133 133 133 328 133 133 328 133 133 328 328 328 328 133 133 133 133 328 133 328 328 133 328 133 133 133 133 328 328 133 328 328 328 133 133 133 133 133 133 133 328 328 328 328 133 133 328 133 328 328 328 133 133 133 328 133 133 133 328 328 328 133 133 328 133 133 328 133 328 133 133 328 133 328 328 328 328 133 133 133 328 133 328 328 133 328 133 133 328 328 328 328 133 133 133 328 328 133 133 328 328 328 328 133 133 133 133 328 328 328 328 133 328 328 133 133 328 133 133 328 328 328 328 328 328 133 328 328 133 133 133 328 133 328 328 328 133 328 133 328 328 133 328 328 133 133 328 328 328 328 328 133 133 328 328 133 133 133 133 133 328 133 133 133 133 328 328 133 328 133 328 133 133 328 133 328 328 133 133 328 133 133 328 328 133 133 133 328 328 328 328 328 328 133 133 328 328 133 328 328 133 328 133 328 133 133 133 328 133 328 133 133 133 133 133 133 133 133 328 133 328 328 328 328 133 328 133 133 133 133 328 133 133 328 133 133 133 328 328 328 133 328 133 133 133 133 328 133 328 328 328 133 133 133 328 328 328 133 133 328 133 328 133 133 328 133 328 328 328 328 133 133 133 328 133 133 133 133 328 328 328 133 133 133 133 328 133 133 328 328 328 328 133 328 328 133 133 328 133 133 133 328 133 133 328 133 328 328 328 328 133 133 133 133 133 328 328 133 133 328 133 328 328 328 328 133 328 328 133 133 328 133 328 133 328 328 133 133 328 133 133 133 133 328 133 133 133 133 328 133 328 133 328 133 133 328 133 328 328 328 328 328 328 133 328 328 328 328 328 328 328 133 328 133 328 133 133 133 328 133 133 328 328 328 133 328 133 133 328 328 133 133 133 328 133 133 133 133 1 328 328 
c [Signal] Signal interruption. Caught signal: SIGTERM (15).
c [Main] Lowest label SAT is set to 322.
c [Main] Kill higher label pid 325.
c [Main] Kill higher label pid 326.
c [Main] Kill higher label pid 327.
c [Main] Kill higher label pid 328.
c [Main] Kill higher label pid 329.
c [Main] Kill higher label pid 323.
c [Main] Kill higher label pid 324.
c [Label = 329] Encoding starts with target value = 195:
c [Label = 329] Encoding duration: 2979ms.
c [Label = 329] Number of clauses: 1508827.
c [Label = 329] Number of variables: 358296.
c [Label = 329] Solving duration: 31 ms.
s [Label = 329] SAT (w = 195).
c [Label = 329] Label assignment: 134 134 329 329 329 134 134 134 134 134 329 134 134 329 134 134 134 329 329 329 134 329 329 134 329 329 134 134 134 329 329 329 329 329 134 134 329 134 329 134 134 329 134 329 329 329 329 329 329 329 329 329 134 134 329 134 134 329 329 329 329 329 329 329 329 134 329 134 329 134 329 134 134 134 134 134 134 329 134 134 329 329 134 329 134 134 329 134 134 134 134 134 329 329 134 329 134 329 329 329 329 134 134 329 329 329 329 134 329 134 329 134 134 134 134 329 329 329 329 329 134 329 329 329 329 329 329 134 329 329 134 329 329 329 329 134 134 329 134 329 329 329 134 134 134 134 134 134 329 134 134 329 134 134 329 329 329 329 134 134 134 134 329 134 329 329 134 329 134 134 134 134 329 329 134 329 329 329 134 134 134 134 134 134 134 329 329 329 329 134 134 329 134 329 329 329 134 134 134 329 134 134 134 329 329 329 134 134 329 134 134 329 134 329 134 134 329 134 329 329 329 329 134 134 134 329 134 329 329 134 329 134 134 329 329 329 329 134 134 134 329 329 134 134 329 329 329 329 134 134 134 134 329 329 329 329 134 329 329 134 134 329 134 134 329 329 329 329 329 329 134 329 329 134 134 134 329 134 329 329 329 134 329 134 329 329 134 329 329 134 134 329 329 329 329 329 134 134 329 329 134 134 134 134 134 329 134 134 134 134 329 329 134 329 134 329 134 134 329 134 329 329 134 134 329 134 134 329 329 134 134 134 329 329 329 329 329 329 134 134 329 329 134 329 329 134 329 134 329 134 134 134 329 134 329 134 134 134 134 134 134 134 134 329 134 329 329 329 329 134 329 134 134 134 134 329 134 134 329 134 134 134 329 329 329 134 329 134 134 134 134 329 134 329 329 329 134 134 134 329 329 329 134 134 329 134 329 134 134 329 134 329 329 329 329 134 134 134 329 134 134 134 134 329 329 329 134 134 134 134 329 134 134 329 329 329 329 134 329 329 134 134 329 134 134 134 329 134 134 329 134 329 329 329 329 134 134 134 134 134 329 329 134 134 329 134 329 329 329 329 134 329 329 134 134 329 134 329 134 329 329 134 134 329 134 134 134 134 329 134 134 134 134 329 134 329 134 329 134 134 329 134 329 329 329 329 329 329 134 329 329 329 329 329 329 329 134 329 134 329 134 134 134 329 134 134 329 329 329 134 329 134 134 329 329 134 134 134 329 134 134 134 134 1 329 329 
c [Signal] Signal interruption. Caught signal: SIGTERM (15).
c [Label = 323] Encoding starts with target value = 195:
c [Label = 323] Encoding duration: 2881ms.
c [Label = 323] Number of clauses: 1460260.
c [Label = 323] Number of variables: 351744.
c [Label = 323] Solving duration: 37 ms.
s [Label = 323] SAT (w = 195).
c [Label = 323] Label assignment: 128 128 323 323 323 128 128 128 128 128 323 128 128 323 128 128 128 323 323 323 128 323 323 128 323 323 128 128 128 323 323 323 323 323 128 128 323 128 323 128 128 323 128 323 323 323 323 323 323 323 323 323 128 128 323 128 128 323 323 323 323 323 323 323 323 128 323 128 323 128 323 128 128 128 128 128 128 323 128 128 323 323 128 323 128 128 323 128 128 128 128 128 323 323 128 323 128 323 323 323 323 128 128 323 323 323 323 128 323 128 323 128 128 128 128 323 323 323 323 323 128 323 323 323 323 323 323 128 323 323 128 323 323 323 323 128 128 323 128 323 323 323 128 128 128 128 128 128 323 128 128 323 128 128 323 323 323 323 128 128 128 128 323 128 323 323 128 323 128 128 128 128 323 323 128 323 323 323 128 128 128 128 128 128 128 323 323 323 323 128 128 323 128 323 323 323 128 128 128 323 128 128 128 323 323 323 128 128 323 128 128 323 128 323 128 128 323 128 323 323 323 323 128 128 128 323 128 323 323 128 323 128 128 323 323 323 323 128 128 128 323 323 128 128 323 323 323 323 128 128 128 128 323 323 323 323 128 323 323 128 128 323 128 128 323 323 323 323 323 323 128 323 323 128 128 128 323 128 323 323 323 128 323 128 323 323 128 323 323 128 128 323 323 323 323 323 128 128 323 323 128 128 128 128 128 323 128 128 128 128 323 323 128 323 128 323 128 128 323 128 323 323 128 128 323 128 128 323 323 128 128 128 323 323 323 323 323 323 128 128 323 323 128 323 323 128 323 128 323 128 128 128 323 128 323 128 128 128 128 128 128 128 128 323 128 323 323 323 323 128 323 128 128 128 128 323 128 128 323 128 128 128 323 323 323 128 323 128 128 128 128 323 128 323 323 323 128 128 128 323 323 323 128 128 323 128 323 128 128 323 128 323 323 323 323 128 128 128 323 128 128 128 128 323 323 323 128 128 128 128 323 128 128 323 323 323 323 128 323 323 128 128 323 128 128 128 323 128 128 323 128 323 323 323 323 128 128 128 128 128 323 323 128 128 323 128 323 323 323 323 128 323 323 128 128 323 128 323 128 323 323 128 128 323 128 128 128 128 323 128 128 128 128 323 128 323 128 323 128 128 323 128 323 323 323 323 323 323 128 323 323 323 323 323 323 323 128 323 128 323 128 128 128 323 128 128 323 323 323 128 323 128 128 323 323 128 128 128 323 128 128 128 128 1 323 323 
c [Signal] Signal interruption. Caught signal: SIGTERM (15).
c [Label = 324] Encoding starts with target value = 195:
c [Label = 324] Encoding duration: 2839ms.
c [Label = 324] Number of clauses: 1468355.
c [Label = 324] Number of variables: 352836.
c [Label = 324] Solving duration: 36 ms.
s [Label = 324] SAT (w = 195).
c [Label = 324] Label assignment: 129 129 324 324 324 129 129 129 129 129 324 129 129 324 129 129 129 324 324 324 129 324 324 129 324 324 129 129 129 324 324 324 324 324 129 129 324 129 324 129 129 324 129 324 324 324 324 324 324 324 324 324 129 129 324 129 129 324 324 324 324 324 324 324 324 129 324 129 324 129 324 129 129 129 129 129 129 324 129 129 324 324 129 324 129 129 324 129 129 129 129 129 324 324 129 324 129 324 324 324 324 129 129 324 324 324 324 129 324 129 324 129 129 129 129 324 324 324 324 324 129 324 324 324 324 324 324 129 324 324 129 324 324 324 324 129 129 324 129 324 324 324 129 129 129 129 129 129 324 129 129 324 129 129 324 324 324 324 129 129 129 129 324 129 324 324 129 324 129 129 129 129 324 324 129 324 324 324 129 129 129 129 129 129 129 324 324 324 324 129 129 324 129 324 324 324 129 129 129 324 129 129 129 324 324 324 129 129 324 129 129 324 129 324 129 129 324 129 324 324 324 324 129 129 129 324 129 324 324 129 324 129 129 324 324 324 324 129 129 129 324 324 129 129 324 324 324 324 129 129 129 129 324 324 324 324 129 324 324 129 129 324 129 129 324 324 324 324 324 324 129 324 324 129 129 129 324 129 324 324 324 129 324 129 324 324 129 324 324 129 129 324 324 324 324 324 129 129 324 324 129 129 129 129 129 324 129 129 129 129 324 324 129 324 129 324 129 129 324 129 324 324 129 129 324 129 129 324 324 129 129 129 324 324 324 324 324 324 129 129 324 324 129 324 324 129 324 129 324 129 129 129 324 129 324 129 129 129 129 129 129 129 129 324 129 324 324 324 324 129 324 129 129 129 129 324 129 129 324 129 129 129 324 324 324 129 324 129 129 129 129 324 129 324 324 324 129 129 129 324 324 324 129 129 324 129 324 129 129 324 129 324 324 324 324 129 129 129 324 129 129 129 129 324 324 324 129 129 129 129 324 129 129 324 324 324 324 129 324 324 129 129 324 129 129 129 324 129 129 324 129 324 324 324 324 129 129 129 129 129 324 324 129 129 324 129 324 324 324 324 129 324 324 129 129 324 129 324 129 324 324 129 129 324 129 129 129 129 324 129 129 129 129 324 129 324 129 324 129 129 324 129 324 324 324 324 324 324 129 324 324 324 324 324 324 324 129 324 129 324 129 129 129 324 129 129 324 324 324 129 324 129 129 324 324 129 129 129 324 129 129 129 129 1 324 324 
c [Signal] Signal interruption. Caught signal: SIGTERM (15).
c [Label = 321] Minimize Makespan Labeling problem (S-sherman4.mtx.rnd):
c [Main] Child pid 326 - 60202 terminated by signal 15.
c [Main] Child pid 327 - 60201 terminated by signal 15.
c [Label = 319] Minimize Makespan Labeling problem (S-sherman4.mtx.rnd):
c [Main] Child pid 324 - 60204 terminated by signal 15.
c [Label = 320] Minimize Makespan Labeling problem (S-sherman4.mtx.rnd):
c [Main] Child pid 325 - 60203 terminated by signal 15.
c [Label = 318] Minimize Makespan Labeling problem (S-sherman4.mtx.rnd):
c [Main] Child pid 323 - 60205 terminated by signal 15.
c [Label = 317] Minimize Makespan Labeling problem (S-sherman4.mtx.rnd):
c [Main] Child pid 329 - 60199 terminated by signal 15.
c [Label = 316] Minimize Makespan Labeling problem (S-sherman4.mtx.rnd):
c [Main] Child pid 328 - 60200 terminated by signal 15.
c [Label = 315] Minimize Makespan Labeling problem (S-sherman4.mtx.rnd):
c [Label = 314] Minimize Makespan Labeling problem (S-sherman4.mtx.rnd):
c [Label = 314] Encoding starts with target value = 195:
c [Label = 314] Encoding duration: 2636ms.
c [Label = 314] Number of clauses: 1387410.
c [Label = 314] Number of variables: 341916.
c [Label = 314] Solving duration: 31 ms.
s [Label = 314] SAT (w = 195).
c [Label = 314] Label assignment: 119 119 314 314 314 119 119 119 119 119 314 119 119 314 119 119 119 314 314 314 119 314 314 119 314 314 119 119 119 314 314 314 314 314 119 119 314 119 314 119 119 314 119 314 314 314 314 314 314 314 314 314 119 119 314 119 119 314 314 314 314 314 314 314 314 119 314 119 314 119 314 119 119 119 119 119 119 314 119 119 314 314 119 314 119 119 314 119 119 119 119 119 314 314 119 314 119 314 314 314 314 119 119 314 314 314 314 119 314 119 314 119 119 119 119 314 314 314 314 314 119 314 314 314 314 314 314 119 314 314 119 314 314 314 314 119 119 314 119 314 314 314 119 119 119 119 119 119 314 119 119 314 119 119 314 314 314 314 119 119 119 119 314 119 314 314 119 314 119 119 119 119 314 314 119 314 314 314 119 119 119 119 119 119 119 314 314 314 314 119 119 314 119 314 314 314 119 119 119 314 119 119 119 314 314 314 119 119 314 119 119 314 119 314 119 119 314 119 314 314 314 314 119 119 119 314 119 314 314 119 314 119 119 314 314 314 314 119 119 119 314 314 119 119 314 314 314 314 119 119 119 119 314 314 314 314 119 314 314 119 119 314 119 119 314 314 314 314 314 314 119 314 314 119 119 119 314 119 314 314 314 119 314 119 314 314 119 314 314 119 119 314 314 314 314 314 119 119 314 314 119 119 119 119 119 314 119 119 119 119 314 314 119 314 119 314 119 119 314 119 314 314 119 119 314 119 119 314 314 119 119 119 314 314 314 314 314 314 119 119 314 314 119 314 314 119 314 119 314 119 119 119 314 119 314 119 119 119 119 119 119 119 119 314 119 314 314 314 314 119 314 119 119 119 119 314 119 119 314 119 119 119 314 314 314 119 314 119 119 119 119 314 119 314 314 314 119 119 119 314 314 314 119 119 314 119 314 119 119 314 119 314 314 314 314 119 119 119 314 119 119 119 119 314 314 314 119 119 119 119 314 119 119 314 314 314 314 119 314 314 119 119 314 119 119 119 314 119 119 314 119 314 314 314 314 119 119 119 119 119 314 314 119 119 314 119 314 314 314 314 119 314 314 119 119 314 119 314 119 314 314 119 119 314 119 119 119 119 314 119 119 119 119 314 119 314 119 314 119 119 314 119 314 314 314 314 314 314 119 314 314 314 314 314 314 314 119 314 119 314 119 119 119 314 119 119 314 314 314 119 314 119 119 314 314 119 119 119 314 119 119 119 119 1 314 314 
c [Label = 315] Encoding starts with target value = 195:
c [Label = 315] Encoding duration: 2637ms.
c [Label = 315] Number of clauses: 1395504.
c [Label = 315] Number of variables: 343008.
c [Label = 315] Solving duration: 34 ms.
s [Label = 315] SAT (w = 195).
c [Label = 315] Label assignment: 120 120 315 315 315 120 120 120 120 120 315 120 120 315 120 120 120 315 315 315 120 315 315 120 315 315 120 120 120 315 315 315 315 315 120 120 315 120 315 120 120 315 120 315 315 315 315 315 315 315 315 315 120 120 315 120 120 315 315 315 315 315 315 315 315 120 315 120 315 120 315 120 120 120 120 120 120 315 120 120 315 315 120 315 120 120 315 120 120 120 120 120 315 315 120 315 120 315 315 315 315 120 120 315 315 315 315 120 315 120 315 120 120 120 120 315 315 315 315 315 120 315 315 315 315 315 315 120 315 315 120 315 315 315 315 120 120 315 120 315 315 315 120 120 120 120 120 120 315 120 120 315 120 120 315 315 315 315 120 120 120 120 315 120 315 315 120 315 120 120 120 120 315 315 120 315 315 315 120 120 120 120 120 120 120 315 315 315 315 120 120 315 120 315 315 315 120 120 120 315 120 120 120 315 315 315 120 120 315 120 120 315 120 315 120 120 315 120 315 315 315 315 120 120 120 315 120 315 315 120 315 120 120 315 315 315 315 120 120 120 315 315 120 120 315 315 315 315 120 120 120 120 315 315 315 315 120 315 315 120 120 315 120 120 315 315 315 315 315 315 120 315 315 120 120 120 315 120 315 315 315 120 315 120 315 315 120 315 315 120 120 315 315 315 315 315 120 120 315 315 120 120 120 120 120 315 120 120 120 120 315 315 120 315 120 315 120 120 315 120 315 315 120 120 315 120 120 315 315 120 120 120 315 315 315 315 315 315 120 120 315 315 120 315 315 120 315 120 315 120 120 120 315 120 315 120 120 120 120 120 120 120 120 315 120 315 315 315 315 120 315 120 120 120 120 315 120 120 315 120 120 120 315 315 315 120 315 120 120 120 120 315 120 315 315 315 120 120 120 315 315 315 120 120 315 120 315 120 120 315 120 315 315 315 315 120 120 120 315 120 120 120 120 315 315 315 120 120 120 120 315 120 120 315 315 315 315 120 315 315 120 120 315 120 120 120 315 120 120 315 120 315 315 315 315 120 120 120 120 120 315 315 120 120 315 120 315 315 315 315 120 315 315 120 120 315 120 315 120 315 315 120 120 315 120 120 120 120 315 120 120 120 120 315 120 315 120 315 120 120 315 120 315 315 315 315 315 315 120 315 315 315 315 315 315 315 120 315 120 315 120 120 120 315 120 120 315 315 315 120 315 120 120 315 315 120 120 120 315 120 120 120 120 1 315 315 
c [Label = 317] Encoding starts with target value = 195:
c [Label = 317] Encoding duration: 2718ms.
c [Label = 317] Number of clauses: 1411693.
c [Label = 317] Number of variables: 345192.
c [Label = 317] Solving duration: 34 ms.
s [Label = 317] SAT (w = 195).
c [Label = 317] Label assignment: 122 122 317 317 317 122 122 122 122 122 317 122 122 317 122 122 122 317 317 317 122 317 317 122 317 317 122 122 122 317 317 317 317 317 122 122 317 122 317 122 122 317 122 317 317 317 317 317 317 317 317 317 122 122 317 122 122 317 317 317 317 317 317 317 317 122 317 122 317 122 317 122 122 122 122 122 122 317 122 122 317 317 122 317 122 122 317 122 122 122 122 122 317 317 122 317 122 317 317 317 317 122 122 317 317 317 317 122 317 122 317 122 122 122 122 317 317 317 317 317 122 317 317 317 317 317 317 122 317 317 122 317 317 317 317 122 122 317 122 317 317 317 122 122 122 122 122 122 317 122 122 317 122 122 317 317 317 317 122 122 122 122 317 122 317 317 122 317 122 122 122 122 317 317 122 317 317 317 122 122 122 122 122 122 122 317 317 317 317 122 122 317 122 317 317 317 122 122 122 317 122 122 122 317 317 317 122 122 317 122 122 317 122 317 122 122 317 122 317 317 317 317 122 122 122 317 122 317 317 122 317 122 122 317 317 317 317 122 122 122 317 317 122 122 317 317 317 317 122 122 122 122 317 317 317 317 122 317 317 122 122 317 122 122 317 317 317 317 317 317 122 317 317 122 122 122 317 122 317 317 317 122 317 122 317 317 122 317 317 122 122 317 317 317 317 317 122 122 317 317 122 122 122 122 122 317 122 122 122 122 317 317 122 317 122 317 122 122 317 122 317 317 122 122 317 122 122 317 317 122 122 122 317 317 317 317 317 317 122 122 317 317 122 317 317 122 317 122 317 122 122 122 317 122 317 122 122 122 122 122 122 122 122 317 122 317 317 317 317 122 317 122 122 122 122 317 122 122 317 122 122 122 317 317 317 122 317 122 122 122 122 317 122 317 317 317 122 122 122 317 317 317 122 122 317 122 317 122 122 317 122 317 317 317 317 122 122 122 317 122 122 122 122 317 317 317 122 122 122 122 317 122 122 317 317 317 317 122 317 317 122 122 317 122 122 122 317 122 122 317 122 317 317 317 317 122 122 122 122 122 317 317 122 122 317 122 317 317 317 317 122 317 317 122 122 317 122 317 122 317 317 122 122 317 122 122 122 122 317 122 122 122 122 317 122 317 122 317 122 122 317 122 317 317 317 317 317 317 122 317 317 317 317 317 317 317 122 317 122 317 122 122 122 317 122 122 317 317 317 122 317 122 122 317 317 122 122 122 317 122 122 122 122 1 317 317 
c [Signal] Signal interruption. Caught signal: SIGTERM (15).
c [Label = 319] Encoding starts with target value = 195:
c [Label = 319] Encoding duration: 2703ms.
c [Label = 319] Number of clauses: 1427882.
c [Label = 319] Number of variables: 347376.
c [Label = 319] Solving duration: 29 ms.
s [Label = 319] SAT (w = 195).
c [Label = 319] Label assignment: 124 124 319 319 319 124 124 124 124 124 319 124 124 319 124 124 124 319 319 319 124 319 319 124 319 319 124 124 124 319 319 319 319 319 124 124 319 124 319 124 124 319 124 319 319 319 319 319 319 319 319 319 124 124 319 124 124 319 319 319 319 319 319 319 319 124 319 124 319 124 319 124 124 124 124 124 124 319 124 124 319 319 124 319 124 124 319 124 124 124 124 124 319 319 124 319 124 319 319 319 319 124 124 319 319 319 319 124 319 124 319 124 124 124 124 319 319 319 319 319 124 319 319 319 319 319 319 124 319 319 124 319 319 319 319 124 124 319 124 319 319 319 124 124 124 124 124 124 319 124 124 319 124 124 319 319 319 319 124 124 124 124 319 124 319 319 124 319 124 124 124 124 319 319 124 319 319 319 124 124 124 124 124 124 124 319 319 319 319 124 124 319 124 319 319 319 124 124 124 319 124 124 124 319 319 319 124 124 319 124 124 319 124 319 124 124 319 124 319 319 319 319 124 124 124 319 124 319 319 124 319 124 124 319 319 319 319 124 124 124 319 319 124 124 319 319 319 319 124 124 124 124 319 319 319 319 124 319 319 124 124 319 124 124 319 319 319 319 319 319 124 319 319 124 124 124 319 124 319 319 319 124 319 124 319 319 124 319 319 124 124 319 319 319 319 319 124 124 319 319 124 124 124 124 124 319 124 124 124 124 319 319 124 319 124 319 124 124 319 124 319 319 124 124 319 124 124 319 319 124 124 124 319 319 319 319 319 319 124 124 319 319 124 319 319 124 319 124 319 124 124 124 319 124 319 124 124 124 124 124 124 124 124 319 124 319 319 319 319 124 319 124 124 124 124 319 124 124 319 124 124 124 319 319 319 124 319 124 124 124 124 319 124 319 319 319 124 124 124 319 319 319 124 124 319 124 319 124 124 319 124 319 319 319 319 124 124 124 319 124 124 124 124 319 319 319 124 124 124 124 319 124 124 319 319 319 319 124 319 319 124 124 319 124 124 124 319 124 124 319 124 319 319 319 319 124 124 124 124 124 319 319 124 124 319 124 319 319 319 319 124 319 319 124 124 319 124 319 124 319 319 124 124 319 124 124 124 124 319 124 124 124 124 319 124 319 124 319 124 124 319 124 319 319 319 319 319 319 124 319 319 319 319 319 319 319 124 319 124 319 124 124 124 319 124 124 319 319 319 124 319 124 124 319 319 124 124 124 319 124 124 124 124 1 319 319 
c [Signal] Signal interruption. Caught signal: SIGTERM (15).
c [Label = 320] Encoding starts with target value = 195:
c [Label = 320] Encoding duration: 2750ms.
c [Label = 320] Number of clauses: 1435977.
c [Label = 320] Number of variables: 348468.
c [Label = 320] Solving duration: 31 ms.
s [Label = 320] SAT (w = 195).
c [Label = 320] Label assignment: 125 125 320 320 320 125 125 125 125 125 320 125 125 320 125 125 125 320 320 320 125 320 320 125 320 320 125 125 125 320 320 320 320 320 125 125 320 125 320 125 125 320 125 320 320 320 320 320 320 320 320 320 125 125 320 125 125 320 320 320 320 320 320 320 320 125 320 125 320 125 320 125 125 125 125 125 125 320 125 125 320 320 125 320 125 125 320 125 125 125 125 125 320 320 125 320 125 320 320 320 320 125 125 320 320 320 320 125 320 125 320 125 125 125 125 320 320 320 320 320 125 320 320 320 320 320 320 125 320 320 125 320 320 320 320 125 125 320 125 320 320 320 125 125 125 125 125 125 320 125 125 320 125 125 320 320 320 320 125 125 125 125 320 125 320 320 125 320 125 125 125 125 320 320 125 320 320 320 125 125 125 125 125 125 125 320 320 320 320 125 125 320 125 320 320 320 125 125 125 320 125 125 125 320 320 320 125 125 320 125 125 320 125 320 125 125 320 125 320 320 320 320 125 125 125 320 125 320 320 125 320 125 125 320 320 320 320 125 125 125 320 320 125 125 320 320 320 320 125 125 125 125 320 320 320 320 125 320 320 125 125 320 125 125 320 320 320 320 320 320 125 320 320 125 125 125 320 125 320 320 320 125 320 125 320 320 125 320 320 125 125 320 320 320 320 320 125 125 320 320 125 125 125 125 125 320 125 125 125 125 320 320 125 320 125 320 125 125 320 125 320 320 125 125 320 125 125 320 320 125 125 125 320 320 320 320 320 320 125 125 320 320 125 320 320 125 320 125 320 125 125 125 320 125 320 125 125 125 125 125 125 125 125 320 125 320 320 320 320 125 320 125 125 125 125 320 125 125 320 125 125 125 320 320 320 125 320 125 125 125 125 320 125 320 320 320 125 125 125 320 320 320 125 125 320 125 320 125 125 320 125 320 320 320 320 125 125 125 320 125 125 125 125 320 320 320 125 125 125 125 320 125 125 320 320 320 320 125 320 320 125 125 320 125 125 125 320 125 125 320 125 320 320 320 320 125 125 125 125 125 320 320 125 125 320 125 320 320 320 320 125 320 320 125 125 320 125 320 125 320 320 125 125 320 125 125 125 125 320 125 125 125 125 320 125 320 125 320 125 125 320 125 320 320 320 320 320 320 125 320 320 320 320 320 320 320 125 320 125 320 125 125 125 320 125 125 320 320 320 125 320 125 125 320 320 125 125 125 320 125 125 125 125 1 320 320 
c [Signal] Signal interruption. Caught signal: SIGTERM (15).
c [Main] Lowest label SAT is set to 314.
c [Main] Kill higher label pid 317.
c [Main] Kill higher label pid 318.
c [Main] Kill higher label pid 319.
c [Main] Kill higher label pid 320.
c [Main] Kill higher label pid 321.
c [Main] Kill higher label pid 315.
c [Main] Kill higher label pid 316.
c [Label = 321] Encoding starts with target value = 195:
c [Label = 321] Encoding duration: 2834ms.
c [Label = 321] Number of clauses: 1444071.
c [Label = 321] Number of variables: 349560.
c [Label = 321] Solving duration: 30 ms.
s [Label = 321] SAT (w = 195).
c [Label = 321] Label assignment: 126 126 321 321 321 126 126 126 126 126 321 126 126 321 126 126 126 321 321 321 126 321 321 126 321 321 126 126 126 321 321 321 321 321 126 126 321 126 321 126 126 321 126 321 321 321 321 321 321 321 321 321 126 126 321 126 126 321 321 321 321 321 321 321 321 126 321 126 321 126 321 126 126 126 126 126 126 321 126 126 321 321 126 321 126 126 321 126 126 126 126 126 321 321 126 321 126 321 321 321 321 126 126 321 321 321 321 126 321 126 321 126 126 126 126 321 321 321 321 321 126 321 321 321 321 321 321 126 321 321 126 321 321 321 321 126 126 321 126 321 321 321 126 126 126 126 126 126 321 126 126 321 126 126 321 321 321 321 126 126 126 126 321 126 321 321 126 321 126 126 126 126 321 321 126 321 321 321 126 126 126 126 126 126 126 321 321 321 321 126 126 321 126 321 321 321 126 126 126 321 126 126 126 321 321 321 126 126 321 126 126 321 126 321 126 126 321 126 321 321 321 321 126 126 126 321 126 321 321 126 321 126 126 321 321 321 321 126 126 126 321 321 126 126 321 321 321 321 126 126 126 126 321 321 321 321 126 321 321 126 126 321 126 126 321 321 321 321 321 321 126 321 321 126 126 126 321 126 321 321 321 126 321 126 321 321 126 321 321 126 126 321 321 321 321 321 126 126 321 321 126 126 126 126 126 321 126 126 126 126 321 321 126 321 126 321 126 126 321 126 321 321 126 126 321 126 126 321 321 126 126 126 321 321 321 321 321 321 126 126 321 321 126 321 321 126 321 126 321 126 126 126 321 126 321 126 126 126 126 126 126 126 126 321 126 321 321 321 321 126 321 126 126 126 126 321 126 126 321 126 126 126 321 321 321 126 321 126 126 126 126 321 126 321 321 321 126 126 126 321 321 321 126 126 321 126 321 126 126 321 126 321 321 321 321 126 126 126 321 126 126 126 126 321 321 321 126 126 126 126 321 126 126 321 321 321 321 126 321 321 126 126 321 126 126 126 321 126 126 321 126 321 321 321 321 126 126 126 126 126 321 321 126 126 321 126 321 321 321 321 126 321 321 126 126 321 126 321 126 321 321 126 126 321 126 126 126 126 321 126 126 126 126 321 126 321 126 321 126 126 321 126 321 321 321 321 321 321 126 321 321 321 321 321 321 321 126 321 126 321 126 126 126 321 126 126 321 321 321 126 321 126 126 321 321 126 126 126 321 126 126 126 126 1 321 321 
c [Signal] Signal interruption. Caught signal: SIGTERM (15).
c [Label = 316] Encoding starts with target value = 195:
c [Label = 316] Encoding duration: 2717ms.
c [Label = 316] Number of clauses: 1403599.
c [Label = 316] Number of variables: 344100.
c [Label = 316] Solving duration: 36 ms.
s [Label = 316] SAT (w = 195).
c [Label = 316] Label assignment: 121 121 316 316 316 121 121 121 121 121 316 121 121 316 121 121 121 316 316 316 121 316 316 121 316 316 121 121 121 316 316 316 316 316 121 121 316 121 316 121 121 316 121 316 316 316 316 316 316 316 316 316 121 121 316 121 121 316 316 316 316 316 316 316 316 121 316 121 316 121 316 121 121 121 121 121 121 316 121 121 316 316 121 316 121 121 316 121 121 121 121 121 316 316 121 316 121 316 316 316 316 121 121 316 316 316 316 121 316 121 316 121 121 121 121 316 316 316 316 316 121 316 316 316 316 316 316 121 316 316 121 316 316 316 316 121 121 316 121 316 316 316 121 121 121 121 121 121 316 121 121 316 121 121 316 316 316 316 121 121 121 121 316 121 316 316 121 316 121 121 121 121 316 316 121 316 316 316 121 121 121 121 121 121 121 316 316 316 316 121 121 316 121 316 316 316 121 121 121 316 121 121 121 316 316 316 121 121 316 121 121 316 121 316 121 121 316 121 316 316 316 316 121 121 121 316 121 316 316 121 316 121 121 316 316 316 316 121 121 121 316 316 121 121 316 316 316 316 121 121 121 121 316 316 316 316 121 316 316 121 121 316 121 121 316 316 316 316 316 316 121 316 316 121 121 121 316 121 316 316 316 121 316 121 316 316 121 316 316 121 121 316 316 316 316 316 121 121 316 316 121 121 121 121 121 316 121 121 121 121 316 316 121 316 121 316 121 121 316 121 316 316 121 121 316 121 121 316 316 121 121 121 316 316 316 316 316 316 121 121 316 316 121 316 316 121 316 121 316 121 121 121 316 121 316 121 121 121 121 121 121 121 121 316 121 316 316 316 316 121 316 121 121 121 121 316 121 121 316 121 121 121 316 316 316 121 316 121 121 121 121 316 121 316 316 316 121 121 121 316 316 316 121 121 316 121 316 121 121 316 121 316 316 316 316 121 121 121 316 121 121 121 121 316 316 316 121 121 121 121 316 121 121 316 316 316 316 121 316 316 121 121 316 121 121 121 316 121 121 316 121 316 316 316 316 121 121 121 121 121 316 316 121 121 316 121 316 316 316 316 121 316 316 121 121 316 121 316 121 316 316 121 121 316 121 121 121 121 316 121 121 121 121 316 121 316 121 316 121 121 316 121 316 316 316 316 316 316 121 316 316 316 316 316 316 316 121 316 121 316 121 121 121 316 121 121 316 316 316 121 316 121 121 316 316 121 121 121 316 121 121 121 121 1 316 316 
c [Signal] Signal interruption. Caught signal: SIGTERM (15).
c [Label = 318] Encoding starts with target value = 195:
c [Label = 318] Encoding duration: 2716ms.
c [Label = 318] Number of clauses: 1419788.
c [Label = 318] Number of variables: 346284.
c [Label = 318] Solving duration: 36 ms.
s [Label = 318] SAT (w = 195).
c [Label = 318] Label assignment: 123 123 318 318 318 123 123 123 123 123 318 123 123 318 123 123 123 318 318 318 123 318 318 123 318 318 123 123 123 318 318 318 318 318 123 123 318 123 318 123 123 318 123 318 318 318 318 318 318 318 318 318 123 123 318 123 123 318 318 318 318 318 318 318 318 123 318 123 318 123 318 123 123 123 123 123 123 318 123 123 318 318 123 318 123 123 318 123 123 123 123 123 318 318 123 318 123 318 318 318 318 123 123 318 318 318 318 123 318 123 318 123 123 123 123 318 318 318 318 318 123 318 318 318 318 318 318 123 318 318 123 318 318 318 318 123 123 318 123 318 318 318 123 123 123 123 123 123 318 123 123 318 123 123 318 318 318 318 123 123 123 123 318 123 318 318 123 318 123 123 123 123 318 318 123 318 318 318 123 123 123 123 123 123 123 318 318 318 318 123 123 318 123 318 318 318 123 123 123 318 123 123 123 318 318 318 123 123 318 123 123 318 123 318 123 123 318 123 318 318 318 318 123 123 123 318 123 318 318 123 318 123 123 318 318 318 318 123 123 123 318 318 123 123 318 318 318 318 123 123 123 123 318 318 318 318 123 318 318 123 123 318 123 123 318 318 318 318 318 318 123 318 318 123 123 123 318 123 318 318 318 123 318 123 318 318 123 318 318 123 123 318 318 318 318 318 123 123 318 318 123 123 123 123 123 318 123 123 123 123 318 318 123 318 123 318 123 123 318 123 318 318 123 123 318 123 123 318 318 123 123 123 318 318 318 318 318 318 123 123 318 318 123 318 318 123 318 123 318 123 123 123 318 123 318 123 123 123 123 123 123 123 123 318 123 318 318 318 318 123 318 123 123 123 123 318 123 123 318 123 123 123 318 318 318 123 318 123 123 123 123 318 123 318 318 318 123 123 123 318 318 318 123 123 318 123 318 123 123 318 123 318 318 318 318 123 123 123 318 123 123 123 123 318 318 318 123 123 123 123 318 123 123 318 318 318 318 123 318 318 123 123 318 123 123 123 318 123 123 318 123 318 318 318 318 123 123 123 123 123 318 318 123 123 318 123 318 318 318 318 123 318 318 123 123 318 123 318 123 318 318 123 123 318 123 123 123 123 318 123 123 123 123 318 123 318 123 318 123 123 318 123 318 318 318 318 318 318 123 318 318 318 318 318 318 318 123 318 123 318 123 123 123 318 123 123 318 318 318 123 318 123 123 318 318 123 123 123 318 123 123 123 123 1 318 318 
c [Signal] Signal interruption. Caught signal: SIGTERM (15).
c [Label = 313] Minimize Makespan Labeling problem (S-sherman4.mtx.rnd):
c [Main] Kill higher label pid 317.
c [Main] Kill higher label pid 318.
c [Main] Kill higher label pid 319.
c [Main] Kill higher label pid 320.
c [Main] Kill higher label pid 321.
c [Main] Kill higher label pid 316.
c [Label = 312] Minimize Makespan Labeling problem (S-sherman4.mtx.rnd):
c [Main] Child pid 316 - 60214 terminated by signal 15.
c [Main] Child pid 321 - 60209 terminated by signal 15.
c [Main] Child pid 320 - 60210 terminated by signal 15.
c [Label = 310] Minimize Makespan Labeling problem (S-sherman4.mtx.rnd):
c [Label = 311] Minimize Makespan Labeling problem (S-sherman4.mtx.rnd):
c [Label = 309] Minimize Makespan Labeling problem (S-sherman4.mtx.rnd):
c [Main] Child pid 319 - 60211 terminated by signal 15.
c [Main] Child pid 317 - 60213 terminated by signal 15.
c [Main] Child pid 318 - 60212 terminated by signal 15.
c [Label = 308] Minimize Makespan Labeling problem (S-sherman4.mtx.rnd):
c [Label = 307] Minimize Makespan Labeling problem (S-sherman4.mtx.rnd):
c [Label = 306] Minimize Makespan Labeling problem (S-sherman4.mtx.rnd):
c [Label = 308] Encoding starts with target value = 195:
c [Label = 308] Encoding duration: 2519ms.
c [Label = 308] Number of clauses: 1338843.
c [Label = 308] Number of variables: 335364.
c [Label = 308] Solving duration: 33 ms.
s [Label = 308] SAT (w = 195).
c [Label = 308] Label assignment: 113 113 308 308 308 113 113 113 113 113 308 113 113 308 113 113 113 308 308 308 113 308 308 113 308 308 113 113 113 308 308 308 308 308 113 113 308 113 308 113 113 308 113 308 308 308 308 308 308 308 308 308 113 113 308 113 113 308 308 308 308 308 308 308 308 113 308 113 308 113 308 113 113 113 113 113 113 308 113 113 308 308 113 308 113 113 308 113 113 113 113 113 308 308 113 308 113 308 308 308 308 113 113 308 308 308 308 113 308 113 308 113 113 113 113 308 308 308 308 308 113 308 308 308 308 308 308 113 308 308 113 308 308 308 308 113 113 308 113 308 308 308 113 113 113 113 113 113 308 113 113 308 113 113 308 308 308 308 113 113 113 113 308 113 308 308 113 308 113 113 113 113 308 308 113 308 308 308 113 113 113 113 113 113 113 308 308 308 308 113 113 308 113 308 308 308 113 113 113 308 113 113 113 308 308 308 113 113 308 113 113 308 113 308 113 113 308 113 308 308 308 308 113 113 113 308 113 308 308 113 308 113 113 308 308 308 308 113 113 113 308 308 113 113 308 308 308 308 113 113 113 113 308 308 308 308 113 308 308 113 113 308 113 113 308 308 308 308 308 308 113 308 308 113 113 113 308 113 308 308 308 113 308 113 308 308 113 308 308 113 113 308 308 308 308 308 113 113 308 308 113 113 113 113 113 308 113 113 113 113 308 308 113 308 113 308 113 113 308 113 308 308 113 113 308 113 113 308 308 113 113 113 308 308 308 308 308 308 113 113 308 308 113 308 308 113 308 113 308 113 113 113 308 113 308 113 113 113 113 113 113 113 113 308 113 308 308 308 308 113 308 113 113 113 113 308 113 113 308 113 113 113 308 308 308 113 308 113 113 113 113 308 113 308 308 308 113 113 113 308 308 308 113 113 308 113 308 113 113 308 113 308 308 308 308 113 113 113 308 113 113 113 113 308 308 308 113 113 113 113 308 113 113 308 308 308 308 113 308 308 113 113 308 113 113 113 308 113 113 308 113 308 308 308 308 113 113 113 113 113 308 308 113 113 308 113 308 308 308 308 113 308 308 113 113 308 113 308 113 308 308 113 113 308 113 113 113 113 308 113 113 113 113 308 113 308 113 308 113 113 308 113 308 308 308 308 308 308 113 308 308 308 308 308 308 308 113 308 113 308 113 113 113 308 113 113 308 308 308 113 308 113 113 308 308 113 113 113 308 113 113 113 113 1 308 308 
c [Label = 309] Encoding starts with target value = 195:
c [Label = 309] Encoding duration: 2551ms.
c [Label = 309] Number of clauses: 1346937.
c [Label = 309] Number of variables: 336456.
c [Label = 309] Solving duration: 34 ms.
s [Label = 309] SAT (w = 195).
c [Label = 309] Label assignment: 114 114 309 309 309 114 114 114 114 114 309 114 114 309 114 114 114 309 309 309 114 309 309 114 309 309 114 114 114 309 309 309 309 309 114 114 309 114 309 114 114 309 114 309 309 309 309 309 309 309 309 309 114 114 309 114 114 309 309 309 309 309 309 309 309 114 309 114 309 114 309 114 114 114 114 114 114 309 114 114 309 309 114 309 114 114 309 114 114 114 114 114 309 309 114 309 114 309 309 309 309 114 114 309 309 309 309 114 309 114 309 114 114 114 114 309 309 309 309 309 114 309 309 309 309 309 309 114 309 309 114 309 309 309 309 114 114 309 114 309 309 309 114 114 114 114 114 114 309 114 114 309 114 114 309 309 309 309 114 114 114 114 309 114 309 309 114 309 114 114 114 114 309 309 114 309 309 309 114 114 114 114 114 114 114 309 309 309 309 114 114 309 114 309 309 309 114 114 114 309 114 114 114 309 309 309 114 114 309 114 114 309 114 309 114 114 309 114 309 309 309 309 114 114 114 309 114 309 309 114 309 114 114 309 309 309 309 114 114 114 309 309 114 114 309 309 309 309 114 114 114 114 309 309 309 309 114 309 309 114 114 309 114 114 309 309 309 309 309 309 114 309 309 114 114 114 309 114 309 309 309 114 309 114 309 309 114 309 309 114 114 309 309 309 309 309 114 114 309 309 114 114 114 114 114 309 114 114 114 114 309 309 114 309 114 309 114 114 309 114 309 309 114 114 309 114 114 309 309 114 114 114 309 309 309 309 309 309 114 114 309 309 114 309 309 114 309 114 309 114 114 114 309 114 309 114 114 114 114 114 114 114 114 309 114 309 309 309 309 114 309 114 114 114 114 309 114 114 309 114 114 114 309 309 309 114 309 114 114 114 114 309 114 309 309 309 114 114 114 309 309 309 114 114 309 114 309 114 114 309 114 309 309 309 309 114 114 114 309 114 114 114 114 309 309 309 114 114 114 114 309 114 114 309 309 309 309 114 309 309 114 114 309 114 114 114 309 114 114 309 114 309 309 309 309 114 114 114 114 114 309 309 114 114 309 114 309 309 309 309 114 309 309 114 114 309 114 309 114 309 309 114 114 309 114 114 114 114 309 114 114 114 114 309 114 309 114 309 114 114 309 114 309 309 309 309 309 309 114 309 309 309 309 309 309 309 114 309 114 309 114 114 114 309 114 114 309 309 309 114 309 114 114 309 309 114 114 114 309 114 114 114 114 1 309 309 
c [Label = 312] Encoding starts with target value = 195:
c [Label = 312] Encoding duration: 2590ms.
c [Label = 312] Number of clauses: 1371221.
c [Label = 312] Number of variables: 339732.
c [Label = 312] Solving duration: 27 ms.
s [Label = 312] SAT (w = 195).
c [Label = 312] Label assignment: 117 117 312 312 312 117 117 117 117 117 312 117 117 312 117 117 117 312 312 312 117 312 312 117 312 312 117 117 117 312 312 312 312 312 117 117 312 117 312 117 117 312 117 312 312 312 312 312 312 312 312 312 117 117 312 117 117 312 312 312 312 312 312 312 312 117 312 117 312 117 312 117 117 117 117 117 117 312 117 117 312 312 117 312 117 117 312 117 117 117 117 117 312 312 117 312 117 312 312 312 312 117 117 312 312 312 312 117 312 117 312 117 117 117 117 312 312 312 312 312 117 312 312 312 312 312 312 117 312 312 117 312 312 312 312 117 117 312 117 312 312 312 117 117 117 117 117 117 312 117 117 312 117 117 312 312 312 312 117 117 117 117 312 117 312 312 117 312 117 117 117 117 312 312 117 312 312 312 117 117 117 117 117 117 117 312 312 312 312 117 117 312 117 312 312 312 117 117 117 312 117 117 117 312 312 312 117 117 312 117 117 312 117 312 117 117 312 117 312 312 312 312 117 117 117 312 117 312 312 117 312 117 117 312 312 312 312 117 117 117 312 312 117 117 312 312 312 312 117 117 117 117 312 312 312 312 117 312 312 117 117 312 117 117 312 312 312 312 312 312 117 312 312 117 117 117 312 117 312 312 312 117 312 117 312 312 117 312 312 117 117 312 312 312 312 312 117 117 312 312 117 117 117 117 117 312 117 117 117 117 312 312 117 312 117 312 117 117 312 117 312 312 117 117 312 117 117 312 312 117 117 117 312 312 312 312 312 312 117 117 312 312 117 312 312 117 312 117 312 117 117 117 312 117 312 117 117 117 117 117 117 117 117 312 117 312 312 312 312 117 312 117 117 117 117 312 117 117 312 117 117 117 312 312 312 117 312 117 117 117 117 312 117 312 312 312 117 117 117 312 312 312 117 117 312 117 312 117 117 312 117 312 312 312 312 117 117 117 312 117 117 117 117 312 312 312 117 117 117 117 312 117 117 312 312 312 312 117 312 312 117 117 312 117 117 117 312 117 117 312 117 312 312 312 312 117 117 117 117 117 312 312 117 117 312 117 312 312 312 312 117 312 312 117 117 312 117 312 117 312 312 117 117 312 117 117 117 117 312 117 117 117 117 312 117 312 117 312 117 117 312 117 312 312 312 312 312 312 117 312 312 312 312 312 312 312 117 312 117 312 117 117 117 312 117 117 312 312 312 117 312 117 117 312 312 117 117 117 312 117 117 117 117 1 312 312 
c [Main] Lowest label SAT is set to 308.
c [Main] Kill higher label pid 309.
c [Main] Kill higher label pid 310.
c [Main] Kill higher label pid 311.
c [Main] Kill higher label pid 312.
c [Main] Kill higher label pid 313.
c [Label = 310] Encoding starts with target value = 195:
c [Label = 310] Encoding duration: 2680ms.
c [Label = 310] Number of clauses: 1355032.
c [Label = 310] Number of variables: 337548.
c [Label = 310] Solving duration: 33 ms.
s [Label = 310] SAT (w = 195).
c [Label = 310] Label assignment: 115 115 310 310 310 115 115 115 115 115 310 115 115 310 115 115 115 310 310 310 115 310 310 115 310 310 115 115 115 310 310 310 310 310 115 115 310 115 310 115 115 310 115 310 310 310 310 310 310 310 310 310 115 115 310 115 115 310 310 310 310 310 310 310 310 115 310 115 310 115 310 115 115 115 115 115 115 310 115 115 310 310 115 310 115 115 310 115 115 115 115 115 310 310 115 310 115 310 310 310 310 115 115 310 310 310 310 115 310 115 310 115 115 115 115 310 310 310 310 310 115 310 310 310 310 310 310 115 310 310 115 310 310 310 310 115 115 310 115 310 310 310 115 115 115 115 115 115 310 115 115 310 115 115 310 310 310 310 115 115 115 115 310 115 310 310 115 310 115 115 115 115 310 310 115 310 310 310 115 115 115 115 115 115 115 310 310 310 310 115 115 310 115 310 310 310 115 115 115 310 115 115 115 310 310 310 115 115 310 115 115 310 115 310 115 115 310 115 310 310 310 310 115 115 115 310 115 310 310 115 310 115 115 310 310 310 310 115 115 115 310 310 115 115 310 310 310 310 115 115 115 115 310 310 310 310 115 310 310 115 115 310 115 115 310 310 310 310 310 310 115 310 310 115 115 115 310 115 310 310 310 115 310 115 310 310 115 310 310 115 115 310 310 310 310 310 115 115 310 310 115 115 115 115 115 310 115 115 115 115 310 310 115 310 115 310 115 115 310 115 310 310 115 115 310 115 115 310 310 115 115 115 310 310 310 310 310 310 115 115 310 310 115 310 310 115 310 115 310 115 115 115 310 115 310 115 115 115 115 115 115 115 115 310 115 310 310 310 310 115 310 115 115 115 115 310 115 115 310 115 115 115 310 310 310 115 310 115 115 115 115 310 115 310 310 310 115 115 115 310 310 310 115 115 310 115 310 115 115 310 115 310 310 310 310 115 115 115 310 115 115 115 115 310 310 310 115 115 115 115 310 115 115 310 310 310 310 115 310 310 115 115 310 115 115 115 310 115 115 310 115 310 310 310 310 115 115 115 115 115 310 310 115 115 310 115 310 310 310 310 115 310 310 115 115 310 115 310 115 310 310 115 115 310 115 115 115 115 310 115 115 115 115 310 115 310 115 310 115 115 310 115 310 310 310 310 310 310 115 310 310 310 310 310 310 310 115 310 115 310 115 115 115 310 115 115 310 310 310 115 310 115 115 310 310 115 115 115 310 115 115 115 115 1 310 310 
c [Signal] Signal interruption. Caught signal: SIGTERM (15).
c [Label = 311] Encoding starts with target value = 195:
c [Label = 311] Encoding duration: 2686ms.
c [Label = 311] Number of clauses: 1363126.
c [Label = 311] Number of variables: 338640.
c [Label = 311] Solving duration: 31 ms.
s [Label = 311] SAT (w = 195).
c [Label = 311] Label assignment: 116 116 311 311 311 116 116 116 116 116 311 116 116 311 116 116 116 311 311 311 116 311 311 116 311 311 116 116 116 311 311 311 311 311 116 116 311 116 311 116 116 311 116 311 311 311 311 311 311 311 311 311 116 116 311 116 116 311 311 311 311 311 311 311 311 116 311 116 311 116 311 116 116 116 116 116 116 311 116 116 311 311 116 311 116 116 311 116 116 116 116 116 311 311 116 311 116 311 311 311 311 116 116 311 311 311 311 116 311 116 311 116 116 116 116 311 311 311 311 311 116 311 311 311 311 311 311 116 311 311 116 311 311 311 311 116 116 311 116 311 311 311 116 116 116 116 116 116 311 116 116 311 116 116 311 311 311 311 116 116 116 116 311 116 311 311 116 311 116 116 116 116 311 311 116 311 311 311 116 116 116 116 116 116 116 311 311 311 311 116 116 311 116 311 311 311 116 116 116 311 116 116 116 311 311 311 116 116 311 116 116 311 116 311 116 116 311 116 311 311 311 311 116 116 116 311 116 311 311 116 311 116 116 311 311 311 311 116 116 116 311 311 116 116 311 311 311 311 116 116 116 116 311 311 311 311 116 311 311 116 116 311 116 116 311 311 311 311 311 311 116 311 311 116 116 116 311 116 311 311 311 116 311 116 311 311 116 311 311 116 116 311 311 311 311 311 116 116 311 311 116 116 116 116 116 311 116 116 116 116 311 311 116 311 116 311 116 116 311 116 311 311 116 116 311 116 116 311 311 116 116 116 311 311 311 311 311 311 116 116 311 311 116 311 311 116 311 116 311 116 116 116 311 116 311 116 116 116 116 116 116 116 116 311 116 311 311 311 311 116 311 116 116 116 116 311 116 116 311 116 116 116 311 311 311 116 311 116 116 116 116 311 116 311 311 311 116 116 116 311 311 311 116 116 311 116 311 116 116 311 116 311 311 311 311 116 116 116 311 116 116 116 116 311 311 311 116 116 116 116 311 116 116 311 311 311 311 116 311 311 116 116 311 116 116 116 311 116 116 311 116 311 311 311 311 116 116 116 116 116 311 311 116 116 311 116 311 311 311 311 116 311 311 116 116 311 116 311 116 311 311 116 116 311 116 116 116 116 311 116 116 116 116 311 116 311 116 311 116 116 311 116 311 311 311 311 311 311 116 311 311 311 311 311 311 311 116 311 116 311 116 116 116 311 116 116 311 311 311 116 311 116 116 311 311 116 116 116 311 116 116 116 116 1 311 311 
c [Signal] Signal interruption. Caught signal: SIGTERM (15).
c [Label = 313] Encoding starts with target value = 195:
c [Label = 313] Encoding duration: 2653ms.
c [Label = 313] Number of clauses: 1379315.
c [Label = 313] Number of variables: 340824.
c [Label = 313] Solving duration: 28 ms.
s [Label = 313] SAT (w = 195).
c [Label = 313] Label assignment: 118 118 313 313 313 118 118 118 118 118 313 118 118 313 118 118 118 313 313 313 118 313 313 118 313 313 118 118 118 313 313 313 313 313 118 118 313 118 313 118 118 313 118 313 313 313 313 313 313 313 313 313 118 118 313 118 118 313 313 313 313 313 313 313 313 118 313 118 313 118 313 118 118 118 118 118 118 313 118 118 313 313 118 313 118 118 313 118 118 118 118 118 313 313 118 313 118 313 313 313 313 118 118 313 313 313 313 118 313 118 313 118 118 118 118 313 313 313 313 313 118 313 313 313 313 313 313 118 313 313 118 313 313 313 313 118 118 313 118 313 313 313 118 118 118 118 118 118 313 118 118 313 118 118 313 313 313 313 118 118 118 118 313 118 313 313 118 313 118 118 118 118 313 313 118 313 313 313 118 118 118 118 118 118 118 313 313 313 313 118 118 313 118 313 313 313 118 118 118 313 118 118 118 313 313 313 118 118 313 118 118 313 118 313 118 118 313 118 313 313 313 313 118 118 118 313 118 313 313 118 313 118 118 313 313 313 313 118 118 118 313 313 118 118 313 313 313 313 118 118 118 118 313 313 313 313 118 313 313 118 118 313 118 118 313 313 313 313 313 313 118 313 313 118 118 118 313 118 313 313 313 118 313 118 313 313 118 313 313 118 118 313 313 313 313 313 118 118 313 313 118 118 118 118 118 313 118 118 118 118 313 313 118 313 118 313 118 118 313 118 313 313 118 118 313 118 118 313 313 118 118 118 313 313 313 313 313 313 118 118 313 313 118 313 313 118 313 118 313 118 118 118 313 118 313 118 118 118 118 118 118 118 118 313 118 313 313 313 313 118 313 118 118 118 118 313 118 118 313 118 118 118 313 313 313 118 313 118 118 118 118 313 118 313 313 313 118 118 118 313 313 313 118 118 313 118 313 118 118 313 118 313 313 313 313 118 118 118 313 118 118 118 118 313 313 313 118 118 118 118 313 118 118 313 313 313 313 118 313 313 118 118 313 118 118 118 313 118 118 313 118 313 313 313 313 118 118 118 118 118 313 313 118 118 313 118 313 313 313 313 118 313 313 118 118 313 118 313 118 313 313 118 118 313 118 118 118 118 313 118 118 118 118 313 118 313 118 313 118 118 313 118 313 313 313 313 313 313 118 313 313 313 313 313 313 313 118 313 118 313 118 118 118 313 118 118 313 313 313 118 313 118 118 313 313 118 118 118 313 118 118 118 118 1 313 313 
c [Signal] Signal interruption. Caught signal: SIGTERM (15).
c [Label = 305] Minimize Makespan Labeling problem (S-sherman4.mtx.rnd):
c [Label = 306] Encoding starts with target value = 195:
c [Label = 306] Encoding duration: 2583ms.
c [Label = 306] Number of clauses: 1322654.
c [Label = 306] Number of variables: 333180.
c [Label = 306] Solving duration: 32 ms.
s [Label = 306] SAT (w = 195).
c [Label = 306] Label assignment: 111 111 306 306 306 111 111 111 111 111 306 111 111 306 111 111 111 306 306 306 111 306 306 111 306 306 111 111 111 306 306 306 306 306 111 111 306 111 306 111 111 306 111 306 306 306 306 306 306 306 306 306 111 111 306 111 111 306 306 306 306 306 306 306 306 111 306 111 306 111 306 111 111 111 111 111 111 306 111 111 306 306 111 306 111 111 306 111 111 111 111 111 306 306 111 306 111 306 306 306 306 111 111 306 306 306 306 111 306 111 306 111 111 111 111 306 306 306 306 306 111 306 306 306 306 306 306 111 306 306 111 306 306 306 306 111 111 306 111 306 306 306 111 111 111 111 111 111 306 111 111 306 111 111 306 306 306 306 111 111 111 111 306 111 306 306 111 306 111 111 111 111 306 306 111 306 306 306 111 111 111 111 111 111 111 306 306 306 306 111 111 306 111 306 306 306 111 111 111 306 111 111 111 306 306 306 111 111 306 111 111 306 111 306 111 111 306 111 306 306 306 306 111 111 111 306 111 306 306 111 306 111 111 306 306 306 306 111 111 111 306 306 111 111 306 306 306 306 111 111 111 111 306 306 306 306 111 306 306 111 111 306 111 111 306 306 306 306 306 306 111 306 306 111 111 111 306 111 306 306 306 111 306 111 306 306 111 306 306 111 111 306 306 306 306 306 111 111 306 306 111 111 111 111 111 306 111 111 111 111 306 306 111 306 111 306 111 111 306 111 306 306 111 111 306 111 111 306 306 111 111 111 306 306 306 306 306 306 111 111 306 306 111 306 306 111 306 111 306 111 111 111 306 111 306 111 111 111 111 111 111 111 111 306 111 306 306 306 306 111 306 111 111 111 111 306 111 111 306 111 111 111 306 306 306 111 306 111 111 111 111 306 111 306 306 306 111 111 111 306 306 306 111 111 306 111 306 111 111 306 111 306 306 306 306 111 111 111 306 111 111 111 111 306 306 306 111 111 111 111 306 111 111 306 306 306 306 111 306 306 111 111 306 111 111 111 306 111 111 306 111 306 306 306 306 111 111 111 111 111 306 306 111 111 306 111 306 306 306 306 111 306 306 111 111 306 111 306 111 306 306 111 111 306 111 111 111 111 306 111 111 111 111 306 111 306 111 306 111 111 306 111 306 306 306 306 306 306 111 306 306 306 306 306 306 306 111 306 111 306 111 111 111 306 111 111 306 306 306 111 306 111 111 306 306 111 111 111 306 111 111 111 111 1 306 306 
c [Main] Kill higher label pid 310.
c [Main] Kill higher label pid 311.
c [Main] Kill higher label pid 312.
c [Main] Kill higher label pid 313.
c [Label = 307] Encoding starts with target value = 195:
c [Label = 307] Encoding duration: 2605ms.
c [Label = 307] Number of clauses: 1330748.
c [Label = 307] Number of variables: 334272.
c [Label = 307] Solving duration: 26 ms.
s [Label = 307] SAT (w = 195).
c [Label = 307] Label assignment: 112 112 307 307 307 112 112 112 112 112 307 112 112 307 112 112 112 307 307 307 112 307 307 112 307 307 112 112 112 307 307 307 307 307 112 112 307 112 307 112 112 307 112 307 307 307 307 307 307 307 307 307 112 112 307 112 112 307 307 307 307 307 307 307 307 112 307 112 307 112 307 112 112 112 112 112 112 307 112 112 307 307 112 307 112 112 307 112 112 112 112 112 307 307 112 307 112 307 307 307 307 112 112 307 307 307 307 112 307 112 307 112 112 112 112 307 307 307 307 307 112 307 307 307 307 307 307 112 307 307 112 307 307 307 307 112 112 307 112 307 307 307 112 112 112 112 112 112 307 112 112 307 112 112 307 307 307 307 112 112 112 112 307 112 307 307 112 307 112 112 112 112 307 307 112 307 307 307 112 112 112 112 112 112 112 307 307 307 307 112 112 307 112 307 307 307 112 112 112 307 112 112 112 307 307 307 112 112 307 112 112 307 112 307 112 112 307 112 307 307 307 307 112 112 112 307 112 307 307 112 307 112 112 307 307 307 307 112 112 112 307 307 112 112 307 307 307 307 112 112 112 112 307 307 307 307 112 307 307 112 112 307 112 112 307 307 307 307 307 307 112 307 307 112 112 112 307 112 307 307 307 112 307 112 307 307 112 307 307 112 112 307 307 307 307 307 112 112 307 307 112 112 112 112 112 307 112 112 112 112 307 307 112 307 112 307 112 112 307 112 307 307 112 112 307 112 112 307 307 112 112 112 307 307 307 307 307 307 112 112 307 307 112 307 307 112 307 112 307 112 112 112 307 112 307 112 112 112 112 112 112 112 112 307 112 307 307 307 307 112 307 112 112 112 112 307 112 112 307 112 112 112 307 307 307 112 307 112 112 112 112 307 112 307 307 307 112 112 112 307 307 307 112 112 307 112 307 112 112 307 112 307 307 307 307 112 112 112 307 112 112 112 112 307 307 307 112 112 112 112 307 112 112 307 307 307 307 112 307 307 112 112 307 112 112 112 307 112 112 307 112 307 307 307 307 112 112 112 112 112 307 307 112 112 307 112 307 307 307 307 112 307 307 112 112 307 112 307 112 307 307 112 112 307 112 112 112 112 307 112 112 112 112 307 112 307 112 307 112 112 307 112 307 307 307 307 307 307 112 307 307 307 307 307 307 307 112 307 112 307 112 112 112 307 112 112 307 307 307 112 307 112 112 307 307 112 112 112 307 112 112 112 112 1 307 307 
c [Label = 304] Minimize Makespan Labeling problem (S-sherman4.mtx.rnd):
c [Main] Kill higher label pid 313.
c [Label = 303] Minimize Makespan Labeling problem (S-sherman4.mtx.rnd):
c [Main] Child pid 310 - 60220 terminated by signal 15.
c [Main] Child pid 313 - 60217 terminated by signal 15.
c [Label = 302] Minimize Makespan Labeling problem (S-sherman4.mtx.rnd):
c [Main] Child pid 311 - 60219 terminated by signal 15.
c [Label = 301] Minimize Makespan Labeling problem (S-sherman4.mtx.rnd):
c [Label = 300] Minimize Makespan Labeling problem (S-sherman4.mtx.rnd):
c [Main] Lowest label SAT is set to 306.
c [Main] Kill higher label pid 307.
c [Label = 299] Minimize Makespan Labeling problem (S-sherman4.mtx.rnd):
c [Label = 298] Minimize Makespan Labeling problem (S-sherman4.mtx.rnd):
c [Label = 300] Encoding starts with target value = 195:
c [Label = 300] Encoding duration: 2406ms.
c [Label = 300] Number of clauses: 1274087.
c [Label = 300] Number of variables: 326628.
c [Label = 300] Solving duration: 27 ms.
s [Label = 300] SAT (w = 195).
c [Label = 300] Label assignment: 105 105 300 300 300 105 105 105 105 105 300 105 105 300 105 105 105 300 300 300 105 300 300 105 300 300 105 105 105 300 300 300 300 300 105 105 300 105 300 105 105 300 105 300 300 300 300 300 300 300 300 300 105 105 300 105 105 300 300 300 300 300 300 300 300 105 300 105 300 105 300 105 105 105 105 105 105 300 105 105 300 300 105 300 105 105 300 105 105 105 105 105 300 300 105 300 105 300 300 300 300 105 105 300 300 300 300 105 300 105 300 105 105 105 105 300 300 300 300 300 105 300 300 300 300 300 300 105 300 300 105 300 300 300 300 105 105 300 105 300 300 300 105 105 105 105 105 105 300 105 105 300 105 105 300 300 300 300 105 105 105 105 300 105 300 300 105 300 105 105 105 105 300 300 105 300 300 300 105 105 105 105 105 105 105 300 300 300 300 105 105 300 105 300 300 300 105 105 105 300 105 105 105 300 300 300 105 105 300 105 105 300 105 300 105 105 300 105 300 300 300 300 105 105 105 300 105 300 300 105 300 105 105 300 300 300 300 105 105 105 300 300 105 105 300 300 300 300 105 105 105 105 300 300 300 300 105 300 300 105 105 300 105 105 300 300 300 300 300 300 105 300 300 105 105 105 300 105 300 300 300 105 300 105 300 300 105 300 300 105 105 300 300 300 300 300 105 105 300 300 105 105 105 105 105 300 105 105 105 105 300 300 105 300 105 300 105 105 300 105 300 300 105 105 300 105 105 300 300 105 105 105 300 300 300 300 300 300 105 105 300 300 105 300 300 105 300 105 300 105 105 105 300 105 300 105 105 105 105 105 105 105 105 300 105 300 300 300 300 105 300 105 105 105 105 300 105 105 300 105 105 105 300 300 300 105 300 105 105 105 105 300 105 300 300 300 105 105 105 300 300 300 105 105 300 105 300 105 105 300 105 300 300 300 300 105 105 105 300 105 105 105 105 300 300 300 105 105 105 105 300 105 105 300 300 300 300 105 300 300 105 105 300 105 105 105 300 105 105 300 105 300 300 300 300 105 105 105 105 105 300 300 105 105 300 105 300 300 300 300 105 300 300 105 105 300 105 300 105 300 300 105 105 300 105 105 105 105 300 105 105 105 105 300 105 300 105 300 105 105 300 105 300 300 300 300 300 300 105 300 300 300 300 300 300 300 105 300 105 300 105 105 105 300 105 105 300 300 300 105 300 105 105 300 300 105 105 105 300 105 105 105 105 1 300 300 
c [Label = 302] Encoding starts with target value = 195:
c [Label = 302] Encoding duration: 2434ms.
c [Label = 302] Number of clauses: 1290276.
c [Label = 302] Number of variables: 328812.
c [Label = 302] Solving duration: 25 ms.
s [Label = 302] SAT (w = 195).
c [Label = 302] Label assignment: 107 107 302 302 302 107 107 107 107 107 302 107 107 302 107 107 107 302 302 302 107 302 302 107 302 302 107 107 107 302 302 302 302 302 107 107 302 107 302 107 107 302 107 302 302 302 302 302 302 302 302 302 107 107 302 107 107 302 302 302 302 302 302 302 302 107 302 107 302 107 302 107 107 107 107 107 107 302 107 107 302 302 107 302 107 107 302 107 107 107 107 107 302 302 107 302 107 302 302 302 302 107 107 302 302 302 302 107 302 107 302 107 107 107 107 302 302 302 302 302 107 302 302 302 302 302 302 107 302 302 107 302 302 302 302 107 107 302 107 302 302 302 107 107 107 107 107 107 302 107 107 302 107 107 302 302 302 302 107 107 107 107 302 107 302 302 107 302 107 107 107 107 302 302 107 302 302 302 107 107 107 107 107 107 107 302 302 302 302 107 107 302 107 302 302 302 107 107 107 302 107 107 107 302 302 302 107 107 302 107 107 302 107 302 107 107 302 107 302 302 302 302 107 107 107 302 107 302 302 107 302 107 107 302 302 302 302 107 107 107 302 302 107 107 302 302 302 302 107 107 107 107 302 302 302 302 107 302 302 107 107 302 107 107 302 302 302 302 302 302 107 302 302 107 107 107 302 107 302 302 302 107 302 107 302 302 107 302 302 107 107 302 302 302 302 302 107 107 302 302 107 107 107 107 107 302 107 107 107 107 302 302 107 302 107 302 107 107 302 107 302 302 107 107 302 107 107 302 302 107 107 107 302 302 302 302 302 302 107 107 302 302 107 302 302 107 302 107 302 107 107 107 302 107 302 107 107 107 107 107 107 107 107 302 107 302 302 302 302 107 302 107 107 107 107 302 107 107 302 107 107 107 302 302 302 107 302 107 107 107 107 302 107 302 302 302 107 107 107 302 302 302 107 107 302 107 302 107 107 302 107 302 302 302 302 107 107 107 302 107 107 107 107 302 302 302 107 107 107 107 302 107 107 302 302 302 302 107 302 302 107 107 302 107 107 107 302 107 107 302 107 302 302 302 302 107 107 107 107 107 302 302 107 107 302 107 302 302 302 302 107 302 302 107 107 302 107 302 107 302 302 107 107 302 107 107 107 107 302 107 107 107 107 302 107 302 107 302 107 107 302 107 302 302 302 302 302 302 107 302 302 302 302 302 302 302 107 302 107 302 107 107 107 302 107 107 302 302 302 107 302 107 107 302 302 107 107 107 302 107 107 107 107 1 302 302 
c [Label = 301] Encoding starts with target value = 195:
c [Label = 301] Encoding duration: 2442ms.
c [Label = 301] Number of clauses: 1282181.
c [Label = 301] Number of variables: 327720.
c [Label = 301] Solving duration: 31 ms.
s [Label = 301] SAT (w = 195).
c [Label = 301] Label assignment: 106 106 301 301 301 106 106 106 106 106 301 106 106 301 106 106 106 301 301 301 106 301 301 106 301 301 106 106 106 301 301 301 301 301 106 106 301 106 301 106 106 301 106 301 301 301 301 301 301 301 301 301 106 106 301 106 106 301 301 301 301 301 301 301 301 106 301 106 301 106 301 106 106 106 106 106 106 301 106 106 301 301 106 301 106 106 301 106 106 106 106 106 301 301 106 301 106 301 301 301 301 106 106 301 301 301 301 106 301 106 301 106 106 106 106 301 301 301 301 301 106 301 301 301 301 301 301 106 301 301 106 301 301 301 301 106 106 301 106 301 301 301 106 106 106 106 106 106 301 106 106 301 106 106 301 301 301 301 106 106 106 106 301 106 301 301 106 301 106 106 106 106 301 301 106 301 301 301 106 106 106 106 106 106 106 301 301 301 301 106 106 301 106 301 301 301 106 106 106 301 106 106 106 301 301 301 106 106 301 106 106 301 106 301 106 106 301 106 301 301 301 301 106 106 106 301 106 301 301 106 301 106 106 301 301 301 301 106 106 106 301 301 106 106 301 301 301 301 106 106 106 106 301 301 301 301 106 301 301 106 106 301 106 106 301 301 301 301 301 301 106 301 301 106 106 106 301 106 301 301 301 106 301 106 301 301 106 301 301 106 106 301 301 301 301 301 106 106 301 301 106 106 106 106 106 301 106 106 106 106 301 301 106 301 106 301 106 106 301 106 301 301 106 106 301 106 106 301 301 106 106 106 301 301 301 301 301 301 106 106 301 301 106 301 301 106 301 106 301 106 106 106 301 106 301 106 106 106 106 106 106 106 106 301 106 301 301 301 301 106 301 106 106 106 106 301 106 106 301 106 106 106 301 301 301 106 301 106 106 106 106 301 106 301 301 301 106 106 106 301 301 301 106 106 301 106 301 106 106 301 106 301 301 301 301 106 106 106 301 106 106 106 106 301 301 301 106 106 106 106 301 106 106 301 301 301 301 106 301 301 106 106 301 106 106 106 301 106 106 301 106 301 301 301 301 106 106 106 106 106 301 301 106 106 301 106 301 301 301 301 106 301 301 106 106 301 106 301 106 301 301 106 106 301 106 106 106 106 301 106 106 106 106 301 106 301 106 301 106 106 301 106 301 301 301 301 301 301 106 301 301 301 301 301 301 301 106 301 106 301 106 106 106 301 106 106 301 301 301 106 301 106 106 301 301 106 106 106 301 106 106 106 106 1 301 301 
c [Main] Lowest label SAT is set to 300.
c [Main] Kill higher label pid 301.
c [Main] Kill higher label pid 302.
c [Main] Kill higher label pid 303.
c [Main] Kill higher label pid 304.
c [Main] Kill higher label pid 305.
c [Label = 304] Encoding starts with target value = 195:
c [Label = 304] Encoding duration: 2483ms.
c [Label = 304] Number of clauses: 1306465.
c [Label = 304] Number of variables: 330996.
c [Label = 304] Solving duration: 25 ms.
s [Label = 304] SAT (w = 195).
c [Label = 304] Label assignment: 109 109 304 304 304 109 109 109 109 109 304 109 109 304 109 109 109 304 304 304 109 304 304 109 304 304 109 109 109 304 304 304 304 304 109 109 304 109 304 109 109 304 109 304 304 304 304 304 304 304 304 304 109 109 304 109 109 304 304 304 304 304 304 304 304 109 304 109 304 109 304 109 109 109 109 109 109 304 109 109 304 304 109 304 109 109 304 109 109 109 109 109 304 304 109 304 109 304 304 304 304 109 109 304 304 304 304 109 304 109 304 109 109 109 109 304 304 304 304 304 109 304 304 304 304 304 304 109 304 304 109 304 304 304 304 109 109 304 109 304 304 304 109 109 109 109 109 109 304 109 109 304 109 109 304 304 304 304 109 109 109 109 304 109 304 304 109 304 109 109 109 109 304 304 109 304 304 304 109 109 109 109 109 109 109 304 304 304 304 109 109 304 109 304 304 304 109 109 109 304 109 109 109 304 304 304 109 109 304 109 109 304 109 304 109 109 304 109 304 304 304 304 109 109 109 304 109 304 304 109 304 109 109 304 304 304 304 109 109 109 304 304 109 109 304 304 304 304 109 109 109 109 304 304 304 304 109 304 304 109 109 304 109 109 304 304 304 304 304 304 109 304 304 109 109 109 304 109 304 304 304 109 304 109 304 304 109 304 304 109 109 304 304 304 304 304 109 109 304 304 109 109 109 109 109 304 109 109 109 109 304 304 109 304 109 304 109 109 304 109 304 304 109 109 304 109 109 304 304 109 109 109 304 304 304 304 304 304 109 109 304 304 109 304 304 109 304 109 304 109 109 109 304 109 304 109 109 109 109 109 109 109 109 304 109 304 304 304 304 109 304 109 109 109 109 304 109 109 304 109 109 109 304 304 304 109 304 109 109 109 109 304 109 304 304 304 109 109 109 304 304 304 109 109 304 109 304 109 109 304 109 304 304 304 304 109 109 109 304 109 109 109 109 304 304 304 109 109 109 109 304 109 109 304 304 304 304 109 304 304 109 109 304 109 109 109 304 109 109 304 109 304 304 304 304 109 109 109 109 109 304 304 109 109 304 109 304 304 304 304 109 304 304 109 109 304 109 304 109 304 304 109 109 304 109 109 109 109 304 109 109 109 109 304 109 304 109 304 109 109 304 109 304 304 304 304 304 304 109 304 304 304 304 304 304 304 109 304 109 304 109 109 109 304 109 109 304 304 304 109 304 109 109 304 304 109 109 109 304 109 109 109 109 1 304 304 
c [Signal] Signal interruption. Caught signal: SIGTERM (15).
c [Label = 303] Encoding starts with target value = 195:
c [Label = 303] Encoding duration: 2537ms.
c [Label = 303] Number of clauses: 1298370.
c [Label = 303] Number of variables: 329904.
c [Label = 303] Solving duration: 30 ms.
s [Label = 303] SAT (w = 195).
c [Label = 303] Label assignment: 108 108 303 303 303 108 108 108 108 108 303 108 108 303 108 108 108 303 303 303 108 303 303 108 303 303 108 108 108 303 303 303 303 303 108 108 303 108 303 108 108 303 108 303 303 303 303 303 303 303 303 303 108 108 303 108 108 303 303 303 303 303 303 303 303 108 303 108 303 108 303 108 108 108 108 108 108 303 108 108 303 303 108 303 108 108 303 108 108 108 108 108 303 303 108 303 108 303 303 303 303 108 108 303 303 303 303 108 303 108 303 108 108 108 108 303 303 303 303 303 108 303 303 303 303 303 303 108 303 303 108 303 303 303 303 108 108 303 108 303 303 303 108 108 108 108 108 108 303 108 108 303 108 108 303 303 303 303 108 108 108 108 303 108 303 303 108 303 108 108 108 108 303 303 108 303 303 303 108 108 108 108 108 108 108 303 303 303 303 108 108 303 108 303 303 303 108 108 108 303 108 108 108 303 303 303 108 108 303 108 108 303 108 303 108 108 303 108 303 303 303 303 108 108 108 303 108 303 303 108 303 108 108 303 303 303 303 108 108 108 303 303 108 108 303 303 303 303 108 108 108 108 303 303 303 303 108 303 303 108 108 303 108 108 303 303 303 303 303 303 108 303 303 108 108 108 303 108 303 303 303 108 303 108 303 303 108 303 303 108 108 303 303 303 303 303 108 108 303 303 108 108 108 108 108 303 108 108 108 108 303 303 108 303 108 303 108 108 303 108 303 303 108 108 303 108 108 303 303 108 108 108 303 303 303 303 303 303 108 108 303 303 108 303 303 108 303 108 303 108 108 108 303 108 303 108 108 108 108 108 108 108 108 303 108 303 303 303 303 108 303 108 108 108 108 303 108 108 303 108 108 108 303 303 303 108 303 108 108 108 108 303 108 303 303 303 108 108 108 303 303 303 108 108 303 108 303 108 108 303 108 303 303 303 303 108 108 108 303 108 108 108 108 303 303 303 108 108 108 108 303 108 108 303 303 303 303 108 303 303 108 108 303 108 108 108 303 108 108 303 108 303 303 303 303 108 108 108 108 108 303 303 108 108 303 108 303 303 303 303 108 303 303 108 108 303 108 303 108 303 303 108 108 303 108 108 108 108 303 108 108 108 108 303 108 303 108 303 108 108 303 108 303 303 303 303 303 303 108 303 303 303 303 303 303 303 108 303 108 303 108 108 108 303 108 108 303 303 303 108 303 108 108 303 303 108 108 108 303 108 108 108 108 1 303 303 
c [Signal] Signal interruption. Caught signal: SIGTERM (15).
c [Label = 305] Encoding starts with target value = 195:
c [Label = 305] Encoding duration: 2587ms.
c [Label = 305] Number of clauses: 1314559.
c [Label = 305] Number of variables: 332088.
c [Label = 305] Solving duration: 29 ms.
s [Label = 305] SAT (w = 195).
c [Label = 305] Label assignment: 110 110 305 305 305 110 110 110 110 110 305 110 110 305 110 110 110 305 305 305 110 305 305 110 305 305 110 110 110 305 305 305 305 305 110 110 305 110 305 110 110 305 110 305 305 305 305 305 305 305 305 305 110 110 305 110 110 305 305 305 305 305 305 305 305 110 305 110 305 110 305 110 110 110 110 110 110 305 110 110 305 305 110 305 110 110 305 110 110 110 110 110 305 305 110 305 110 305 305 305 305 110 110 305 305 305 305 110 305 110 305 110 110 110 110 305 305 305 305 305 110 305 305 305 305 305 305 110 305 305 110 305 305 305 305 110 110 305 110 305 305 305 110 110 110 110 110 110 305 110 110 305 110 110 305 305 305 305 110 110 110 110 305 110 305 305 110 305 110 110 110 110 305 305 110 305 305 305 110 110 110 110 110 110 110 305 305 305 305 110 110 305 110 305 305 305 110 110 110 305 110 110 110 305 305 305 110 110 305 110 110 305 110 305 110 110 305 110 305 305 305 305 110 110 110 305 110 305 305 110 305 110 110 305 305 305 305 110 110 110 305 305 110 110 305 305 305 305 110 110 110 110 305 305 305 305 110 305 305 110 110 305 110 110 305 305 305 305 305 305 110 305 305 110 110 110 305 110 305 305 305 110 305 110 305 305 110 305 305 110 110 305 305 305 305 305 110 110 305 305 110 110 110 110 110 305 110 110 110 110 305 305 110 305 110 305 110 110 305 110 305 305 110 110 305 110 110 305 305 110 110 110 305 305 305 305 305 305 110 110 305 305 110 305 305 110 305 110 305 110 110 110 305 110 305 110 110 110 110 110 110 110 110 305 110 305 305 305 305 110 305 110 110 110 110 305 110 110 305 110 110 110 305 305 305 110 305 110 110 110 110 305 110 305 305 305 110 110 110 305 305 305 110 110 305 110 305 110 110 305 110 305 305 305 305 110 110 110 305 110 110 110 110 305 305 305 110 110 110 110 305 110 110 305 305 305 305 110 305 305 110 110 305 110 110 110 305 110 110 305 110 305 305 305 305 110 110 110 110 110 305 305 110 110 305 110 305 305 305 305 110 305 305 110 110 305 110 305 110 305 305 110 110 305 110 110 110 110 305 110 110 110 110 305 110 305 110 305 110 110 305 110 305 305 305 305 305 305 110 305 305 305 305 305 305 305 110 305 110 305 110 110 110 305 110 110 305 305 305 110 305 110 110 305 305 110 110 110 305 110 110 110 110 1 305 305 
c [Signal] Signal interruption. Caught signal: SIGTERM (15).
c [Label = 298] Encoding starts with target value = 195:
c [Label = 298] Encoding duration: 2446ms.
c [Label = 298] Number of clauses: 1257898.
c [Label = 298] Number of variables: 324444.
c [Label = 298] Solving duration: 28 ms.
s [Label = 298] SAT (w = 195).
c [Label = 298] Label assignment: 103 103 298 298 298 103 103 103 103 103 298 103 103 298 103 103 103 298 298 298 103 298 298 103 298 298 103 103 103 298 298 298 298 298 103 103 298 103 298 103 103 298 103 298 298 298 298 298 298 298 298 298 103 103 298 103 103 298 298 298 298 298 298 298 298 103 298 103 298 103 298 103 103 103 103 103 103 298 103 103 298 298 103 298 103 103 298 103 103 103 103 103 298 298 103 298 103 298 298 298 298 103 103 298 298 298 298 103 298 103 298 103 103 103 103 298 298 298 298 298 103 298 298 298 298 298 298 103 298 298 103 298 298 298 298 103 103 298 103 298 298 298 103 103 103 103 103 103 298 103 103 298 103 103 298 298 298 298 103 103 103 103 298 103 298 298 103 298 103 103 103 103 298 298 103 298 298 298 103 103 103 103 103 103 103 298 298 298 298 103 103 298 103 298 298 298 103 103 103 298 103 103 103 298 298 298 103 103 298 103 103 298 103 298 103 103 298 103 298 298 298 298 103 103 103 298 103 298 298 103 298 103 103 298 298 298 298 103 103 103 298 298 103 103 298 298 298 298 103 103 103 103 298 298 298 298 103 298 298 103 103 298 103 103 298 298 298 298 298 298 103 298 298 103 103 103 298 103 298 298 298 103 298 103 298 298 103 298 298 103 103 298 298 298 298 298 103 103 298 298 103 103 103 103 103 298 103 103 103 103 298 298 103 298 103 298 103 103 298 103 298 298 103 103 298 103 103 298 298 103 103 103 298 298 298 298 298 298 103 103 298 298 103 298 298 103 298 103 298 103 103 103 298 103 298 103 103 103 103 103 103 103 103 298 103 298 298 298 298 103 298 103 103 103 103 298 103 103 298 103 103 103 298 298 298 103 298 103 103 103 103 298 103 298 298 298 103 103 103 298 298 298 103 103 298 103 298 103 103 298 103 298 298 298 298 103 103 103 298 103 103 103 103 298 298 298 103 103 103 103 298 103 103 298 298 298 298 103 298 298 103 103 298 103 103 103 298 103 103 298 103 298 298 298 298 103 103 103 103 103 298 298 103 103 298 103 298 298 298 298 103 298 298 103 103 298 103 298 103 298 298 103 103 298 103 103 103 103 298 103 103 103 103 298 103 298 103 298 103 103 298 103 298 298 298 298 298 298 103 298 298 298 298 298 298 298 103 298 103 298 103 103 103 298 103 103 298 298 298 103 298 103 103 298 298 103 103 103 298 103 103 103 103 1 298 298 
c [Label = 297] Minimize Makespan Labeling problem (S-sherman4.mtx.rnd):
c [Main] Kill higher label pid 303.
c [Main] Kill higher label pid 304.
c [Main] Kill higher label pid 305.
c [Label = 296] Minimize Makespan Labeling problem (S-sherman4.mtx.rnd):
c [Label = 299] Encoding starts with target value = 195:
c [Label = 299] Encoding duration: 2470ms.
c [Label = 299] Number of clauses: 1265992.
c [Label = 299] Number of variables: 325536.
c [Label = 299] Solving duration: 27 ms.
s [Label = 299] SAT (w = 195).
c [Label = 299] Label assignment: 104 104 299 299 299 104 104 104 104 104 299 104 104 299 104 104 104 299 299 299 104 299 299 104 299 299 104 104 104 299 299 299 299 299 104 104 299 104 299 104 104 299 104 299 299 299 299 299 299 299 299 299 104 104 299 104 104 299 299 299 299 299 299 299 299 104 299 104 299 104 299 104 104 104 104 104 104 299 104 104 299 299 104 299 104 104 299 104 104 104 104 104 299 299 104 299 104 299 299 299 299 104 104 299 299 299 299 104 299 104 299 104 104 104 104 299 299 299 299 299 104 299 299 299 299 299 299 104 299 299 104 299 299 299 299 104 104 299 104 299 299 299 104 104 104 104 104 104 299 104 104 299 104 104 299 299 299 299 104 104 104 104 299 104 299 299 104 299 104 104 104 104 299 299 104 299 299 299 104 104 104 104 104 104 104 299 299 299 299 104 104 299 104 299 299 299 104 104 104 299 104 104 104 299 299 299 104 104 299 104 104 299 104 299 104 104 299 104 299 299 299 299 104 104 104 299 104 299 299 104 299 104 104 299 299 299 299 104 104 104 299 299 104 104 299 299 299 299 104 104 104 104 299 299 299 299 104 299 299 104 104 299 104 104 299 299 299 299 299 299 104 299 299 104 104 104 299 104 299 299 299 104 299 104 299 299 104 299 299 104 104 299 299 299 299 299 104 104 299 299 104 104 104 104 104 299 104 104 104 104 299 299 104 299 104 299 104 104 299 104 299 299 104 104 299 104 104 299 299 104 104 104 299 299 299 299 299 299 104 104 299 299 104 299 299 104 299 104 299 104 104 104 299 104 299 104 104 104 104 104 104 104 104 299 104 299 299 299 299 104 299 104 104 104 104 299 104 104 299 104 104 104 299 299 299 104 299 104 104 104 104 299 104 299 299 299 104 104 104 299 299 299 104 104 299 104 299 104 104 299 104 299 299 299 299 104 104 104 299 104 104 104 104 299 299 299 104 104 104 104 299 104 104 299 299 299 299 104 299 299 104 104 299 104 104 104 299 104 104 299 104 299 299 299 299 104 104 104 104 104 299 299 104 104 299 104 299 299 299 299 104 299 299 104 104 299 104 299 104 299 299 104 104 299 104 104 104 104 299 104 104 104 104 299 104 299 104 299 104 104 299 104 299 299 299 299 299 299 104 299 299 299 299 299 299 299 104 299 104 299 104 104 104 299 104 104 299 299 299 104 299 104 104 299 299 104 104 104 299 104 104 104 104 1 299 299 
c [Main] Kill higher label pid 303.
c [Main] Kill higher label pid 304.
c [Main] Kill higher label pid 305.
c [Label = 295] Minimize Makespan Labeling problem (S-sherman4.mtx.rnd):
c [Main] Lowest label SAT is set to 298.
c [Main] Kill higher label pid 299.
c [Main] Kill higher label pid 303.
c [Main] Kill higher label pid 304.
c [Main] Kill higher label pid 305.
c [Main] Child pid 304 - 60226 terminated by signal 15.
c [Main] Child pid 303 - 60227 terminated by signal 15.
c [Main] Child pid 305 - 60225 terminated by signal 15.
c [Label = 294] Minimize Makespan Labeling problem (S-sherman4.mtx.rnd):
c [Label = 293] Minimize Makespan Labeling problem (S-sherman4.mtx.rnd):
c [Label = 292] Minimize Makespan Labeling problem (S-sherman4.mtx.rnd):
c [Label = 291] Minimize Makespan Labeling problem (S-sherman4.mtx.rnd):
c [Label = 290] Minimize Makespan Labeling problem (S-sherman4.mtx.rnd):
c [Label = 290] Encoding starts with target value = 195:
c [Label = 290] Encoding duration: 2251ms.
c [Label = 290] Number of clauses: 1193142.
c [Label = 290] Number of variables: 315708.
c [Label = 290] Solving duration: 27 ms.
s [Label = 290] SAT (w = 195).
c [Label = 290] Label assignment: 95 95 290 290 290 95 95 95 95 95 290 95 95 290 95 95 95 290 290 290 95 290 290 95 290 290 95 95 95 290 290 290 290 290 95 95 290 95 290 95 95 290 95 290 290 290 290 290 290 290 290 290 95 95 290 95 95 290 290 290 290 290 290 290 290 95 290 95 290 95 290 95 95 95 95 95 95 290 95 95 290 290 95 290 95 95 290 95 95 95 95 95 290 290 95 290 95 290 290 290 290 95 95 290 290 290 290 95 290 95 290 95 95 95 95 290 290 290 290 290 95 290 290 290 290 290 290 95 290 290 95 290 290 290 290 95 95 290 95 290 290 290 95 95 95 95 95 95 290 95 95 290 95 95 290 290 290 290 95 95 95 95 290 95 290 290 95 290 95 95 95 95 290 290 95 290 290 290 95 95 95 95 95 95 95 290 290 290 290 95 95 290 95 290 290 290 95 95 95 290 95 95 95 290 290 290 95 95 290 95 95 290 95 290 95 95 290 95 290 290 290 290 95 95 95 290 95 290 290 95 290 95 95 290 290 290 290 95 95 95 290 290 95 95 290 290 290 290 95 95 95 95 290 290 290 290 95 290 290 95 95 290 95 95 290 290 290 290 290 290 95 290 290 95 95 95 290 95 290 290 290 95 290 95 290 290 95 290 290 95 95 290 290 290 290 290 95 95 290 290 95 95 95 95 95 290 95 95 95 95 290 290 95 290 95 290 95 95 290 95 290 290 95 95 290 95 95 290 290 95 95 95 290 290 290 290 290 290 95 95 290 290 95 290 290 95 290 95 290 95 95 95 290 95 290 95 95 95 95 95 95 95 95 290 95 290 290 290 290 95 290 95 95 95 95 290 95 95 290 95 95 95 290 290 290 95 290 95 95 95 95 290 95 290 290 290 95 95 95 290 290 290 95 95 290 95 290 95 95 290 95 290 290 290 290 95 95 95 290 95 95 95 95 290 290 290 95 95 95 95 290 95 95 290 290 290 290 95 290 290 95 95 290 95 95 95 290 95 95 290 95 290 290 290 290 95 95 95 95 95 290 290 95 95 290 95 290 290 290 290 95 290 290 95 95 290 95 290 95 290 290 95 95 290 95 95 95 95 290 95 95 95 95 290 95 290 95 290 95 95 290 95 290 290 290 290 290 290 95 290 290 290 290 290 290 290 95 290 95 290 95 95 95 290 95 95 290 290 290 95 290 95 95 290 290 95 95 95 290 95 95 95 95 1 290 290 
c [Label = 291] Encoding starts with target value = 195:
c [Label = 291] Encoding duration: 2277ms.
c [Label = 291] Number of clauses: 1201236.
c [Label = 291] Number of variables: 316800.
c [Label = 291] Solving duration: 27 ms.
s [Label = 291] SAT (w = 195).
c [Label = 291] Label assignment: 96 96 291 291 291 96 96 96 96 96 291 96 96 291 96 96 96 291 291 291 96 291 291 96 291 291 96 96 96 291 291 291 291 291 96 96 291 96 291 96 96 291 96 291 291 291 291 291 291 291 291 291 96 96 291 96 96 291 291 291 291 291 291 291 291 96 291 96 291 96 291 96 96 96 96 96 96 291 96 96 291 291 96 291 96 96 291 96 96 96 96 96 291 291 96 291 96 291 291 291 291 96 96 291 291 291 291 96 291 96 291 96 96 96 96 291 291 291 291 291 96 291 291 291 291 291 291 96 291 291 96 291 291 291 291 96 96 291 96 291 291 291 96 96 96 96 96 96 291 96 96 291 96 96 291 291 291 291 96 96 96 96 291 96 291 291 96 291 96 96 96 96 291 291 96 291 291 291 96 96 96 96 96 96 96 291 291 291 291 96 96 291 96 291 291 291 96 96 96 291 96 96 96 291 291 291 96 96 291 96 96 291 96 291 96 96 291 96 291 291 291 291 96 96 96 291 96 291 291 96 291 96 96 291 291 291 291 96 96 96 291 291 96 96 291 291 291 291 96 96 96 96 291 291 291 291 96 291 291 96 96 291 96 96 291 291 291 291 291 291 96 291 291 96 96 96 291 96 291 291 291 96 291 96 291 291 96 291 291 96 96 291 291 291 291 291 96 96 291 291 96 96 96 96 96 291 96 96 96 96 291 291 96 291 96 291 96 96 291 96 291 291 96 96 291 96 96 291 291 96 96 96 291 291 291 291 291 291 96 96 291 291 96 291 291 96 291 96 291 96 96 96 291 96 291 96 96 96 96 96 96 96 96 291 96 291 291 291 291 96 291 96 96 96 96 291 96 96 291 96 96 96 291 291 291 96 291 96 96 96 96 291 96 291 291 291 96 96 96 291 291 291 96 96 291 96 291 96 96 291 96 291 291 291 291 96 96 96 291 96 96 96 96 291 291 291 96 96 96 96 291 96 96 291 291 291 291 96 291 291 96 96 291 96 96 96 291 96 96 291 96 291 291 291 291 96 96 96 96 96 291 291 96 96 291 96 291 291 291 291 96 291 291 96 96 291 96 291 96 291 291 96 96 291 96 96 96 96 291 96 96 96 96 291 96 291 96 291 96 96 291 96 291 291 291 291 291 291 96 291 291 291 291 291 291 291 96 291 96 291 96 96 96 291 96 96 291 291 291 96 291 96 96 291 291 96 96 96 291 96 96 96 96 1 291 291 
c [Label = 293] Encoding starts with target value = 195:
c [Label = 293] Encoding duration: 2311ms.
c [Label = 293] Number of clauses: 1217425.
c [Label = 293] Number of variables: 318984.
c [Label = 293] Solving duration: 29 ms.
s [Label = 293] SAT (w = 195).
c [Label = 293] Label assignment: 98 98 293 293 293 98 98 98 98 98 293 98 98 293 98 98 98 293 293 293 98 293 293 98 293 293 98 98 98 293 293 293 293 293 98 98 293 98 293 98 98 293 98 293 293 293 293 293 293 293 293 293 98 98 293 98 98 293 293 293 293 293 293 293 293 98 293 98 293 98 293 98 98 98 98 98 98 293 98 98 293 293 98 293 98 98 293 98 98 98 98 98 293 293 98 293 98 293 293 293 293 98 98 293 293 293 293 98 293 98 293 98 98 98 98 293 293 293 293 293 98 293 293 293 293 293 293 98 293 293 98 293 293 293 293 98 98 293 98 293 293 293 98 98 98 98 98 98 293 98 98 293 98 98 293 293 293 293 98 98 98 98 293 98 293 293 98 293 98 98 98 98 293 293 98 293 293 293 98 98 98 98 98 98 98 293 293 293 293 98 98 293 98 293 293 293 98 98 98 293 98 98 98 293 293 293 98 98 293 98 98 293 98 293 98 98 293 98 293 293 293 293 98 98 98 293 98 293 293 98 293 98 98 293 293 293 293 98 98 98 293 293 98 98 293 293 293 293 98 98 98 98 293 293 293 293 98 293 293 98 98 293 98 98 293 293 293 293 293 293 98 293 293 98 98 98 293 98 293 293 293 98 293 98 293 293 98 293 293 98 98 293 293 293 293 293 98 98 293 293 98 98 98 98 98 293 98 98 98 98 293 293 98 293 98 293 98 98 293 98 293 293 98 98 293 98 98 293 293 98 98 98 293 293 293 293 293 293 98 98 293 293 98 293 293 98 293 98 293 98 98 98 293 98 293 98 98 98 98 98 98 98 98 293 98 293 293 293 293 98 293 98 98 98 98 293 98 98 293 98 98 98 293 293 293 98 293 98 98 98 98 293 98 293 293 293 98 98 98 293 293 293 98 98 293 98 293 98 98 293 98 293 293 293 293 98 98 98 293 98 98 98 98 293 293 293 98 98 98 98 293 98 98 293 293 293 293 98 293 293 98 98 293 98 98 98 293 98 98 293 98 293 293 293 293 98 98 98 98 98 293 293 98 98 293 98 293 293 293 293 98 293 293 98 98 293 98 293 98 293 293 98 98 293 98 98 98 98 293 98 98 98 98 293 98 293 98 293 98 98 293 98 293 293 293 293 293 293 98 293 293 293 293 293 293 293 98 293 98 293 98 98 98 293 98 98 293 293 293 98 293 98 98 293 293 98 98 98 293 98 98 98 98 1 293 293 
c [Signal] Signal interruption. Caught signal: SIGTERM (15).
c [Label = 294] Encoding starts with target value = 195:
c [Label = 294] Encoding duration: 2319ms.
c [Label = 294] Number of clauses: 1225520.
c [Label = 294] Number of variables: 320076.
c [Label = 294] Solving duration: 23 ms.
s [Label = 294] SAT (w = 195).
c [Label = 294] Label assignment: 99 99 294 294 294 99 99 99 99 99 294 99 99 294 99 99 99 294 294 294 99 294 294 99 294 294 99 99 99 294 294 294 294 294 99 99 294 99 294 99 99 294 99 294 294 294 294 294 294 294 294 294 99 99 294 99 99 294 294 294 294 294 294 294 294 99 294 99 294 99 294 99 99 99 99 99 99 294 99 99 294 294 99 294 99 99 294 99 99 99 99 99 294 294 99 294 99 294 294 294 294 99 99 294 294 294 294 99 294 99 294 99 99 99 99 294 294 294 294 294 99 294 294 294 294 294 294 99 294 294 99 294 294 294 294 99 99 294 99 294 294 294 99 99 99 99 99 99 294 99 99 294 99 99 294 294 294 294 99 99 99 99 294 99 294 294 99 294 99 99 99 99 294 294 99 294 294 294 99 99 99 99 99 99 99 294 294 294 294 99 99 294 99 294 294 294 99 99 99 294 99 99 99 294 294 294 99 99 294 99 99 294 99 294 99 99 294 99 294 294 294 294 99 99 99 294 99 294 294 99 294 99 99 294 294 294 294 99 99 99 294 294 99 99 294 294 294 294 99 99 99 99 294 294 294 294 99 294 294 99 99 294 99 99 294 294 294 294 294 294 99 294 294 99 99 99 294 99 294 294 294 99 294 99 294 294 99 294 294 99 99 294 294 294 294 294 99 99 294 294 99 99 99 99 99 294 99 99 99 99 294 294 99 294 99 294 99 99 294 99 294 294 99 99 294 99 99 294 294 99 99 99 294 294 294 294 294 294 99 99 294 294 99 294 294 99 294 99 294 99 99 99 294 99 294 99 99 99 99 99 99 99 99 294 99 294 294 294 294 99 294 99 99 99 99 294 99 99 294 99 99 99 294 294 294 99 294 99 99 99 99 294 99 294 294 294 99 99 99 294 294 294 99 99 294 99 294 99 99 294 99 294 294 294 294 99 99 99 294 99 99 99 99 294 294 294 99 99 99 99 294 99 99 294 294 294 294 99 294 294 99 99 294 99 99 99 294 99 99 294 99 294 294 294 294 99 99 99 99 99 294 294 99 99 294 99 294 294 294 294 99 294 294 99 99 294 99 294 99 294 294 99 99 294 99 99 99 99 294 99 99 99 99 294 99 294 99 294 99 99 294 99 294 294 294 294 294 294 99 294 294 294 294 294 294 294 99 294 99 294 99 99 99 294 99 99 294 294 294 99 294 99 99 294 294 99 99 99 294 99 99 99 99 1 294 294 
c [Signal] Signal interruption. Caught signal: SIGTERM (15).
c [Label = 295] Encoding starts with target value = 195:
c [Label = 295] Encoding duration: 2361ms.
c [Label = 295] Number of clauses: 1233614.
c [Label = 295] Number of variables: 321168.
c [Label = 295] Solving duration: 23 ms.
s [Label = 295] SAT (w = 195).
c [Label = 295] Label assignment: 100 100 295 295 295 100 100 100 100 100 295 100 100 295 100 100 100 295 295 295 100 295 295 100 295 295 100 100 100 295 295 295 295 295 100 100 295 100 295 100 100 295 100 295 295 295 295 295 295 295 295 295 100 100 295 100 100 295 295 295 295 295 295 295 295 100 295 100 295 100 295 100 100 100 100 100 100 295 100 100 295 295 100 295 100 100 295 100 100 100 100 100 295 295 100 295 100 295 295 295 295 100 100 295 295 295 295 100 295 100 295 100 100 100 100 295 295 295 295 295 100 295 295 295 295 295 295 100 295 295 100 295 295 295 295 100 100 295 100 295 295 295 100 100 100 100 100 100 295 100 100 295 100 100 295 295 295 295 100 100 100 100 295 100 295 295 100 295 100 100 100 100 295 295 100 295 295 295 100 100 100 100 100 100 100 295 295 295 295 100 100 295 100 295 295 295 100 100 100 295 100 100 100 295 295 295 100 100 295 100 100 295 100 295 100 100 295 100 295 295 295 295 100 100 100 295 100 295 295 100 295 100 100 295 295 295 295 100 100 100 295 295 100 100 295 295 295 295 100 100 100 100 295 295 295 295 100 295 295 100 100 295 100 100 295 295 295 295 295 295 100 295 295 100 100 100 295 100 295 295 295 100 295 100 295 295 100 295 295 100 100 295 295 295 295 295 100 100 295 295 100 100 100 100 100 295 100 100 100 100 295 295 100 295 100 295 100 100 295 100 295 295 100 100 295 100 100 295 295 100 100 100 295 295 295 295 295 295 100 100 295 295 100 295 295 100 295 100 295 100 100 100 295 100 295 100 100 100 100 100 100 100 100 295 100 295 295 295 295 100 295 100 100 100 100 295 100 100 295 100 100 100 295 295 295 100 295 100 100 100 100 295 100 295 295 295 100 100 100 295 295 295 100 100 295 100 295 100 100 295 100 295 295 295 295 100 100 100 295 100 100 100 100 295 295 295 100 100 100 100 295 100 100 295 295 295 295 100 295 295 100 100 295 100 100 100 295 100 100 295 100 295 295 295 295 100 100 100 100 100 295 295 100 100 295 100 295 295 295 295 100 295 295 100 100 295 100 295 100 295 295 100 100 295 100 100 100 100 295 100 100 100 100 295 100 295 100 295 100 100 295 100 295 295 295 295 295 295 100 295 295 295 295 295 295 295 100 295 100 295 100 100 100 295 100 100 295 295 295 100 295 100 100 295 295 100 100 100 295 100 100 100 100 1 295 295 
c [Signal] Signal interruption. Caught signal: SIGTERM (15).
c [Main] Lowest label SAT is set to 290.
c [Main] Kill higher label pid 291.
c [Main] Kill higher label pid 293.
c [Main] Kill higher label pid 294.
c [Main] Kill higher label pid 295.
c [Main] Kill higher label pid 296.
c [Main] Kill higher label pid 297.
c [Main] Kill higher label pid 292.
c [Label = 296] Encoding starts with target value = 195:
c [Label = 296] Encoding duration: 2364ms.
c [Label = 296] Number of clauses: 1241709.
c [Label = 296] Number of variables: 322260.
c [Label = 296] Solving duration: 30 ms.
s [Label = 296] SAT (w = 195).
c [Label = 296] Label assignment: 101 101 296 296 296 101 101 101 101 101 296 101 101 296 101 101 101 296 296 296 101 296 296 101 296 296 101 101 101 296 296 296 296 296 101 101 296 101 296 101 101 296 101 296 296 296 296 296 296 296 296 296 101 101 296 101 101 296 296 296 296 296 296 296 296 101 296 101 296 101 296 101 101 101 101 101 101 296 101 101 296 296 101 296 101 101 296 101 101 101 101 101 296 296 101 296 101 296 296 296 296 101 101 296 296 296 296 101 296 101 296 101 101 101 101 296 296 296 296 296 101 296 296 296 296 296 296 101 296 296 101 296 296 296 296 101 101 296 101 296 296 296 101 101 101 101 101 101 296 101 101 296 101 101 296 296 296 296 101 101 101 101 296 101 296 296 101 296 101 101 101 101 296 296 101 296 296 296 101 101 101 101 101 101 101 296 296 296 296 101 101 296 101 296 296 296 101 101 101 296 101 101 101 296 296 296 101 101 296 101 101 296 101 296 101 101 296 101 296 296 296 296 101 101 101 296 101 296 296 101 296 101 101 296 296 296 296 101 101 101 296 296 101 101 296 296 296 296 101 101 101 101 296 296 296 296 101 296 296 101 101 296 101 101 296 296 296 296 296 296 101 296 296 101 101 101 296 101 296 296 296 101 296 101 296 296 101 296 296 101 101 296 296 296 296 296 101 101 296 296 101 101 101 101 101 296 101 101 101 101 296 296 101 296 101 296 101 101 296 101 296 296 101 101 296 101 101 296 296 101 101 101 296 296 296 296 296 296 101 101 296 296 101 296 296 101 296 101 296 101 101 101 296 101 296 101 101 101 101 101 101 101 101 296 101 296 296 296 296 101 296 101 101 101 101 296 101 101 296 101 101 101 296 296 296 101 296 101 101 101 101 296 101 296 296 296 101 101 101 296 296 296 101 101 296 101 296 101 101 296 101 296 296 296 296 101 101 101 296 101 101 101 101 296 296 296 101 101 101 101 296 101 101 296 296 296 296 101 296 296 101 101 296 101 101 101 296 101 101 296 101 296 296 296 296 101 101 101 101 101 296 296 101 101 296 101 296 296 296 296 101 296 296 101 101 296 101 296 101 296 296 101 101 296 101 101 101 101 296 101 101 101 101 296 101 296 101 296 101 101 296 101 296 296 296 296 296 296 101 296 296 296 296 296 296 296 101 296 101 296 101 101 101 296 101 101 296 296 296 101 296 101 101 296 296 101 101 101 296 101 101 101 101 1 296 296 
c [Signal] Signal interruption. Caught signal: SIGTERM (15).
c [Label = 297] Encoding starts with target value = 195:
c [Label = 297] Encoding duration: 2398ms.
c [Label = 297] Number of clauses: 1249803.
c [Label = 297] Number of variables: 323352.
c [Label = 297] Solving duration: 24 ms.
s [Label = 297] SAT (w = 195).
c [Label = 297] Label assignment: 102 102 297 297 297 102 102 102 102 102 297 102 102 297 102 102 102 297 297 297 102 297 297 102 297 297 102 102 102 297 297 297 297 297 102 102 297 102 297 102 102 297 102 297 297 297 297 297 297 297 297 297 102 102 297 102 102 297 297 297 297 297 297 297 297 102 297 102 297 102 297 102 102 102 102 102 102 297 102 102 297 297 102 297 102 102 297 102 102 102 102 102 297 297 102 297 102 297 297 297 297 102 102 297 297 297 297 102 297 102 297 102 102 102 102 297 297 297 297 297 102 297 297 297 297 297 297 102 297 297 102 297 297 297 297 102 102 297 102 297 297 297 102 102 102 102 102 102 297 102 102 297 102 102 297 297 297 297 102 102 102 102 297 102 297 297 102 297 102 102 102 102 297 297 102 297 297 297 102 102 102 102 102 102 102 297 297 297 297 102 102 297 102 297 297 297 102 102 102 297 102 102 102 297 297 297 102 102 297 102 102 297 102 297 102 102 297 102 297 297 297 297 102 102 102 297 102 297 297 102 297 102 102 297 297 297 297 102 102 102 297 297 102 102 297 297 297 297 102 102 102 102 297 297 297 297 102 297 297 102 102 297 102 102 297 297 297 297 297 297 102 297 297 102 102 102 297 102 297 297 297 102 297 102 297 297 102 297 297 102 102 297 297 297 297 297 102 102 297 297 102 102 102 102 102 297 102 102 102 102 297 297 102 297 102 297 102 102 297 102 297 297 102 102 297 102 102 297 297 102 102 102 297 297 297 297 297 297 102 102 297 297 102 297 297 102 297 102 297 102 102 102 297 102 297 102 102 102 102 102 102 102 102 297 102 297 297 297 297 102 297 102 102 102 102 297 102 102 297 102 102 102 297 297 297 102 297 102 102 102 102 297 102 297 297 297 102 102 102 297 297 297 102 102 297 102 297 102 102 297 102 297 297 297 297 102 102 102 297 102 102 102 102 297 297 297 102 102 102 102 297 102 102 297 297 297 297 102 297 297 102 102 297 102 102 102 297 102 102 297 102 297 297 297 297 102 102 102 102 102 297 297 102 102 297 102 297 297 297 297 102 297 297 102 102 297 102 297 102 297 297 102 102 297 102 102 102 102 297 102 102 102 102 297 102 297 102 297 102 102 297 102 297 297 297 297 297 297 102 297 297 297 297 297 297 297 102 297 102 297 102 102 102 297 102 102 297 297 297 102 297 102 102 297 297 102 102 102 297 102 102 102 102 1 297 297 
c [Signal] Signal interruption. Caught signal: SIGTERM (15).
c [Label = 292] Encoding starts with target value = 195:
c [Label = 292] Encoding duration: 2293ms.
c [Label = 292] Number of clauses: 1209331.
c [Label = 292] Number of variables: 317892.
c [Label = 292] Solving duration: 23 ms.
s [Label = 292] SAT (w = 195).
c [Label = 292] Label assignment: 97 97 292 292 292 97 97 97 97 97 292 97 97 292 97 97 97 292 292 292 97 292 292 97 292 292 97 97 97 292 292 292 292 292 97 97 292 97 292 97 97 292 97 292 292 292 292 292 292 292 292 292 97 97 292 97 97 292 292 292 292 292 292 292 292 97 292 97 292 97 292 97 97 97 97 97 97 292 97 97 292 292 97 292 97 97 292 97 97 97 97 97 292 292 97 292 97 292 292 292 292 97 97 292 292 292 292 97 292 97 292 97 97 97 97 292 292 292 292 292 97 292 292 292 292 292 292 97 292 292 97 292 292 292 292 97 97 292 97 292 292 292 97 97 97 97 97 97 292 97 97 292 97 97 292 292 292 292 97 97 97 97 292 97 292 292 97 292 97 97 97 97 292 292 97 292 292 292 97 97 97 97 97 97 97 292 292 292 292 97 97 292 97 292 292 292 97 97 97 292 97 97 97 292 292 292 97 97 292 97 97 292 97 292 97 97 292 97 292 292 292 292 97 97 97 292 97 292 292 97 292 97 97 292 292 292 292 97 97 97 292 292 97 97 292 292 292 292 97 97 97 97 292 292 292 292 97 292 292 97 97 292 97 97 292 292 292 292 292 292 97 292 292 97 97 97 292 97 292 292 292 97 292 97 292 292 97 292 292 97 97 292 292 292 292 292 97 97 292 292 97 97 97 97 97 292 97 97 97 97 292 292 97 292 97 292 97 97 292 97 292 292 97 97 292 97 97 292 292 97 97 97 292 292 292 292 292 292 97 97 292 292 97 292 292 97 292 97 292 97 97 97 292 97 292 97 97 97 97 97 97 97 97 292 97 292 292 292 292 97 292 97 97 97 97 292 97 97 292 97 97 97 292 292 292 97 292 97 97 97 97 292 97 292 292 292 97 97 97 292 292 292 97 97 292 97 292 97 97 292 97 292 292 292 292 97 97 97 292 97 97 97 97 292 292 292 97 97 97 97 292 97 97 292 292 292 292 97 292 292 97 97 292 97 97 97 292 97 97 292 97 292 292 292 292 97 97 97 97 97 292 292 97 97 292 97 292 292 292 292 97 292 292 97 97 292 97 292 97 292 292 97 97 292 97 97 97 97 292 97 97 97 97 292 97 292 97 292 97 97 292 97 292 292 292 292 292 292 97 292 292 292 292 292 292 292 97 292 97 292 97 97 97 292 97 97 292 292 292 97 292 97 97 292 292 97 97 97 292 97 97 97 97 1 292 292 
c [Signal] Signal interruption. Caught signal: SIGTERM (15).
c [Label = 289] Minimize Makespan Labeling problem (S-sherman4.mtx.rnd):
c [Main] Kill higher label pid 293.
c [Main] Kill higher label pid 294.
c [Main] Kill higher label pid 295.
c [Main] Kill higher label pid 296.
c [Main] Kill higher label pid 297.
c [Main] Kill higher label pid 292.
c [Label = 288] Minimize Makespan Labeling problem (S-sherman4.mtx.rnd):
c [Main] Child pid 297 - 60235 terminated by signal 15.
c [Label = 287] Minimize Makespan Labeling problem (S-sherman4.mtx.rnd):
c [Main] Child pid 292 - 60240 terminated by signal 15.
c [Main] Child pid 296 - 60236 terminated by signal 15.
c [Label = 286] Minimize Makespan Labeling problem (S-sherman4.mtx.rnd):
c [Label = 285] Minimize Makespan Labeling problem (S-sherman4.mtx.rnd):
c [Main] Child pid 293 - 60239 terminated by signal 15.
c [Main] Child pid 294 - 60238 terminated by signal 15.
c [Main] Child pid 295 - 60237 terminated by signal 15.
c [Label = 283] Minimize Makespan Labeling problem (S-sherman4.mtx.rnd):
c [Label = 284] Minimize Makespan Labeling problem (S-sherman4.mtx.rnd):
c [Label = 282] Minimize Makespan Labeling problem (S-sherman4.mtx.rnd):
c [Label = 282] Encoding starts with target value = 195:
c [Label = 282] Encoding duration: 2155ms.
c [Label = 282] Number of clauses: 1128386.
c [Label = 282] Number of variables: 306972.
c [Label = 282] Solving duration: 26 ms.
s [Label = 282] SAT (w = 195).
c [Label = 282] Label assignment: 87 87 282 282 282 87 87 87 87 87 282 87 87 282 87 87 87 282 282 282 87 282 282 87 282 282 87 87 87 282 282 282 282 282 87 87 282 87 282 87 87 282 87 282 282 282 282 282 282 282 282 282 87 87 282 87 87 282 282 282 282 282 282 282 282 87 282 87 282 87 282 87 87 87 87 87 87 282 87 87 282 282 87 282 87 87 282 87 87 87 87 87 282 282 87 282 87 282 282 282 282 87 87 282 282 282 282 87 282 87 282 87 87 87 87 282 282 282 282 282 87 282 282 282 282 282 282 87 282 282 87 282 282 282 282 87 87 282 87 282 282 282 87 87 87 87 87 87 282 87 87 282 87 87 282 282 282 282 87 87 87 87 282 87 282 282 87 282 87 87 87 87 282 282 87 282 282 282 87 87 87 87 87 87 87 282 282 282 282 87 87 282 87 282 282 282 87 87 87 282 87 87 87 282 282 282 87 87 282 87 87 282 87 282 87 87 282 87 282 282 282 282 87 87 87 282 87 282 282 87 282 87 87 282 282 282 282 87 87 87 282 282 87 87 282 282 282 282 87 87 87 87 282 282 282 282 87 282 282 87 87 282 87 87 282 282 282 282 282 282 87 282 282 87 87 87 282 87 282 282 282 87 282 87 282 282 87 282 282 87 87 282 282 282 282 282 87 87 282 282 87 87 87 87 87 282 87 87 87 87 282 282 87 282 87 282 87 87 282 87 282 282 87 87 282 87 87 282 282 87 87 87 282 282 282 282 282 282 87 87 282 282 87 282 282 87 282 87 282 87 87 87 282 87 282 87 87 87 87 87 87 87 87 282 87 282 282 282 282 87 282 87 87 87 87 282 87 87 282 87 87 87 282 282 282 87 282 87 87 87 87 282 87 282 282 282 87 87 87 282 282 282 87 87 282 87 282 87 87 282 87 282 282 282 282 87 87 87 282 87 87 87 87 282 282 282 87 87 87 87 282 87 87 282 282 282 282 87 282 282 87 87 282 87 87 87 282 87 87 282 87 282 282 282 282 87 87 87 87 87 282 282 87 87 282 87 282 282 282 282 87 282 282 87 87 282 87 282 87 282 282 87 87 282 87 87 87 87 282 87 87 87 87 282 87 282 87 282 87 87 282 87 282 282 282 282 282 282 87 282 282 282 282 282 282 282 87 282 87 282 87 87 87 282 87 87 282 282 282 87 282 87 87 282 282 87 87 87 282 87 87 87 87 1 282 282 
c [Label = 283] Encoding starts with target value = 195:
c [Label = 283] Encoding duration: 2167ms.
c [Label = 283] Number of clauses: 1136480.
c [Label = 283] Number of variables: 308064.
c [Label = 283] Solving duration: 23 ms.
s [Label = 283] SAT (w = 195).
c [Label = 283] Label assignment: 88 88 283 283 283 88 88 88 88 88 283 88 88 283 88 88 88 283 283 283 88 283 283 88 283 283 88 88 88 283 283 283 283 283 88 88 283 88 283 88 88 283 88 283 283 283 283 283 283 283 283 283 88 88 283 88 88 283 283 283 283 283 283 283 283 88 283 88 283 88 283 88 88 88 88 88 88 283 88 88 283 283 88 283 88 88 283 88 88 88 88 88 283 283 88 283 88 283 283 283 283 88 88 283 283 283 283 88 283 88 283 88 88 88 88 283 283 283 283 283 88 283 283 283 283 283 283 88 283 283 88 283 283 283 283 88 88 283 88 283 283 283 88 88 88 88 88 88 283 88 88 283 88 88 283 283 283 283 88 88 88 88 283 88 283 283 88 283 88 88 88 88 283 283 88 283 283 283 88 88 88 88 88 88 88 283 283 283 283 88 88 283 88 283 283 283 88 88 88 283 88 88 88 283 283 283 88 88 283 88 88 283 88 283 88 88 283 88 283 283 283 283 88 88 88 283 88 283 283 88 283 88 88 283 283 283 283 88 88 88 283 283 88 88 283 283 283 283 88 88 88 88 283 283 283 283 88 283 283 88 88 283 88 88 283 283 283 283 283 283 88 283 283 88 88 88 283 88 283 283 283 88 283 88 283 283 88 283 283 88 88 283 283 283 283 283 88 88 283 283 88 88 88 88 88 283 88 88 88 88 283 283 88 283 88 283 88 88 283 88 283 283 88 88 283 88 88 283 283 88 88 88 283 283 283 283 283 283 88 88 283 283 88 283 283 88 283 88 283 88 88 88 283 88 283 88 88 88 88 88 88 88 88 283 88 283 283 283 283 88 283 88 88 88 88 283 88 88 283 88 88 88 283 283 283 88 283 88 88 88 88 283 88 283 283 283 88 88 88 283 283 283 88 88 283 88 283 88 88 283 88 283 283 283 283 88 88 88 283 88 88 88 88 283 283 283 88 88 88 88 283 88 88 283 283 283 283 88 283 283 88 88 283 88 88 88 283 88 88 283 88 283 283 283 283 88 88 88 88 88 283 283 88 88 283 88 283 283 283 283 88 283 283 88 88 283 88 283 88 283 283 88 88 283 88 88 88 88 283 88 88 88 88 283 88 283 88 283 88 88 283 88 283 283 283 283 283 283 88 283 283 283 283 283 283 283 88 283 88 283 88 88 88 283 88 88 283 283 283 88 283 88 88 283 283 88 88 88 283 88 88 88 88 1 283 283 
c [Label = 284] Encoding starts with target value = 195:
c [Label = 284] Encoding duration: 2166ms.
c [Label = 284] Number of clauses: 1144575.
c [Label = 284] Number of variables: 309156.
c [Label = 284] Solving duration: 23 ms.
s [Label = 284] SAT (w = 195).
c [Label = 284] Label assignment: 89 89 284 284 284 89 89 89 89 89 284 89 89 284 89 89 89 284 284 284 89 284 284 89 284 284 89 89 89 284 284 284 284 284 89 89 284 89 284 89 89 284 89 284 284 284 284 284 284 284 284 284 89 89 284 89 89 284 284 284 284 284 284 284 284 89 284 89 284 89 284 89 89 89 89 89 89 284 89 89 284 284 89 284 89 89 284 89 89 89 89 89 284 284 89 284 89 284 284 284 284 89 89 284 284 284 284 89 284 89 284 89 89 89 89 284 284 284 284 284 89 284 284 284 284 284 284 89 284 284 89 284 284 284 284 89 89 284 89 284 284 284 89 89 89 89 89 89 284 89 89 284 89 89 284 284 284 284 89 89 89 89 284 89 284 284 89 284 89 89 89 89 284 284 89 284 284 284 89 89 89 89 89 89 89 284 284 284 284 89 89 284 89 284 284 284 89 89 89 284 89 89 89 284 284 284 89 89 284 89 89 284 89 284 89 89 284 89 284 284 284 284 89 89 89 284 89 284 284 89 284 89 89 284 284 284 284 89 89 89 284 284 89 89 284 284 284 284 89 89 89 89 284 284 284 284 89 284 284 89 89 284 89 89 284 284 284 284 284 284 89 284 284 89 89 89 284 89 284 284 284 89 284 89 284 284 89 284 284 89 89 284 284 284 284 284 89 89 284 284 89 89 89 89 89 284 89 89 89 89 284 284 89 284 89 284 89 89 284 89 284 284 89 89 284 89 89 284 284 89 89 89 284 284 284 284 284 284 89 89 284 284 89 284 284 89 284 89 284 89 89 89 284 89 284 89 89 89 89 89 89 89 89 284 89 284 284 284 284 89 284 89 89 89 89 284 89 89 284 89 89 89 284 284 284 89 284 89 89 89 89 284 89 284 284 284 89 89 89 284 284 284 89 89 284 89 284 89 89 284 89 284 284 284 284 89 89 89 284 89 89 89 89 284 284 284 89 89 89 89 284 89 89 284 284 284 284 89 284 284 89 89 284 89 89 89 284 89 89 284 89 284 284 284 284 89 89 89 89 89 284 284 89 89 284 89 284 284 284 284 89 284 284 89 89 284 89 284 89 284 284 89 89 284 89 89 89 89 284 89 89 89 89 284 89 284 89 284 89 89 284 89 284 284 284 284 284 284 89 284 284 284 284 284 284 284 89 284 89 284 89 89 89 284 89 89 284 284 284 89 284 89 89 284 284 89 89 89 284 89 89 89 89 1 284 284 
c [Label = 285] Encoding starts with target value = 195:
c [Label = 285] Encoding duration: 2185ms.
c [Label = 285] Number of clauses: 1152669.
c [Label = 285] Number of variables: 310248.
c [Label = 285] Solving duration: 25 ms.
s [Label = 285] SAT (w = 195).
c [Label = 285] Label assignment: 90 90 285 285 285 90 90 90 90 90 285 90 90 285 90 90 90 285 285 285 90 285 285 90 285 285 90 90 90 285 285 285 285 285 90 90 285 90 285 90 90 285 90 285 285 285 285 285 285 285 285 285 90 90 285 90 90 285 285 285 285 285 285 285 285 90 285 90 285 90 285 90 90 90 90 90 90 285 90 90 285 285 90 285 90 90 285 90 90 90 90 90 285 285 90 285 90 285 285 285 285 90 90 285 285 285 285 90 285 90 285 90 90 90 90 285 285 285 285 285 90 285 285 285 285 285 285 90 285 285 90 285 285 285 285 90 90 285 90 285 285 285 90 90 90 90 90 90 285 90 90 285 90 90 285 285 285 285 90 90 90 90 285 90 285 285 90 285 90 90 90 90 285 285 90 285 285 285 90 90 90 90 90 90 90 285 285 285 285 90 90 285 90 285 285 285 90 90 90 285 90 90 90 285 285 285 90 90 285 90 90 285 90 285 90 90 285 90 285 285 285 285 90 90 90 285 90 285 285 90 285 90 90 285 285 285 285 90 90 90 285 285 90 90 285 285 285 285 90 90 90 90 285 285 285 285 90 285 285 90 90 285 90 90 285 285 285 285 285 285 90 285 285 90 90 90 285 90 285 285 285 90 285 90 285 285 90 285 285 90 90 285 285 285 285 285 90 90 285 285 90 90 90 90 90 285 90 90 90 90 285 285 90 285 90 285 90 90 285 90 285 285 90 90 285 90 90 285 285 90 90 90 285 285 285 285 285 285 90 90 285 285 90 285 285 90 285 90 285 90 90 90 285 90 285 90 90 90 90 90 90 90 90 285 90 285 285 285 285 90 285 90 90 90 90 285 90 90 285 90 90 90 285 285 285 90 285 90 90 90 90 285 90 285 285 285 90 90 90 285 285 285 90 90 285 90 285 90 90 285 90 285 285 285 285 90 90 90 285 90 90 90 90 285 285 285 90 90 90 90 285 90 90 285 285 285 285 90 285 285 90 90 285 90 90 90 285 90 90 285 90 285 285 285 285 90 90 90 90 90 285 285 90 90 285 90 285 285 285 285 90 285 285 90 90 285 90 285 90 285 285 90 90 285 90 90 90 90 285 90 90 90 90 285 90 285 90 285 90 90 285 90 285 285 285 285 285 285 90 285 285 285 285 285 285 285 90 285 90 285 90 90 90 285 90 90 285 285 285 90 285 90 90 285 285 90 90 90 285 90 90 90 90 1 285 285 
c [Main] Lowest label SAT is set to 282.
c [Main] Kill higher label pid 283.
c [Main] Kill higher label pid 284.
c [Main] Kill higher label pid 285.
c [Main] Kill higher label pid 286.
c [Main] Kill higher label pid 287.
c [Main] Kill higher label pid 288.
c [Main] Kill higher label pid 289.
c [Label = 287] Encoding starts with target value = 195:
c [Label = 287] Encoding duration: 2196ms.
c [Label = 287] Number of clauses: 1168858.
c [Label = 287] Number of variables: 312432.
c [Label = 287] Solving duration: 23 ms.
s [Label = 287] SAT (w = 195).
c [Label = 287] Label assignment: 92 92 287 287 287 92 92 92 92 92 287 92 92 287 92 92 92 287 287 287 92 287 287 92 287 287 92 92 92 287 287 287 287 287 92 92 287 92 287 92 92 287 92 287 287 287 287 287 287 287 287 287 92 92 287 92 92 287 287 287 287 287 287 287 287 92 287 92 287 92 287 92 92 92 92 92 92 287 92 92 287 287 92 287 92 92 287 92 92 92 92 92 287 287 92 287 92 287 287 287 287 92 92 287 287 287 287 92 287 92 287 92 92 92 92 287 287 287 287 287 92 287 287 287 287 287 287 92 287 287 92 287 287 287 287 92 92 287 92 287 287 287 92 92 92 92 92 92 287 92 92 287 92 92 287 287 287 287 92 92 92 92 287 92 287 287 92 287 92 92 92 92 287 287 92 287 287 287 92 92 92 92 92 92 92 287 287 287 287 92 92 287 92 287 287 287 92 92 92 287 92 92 92 287 287 287 92 92 287 92 92 287 92 287 92 92 287 92 287 287 287 287 92 92 92 287 92 287 287 92 287 92 92 287 287 287 287 92 92 92 287 287 92 92 287 287 287 287 92 92 92 92 287 287 287 287 92 287 287 92 92 287 92 92 287 287 287 287 287 287 92 287 287 92 92 92 287 92 287 287 287 92 287 92 287 287 92 287 287 92 92 287 287 287 287 287 92 92 287 287 92 92 92 92 92 287 92 92 92 92 287 287 92 287 92 287 92 92 287 92 287 287 92 92 287 92 92 287 287 92 92 92 287 287 287 287 287 287 92 92 287 287 92 287 287 92 287 92 287 92 92 92 287 92 287 92 92 92 92 92 92 92 92 287 92 287 287 287 287 92 287 92 92 92 92 287 92 92 287 92 92 92 287 287 287 92 287 92 92 92 92 287 92 287 287 287 92 92 92 287 287 287 92 92 287 92 287 92 92 287 92 287 287 287 287 92 92 92 287 92 92 92 92 287 287 287 92 92 92 92 287 92 92 287 287 287 287 92 287 287 92 92 287 92 92 92 287 92 92 287 92 287 287 287 287 92 92 92 92 92 287 287 92 92 287 92 287 287 287 287 92 287 287 92 92 287 92 287 92 287 287 92 92 287 92 92 92 92 287 92 92 92 92 287 92 287 92 287 92 92 287 92 287 287 287 287 287 287 92 287 287 287 287 287 287 287 92 287 92 287 92 92 92 287 92 92 287 287 287 92 287 92 92 287 287 92 92 92 287 92 92 92 92 1 287 287 
c [Signal] Signal interruption. Caught signal: SIGTERM (15).
c [Label = 288] Encoding starts with target value = 195:
c [Label = 288] Encoding duration: 2239ms.
c [Label = 288] Number of clauses: 1176953.
c [Label = 288] Number of variables: 313524.
c [Label = 288] Solving duration: 22 ms.
s [Label = 288] SAT (w = 195).
c [Label = 288] Label assignment: 93 93 288 288 288 93 93 93 93 93 288 93 93 288 93 93 93 288 288 288 93 288 288 93 288 288 93 93 93 288 288 288 288 288 93 93 288 93 288 93 93 288 93 288 288 288 288 288 288 288 288 288 93 93 288 93 93 288 288 288 288 288 288 288 288 93 288 93 288 93 288 93 93 93 93 93 93 288 93 93 288 288 93 288 93 93 288 93 93 93 93 93 288 288 93 288 93 288 288 288 288 93 93 288 288 288 288 93 288 93 288 93 93 93 93 288 288 288 288 288 93 288 288 288 288 288 288 93 288 288 93 288 288 288 288 93 93 288 93 288 288 288 93 93 93 93 93 93 288 93 93 288 93 93 288 288 288 288 93 93 93 93 288 93 288 288 93 288 93 93 93 93 288 288 93 288 288 288 93 93 93 93 93 93 93 288 288 288 288 93 93 288 93 288 288 288 93 93 93 288 93 93 93 288 288 288 93 93 288 93 93 288 93 288 93 93 288 93 288 288 288 288 93 93 93 288 93 288 288 93 288 93 93 288 288 288 288 93 93 93 288 288 93 93 288 288 288 288 93 93 93 93 288 288 288 288 93 288 288 93 93 288 93 93 288 288 288 288 288 288 93 288 288 93 93 93 288 93 288 288 288 93 288 93 288 288 93 288 288 93 93 288 288 288 288 288 93 93 288 288 93 93 93 93 93 288 93 93 93 93 288 288 93 288 93 288 93 93 288 93 288 288 93 93 288 93 93 288 288 93 93 93 288 288 288 288 288 288 93 93 288 288 93 288 288 93 288 93 288 93 93 93 288 93 288 93 93 93 93 93 93 93 93 288 93 288 288 288 288 93 288 93 93 93 93 288 93 93 288 93 93 93 288 288 288 93 288 93 93 93 93 288 93 288 288 288 93 93 93 288 288 288 93 93 288 93 288 93 93 288 93 288 288 288 288 93 93 93 288 93 93 93 93 288 288 288 93 93 93 93 288 93 93 288 288 288 288 93 288 288 93 93 288 93 93 93 288 93 93 288 93 288 288 288 288 93 93 93 93 93 288 288 93 93 288 93 288 288 288 288 93 288 288 93 93 288 93 288 93 288 288 93 93 288 93 93 93 93 288 93 93 93 93 288 93 288 93 288 93 93 288 93 288 288 288 288 288 288 93 288 288 288 288 288 288 288 93 288 93 288 93 93 93 288 93 93 288 288 288 93 288 93 93 288 288 93 93 93 288 93 93 93 93 1 288 288 
c [Signal] Signal interruption. Caught signal: SIGTERM (15).
c [Label = 289] Encoding starts with target value = 195:
c [Label = 289] Encoding duration: 2266ms.
c [Label = 289] Number of clauses: 1185047.
c [Label = 289] Number of variables: 314616.
c [Label = 289] Solving duration: 22 ms.
s [Label = 289] SAT (w = 195).
c [Label = 289] Label assignment: 94 94 289 289 289 94 94 94 94 94 289 94 94 289 94 94 94 289 289 289 94 289 289 94 289 289 94 94 94 289 289 289 289 289 94 94 289 94 289 94 94 289 94 289 289 289 289 289 289 289 289 289 94 94 289 94 94 289 289 289 289 289 289 289 289 94 289 94 289 94 289 94 94 94 94 94 94 289 94 94 289 289 94 289 94 94 289 94 94 94 94 94 289 289 94 289 94 289 289 289 289 94 94 289 289 289 289 94 289 94 289 94 94 94 94 289 289 289 289 289 94 289 289 289 289 289 289 94 289 289 94 289 289 289 289 94 94 289 94 289 289 289 94 94 94 94 94 94 289 94 94 289 94 94 289 289 289 289 94 94 94 94 289 94 289 289 94 289 94 94 94 94 289 289 94 289 289 289 94 94 94 94 94 94 94 289 289 289 289 94 94 289 94 289 289 289 94 94 94 289 94 94 94 289 289 289 94 94 289 94 94 289 94 289 94 94 289 94 289 289 289 289 94 94 94 289 94 289 289 94 289 94 94 289 289 289 289 94 94 94 289 289 94 94 289 289 289 289 94 94 94 94 289 289 289 289 94 289 289 94 94 289 94 94 289 289 289 289 289 289 94 289 289 94 94 94 289 94 289 289 289 94 289 94 289 289 94 289 289 94 94 289 289 289 289 289 94 94 289 289 94 94 94 94 94 289 94 94 94 94 289 289 94 289 94 289 94 94 289 94 289 289 94 94 289 94 94 289 289 94 94 94 289 289 289 289 289 289 94 94 289 289 94 289 289 94 289 94 289 94 94 94 289 94 289 94 94 94 94 94 94 94 94 289 94 289 289 289 289 94 289 94 94 94 94 289 94 94 289 94 94 94 289 289 289 94 289 94 94 94 94 289 94 289 289 289 94 94 94 289 289 289 94 94 289 94 289 94 94 289 94 289 289 289 289 94 94 94 289 94 94 94 94 289 289 289 94 94 94 94 289 94 94 289 289 289 289 94 289 289 94 94 289 94 94 94 289 94 94 289 94 289 289 289 289 94 94 94 94 94 289 289 94 94 289 94 289 289 289 289 94 289 289 94 94 289 94 289 94 289 289 94 94 289 94 94 94 94 289 94 94 94 94 289 94 289 94 289 94 94 289 94 289 289 289 289 289 289 94 289 289 289 289 289 289 289 94 289 94 289 94 94 94 289 94 94 289 289 289 94 289 94 94 289 289 94 94 94 289 94 94 94 94 1 289 289 
c [Signal] Signal interruption. Caught signal: SIGTERM (15).
c [Label = 286] Encoding starts with target value = 195:
c [Label = 286] Encoding duration: 2220ms.
c [Label = 286] Number of clauses: 1160764.
c [Label = 286] Number of variables: 311340.
c [Label = 286] Solving duration: 26 ms.
s [Label = 286] SAT (w = 195).
c [Label = 286] Label assignment: 91 91 286 286 286 91 91 91 91 91 286 91 91 286 91 91 91 286 286 286 91 286 286 91 286 286 91 91 91 286 286 286 286 286 91 91 286 91 286 91 91 286 91 286 286 286 286 286 286 286 286 286 91 91 286 91 91 286 286 286 286 286 286 286 286 91 286 91 286 91 286 91 91 91 91 91 91 286 91 91 286 286 91 286 91 91 286 91 91 91 91 91 286 286 91 286 91 286 286 286 286 91 91 286 286 286 286 91 286 91 286 91 91 91 91 286 286 286 286 286 91 286 286 286 286 286 286 91 286 286 91 286 286 286 286 91 91 286 91 286 286 286 91 91 91 91 91 91 286 91 91 286 91 91 286 286 286 286 91 91 91 91 286 91 286 286 91 286 91 91 91 91 286 286 91 286 286 286 91 91 91 91 91 91 91 286 286 286 286 91 91 286 91 286 286 286 91 91 91 286 91 91 91 286 286 286 91 91 286 91 91 286 91 286 91 91 286 91 286 286 286 286 91 91 91 286 91 286 286 91 286 91 91 286 286 286 286 91 91 91 286 286 91 91 286 286 286 286 91 91 91 91 286 286 286 286 91 286 286 91 91 286 91 91 286 286 286 286 286 286 91 286 286 91 91 91 286 91 286 286 286 91 286 91 286 286 91 286 286 91 91 286 286 286 286 286 91 91 286 286 91 91 91 91 91 286 91 91 91 91 286 286 91 286 91 286 91 91 286 91 286 286 91 91 286 91 91 286 286 91 91 91 286 286 286 286 286 286 91 91 286 286 91 286 286 91 286 91 286 91 91 91 286 91 286 91 91 91 91 91 91 91 91 286 91 286 286 286 286 91 286 91 91 91 91 286 91 91 286 91 91 91 286 286 286 91 286 91 91 91 91 286 91 286 286 286 91 91 91 286 286 286 91 91 286 91 286 91 91 286 91 286 286 286 286 91 91 91 286 91 91 91 91 286 286 286 91 91 91 91 286 91 91 286 286 286 286 91 286 286 91 91 286 91 91 91 286 91 91 286 91 286 286 286 286 91 91 91 91 91 286 286 91 91 286 91 286 286 286 286 91 286 286 91 91 286 91 286 91 286 286 91 91 286 91 91 91 91 286 91 91 91 91 286 91 286 91 286 91 91 286 91 286 286 286 286 286 286 91 286 286 286 286 286 286 286 91 286 91 286 91 91 91 286 91 91 286 286 286 91 286 91 91 286 286 91 91 91 286 91 91 91 91 1 286 286 
c [Signal] Signal interruption. Caught signal: SIGTERM (15).
c [Label = 281] Minimize Makespan Labeling problem (S-sherman4.mtx.rnd):
c [Main] Kill higher label pid 284.
c [Main] Kill higher label pid 285.
c [Main] Kill higher label pid 286.
c [Main] Kill higher label pid 287.
c [Main] Kill higher label pid 288.
c [Main] Kill higher label pid 289.
c [Label = 280] Minimize Makespan Labeling problem (S-sherman4.mtx.rnd):
c [Main] Kill higher label pid 285.
c [Main] Kill higher label pid 286.
c [Main] Kill higher label pid 287.
c [Main] Kill higher label pid 288.
c [Main] Kill higher label pid 289.
c [Label = 279] Minimize Makespan Labeling problem (S-sherman4.mtx.rnd):
c [Main] Kill higher label pid 286.
c [Main] Kill higher label pid 287.
c [Main] Kill higher label pid 288.
c [Main] Kill higher label pid 289.
c [Main] Child pid 288 - 60244 terminated by signal 15.
c [Label = 277] Minimize Makespan Labeling problem (S-sherman4.mtx.rnd):
c [Label = 278] Minimize Makespan Labeling problem (S-sherman4.mtx.rnd):
c [Main] Child pid 287 - 60245 terminated by signal 15.
c [Main] Child pid 289 - 60243 terminated by signal 15.
c [Main] Child pid 286 - 60246 terminated by signal 15.
c [Label = 276] Minimize Makespan Labeling problem (S-sherman4.mtx.rnd):
c [Label = 274] Minimize Makespan Labeling problem (S-sherman4.mtx.rnd):
c [Label = 275] Minimize Makespan Labeling problem (S-sherman4.mtx.rnd):
c [Label = 274] Encoding starts with target value = 195:
c [Label = 274] Encoding duration: 2026ms.
c [Label = 274] Number of clauses: 1063630.
c [Label = 274] Number of variables: 298236.
c [Label = 274] Solving duration: 22 ms.
s [Label = 274] SAT (w = 195).
c [Label = 274] Label assignment: 79 79 274 274 274 79 79 79 79 79 274 79 79 274 79 79 79 274 274 274 79 274 274 79 274 274 79 79 79 274 274 274 274 274 79 79 274 79 274 79 79 274 79 274 274 274 274 274 274 274 274 274 79 79 274 79 79 274 274 274 274 274 274 274 274 79 274 79 274 79 274 79 79 79 79 79 79 274 79 79 274 274 79 274 79 79 274 79 79 79 79 79 274 274 79 274 79 274 274 274 274 79 79 274 274 274 274 79 274 79 274 79 79 79 79 274 274 274 274 274 79 274 274 274 274 274 274 79 274 274 79 274 274 274 274 79 79 274 79 274 274 274 79 79 79 79 79 79 274 79 79 274 79 79 274 274 274 274 79 79 79 79 274 79 274 274 79 274 79 79 79 79 274 274 79 274 274 274 79 79 79 79 79 79 79 274 274 274 274 79 79 274 79 274 274 274 79 79 79 274 79 79 79 274 274 274 79 79 274 79 79 274 79 274 79 79 274 79 274 274 274 274 79 79 79 274 79 274 274 79 274 79 79 274 274 274 274 79 79 79 274 274 79 79 274 274 274 274 79 79 79 79 274 274 274 274 79 274 274 79 79 274 79 79 274 274 274 274 274 274 79 274 274 79 79 79 274 79 274 274 274 79 274 79 274 274 79 274 274 79 79 274 274 274 274 274 79 79 274 274 79 79 79 79 79 274 79 79 79 79 274 274 79 274 79 274 79 79 274 79 274 274 79 79 274 79 79 274 274 79 79 79 274 274 274 274 274 274 79 79 274 274 79 274 274 79 274 79 274 79 79 79 274 79 274 79 79 79 79 79 79 79 79 274 79 274 274 274 274 79 274 79 79 79 79 274 79 79 274 79 79 79 274 274 274 79 274 79 79 79 79 274 79 274 274 274 79 79 79 274 274 274 79 79 274 79 274 79 79 274 79 274 274 274 274 79 79 79 274 79 79 79 79 274 274 274 79 79 79 79 274 79 79 274 274 274 274 79 274 274 79 79 274 79 79 79 274 79 79 274 79 274 274 274 274 79 79 79 79 79 274 274 79 79 274 79 274 274 274 274 79 274 274 79 79 274 79 274 79 274 274 79 79 274 79 79 79 79 274 79 79 79 79 274 79 274 79 274 79 79 274 79 274 274 274 274 274 274 79 274 274 274 274 274 274 274 79 274 79 274 79 79 79 274 79 79 274 274 274 79 274 79 79 274 274 79 79 79 274 79 79 79 79 1 274 274 
c [Label = 277] Encoding starts with target value = 195:
c [Label = 277] Encoding duration: 2114ms.
c [Label = 277] Number of clauses: 1087913.
c [Label = 277] Number of variables: 301512.
c [Label = 277] Solving duration: 18 ms.
s [Label = 277] SAT (w = 195).
c [Label = 277] Label assignment: 82 82 277 277 277 82 82 82 82 82 277 82 82 277 82 82 82 277 277 277 82 277 277 82 277 277 82 82 82 277 277 277 277 277 82 82 277 82 277 82 82 277 82 277 277 277 277 277 277 277 277 277 82 82 277 82 82 277 277 277 277 277 277 277 277 82 277 82 277 82 277 82 82 82 82 82 82 277 82 82 277 277 82 277 82 82 277 82 82 82 82 82 277 277 82 277 82 277 277 277 277 82 82 277 277 277 277 82 277 82 277 82 82 82 82 277 277 277 277 277 82 277 277 277 277 277 277 82 277 277 82 277 277 277 277 82 82 277 82 277 277 277 82 82 82 82 82 82 277 82 82 277 82 82 277 277 277 277 82 82 82 82 277 82 277 277 82 277 82 82 82 82 277 277 82 277 277 277 82 82 82 82 82 82 82 277 277 277 277 82 82 277 82 277 277 277 82 82 82 277 82 82 82 277 277 277 82 82 277 82 82 277 82 277 82 82 277 82 277 277 277 277 82 82 82 277 82 277 277 82 277 82 82 277 277 277 277 82 82 82 277 277 82 82 277 277 277 277 82 82 82 82 277 277 277 277 82 277 277 82 82 277 82 82 277 277 277 277 277 277 82 277 277 82 82 82 277 82 277 277 277 82 277 82 277 277 82 277 277 82 82 277 277 277 277 277 82 82 277 277 82 82 82 82 82 277 82 82 82 82 277 277 82 277 82 277 82 82 277 82 277 277 82 82 277 82 82 277 277 82 82 82 277 277 277 277 277 277 82 82 277 277 82 277 277 82 277 82 277 82 82 82 277 82 277 82 82 82 82 82 82 82 82 277 82 277 277 277 277 82 277 82 82 82 82 277 82 82 277 82 82 82 277 277 277 82 277 82 82 82 82 277 82 277 277 277 82 82 82 277 277 277 82 82 277 82 277 82 82 277 82 277 277 277 277 82 82 82 277 82 82 82 82 277 277 277 82 82 82 82 277 82 82 277 277 277 277 82 277 277 82 82 277 82 82 82 277 82 82 277 82 277 277 277 277 82 82 82 82 82 277 277 82 82 277 82 277 277 277 277 82 277 277 82 82 277 82 277 82 277 277 82 82 277 82 82 82 82 277 82 82 82 82 277 82 277 82 277 82 82 277 82 277 277 277 277 277 277 82 277 277 277 277 277 277 277 82 277 82 277 82 82 82 277 82 82 277 277 277 82 277 82 82 277 277 82 82 82 277 82 82 82 82 1 277 277 
c [Signal] Signal interruption. Caught signal: SIGTERM (15).
c [Label = 275] Encoding starts with target value = 195:
c [Label = 275] Encoding duration: 2084ms.
c [Label = 275] Number of clauses: 1071724.
c [Label = 275] Number of variables: 299328.
c [Label = 275] Solving duration: 23 ms.
s [Label = 275] SAT (w = 195).
c [Label = 275] Label assignment: 80 80 275 275 275 80 80 80 80 80 275 80 80 275 80 80 80 275 275 275 80 275 275 80 275 275 80 80 80 275 275 275 275 275 80 80 275 80 275 80 80 275 80 275 275 275 275 275 275 275 275 275 80 80 275 80 80 275 275 275 275 275 275 275 275 80 275 80 275 80 275 80 80 80 80 80 80 275 80 80 275 275 80 275 80 80 275 80 80 80 80 80 275 275 80 275 80 275 275 275 275 80 80 275 275 275 275 80 275 80 275 80 80 80 80 275 275 275 275 275 80 275 275 275 275 275 275 80 275 275 80 275 275 275 275 80 80 275 80 275 275 275 80 80 80 80 80 80 275 80 80 275 80 80 275 275 275 275 80 80 80 80 275 80 275 275 80 275 80 80 80 80 275 275 80 275 275 275 80 80 80 80 80 80 80 275 275 275 275 80 80 275 80 275 275 275 80 80 80 275 80 80 80 275 275 275 80 80 275 80 80 275 80 275 80 80 275 80 275 275 275 275 80 80 80 275 80 275 275 80 275 80 80 275 275 275 275 80 80 80 275 275 80 80 275 275 275 275 80 80 80 80 275 275 275 275 80 275 275 80 80 275 80 80 275 275 275 275 275 275 80 275 275 80 80 80 275 80 275 275 275 80 275 80 275 275 80 275 275 80 80 275 275 275 275 275 80 80 275 275 80 80 80 80 80 275 80 80 80 80 275 275 80 275 80 275 80 80 275 80 275 275 80 80 275 80 80 275 275 80 80 80 275 275 275 275 275 275 80 80 275 275 80 275 275 80 275 80 275 80 80 80 275 80 275 80 80 80 80 80 80 80 80 275 80 275 275 275 275 80 275 80 80 80 80 275 80 80 275 80 80 80 275 275 275 80 275 80 80 80 80 275 80 275 275 275 80 80 80 275 275 275 80 80 275 80 275 80 80 275 80 275 275 275 275 80 80 80 275 80 80 80 80 275 275 275 80 80 80 80 275 80 80 275 275 275 275 80 275 275 80 80 275 80 80 80 275 80 80 275 80 275 275 275 275 80 80 80 80 80 275 275 80 80 275 80 275 275 275 275 80 275 275 80 80 275 80 275 80 275 275 80 80 275 80 80 80 80 275 80 80 80 80 275 80 275 80 275 80 80 275 80 275 275 275 275 275 275 80 275 275 275 275 275 275 275 80 275 80 275 80 80 80 275 80 80 275 275 275 80 275 80 80 275 275 80 80 80 275 80 80 80 80 1 275 275 
c [Signal] Signal interruption. Caught signal: SIGTERM (15).
c [Label = 279] Encoding starts with target value = 195:
c [Label = 279] Encoding duration: 2132ms.
c [Label = 279] Number of clauses: 1104102.
c [Label = 279] Number of variables: 303696.
c [Label = 279] Solving duration: 25 ms.
s [Label = 279] SAT (w = 195).
c [Label = 279] Label assignment: 84 84 279 279 279 84 84 84 84 84 279 84 84 279 84 84 84 279 279 279 84 279 279 84 279 279 84 84 84 279 279 279 279 279 84 84 279 84 279 84 84 279 84 279 279 279 279 279 279 279 279 279 84 84 279 84 84 279 279 279 279 279 279 279 279 84 279 84 279 84 279 84 84 84 84 84 84 279 84 84 279 279 84 279 84 84 279 84 84 84 84 84 279 279 84 279 84 279 279 279 279 84 84 279 279 279 279 84 279 84 279 84 84 84 84 279 279 279 279 279 84 279 279 279 279 279 279 84 279 279 84 279 279 279 279 84 84 279 84 279 279 279 84 84 84 84 84 84 279 84 84 279 84 84 279 279 279 279 84 84 84 84 279 84 279 279 84 279 84 84 84 84 279 279 84 279 279 279 84 84 84 84 84 84 84 279 279 279 279 84 84 279 84 279 279 279 84 84 84 279 84 84 84 279 279 279 84 84 279 84 84 279 84 279 84 84 279 84 279 279 279 279 84 84 84 279 84 279 279 84 279 84 84 279 279 279 279 84 84 84 279 279 84 84 279 279 279 279 84 84 84 84 279 279 279 279 84 279 279 84 84 279 84 84 279 279 279 279 279 279 84 279 279 84 84 84 279 84 279 279 279 84 279 84 279 279 84 279 279 84 84 279 279 279 279 279 84 84 279 279 84 84 84 84 84 279 84 84 84 84 279 279 84 279 84 279 84 84 279 84 279 279 84 84 279 84 84 279 279 84 84 84 279 279 279 279 279 279 84 84 279 279 84 279 279 84 279 84 279 84 84 84 279 84 279 84 84 84 84 84 84 84 84 279 84 279 279 279 279 84 279 84 84 84 84 279 84 84 279 84 84 84 279 279 279 84 279 84 84 84 84 279 84 279 279 279 84 84 84 279 279 279 84 84 279 84 279 84 84 279 84 279 279 279 279 84 84 84 279 84 84 84 84 279 279 279 84 84 84 84 279 84 84 279 279 279 279 84 279 279 84 84 279 84 84 84 279 84 84 279 84 279 279 279 279 84 84 84 84 84 279 279 84 84 279 84 279 279 279 279 84 279 279 84 84 279 84 279 84 279 279 84 84 279 84 84 84 84 279 84 84 84 84 279 84 279 84 279 84 84 279 84 279 279 279 279 279 279 84 279 279 279 279 279 279 279 84 279 84 279 84 84 84 279 84 84 279 279 279 84 279 84 84 279 279 84 84 84 279 84 84 84 84 1 279 279 
c [Signal] Signal interruption. Caught signal: SIGTERM (15).
c [Label = 278] Encoding starts with target value = 195:
c [Label = 278] Encoding duration: 2079ms.
c [Label = 278] Number of clauses: 1096008.
c [Label = 278] Number of variables: 302604.
c [Label = 278] Solving duration: 19 ms.
s [Label = 278] SAT (w = 195).
c [Label = 278] Label assignment: 83 83 278 278 278 83 83 83 83 83 278 83 83 278 83 83 83 278 278 278 83 278 278 83 278 278 83 83 83 278 278 278 278 278 83 83 278 83 278 83 83 278 83 278 278 278 278 278 278 278 278 278 83 83 278 83 83 278 278 278 278 278 278 278 278 83 278 83 278 83 278 83 83 83 83 83 83 278 83 83 278 278 83 278 83 83 278 83 83 83 83 83 278 278 83 278 83 278 278 278 278 83 83 278 278 278 278 83 278 83 278 83 83 83 83 278 278 278 278 278 83 278 278 278 278 278 278 83 278 278 83 278 278 278 278 83 83 278 83 278 278 278 83 83 83 83 83 83 278 83 83 278 83 83 278 278 278 278 83 83 83 83 278 83 278 278 83 278 83 83 83 83 278 278 83 278 278 278 83 83 83 83 83 83 83 278 278 278 278 83 83 278 83 278 278 278 83 83 83 278 83 83 83 278 278 278 83 83 278 83 83 278 83 278 83 83 278 83 278 278 278 278 83 83 83 278 83 278 278 83 278 83 83 278 278 278 278 83 83 83 278 278 83 83 278 278 278 278 83 83 83 83 278 278 278 278 83 278 278 83 83 278 83 83 278 278 278 278 278 278 83 278 278 83 83 83 278 83 278 278 278 83 278 83 278 278 83 278 278 83 83 278 278 278 278 278 83 83 278 278 83 83 83 83 83 278 83 83 83 83 278 278 83 278 83 278 83 83 278 83 278 278 83 83 278 83 83 278 278 83 83 83 278 278 278 278 278 278 83 83 278 278 83 278 278 83 278 83 278 83 83 83 278 83 278 83 83 83 83 83 83 83 83 278 83 278 278 278 278 83 278 83 83 83 83 278 83 83 278 83 83 83 278 278 278 83 278 83 83 83 83 278 83 278 278 278 83 83 83 278 278 278 83 83 278 83 278 83 83 278 83 278 278 278 278 83 83 83 278 83 83 83 83 278 278 278 83 83 83 83 278 83 83 278 278 278 278 83 278 278 83 83 278 83 83 83 278 83 83 278 83 278 278 278 278 83 83 83 83 83 278 278 83 83 278 83 278 278 278 278 83 278 278 83 83 278 83 278 83 278 278 83 83 278 83 83 83 83 278 83 83 83 83 278 83 278 83 278 83 83 278 83 278 278 278 278 278 278 83 278 278 278 278 278 278 278 83 278 83 278 83 83 83 278 83 83 278 278 278 83 278 83 83 278 278 83 83 83 278 83 83 83 83 1 278 278 
c [Signal] Signal interruption. Caught signal: SIGTERM (15).
c [Main] Lowest label SAT is set to 274.
c [Main] Kill higher label pid 275.
c [Main] Kill higher label pid 277.
c [Main] Kill higher label pid 278.
c [Main] Kill higher label pid 279.
c [Main] Kill higher label pid 280.
c [Main] Kill higher label pid 281.
c [Main] Kill higher label pid 276.
c [Label = 280] Encoding starts with target value = 195:
c [Label = 280] Encoding duration: 2161ms.
c [Label = 280] Number of clauses: 1112197.
c [Label = 280] Number of variables: 304788.
c [Label = 280] Solving duration: 20 ms.
s [Label = 280] SAT (w = 195).
c [Label = 280] Label assignment: 85 85 280 280 280 85 85 85 85 85 280 85 85 280 85 85 85 280 280 280 85 280 280 85 280 280 85 85 85 280 280 280 280 280 85 85 280 85 280 85 85 280 85 280 280 280 280 280 280 280 280 280 85 85 280 85 85 280 280 280 280 280 280 280 280 85 280 85 280 85 280 85 85 85 85 85 85 280 85 85 280 280 85 280 85 85 280 85 85 85 85 85 280 280 85 280 85 280 280 280 280 85 85 280 280 280 280 85 280 85 280 85 85 85 85 280 280 280 280 280 85 280 280 280 280 280 280 85 280 280 85 280 280 280 280 85 85 280 85 280 280 280 85 85 85 85 85 85 280 85 85 280 85 85 280 280 280 280 85 85 85 85 280 85 280 280 85 280 85 85 85 85 280 280 85 280 280 280 85 85 85 85 85 85 85 280 280 280 280 85 85 280 85 280 280 280 85 85 85 280 85 85 85 280 280 280 85 85 280 85 85 280 85 280 85 85 280 85 280 280 280 280 85 85 85 280 85 280 280 85 280 85 85 280 280 280 280 85 85 85 280 280 85 85 280 280 280 280 85 85 85 85 280 280 280 280 85 280 280 85 85 280 85 85 280 280 280 280 280 280 85 280 280 85 85 85 280 85 280 280 280 85 280 85 280 280 85 280 280 85 85 280 280 280 280 280 85 85 280 280 85 85 85 85 85 280 85 85 85 85 280 280 85 280 85 280 85 85 280 85 280 280 85 85 280 85 85 280 280 85 85 85 280 280 280 280 280 280 85 85 280 280 85 280 280 85 280 85 280 85 85 85 280 85 280 85 85 85 85 85 85 85 85 280 85 280 280 280 280 85 280 85 85 85 85 280 85 85 280 85 85 85 280 280 280 85 280 85 85 85 85 280 85 280 280 280 85 85 85 280 280 280 85 85 280 85 280 85 85 280 85 280 280 280 280 85 85 85 280 85 85 85 85 280 280 280 85 85 85 85 280 85 85 280 280 280 280 85 280 280 85 85 280 85 85 85 280 85 85 280 85 280 280 280 280 85 85 85 85 85 280 280 85 85 280 85 280 280 280 280 85 280 280 85 85 280 85 280 85 280 280 85 85 280 85 85 85 85 280 85 85 85 85 280 85 280 85 280 85 85 280 85 280 280 280 280 280 280 85 280 280 280 280 280 280 280 85 280 85 280 85 85 85 280 85 85 280 280 280 85 280 85 85 280 280 85 85 85 280 85 85 85 85 1 280 280 
c [Signal] Signal interruption. Caught signal: SIGTERM (15).
c [Label = 276] Encoding starts with target value = 195:
c [Label = 276] Encoding duration: 2067ms.
c [Label = 276] Number of clauses: 1079819.
c [Label = 276] Number of variables: 300420.
c [Label = 276] Solving duration: 24 ms.
s [Label = 276] SAT (w = 195).
c [Label = 276] Label assignment: 81 81 276 276 276 81 81 81 81 81 276 81 81 276 81 81 81 276 276 276 81 276 276 81 276 276 81 81 81 276 276 276 276 276 81 81 276 81 276 81 81 276 81 276 276 276 276 276 276 276 276 276 81 81 276 81 81 276 276 276 276 276 276 276 276 81 276 81 276 81 276 81 81 81 81 81 81 276 81 81 276 276 81 276 81 81 276 81 81 81 81 81 276 276 81 276 81 276 276 276 276 81 81 276 276 276 276 81 276 81 276 81 81 81 81 276 276 276 276 276 81 276 276 276 276 276 276 81 276 276 81 276 276 276 276 81 81 276 81 276 276 276 81 81 81 81 81 81 276 81 81 276 81 81 276 276 276 276 81 81 81 81 276 81 276 276 81 276 81 81 81 81 276 276 81 276 276 276 81 81 81 81 81 81 81 276 276 276 276 81 81 276 81 276 276 276 81 81 81 276 81 81 81 276 276 276 81 81 276 81 81 276 81 276 81 81 276 81 276 276 276 276 81 81 81 276 81 276 276 81 276 81 81 276 276 276 276 81 81 81 276 276 81 81 276 276 276 276 81 81 81 81 276 276 276 276 81 276 276 81 81 276 81 81 276 276 276 276 276 276 81 276 276 81 81 81 276 81 276 276 276 81 276 81 276 276 81 276 276 81 81 276 276 276 276 276 81 81 276 276 81 81 81 81 81 276 81 81 81 81 276 276 81 276 81 276 81 81 276 81 276 276 81 81 276 81 81 276 276 81 81 81 276 276 276 276 276 276 81 81 276 276 81 276 276 81 276 81 276 81 81 81 276 81 276 81 81 81 81 81 81 81 81 276 81 276 276 276 276 81 276 81 81 81 81 276 81 81 276 81 81 81 276 276 276 81 276 81 81 81 81 276 81 276 276 276 81 81 81 276 276 276 81 81 276 81 276 81 81 276 81 276 276 276 276 81 81 81 276 81 81 81 81 276 276 276 81 81 81 81 276 81 81 276 276 276 276 81 276 276 81 81 276 81 81 81 276 81 81 276 81 276 276 276 276 81 81 81 81 81 276 276 81 81 276 81 276 276 276 276 81 276 276 81 81 276 81 276 81 276 276 81 81 276 81 81 81 81 276 81 81 81 81 276 81 276 81 276 81 81 276 81 276 276 276 276 276 276 81 276 276 276 276 276 276 276 81 276 81 276 81 81 81 276 81 81 276 276 276 81 276 81 81 276 276 81 81 81 276 81 81 81 81 1 276 276 
c [Signal] Signal interruption. Caught signal: SIGTERM (15).
c [Label = 281] Encoding starts with target value = 195:
c [Label = 281] Encoding duration: 2147ms.
c [Label = 281] Number of clauses: 1120291.
c [Label = 281] Number of variables: 305880.
c [Label = 281] Solving duration: 21 ms.
s [Label = 281] SAT (w = 195).
c [Label = 281] Label assignment: 86 86 281 281 281 86 86 86 86 86 281 86 86 281 86 86 86 281 281 281 86 281 281 86 281 281 86 86 86 281 281 281 281 281 86 86 281 86 281 86 86 281 86 281 281 281 281 281 281 281 281 281 86 86 281 86 86 281 281 281 281 281 281 281 281 86 281 86 281 86 281 86 86 86 86 86 86 281 86 86 281 281 86 281 86 86 281 86 86 86 86 86 281 281 86 281 86 281 281 281 281 86 86 281 281 281 281 86 281 86 281 86 86 86 86 281 281 281 281 281 86 281 281 281 281 281 281 86 281 281 86 281 281 281 281 86 86 281 86 281 281 281 86 86 86 86 86 86 281 86 86 281 86 86 281 281 281 281 86 86 86 86 281 86 281 281 86 281 86 86 86 86 281 281 86 281 281 281 86 86 86 86 86 86 86 281 281 281 281 86 86 281 86 281 281 281 86 86 86 281 86 86 86 281 281 281 86 86 281 86 86 281 86 281 86 86 281 86 281 281 281 281 86 86 86 281 86 281 281 86 281 86 86 281 281 281 281 86 86 86 281 281 86 86 281 281 281 281 86 86 86 86 281 281 281 281 86 281 281 86 86 281 86 86 281 281 281 281 281 281 86 281 281 86 86 86 281 86 281 281 281 86 281 86 281 281 86 281 281 86 86 281 281 281 281 281 86 86 281 281 86 86 86 86 86 281 86 86 86 86 281 281 86 281 86 281 86 86 281 86 281 281 86 86 281 86 86 281 281 86 86 86 281 281 281 281 281 281 86 86 281 281 86 281 281 86 281 86 281 86 86 86 281 86 281 86 86 86 86 86 86 86 86 281 86 281 281 281 281 86 281 86 86 86 86 281 86 86 281 86 86 86 281 281 281 86 281 86 86 86 86 281 86 281 281 281 86 86 86 281 281 281 86 86 281 86 281 86 86 281 86 281 281 281 281 86 86 86 281 86 86 86 86 281 281 281 86 86 86 86 281 86 86 281 281 281 281 86 281 281 86 86 281 86 86 86 281 86 86 281 86 281 281 281 281 86 86 86 86 86 281 281 86 86 281 86 281 281 281 281 86 281 281 86 86 281 86 281 86 281 281 86 86 281 86 86 86 86 281 86 86 86 86 281 86 281 86 281 86 86 281 86 281 281 281 281 281 281 86 281 281 281 281 281 281 281 86 281 86 281 86 86 86 281 86 86 281 281 281 86 281 86 86 281 281 86 86 86 281 86 86 86 86 1 281 281 
c [Signal] Signal interruption. Caught signal: SIGTERM (15).
c [Label = 273] Minimize Makespan Labeling problem (S-sherman4.mtx.rnd):
c [Main] Child pid 275 - 60257 terminated by signal 15.
c [Main] Child pid 280 - 60252 terminated by signal 15.
c [Main] Child pid 277 - 60255 terminated by signal 15.
c [Label = 271] Minimize Makespan Labeling problem (S-sherman4.mtx.rnd):
c [Main] Child pid 278 - 60254 terminated by signal 15.
c [Label = 269] Minimize Makespan Labeling problem (S-sherman4.mtx.rnd):
c [Label = 272] Minimize Makespan Labeling problem (S-sherman4.mtx.rnd):
c [Main] Child pid 279 - 60253 terminated by signal 15.
c [Label = 270] Minimize Makespan Labeling problem (S-sherman4.mtx.rnd):
c [Main] Child pid 281 - 60251 terminated by signal 15.
c [Label = 268] Minimize Makespan Labeling problem (S-sherman4.mtx.rnd):
c [Main] Child pid 276 - 60256 terminated by signal 15.
c [Label = 267] Minimize Makespan Labeling problem (S-sherman4.mtx.rnd):
c [Label = 266] Minimize Makespan Labeling problem (S-sherman4.mtx.rnd):
c [Label = 267] Encoding starts with target value = 195:
c [Label = 267] Encoding duration: 1899ms.
c [Label = 267] Number of clauses: 1006968.
c [Label = 267] Number of variables: 290592.
c [Label = 267] Solving duration: 21 ms.
s [Label = 267] SAT (w = 195).
c [Label = 267] Label assignment: 72 72 267 267 267 72 72 72 72 72 267 72 72 267 72 72 72 267 267 267 72 267 267 72 267 267 72 72 72 267 267 267 267 267 72 72 267 72 267 72 72 267 72 267 267 267 267 267 267 267 267 267 72 72 267 72 72 267 267 267 267 267 267 267 267 72 267 72 267 72 267 72 72 72 72 72 72 267 72 72 267 267 72 267 72 72 267 72 72 72 72 72 267 267 72 267 72 267 267 267 267 72 72 267 267 267 267 72 267 72 267 72 72 72 72 267 267 267 267 267 72 267 267 267 267 267 267 72 267 267 72 267 267 267 267 72 72 267 72 267 267 267 72 72 72 72 72 72 267 72 72 267 72 72 267 267 267 267 72 72 72 72 267 72 267 267 72 267 72 72 72 72 267 267 72 267 267 267 72 72 72 72 72 72 72 267 267 267 267 72 72 267 72 267 267 267 72 72 72 267 72 72 72 267 267 267 72 72 267 72 72 267 72 267 72 72 267 72 267 267 267 267 72 72 72 267 72 267 267 72 267 72 72 267 267 267 267 72 72 72 267 267 72 72 267 267 267 267 72 72 72 72 267 267 267 267 72 267 267 72 72 267 72 72 267 267 267 267 267 267 72 267 267 72 72 72 267 72 267 267 267 72 267 72 267 267 72 267 267 72 72 267 267 267 267 267 72 72 267 267 72 72 72 72 72 267 72 72 72 72 267 267 72 267 72 267 72 72 267 72 267 267 72 72 267 72 72 267 267 72 72 72 267 267 267 267 267 267 72 72 267 267 72 267 267 72 267 72 267 72 72 72 267 72 267 72 72 72 72 72 72 72 72 267 72 267 267 267 267 72 267 72 72 72 72 267 72 72 267 72 72 72 267 267 267 72 267 72 72 72 72 267 72 267 267 267 72 72 72 267 267 267 72 72 267 72 267 72 72 267 72 267 267 267 267 72 72 72 267 72 72 72 72 267 267 267 72 72 72 72 267 72 72 267 267 267 267 72 267 267 72 72 267 72 72 72 267 72 72 267 72 267 267 267 267 72 72 72 72 72 267 267 72 72 267 72 267 267 267 267 72 267 267 72 72 267 72 267 72 267 267 72 72 267 72 72 72 72 267 72 72 72 72 267 72 267 72 267 72 72 267 72 267 267 267 267 267 267 72 267 267 267 267 267 267 267 72 267 72 267 72 72 72 267 72 72 267 267 267 72 267 72 72 267 267 72 72 72 267 72 72 72 72 1 267 267 
c [Label = 271] Encoding starts with target value = 195:
c [Label = 271] Encoding duration: 1955ms.
c [Label = 271] Number of clauses: 1039346.
c [Label = 271] Number of variables: 294960.
c [Label = 271] Solving duration: 18 ms.
s [Label = 271] SAT (w = 195).
c [Label = 271] Label assignment: 76 76 271 271 271 76 76 76 76 76 271 76 76 271 76 76 76 271 271 271 76 271 271 76 271 271 76 76 76 271 271 271 271 271 76 76 271 76 271 76 76 271 76 271 271 271 271 271 271 271 271 271 76 76 271 76 76 271 271 271 271 271 271 271 271 76 271 76 271 76 271 76 76 76 76 76 76 271 76 76 271 271 76 271 76 76 271 76 76 76 76 76 271 271 76 271 76 271 271 271 271 76 76 271 271 271 271 76 271 76 271 76 76 76 76 271 271 271 271 271 76 271 271 271 271 271 271 76 271 271 76 271 271 271 271 76 76 271 76 271 271 271 76 76 76 76 76 76 271 76 76 271 76 76 271 271 271 271 76 76 76 76 271 76 271 271 76 271 76 76 76 76 271 271 76 271 271 271 76 76 76 76 76 76 76 271 271 271 271 76 76 271 76 271 271 271 76 76 76 271 76 76 76 271 271 271 76 76 271 76 76 271 76 271 76 76 271 76 271 271 271 271 76 76 76 271 76 271 271 76 271 76 76 271 271 271 271 76 76 76 271 271 76 76 271 271 271 271 76 76 76 76 271 271 271 271 76 271 271 76 76 271 76 76 271 271 271 271 271 271 76 271 271 76 76 76 271 76 271 271 271 76 271 76 271 271 76 271 271 76 76 271 271 271 271 271 76 76 271 271 76 76 76 76 76 271 76 76 76 76 271 271 76 271 76 271 76 76 271 76 271 271 76 76 271 76 76 271 271 76 76 76 271 271 271 271 271 271 76 76 271 271 76 271 271 76 271 76 271 76 76 76 271 76 271 76 76 76 76 76 76 76 76 271 76 271 271 271 271 76 271 76 76 76 76 271 76 76 271 76 76 76 271 271 271 76 271 76 76 76 76 271 76 271 271 271 76 76 76 271 271 271 76 76 271 76 271 76 76 271 76 271 271 271 271 76 76 76 271 76 76 76 76 271 271 271 76 76 76 76 271 76 76 271 271 271 271 76 271 271 76 76 271 76 76 76 271 76 76 271 76 271 271 271 271 76 76 76 76 76 271 271 76 76 271 76 271 271 271 271 76 271 271 76 76 271 76 271 76 271 271 76 76 271 76 76 76 76 271 76 76 76 76 271 76 271 76 271 76 76 271 76 271 271 271 271 271 271 76 271 271 271 271 271 271 271 76 271 76 271 76 76 76 271 76 76 271 271 271 76 271 76 76 271 271 76 76 76 271 76 76 76 76 1 271 271 
c [Signal] Signal interruption. Caught signal: SIGTERM (15).
c [Label = 270] Encoding starts with target value = 195:
c [Label = 270] Encoding duration: 1981ms.
c [Label = 270] Number of clauses: 1031252.
c [Label = 270] Number of variables: 293868.
c [Label = 270] Solving duration: 23 ms.
s [Label = 270] SAT (w = 195).
c [Label = 270] Label assignment: 75 75 270 270 270 75 75 75 75 75 270 75 75 270 75 75 75 270 270 270 75 270 270 75 270 270 75 75 75 270 270 270 270 270 75 75 270 75 270 75 75 270 75 270 270 270 270 270 270 270 270 270 75 75 270 75 75 270 270 270 270 270 270 270 270 75 270 75 270 75 270 75 75 75 75 75 75 270 75 75 270 270 75 270 75 75 270 75 75 75 75 75 270 270 75 270 75 270 270 270 270 75 75 270 270 270 270 75 270 75 270 75 75 75 75 270 270 270 270 270 75 270 270 270 270 270 270 75 270 270 75 270 270 270 270 75 75 270 75 270 270 270 75 75 75 75 75 75 270 75 75 270 75 75 270 270 270 270 75 75 75 75 270 75 270 270 75 270 75 75 75 75 270 270 75 270 270 270 75 75 75 75 75 75 75 270 270 270 270 75 75 270 75 270 270 270 75 75 75 270 75 75 75 270 270 270 75 75 270 75 75 270 75 270 75 75 270 75 270 270 270 270 75 75 75 270 75 270 270 75 270 75 75 270 270 270 270 75 75 75 270 270 75 75 270 270 270 270 75 75 75 75 270 270 270 270 75 270 270 75 75 270 75 75 270 270 270 270 270 270 75 270 270 75 75 75 270 75 270 270 270 75 270 75 270 270 75 270 270 75 75 270 270 270 270 270 75 75 270 270 75 75 75 75 75 270 75 75 75 75 270 270 75 270 75 270 75 75 270 75 270 270 75 75 270 75 75 270 270 75 75 75 270 270 270 270 270 270 75 75 270 270 75 270 270 75 270 75 270 75 75 75 270 75 270 75 75 75 75 75 75 75 75 270 75 270 270 270 270 75 270 75 75 75 75 270 75 75 270 75 75 75 270 270 270 75 270 75 75 75 75 270 75 270 270 270 75 75 75 270 270 270 75 75 270 75 270 75 75 270 75 270 270 270 270 75 75 75 270 75 75 75 75 270 270 270 75 75 75 75 270 75 75 270 270 270 270 75 270 270 75 75 270 75 75 75 270 75 75 270 75 270 270 270 270 75 75 75 75 75 270 270 75 75 270 75 270 270 270 270 75 270 270 75 75 270 75 270 75 270 270 75 75 270 75 75 75 75 270 75 75 75 75 270 75 270 75 270 75 75 270 75 270 270 270 270 270 270 75 270 270 270 270 270 270 270 75 270 75 270 75 75 75 270 75 75 270 270 270 75 270 75 75 270 270 75 75 75 270 75 75 75 75 1 270 270 
c [Signal] Signal interruption. Caught signal: SIGTERM (15).
c [Label = 272] Encoding starts with target value = 195:
c [Label = 272] Encoding duration: 1985ms.
c [Label = 272] Number of clauses: 1047441.
c [Label = 272] Number of variables: 296052.
c [Label = 272] Solving duration: 19 ms.
s [Label = 272] SAT (w = 195).
c [Label = 272] Label assignment: 77 77 272 272 272 77 77 77 77 77 272 77 77 272 77 77 77 272 272 272 77 272 272 77 272 272 77 77 77 272 272 272 272 272 77 77 272 77 272 77 77 272 77 272 272 272 272 272 272 272 272 272 77 77 272 77 77 272 272 272 272 272 272 272 272 77 272 77 272 77 272 77 77 77 77 77 77 272 77 77 272 272 77 272 77 77 272 77 77 77 77 77 272 272 77 272 77 272 272 272 272 77 77 272 272 272 272 77 272 77 272 77 77 77 77 272 272 272 272 272 77 272 272 272 272 272 272 77 272 272 77 272 272 272 272 77 77 272 77 272 272 272 77 77 77 77 77 77 272 77 77 272 77 77 272 272 272 272 77 77 77 77 272 77 272 272 77 272 77 77 77 77 272 272 77 272 272 272 77 77 77 77 77 77 77 272 272 272 272 77 77 272 77 272 272 272 77 77 77 272 77 77 77 272 272 272 77 77 272 77 77 272 77 272 77 77 272 77 272 272 272 272 77 77 77 272 77 272 272 77 272 77 77 272 272 272 272 77 77 77 272 272 77 77 272 272 272 272 77 77 77 77 272 272 272 272 77 272 272 77 77 272 77 77 272 272 272 272 272 272 77 272 272 77 77 77 272 77 272 272 272 77 272 77 272 272 77 272 272 77 77 272 272 272 272 272 77 77 272 272 77 77 77 77 77 272 77 77 77 77 272 272 77 272 77 272 77 77 272 77 272 272 77 77 272 77 77 272 272 77 77 77 272 272 272 272 272 272 77 77 272 272 77 272 272 77 272 77 272 77 77 77 272 77 272 77 77 77 77 77 77 77 77 272 77 272 272 272 272 77 272 77 77 77 77 272 77 77 272 77 77 77 272 272 272 77 272 77 77 77 77 272 77 272 272 272 77 77 77 272 272 272 77 77 272 77 272 77 77 272 77 272 272 272 272 77 77 77 272 77 77 77 77 272 272 272 77 77 77 77 272 77 77 272 272 272 272 77 272 272 77 77 272 77 77 77 272 77 77 272 77 272 272 272 272 77 77 77 77 77 272 272 77 77 272 77 272 272 272 272 77 272 272 77 77 272 77 272 77 272 272 77 77 272 77 77 77 77 272 77 77 77 77 272 77 272 77 272 77 77 272 77 272 272 272 272 272 272 77 272 272 272 272 272 272 272 77 272 77 272 77 77 77 272 77 77 272 272 272 77 272 77 77 272 272 77 77 77 272 77 77 77 77 1 272 272 
c [Signal] Signal interruption. Caught signal: SIGTERM (15).
c [Main] Lowest label SAT is set to 267.
c [Main] Kill higher label pid 269.
c [Main] Kill higher label pid 270.
c [Main] Kill higher label pid 271.
c [Main] Kill higher label pid 272.
c [Main] Kill higher label pid 273.
c [Main] Kill higher label pid 268.
c [Label = 273] Encoding starts with target value = 195:
c [Label = 273] Encoding duration: 2063ms.
c [Label = 273] Number of clauses: 1055535.
c [Label = 273] Number of variables: 297144.
c [Label = 273] Solving duration: 18 ms.
s [Label = 273] SAT (w = 195).
c [Label = 273] Label assignment: 78 78 273 273 273 78 78 78 78 78 273 78 78 273 78 78 78 273 273 273 78 273 273 78 273 273 78 78 78 273 273 273 273 273 78 78 273 78 273 78 78 273 78 273 273 273 273 273 273 273 273 273 78 78 273 78 78 273 273 273 273 273 273 273 273 78 273 78 273 78 273 78 78 78 78 78 78 273 78 78 273 273 78 273 78 78 273 78 78 78 78 78 273 273 78 273 78 273 273 273 273 78 78 273 273 273 273 78 273 78 273 78 78 78 78 273 273 273 273 273 78 273 273 273 273 273 273 78 273 273 78 273 273 273 273 78 78 273 78 273 273 273 78 78 78 78 78 78 273 78 78 273 78 78 273 273 273 273 78 78 78 78 273 78 273 273 78 273 78 78 78 78 273 273 78 273 273 273 78 78 78 78 78 78 78 273 273 273 273 78 78 273 78 273 273 273 78 78 78 273 78 78 78 273 273 273 78 78 273 78 78 273 78 273 78 78 273 78 273 273 273 273 78 78 78 273 78 273 273 78 273 78 78 273 273 273 273 78 78 78 273 273 78 78 273 273 273 273 78 78 78 78 273 273 273 273 78 273 273 78 78 273 78 78 273 273 273 273 273 273 78 273 273 78 78 78 273 78 273 273 273 78 273 78 273 273 78 273 273 78 78 273 273 273 273 273 78 78 273 273 78 78 78 78 78 273 78 78 78 78 273 273 78 273 78 273 78 78 273 78 273 273 78 78 273 78 78 273 273 78 78 78 273 273 273 273 273 273 78 78 273 273 78 273 273 78 273 78 273 78 78 78 273 78 273 78 78 78 78 78 78 78 78 273 78 273 273 273 273 78 273 78 78 78 78 273 78 78 273 78 78 78 273 273 273 78 273 78 78 78 78 273 78 273 273 273 78 78 78 273 273 273 78 78 273 78 273 78 78 273 78 273 273 273 273 78 78 78 273 78 78 78 78 273 273 273 78 78 78 78 273 78 78 273 273 273 273 78 273 273 78 78 273 78 78 78 273 78 78 273 78 273 273 273 273 78 78 78 78 78 273 273 78 78 273 78 273 273 273 273 78 273 273 78 78 273 78 273 78 273 273 78 78 273 78 78 78 78 273 78 78 78 78 273 78 273 78 273 78 78 273 78 273 273 273 273 273 273 78 273 273 273 273 273 273 273 78 273 78 273 78 78 78 273 78 78 273 273 273 78 273 78 78 273 273 78 78 78 273 78 78 78 78 1 273 273 
c [Signal] Signal interruption. Caught signal: SIGTERM (15).
c [Label = 268] Encoding starts with target value = 195:
c [Label = 268] Encoding duration: 1978ms.
c [Label = 268] Number of clauses: 1015063.
c [Label = 268] Number of variables: 291684.
c [Label = 268] Solving duration: 18 ms.
s [Label = 268] SAT (w = 195).
c [Label = 268] Label assignment: 73 73 268 268 268 73 73 73 73 73 268 73 73 268 73 73 73 268 268 268 73 268 268 73 268 268 73 73 73 268 268 268 268 268 73 73 268 73 268 73 73 268 73 268 268 268 268 268 268 268 268 268 73 73 268 73 73 268 268 268 268 268 268 268 268 73 268 73 268 73 268 73 73 73 73 73 73 268 73 73 268 268 73 268 73 73 268 73 73 73 73 73 268 268 73 268 73 268 268 268 268 73 73 268 268 268 268 73 268 73 268 73 73 73 73 268 268 268 268 268 73 268 268 268 268 268 268 73 268 268 73 268 268 268 268 73 73 268 73 268 268 268 73 73 73 73 73 73 268 73 73 268 73 73 268 268 268 268 73 73 73 73 268 73 268 268 73 268 73 73 73 73 268 268 73 268 268 268 73 73 73 73 73 73 73 268 268 268 268 73 73 268 73 268 268 268 73 73 73 268 73 73 73 268 268 268 73 73 268 73 73 268 73 268 73 73 268 73 268 268 268 268 73 73 73 268 73 268 268 73 268 73 73 268 268 268 268 73 73 73 268 268 73 73 268 268 268 268 73 73 73 73 268 268 268 268 73 268 268 73 73 268 73 73 268 268 268 268 268 268 73 268 268 73 73 73 268 73 268 268 268 73 268 73 268 268 73 268 268 73 73 268 268 268 268 268 73 73 268 268 73 73 73 73 73 268 73 73 73 73 268 268 73 268 73 268 73 73 268 73 268 268 73 73 268 73 73 268 268 73 73 73 268 268 268 268 268 268 73 73 268 268 73 268 268 73 268 73 268 73 73 73 268 73 268 73 73 73 73 73 73 73 73 268 73 268 268 268 268 73 268 73 73 73 73 268 73 73 268 73 73 73 268 268 268 73 268 73 73 73 73 268 73 268 268 268 73 73 73 268 268 268 73 73 268 73 268 73 73 268 73 268 268 268 268 73 73 73 268 73 73 73 73 268 268 268 73 73 73 73 268 73 73 268 268 268 268 73 268 268 73 73 268 73 73 73 268 73 73 268 73 268 268 268 268 73 73 73 73 73 268 268 73 73 268 73 268 268 268 268 73 268 268 73 73 268 73 268 73 268 268 73 73 268 73 73 73 73 268 73 73 73 73 268 73 268 73 268 73 73 268 73 268 268 268 268 268 268 73 268 268 268 268 268 268 268 73 268 73 268 73 73 73 268 73 73 268 268 268 73 268 73 73 268 268 73 73 73 268 73 73 73 73 1 268 268 
c [Signal] Signal interruption. Caught signal: SIGTERM (15).
c [Label = 269] Encoding starts with target value = 195:
c [Label = 269] Encoding duration: 1950ms.
c [Label = 269] Number of clauses: 1023157.
c [Label = 269] Number of variables: 292776.
c [Label = 269] Solving duration: 22 ms.
s [Label = 269] SAT (w = 195).
c [Label = 269] Label assignment: 74 74 269 269 269 74 74 74 74 74 269 74 74 269 74 74 74 269 269 269 74 269 269 74 269 269 74 74 74 269 269 269 269 269 74 74 269 74 269 74 74 269 74 269 269 269 269 269 269 269 269 269 74 74 269 74 74 269 269 269 269 269 269 269 269 74 269 74 269 74 269 74 74 74 74 74 74 269 74 74 269 269 74 269 74 74 269 74 74 74 74 74 269 269 74 269 74 269 269 269 269 74 74 269 269 269 269 74 269 74 269 74 74 74 74 269 269 269 269 269 74 269 269 269 269 269 269 74 269 269 74 269 269 269 269 74 74 269 74 269 269 269 74 74 74 74 74 74 269 74 74 269 74 74 269 269 269 269 74 74 74 74 269 74 269 269 74 269 74 74 74 74 269 269 74 269 269 269 74 74 74 74 74 74 74 269 269 269 269 74 74 269 74 269 269 269 74 74 74 269 74 74 74 269 269 269 74 74 269 74 74 269 74 269 74 74 269 74 269 269 269 269 74 74 74 269 74 269 269 74 269 74 74 269 269 269 269 74 74 74 269 269 74 74 269 269 269 269 74 74 74 74 269 269 269 269 74 269 269 74 74 269 74 74 269 269 269 269 269 269 74 269 269 74 74 74 269 74 269 269 269 74 269 74 269 269 74 269 269 74 74 269 269 269 269 269 74 74 269 269 74 74 74 74 74 269 74 74 74 74 269 269 74 269 74 269 74 74 269 74 269 269 74 74 269 74 74 269 269 74 74 74 269 269 269 269 269 269 74 74 269 269 74 269 269 74 269 74 269 74 74 74 269 74 269 74 74 74 74 74 74 74 74 269 74 269 269 269 269 74 269 74 74 74 74 269 74 74 269 74 74 74 269 269 269 74 269 74 74 74 74 269 74 269 269 269 74 74 74 269 269 269 74 74 269 74 269 74 74 269 74 269 269 269 269 74 74 74 269 74 74 74 74 269 269 269 74 74 74 74 269 74 74 269 269 269 269 74 269 269 74 74 269 74 74 74 269 74 74 269 74 269 269 269 269 74 74 74 74 74 269 269 74 74 269 74 269 269 269 269 74 269 269 74 74 269 74 269 74 269 269 74 74 269 74 74 74 74 269 74 74 74 74 269 74 269 74 269 74 74 269 74 269 269 269 269 269 269 74 269 269 269 269 269 269 269 74 269 74 269 74 74 74 269 74 74 269 269 269 74 269 74 74 269 269 74 74 74 269 74 74 74 74 1 269 269 
c [Signal] Signal interruption. Caught signal: SIGTERM (15).
c [Label = 265] Minimize Makespan Labeling problem (S-sherman4.mtx.rnd):
c [Label = 266] Encoding starts with target value = 195:
c [Label = 266] Encoding duration: 1930ms.
c [Label = 266] Number of clauses: 998874.
c [Label = 266] Number of variables: 289500.
c [Label = 266] Solving duration: 21 ms.
s [Label = 266] SAT (w = 195).
c [Label = 266] Label assignment: 71 71 266 266 266 71 71 71 71 71 266 71 71 266 71 71 71 266 266 266 71 266 266 71 266 266 71 71 71 266 266 266 266 266 71 71 266 71 266 71 71 266 71 266 266 266 266 266 266 266 266 266 71 71 266 71 71 266 266 266 266 266 266 266 266 71 266 71 266 71 266 71 71 71 71 71 71 266 71 71 266 266 71 266 71 71 266 71 71 71 71 71 266 266 71 266 71 266 266 266 266 71 71 266 266 266 266 71 266 71 266 71 71 71 71 266 266 266 266 266 71 266 266 266 266 266 266 71 266 266 71 266 266 266 266 71 71 266 71 266 266 266 71 71 71 71 71 71 266 71 71 266 71 71 266 266 266 266 71 71 71 71 266 71 266 266 71 266 71 71 71 71 266 266 71 266 266 266 71 71 71 71 71 71 71 266 266 266 266 71 71 266 71 266 266 266 71 71 71 266 71 71 71 266 266 266 71 71 266 71 71 266 71 266 71 71 266 71 266 266 266 266 71 71 71 266 71 266 266 71 266 71 71 266 266 266 266 71 71 71 266 266 71 71 266 266 266 266 71 71 71 71 266 266 266 266 71 266 266 71 71 266 71 71 266 266 266 266 266 266 71 266 266 71 71 71 266 71 266 266 266 71 266 71 266 266 71 266 266 71 71 266 266 266 266 266 71 71 266 266 71 71 71 71 71 266 71 71 71 71 266 266 71 266 71 266 71 71 266 71 266 266 71 71 266 71 71 266 266 71 71 71 266 266 266 266 266 266 71 71 266 266 71 266 266 71 266 71 266 71 71 71 266 71 266 71 71 71 71 71 71 71 71 266 71 266 266 266 266 71 266 71 71 71 71 266 71 71 266 71 71 71 266 266 266 71 266 71 71 71 71 266 71 266 266 266 71 71 71 266 266 266 71 71 266 71 266 71 71 266 71 266 266 266 266 71 71 71 266 71 71 71 71 266 266 266 71 71 71 71 266 71 71 266 266 266 266 71 266 266 71 71 266 71 71 71 266 71 71 266 71 266 266 266 266 71 71 71 71 71 266 266 71 71 266 71 266 266 266 266 71 266 266 71 71 266 71 266 71 266 266 71 71 266 71 71 71 71 266 71 71 71 71 266 71 266 71 266 71 71 266 71 266 266 266 266 266 266 71 266 266 266 266 266 266 266 71 266 71 266 71 71 71 266 71 71 266 266 266 71 266 71 71 266 266 71 71 71 266 71 71 71 71 1 266 266 
c [Main] Child pid 268 - 60266 terminated by signal 15.
c [Label = 264] Minimize Makespan Labeling problem (S-sherman4.mtx.rnd):
c [Main] Child pid 273 - 60261 terminated by signal 15.
c [Main] Child pid 272 - 60262 terminated by signal 15.
c [Main] Child pid 271 - 60263 terminated by signal 15.
c [Main] Child pid 270 - 60264 terminated by signal 15.
c [Main] Child pid 269 - 60265 terminated by signal 15.
c [Label = 263] Minimize Makespan Labeling problem (S-sherman4.mtx.rnd):
c [Label = 261] Minimize Makespan Labeling problem (S-sherman4.mtx.rnd):
c [Label = 262] Minimize Makespan Labeling problem (S-sherman4.mtx.rnd):
c [Label = 260] Minimize Makespan Labeling problem (S-sherman4.mtx.rnd):
c [Label = 259] Minimize Makespan Labeling problem (S-sherman4.mtx.rnd):
c [Main] Lowest label SAT is set to 266.
c [Label = 258] Minimize Makespan Labeling problem (S-sherman4.mtx.rnd):
c [Label = 258] Encoding starts with target value = 195:
c [Label = 258] Encoding duration: 1774ms.
c [Label = 258] Number of clauses: 934118.
c [Label = 258] Number of variables: 280764.
c [Label = 258] Solving duration: 17 ms.
s [Label = 258] SAT (w = 195).
c [Label = 258] Label assignment: 63 63 258 258 258 63 63 63 63 63 258 63 63 258 63 63 63 258 258 258 63 258 258 63 258 258 63 63 63 258 258 258 258 258 63 63 258 63 258 63 63 258 63 258 258 258 258 258 258 258 258 258 63 63 258 63 63 258 258 258 258 258 258 258 258 63 258 63 258 63 258 63 63 63 63 63 63 258 63 63 258 258 63 258 63 63 258 63 63 63 63 63 258 258 63 258 63 258 258 258 258 63 63 258 258 258 258 63 258 63 258 63 63 63 63 258 258 258 258 258 63 258 258 258 258 258 258 63 258 258 63 258 258 258 258 63 63 258 63 258 258 258 63 63 63 63 63 63 258 63 63 258 63 63 258 258 258 258 63 63 63 63 258 63 258 258 63 258 63 63 63 63 258 258 63 258 258 258 63 63 63 63 63 63 63 258 258 258 258 63 63 258 63 258 258 258 63 63 63 258 63 63 63 258 258 258 63 63 258 63 63 258 63 258 63 63 258 63 258 258 258 258 63 63 63 258 63 258 258 63 258 63 63 258 258 258 258 63 63 63 258 258 63 63 258 258 258 258 63 63 63 63 258 258 258 258 63 258 258 63 63 258 63 63 258 258 258 258 258 258 63 258 258 63 63 63 258 63 258 258 258 63 258 63 258 258 63 258 258 63 63 258 258 258 258 258 63 63 258 258 63 63 63 63 63 258 63 63 63 63 258 258 63 258 63 258 63 63 258 63 258 258 63 63 258 63 63 258 258 63 63 63 258 258 258 258 258 258 63 63 258 258 63 258 258 63 258 63 258 63 63 63 258 63 258 63 63 63 63 63 63 63 63 258 63 258 258 258 258 63 258 63 63 63 63 258 63 63 258 63 63 63 258 258 258 63 258 63 63 63 63 258 63 258 258 258 63 63 63 258 258 258 63 63 258 63 258 63 63 258 63 258 258 258 258 63 63 63 258 63 63 63 63 258 258 258 63 63 63 63 258 63 63 258 258 258 258 63 258 258 63 63 258 63 63 63 258 63 63 258 63 258 258 258 258 63 63 63 63 63 258 258 63 63 258 63 258 258 258 258 63 258 258 63 63 258 63 258 63 258 258 63 63 258 63 63 63 63 258 63 63 63 63 258 63 258 63 258 63 63 258 63 258 258 258 258 258 258 63 258 258 258 258 258 258 258 63 258 63 258 63 63 63 258 63 63 258 258 258 63 258 63 63 258 258 63 63 63 258 63 63 63 63 1 258 258 
c [Label = 260] Encoding starts with target value = 195:
c [Label = 260] Encoding duration: 1798ms.
c [Label = 260] Number of clauses: 950307.
c [Label = 260] Number of variables: 282948.
c [Label = 260] Solving duration: 19 ms.
s [Label = 260] SAT (w = 195).
c [Label = 260] Label assignment: 65 65 260 260 260 65 65 65 65 65 260 65 65 260 65 65 65 260 260 260 65 260 260 65 260 260 65 65 65 260 260 260 260 260 65 65 260 65 260 65 65 260 65 260 260 260 260 260 260 260 260 260 65 65 260 65 65 260 260 260 260 260 260 260 260 65 260 65 260 65 260 65 65 65 65 65 65 260 65 65 260 260 65 260 65 65 260 65 65 65 65 65 260 260 65 260 65 260 260 260 260 65 65 260 260 260 260 65 260 65 260 65 65 65 65 260 260 260 260 260 65 260 260 260 260 260 260 65 260 260 65 260 260 260 260 65 65 260 65 260 260 260 65 65 65 65 65 65 260 65 65 260 65 65 260 260 260 260 65 65 65 65 260 65 260 260 65 260 65 65 65 65 260 260 65 260 260 260 65 65 65 65 65 65 65 260 260 260 260 65 65 260 65 260 260 260 65 65 65 260 65 65 65 260 260 260 65 65 260 65 65 260 65 260 65 65 260 65 260 260 260 260 65 65 65 260 65 260 260 65 260 65 65 260 260 260 260 65 65 65 260 260 65 65 260 260 260 260 65 65 65 65 260 260 260 260 65 260 260 65 65 260 65 65 260 260 260 260 260 260 65 260 260 65 65 65 260 65 260 260 260 65 260 65 260 260 65 260 260 65 65 260 260 260 260 260 65 65 260 260 65 65 65 65 65 260 65 65 65 65 260 260 65 260 65 260 65 65 260 65 260 260 65 65 260 65 65 260 260 65 65 65 260 260 260 260 260 260 65 65 260 260 65 260 260 65 260 65 260 65 65 65 260 65 260 65 65 65 65 65 65 65 65 260 65 260 260 260 260 65 260 65 65 65 65 260 65 65 260 65 65 65 260 260 260 65 260 65 65 65 65 260 65 260 260 260 65 65 65 260 260 260 65 65 260 65 260 65 65 260 65 260 260 260 260 65 65 65 260 65 65 65 65 260 260 260 65 65 65 65 260 65 65 260 260 260 260 65 260 260 65 65 260 65 65 65 260 65 65 260 65 260 260 260 260 65 65 65 65 65 260 260 65 65 260 65 260 260 260 260 65 260 260 65 65 260 65 260 65 260 260 65 65 260 65 65 65 65 260 65 65 65 65 260 65 260 65 260 65 65 260 65 260 260 260 260 260 260 65 260 260 260 260 260 260 260 65 260 65 260 65 65 65 260 65 65 260 260 260 65 260 65 65 260 260 65 65 65 260 65 65 65 65 1 260 260 
c [Label = 259] Encoding starts with target value = 195:
c [Label = 259] Encoding duration: 1786ms.
c [Label = 259] Number of clauses: 942212.
c [Label = 259] Number of variables: 281856.
c [Label = 259] Solving duration: 19 ms.
s [Label = 259] SAT (w = 195).
c [Label = 259] Label assignment: 64 64 259 259 259 64 64 64 64 64 259 64 64 259 64 64 64 259 259 259 64 259 259 64 259 259 64 64 64 259 259 259 259 259 64 64 259 64 259 64 64 259 64 259 259 259 259 259 259 259 259 259 64 64 259 64 64 259 259 259 259 259 259 259 259 64 259 64 259 64 259 64 64 64 64 64 64 259 64 64 259 259 64 259 64 64 259 64 64 64 64 64 259 259 64 259 64 259 259 259 259 64 64 259 259 259 259 64 259 64 259 64 64 64 64 259 259 259 259 259 64 259 259 259 259 259 259 64 259 259 64 259 259 259 259 64 64 259 64 259 259 259 64 64 64 64 64 64 259 64 64 259 64 64 259 259 259 259 64 64 64 64 259 64 259 259 64 259 64 64 64 64 259 259 64 259 259 259 64 64 64 64 64 64 64 259 259 259 259 64 64 259 64 259 259 259 64 64 64 259 64 64 64 259 259 259 64 64 259 64 64 259 64 259 64 64 259 64 259 259 259 259 64 64 64 259 64 259 259 64 259 64 64 259 259 259 259 64 64 64 259 259 64 64 259 259 259 259 64 64 64 64 259 259 259 259 64 259 259 64 64 259 64 64 259 259 259 259 259 259 64 259 259 64 64 64 259 64 259 259 259 64 259 64 259 259 64 259 259 64 64 259 259 259 259 259 64 64 259 259 64 64 64 64 64 259 64 64 64 64 259 259 64 259 64 259 64 64 259 64 259 259 64 64 259 64 64 259 259 64 64 64 259 259 259 259 259 259 64 64 259 259 64 259 259 64 259 64 259 64 64 64 259 64 259 64 64 64 64 64 64 64 64 259 64 259 259 259 259 64 259 64 64 64 64 259 64 64 259 64 64 64 259 259 259 64 259 64 64 64 64 259 64 259 259 259 64 64 64 259 259 259 64 64 259 64 259 64 64 259 64 259 259 259 259 64 64 64 259 64 64 64 64 259 259 259 64 64 64 64 259 64 64 259 259 259 259 64 259 259 64 64 259 64 64 64 259 64 64 259 64 259 259 259 259 64 64 64 64 64 259 259 64 64 259 64 259 259 259 259 64 259 259 64 64 259 64 259 64 259 259 64 64 259 64 64 64 64 259 64 64 64 64 259 64 259 64 259 64 64 259 64 259 259 259 259 259 259 64 259 259 259 259 259 259 259 64 259 64 259 64 64 64 259 64 64 259 259 259 64 259 64 64 259 259 64 64 64 259 64 64 64 64 1 259 259 
c [Label = 261] Encoding starts with target value = 195:
c [Label = 261] Encoding duration: 1930ms.
c [Label = 261] Number of clauses: 958401.
c [Label = 261] Number of variables: 284040.
c [Label = 261] Solving duration: 23 ms.
s [Label = 261] SAT (w = 195).
c [Label = 261] Label assignment: 66 66 261 261 261 66 66 66 66 66 261 66 66 261 66 66 66 261 261 261 66 261 261 66 261 261 66 66 66 261 261 261 261 261 66 66 261 66 261 66 66 261 66 261 261 261 261 261 261 261 261 261 66 66 261 66 66 261 261 261 261 261 261 261 261 66 261 66 261 66 261 66 66 66 66 66 66 261 66 66 261 261 66 261 66 66 261 66 66 66 66 66 261 261 66 261 66 261 261 261 261 66 66 261 261 261 261 66 261 66 261 66 66 66 66 261 261 261 261 261 66 261 261 261 261 261 261 66 261 261 66 261 261 261 261 66 66 261 66 261 261 261 66 66 66 66 66 66 261 66 66 261 66 66 261 261 261 261 66 66 66 66 261 66 261 261 66 261 66 66 66 66 261 261 66 261 261 261 66 66 66 66 66 66 66 261 261 261 261 66 66 261 66 261 261 261 66 66 66 261 66 66 66 261 261 261 66 66 261 66 66 261 66 261 66 66 261 66 261 261 261 261 66 66 66 261 66 261 261 66 261 66 66 261 261 261 261 66 66 66 261 261 66 66 261 261 261 261 66 66 66 66 261 261 261 261 66 261 261 66 66 261 66 66 261 261 261 261 261 261 66 261 261 66 66 66 261 66 261 261 261 66 261 66 261 261 66 261 261 66 66 261 261 261 261 261 66 66 261 261 66 66 66 66 66 261 66 66 66 66 261 261 66 261 66 261 66 66 261 66 261 261 66 66 261 66 66 261 261 66 66 66 261 261 261 261 261 261 66 66 261 261 66 261 261 66 261 66 261 66 66 66 261 66 261 66 66 66 66 66 66 66 66 261 66 261 261 261 261 66 261 66 66 66 66 261 66 66 261 66 66 66 261 261 261 66 261 66 66 66 66 261 66 261 261 261 66 66 66 261 261 261 66 66 261 66 261 66 66 261 66 261 261 261 261 66 66 66 261 66 66 66 66 261 261 261 66 66 66 66 261 66 66 261 261 261 261 66 261 261 66 66 261 66 66 66 261 66 66 261 66 261 261 261 261 66 66 66 66 66 261 261 66 66 261 66 261 261 261 261 66 261 261 66 66 261 66 261 66 261 261 66 66 261 66 66 66 66 261 66 66 66 66 261 66 261 66 261 66 66 261 66 261 261 261 261 261 261 66 261 261 261 261 261 261 261 66 261 66 261 66 66 66 261 66 66 261 261 261 66 261 66 66 261 261 66 66 66 261 66 66 66 66 1 261 261 
c [Signal] Signal interruption. Caught signal: SIGTERM (15).
c [Label = 262] Encoding starts with target value = 195:
c [Label = 262] Encoding duration: 1832ms.
c [Label = 262] Number of clauses: 966496.
c [Label = 262] Number of variables: 285132.
c [Label = 262] Solving duration: 17 ms.
s [Label = 262] SAT (w = 195).
c [Label = 262] Label assignment: 67 67 262 262 262 67 67 67 67 67 262 67 67 262 67 67 67 262 262 262 67 262 262 67 262 262 67 67 67 262 262 262 262 262 67 67 262 67 262 67 67 262 67 262 262 262 262 262 262 262 262 262 67 67 262 67 67 262 262 262 262 262 262 262 262 67 262 67 262 67 262 67 67 67 67 67 67 262 67 67 262 262 67 262 67 67 262 67 67 67 67 67 262 262 67 262 67 262 262 262 262 67 67 262 262 262 262 67 262 67 262 67 67 67 67 262 262 262 262 262 67 262 262 262 262 262 262 67 262 262 67 262 262 262 262 67 67 262 67 262 262 262 67 67 67 67 67 67 262 67 67 262 67 67 262 262 262 262 67 67 67 67 262 67 262 262 67 262 67 67 67 67 262 262 67 262 262 262 67 67 67 67 67 67 67 262 262 262 262 67 67 262 67 262 262 262 67 67 67 262 67 67 67 262 262 262 67 67 262 67 67 262 67 262 67 67 262 67 262 262 262 262 67 67 67 262 67 262 262 67 262 67 67 262 262 262 262 67 67 67 262 262 67 67 262 262 262 262 67 67 67 67 262 262 262 262 67 262 262 67 67 262 67 67 262 262 262 262 262 262 67 262 262 67 67 67 262 67 262 262 262 67 262 67 262 262 67 262 262 67 67 262 262 262 262 262 67 67 262 262 67 67 67 67 67 262 67 67 67 67 262 262 67 262 67 262 67 67 262 67 262 262 67 67 262 67 67 262 262 67 67 67 262 262 262 262 262 262 67 67 262 262 67 262 262 67 262 67 262 67 67 67 262 67 262 67 67 67 67 67 67 67 67 262 67 262 262 262 262 67 262 67 67 67 67 262 67 67 262 67 67 67 262 262 262 67 262 67 67 67 67 262 67 262 262 262 67 67 67 262 262 262 67 67 262 67 262 67 67 262 67 262 262 262 262 67 67 67 262 67 67 67 67 262 262 262 67 67 67 67 262 67 67 262 262 262 262 67 262 262 67 67 262 67 67 67 262 67 67 262 67 262 262 262 262 67 67 67 67 67 262 262 67 67 262 67 262 262 262 262 67 262 262 67 67 262 67 262 67 262 262 67 67 262 67 67 67 67 262 67 67 67 67 262 67 262 67 262 67 67 262 67 262 262 262 262 262 262 67 262 262 262 262 262 262 262 67 262 67 262 67 67 67 262 67 67 262 262 262 67 262 67 67 262 262 67 67 67 262 67 67 67 67 1 262 262 
c [Signal] Signal interruption. Caught signal: SIGTERM (15).
c [Label = 263] Encoding starts with target value = 195:
c [Label = 263] Encoding duration: 1987ms.
c [Label = 263] Number of clauses: 974590.
c [Label = 263] Number of variables: 286224.
c [Label = 263] Solving duration: 21 ms.
s [Label = 263] SAT (w = 195).
c [Label = 263] Label assignment: 68 68 263 263 263 68 68 68 68 68 263 68 68 263 68 68 68 263 263 263 68 263 263 68 263 263 68 68 68 263 263 263 263 263 68 68 263 68 263 68 68 263 68 263 263 263 263 263 263 263 263 263 68 68 263 68 68 263 263 263 263 263 263 263 263 68 263 68 263 68 263 68 68 68 68 68 68 263 68 68 263 263 68 263 68 68 263 68 68 68 68 68 263 263 68 263 68 263 263 263 263 68 68 263 263 263 263 68 263 68 263 68 68 68 68 263 263 263 263 263 68 263 263 263 263 263 263 68 263 263 68 263 263 263 263 68 68 263 68 263 263 263 68 68 68 68 68 68 263 68 68 263 68 68 263 263 263 263 68 68 68 68 263 68 263 263 68 263 68 68 68 68 263 263 68 263 263 263 68 68 68 68 68 68 68 263 263 263 263 68 68 263 68 263 263 263 68 68 68 263 68 68 68 263 263 263 68 68 263 68 68 263 68 263 68 68 263 68 263 263 263 263 68 68 68 263 68 263 263 68 263 68 68 263 263 263 263 68 68 68 263 263 68 68 263 263 263 263 68 68 68 68 263 263 263 263 68 263 263 68 68 263 68 68 263 263 263 263 263 263 68 263 263 68 68 68 263 68 263 263 263 68 263 68 263 263 68 263 263 68 68 263 263 263 263 263 68 68 263 263 68 68 68 68 68 263 68 68 68 68 263 263 68 263 68 263 68 68 263 68 263 263 68 68 263 68 68 263 263 68 68 68 263 263 263 263 263 263 68 68 263 263 68 263 263 68 263 68 263 68 68 68 263 68 263 68 68 68 68 68 68 68 68 263 68 263 263 263 263 68 263 68 68 68 68 263 68 68 263 68 68 68 263 263 263 68 263 68 68 68 68 263 68 263 263 263 68 68 68 263 263 263 68 68 263 68 263 68 68 263 68 263 263 263 263 68 68 68 263 68 68 68 68 263 263 263 68 68 68 68 263 68 68 263 263 263 263 68 263 263 68 68 263 68 68 68 263 68 68 263 68 263 263 263 263 68 68 68 68 68 263 263 68 68 263 68 263 263 263 263 68 263 263 68 68 263 68 263 68 263 263 68 68 263 68 68 68 68 263 68 68 68 68 263 68 263 68 263 68 68 263 68 263 263 263 263 263 263 68 263 263 263 263 263 263 263 68 263 68 263 68 68 68 263 68 68 263 263 263 68 263 68 68 263 263 68 68 68 263 68 68 68 68 1 263 263 
c [Signal] Signal interruption. Caught signal: SIGTERM (15).
c [Main] Lowest label SAT is set to 258.
c [Main] Kill higher label pid 259.
c [Main] Kill higher label pid 260.
c [Main] Kill higher label pid 261.
c [Main] Kill higher label pid 262.
c [Main] Kill higher label pid 263.
c [Main] Kill higher label pid 264.
c [Main] Kill higher label pid 265.
c [Label = 264] Encoding starts with target value = 195:
c [Label = 264] Encoding duration: 1882ms.
c [Label = 264] Number of clauses: 982685.
c [Label = 264] Number of variables: 287316.
c [Label = 264] Solving duration: 19 ms.
s [Label = 264] SAT (w = 195).
c [Label = 264] Label assignment: 69 69 264 264 264 69 69 69 69 69 264 69 69 264 69 69 69 264 264 264 69 264 264 69 264 264 69 69 69 264 264 264 264 264 69 69 264 69 264 69 69 264 69 264 264 264 264 264 264 264 264 264 69 69 264 69 69 264 264 264 264 264 264 264 264 69 264 69 264 69 264 69 69 69 69 69 69 264 69 69 264 264 69 264 69 69 264 69 69 69 69 69 264 264 69 264 69 264 264 264 264 69 69 264 264 264 264 69 264 69 264 69 69 69 69 264 264 264 264 264 69 264 264 264 264 264 264 69 264 264 69 264 264 264 264 69 69 264 69 264 264 264 69 69 69 69 69 69 264 69 69 264 69 69 264 264 264 264 69 69 69 69 264 69 264 264 69 264 69 69 69 69 264 264 69 264 264 264 69 69 69 69 69 69 69 264 264 264 264 69 69 264 69 264 264 264 69 69 69 264 69 69 69 264 264 264 69 69 264 69 69 264 69 264 69 69 264 69 264 264 264 264 69 69 69 264 69 264 264 69 264 69 69 264 264 264 264 69 69 69 264 264 69 69 264 264 264 264 69 69 69 69 264 264 264 264 69 264 264 69 69 264 69 69 264 264 264 264 264 264 69 264 264 69 69 69 264 69 264 264 264 69 264 69 264 264 69 264 264 69 69 264 264 264 264 264 69 69 264 264 69 69 69 69 69 264 69 69 69 69 264 264 69 264 69 264 69 69 264 69 264 264 69 69 264 69 69 264 264 69 69 69 264 264 264 264 264 264 69 69 264 264 69 264 264 69 264 69 264 69 69 69 264 69 264 69 69 69 69 69 69 69 69 264 69 264 264 264 264 69 264 69 69 69 69 264 69 69 264 69 69 69 264 264 264 69 264 69 69 69 69 264 69 264 264 264 69 69 69 264 264 264 69 69 264 69 264 69 69 264 69 264 264 264 264 69 69 69 264 69 69 69 69 264 264 264 69 69 69 69 264 69 69 264 264 264 264 69 264 264 69 69 264 69 69 69 264 69 69 264 69 264 264 264 264 69 69 69 69 69 264 264 69 69 264 69 264 264 264 264 69 264 264 69 69 264 69 264 69 264 264 69 69 264 69 69 69 69 264 69 69 69 69 264 69 264 69 264 69 69 264 69 264 264 264 264 264 264 69 264 264 264 264 264 264 264 69 264 69 264 69 69 69 264 69 69 264 264 264 69 264 69 69 264 264 69 69 69 264 69 69 69 69 1 264 264 
c [Signal] Signal interruption. Caught signal: SIGTERM (15).
c [Label = 265] Encoding starts with target value = 195:
c [Label = 265] Encoding duration: 1893ms.
c [Label = 265] Number of clauses: 990779.
c [Label = 265] Number of variables: 288408.
c [Label = 265] Solving duration: 17 ms.
s [Label = 265] SAT (w = 195).
c [Label = 265] Label assignment: 70 70 265 265 265 70 70 70 70 70 265 70 70 265 70 70 70 265 265 265 70 265 265 70 265 265 70 70 70 265 265 265 265 265 70 70 265 70 265 70 70 265 70 265 265 265 265 265 265 265 265 265 70 70 265 70 70 265 265 265 265 265 265 265 265 70 265 70 265 70 265 70 70 70 70 70 70 265 70 70 265 265 70 265 70 70 265 70 70 70 70 70 265 265 70 265 70 265 265 265 265 70 70 265 265 265 265 70 265 70 265 70 70 70 70 265 265 265 265 265 70 265 265 265 265 265 265 70 265 265 70 265 265 265 265 70 70 265 70 265 265 265 70 70 70 70 70 70 265 70 70 265 70 70 265 265 265 265 70 70 70 70 265 70 265 265 70 265 70 70 70 70 265 265 70 265 265 265 70 70 70 70 70 70 70 265 265 265 265 70 70 265 70 265 265 265 70 70 70 265 70 70 70 265 265 265 70 70 265 70 70 265 70 265 70 70 265 70 265 265 265 265 70 70 70 265 70 265 265 70 265 70 70 265 265 265 265 70 70 70 265 265 70 70 265 265 265 265 70 70 70 70 265 265 265 265 70 265 265 70 70 265 70 70 265 265 265 265 265 265 70 265 265 70 70 70 265 70 265 265 265 70 265 70 265 265 70 265 265 70 70 265 265 265 265 265 70 70 265 265 70 70 70 70 70 265 70 70 70 70 265 265 70 265 70 265 70 70 265 70 265 265 70 70 265 70 70 265 265 70 70 70 265 265 265 265 265 265 70 70 265 265 70 265 265 70 265 70 265 70 70 70 265 70 265 70 70 70 70 70 70 70 70 265 70 265 265 265 265 70 265 70 70 70 70 265 70 70 265 70 70 70 265 265 265 70 265 70 70 70 70 265 70 265 265 265 70 70 70 265 265 265 70 70 265 70 265 70 70 265 70 265 265 265 265 70 70 70 265 70 70 70 70 265 265 265 70 70 70 70 265 70 70 265 265 265 265 70 265 265 70 70 265 70 70 70 265 70 70 265 70 265 265 265 265 70 70 70 70 70 265 265 70 70 265 70 265 265 265 265 70 265 265 70 70 265 70 265 70 265 265 70 70 265 70 70 70 70 265 70 70 70 70 265 70 265 70 265 70 70 265 70 265 265 265 265 265 265 70 265 265 265 265 265 265 265 70 265 70 265 70 70 70 265 70 70 265 265 265 70 265 70 70 265 265 70 70 70 265 70 70 70 70 1 265 265 
c [Signal] Signal interruption. Caught signal: SIGTERM (15).
c [Label = 257] Minimize Makespan Labeling problem (S-sherman4.mtx.rnd):
c [Main] Kill higher label pid 261.
c [Main] Kill higher label pid 262.
c [Main] Kill higher label pid 263.
c [Main] Kill higher label pid 264.
c [Main] Kill higher label pid 265.
c [Main] Kill higher label pid 261.
c [Main] Kill higher label pid 262.
c [Main] Kill higher label pid 263.
c [Main] Kill higher label pid 264.
c [Main] Kill higher label pid 265.
c [Label = 256] Minimize Makespan Labeling problem (S-sherman4.mtx.rnd):
c [Main] Child pid 262 - 60272 terminated by signal 15.
c [Label = 254] Minimize Makespan Labeling problem (S-sherman4.mtx.rnd):
c [Main] Child pid 263 - 60271 terminated by signal 15.
c [Main] Child pid 261 - 60273 terminated by signal 15.
c [Label = 253] Minimize Makespan Labeling problem (S-sherman4.mtx.rnd):
c [Main] Child pid 265 - 60269 terminated by signal 15.
c [Main] Child pid 264 - 60270 terminated by signal 15.
c [Label = 255] Minimize Makespan Labeling problem (S-sherman4.mtx.rnd):
c [Label = 251] Minimize Makespan Labeling problem (S-sherman4.mtx.rnd):
c [Label = 250] Minimize Makespan Labeling problem (S-sherman4.mtx.rnd):
c [Label = 252] Minimize Makespan Labeling problem (S-sherman4.mtx.rnd):
c [Label = 251] Encoding starts with target value = 195:
c [Label = 251] Encoding duration: 1689ms.
c [Label = 251] Number of clauses: 877456.
c [Label = 251] Number of variables: 273120.
c [Label = 251] Solving duration: 15 ms.
s [Label = 251] SAT (w = 195).
c [Label = 251] Label assignment: 56 56 251 251 251 56 56 56 56 56 251 56 56 251 56 56 56 251 251 251 56 251 251 56 251 251 56 56 56 251 251 251 251 251 56 56 251 56 251 56 56 251 56 251 251 251 251 251 251 251 251 251 56 56 251 56 56 251 251 251 251 251 251 251 251 56 251 56 251 56 251 56 56 56 56 56 56 251 56 56 251 251 56 251 56 56 251 56 56 56 56 56 251 251 56 251 56 251 251 251 251 56 56 251 251 251 251 56 251 56 251 56 56 56 56 251 251 251 251 251 56 251 251 251 251 251 251 56 251 251 56 251 251 251 251 56 56 251 56 251 251 251 56 56 56 56 56 56 251 56 56 251 56 56 251 251 251 251 56 56 56 56 251 56 251 251 56 251 56 56 56 56 251 251 56 251 251 251 56 56 56 56 56 56 56 251 251 251 251 56 56 251 56 251 251 251 56 56 56 251 56 56 56 251 251 251 56 56 251 56 56 251 56 251 56 56 251 56 251 251 251 251 56 56 56 251 56 251 251 56 251 56 56 251 251 251 251 56 56 56 251 251 56 56 251 251 251 251 56 56 56 56 251 251 251 251 56 251 251 56 56 251 56 56 251 251 251 251 251 251 56 251 251 56 56 56 251 56 251 251 251 56 251 56 251 251 56 251 251 56 56 251 251 251 251 251 56 56 251 251 56 56 56 56 56 251 56 56 56 56 251 251 56 251 56 251 56 56 251 56 251 251 56 56 251 56 56 251 251 56 56 56 251 251 251 251 251 251 56 56 251 251 56 251 251 56 251 56 251 56 56 56 251 56 251 56 56 56 56 56 56 56 56 251 56 251 251 251 251 56 251 56 56 56 56 251 56 56 251 56 56 56 251 251 251 56 251 56 56 56 56 251 56 251 251 251 56 56 56 251 251 251 56 56 251 56 251 56 56 251 56 251 251 251 251 56 56 56 251 56 56 56 56 251 251 251 56 56 56 56 251 56 56 251 251 251 251 56 251 251 56 56 251 56 56 56 251 56 56 251 56 251 251 251 251 56 56 56 56 56 251 251 56 56 251 56 251 251 251 251 56 251 251 56 56 251 56 251 56 251 251 56 56 251 56 56 56 56 251 56 56 56 56 251 56 251 56 251 56 56 251 56 251 251 251 251 251 251 56 251 251 251 251 251 251 251 56 251 56 251 56 56 56 251 56 56 251 251 251 56 251 56 56 251 251 56 56 56 251 56 56 56 56 1 251 251 
c [Label = 254] Encoding starts with target value = 195:
c [Label = 254] Encoding duration: 1715ms.
c [Label = 254] Number of clauses: 901740.
c [Label = 254] Number of variables: 276396.
c [Label = 254] Solving duration: 18 ms.
s [Label = 254] SAT (w = 195).
c [Label = 254] Label assignment: 59 59 254 254 254 59 59 59 59 59 254 59 59 254 59 59 59 254 254 254 59 254 254 59 254 254 59 59 59 254 254 254 254 254 59 59 254 59 254 59 59 254 59 254 254 254 254 254 254 254 254 254 59 59 254 59 59 254 254 254 254 254 254 254 254 59 254 59 254 59 254 59 59 59 59 59 59 254 59 59 254 254 59 254 59 59 254 59 59 59 59 59 254 254 59 254 59 254 254 254 254 59 59 254 254 254 254 59 254 59 254 59 59 59 59 254 254 254 254 254 59 254 254 254 254 254 254 59 254 254 59 254 254 254 254 59 59 254 59 254 254 254 59 59 59 59 59 59 254 59 59 254 59 59 254 254 254 254 59 59 59 59 254 59 254 254 59 254 59 59 59 59 254 254 59 254 254 254 59 59 59 59 59 59 59 254 254 254 254 59 59 254 59 254 254 254 59 59 59 254 59 59 59 254 254 254 59 59 254 59 59 254 59 254 59 59 254 59 254 254 254 254 59 59 59 254 59 254 254 59 254 59 59 254 254 254 254 59 59 59 254 254 59 59 254 254 254 254 59 59 59 59 254 254 254 254 59 254 254 59 59 254 59 59 254 254 254 254 254 254 59 254 254 59 59 59 254 59 254 254 254 59 254 59 254 254 59 254 254 59 59 254 254 254 254 254 59 59 254 254 59 59 59 59 59 254 59 59 59 59 254 254 59 254 59 254 59 59 254 59 254 254 59 59 254 59 59 254 254 59 59 59 254 254 254 254 254 254 59 59 254 254 59 254 254 59 254 59 254 59 59 59 254 59 254 59 59 59 59 59 59 59 59 254 59 254 254 254 254 59 254 59 59 59 59 254 59 59 254 59 59 59 254 254 254 59 254 59 59 59 59 254 59 254 254 254 59 59 59 254 254 254 59 59 254 59 254 59 59 254 59 254 254 254 254 59 59 59 254 59 59 59 59 254 254 254 59 59 59 59 254 59 59 254 254 254 254 59 254 254 59 59 254 59 59 59 254 59 59 254 59 254 254 254 254 59 59 59 59 59 254 254 59 59 254 59 254 254 254 254 59 254 254 59 59 254 59 254 59 254 254 59 59 254 59 59 59 59 254 59 59 59 59 254 59 254 59 254 59 59 254 59 254 254 254 254 254 254 59 254 254 254 254 254 254 254 59 254 59 254 59 59 59 254 59 59 254 254 254 59 254 59 59 254 254 59 59 59 254 59 59 59 59 1 254 254 
c [Label = 253] Encoding starts with target value = 195:
c [Label = 253] Encoding duration: 1704ms.
c [Label = 253] Number of clauses: 893645.
c [Label = 253] Number of variables: 275304.
c [Label = 253] Solving duration: 16 ms.
s [Label = 253] SAT (w = 195).
c [Label = 253] Label assignment: 58 58 253 253 253 58 58 58 58 58 253 58 58 253 58 58 58 253 253 253 58 253 253 58 253 253 58 58 58 253 253 253 253 253 58 58 253 58 253 58 58 253 58 253 253 253 253 253 253 253 253 253 58 58 253 58 58 253 253 253 253 253 253 253 253 58 253 58 253 58 253 58 58 58 58 58 58 253 58 58 253 253 58 253 58 58 253 58 58 58 58 58 253 253 58 253 58 253 253 253 253 58 58 253 253 253 253 58 253 58 253 58 58 58 58 253 253 253 253 253 58 253 253 253 253 253 253 58 253 253 58 253 253 253 253 58 58 253 58 253 253 253 58 58 58 58 58 58 253 58 58 253 58 58 253 253 253 253 58 58 58 58 253 58 253 253 58 253 58 58 58 58 253 253 58 253 253 253 58 58 58 58 58 58 58 253 253 253 253 58 58 253 58 253 253 253 58 58 58 253 58 58 58 253 253 253 58 58 253 58 58 253 58 253 58 58 253 58 253 253 253 253 58 58 58 253 58 253 253 58 253 58 58 253 253 253 253 58 58 58 253 253 58 58 253 253 253 253 58 58 58 58 253 253 253 253 58 253 253 58 58 253 58 58 253 253 253 253 253 253 58 253 253 58 58 58 253 58 253 253 253 58 253 58 253 253 58 253 253 58 58 253 253 253 253 253 58 58 253 253 58 58 58 58 58 253 58 58 58 58 253 253 58 253 58 253 58 58 253 58 253 253 58 58 253 58 58 253 253 58 58 58 253 253 253 253 253 253 58 58 253 253 58 253 253 58 253 58 253 58 58 58 253 58 253 58 58 58 58 58 58 58 58 253 58 253 253 253 253 58 253 58 58 58 58 253 58 58 253 58 58 58 253 253 253 58 253 58 58 58 58 253 58 253 253 253 58 58 58 253 253 253 58 58 253 58 253 58 58 253 58 253 253 253 253 58 58 58 253 58 58 58 58 253 253 253 58 58 58 58 253 58 58 253 253 253 253 58 253 253 58 58 253 58 58 58 253 58 58 253 58 253 253 253 253 58 58 58 58 58 253 253 58 58 253 58 253 253 253 253 58 253 253 58 58 253 58 253 58 253 253 58 58 253 58 58 58 58 253 58 58 58 58 253 58 253 58 253 58 58 253 58 253 253 253 253 253 253 58 253 253 253 253 253 253 253 58 253 58 253 58 58 58 253 58 58 253 253 253 58 253 58 58 253 253 58 58 58 253 58 58 58 58 1 253 253 
c [Main] Lowest label SAT is set to 251.
c [Main] Kill higher label pid 253.
c [Main] Kill higher label pid 254.
c [Main] Kill higher label pid 255.
c [Main] Kill higher label pid 256.
c [Main] Kill higher label pid 257.
c [Main] Kill higher label pid 252.
c [Label = 256] Encoding starts with target value = 195:
c [Label = 256] Encoding duration: 1747ms.
c [Label = 256] Number of clauses: 917929.
c [Label = 256] Number of variables: 278580.
c [Label = 256] Solving duration: 15 ms.
s [Label = 256] SAT (w = 195).
c [Label = 256] Label assignment: 61 61 256 256 256 61 61 61 61 61 256 61 61 256 61 61 61 256 256 256 61 256 256 61 256 256 61 61 61 256 256 256 256 256 61 61 256 61 256 61 61 256 61 256 256 256 256 256 256 256 256 256 61 61 256 61 61 256 256 256 256 256 256 256 256 61 256 61 256 61 256 61 61 61 61 61 61 256 61 61 256 256 61 256 61 61 256 61 61 61 61 61 256 256 61 256 61 256 256 256 256 61 61 256 256 256 256 61 256 61 256 61 61 61 61 256 256 256 256 256 61 256 256 256 256 256 256 61 256 256 61 256 256 256 256 61 61 256 61 256 256 256 61 61 61 61 61 61 256 61 61 256 61 61 256 256 256 256 61 61 61 61 256 61 256 256 61 256 61 61 61 61 256 256 61 256 256 256 61 61 61 61 61 61 61 256 256 256 256 61 61 256 61 256 256 256 61 61 61 256 61 61 61 256 256 256 61 61 256 61 61 256 61 256 61 61 256 61 256 256 256 256 61 61 61 256 61 256 256 61 256 61 61 256 256 256 256 61 61 61 256 256 61 61 256 256 256 256 61 61 61 61 256 256 256 256 61 256 256 61 61 256 61 61 256 256 256 256 256 256 61 256 256 61 61 61 256 61 256 256 256 61 256 61 256 256 61 256 256 61 61 256 256 256 256 256 61 61 256 256 61 61 61 61 61 256 61 61 61 61 256 256 61 256 61 256 61 61 256 61 256 256 61 61 256 61 61 256 256 61 61 61 256 256 256 256 256 256 61 61 256 256 61 256 256 61 256 61 256 61 61 61 256 61 256 61 61 61 61 61 61 61 61 256 61 256 256 256 256 61 256 61 61 61 61 256 61 61 256 61 61 61 256 256 256 61 256 61 61 61 61 256 61 256 256 256 61 61 61 256 256 256 61 61 256 61 256 61 61 256 61 256 256 256 256 61 61 61 256 61 61 61 61 256 256 256 61 61 61 61 256 61 61 256 256 256 256 61 256 256 61 61 256 61 61 61 256 61 61 256 61 256 256 256 256 61 61 61 61 61 256 256 61 61 256 61 256 256 256 256 61 256 256 61 61 256 61 256 61 256 256 61 61 256 61 61 61 61 256 61 61 61 61 256 61 256 61 256 61 61 256 61 256 256 256 256 256 256 61 256 256 256 256 256 256 256 61 256 61 256 61 61 61 256 61 61 256 256 256 61 256 61 61 256 256 61 61 61 256 61 61 61 61 1 256 256 
c [Signal] Signal interruption. Caught signal: SIGTERM (15).
c [Label = 255] Encoding starts with target value = 195:
c [Label = 255] Encoding duration: 1894ms.
c [Label = 255] Number of clauses: 909834.
c [Label = 255] Number of variables: 277488.
c [Label = 255] Solving duration: 19 ms.
s [Label = 255] SAT (w = 195).
c [Label = 255] Label assignment: 60 60 255 255 255 60 60 60 60 60 255 60 60 255 60 60 60 255 255 255 60 255 255 60 255 255 60 60 60 255 255 255 255 255 60 60 255 60 255 60 60 255 60 255 255 255 255 255 255 255 255 255 60 60 255 60 60 255 255 255 255 255 255 255 255 60 255 60 255 60 255 60 60 60 60 60 60 255 60 60 255 255 60 255 60 60 255 60 60 60 60 60 255 255 60 255 60 255 255 255 255 60 60 255 255 255 255 60 255 60 255 60 60 60 60 255 255 255 255 255 60 255 255 255 255 255 255 60 255 255 60 255 255 255 255 60 60 255 60 255 255 255 60 60 60 60 60 60 255 60 60 255 60 60 255 255 255 255 60 60 60 60 255 60 255 255 60 255 60 60 60 60 255 255 60 255 255 255 60 60 60 60 60 60 60 255 255 255 255 60 60 255 60 255 255 255 60 60 60 255 60 60 60 255 255 255 60 60 255 60 60 255 60 255 60 60 255 60 255 255 255 255 60 60 60 255 60 255 255 60 255 60 60 255 255 255 255 60 60 60 255 255 60 60 255 255 255 255 60 60 60 60 255 255 255 255 60 255 255 60 60 255 60 60 255 255 255 255 255 255 60 255 255 60 60 60 255 60 255 255 255 60 255 60 255 255 60 255 255 60 60 255 255 255 255 255 60 60 255 255 60 60 60 60 60 255 60 60 60 60 255 255 60 255 60 255 60 60 255 60 255 255 60 60 255 60 60 255 255 60 60 60 255 255 255 255 255 255 60 60 255 255 60 255 255 60 255 60 255 60 60 60 255 60 255 60 60 60 60 60 60 60 60 255 60 255 255 255 255 60 255 60 60 60 60 255 60 60 255 60 60 60 255 255 255 60 255 60 60 60 60 255 60 255 255 255 60 60 60 255 255 255 60 60 255 60 255 60 60 255 60 255 255 255 255 60 60 60 255 60 60 60 60 255 255 255 60 60 60 60 255 60 60 255 255 255 255 60 255 255 60 60 255 60 60 60 255 60 60 255 60 255 255 255 255 60 60 60 60 60 255 255 60 60 255 60 255 255 255 255 60 255 255 60 60 255 60 255 60 255 255 60 60 255 60 60 60 60 255 60 60 60 60 255 60 255 60 255 60 60 255 60 255 255 255 255 255 255 60 255 255 255 255 255 255 255 60 255 60 255 60 60 60 255 60 60 255 255 255 60 255 60 60 255 255 60 60 60 255 60 60 60 60 1 255 255 
c [Signal] Signal interruption. Caught signal: SIGTERM (15).
c [Label = 252] Encoding starts with target value = 195:
c [Label = 252] Encoding duration: 1707ms.
c [Label = 252] Number of clauses: 885551.
c [Label = 252] Number of variables: 274212.
c [Label = 252] Solving duration: 16 ms.
s [Label = 252] SAT (w = 195).
c [Label = 252] Label assignment: 57 57 252 252 252 57 57 57 57 57 252 57 57 252 57 57 57 252 252 252 57 252 252 57 252 252 57 57 57 252 252 252 252 252 57 57 252 57 252 57 57 252 57 252 252 252 252 252 252 252 252 252 57 57 252 57 57 252 252 252 252 252 252 252 252 57 252 57 252 57 252 57 57 57 57 57 57 252 57 57 252 252 57 252 57 57 252 57 57 57 57 57 252 252 57 252 57 252 252 252 252 57 57 252 252 252 252 57 252 57 252 57 57 57 57 252 252 252 252 252 57 252 252 252 252 252 252 57 252 252 57 252 252 252 252 57 57 252 57 252 252 252 57 57 57 57 57 57 252 57 57 252 57 57 252 252 252 252 57 57 57 57 252 57 252 252 57 252 57 57 57 57 252 252 57 252 252 252 57 57 57 57 57 57 57 252 252 252 252 57 57 252 57 252 252 252 57 57 57 252 57 57 57 252 252 252 57 57 252 57 57 252 57 252 57 57 252 57 252 252 252 252 57 57 57 252 57 252 252 57 252 57 57 252 252 252 252 57 57 57 252 252 57 57 252 252 252 252 57 57 57 57 252 252 252 252 57 252 252 57 57 252 57 57 252 252 252 252 252 252 57 252 252 57 57 57 252 57 252 252 252 57 252 57 252 252 57 252 252 57 57 252 252 252 252 252 57 57 252 252 57 57 57 57 57 252 57 57 57 57 252 252 57 252 57 252 57 57 252 57 252 252 57 57 252 57 57 252 252 57 57 57 252 252 252 252 252 252 57 57 252 252 57 252 252 57 252 57 252 57 57 57 252 57 252 57 57 57 57 57 57 57 57 252 57 252 252 252 252 57 252 57 57 57 57 252 57 57 252 57 57 57 252 252 252 57 252 57 57 57 57 252 57 252 252 252 57 57 57 252 252 252 57 57 252 57 252 57 57 252 57 252 252 252 252 57 57 57 252 57 57 57 57 252 252 252 57 57 57 57 252 57 57 252 252 252 252 57 252 252 57 57 252 57 57 57 252 57 57 252 57 252 252 252 252 57 57 57 57 57 252 252 57 57 252 57 252 252 252 252 57 252 252 57 57 252 57 252 57 252 252 57 57 252 57 57 57 57 252 57 57 57 57 252 57 252 57 252 57 57 252 57 252 252 252 252 252 252 57 252 252 252 252 252 252 252 57 252 57 252 57 57 57 252 57 57 252 252 252 57 252 57 57 252 252 57 57 57 252 57 57 57 57 1 252 252 
c [Signal] Signal interruption. Caught signal: SIGTERM (15).
c [Label = 257] Encoding starts with target value = 195:
c [Label = 257] Encoding duration: 1831ms.
c [Label = 257] Number of clauses: 926023.
c [Label = 257] Number of variables: 279672.
c [Label = 257] Solving duration: 18 ms.
s [Label = 257] SAT (w = 195).
c [Label = 257] Label assignment: 62 62 257 257 257 62 62 62 62 62 257 62 62 257 62 62 62 257 257 257 62 257 257 62 257 257 62 62 62 257 257 257 257 257 62 62 257 62 257 62 62 257 62 257 257 257 257 257 257 257 257 257 62 62 257 62 62 257 257 257 257 257 257 257 257 62 257 62 257 62 257 62 62 62 62 62 62 257 62 62 257 257 62 257 62 62 257 62 62 62 62 62 257 257 62 257 62 257 257 257 257 62 62 257 257 257 257 62 257 62 257 62 62 62 62 257 257 257 257 257 62 257 257 257 257 257 257 62 257 257 62 257 257 257 257 62 62 257 62 257 257 257 62 62 62 62 62 62 257 62 62 257 62 62 257 257 257 257 62 62 62 62 257 62 257 257 62 257 62 62 62 62 257 257 62 257 257 257 62 62 62 62 62 62 62 257 257 257 257 62 62 257 62 257 257 257 62 62 62 257 62 62 62 257 257 257 62 62 257 62 62 257 62 257 62 62 257 62 257 257 257 257 62 62 62 257 62 257 257 62 257 62 62 257 257 257 257 62 62 62 257 257 62 62 257 257 257 257 62 62 62 62 257 257 257 257 62 257 257 62 62 257 62 62 257 257 257 257 257 257 62 257 257 62 62 62 257 62 257 257 257 62 257 62 257 257 62 257 257 62 62 257 257 257 257 257 62 62 257 257 62 62 62 62 62 257 62 62 62 62 257 257 62 257 62 257 62 62 257 62 257 257 62 62 257 62 62 257 257 62 62 62 257 257 257 257 257 257 62 62 257 257 62 257 257 62 257 62 257 62 62 62 257 62 257 62 62 62 62 62 62 62 62 257 62 257 257 257 257 62 257 62 62 62 62 257 62 62 257 62 62 62 257 257 257 62 257 62 62 62 62 257 62 257 257 257 62 62 62 257 257 257 62 62 257 62 257 62 62 257 62 257 257 257 257 62 62 62 257 62 62 62 62 257 257 257 62 62 62 62 257 62 62 257 257 257 257 62 257 257 62 62 257 62 62 62 257 62 62 257 62 257 257 257 257 62 62 62 62 62 257 257 62 62 257 62 257 257 257 257 62 257 257 62 62 257 62 257 62 257 257 62 62 257 62 62 62 62 257 62 62 62 62 257 62 257 62 257 62 62 257 62 257 257 257 257 257 257 62 257 257 257 257 257 257 257 62 257 62 257 62 62 62 257 62 62 257 257 257 62 257 62 62 257 257 62 62 62 257 62 62 62 62 1 257 257 
c [Signal] Signal interruption. Caught signal: SIGTERM (15).
c [Label = 249] Minimize Makespan Labeling problem (S-sherman4.mtx.rnd):
c [Main] Kill higher label pid 255.
c [Main] Kill higher label pid 256.
c [Main] Kill higher label pid 257.
c [Label = 248] Minimize Makespan Labeling problem (S-sherman4.mtx.rnd):
c [Main] Kill higher label pid 255.
c [Main] Kill higher label pid 256.
c [Main] Kill higher label pid 257.
c [Label = 247] Minimize Makespan Labeling problem (S-sherman4.mtx.rnd):
c [Main] Child pid 256 - 60278 terminated by signal 15.
c [Label = 246] Minimize Makespan Labeling problem (S-sherman4.mtx.rnd):
c [Main] Child pid 252 - 60282 terminated by signal 15.
c [Label = 245] Minimize Makespan Labeling problem (S-sherman4.mtx.rnd):
c [Main] Child pid 257 - 60277 terminated by signal 15.
c [Main] Child pid 255 - 60279 terminated by signal 15.
c [Label = 244] Minimize Makespan Labeling problem (S-sherman4.mtx.rnd):
c [Label = 243] Minimize Makespan Labeling problem (S-sherman4.mtx.rnd):
c [Label = 250] Encoding starts with target value = 195:
c [Label = 250] Encoding duration: 1891ms.
c [Label = 250] Number of clauses: 869362.
c [Label = 250] Number of variables: 272028.
c [Label = 250] Solving duration: 20 ms.
s [Label = 250] SAT (w = 195).
c [Label = 250] Label assignment: 55 55 250 250 250 55 55 55 55 55 250 55 55 250 55 55 55 250 250 250 55 250 250 55 250 250 55 55 55 250 250 250 250 250 55 55 250 55 250 55 55 250 55 250 250 250 250 250 250 250 250 250 55 55 250 55 55 250 250 250 250 250 250 250 250 55 250 55 250 55 250 55 55 55 55 55 55 250 55 55 250 250 55 250 55 55 250 55 55 55 55 55 250 250 55 250 55 250 250 250 250 55 55 250 250 250 250 55 250 55 250 55 55 55 55 250 250 250 250 250 55 250 250 250 250 250 250 55 250 250 55 250 250 250 250 55 55 250 55 250 250 250 55 55 55 55 55 55 250 55 55 250 55 55 250 250 250 250 55 55 55 55 250 55 250 250 55 250 55 55 55 55 250 250 55 250 250 250 55 55 55 55 55 55 55 250 250 250 250 55 55 250 55 250 250 250 55 55 55 250 55 55 55 250 250 250 55 55 250 55 55 250 55 250 55 55 250 55 250 250 250 250 55 55 55 250 55 250 250 55 250 55 55 250 250 250 250 55 55 55 250 250 55 55 250 250 250 250 55 55 55 55 250 250 250 250 55 250 250 55 55 250 55 55 250 250 250 250 250 250 55 250 250 55 55 55 250 55 250 250 250 55 250 55 250 250 55 250 250 55 55 250 250 250 250 250 55 55 250 250 55 55 55 55 55 250 55 55 55 55 250 250 55 250 55 250 55 55 250 55 250 250 55 55 250 55 55 250 250 55 55 55 250 250 250 250 250 250 55 55 250 250 55 250 250 55 250 55 250 55 55 55 250 55 250 55 55 55 55 55 55 55 55 250 55 250 250 250 250 55 250 55 55 55 55 250 55 55 250 55 55 55 250 250 250 55 250 55 55 55 55 250 55 250 250 250 55 55 55 250 250 250 55 55 250 55 250 55 55 250 55 250 250 250 250 55 55 55 250 55 55 55 55 250 250 250 55 55 55 55 250 55 55 250 250 250 250 55 250 250 55 55 250 55 55 55 250 55 55 250 55 250 250 250 250 55 55 55 55 55 250 250 55 55 250 55 250 250 250 250 55 250 250 55 55 250 55 250 55 250 250 55 55 250 55 55 55 55 250 55 55 55 55 250 55 250 55 250 55 55 250 55 250 250 250 250 250 250 55 250 250 250 250 250 250 250 55 250 55 250 55 55 55 250 55 55 250 250 250 55 250 55 55 250 250 55 55 55 250 55 55 55 55 1 250 250 
c [Main] Lowest label SAT is set to 250.
c [Label = 242] Minimize Makespan Labeling problem (S-sherman4.mtx.rnd):
c [Label = 245] Encoding starts with target value = 195:
c [Label = 245] Encoding duration: 1589ms.
c [Label = 245] Number of clauses: 828889.
c [Label = 245] Number of variables: 266568.
c [Label = 245] Solving duration: 15 ms.
s [Label = 245] SAT (w = 195).
c [Label = 245] Label assignment: 50 50 245 245 245 50 50 50 50 50 245 50 50 245 50 50 50 245 245 245 50 245 245 50 245 245 50 50 50 245 245 245 245 245 50 50 245 50 245 50 50 245 50 245 245 245 245 245 245 245 245 245 50 50 245 50 50 245 245 245 245 245 245 245 245 50 245 50 245 50 245 50 50 50 50 50 50 245 50 50 245 245 50 245 50 50 245 50 50 50 50 50 245 245 50 245 50 245 245 245 245 50 50 245 245 245 245 50 245 50 245 50 50 50 50 245 245 245 245 245 50 245 245 245 245 245 245 50 245 245 50 245 245 245 245 50 50 245 50 245 245 245 50 50 50 50 50 50 245 50 50 245 50 50 245 245 245 245 50 50 50 50 245 50 245 245 50 245 50 50 50 50 245 245 50 245 245 245 50 50 50 50 50 50 50 245 245 245 245 50 50 245 50 245 245 245 50 50 50 245 50 50 50 245 245 245 50 50 245 50 50 245 50 245 50 50 245 50 245 245 245 245 50 50 50 245 50 245 245 50 245 50 50 245 245 245 245 50 50 50 245 245 50 50 245 245 245 245 50 50 50 50 245 245 245 245 50 245 245 50 50 245 50 50 245 245 245 245 245 245 50 245 245 50 50 50 245 50 245 245 245 50 245 50 245 245 50 245 245 50 50 245 245 245 245 245 50 50 245 245 50 50 50 50 50 245 50 50 50 50 245 245 50 245 50 245 50 50 245 50 245 245 50 50 245 50 50 245 245 50 50 50 245 245 245 245 245 245 50 50 245 245 50 245 245 50 245 50 245 50 50 50 245 50 245 50 50 50 50 50 50 50 50 245 50 245 245 245 245 50 245 50 50 50 50 245 50 50 245 50 50 50 245 245 245 50 245 50 50 50 50 245 50 245 245 245 50 50 50 245 245 245 50 50 245 50 245 50 50 245 50 245 245 245 245 50 50 50 245 50 50 50 50 245 245 245 50 50 50 50 245 50 50 245 245 245 245 50 245 245 50 50 245 50 50 50 245 50 50 245 50 245 245 245 245 50 50 50 50 50 245 245 50 50 245 50 245 245 245 245 50 245 245 50 50 245 50 245 50 245 245 50 50 245 50 50 50 50 245 50 50 50 50 245 50 245 50 245 50 50 245 50 245 245 245 245 245 245 50 245 245 245 245 245 245 245 50 245 50 245 50 50 50 245 50 50 245 245 245 50 245 50 50 245 245 50 50 50 245 50 50 50 50 1 245 245 
c [Label = 246] Encoding starts with target value = 195:
c [Label = 246] Encoding duration: 1603ms.
c [Label = 246] Number of clauses: 836984.
c [Label = 246] Number of variables: 267660.
c [Label = 246] Solving duration: 15 ms.
s [Label = 246] SAT (w = 195).
c [Label = 246] Label assignment: 51 51 246 246 246 51 51 51 51 51 246 51 51 246 51 51 51 246 246 246 51 246 246 51 246 246 51 51 51 246 246 246 246 246 51 51 246 51 246 51 51 246 51 246 246 246 246 246 246 246 246 246 51 51 246 51 51 246 246 246 246 246 246 246 246 51 246 51 246 51 246 51 51 51 51 51 51 246 51 51 246 246 51 246 51 51 246 51 51 51 51 51 246 246 51 246 51 246 246 246 246 51 51 246 246 246 246 51 246 51 246 51 51 51 51 246 246 246 246 246 51 246 246 246 246 246 246 51 246 246 51 246 246 246 246 51 51 246 51 246 246 246 51 51 51 51 51 51 246 51 51 246 51 51 246 246 246 246 51 51 51 51 246 51 246 246 51 246 51 51 51 51 246 246 51 246 246 246 51 51 51 51 51 51 51 246 246 246 246 51 51 246 51 246 246 246 51 51 51 246 51 51 51 246 246 246 51 51 246 51 51 246 51 246 51 51 246 51 246 246 246 246 51 51 51 246 51 246 246 51 246 51 51 246 246 246 246 51 51 51 246 246 51 51 246 246 246 246 51 51 51 51 246 246 246 246 51 246 246 51 51 246 51 51 246 246 246 246 246 246 51 246 246 51 51 51 246 51 246 246 246 51 246 51 246 246 51 246 246 51 51 246 246 246 246 246 51 51 246 246 51 51 51 51 51 246 51 51 51 51 246 246 51 246 51 246 51 51 246 51 246 246 51 51 246 51 51 246 246 51 51 51 246 246 246 246 246 246 51 51 246 246 51 246 246 51 246 51 246 51 51 51 246 51 246 51 51 51 51 51 51 51 51 246 51 246 246 246 246 51 246 51 51 51 51 246 51 51 246 51 51 51 246 246 246 51 246 51 51 51 51 246 51 246 246 246 51 51 51 246 246 246 51 51 246 51 246 51 51 246 51 246 246 246 246 51 51 51 246 51 51 51 51 246 246 246 51 51 51 51 246 51 51 246 246 246 246 51 246 246 51 51 246 51 51 51 246 51 51 246 51 246 246 246 246 51 51 51 51 51 246 246 51 51 246 51 246 246 246 246 51 246 246 51 51 246 51 246 51 246 246 51 51 246 51 51 51 51 246 51 51 51 51 246 51 246 51 246 51 51 246 51 246 246 246 246 246 246 51 246 246 246 246 246 246 246 51 246 51 246 51 51 51 246 51 51 246 246 246 51 246 51 51 246 246 51 51 51 246 51 51 51 51 1 246 246 
c [Label = 247] Encoding starts with target value = 195:
c [Label = 247] Encoding duration: 1618ms.
c [Label = 247] Number of clauses: 845078.
c [Label = 247] Number of variables: 268752.
c [Label = 247] Solving duration: 13 ms.
s [Label = 247] SAT (w = 195).
c [Label = 247] Label assignment: 52 52 247 247 247 52 52 52 52 52 247 52 52 247 52 52 52 247 247 247 52 247 247 52 247 247 52 52 52 247 247 247 247 247 52 52 247 52 247 52 52 247 52 247 247 247 247 247 247 247 247 247 52 52 247 52 52 247 247 247 247 247 247 247 247 52 247 52 247 52 247 52 52 52 52 52 52 247 52 52 247 247 52 247 52 52 247 52 52 52 52 52 247 247 52 247 52 247 247 247 247 52 52 247 247 247 247 52 247 52 247 52 52 52 52 247 247 247 247 247 52 247 247 247 247 247 247 52 247 247 52 247 247 247 247 52 52 247 52 247 247 247 52 52 52 52 52 52 247 52 52 247 52 52 247 247 247 247 52 52 52 52 247 52 247 247 52 247 52 52 52 52 247 247 52 247 247 247 52 52 52 52 52 52 52 247 247 247 247 52 52 247 52 247 247 247 52 52 52 247 52 52 52 247 247 247 52 52 247 52 52 247 52 247 52 52 247 52 247 247 247 247 52 52 52 247 52 247 247 52 247 52 52 247 247 247 247 52 52 52 247 247 52 52 247 247 247 247 52 52 52 52 247 247 247 247 52 247 247 52 52 247 52 52 247 247 247 247 247 247 52 247 247 52 52 52 247 52 247 247 247 52 247 52 247 247 52 247 247 52 52 247 247 247 247 247 52 52 247 247 52 52 52 52 52 247 52 52 52 52 247 247 52 247 52 247 52 52 247 52 247 247 52 52 247 52 52 247 247 52 52 52 247 247 247 247 247 247 52 52 247 247 52 247 247 52 247 52 247 52 52 52 247 52 247 52 52 52 52 52 52 52 52 247 52 247 247 247 247 52 247 52 52 52 52 247 52 52 247 52 52 52 247 247 247 52 247 52 52 52 52 247 52 247 247 247 52 52 52 247 247 247 52 52 247 52 247 52 52 247 52 247 247 247 247 52 52 52 247 52 52 52 52 247 247 247 52 52 52 52 247 52 52 247 247 247 247 52 247 247 52 52 247 52 52 52 247 52 52 247 52 247 247 247 247 52 52 52 52 52 247 247 52 52 247 52 247 247 247 247 52 247 247 52 52 247 52 247 52 247 247 52 52 247 52 52 52 52 247 52 52 52 52 247 52 247 52 247 52 52 247 52 247 247 247 247 247 247 52 247 247 247 247 247 247 247 52 247 52 247 52 52 52 247 52 52 247 247 247 52 247 52 52 247 247 52 52 52 247 52 52 52 52 1 247 247 
c [Signal] Signal interruption. Caught signal: SIGTERM (15).
c [Main] Lowest label SAT is set to 245.
c [Main] Kill higher label pid 246.
c [Main] Kill higher label pid 247.
c [Main] Kill higher label pid 248.
c [Main] Kill higher label pid 249.
c [Label = 248] Encoding starts with target value = 195:
c [Label = 248] Encoding duration: 1638ms.
c [Label = 248] Number of clauses: 853173.
c [Label = 248] Number of variables: 269844.
c [Label = 248] Solving duration: 13 ms.
s [Label = 248] SAT (w = 195).
c [Label = 248] Label assignment: 53 53 248 248 248 53 53 53 53 53 248 53 53 248 53 53 53 248 248 248 53 248 248 53 248 248 53 53 53 248 248 248 248 248 53 53 248 53 248 53 53 248 53 248 248 248 248 248 248 248 248 248 53 53 248 53 53 248 248 248 248 248 248 248 248 53 248 53 248 53 248 53 53 53 53 53 53 248 53 53 248 248 53 248 53 53 248 53 53 53 53 53 248 248 53 248 53 248 248 248 248 53 53 248 248 248 248 53 248 53 248 53 53 53 53 248 248 248 248 248 53 248 248 248 248 248 248 53 248 248 53 248 248 248 248 53 53 248 53 248 248 248 53 53 53 53 53 53 248 53 53 248 53 53 248 248 248 248 53 53 53 53 248 53 248 248 53 248 53 53 53 53 248 248 53 248 248 248 53 53 53 53 53 53 53 248 248 248 248 53 53 248 53 248 248 248 53 53 53 248 53 53 53 248 248 248 53 53 248 53 53 248 53 248 53 53 248 53 248 248 248 248 53 53 53 248 53 248 248 53 248 53 53 248 248 248 248 53 53 53 248 248 53 53 248 248 248 248 53 53 53 53 248 248 248 248 53 248 248 53 53 248 53 53 248 248 248 248 248 248 53 248 248 53 53 53 248 53 248 248 248 53 248 53 248 248 53 248 248 53 53 248 248 248 248 248 53 53 248 248 53 53 53 53 53 248 53 53 53 53 248 248 53 248 53 248 53 53 248 53 248 248 53 53 248 53 53 248 248 53 53 53 248 248 248 248 248 248 53 53 248 248 53 248 248 53 248 53 248 53 53 53 248 53 248 53 53 53 53 53 53 53 53 248 53 248 248 248 248 53 248 53 53 53 53 248 53 53 248 53 53 53 248 248 248 53 248 53 53 53 53 248 53 248 248 248 53 53 53 248 248 248 53 53 248 53 248 53 53 248 53 248 248 248 248 53 53 53 248 53 53 53 53 248 248 248 53 53 53 53 248 53 53 248 248 248 248 53 248 248 53 53 248 53 53 53 248 53 53 248 53 248 248 248 248 53 53 53 53 53 248 248 53 53 248 53 248 248 248 248 53 248 248 53 53 248 53 248 53 248 248 53 53 248 53 53 53 53 248 53 53 53 53 248 53 248 53 248 53 53 248 53 248 248 248 248 248 248 53 248 248 248 248 248 248 248 53 248 53 248 53 53 53 248 53 53 248 248 248 53 248 53 53 248 248 53 53 53 248 53 53 53 53 1 248 248 
c [Signal] Signal interruption. Caught signal: SIGTERM (15).
c [Label = 249] Encoding starts with target value = 195:
c [Label = 249] Encoding duration: 1693ms.
c [Label = 249] Number of clauses: 861267.
c [Label = 249] Number of variables: 270936.
c [Label = 249] Solving duration: 14 ms.
s [Label = 249] SAT (w = 195).
c [Label = 249] Label assignment: 54 54 249 249 249 54 54 54 54 54 249 54 54 249 54 54 54 249 249 249 54 249 249 54 249 249 54 54 54 249 249 249 249 249 54 54 249 54 249 54 54 249 54 249 249 249 249 249 249 249 249 249 54 54 249 54 54 249 249 249 249 249 249 249 249 54 249 54 249 54 249 54 54 54 54 54 54 249 54 54 249 249 54 249 54 54 249 54 54 54 54 54 249 249 54 249 54 249 249 249 249 54 54 249 249 249 249 54 249 54 249 54 54 54 54 249 249 249 249 249 54 249 249 249 249 249 249 54 249 249 54 249 249 249 249 54 54 249 54 249 249 249 54 54 54 54 54 54 249 54 54 249 54 54 249 249 249 249 54 54 54 54 249 54 249 249 54 249 54 54 54 54 249 249 54 249 249 249 54 54 54 54 54 54 54 249 249 249 249 54 54 249 54 249 249 249 54 54 54 249 54 54 54 249 249 249 54 54 249 54 54 249 54 249 54 54 249 54 249 249 249 249 54 54 54 249 54 249 249 54 249 54 54 249 249 249 249 54 54 54 249 249 54 54 249 249 249 249 54 54 54 54 249 249 249 249 54 249 249 54 54 249 54 54 249 249 249 249 249 249 54 249 249 54 54 54 249 54 249 249 249 54 249 54 249 249 54 249 249 54 54 249 249 249 249 249 54 54 249 249 54 54 54 54 54 249 54 54 54 54 249 249 54 249 54 249 54 54 249 54 249 249 54 54 249 54 54 249 249 54 54 54 249 249 249 249 249 249 54 54 249 249 54 249 249 54 249 54 249 54 54 54 249 54 249 54 54 54 54 54 54 54 54 249 54 249 249 249 249 54 249 54 54 54 54 249 54 54 249 54 54 54 249 249 249 54 249 54 54 54 54 249 54 249 249 249 54 54 54 249 249 249 54 54 249 54 249 54 54 249 54 249 249 249 249 54 54 54 249 54 54 54 54 249 249 249 54 54 54 54 249 54 54 249 249 249 249 54 249 249 54 54 249 54 54 54 249 54 54 249 54 249 249 249 249 54 54 54 54 54 249 249 54 54 249 54 249 249 249 249 54 249 249 54 54 249 54 249 54 249 249 54 54 249 54 54 54 54 249 54 54 54 54 249 54 249 54 249 54 54 249 54 249 249 249 249 249 249 54 249 249 249 249 249 249 249 54 249 54 249 54 54 54 249 54 54 249 249 249 54 249 54 54 249 249 54 54 54 249 54 54 54 54 1 249 249 
c [Signal] Signal interruption. Caught signal: SIGTERM (15).
c [Label = 241] Minimize Makespan Labeling problem (S-sherman4.mtx.rnd):
c [Label = 244] Encoding starts with target value = 195:
c [Label = 244] Encoding duration: 1604ms.
c [Label = 244] Number of clauses: 820795.
c [Label = 244] Number of variables: 265476.
c [Label = 244] Solving duration: 15 ms.
s [Label = 244] SAT (w = 195).
c [Label = 244] Label assignment: 49 49 244 244 244 49 49 49 49 49 244 49 49 244 49 49 49 244 244 244 49 244 244 49 244 244 49 49 49 244 244 244 244 244 49 49 244 49 244 49 49 244 49 244 244 244 244 244 244 244 244 244 49 49 244 49 49 244 244 244 244 244 244 244 244 49 244 49 244 49 244 49 49 49 49 49 49 244 49 49 244 244 49 244 49 49 244 49 49 49 49 49 244 244 49 244 49 244 244 244 244 49 49 244 244 244 244 49 244 49 244 49 49 49 49 244 244 244 244 244 49 244 244 244 244 244 244 49 244 244 49 244 244 244 244 49 49 244 49 244 244 244 49 49 49 49 49 49 244 49 49 244 49 49 244 244 244 244 49 49 49 49 244 49 244 244 49 244 49 49 49 49 244 244 49 244 244 244 49 49 49 49 49 49 49 244 244 244 244 49 49 244 49 244 244 244 49 49 49 244 49 49 49 244 244 244 49 49 244 49 49 244 49 244 49 49 244 49 244 244 244 244 49 49 49 244 49 244 244 49 244 49 49 244 244 244 244 49 49 49 244 244 49 49 244 244 244 244 49 49 49 49 244 244 244 244 49 244 244 49 49 244 49 49 244 244 244 244 244 244 49 244 244 49 49 49 244 49 244 244 244 49 244 49 244 244 49 244 244 49 49 244 244 244 244 244 49 49 244 244 49 49 49 49 49 244 49 49 49 49 244 244 49 244 49 244 49 49 244 49 244 244 49 49 244 49 49 244 244 49 49 49 244 244 244 244 244 244 49 49 244 244 49 244 244 49 244 49 244 49 49 49 244 49 244 49 49 49 49 49 49 49 49 244 49 244 244 244 244 49 244 49 49 49 49 244 49 49 244 49 49 49 244 244 244 49 244 49 49 49 49 244 49 244 244 244 49 49 49 244 244 244 49 49 244 49 244 49 49 244 49 244 244 244 244 49 49 49 244 49 49 49 49 244 244 244 49 49 49 49 244 49 49 244 244 244 244 49 244 244 49 49 244 49 49 49 244 49 49 244 49 244 244 244 244 49 49 49 49 49 244 244 49 49 244 49 244 244 244 244 49 244 244 49 49 244 49 244 49 244 244 49 49 244 49 49 49 49 244 49 49 49 49 244 49 244 49 244 49 49 244 49 244 244 244 244 244 244 49 244 244 244 244 244 244 244 49 244 49 244 49 49 49 244 49 49 244 244 244 49 244 49 49 244 244 49 49 49 244 49 49 49 49 1 244 244 
c [Main] Kill higher label pid 247.
c [Main] Kill higher label pid 248.
c [Main] Kill higher label pid 249.
c [Label = 240] Minimize Makespan Labeling problem (S-sherman4.mtx.rnd):
c [Main] Child pid 249 - 60285 terminated by signal 15.
c [Main] Child pid 248 - 60286 terminated by signal 15.
c [Main] Child pid 247 - 60287 terminated by signal 15.
c [Label = 239] Minimize Makespan Labeling problem (S-sherman4.mtx.rnd):
c [Label = 238] Minimize Makespan Labeling problem (S-sherman4.mtx.rnd):
c [Label = 237] Minimize Makespan Labeling problem (S-sherman4.mtx.rnd):
c [Main] Lowest label SAT is set to 244.
c [Label = 236] Minimize Makespan Labeling problem (S-sherman4.mtx.rnd):
c [Label = 243] Encoding starts with target value = 195:
c [Label = 243] Encoding duration: 1737ms.
c [Label = 243] Number of clauses: 812700.
c [Label = 243] Number of variables: 264384.
c [Label = 243] Solving duration: 14 ms.
s [Label = 243] SAT (w = 195).
c [Label = 243] Label assignment: 48 48 243 243 243 48 48 48 48 48 243 48 48 243 48 48 48 243 243 243 48 243 243 48 243 243 48 48 48 243 243 243 243 243 48 48 243 48 243 48 48 243 48 243 243 243 243 243 243 243 243 243 48 48 243 48 48 243 243 243 243 243 243 243 243 48 243 48 243 48 243 48 48 48 48 48 48 243 48 48 243 243 48 243 48 48 243 48 48 48 48 48 243 243 48 243 48 243 243 243 243 48 48 243 243 243 243 48 243 48 243 48 48 48 48 243 243 243 243 243 48 243 243 243 243 243 243 48 243 243 48 243 243 243 243 48 48 243 48 243 243 243 48 48 48 48 48 48 243 48 48 243 48 48 243 243 243 243 48 48 48 48 243 48 243 243 48 243 48 48 48 48 243 243 48 243 243 243 48 48 48 48 48 48 48 243 243 243 243 48 48 243 48 243 243 243 48 48 48 243 48 48 48 243 243 243 48 48 243 48 48 243 48 243 48 48 243 48 243 243 243 243 48 48 48 243 48 243 243 48 243 48 48 243 243 243 243 48 48 48 243 243 48 48 243 243 243 243 48 48 48 48 243 243 243 243 48 243 243 48 48 243 48 48 243 243 243 243 243 243 48 243 243 48 48 48 243 48 243 243 243 48 243 48 243 243 48 243 243 48 48 243 243 243 243 243 48 48 243 243 48 48 48 48 48 243 48 48 48 48 243 243 48 243 48 243 48 48 243 48 243 243 48 48 243 48 48 243 243 48 48 48 243 243 243 243 243 243 48 48 243 243 48 243 243 48 243 48 243 48 48 48 243 48 243 48 48 48 48 48 48 48 48 243 48 243 243 243 243 48 243 48 48 48 48 243 48 48 243 48 48 48 243 243 243 48 243 48 48 48 48 243 48 243 243 243 48 48 48 243 243 243 48 48 243 48 243 48 48 243 48 243 243 243 243 48 48 48 243 48 48 48 48 243 243 243 48 48 48 48 243 48 48 243 243 243 243 48 243 243 48 48 243 48 48 48 243 48 48 243 48 243 243 243 243 48 48 48 48 48 243 243 48 48 243 48 243 243 243 243 48 243 243 48 48 243 48 243 48 243 243 48 48 243 48 48 48 48 243 48 48 48 48 243 48 243 48 243 48 48 243 48 243 243 243 243 243 243 48 243 243 243 243 243 243 243 48 243 48 243 48 48 48 243 48 48 243 243 243 48 243 48 48 243 243 48 48 48 243 48 48 48 48 1 243 243 
c [Main] Lowest label SAT is set to 243.
c [Label = 235] Minimize Makespan Labeling problem (S-sherman4.mtx.rnd):
c [Label = 242] Encoding starts with target value = 195:
c [Label = 242] Encoding duration: 1741ms.
c [Label = 242] Number of clauses: 804606.
c [Label = 242] Number of variables: 263292.
c [Label = 242] Solving duration: 13 ms.
s [Label = 242] SAT (w = 195).
c [Label = 242] Label assignment: 47 47 242 242 242 47 47 47 47 47 242 47 47 242 47 47 47 242 242 242 47 242 242 47 242 242 47 47 47 242 242 242 242 242 47 47 242 47 242 47 47 242 47 242 242 242 242 242 242 242 242 242 47 47 242 47 47 242 242 242 242 242 242 242 242 47 242 47 242 47 242 47 47 47 47 47 47 242 47 47 242 242 47 242 47 47 242 47 47 47 47 47 242 242 47 242 47 242 242 242 242 47 47 242 242 242 242 47 242 47 242 47 47 47 47 242 242 242 242 242 47 242 242 242 242 242 242 47 242 242 47 242 242 242 242 47 47 242 47 242 242 242 47 47 47 47 47 47 242 47 47 242 47 47 242 242 242 242 47 47 47 47 242 47 242 242 47 242 47 47 47 47 242 242 47 242 242 242 47 47 47 47 47 47 47 242 242 242 242 47 47 242 47 242 242 242 47 47 47 242 47 47 47 242 242 242 47 47 242 47 47 242 47 242 47 47 242 47 242 242 242 242 47 47 47 242 47 242 242 47 242 47 47 242 242 242 242 47 47 47 242 242 47 47 242 242 242 242 47 47 47 47 242 242 242 242 47 242 242 47 47 242 47 47 242 242 242 242 242 242 47 242 242 47 47 47 242 47 242 242 242 47 242 47 242 242 47 242 242 47 47 242 242 242 242 242 47 47 242 242 47 47 47 47 47 242 47 47 47 47 242 242 47 242 47 242 47 47 242 47 242 242 47 47 242 47 47 242 242 47 47 47 242 242 242 242 242 242 47 47 242 242 47 242 242 47 242 47 242 47 47 47 242 47 242 47 47 47 47 47 47 47 47 242 47 242 242 242 242 47 242 47 47 47 47 242 47 47 242 47 47 47 242 242 242 47 242 47 47 47 47 242 47 242 242 242 47 47 47 242 242 242 47 47 242 47 242 47 47 242 47 242 242 242 242 47 47 47 242 47 47 47 47 242 242 242 47 47 47 47 242 47 47 242 242 242 242 47 242 242 47 47 242 47 47 47 242 47 47 242 47 242 242 242 242 47 47 47 47 47 242 242 47 47 242 47 242 242 242 242 47 242 242 47 47 242 47 242 47 242 242 47 47 242 47 47 47 47 242 47 47 47 47 242 47 242 47 242 47 47 242 47 242 242 242 242 242 242 47 242 242 242 242 242 242 242 47 242 47 242 47 47 47 242 47 47 242 242 242 47 242 47 47 242 242 47 47 47 242 47 47 47 47 1 242 242 
c [Main] Lowest label SAT is set to 242.
c [Label = 234] Minimize Makespan Labeling problem (S-sherman4.mtx.rnd):
c [Label = 240] Encoding starts with target value = 195:
c [Label = 240] Encoding duration: 1527ms.
c [Label = 240] Number of clauses: 788417.
c [Label = 240] Number of variables: 261108.
c [Label = 240] Solving duration: 11 ms.
s [Label = 240] SAT (w = 195).
c [Label = 240] Label assignment: 45 45 240 240 240 45 45 45 45 45 240 45 45 240 45 45 45 240 240 240 45 240 240 45 240 240 45 45 45 240 240 240 240 240 45 45 240 45 240 45 45 240 45 240 240 240 240 240 240 240 240 240 45 45 240 45 45 240 240 240 240 240 240 240 240 45 240 45 240 45 240 45 45 45 45 45 45 240 45 45 240 240 45 240 45 45 240 45 45 45 45 45 240 240 45 240 45 240 240 240 240 45 45 240 240 240 240 45 240 45 240 45 45 45 45 240 240 240 240 240 45 240 240 240 240 240 240 45 240 240 45 240 240 240 240 45 45 240 45 240 240 240 45 45 45 45 45 45 240 45 45 240 45 45 240 240 240 240 45 45 45 45 240 45 240 240 45 240 45 45 45 45 240 240 45 240 240 240 45 45 45 45 45 45 45 240 240 240 240 45 45 240 45 240 240 240 45 45 45 240 45 45 45 240 240 240 45 45 240 45 45 240 45 240 45 45 240 45 240 240 240 240 45 45 45 240 45 240 240 45 240 45 45 240 240 240 240 45 45 45 240 240 45 45 240 240 240 240 45 45 45 45 240 240 240 240 45 240 240 45 45 240 45 45 240 240 240 240 240 240 45 240 240 45 45 45 240 45 240 240 240 45 240 45 240 240 45 240 240 45 45 240 240 240 240 240 45 45 240 240 45 45 45 45 45 240 45 45 45 45 240 240 45 240 45 240 45 45 240 45 240 240 45 45 240 45 45 240 240 45 45 45 240 240 240 240 240 240 45 45 240 240 45 240 240 45 240 45 240 45 45 45 240 45 240 45 45 45 45 45 45 45 45 240 45 240 240 240 240 45 240 45 45 45 45 240 45 45 240 45 45 45 240 240 240 45 240 45 45 45 45 240 45 240 240 240 45 45 45 240 240 240 45 45 240 45 240 45 45 240 45 240 240 240 240 45 45 45 240 45 45 45 45 240 240 240 45 45 45 45 240 45 45 240 240 240 240 45 240 240 45 45 240 45 45 45 240 45 45 240 45 240 240 240 240 45 45 45 45 45 240 240 45 45 240 45 240 240 240 240 45 240 240 45 45 240 45 240 45 240 240 45 45 240 45 45 45 45 240 45 45 45 45 240 45 240 45 240 45 45 240 45 240 240 240 240 240 240 45 240 240 240 240 240 240 240 45 240 45 240 45 45 45 240 45 45 240 240 240 45 240 45 45 240 240 45 45 45 240 45 45 45 45 1 240 240 
c [Label = 239] Encoding starts with target value = 195:
c [Label = 239] Encoding duration: 1509ms.
c [Label = 239] Number of clauses: 780322.
c [Label = 239] Number of variables: 260016.
c [Label = 239] Solving duration: 11 ms.
s [Label = 239] SAT (w = 195).
c [Label = 239] Label assignment: 44 44 239 239 239 44 44 44 44 44 239 44 44 239 44 44 44 239 239 239 44 239 239 44 239 239 44 44 44 239 239 239 239 239 44 44 239 44 239 44 44 239 44 239 239 239 239 239 239 239 239 239 44 44 239 44 44 239 239 239 239 239 239 239 239 44 239 44 239 44 239 44 44 44 44 44 44 239 44 44 239 239 44 239 44 44 239 44 44 44 44 44 239 239 44 239 44 239 239 239 239 44 44 239 239 239 239 44 239 44 239 44 44 44 44 239 239 239 239 239 44 239 239 239 239 239 239 44 239 239 44 239 239 239 239 44 44 239 44 239 239 239 44 44 44 44 44 44 239 44 44 239 44 44 239 239 239 239 44 44 44 44 239 44 239 239 44 239 44 44 44 44 239 239 44 239 239 239 44 44 44 44 44 44 44 239 239 239 239 44 44 239 44 239 239 239 44 44 44 239 44 44 44 239 239 239 44 44 239 44 44 239 44 239 44 44 239 44 239 239 239 239 44 44 44 239 44 239 239 44 239 44 44 239 239 239 239 44 44 44 239 239 44 44 239 239 239 239 44 44 44 44 239 239 239 239 44 239 239 44 44 239 44 44 239 239 239 239 239 239 44 239 239 44 44 44 239 44 239 239 239 44 239 44 239 239 44 239 239 44 44 239 239 239 239 239 44 44 239 239 44 44 44 44 44 239 44 44 44 44 239 239 44 239 44 239 44 44 239 44 239 239 44 44 239 44 44 239 239 44 44 44 239 239 239 239 239 239 44 44 239 239 44 239 239 44 239 44 239 44 44 44 239 44 239 44 44 44 44 44 44 44 44 239 44 239 239 239 239 44 239 44 44 44 44 239 44 44 239 44 44 44 239 239 239 44 239 44 44 44 44 239 44 239 239 239 44 44 44 239 239 239 44 44 239 44 239 44 44 239 44 239 239 239 239 44 44 44 239 44 44 44 44 239 239 239 44 44 44 44 239 44 44 239 239 239 239 44 239 239 44 44 239 44 44 44 239 44 44 239 44 239 239 239 239 44 44 44 44 44 239 239 44 44 239 44 239 239 239 239 44 239 239 44 44 239 44 239 44 239 239 44 44 239 44 44 44 44 239 44 44 44 44 239 44 239 44 239 44 44 239 44 239 239 239 239 239 239 44 239 239 239 239 239 239 239 44 239 44 239 44 44 44 239 44 44 239 239 239 44 239 44 44 239 239 44 44 44 239 44 44 44 44 1 239 239 
c [Main] Lowest label SAT is set to 240.
c [Main] Kill higher label pid 241.
c [Label = 241] Encoding starts with target value = 195:
c [Label = 241] Encoding duration: 1593ms.
c [Label = 241] Number of clauses: 796511.
c [Label = 241] Number of variables: 262200.
c [Label = 241] Solving duration: 12 ms.
s [Label = 241] SAT (w = 195).
c [Label = 241] Label assignment: 46 46 241 241 241 46 46 46 46 46 241 46 46 241 46 46 46 241 241 241 46 241 241 46 241 241 46 46 46 241 241 241 241 241 46 46 241 46 241 46 46 241 46 241 241 241 241 241 241 241 241 241 46 46 241 46 46 241 241 241 241 241 241 241 241 46 241 46 241 46 241 46 46 46 46 46 46 241 46 46 241 241 46 241 46 46 241 46 46 46 46 46 241 241 46 241 46 241 241 241 241 46 46 241 241 241 241 46 241 46 241 46 46 46 46 241 241 241 241 241 46 241 241 241 241 241 241 46 241 241 46 241 241 241 241 46 46 241 46 241 241 241 46 46 46 46 46 46 241 46 46 241 46 46 241 241 241 241 46 46 46 46 241 46 241 241 46 241 46 46 46 46 241 241 46 241 241 241 46 46 46 46 46 46 46 241 241 241 241 46 46 241 46 241 241 241 46 46 46 241 46 46 46 241 241 241 46 46 241 46 46 241 46 241 46 46 241 46 241 241 241 241 46 46 46 241 46 241 241 46 241 46 46 241 241 241 241 46 46 46 241 241 46 46 241 241 241 241 46 46 46 46 241 241 241 241 46 241 241 46 46 241 46 46 241 241 241 241 241 241 46 241 241 46 46 46 241 46 241 241 241 46 241 46 241 241 46 241 241 46 46 241 241 241 241 241 46 46 241 241 46 46 46 46 46 241 46 46 46 46 241 241 46 241 46 241 46 46 241 46 241 241 46 46 241 46 46 241 241 46 46 46 241 241 241 241 241 241 46 46 241 241 46 241 241 46 241 46 241 46 46 46 241 46 241 46 46 46 46 46 46 46 46 241 46 241 241 241 241 46 241 46 46 46 46 241 46 46 241 46 46 46 241 241 241 46 241 46 46 46 46 241 46 241 241 241 46 46 46 241 241 241 46 46 241 46 241 46 46 241 46 241 241 241 241 46 46 46 241 46 46 46 46 241 241 241 46 46 46 46 241 46 46 241 241 241 241 46 241 241 46 46 241 46 46 46 241 46 46 241 46 241 241 241 241 46 46 46 46 46 241 241 46 46 241 46 241 241 241 241 46 241 241 46 46 241 46 241 46 241 241 46 46 241 46 46 46 46 241 46 46 46 46 241 46 241 46 241 46 46 241 46 241 241 241 241 241 241 46 241 241 241 241 241 241 241 46 241 46 241 46 46 46 241 46 46 241 241 241 46 241 46 46 241 241 46 46 46 241 46 46 46 46 1 241 241 
c [Signal] Signal interruption. Caught signal: SIGTERM (15).
c [Label = 233] Minimize Makespan Labeling problem (S-sherman4.mtx.rnd):
c [Label = 236] Encoding starts with target value = 195:
c [Label = 236] Encoding duration: 1515ms.
c [Label = 236] Number of clauses: 756039.
c [Label = 236] Number of variables: 256740.
c [Label = 236] Solving duration: 11 ms.
s [Label = 236] SAT (w = 195).
c [Label = 236] Label assignment: 41 41 236 236 236 41 41 41 41 41 236 41 41 236 41 41 41 236 236 236 41 236 236 41 236 236 41 41 41 236 236 236 236 236 41 41 236 41 236 41 41 236 41 236 236 236 236 236 236 236 236 236 41 41 236 41 41 236 236 236 236 236 236 236 236 41 236 41 236 41 236 41 41 41 41 41 41 236 41 41 236 236 41 236 41 41 236 41 41 41 41 41 236 236 41 236 41 236 236 236 236 41 41 236 236 236 236 41 236 41 236 41 41 41 41 236 236 236 236 236 41 236 236 236 236 236 236 41 236 236 41 236 236 236 236 41 41 236 41 236 236 236 41 41 41 41 41 41 236 41 41 236 41 41 236 236 236 236 41 41 41 41 236 41 236 236 41 236 41 41 41 41 236 236 41 236 236 236 41 41 41 41 41 41 41 236 236 236 236 41 41 236 41 236 236 236 41 41 41 236 41 41 41 236 236 236 41 41 236 41 41 236 41 236 41 41 236 41 236 236 236 236 41 41 41 236 41 236 236 41 236 41 41 236 236 236 236 41 41 41 236 236 41 41 236 236 236 236 41 41 41 41 236 236 236 236 41 236 236 41 41 236 41 41 236 236 236 236 236 236 41 236 236 41 41 41 236 41 236 236 236 41 236 41 236 236 41 236 236 41 41 236 236 236 236 236 41 41 236 236 41 41 41 41 41 236 41 41 41 41 236 236 41 236 41 236 41 41 236 41 236 236 41 41 236 41 41 236 236 41 41 41 236 236 236 236 236 236 41 41 236 236 41 236 236 41 236 41 236 41 41 41 236 41 236 41 41 41 41 41 41 41 41 236 41 236 236 236 236 41 236 41 41 41 41 236 41 41 236 41 41 41 236 236 236 41 236 41 41 41 41 236 41 236 236 236 41 41 41 236 236 236 41 41 236 41 236 41 41 236 41 236 236 236 236 41 41 41 236 41 41 41 41 236 236 236 41 41 41 41 236 41 41 236 236 236 236 41 236 236 41 41 236 41 41 41 236 41 41 236 41 236 236 236 236 41 41 41 41 41 236 236 41 41 236 41 236 236 236 236 41 236 236 41 41 236 41 236 41 236 236 41 41 236 41 41 41 41 236 41 41 41 41 236 41 236 41 236 41 41 236 41 236 236 236 236 236 236 41 236 236 236 236 236 236 236 41 236 41 236 41 41 41 236 41 41 236 236 236 41 236 41 41 236 236 41 41 41 236 41 41 41 41 1 236 236 
c [Main] Lowest label SAT is set to 239.
c [Main] Kill higher label pid 241.
c [Label = 237] Encoding starts with target value = 195:
c [Label = 237] Encoding duration: 1525ms.
c [Label = 237] Number of clauses: 764133.
c [Label = 237] Number of variables: 257832.
c [Label = 237] Solving duration: 10 ms.
s [Label = 237] SAT (w = 195).
c [Label = 237] Label assignment: 42 42 237 237 237 42 42 42 42 42 237 42 42 237 42 42 42 237 237 237 42 237 237 42 237 237 42 42 42 237 237 237 237 237 42 42 237 42 237 42 42 237 42 237 237 237 237 237 237 237 237 237 42 42 237 42 42 237 237 237 237 237 237 237 237 42 237 42 237 42 237 42 42 42 42 42 42 237 42 42 237 237 42 237 42 42 237 42 42 42 42 42 237 237 42 237 42 237 237 237 237 42 42 237 237 237 237 42 237 42 237 42 42 42 42 237 237 237 237 237 42 237 237 237 237 237 237 42 237 237 42 237 237 237 237 42 42 237 42 237 237 237 42 42 42 42 42 42 237 42 42 237 42 42 237 237 237 237 42 42 42 42 237 42 237 237 42 237 42 42 42 42 237 237 42 237 237 237 42 42 42 42 42 42 42 237 237 237 237 42 42 237 42 237 237 237 42 42 42 237 42 42 42 237 237 237 42 42 237 42 42 237 42 237 42 42 237 42 237 237 237 237 42 42 42 237 42 237 237 42 237 42 42 237 237 237 237 42 42 42 237 237 42 42 237 237 237 237 42 42 42 42 237 237 237 237 42 237 237 42 42 237 42 42 237 237 237 237 237 237 42 237 237 42 42 42 237 42 237 237 237 42 237 42 237 237 42 237 237 42 42 237 237 237 237 237 42 42 237 237 42 42 42 42 42 237 42 42 42 42 237 237 42 237 42 237 42 42 237 42 237 237 42 42 237 42 42 237 237 42 42 42 237 237 237 237 237 237 42 42 237 237 42 237 237 42 237 42 237 42 42 42 237 42 237 42 42 42 42 42 42 42 42 237 42 237 237 237 237 42 237 42 42 42 42 237 42 42 237 42 42 42 237 237 237 42 237 42 42 42 42 237 42 237 237 237 42 42 42 237 237 237 42 42 237 42 237 42 42 237 42 237 237 237 237 42 42 42 237 42 42 42 42 237 237 237 42 42 42 42 237 42 42 237 237 237 237 42 237 237 42 42 237 42 42 42 237 42 42 237 42 237 237 237 237 42 42 42 42 42 237 237 42 42 237 42 237 237 237 237 42 237 237 42 42 237 42 237 42 237 237 42 42 237 42 42 42 42 237 42 42 42 42 237 42 237 42 237 42 42 237 42 237 237 237 237 237 237 42 237 237 237 237 237 237 237 42 237 42 237 42 42 42 237 42 42 237 237 237 42 237 42 42 237 237 42 42 42 237 42 42 42 42 1 237 237 
c [Label = 232] Minimize Makespan Labeling problem (S-sherman4.mtx.rnd):
c [Label = 238] Encoding starts with target value = 195:
c [Label = 238] Encoding duration: 1536ms.
c [Label = 238] Number of clauses: 772228.
c [Label = 238] Number of variables: 258924.
c [Label = 238] Solving duration: 13 ms.
s [Label = 238] SAT (w = 195).
c [Label = 238] Label assignment: 43 43 238 238 238 43 43 43 43 43 238 43 43 238 43 43 43 238 238 238 43 238 238 43 238 238 43 43 43 238 238 238 238 238 43 43 238 43 238 43 43 238 43 238 238 238 238 238 238 238 238 238 43 43 238 43 43 238 238 238 238 238 238 238 238 43 238 43 238 43 238 43 43 43 43 43 43 238 43 43 238 238 43 238 43 43 238 43 43 43 43 43 238 238 43 238 43 238 238 238 238 43 43 238 238 238 238 43 238 43 238 43 43 43 43 238 238 238 238 238 43 238 238 238 238 238 238 43 238 238 43 238 238 238 238 43 43 238 43 238 238 238 43 43 43 43 43 43 238 43 43 238 43 43 238 238 238 238 43 43 43 43 238 43 238 238 43 238 43 43 43 43 238 238 43 238 238 238 43 43 43 43 43 43 43 238 238 238 238 43 43 238 43 238 238 238 43 43 43 238 43 43 43 238 238 238 43 43 238 43 43 238 43 238 43 43 238 43 238 238 238 238 43 43 43 238 43 238 238 43 238 43 43 238 238 238 238 43 43 43 238 238 43 43 238 238 238 238 43 43 43 43 238 238 238 238 43 238 238 43 43 238 43 43 238 238 238 238 238 238 43 238 238 43 43 43 238 43 238 238 238 43 238 43 238 238 43 238 238 43 43 238 238 238 238 238 43 43 238 238 43 43 43 43 43 238 43 43 43 43 238 238 43 238 43 238 43 43 238 43 238 238 43 43 238 43 43 238 238 43 43 43 238 238 238 238 238 238 43 43 238 238 43 238 238 43 238 43 238 43 43 43 238 43 238 43 43 43 43 43 43 43 43 238 43 238 238 238 238 43 238 43 43 43 43 238 43 43 238 43 43 43 238 238 238 43 238 43 43 43 43 238 43 238 238 238 43 43 43 238 238 238 43 43 238 43 238 43 43 238 43 238 238 238 238 43 43 43 238 43 43 43 43 238 238 238 43 43 43 43 238 43 43 238 238 238 238 43 238 238 43 43 238 43 43 43 238 43 43 238 43 238 238 238 238 43 43 43 43 43 238 238 43 43 238 43 238 238 238 238 43 238 238 43 43 238 43 238 43 238 238 43 43 238 43 43 43 43 238 43 43 43 43 238 43 238 43 238 43 43 238 43 238 238 238 238 238 238 43 238 238 238 238 238 238 238 43 238 43 238 43 43 43 238 43 43 238 238 238 43 238 43 43 238 238 43 43 43 238 43 43 43 43 1 238 238 
c [Main] Child pid 241 - 60293 terminated by signal 15.
c [Main] Lowest label SAT is set to 236.
c [Main] Kill higher label pid 237.
c [Main] Kill higher label pid 238.
c [Label = 230] Minimize Makespan Labeling problem (S-sherman4.mtx.rnd):
c [Label = 231] Minimize Makespan Labeling problem (S-sherman4.mtx.rnd):
c [Main] Kill higher label pid 238.
c [Label = 229] Minimize Makespan Labeling problem (S-sherman4.mtx.rnd):
c [Label = 228] Minimize Makespan Labeling problem (S-sherman4.mtx.rnd):
c [Label = 235] Encoding starts with target value = 195:
c [Label = 235] Encoding duration: 1477ms.
c [Label = 235] Number of clauses: 747944.
c [Label = 235] Number of variables: 255648.
c [Label = 235] Solving duration: 11 ms.
s [Label = 235] SAT (w = 195).
c [Label = 235] Label assignment: 40 40 235 235 235 40 40 40 40 40 235 40 40 235 40 40 40 235 235 235 40 235 235 40 235 235 40 40 40 235 235 235 235 235 40 40 235 40 235 40 40 235 40 235 235 235 235 235 235 235 235 235 40 40 235 40 40 235 235 235 235 235 235 235 235 40 235 40 235 40 235 40 40 40 40 40 40 235 40 40 235 235 40 235 40 40 235 40 40 40 40 40 235 235 40 235 40 235 235 235 235 40 40 235 235 235 235 40 235 40 235 40 40 40 40 235 235 235 235 235 40 235 235 235 235 235 235 40 235 235 40 235 235 235 235 40 40 235 40 235 235 235 40 40 40 40 40 40 235 40 40 235 40 40 235 235 235 235 40 40 40 40 235 40 235 235 40 235 40 40 40 40 235 235 40 235 235 235 40 40 40 40 40 40 40 235 235 235 235 40 40 235 40 235 235 235 40 40 40 235 40 40 40 235 235 235 40 40 235 40 40 235 40 235 40 40 235 40 235 235 235 235 40 40 40 235 40 235 235 40 235 40 40 235 235 235 235 40 40 40 235 235 40 40 235 235 235 235 40 40 40 40 235 235 235 235 40 235 235 40 40 235 40 40 235 235 235 235 235 235 40 235 235 40 40 40 235 40 235 235 235 40 235 40 235 235 40 235 235 40 40 235 235 235 235 235 40 40 235 235 40 40 40 40 40 235 40 40 40 40 235 235 40 235 40 235 40 40 235 40 235 235 40 40 235 40 40 235 235 40 40 40 235 235 235 235 235 235 40 40 235 235 40 235 235 40 235 40 235 40 40 40 235 40 235 40 40 40 40 40 40 40 40 235 40 235 235 235 235 40 235 40 40 40 40 235 40 40 235 40 40 40 235 235 235 40 235 40 40 40 40 235 40 235 235 235 40 40 40 235 235 235 40 40 235 40 235 40 40 235 40 235 235 235 235 40 40 40 235 40 40 40 40 235 235 235 40 40 40 40 235 40 40 235 235 235 235 40 235 235 40 40 235 40 40 40 235 40 40 235 40 235 235 235 235 40 40 40 40 40 235 235 40 40 235 40 235 235 235 235 40 235 235 40 40 235 40 235 40 235 235 40 40 235 40 40 40 40 235 40 40 40 40 235 40 235 40 235 40 40 235 40 235 235 235 235 235 235 40 235 235 235 235 235 235 235 40 235 40 235 40 40 40 235 40 40 235 235 235 40 235 40 40 235 235 40 40 40 235 40 40 40 40 1 235 235 
c [Main] Lowest label SAT is set to 235.
c [Label = 227] Minimize Makespan Labeling problem (S-sherman4.mtx.rnd):
c [Label = 234] Encoding starts with target value = 195:
c [Label = 234] Encoding duration: 1458ms.
c [Label = 234] Number of clauses: 739850.
c [Label = 234] Number of variables: 254556.
c [Label = 234] Solving duration: 9 ms.
s [Label = 234] SAT (w = 195).
c [Label = 234] Label assignment: 39 39 234 234 234 39 39 39 39 39 234 39 39 234 39 39 39 234 234 234 39 234 234 39 234 234 39 39 39 234 234 234 234 234 39 39 234 39 234 39 39 234 39 234 234 234 234 234 234 234 234 234 39 39 234 39 39 234 234 234 234 234 234 234 234 39 234 39 234 39 234 39 39 39 39 39 39 234 39 39 234 234 39 234 39 39 234 39 39 39 39 39 234 234 39 234 39 234 234 234 234 39 39 234 234 234 234 39 234 39 234 39 39 39 39 234 234 234 234 234 39 234 234 234 234 234 234 39 234 234 39 234 234 234 234 39 39 234 39 234 234 234 39 39 39 39 39 39 234 39 39 234 39 39 234 234 234 234 39 39 39 39 234 39 234 234 39 234 39 39 39 39 234 234 39 234 234 234 39 39 39 39 39 39 39 234 234 234 234 39 39 234 39 234 234 234 39 39 39 234 39 39 39 234 234 234 39 39 234 39 39 234 39 234 39 39 234 39 234 234 234 234 39 39 39 234 39 234 234 39 234 39 39 234 234 234 234 39 39 39 234 234 39 39 234 234 234 234 39 39 39 39 234 234 234 234 39 234 234 39 39 234 39 39 234 234 234 234 234 234 39 234 234 39 39 39 234 39 234 234 234 39 234 39 234 234 39 234 234 39 39 234 234 234 234 234 39 39 234 234 39 39 39 39 39 234 39 39 39 39 234 234 39 234 39 234 39 39 234 39 234 234 39 39 234 39 39 234 234 39 39 39 234 234 234 234 234 234 39 39 234 234 39 234 234 39 234 39 234 39 39 39 234 39 234 39 39 39 39 39 39 39 39 234 39 234 234 234 234 39 234 39 39 39 39 234 39 39 234 39 39 39 234 234 234 39 234 39 39 39 39 234 39 234 234 234 39 39 39 234 234 234 39 39 234 39 234 39 39 234 39 234 234 234 234 39 39 39 234 39 39 39 39 234 234 234 39 39 39 39 234 39 39 234 234 234 234 39 234 234 39 39 234 39 39 39 234 39 39 234 39 234 234 234 234 39 39 39 39 39 234 234 39 39 234 39 234 234 234 234 39 234 234 39 39 234 39 234 39 234 234 39 39 234 39 39 39 39 234 39 39 39 39 234 39 234 39 234 39 39 234 39 234 234 234 234 234 234 39 234 234 234 234 234 234 234 39 234 39 234 39 39 39 234 39 39 234 234 234 39 234 39 39 234 234 39 39 39 234 39 39 39 39 1 234 234 
c [Main] Lowest label SAT is set to 234.
c [Label = 226] Minimize Makespan Labeling problem (S-sherman4.mtx.rnd):
c [Label = 230] Encoding starts with target value = 195:
c [Label = 230] Encoding duration: 1409ms.
c [Label = 230] Number of clauses: 707472.
c [Label = 230] Number of variables: 250188.
c [Label = 230] Solving duration: 8 ms.
s [Label = 230] SAT (w = 195).
c [Label = 230] Label assignment: 35 35 230 230 230 35 35 35 35 35 230 35 35 230 35 35 35 230 230 230 35 230 230 35 230 230 35 35 35 230 230 230 230 230 35 35 230 35 230 35 35 230 35 230 230 230 230 230 230 230 230 230 35 35 230 35 35 230 230 230 230 230 230 230 230 35 230 35 230 35 230 35 35 35 35 35 35 230 35 35 230 230 35 230 35 35 230 35 35 35 35 35 230 230 35 230 35 230 230 230 230 35 35 230 230 230 230 35 230 35 230 35 35 35 35 230 230 230 230 230 35 230 230 230 230 230 230 35 230 230 35 230 230 230 230 35 35 230 35 230 230 230 35 35 35 35 35 35 230 35 35 230 35 35 230 230 230 230 35 35 35 35 230 35 230 230 35 230 35 35 35 35 230 230 35 230 230 230 35 35 35 35 35 35 35 230 230 230 230 35 35 230 35 230 230 230 35 35 35 230 35 35 35 230 230 230 35 35 230 35 35 230 35 230 35 35 230 35 230 230 230 230 35 35 35 230 35 230 230 35 230 35 35 230 230 230 230 35 35 35 230 230 35 35 230 230 230 230 35 35 35 35 230 230 230 230 35 230 230 35 35 230 35 35 230 230 230 230 230 230 35 230 230 35 35 35 230 35 230 230 230 35 230 35 230 230 35 230 230 35 35 230 230 230 230 230 35 35 230 230 35 35 35 35 35 230 35 35 35 35 230 230 35 230 35 230 35 35 230 35 230 230 35 35 230 35 35 230 230 35 35 35 230 230 230 230 230 230 35 35 230 230 35 230 230 35 230 35 230 35 35 35 230 35 230 35 35 35 35 35 35 35 35 230 35 230 230 230 230 35 230 35 35 35 35 230 35 35 230 35 35 35 230 230 230 35 230 35 35 35 35 230 35 230 230 230 35 35 35 230 230 230 35 35 230 35 230 35 35 230 35 230 230 230 230 35 35 35 230 35 35 35 35 230 230 230 35 35 35 35 230 35 35 230 230 230 230 35 230 230 35 35 230 35 35 35 230 35 35 230 35 230 230 230 230 35 35 35 35 35 230 230 35 35 230 35 230 230 230 230 35 230 230 35 35 230 35 230 35 230 230 35 35 230 35 35 35 35 230 35 35 35 35 230 35 230 35 230 35 35 230 35 230 230 230 230 230 230 35 230 230 230 230 230 230 230 35 230 35 230 35 35 35 230 35 35 230 230 230 35 230 35 35 230 230 35 35 35 230 35 35 35 35 1 230 230 
c [Label = 229] Encoding starts with target value = 195:
c [Label = 229] Encoding duration: 1401ms.
c [Label = 229] Number of clauses: 699377.
c [Label = 229] Number of variables: 249096.
c [Label = 229] Solving duration: 9 ms.
s [Label = 229] SAT (w = 195).
c [Label = 229] Label assignment: 34 34 229 229 229 34 34 34 34 34 229 34 34 229 34 34 34 229 229 229 34 229 229 34 229 229 34 34 34 229 229 229 229 229 34 34 229 34 229 34 34 229 34 229 229 229 229 229 229 229 229 229 34 34 229 34 34 229 229 229 229 229 229 229 229 34 229 34 229 34 229 34 34 34 34 34 34 229 34 34 229 229 34 229 34 34 229 34 34 34 34 34 229 229 34 229 34 229 229 229 229 34 34 229 229 229 229 34 229 34 229 34 34 34 34 229 229 229 229 229 34 229 229 229 229 229 229 34 229 229 34 229 229 229 229 34 34 229 34 229 229 229 34 34 34 34 34 34 229 34 34 229 34 34 229 229 229 229 34 34 34 34 229 34 229 229 34 229 34 34 34 34 229 229 34 229 229 229 34 34 34 34 34 34 34 229 229 229 229 34 34 229 34 229 229 229 34 34 34 229 34 34 34 229 229 229 34 34 229 34 34 229 34 229 34 34 229 34 229 229 229 229 34 34 34 229 34 229 229 34 229 34 34 229 229 229 229 34 34 34 229 229 34 34 229 229 229 229 34 34 34 34 229 229 229 229 34 229 229 34 34 229 34 34 229 229 229 229 229 229 34 229 229 34 34 34 229 34 229 229 229 34 229 34 229 229 34 229 229 34 34 229 229 229 229 229 34 34 229 229 34 34 34 34 34 229 34 34 34 34 229 229 34 229 34 229 34 34 229 34 229 229 34 34 229 34 34 229 229 34 34 34 229 229 229 229 229 229 34 34 229 229 34 229 229 34 229 34 229 34 34 34 229 34 229 34 34 34 34 34 34 34 34 229 34 229 229 229 229 34 229 34 34 34 34 229 34 34 229 34 34 34 229 229 229 34 229 34 34 34 34 229 34 229 229 229 34 34 34 229 229 229 34 34 229 34 229 34 34 229 34 229 229 229 229 34 34 34 229 34 34 34 34 229 229 229 34 34 34 34 229 34 34 229 229 229 229 34 229 229 34 34 229 34 34 34 229 34 34 229 34 229 229 229 229 34 34 34 34 34 229 229 34 34 229 34 229 229 229 229 34 229 229 34 34 229 34 229 34 229 229 34 34 229 34 34 34 34 229 34 34 34 34 229 34 229 34 229 34 34 229 34 229 229 229 229 229 229 34 229 229 229 229 229 229 229 34 229 34 229 34 34 34 229 34 34 229 229 229 34 229 34 34 229 229 34 34 34 229 34 34 34 34 1 229 229 
c [Label = 228] Encoding starts with target value = 195:
c [Label = 228] Encoding duration: 1400ms.
c [Label = 228] Number of clauses: 691283.
c [Label = 228] Number of variables: 248004.
c [Label = 228] Solving duration: 10 ms.
s [Label = 228] SAT (w = 195).
c [Label = 228] Label assignment: 33 33 228 228 228 33 33 33 33 33 228 33 33 228 33 33 33 228 228 228 33 228 228 33 228 228 33 33 33 228 228 228 228 228 33 33 228 33 228 33 33 228 33 228 228 228 228 228 228 228 228 228 33 33 228 33 33 228 228 228 228 228 228 228 228 33 228 33 228 33 228 33 33 33 33 33 33 228 33 33 228 228 33 228 33 33 228 33 33 33 33 33 228 228 33 228 33 228 228 228 228 33 33 228 228 228 228 33 228 33 228 33 33 33 33 228 228 228 228 228 33 228 228 228 228 228 228 33 228 228 33 228 228 228 228 33 33 228 33 228 228 228 33 33 33 33 33 33 228 33 33 228 33 33 228 228 228 228 33 33 33 33 228 33 228 228 33 228 33 33 33 33 228 228 33 228 228 228 33 33 33 33 33 33 33 228 228 228 228 33 33 228 33 228 228 228 33 33 33 228 33 33 33 228 228 228 33 33 228 33 33 228 33 228 33 33 228 33 228 228 228 228 33 33 33 228 33 228 228 33 228 33 33 228 228 228 228 33 33 33 228 228 33 33 228 228 228 228 33 33 33 33 228 228 228 228 33 228 228 33 33 228 33 33 228 228 228 228 228 228 33 228 228 33 33 33 228 33 228 228 228 33 228 33 228 228 33 228 228 33 33 228 228 228 228 228 33 33 228 228 33 33 33 33 33 228 33 33 33 33 228 228 33 228 33 228 33 33 228 33 228 228 33 33 228 33 33 228 228 33 33 33 228 228 228 228 228 228 33 33 228 228 33 228 228 33 228 33 228 33 33 33 228 33 228 33 33 33 33 33 33 33 33 228 33 228 228 228 228 33 228 33 33 33 33 228 33 33 228 33 33 33 228 228 228 33 228 33 33 33 33 228 33 228 228 228 33 33 33 228 228 228 33 33 228 33 228 33 33 228 33 228 228 228 228 33 33 33 228 33 33 33 33 228 228 228 33 33 33 33 228 33 33 228 228 228 228 33 228 228 33 33 228 33 33 33 228 33 33 228 33 228 228 228 228 33 33 33 33 33 228 228 33 33 228 33 228 228 228 228 33 228 228 33 33 228 33 228 33 228 228 33 33 228 33 33 33 33 228 33 33 33 33 228 33 228 33 228 33 33 228 33 228 228 228 228 228 228 33 228 228 228 228 228 228 228 33 228 33 228 33 33 33 228 33 33 228 228 228 33 228 33 33 228 228 33 33 33 228 33 33 33 33 1 228 228 
c [Main] Lowest label SAT is set to 230.
c [Main] Kill higher label pid 231.
c [Main] Kill higher label pid 232.
c [Main] Kill higher label pid 233.
c [Label = 232] Encoding starts with target value = 195:
c [Label = 232] Encoding duration: 1552ms.
c [Label = 232] Number of clauses: 723661.
c [Label = 232] Number of variables: 252372.
c [Label = 232] Solving duration: 10 ms.
s [Label = 232] SAT (w = 195).
c [Label = 232] Label assignment: 37 37 232 232 232 37 37 37 37 37 232 37 37 232 37 37 37 232 232 232 37 232 232 37 232 232 37 37 37 232 232 232 232 232 37 37 232 37 232 37 37 232 37 232 232 232 232 232 232 232 232 232 37 37 232 37 37 232 232 232 232 232 232 232 232 37 232 37 232 37 232 37 37 37 37 37 37 232 37 37 232 232 37 232 37 37 232 37 37 37 37 37 232 232 37 232 37 232 232 232 232 37 37 232 232 232 232 37 232 37 232 37 37 37 37 232 232 232 232 232 37 232 232 232 232 232 232 37 232 232 37 232 232 232 232 37 37 232 37 232 232 232 37 37 37 37 37 37 232 37 37 232 37 37 232 232 232 232 37 37 37 37 232 37 232 232 37 232 37 37 37 37 232 232 37 232 232 232 37 37 37 37 37 37 37 232 232 232 232 37 37 232 37 232 232 232 37 37 37 232 37 37 37 232 232 232 37 37 232 37 37 232 37 232 37 37 232 37 232 232 232 232 37 37 37 232 37 232 232 37 232 37 37 232 232 232 232 37 37 37 232 232 37 37 232 232 232 232 37 37 37 37 232 232 232 232 37 232 232 37 37 232 37 37 232 232 232 232 232 232 37 232 232 37 37 37 232 37 232 232 232 37 232 37 232 232 37 232 232 37 37 232 232 232 232 232 37 37 232 232 37 37 37 37 37 232 37 37 37 37 232 232 37 232 37 232 37 37 232 37 232 232 37 37 232 37 37 232 232 37 37 37 232 232 232 232 232 232 37 37 232 232 37 232 232 37 232 37 232 37 37 37 232 37 232 37 37 37 37 37 37 37 37 232 37 232 232 232 232 37 232 37 37 37 37 232 37 37 232 37 37 37 232 232 232 37 232 37 37 37 37 232 37 232 232 232 37 37 37 232 232 232 37 37 232 37 232 37 37 232 37 232 232 232 232 37 37 37 232 37 37 37 37 232 232 232 37 37 37 37 232 37 37 232 232 232 232 37 232 232 37 37 232 37 37 37 232 37 37 232 37 232 232 232 232 37 37 37 37 37 232 232 37 37 232 37 232 232 232 232 37 232 232 37 37 232 37 232 37 232 232 37 37 232 37 37 37 37 232 37 37 37 37 232 37 232 37 232 37 37 232 37 232 232 232 232 232 232 37 232 232 232 232 232 232 232 37 232 37 232 37 37 37 232 37 37 232 232 232 37 232 37 37 232 232 37 37 37 232 37 37 37 37 1 232 232 
c [Signal] Signal interruption. Caught signal: SIGTERM (15).
c [Label = 233] Encoding starts with target value = 195:
c [Label = 233] Encoding duration: 1560ms.
c [Label = 233] Number of clauses: 731755.
c [Label = 233] Number of variables: 253464.
c [Label = 233] Solving duration: 9 ms.
s [Label = 233] SAT (w = 195).
c [Label = 233] Label assignment: 38 38 233 233 233 38 38 38 38 38 233 38 38 233 38 38 38 233 233 233 38 233 233 38 233 233 38 38 38 233 233 233 233 233 38 38 233 38 233 38 38 233 38 233 233 233 233 233 233 233 233 233 38 38 233 38 38 233 233 233 233 233 233 233 233 38 233 38 233 38 233 38 38 38 38 38 38 233 38 38 233 233 38 233 38 38 233 38 38 38 38 38 233 233 38 233 38 233 233 233 233 38 38 233 233 233 233 38 233 38 233 38 38 38 38 233 233 233 233 233 38 233 233 233 233 233 233 38 233 233 38 233 233 233 233 38 38 233 38 233 233 233 38 38 38 38 38 38 233 38 38 233 38 38 233 233 233 233 38 38 38 38 233 38 233 233 38 233 38 38 38 38 233 233 38 233 233 233 38 38 38 38 38 38 38 233 233 233 233 38 38 233 38 233 233 233 38 38 38 233 38 38 38 233 233 233 38 38 233 38 38 233 38 233 38 38 233 38 233 233 233 233 38 38 38 233 38 233 233 38 233 38 38 233 233 233 233 38 38 38 233 233 38 38 233 233 233 233 38 38 38 38 233 233 233 233 38 233 233 38 38 233 38 38 233 233 233 233 233 233 38 233 233 38 38 38 233 38 233 233 233 38 233 38 233 233 38 233 233 38 38 233 233 233 233 233 38 38 233 233 38 38 38 38 38 233 38 38 38 38 233 233 38 233 38 233 38 38 233 38 233 233 38 38 233 38 38 233 233 38 38 38 233 233 233 233 233 233 38 38 233 233 38 233 233 38 233 38 233 38 38 38 233 38 233 38 38 38 38 38 38 38 38 233 38 233 233 233 233 38 233 38 38 38 38 233 38 38 233 38 38 38 233 233 233 38 233 38 38 38 38 233 38 233 233 233 38 38 38 233 233 233 38 38 233 38 233 38 38 233 38 233 233 233 233 38 38 38 233 38 38 38 38 233 233 233 38 38 38 38 233 38 38 233 233 233 233 38 233 233 38 38 233 38 38 38 233 38 38 233 38 233 233 233 233 38 38 38 38 38 233 233 38 38 233 38 233 233 233 233 38 233 233 38 38 233 38 233 38 233 233 38 38 233 38 38 38 38 233 38 38 38 38 233 38 233 38 233 38 38 233 38 233 233 233 233 233 233 38 233 233 233 233 233 233 233 38 233 38 233 38 38 38 233 38 38 233 233 233 38 233 38 38 233 233 38 38 38 233 38 38 38 38 1 233 233 
c [Signal] Signal interruption. Caught signal: SIGTERM (15).
c [Main] Lowest label SAT is set to 229.
c [Main] Kill higher label pid 231.
c [Main] Kill higher label pid 232.
c [Main] Kill higher label pid 233.
c [Label = 231] Encoding starts with target value = 195:
c [Label = 231] Encoding duration: 1511ms.
c [Label = 231] Number of clauses: 715566.
c [Label = 231] Number of variables: 251280.
c [Label = 231] Solving duration: 10 ms.
s [Label = 231] SAT (w = 195).
c [Label = 231] Label assignment: 36 36 231 231 231 36 36 36 36 36 231 36 36 231 36 36 36 231 231 231 36 231 231 36 231 231 36 36 36 231 231 231 231 231 36 36 231 36 231 36 36 231 36 231 231 231 231 231 231 231 231 231 36 36 231 36 36 231 231 231 231 231 231 231 231 36 231 36 231 36 231 36 36 36 36 36 36 231 36 36 231 231 36 231 36 36 231 36 36 36 36 36 231 231 36 231 36 231 231 231 231 36 36 231 231 231 231 36 231 36 231 36 36 36 36 231 231 231 231 231 36 231 231 231 231 231 231 36 231 231 36 231 231 231 231 36 36 231 36 231 231 231 36 36 36 36 36 36 231 36 36 231 36 36 231 231 231 231 36 36 36 36 231 36 231 231 36 231 36 36 36 36 231 231 36 231 231 231 36 36 36 36 36 36 36 231 231 231 231 36 36 231 36 231 231 231 36 36 36 231 36 36 36 231 231 231 36 36 231 36 36 231 36 231 36 36 231 36 231 231 231 231 36 36 36 231 36 231 231 36 231 36 36 231 231 231 231 36 36 36 231 231 36 36 231 231 231 231 36 36 36 36 231 231 231 231 36 231 231 36 36 231 36 36 231 231 231 231 231 231 36 231 231 36 36 36 231 36 231 231 231 36 231 36 231 231 36 231 231 36 36 231 231 231 231 231 36 36 231 231 36 36 36 36 36 231 36 36 36 36 231 231 36 231 36 231 36 36 231 36 231 231 36 36 231 36 36 231 231 36 36 36 231 231 231 231 231 231 36 36 231 231 36 231 231 36 231 36 231 36 36 36 231 36 231 36 36 36 36 36 36 36 36 231 36 231 231 231 231 36 231 36 36 36 36 231 36 36 231 36 36 36 231 231 231 36 231 36 36 36 36 231 36 231 231 231 36 36 36 231 231 231 36 36 231 36 231 36 36 231 36 231 231 231 231 36 36 36 231 36 36 36 36 231 231 231 36 36 36 36 231 36 36 231 231 231 231 36 231 231 36 36 231 36 36 36 231 36 36 231 36 231 231 231 231 36 36 36 36 36 231 231 36 36 231 36 231 231 231 231 36 231 231 36 36 231 36 231 36 231 231 36 36 231 36 36 36 36 231 36 36 36 36 231 36 231 36 231 36 36 231 36 231 231 231 231 231 231 36 231 231 231 231 231 231 231 36 231 36 231 36 36 36 231 36 36 231 231 231 36 231 36 36 231 231 36 36 36 231 36 36 36 36 1 231 231 
c [Signal] Signal interruption. Caught signal: SIGTERM (15).
c [Label = 225] Minimize Makespan Labeling problem (S-sherman4.mtx.rnd):
c [Label = 224] Minimize Makespan Labeling problem (S-sherman4.mtx.rnd):
c [Main] Lowest label SAT is set to 228.
c [Main] Kill higher label pid 231.
c [Main] Kill higher label pid 232.
c [Main] Kill higher label pid 233.
c [Label = 223] Minimize Makespan Labeling problem (S-sherman4.mtx.rnd):
c [Label = 227] Encoding starts with target value = 195:
c [Label = 227] Encoding duration: 1376ms.
c [Label = 227] Number of clauses: 683188.
c [Label = 227] Number of variables: 246912.
c [Label = 227] Solving duration: 8 ms.
s [Label = 227] SAT (w = 195).
c [Label = 227] Label assignment: 32 32 227 227 227 32 32 32 32 32 227 32 32 227 32 32 32 227 227 227 32 227 227 32 227 227 32 32 32 227 227 227 227 227 32 32 227 32 227 32 32 227 32 227 227 227 227 227 227 227 227 227 32 32 227 32 32 227 227 227 227 227 227 227 227 32 227 32 227 32 227 32 32 32 32 32 32 227 32 32 227 227 32 227 32 32 227 32 32 32 32 32 227 227 32 227 32 227 227 227 227 32 32 227 227 227 227 32 227 32 227 32 32 32 32 227 227 227 227 227 32 227 227 227 227 227 227 32 227 227 32 227 227 227 227 32 32 227 32 227 227 227 32 32 32 32 32 32 227 32 32 227 32 32 227 227 227 227 32 32 32 32 227 32 227 227 32 227 32 32 32 32 227 227 32 227 227 227 32 32 32 32 32 32 32 227 227 227 227 32 32 227 32 227 227 227 32 32 32 227 32 32 32 227 227 227 32 32 227 32 32 227 32 227 32 32 227 32 227 227 227 227 32 32 32 227 32 227 227 32 227 32 32 227 227 227 227 32 32 32 227 227 32 32 227 227 227 227 32 32 32 32 227 227 227 227 32 227 227 32 32 227 32 32 227 227 227 227 227 227 32 227 227 32 32 32 227 32 227 227 227 32 227 32 227 227 32 227 227 32 32 227 227 227 227 227 32 32 227 227 32 32 32 32 32 227 32 32 32 32 227 227 32 227 32 227 32 32 227 32 227 227 32 32 227 32 32 227 227 32 32 32 227 227 227 227 227 227 32 32 227 227 32 227 227 32 227 32 227 32 32 32 227 32 227 32 32 32 32 32 32 32 32 227 32 227 227 227 227 32 227 32 32 32 32 227 32 32 227 32 32 32 227 227 227 32 227 32 32 32 32 227 32 227 227 227 32 32 32 227 227 227 32 32 227 32 227 32 32 227 32 227 227 227 227 32 32 32 227 32 32 32 32 227 227 227 32 32 32 32 227 32 32 227 227 227 227 32 227 227 32 32 227 32 32 32 227 32 32 227 32 227 227 227 227 32 32 32 32 32 227 227 32 32 227 32 227 227 227 227 32 227 227 32 32 227 32 227 32 227 227 32 32 227 32 32 32 32 227 32 32 32 32 227 32 227 32 227 32 32 227 32 227 227 227 227 227 227 32 227 227 227 227 227 227 227 32 227 32 227 32 32 32 227 32 32 227 227 227 32 227 32 32 227 227 32 32 32 227 32 32 32 32 1 227 227 
c [Main] Child pid 232 - 60304 terminated by signal 15.
c [Main] Child pid 233 - 60303 terminated by signal 15.
c [Label = 222] Minimize Makespan Labeling problem (S-sherman4.mtx.rnd):
c [Label = 221] Minimize Makespan Labeling problem (S-sherman4.mtx.rnd):
c [Main] Child pid 231 - 60305 terminated by signal 15.
c [Label = 220] Minimize Makespan Labeling problem (S-sherman4.mtx.rnd):
c [Main] Lowest label SAT is set to 227.
c [Label = 219] Minimize Makespan Labeling problem (S-sherman4.mtx.rnd):
c [Label = 226] Encoding starts with target value = 195:
c [Label = 226] Encoding duration: 1434ms.
c [Label = 226] Number of clauses: 675094.
c [Label = 226] Number of variables: 245820.
c [Label = 226] Solving duration: 8 ms.
s [Label = 226] SAT (w = 195).
c [Label = 226] Label assignment: 31 31 226 226 226 31 31 31 31 31 226 31 31 226 31 31 31 226 226 226 31 226 226 31 226 226 31 31 31 226 226 226 226 226 31 31 226 31 226 31 31 226 31 226 226 226 226 226 226 226 226 226 31 31 226 31 31 226 226 226 226 226 226 226 226 31 226 31 226 31 226 31 31 31 31 31 31 226 31 31 226 226 31 226 31 31 226 31 31 31 31 31 226 226 31 226 31 226 226 226 226 31 31 226 226 226 226 31 226 31 226 31 31 31 31 226 226 226 226 226 31 226 226 226 226 226 226 31 226 226 31 226 226 226 226 31 31 226 31 226 226 226 31 31 31 31 31 31 226 31 31 226 31 31 226 226 226 226 31 31 31 31 226 31 226 226 31 226 31 31 31 31 226 226 31 226 226 226 31 31 31 31 31 31 31 226 226 226 226 31 31 226 31 226 226 226 31 31 31 226 31 31 31 226 226 226 31 31 226 31 31 226 31 226 31 31 226 31 226 226 226 226 31 31 31 226 31 226 226 31 226 31 31 226 226 226 226 31 31 31 226 226 31 31 226 226 226 226 31 31 31 31 226 226 226 226 31 226 226 31 31 226 31 31 226 226 226 226 226 226 31 226 226 31 31 31 226 31 226 226 226 31 226 31 226 226 31 226 226 31 31 226 226 226 226 226 31 31 226 226 31 31 31 31 31 226 31 31 31 31 226 226 31 226 31 226 31 31 226 31 226 226 31 31 226 31 31 226 226 31 31 31 226 226 226 226 226 226 31 31 226 226 31 226 226 31 226 31 226 31 31 31 226 31 226 31 31 31 31 31 31 31 31 226 31 226 226 226 226 31 226 31 31 31 31 226 31 31 226 31 31 31 226 226 226 31 226 31 31 31 31 226 31 226 226 226 31 31 31 226 226 226 31 31 226 31 226 31 31 226 31 226 226 226 226 31 31 31 226 31 31 31 31 226 226 226 31 31 31 31 226 31 31 226 226 226 226 31 226 226 31 31 226 31 31 31 226 31 31 226 31 226 226 226 226 31 31 31 31 31 226 226 31 31 226 31 226 226 226 226 31 226 226 31 31 226 31 226 31 226 226 31 31 226 31 31 31 31 226 31 31 31 31 226 31 226 31 226 31 31 226 31 226 226 226 226 226 226 31 226 226 226 226 226 226 226 31 226 31 226 31 31 31 226 31 31 226 226 226 31 226 31 31 226 226 31 31 31 226 31 31 31 31 1 226 226 
c [Main] Lowest label SAT is set to 226.
c [Label = 218] Minimize Makespan Labeling problem (S-sherman4.mtx.rnd):
c [Label = 219] Encoding starts with target value = 195:
c [Label = 219] Encoding duration: 1252ms.
c [Label = 219] Number of clauses: 618432.
c [Label = 219] Number of variables: 238176.
c [Label = 219] Solving duration: 7 ms.
s [Label = 219] SAT (w = 195).
c [Label = 219] Label assignment: 24 24 219 219 219 24 24 24 24 24 219 24 24 219 24 24 24 219 219 219 24 219 219 24 219 219 24 24 24 219 219 219 219 219 24 24 219 24 219 24 24 219 24 219 219 219 219 219 219 219 219 219 24 24 219 24 24 219 219 219 219 219 219 219 219 24 219 24 219 24 219 24 24 24 24 24 24 219 24 24 219 219 24 219 24 24 219 24 24 24 24 24 219 219 24 219 24 219 219 219 219 24 24 219 219 219 219 24 219 24 219 24 24 24 24 219 219 219 219 219 24 219 219 219 219 219 219 24 219 219 24 219 219 219 219 24 24 219 24 219 219 219 24 24 24 24 24 24 219 24 24 219 24 24 219 219 219 219 24 24 24 24 219 24 219 219 24 219 24 24 24 24 219 219 24 219 219 219 24 24 24 24 24 24 24 219 219 219 219 24 24 219 24 219 219 219 24 24 24 219 24 24 24 219 219 219 24 24 219 24 24 219 24 219 24 24 219 24 219 219 219 219 24 24 24 219 24 219 219 24 219 24 24 219 219 219 219 24 24 24 219 219 24 24 219 219 219 219 24 24 24 24 219 219 219 219 24 219 219 24 24 219 24 24 219 219 219 219 219 219 24 219 219 24 24 24 219 24 219 219 219 24 219 24 219 219 24 219 219 24 24 219 219 219 219 219 24 24 219 219 24 24 24 24 24 219 24 24 24 24 219 219 24 219 24 219 24 24 219 24 219 219 24 24 219 24 24 219 219 24 24 24 219 219 219 219 219 219 24 24 219 219 24 219 219 24 219 24 219 24 24 24 219 24 219 24 24 24 24 24 24 24 24 219 24 219 219 219 219 24 219 24 24 24 24 219 24 24 219 24 24 24 219 219 219 24 219 24 24 24 24 219 24 219 219 219 24 24 24 219 219 219 24 24 219 24 219 24 24 219 24 219 219 219 219 24 24 24 219 24 24 24 24 219 219 219 24 24 24 24 219 24 24 219 219 219 219 24 219 219 24 24 219 24 24 24 219 24 24 219 24 219 219 219 219 24 24 24 24 24 219 219 24 24 219 24 219 219 219 219 24 219 219 24 24 219 24 219 24 219 219 24 24 219 24 24 24 24 219 24 24 24 24 219 24 219 24 219 24 24 219 24 219 219 219 219 219 219 24 219 219 219 219 219 219 219 24 219 24 219 24 24 24 219 24 24 219 219 219 24 219 24 24 219 219 24 24 24 219 24 24 24 24 1 219 219 
c [Label = 220] Encoding starts with target value = 195:
c [Label = 220] Encoding duration: 1282ms.
c [Label = 220] Number of clauses: 626527.
c [Label = 220] Number of variables: 239268.
c [Label = 220] Solving duration: 6 ms.
s [Label = 220] SAT (w = 195).
c [Label = 220] Label assignment: 25 25 220 220 220 25 25 25 25 25 220 25 25 220 25 25 25 220 220 220 25 220 220 25 220 220 25 25 25 220 220 220 220 220 25 25 220 25 220 25 25 220 25 220 220 220 220 220 220 220 220 220 25 25 220 25 25 220 220 220 220 220 220 220 220 25 220 25 220 25 220 25 25 25 25 25 25 220 25 25 220 220 25 220 25 25 220 25 25 25 25 25 220 220 25 220 25 220 220 220 220 25 25 220 220 220 220 25 220 25 220 25 25 25 25 220 220 220 220 220 25 220 220 220 220 220 220 25 220 220 25 220 220 220 220 25 25 220 25 220 220 220 25 25 25 25 25 25 220 25 25 220 25 25 220 220 220 220 25 25 25 25 220 25 220 220 25 220 25 25 25 25 220 220 25 220 220 220 25 25 25 25 25 25 25 220 220 220 220 25 25 220 25 220 220 220 25 25 25 220 25 25 25 220 220 220 25 25 220 25 25 220 25 220 25 25 220 25 220 220 220 220 25 25 25 220 25 220 220 25 220 25 25 220 220 220 220 25 25 25 220 220 25 25 220 220 220 220 25 25 25 25 220 220 220 220 25 220 220 25 25 220 25 25 220 220 220 220 220 220 25 220 220 25 25 25 220 25 220 220 220 25 220 25 220 220 25 220 220 25 25 220 220 220 220 220 25 25 220 220 25 25 25 25 25 220 25 25 25 25 220 220 25 220 25 220 25 25 220 25 220 220 25 25 220 25 25 220 220 25 25 25 220 220 220 220 220 220 25 25 220 220 25 220 220 25 220 25 220 25 25 25 220 25 220 25 25 25 25 25 25 25 25 220 25 220 220 220 220 25 220 25 25 25 25 220 25 25 220 25 25 25 220 220 220 25 220 25 25 25 25 220 25 220 220 220 25 25 25 220 220 220 25 25 220 25 220 25 25 220 25 220 220 220 220 25 25 25 220 25 25 25 25 220 220 220 25 25 25 25 220 25 25 220 220 220 220 25 220 220 25 25 220 25 25 25 220 25 25 220 25 220 220 220 220 25 25 25 25 25 220 220 25 25 220 25 220 220 220 220 25 220 220 25 25 220 25 220 25 220 220 25 25 220 25 25 25 25 220 25 25 25 25 220 25 220 25 220 25 25 220 25 220 220 220 220 220 220 25 220 220 220 220 220 220 220 25 220 25 220 25 25 25 220 25 25 220 220 220 25 220 25 25 220 220 25 25 25 220 25 25 25 25 1 220 220 
c [Label = 222] Encoding starts with target value = 195:
c [Label = 222] Encoding duration: 1326ms.
c [Label = 222] Number of clauses: 642716.
c [Label = 222] Number of variables: 241452.
c [Label = 222] Solving duration: 7 ms.
s [Label = 222] SAT (w = 195).
c [Label = 222] Label assignment: 27 27 222 222 222 27 27 27 27 27 222 27 27 222 27 27 27 222 222 222 27 222 222 27 222 222 27 27 27 222 222 222 222 222 27 27 222 27 222 27 27 222 27 222 222 222 222 222 222 222 222 222 27 27 222 27 27 222 222 222 222 222 222 222 222 27 222 27 222 27 222 27 27 27 27 27 27 222 27 27 222 222 27 222 27 27 222 27 27 27 27 27 222 222 27 222 27 222 222 222 222 27 27 222 222 222 222 27 222 27 222 27 27 27 27 222 222 222 222 222 27 222 222 222 222 222 222 27 222 222 27 222 222 222 222 27 27 222 27 222 222 222 27 27 27 27 27 27 222 27 27 222 27 27 222 222 222 222 27 27 27 27 222 27 222 222 27 222 27 27 27 27 222 222 27 222 222 222 27 27 27 27 27 27 27 222 222 222 222 27 27 222 27 222 222 222 27 27 27 222 27 27 27 222 222 222 27 27 222 27 27 222 27 222 27 27 222 27 222 222 222 222 27 27 27 222 27 222 222 27 222 27 27 222 222 222 222 27 27 27 222 222 27 27 222 222 222 222 27 27 27 27 222 222 222 222 27 222 222 27 27 222 27 27 222 222 222 222 222 222 27 222 222 27 27 27 222 27 222 222 222 27 222 27 222 222 27 222 222 27 27 222 222 222 222 222 27 27 222 222 27 27 27 27 27 222 27 27 27 27 222 222 27 222 27 222 27 27 222 27 222 222 27 27 222 27 27 222 222 27 27 27 222 222 222 222 222 222 27 27 222 222 27 222 222 27 222 27 222 27 27 27 222 27 222 27 27 27 27 27 27 27 27 222 27 222 222 222 222 27 222 27 27 27 27 222 27 27 222 27 27 27 222 222 222 27 222 27 27 27 27 222 27 222 222 222 27 27 27 222 222 222 27 27 222 27 222 27 27 222 27 222 222 222 222 27 27 27 222 27 27 27 27 222 222 222 27 27 27 27 222 27 27 222 222 222 222 27 222 222 27 27 222 27 27 27 222 27 27 222 27 222 222 222 222 27 27 27 27 27 222 222 27 27 222 27 222 222 222 222 27 222 222 27 27 222 27 222 27 222 222 27 27 222 27 27 27 27 222 27 27 27 27 222 27 222 27 222 27 27 222 27 222 222 222 222 222 222 27 222 222 222 222 222 222 222 27 222 27 222 27 27 27 222 27 27 222 222 222 27 222 27 27 222 222 27 27 27 222 27 27 27 27 1 222 222 
c [Signal] Signal interruption. Caught signal: SIGTERM (15).
c [Label = 221] Encoding starts with target value = 195:
c [Label = 221] Encoding duration: 1323ms.
c [Label = 221] Number of clauses: 634621.
c [Label = 221] Number of variables: 240360.
c [Label = 221] Solving duration: 8 ms.
s [Label = 221] SAT (w = 195).
c [Label = 221] Label assignment: 26 26 221 221 221 26 26 26 26 26 221 26 26 221 26 26 26 221 221 221 26 221 221 26 221 221 26 26 26 221 221 221 221 221 26 26 221 26 221 26 26 221 26 221 221 221 221 221 221 221 221 221 26 26 221 26 26 221 221 221 221 221 221 221 221 26 221 26 221 26 221 26 26 26 26 26 26 221 26 26 221 221 26 221 26 26 221 26 26 26 26 26 221 221 26 221 26 221 221 221 221 26 26 221 221 221 221 26 221 26 221 26 26 26 26 221 221 221 221 221 26 221 221 221 221 221 221 26 221 221 26 221 221 221 221 26 26 221 26 221 221 221 26 26 26 26 26 26 221 26 26 221 26 26 221 221 221 221 26 26 26 26 221 26 221 221 26 221 26 26 26 26 221 221 26 221 221 221 26 26 26 26 26 26 26 221 221 221 221 26 26 221 26 221 221 221 26 26 26 221 26 26 26 221 221 221 26 26 221 26 26 221 26 221 26 26 221 26 221 221 221 221 26 26 26 221 26 221 221 26 221 26 26 221 221 221 221 26 26 26 221 221 26 26 221 221 221 221 26 26 26 26 221 221 221 221 26 221 221 26 26 221 26 26 221 221 221 221 221 221 26 221 221 26 26 26 221 26 221 221 221 26 221 26 221 221 26 221 221 26 26 221 221 221 221 221 26 26 221 221 26 26 26 26 26 221 26 26 26 26 221 221 26 221 26 221 26 26 221 26 221 221 26 26 221 26 26 221 221 26 26 26 221 221 221 221 221 221 26 26 221 221 26 221 221 26 221 26 221 26 26 26 221 26 221 26 26 26 26 26 26 26 26 221 26 221 221 221 221 26 221 26 26 26 26 221 26 26 221 26 26 26 221 221 221 26 221 26 26 26 26 221 26 221 221 221 26 26 26 221 221 221 26 26 221 26 221 26 26 221 26 221 221 221 221 26 26 26 221 26 26 26 26 221 221 221 26 26 26 26 221 26 26 221 221 221 221 26 221 221 26 26 221 26 26 26 221 26 26 221 26 221 221 221 221 26 26 26 26 26 221 221 26 26 221 26 221 221 221 221 26 221 221 26 26 221 26 221 26 221 221 26 26 221 26 26 26 26 221 26 26 26 26 221 26 221 26 221 26 26 221 26 221 221 221 221 221 221 26 221 221 221 221 221 221 221 26 221 26 221 26 26 26 221 26 26 221 221 221 26 221 26 26 221 221 26 26 26 221 26 26 26 26 1 221 221 
c [Signal] Signal interruption. Caught signal: SIGTERM (15).
c [Label = 223] Encoding starts with target value = 195:
c [Label = 223] Encoding duration: 1404ms.
c [Label = 223] Number of clauses: 650810.
c [Label = 223] Number of variables: 242544.
c [Label = 223] Solving duration: 9 ms.
s [Label = 223] SAT (w = 195).
c [Label = 223] Label assignment: 28 28 223 223 223 28 28 28 28 28 223 28 28 223 28 28 28 223 223 223 28 223 223 28 223 223 28 28 28 223 223 223 223 223 28 28 223 28 223 28 28 223 28 223 223 223 223 223 223 223 223 223 28 28 223 28 28 223 223 223 223 223 223 223 223 28 223 28 223 28 223 28 28 28 28 28 28 223 28 28 223 223 28 223 28 28 223 28 28 28 28 28 223 223 28 223 28 223 223 223 223 28 28 223 223 223 223 28 223 28 223 28 28 28 28 223 223 223 223 223 28 223 223 223 223 223 223 28 223 223 28 223 223 223 223 28 28 223 28 223 223 223 28 28 28 28 28 28 223 28 28 223 28 28 223 223 223 223 28 28 28 28 223 28 223 223 28 223 28 28 28 28 223 223 28 223 223 223 28 28 28 28 28 28 28 223 223 223 223 28 28 223 28 223 223 223 28 28 28 223 28 28 28 223 223 223 28 28 223 28 28 223 28 223 28 28 223 28 223 223 223 223 28 28 28 223 28 223 223 28 223 28 28 223 223 223 223 28 28 28 223 223 28 28 223 223 223 223 28 28 28 28 223 223 223 223 28 223 223 28 28 223 28 28 223 223 223 223 223 223 28 223 223 28 28 28 223 28 223 223 223 28 223 28 223 223 28 223 223 28 28 223 223 223 223 223 28 28 223 223 28 28 28 28 28 223 28 28 28 28 223 223 28 223 28 223 28 28 223 28 223 223 28 28 223 28 28 223 223 28 28 28 223 223 223 223 223 223 28 28 223 223 28 223 223 28 223 28 223 28 28 28 223 28 223 28 28 28 28 28 28 28 28 223 28 223 223 223 223 28 223 28 28 28 28 223 28 28 223 28 28 28 223 223 223 28 223 28 28 28 28 223 28 223 223 223 28 28 28 223 223 223 28 28 223 28 223 28 28 223 28 223 223 223 223 28 28 28 223 28 28 28 28 223 223 223 28 28 28 28 223 28 28 223 223 223 223 28 223 223 28 28 223 28 28 28 223 28 28 223 28 223 223 223 223 28 28 28 28 28 223 223 28 28 223 28 223 223 223 223 28 223 223 28 28 223 28 223 28 223 223 28 28 223 28 28 28 28 223 28 28 28 28 223 28 223 28 223 28 28 223 28 223 223 223 223 223 223 28 223 223 223 223 223 223 223 28 223 28 223 28 28 28 223 28 28 223 223 223 28 223 28 28 223 223 28 28 28 223 28 28 28 28 1 223 223 
c [Signal] Signal interruption. Caught signal: SIGTERM (15).
c [Main] Lowest label SAT is set to 219.
c [Main] Kill higher label pid 220.
c [Main] Kill higher label pid 221.
c [Main] Kill higher label pid 222.
c [Main] Kill higher label pid 223.
c [Main] Kill higher label pid 224.
c [Main] Kill higher label pid 225.
c [Label = 224] Encoding starts with target value = 195:
c [Label = 224] Encoding duration: 1326ms.
c [Label = 224] Number of clauses: 658905.
c [Label = 224] Number of variables: 243636.
c [Label = 224] Solving duration: 7 ms.
s [Label = 224] SAT (w = 195).
c [Label = 224] Label assignment: 29 29 224 224 224 29 29 29 29 29 224 29 29 224 29 29 29 224 224 224 29 224 224 29 224 224 29 29 29 224 224 224 224 224 29 29 224 29 224 29 29 224 29 224 224 224 224 224 224 224 224 224 29 29 224 29 29 224 224 224 224 224 224 224 224 29 224 29 224 29 224 29 29 29 29 29 29 224 29 29 224 224 29 224 29 29 224 29 29 29 29 29 224 224 29 224 29 224 224 224 224 29 29 224 224 224 224 29 224 29 224 29 29 29 29 224 224 224 224 224 29 224 224 224 224 224 224 29 224 224 29 224 224 224 224 29 29 224 29 224 224 224 29 29 29 29 29 29 224 29 29 224 29 29 224 224 224 224 29 29 29 29 224 29 224 224 29 224 29 29 29 29 224 224 29 224 224 224 29 29 29 29 29 29 29 224 224 224 224 29 29 224 29 224 224 224 29 29 29 224 29 29 29 224 224 224 29 29 224 29 29 224 29 224 29 29 224 29 224 224 224 224 29 29 29 224 29 224 224 29 224 29 29 224 224 224 224 29 29 29 224 224 29 29 224 224 224 224 29 29 29 29 224 224 224 224 29 224 224 29 29 224 29 29 224 224 224 224 224 224 29 224 224 29 29 29 224 29 224 224 224 29 224 29 224 224 29 224 224 29 29 224 224 224 224 224 29 29 224 224 29 29 29 29 29 224 29 29 29 29 224 224 29 224 29 224 29 29 224 29 224 224 29 29 224 29 29 224 224 29 29 29 224 224 224 224 224 224 29 29 224 224 29 224 224 29 224 29 224 29 29 29 224 29 224 29 29 29 29 29 29 29 29 224 29 224 224 224 224 29 224 29 29 29 29 224 29 29 224 29 29 29 224 224 224 29 224 29 29 29 29 224 29 224 224 224 29 29 29 224 224 224 29 29 224 29 224 29 29 224 29 224 224 224 224 29 29 29 224 29 29 29 29 224 224 224 29 29 29 29 224 29 29 224 224 224 224 29 224 224 29 29 224 29 29 29 224 29 29 224 29 224 224 224 224 29 29 29 29 29 224 224 29 29 224 29 224 224 224 224 29 224 224 29 29 224 29 224 29 224 224 29 29 224 29 29 29 29 224 29 29 29 29 224 29 224 29 224 29 29 224 29 224 224 224 224 224 224 29 224 224 224 224 224 224 224 29 224 29 224 29 29 29 224 29 29 224 224 224 29 224 29 29 224 224 29 29 29 224 29 29 29 29 1 224 224 
c [Signal] Signal interruption. Caught signal: SIGTERM (15).
c [Label = 225] Encoding starts with target value = 195:
c [Label = 225] Encoding duration: 1442ms.
c [Label = 225] Number of clauses: 666999.
c [Label = 225] Number of variables: 244728.
c [Label = 225] Solving duration: 8 ms.
s [Label = 225] SAT (w = 195).
c [Label = 225] Label assignment: 30 30 225 225 225 30 30 30 30 30 225 30 30 225 30 30 30 225 225 225 30 225 225 30 225 225 30 30 30 225 225 225 225 225 30 30 225 30 225 30 30 225 30 225 225 225 225 225 225 225 225 225 30 30 225 30 30 225 225 225 225 225 225 225 225 30 225 30 225 30 225 30 30 30 30 30 30 225 30 30 225 225 30 225 30 30 225 30 30 30 30 30 225 225 30 225 30 225 225 225 225 30 30 225 225 225 225 30 225 30 225 30 30 30 30 225 225 225 225 225 30 225 225 225 225 225 225 30 225 225 30 225 225 225 225 30 30 225 30 225 225 225 30 30 30 30 30 30 225 30 30 225 30 30 225 225 225 225 30 30 30 30 225 30 225 225 30 225 30 30 30 30 225 225 30 225 225 225 30 30 30 30 30 30 30 225 225 225 225 30 30 225 30 225 225 225 30 30 30 225 30 30 30 225 225 225 30 30 225 30 30 225 30 225 30 30 225 30 225 225 225 225 30 30 30 225 30 225 225 30 225 30 30 225 225 225 225 30 30 30 225 225 30 30 225 225 225 225 30 30 30 30 225 225 225 225 30 225 225 30 30 225 30 30 225 225 225 225 225 225 30 225 225 30 30 30 225 30 225 225 225 30 225 30 225 225 30 225 225 30 30 225 225 225 225 225 30 30 225 225 30 30 30 30 30 225 30 30 30 30 225 225 30 225 30 225 30 30 225 30 225 225 30 30 225 30 30 225 225 30 30 30 225 225 225 225 225 225 30 30 225 225 30 225 225 30 225 30 225 30 30 30 225 30 225 30 30 30 30 30 30 30 30 225 30 225 225 225 225 30 225 30 30 30 30 225 30 30 225 30 30 30 225 225 225 30 225 30 30 30 30 225 30 225 225 225 30 30 30 225 225 225 30 30 225 30 225 30 30 225 30 225 225 225 225 30 30 30 225 30 30 30 30 225 225 225 30 30 30 30 225 30 30 225 225 225 225 30 225 225 30 30 225 30 30 30 225 30 30 225 30 225 225 225 225 30 30 30 30 30 225 225 30 30 225 30 225 225 225 225 30 225 225 30 30 225 30 225 30 225 225 30 30 225 30 30 30 30 225 30 30 30 30 225 30 225 30 225 30 30 225 30 225 225 225 225 225 225 30 225 225 225 225 225 225 225 30 225 30 225 30 30 30 225 30 30 225 225 225 30 225 30 30 225 225 30 30 30 225 30 30 30 30 1 225 225 
c [Signal] Signal interruption. Caught signal: SIGTERM (15).
c [Label = 217] Minimize Makespan Labeling problem (S-sherman4.mtx.rnd):
c [Main] Kill higher label pid 221.
c [Main] Kill higher label pid 222.
c [Main] Kill higher label pid 223.
c [Main] Kill higher label pid 224.
c [Main] Kill higher label pid 225.
c [Label = 216] Minimize Makespan Labeling problem (S-sherman4.mtx.rnd):
c [Main] Child pid 223 - 60313 terminated by signal 15.
c [Label = 215] Minimize Makespan Labeling problem (S-sherman4.mtx.rnd):
c [Main] Child pid 222 - 60314 terminated by signal 15.
c [Main] Child pid 224 - 60312 terminated by signal 15.
c [Main] Child pid 221 - 60315 terminated by signal 15.
c [Main] Child pid 225 - 60311 terminated by signal 15.
c [Label = 214] Minimize Makespan Labeling problem (S-sherman4.mtx.rnd):
c [Label = 213] Minimize Makespan Labeling problem (S-sherman4.mtx.rnd):
c [Label = 212] Minimize Makespan Labeling problem (S-sherman4.mtx.rnd):
c [Label = 211] Minimize Makespan Labeling problem (S-sherman4.mtx.rnd):
c [Label = 218] Encoding starts with target value = 195:
c [Label = 218] Encoding duration: 1242ms.
c [Label = 218] Number of clauses: 610338.
c [Label = 218] Number of variables: 237084.
c [Label = 218] Solving duration: 7 ms.
s [Label = 218] SAT (w = 195).
c [Label = 218] Label assignment: 23 23 218 218 218 23 23 23 23 23 218 23 23 218 23 23 23 218 218 218 23 218 218 23 218 218 23 23 23 218 218 218 218 218 23 23 218 23 218 23 23 218 23 218 218 218 218 218 218 218 218 218 23 23 218 23 23 218 218 218 218 218 218 218 218 23 218 23 218 23 218 23 23 23 23 23 23 218 23 23 218 218 23 218 23 23 218 23 23 23 23 23 218 218 23 218 23 218 218 218 218 23 23 218 218 218 218 23 218 23 218 23 23 23 23 218 218 218 218 218 23 218 218 218 218 218 218 23 218 218 23 218 218 218 218 23 23 218 23 218 218 218 23 23 23 23 23 23 218 23 23 218 23 23 218 218 218 218 23 23 23 23 218 23 218 218 23 218 23 23 23 23 218 218 23 218 218 218 23 23 23 23 23 23 23 218 218 218 218 23 23 218 23 218 218 218 23 23 23 218 23 23 23 218 218 218 23 23 218 23 23 218 23 218 23 23 218 23 218 218 218 218 23 23 23 218 23 218 218 23 218 23 23 218 218 218 218 23 23 23 218 218 23 23 218 218 218 218 23 23 23 23 218 218 218 218 23 218 218 23 23 218 23 23 218 218 218 218 218 218 23 218 218 23 23 23 218 23 218 218 218 23 218 23 218 218 23 218 218 23 23 218 218 218 218 218 23 23 218 218 23 23 23 23 23 218 23 23 23 23 218 218 23 218 23 218 23 23 218 23 218 218 23 23 218 23 23 218 218 23 23 23 218 218 218 218 218 218 23 23 218 218 23 218 218 23 218 23 218 23 23 23 218 23 218 23 23 23 23 23 23 23 23 218 23 218 218 218 218 23 218 23 23 23 23 218 23 23 218 23 23 23 218 218 218 23 218 23 23 23 23 218 23 218 218 218 23 23 23 218 218 218 23 23 218 23 218 23 23 218 23 218 218 218 218 23 23 23 218 23 23 23 23 218 218 218 23 23 23 23 218 23 23 218 218 218 218 23 218 218 23 23 218 23 23 23 218 23 23 218 23 218 218 218 218 23 23 23 23 23 218 218 23 23 218 23 218 218 218 218 23 218 218 23 23 218 23 218 23 218 218 23 23 218 23 23 23 23 218 23 23 23 23 218 23 218 23 218 23 23 218 23 218 218 218 218 218 218 23 218 218 218 218 218 218 218 23 218 23 218 23 23 23 218 23 23 218 218 218 23 218 23 23 218 218 23 23 23 218 23 23 23 23 1 218 218 
c [Main] Lowest label SAT is set to 218.
c [Label = 210] Minimize Makespan Labeling problem (S-sherman4.mtx.rnd):
c [Label = 213] Encoding starts with target value = 195:
c [Label = 213] Encoding duration: 1187ms.
c [Label = 213] Number of clauses: 569865.
c [Label = 213] Number of variables: 231624.
c [Label = 213] Solving duration: 5 ms.
s [Label = 213] SAT (w = 195).
c [Label = 213] Label assignment: 18 18 213 213 213 18 18 18 18 18 213 18 18 213 18 18 18 213 213 213 18 213 213 18 213 213 18 18 18 213 213 213 213 213 18 18 213 18 213 18 18 213 18 213 213 213 213 213 213 213 213 213 18 18 213 18 18 213 213 213 213 213 213 213 213 18 213 18 213 18 213 18 18 18 18 18 18 213 18 18 213 213 18 213 18 18 213 18 18 18 18 18 213 213 18 213 18 213 213 213 213 18 18 213 213 213 213 18 213 18 213 18 18 18 18 213 213 213 213 213 18 213 213 213 213 213 213 18 213 213 18 213 213 213 213 18 18 213 18 213 213 213 18 18 18 18 18 18 213 18 18 213 18 18 213 213 213 213 18 18 18 18 213 18 213 213 18 213 18 18 18 18 213 213 18 213 213 213 18 18 18 18 18 18 18 213 213 213 213 18 18 213 18 213 213 213 18 18 18 213 18 18 18 213 213 213 18 18 213 18 18 213 18 213 18 18 213 18 213 213 213 213 18 18 18 213 18 213 213 18 213 18 18 213 213 213 213 18 18 18 213 213 18 18 213 213 213 213 18 18 18 18 213 213 213 213 18 213 213 18 18 213 18 18 213 213 213 213 213 213 18 213 213 18 18 18 213 18 213 213 213 18 213 18 213 213 18 213 213 18 18 213 213 213 213 213 18 18 213 213 18 18 18 18 18 213 18 18 18 18 213 213 18 213 18 213 18 18 213 18 213 213 18 18 213 18 18 213 213 18 18 18 213 213 213 213 213 213 18 18 213 213 18 213 213 18 213 18 213 18 18 18 213 18 213 18 18 18 18 18 18 18 18 213 18 213 213 213 213 18 213 18 18 18 18 213 18 18 213 18 18 18 213 213 213 18 213 18 18 18 18 213 18 213 213 213 18 18 18 213 213 213 18 18 213 18 213 18 18 213 18 213 213 213 213 18 18 18 213 18 18 18 18 213 213 213 18 18 18 18 213 18 18 213 213 213 213 18 213 213 18 18 213 18 18 18 213 18 18 213 18 213 213 213 213 18 18 18 18 18 213 213 18 18 213 18 213 213 213 213 18 213 213 18 18 213 18 213 18 213 213 18 18 213 18 18 18 18 213 18 18 18 18 213 18 213 18 213 18 18 213 18 213 213 213 213 213 213 18 213 213 213 213 213 213 213 18 213 18 213 18 18 18 213 18 18 213 213 213 18 213 18 18 213 213 18 18 18 213 18 18 18 18 1 213 213 
c [Label = 211] Encoding starts with target value = 195:
c [Label = 211] Encoding duration: 1200ms.
c [Label = 211] Number of clauses: 553676.
c [Label = 211] Number of variables: 229440.
c [Label = 211] Solving duration: 5 ms.
s [Label = 211] SAT (w = 195).
c [Label = 211] Label assignment: 16 16 211 211 211 16 16 16 16 16 211 16 16 211 16 16 16 211 211 211 16 211 211 16 211 211 16 16 16 211 211 211 211 211 16 16 211 16 211 16 16 211 16 211 211 211 211 211 211 211 211 211 16 16 211 16 16 211 211 211 211 211 211 211 211 16 211 16 211 16 211 16 16 16 16 16 16 211 16 16 211 211 16 211 16 16 211 16 16 16 16 16 211 211 16 211 16 211 211 211 211 16 16 211 211 211 211 16 211 16 211 16 16 16 16 211 211 211 211 211 16 211 211 211 211 211 211 16 211 211 16 211 211 211 211 16 16 211 16 211 211 211 16 16 16 16 16 16 211 16 16 211 16 16 211 211 211 211 16 16 16 16 211 16 211 211 16 211 16 16 16 16 211 211 16 211 211 211 16 16 16 16 16 16 16 211 211 211 211 16 16 211 16 211 211 211 16 16 16 211 16 16 16 211 211 211 16 16 211 16 16 211 16 211 16 16 211 16 211 211 211 211 16 16 16 211 16 211 211 16 211 16 16 211 211 211 211 16 16 16 211 211 16 16 211 211 211 211 16 16 16 16 211 211 211 211 16 211 211 16 16 211 16 16 211 211 211 211 211 211 16 211 211 16 16 16 211 16 211 211 211 16 211 16 211 211 16 211 211 16 16 211 211 211 211 211 16 16 211 211 16 16 16 16 16 211 16 16 16 16 211 211 16 211 16 211 16 16 211 16 211 211 16 16 211 16 16 211 211 16 16 16 211 211 211 211 211 211 16 16 211 211 16 211 211 16 211 16 211 16 16 16 211 16 211 16 16 16 16 16 16 16 16 211 16 211 211 211 211 16 211 16 16 16 16 211 16 16 211 16 16 16 211 211 211 16 211 16 16 16 16 211 16 211 211 211 16 16 16 211 211 211 16 16 211 16 211 16 16 211 16 211 211 211 211 16 16 16 211 16 16 16 16 211 211 211 16 16 16 16 211 16 16 211 211 211 211 16 211 211 16 16 211 16 16 16 211 16 16 211 16 211 211 211 211 16 16 16 16 16 211 211 16 16 211 16 211 211 211 211 16 211 211 16 16 211 16 211 16 211 211 16 16 211 16 16 16 16 211 16 16 16 16 211 16 211 16 211 16 16 211 16 211 211 211 211 211 211 16 211 211 211 211 211 211 211 16 211 16 211 16 16 16 211 16 16 211 211 211 16 211 16 16 211 211 16 16 16 211 16 16 16 16 1 211 211 
c [Label = 212] Encoding starts with target value = 195:
c [Label = 212] Encoding duration: 1192ms.
c [Label = 212] Number of clauses: 561771.
c [Label = 212] Number of variables: 230532.
c [Label = 212] Solving duration: 5 ms.
s [Label = 212] SAT (w = 195).
c [Label = 212] Label assignment: 17 17 212 212 212 17 17 17 17 17 212 17 17 212 17 17 17 212 212 212 17 212 212 17 212 212 17 17 17 212 212 212 212 212 17 17 212 17 212 17 17 212 17 212 212 212 212 212 212 212 212 212 17 17 212 17 17 212 212 212 212 212 212 212 212 17 212 17 212 17 212 17 17 17 17 17 17 212 17 17 212 212 17 212 17 17 212 17 17 17 17 17 212 212 17 212 17 212 212 212 212 17 17 212 212 212 212 17 212 17 212 17 17 17 17 212 212 212 212 212 17 212 212 212 212 212 212 17 212 212 17 212 212 212 212 17 17 212 17 212 212 212 17 17 17 17 17 17 212 17 17 212 17 17 212 212 212 212 17 17 17 17 212 17 212 212 17 212 17 17 17 17 212 212 17 212 212 212 17 17 17 17 17 17 17 212 212 212 212 17 17 212 17 212 212 212 17 17 17 212 17 17 17 212 212 212 17 17 212 17 17 212 17 212 17 17 212 17 212 212 212 212 17 17 17 212 17 212 212 17 212 17 17 212 212 212 212 17 17 17 212 212 17 17 212 212 212 212 17 17 17 17 212 212 212 212 17 212 212 17 17 212 17 17 212 212 212 212 212 212 17 212 212 17 17 17 212 17 212 212 212 17 212 17 212 212 17 212 212 17 17 212 212 212 212 212 17 17 212 212 17 17 17 17 17 212 17 17 17 17 212 212 17 212 17 212 17 17 212 17 212 212 17 17 212 17 17 212 212 17 17 17 212 212 212 212 212 212 17 17 212 212 17 212 212 17 212 17 212 17 17 17 212 17 212 17 17 17 17 17 17 17 17 212 17 212 212 212 212 17 212 17 17 17 17 212 17 17 212 17 17 17 212 212 212 17 212 17 17 17 17 212 17 212 212 212 17 17 17 212 212 212 17 17 212 17 212 17 17 212 17 212 212 212 212 17 17 17 212 17 17 17 17 212 212 212 17 17 17 17 212 17 17 212 212 212 212 17 212 212 17 17 212 17 17 17 212 17 17 212 17 212 212 212 212 17 17 17 17 17 212 212 17 17 212 17 212 212 212 212 17 212 212 17 17 212 17 212 17 212 212 17 17 212 17 17 17 17 212 17 17 17 17 212 17 212 17 212 17 17 212 17 212 212 212 212 212 212 17 212 212 212 212 212 212 212 17 212 17 212 17 17 17 212 17 17 212 212 212 17 212 17 17 212 212 17 17 17 212 17 17 17 17 1 212 212 
c [Label = 215] Encoding starts with target value = 195:
c [Label = 215] Encoding duration: 1206ms.
c [Label = 215] Number of clauses: 586054.
c [Label = 215] Number of variables: 233808.
c [Label = 215] Solving duration: 5 ms.
s [Label = 215] SAT (w = 195).
c [Label = 215] Label assignment: 20 20 215 215 215 20 20 20 20 20 215 20 20 215 20 20 20 215 215 215 20 215 215 20 215 215 20 20 20 215 215 215 215 215 20 20 215 20 215 20 20 215 20 215 215 215 215 215 215 215 215 215 20 20 215 20 20 215 215 215 215 215 215 215 215 20 215 20 215 20 215 20 20 20 20 20 20 215 20 20 215 215 20 215 20 20 215 20 20 20 20 20 215 215 20 215 20 215 215 215 215 20 20 215 215 215 215 20 215 20 215 20 20 20 20 215 215 215 215 215 20 215 215 215 215 215 215 20 215 215 20 215 215 215 215 20 20 215 20 215 215 215 20 20 20 20 20 20 215 20 20 215 20 20 215 215 215 215 20 20 20 20 215 20 215 215 20 215 20 20 20 20 215 215 20 215 215 215 20 20 20 20 20 20 20 215 215 215 215 20 20 215 20 215 215 215 20 20 20 215 20 20 20 215 215 215 20 20 215 20 20 215 20 215 20 20 215 20 215 215 215 215 20 20 20 215 20 215 215 20 215 20 20 215 215 215 215 20 20 20 215 215 20 20 215 215 215 215 20 20 20 20 215 215 215 215 20 215 215 20 20 215 20 20 215 215 215 215 215 215 20 215 215 20 20 20 215 20 215 215 215 20 215 20 215 215 20 215 215 20 20 215 215 215 215 215 20 20 215 215 20 20 20 20 20 215 20 20 20 20 215 215 20 215 20 215 20 20 215 20 215 215 20 20 215 20 20 215 215 20 20 20 215 215 215 215 215 215 20 20 215 215 20 215 215 20 215 20 215 20 20 20 215 20 215 20 20 20 20 20 20 20 20 215 20 215 215 215 215 20 215 20 20 20 20 215 20 20 215 20 20 20 215 215 215 20 215 20 20 20 20 215 20 215 215 215 20 20 20 215 215 215 20 20 215 20 215 20 20 215 20 215 215 215 215 20 20 20 215 20 20 20 20 215 215 215 20 20 20 20 215 20 20 215 215 215 215 20 215 215 20 20 215 20 20 20 215 20 20 215 20 215 215 215 215 20 20 20 20 20 215 215 20 20 215 20 215 215 215 215 20 215 215 20 20 215 20 215 20 215 215 20 20 215 20 20 20 20 215 20 20 20 20 215 20 215 20 215 20 20 215 20 215 215 215 215 215 215 20 215 215 215 215 215 215 215 20 215 20 215 20 20 20 215 20 20 215 215 215 20 215 20 20 215 215 20 20 20 215 20 20 20 20 1 215 215 
c [Label = 214] Encoding starts with target value = 195:
c [Label = 214] Encoding duration: 1226ms.
c [Label = 214] Number of clauses: 577960.
c [Label = 214] Number of variables: 232716.
c [Label = 214] Solving duration: 5 ms.
s [Label = 214] SAT (w = 195).
c [Label = 214] Label assignment: 19 19 214 214 214 19 19 19 19 19 214 19 19 214 19 19 19 214 214 214 19 214 214 19 214 214 19 19 19 214 214 214 214 214 19 19 214 19 214 19 19 214 19 214 214 214 214 214 214 214 214 214 19 19 214 19 19 214 214 214 214 214 214 214 214 19 214 19 214 19 214 19 19 19 19 19 19 214 19 19 214 214 19 214 19 19 214 19 19 19 19 19 214 214 19 214 19 214 214 214 214 19 19 214 214 214 214 19 214 19 214 19 19 19 19 214 214 214 214 214 19 214 214 214 214 214 214 19 214 214 19 214 214 214 214 19 19 214 19 214 214 214 19 19 19 19 19 19 214 19 19 214 19 19 214 214 214 214 19 19 19 19 214 19 214 214 19 214 19 19 19 19 214 214 19 214 214 214 19 19 19 19 19 19 19 214 214 214 214 19 19 214 19 214 214 214 19 19 19 214 19 19 19 214 214 214 19 19 214 19 19 214 19 214 19 19 214 19 214 214 214 214 19 19 19 214 19 214 214 19 214 19 19 214 214 214 214 19 19 19 214 214 19 19 214 214 214 214 19 19 19 19 214 214 214 214 19 214 214 19 19 214 19 19 214 214 214 214 214 214 19 214 214 19 19 19 214 19 214 214 214 19 214 19 214 214 19 214 214 19 19 214 214 214 214 214 19 19 214 214 19 19 19 19 19 214 19 19 19 19 214 214 19 214 19 214 19 19 214 19 214 214 19 19 214 19 19 214 214 19 19 19 214 214 214 214 214 214 19 19 214 214 19 214 214 19 214 19 214 19 19 19 214 19 214 19 19 19 19 19 19 19 19 214 19 214 214 214 214 19 214 19 19 19 19 214 19 19 214 19 19 19 214 214 214 19 214 19 19 19 19 214 19 214 214 214 19 19 19 214 214 214 19 19 214 19 214 19 19 214 19 214 214 214 214 19 19 19 214 19 19 19 19 214 214 214 19 19 19 19 214 19 19 214 214 214 214 19 214 214 19 19 214 19 19 19 214 19 19 214 19 214 214 214 214 19 19 19 19 19 214 214 19 19 214 19 214 214 214 214 19 214 214 19 19 214 19 214 19 214 214 19 19 214 19 19 19 19 214 19 19 19 19 214 19 214 19 214 19 19 214 19 214 214 214 214 214 214 19 214 214 214 214 214 214 214 19 214 19 214 19 19 19 214 19 19 214 214 214 19 214 19 19 214 214 19 19 19 214 19 19 19 19 1 214 214 
c [Signal] Signal interruption. Caught signal: SIGTERM (15).
c [Main] Lowest label SAT is set to 213.
c [Main] Kill higher label pid 214.
c [Main] Kill higher label pid 215.
c [Main] Kill higher label pid 216.
c [Main] Kill higher label pid 217.
c [Label = 216] Encoding starts with target value = 195:
c [Label = 216] Encoding duration: 1276ms.
c [Label = 216] Number of clauses: 594149.
c [Label = 216] Number of variables: 234900.
c [Label = 216] Solving duration: 6 ms.
s [Label = 216] SAT (w = 195).
c [Label = 216] Label assignment: 21 21 216 216 216 21 21 21 21 21 216 21 21 216 21 21 21 216 216 216 21 216 216 21 216 216 21 21 21 216 216 216 216 216 21 21 216 21 216 21 21 216 21 216 216 216 216 216 216 216 216 216 21 21 216 21 21 216 216 216 216 216 216 216 216 21 216 21 216 21 216 21 21 21 21 21 21 216 21 21 216 216 21 216 21 21 216 21 21 21 21 21 216 216 21 216 21 216 216 216 216 21 21 216 216 216 216 21 216 21 216 21 21 21 21 216 216 216 216 216 21 216 216 216 216 216 216 21 216 216 21 216 216 216 216 21 21 216 21 216 216 216 21 21 21 21 21 21 216 21 21 216 21 21 216 216 216 216 21 21 21 21 216 21 216 216 21 216 21 21 21 21 216 216 21 216 216 216 21 21 21 21 21 21 21 216 216 216 216 21 21 216 21 216 216 216 21 21 21 216 21 21 21 216 216 216 21 21 216 21 21 216 21 216 21 21 216 21 216 216 216 216 21 21 21 216 21 216 216 21 216 21 21 216 216 216 216 21 21 21 216 216 21 21 216 216 216 216 21 21 21 21 216 216 216 216 21 216 216 21 21 216 21 21 216 216 216 216 216 216 21 216 216 21 21 21 216 21 216 216 216 21 216 21 216 216 21 216 216 21 21 216 216 216 216 216 21 21 216 216 21 21 21 21 21 216 21 21 21 21 216 216 21 216 21 216 21 21 216 21 216 216 21 21 216 21 21 216 216 21 21 21 216 216 216 216 216 216 21 21 216 216 21 216 216 21 216 21 216 21 21 21 216 21 216 21 21 21 21 21 21 21 21 216 21 216 216 216 216 21 216 21 21 21 21 216 21 21 216 21 21 21 216 216 216 21 216 21 21 21 21 216 21 216 216 216 21 21 21 216 216 216 21 21 216 21 216 21 21 216 21 216 216 216 216 21 21 21 216 21 21 21 21 216 216 216 21 21 21 21 216 21 21 216 216 216 216 21 216 216 21 21 216 21 21 21 216 21 21 216 21 216 216 216 216 21 21 21 21 21 216 216 21 21 216 21 216 216 216 216 21 216 216 21 21 216 21 216 21 216 216 21 21 216 21 21 21 21 216 21 21 21 21 216 21 216 21 216 21 21 216 21 216 216 216 216 216 216 21 216 216 216 216 216 216 216 21 216 21 216 21 21 21 216 21 21 216 216 216 21 216 21 21 216 216 21 21 21 216 21 21 21 21 1 216 216 
c [Signal] Signal interruption. Caught signal: SIGTERM (15).
c [Label = 217] Encoding starts with target value = 195:
c [Label = 217] Encoding duration: 1292ms.
c [Label = 217] Number of clauses: 602243.
c [Label = 217] Number of variables: 235992.
c [Label = 217] Solving duration: 6 ms.
s [Label = 217] SAT (w = 195).
c [Label = 217] Label assignment: 22 22 217 217 217 22 22 22 22 22 217 22 22 217 22 22 22 217 217 217 22 217 217 22 217 217 22 22 22 217 217 217 217 217 22 22 217 22 217 22 22 217 22 217 217 217 217 217 217 217 217 217 22 22 217 22 22 217 217 217 217 217 217 217 217 22 217 22 217 22 217 22 22 22 22 22 22 217 22 22 217 217 22 217 22 22 217 22 22 22 22 22 217 217 22 217 22 217 217 217 217 22 22 217 217 217 217 22 217 22 217 22 22 22 22 217 217 217 217 217 22 217 217 217 217 217 217 22 217 217 22 217 217 217 217 22 22 217 22 217 217 217 22 22 22 22 22 22 217 22 22 217 22 22 217 217 217 217 22 22 22 22 217 22 217 217 22 217 22 22 22 22 217 217 22 217 217 217 22 22 22 22 22 22 22 217 217 217 217 22 22 217 22 217 217 217 22 22 22 217 22 22 22 217 217 217 22 22 217 22 22 217 22 217 22 22 217 22 217 217 217 217 22 22 22 217 22 217 217 22 217 22 22 217 217 217 217 22 22 22 217 217 22 22 217 217 217 217 22 22 22 22 217 217 217 217 22 217 217 22 22 217 22 22 217 217 217 217 217 217 22 217 217 22 22 22 217 22 217 217 217 22 217 22 217 217 22 217 217 22 22 217 217 217 217 217 22 22 217 217 22 22 22 22 22 217 22 22 22 22 217 217 22 217 22 217 22 22 217 22 217 217 22 22 217 22 22 217 217 22 22 22 217 217 217 217 217 217 22 22 217 217 22 217 217 22 217 22 217 22 22 22 217 22 217 22 22 22 22 22 22 22 22 217 22 217 217 217 217 22 217 22 22 22 22 217 22 22 217 22 22 22 217 217 217 22 217 22 22 22 22 217 22 217 217 217 22 22 22 217 217 217 22 22 217 22 217 22 22 217 22 217 217 217 217 22 22 22 217 22 22 22 22 217 217 217 22 22 22 22 217 22 22 217 217 217 217 22 217 217 22 22 217 22 22 22 217 22 22 217 22 217 217 217 217 22 22 22 22 22 217 217 22 22 217 22 217 217 217 217 22 217 217 22 22 217 22 217 22 217 217 22 22 217 22 22 22 22 217 22 22 22 22 217 22 217 22 217 22 22 217 22 217 217 217 217 217 217 22 217 217 217 217 217 217 217 22 217 22 217 22 22 22 217 22 22 217 217 217 22 217 22 22 217 217 22 22 22 217 22 22 22 22 1 217 217 
c [Signal] Signal interruption. Caught signal: SIGTERM (15).
c [Label = 209] Minimize Makespan Labeling problem (S-sherman4.mtx.rnd):
c [Main] Lowest label SAT is set to 211.
c [Main] Kill higher label pid 214.
c [Main] Kill higher label pid 215.
c [Main] Kill higher label pid 216.
c [Main] Kill higher label pid 217.
c [Main] Kill higher label pid 212.
c [Main] Kill higher label pid 214.
c [Main] Kill higher label pid 215.
c [Main] Kill higher label pid 216.
c [Main] Kill higher label pid 217.
c [Label = 207] Minimize Makespan Labeling problem (S-sherman4.mtx.rnd):
c [Label = 208] Minimize Makespan Labeling problem (S-sherman4.mtx.rnd):
c [Main] Kill higher label pid 216.
c [Main] Kill higher label pid 217.
c [Label = 206] Minimize Makespan Labeling problem (S-sherman4.mtx.rnd):
c [Main] Child pid 214 - 60322 terminated by signal 15.
c [Main] Child pid 217 - 60319 terminated by signal 15.
c [Label = 205] Minimize Makespan Labeling problem (S-sherman4.mtx.rnd):
c [Label = 204] Minimize Makespan Labeling problem (S-sherman4.mtx.rnd):
c [Main] Child pid 216 - 60320 terminated by signal 15.
c [Label = 203] Minimize Makespan Labeling problem (S-sherman4.mtx.rnd):
c [Label = 210] Encoding starts with target value = 195:
c [Label = 210] Encoding duration: 1146ms.
c [Label = 210] Number of clauses: 545582.
c [Label = 210] Number of variables: 228348.
c [Label = 210] Solving duration: 4 ms.
s [Label = 210] SAT (w = 195).
c [Label = 210] Label assignment: 15 15 210 210 210 15 15 15 15 15 210 15 15 210 15 15 15 210 210 210 15 210 210 15 210 210 15 15 15 210 210 210 210 210 15 15 210 15 210 15 15 210 15 210 210 210 210 210 210 210 210 210 15 15 210 15 15 210 210 210 210 210 210 210 210 15 210 15 210 15 210 15 15 15 15 15 15 210 15 15 210 210 15 210 15 15 210 15 15 15 15 15 210 210 15 210 15 210 210 210 210 15 15 210 210 210 210 15 210 15 210 15 15 15 15 210 210 210 210 210 15 210 210 210 210 210 210 15 210 210 15 210 210 210 210 15 15 210 15 210 210 210 15 15 15 15 15 15 210 15 15 210 15 15 210 210 210 210 15 15 15 15 210 15 210 210 15 210 15 15 15 15 210 210 15 210 210 210 15 15 15 15 15 15 15 210 210 210 210 15 15 210 15 210 210 210 15 15 15 210 15 15 15 210 210 210 15 15 210 15 15 210 15 210 15 15 210 15 210 210 210 210 15 15 15 210 15 210 210 15 210 15 15 210 210 210 210 15 15 15 210 210 15 15 210 210 210 210 15 15 15 15 210 210 210 210 15 210 210 15 15 210 15 15 210 210 210 210 210 210 15 210 210 15 15 15 210 15 210 210 210 15 210 15 210 210 15 210 210 15 15 210 210 210 210 210 15 15 210 210 15 15 15 15 15 210 15 15 15 15 210 210 15 210 15 210 15 15 210 15 210 210 15 15 210 15 15 210 210 15 15 15 210 210 210 210 210 210 15 15 210 210 15 210 210 15 210 15 210 15 15 15 210 15 210 15 15 15 15 15 15 15 15 210 15 210 210 210 210 15 210 15 15 15 15 210 15 15 210 15 15 15 210 210 210 15 210 15 15 15 15 210 15 210 210 210 15 15 15 210 210 210 15 15 210 15 210 15 15 210 15 210 210 210 210 15 15 15 210 15 15 15 15 210 210 210 15 15 15 15 210 15 15 210 210 210 210 15 210 210 15 15 210 15 15 15 210 15 15 210 15 210 210 210 210 15 15 15 15 15 210 210 15 15 210 15 210 210 210 210 15 210 210 15 15 210 15 210 15 210 210 15 15 210 15 15 15 15 210 15 15 15 15 210 15 210 15 210 15 15 210 15 210 210 210 210 210 210 15 210 210 210 210 210 210 210 15 210 15 210 15 15 15 210 15 15 210 210 210 15 210 15 15 210 210 15 15 15 210 15 15 15 15 1 210 210 
c [Main] Lowest label SAT is set to 210.
c [Label = 202] Minimize Makespan Labeling problem (S-sherman4.mtx.rnd):
c [Label = 203] Encoding starts with target value = 195:
c [Label = 203] Encoding duration: 1048ms.
c [Label = 203] Number of clauses: 488920.
c [Label = 203] Number of variables: 220704.
c [Label = 203] Solving duration: 3 ms.
s [Label = 203] SAT (w = 195).
c [Label = 203] Label assignment: 8 8 203 203 203 8 8 8 8 8 203 8 8 203 8 8 8 203 203 203 8 203 203 8 203 203 8 8 8 203 203 203 203 203 8 8 203 8 203 8 8 203 8 203 203 203 203 203 203 203 203 203 8 8 203 8 8 203 203 203 203 203 203 203 203 8 203 8 203 8 203 8 8 8 8 8 8 203 8 8 203 203 8 203 8 8 203 8 8 8 8 8 203 203 8 203 8 203 203 203 203 8 8 203 203 203 203 8 203 8 203 8 8 8 8 203 203 203 203 203 8 203 203 203 203 203 203 8 203 203 8 203 203 203 203 8 8 203 8 203 203 203 8 8 8 8 8 8 203 8 8 203 8 8 203 203 203 203 8 8 8 8 203 8 203 203 8 203 8 8 8 8 203 203 8 203 203 203 8 8 8 8 8 8 8 203 203 203 203 8 8 203 8 203 203 203 8 8 8 203 8 8 8 203 203 203 8 8 203 8 8 203 8 203 8 8 203 8 203 203 203 203 8 8 8 203 8 203 203 8 203 8 8 203 203 203 203 8 8 8 203 203 8 8 203 203 203 203 8 8 8 8 203 203 203 203 8 203 203 8 8 203 8 8 203 203 203 203 203 203 8 203 203 8 8 8 203 8 203 203 203 8 203 8 203 203 8 203 203 8 8 203 203 203 203 203 8 8 203 203 8 8 8 8 8 203 8 8 8 8 203 203 8 203 8 203 8 8 203 8 203 203 8 8 203 8 8 203 203 8 8 8 203 203 203 203 203 203 8 8 203 203 8 203 203 8 203 8 203 8 8 8 203 8 203 8 8 8 8 8 8 8 8 203 8 203 203 203 203 8 203 8 8 8 8 203 8 8 203 8 8 8 203 203 203 8 203 8 8 8 8 203 8 203 203 203 8 8 8 203 203 203 8 8 203 8 203 8 8 203 8 203 203 203 203 8 8 8 203 8 8 8 8 203 203 203 8 8 8 8 203 8 8 203 203 203 203 8 203 203 8 8 203 8 8 8 203 8 8 203 8 203 203 203 203 8 8 8 8 8 203 203 8 8 203 8 203 203 203 203 8 203 203 8 8 203 8 203 8 203 203 8 8 203 8 8 8 8 203 8 8 8 8 203 8 203 8 203 8 8 203 8 203 203 203 203 203 203 8 203 203 203 203 203 203 203 8 203 8 203 8 8 8 203 8 8 203 203 203 8 203 8 8 203 203 8 8 8 203 8 8 8 8 1 203 203 
c [Label = 202] Encoding starts with target value = 195:
c [Label = 202] Encoding duration: 1025ms.
c [Label = 202] Number of clauses: 480826.
c [Label = 202] Number of variables: 219612.
c [Label = 202] Solving duration: 2 ms.
s [Label = 202] SAT (w = 195).
c [Label = 202] Label assignment: 7 7 202 202 202 7 7 7 7 7 202 7 7 202 7 7 7 202 202 202 7 202 202 7 202 202 7 7 7 202 202 202 202 202 7 7 202 7 202 7 7 202 7 202 202 202 202 202 202 202 202 202 7 7 202 7 7 202 202 202 202 202 202 202 202 7 202 7 202 7 202 7 7 7 7 7 7 202 7 7 202 202 7 202 7 7 202 7 7 7 7 7 202 202 7 202 7 202 202 202 202 7 7 202 202 202 202 7 202 7 202 7 7 7 7 202 202 202 202 202 7 202 202 202 202 202 202 7 202 202 7 202 202 202 202 7 7 202 7 202 202 202 7 7 7 7 7 7 202 7 7 202 7 7 202 202 202 202 7 7 7 7 202 7 202 202 7 202 7 7 7 7 202 202 7 202 202 202 7 7 7 7 7 7 7 202 202 202 202 7 7 202 7 202 202 202 7 7 7 202 7 7 7 202 202 202 7 7 202 7 7 202 7 202 7 7 202 7 202 202 202 202 7 7 7 202 7 202 202 7 202 7 7 202 202 202 202 7 7 7 202 202 7 7 202 202 202 202 7 7 7 7 202 202 202 202 7 202 202 7 7 202 7 7 202 202 202 202 202 202 7 202 202 7 7 7 202 7 202 202 202 7 202 7 202 202 7 202 202 7 7 202 202 202 202 202 7 7 202 202 7 7 7 7 7 202 7 7 7 7 202 202 7 202 7 202 7 7 202 7 202 202 7 7 202 7 7 202 202 7 7 7 202 202 202 202 202 202 7 7 202 202 7 202 202 7 202 7 202 7 7 7 202 7 202 7 7 7 7 7 7 7 7 202 7 202 202 202 202 7 202 7 7 7 7 202 7 7 202 7 7 7 202 202 202 7 202 7 7 7 7 202 7 202 202 202 7 7 7 202 202 202 7 7 202 7 202 7 7 202 7 202 202 202 202 7 7 7 202 7 7 7 7 202 202 202 7 7 7 7 202 7 7 202 202 202 202 7 202 202 7 7 202 7 7 7 202 7 7 202 7 202 202 202 202 7 7 7 7 7 202 202 7 7 202 7 202 202 202 202 7 202 202 7 7 202 7 202 7 202 202 7 7 202 7 7 7 7 202 7 7 7 7 202 7 202 7 202 7 7 202 7 202 202 202 202 202 202 7 202 202 202 202 202 202 202 7 202 7 202 7 7 7 202 7 7 202 202 202 7 202 7 7 202 202 7 7 7 202 7 7 7 7 1 202 202 
c [Label = 205] Encoding starts with target value = 195:
c [Label = 205] Encoding duration: 1084ms.
c [Label = 205] Number of clauses: 505109.
c [Label = 205] Number of variables: 222888.
c [Label = 205] Solving duration: 3 ms.
s [Label = 205] SAT (w = 195).
c [Label = 205] Label assignment: 10 10 205 205 205 10 10 10 10 10 205 10 10 205 10 10 10 205 205 205 10 205 205 10 205 205 10 10 10 205 205 205 205 205 10 10 205 10 205 10 10 205 10 205 205 205 205 205 205 205 205 205 10 10 205 10 10 205 205 205 205 205 205 205 205 10 205 10 205 10 205 10 10 10 10 10 10 205 10 10 205 205 10 205 10 10 205 10 10 10 10 10 205 205 10 205 10 205 205 205 205 10 10 205 205 205 205 10 205 10 205 10 10 10 10 205 205 205 205 205 10 205 205 205 205 205 205 10 205 205 10 205 205 205 205 10 10 205 10 205 205 205 10 10 10 10 10 10 205 10 10 205 10 10 205 205 205 205 10 10 10 10 205 10 205 205 10 205 10 10 10 10 205 205 10 205 205 205 10 10 10 10 10 10 10 205 205 205 205 10 10 205 10 205 205 205 10 10 10 205 10 10 10 205 205 205 10 10 205 10 10 205 10 205 10 10 205 10 205 205 205 205 10 10 10 205 10 205 205 10 205 10 10 205 205 205 205 10 10 10 205 205 10 10 205 205 205 205 10 10 10 10 205 205 205 205 10 205 205 10 10 205 10 10 205 205 205 205 205 205 10 205 205 10 10 10 205 10 205 205 205 10 205 10 205 205 10 205 205 10 10 205 205 205 205 205 10 10 205 205 10 10 10 10 10 205 10 10 10 10 205 205 10 205 10 205 10 10 205 10 205 205 10 10 205 10 10 205 205 10 10 10 205 205 205 205 205 205 10 10 205 205 10 205 205 10 205 10 205 10 10 10 205 10 205 10 10 10 10 10 10 10 10 205 10 205 205 205 205 10 205 10 10 10 10 205 10 10 205 10 10 10 205 205 205 10 205 10 10 10 10 205 10 205 205 205 10 10 10 205 205 205 10 10 205 10 205 10 10 205 10 205 205 205 205 10 10 10 205 10 10 10 10 205 205 205 10 10 10 10 205 10 10 205 205 205 205 10 205 205 10 10 205 10 10 10 205 10 10 205 10 205 205 205 205 10 10 10 10 10 205 205 10 10 205 10 205 205 205 205 10 205 205 10 10 205 10 205 10 205 205 10 10 205 10 10 10 10 205 10 10 10 10 205 10 205 10 205 10 10 205 10 205 205 205 205 205 205 10 205 205 205 205 205 205 205 10 205 10 205 10 10 10 205 10 10 205 205 205 10 205 10 10 205 205 10 10 10 205 10 10 10 10 1 205 205 
c [Signal] Signal interruption. Caught signal: SIGTERM (15).
c [Label = 204] Encoding starts with target value = 195:
c [Label = 204] Encoding duration: 1133ms.
c [Label = 204] Number of clauses: 497015.
c [Label = 204] Number of variables: 221796.
c [Label = 204] Solving duration: 3 ms.
s [Label = 204] SAT (w = 195).
c [Label = 204] Label assignment: 9 9 204 204 204 9 9 9 9 9 204 9 9 204 9 9 9 204 204 204 9 204 204 9 204 204 9 9 9 204 204 204 204 204 9 9 204 9 204 9 9 204 9 204 204 204 204 204 204 204 204 204 9 9 204 9 9 204 204 204 204 204 204 204 204 9 204 9 204 9 204 9 9 9 9 9 9 204 9 9 204 204 9 204 9 9 204 9 9 9 9 9 204 204 9 204 9 204 204 204 204 9 9 204 204 204 204 9 204 9 204 9 9 9 9 204 204 204 204 204 9 204 204 204 204 204 204 9 204 204 9 204 204 204 204 9 9 204 9 204 204 204 9 9 9 9 9 9 204 9 9 204 9 9 204 204 204 204 9 9 9 9 204 9 204 204 9 204 9 9 9 9 204 204 9 204 204 204 9 9 9 9 9 9 9 204 204 204 204 9 9 204 9 204 204 204 9 9 9 204 9 9 9 204 204 204 9 9 204 9 9 204 9 204 9 9 204 9 204 204 204 204 9 9 9 204 9 204 204 9 204 9 9 204 204 204 204 9 9 9 204 204 9 9 204 204 204 204 9 9 9 9 204 204 204 204 9 204 204 9 9 204 9 9 204 204 204 204 204 204 9 204 204 9 9 9 204 9 204 204 204 9 204 9 204 204 9 204 204 9 9 204 204 204 204 204 9 9 204 204 9 9 9 9 9 204 9 9 9 9 204 204 9 204 9 204 9 9 204 9 204 204 9 9 204 9 9 204 204 9 9 9 204 204 204 204 204 204 9 9 204 204 9 204 204 9 204 9 204 9 9 9 204 9 204 9 9 9 9 9 9 9 9 204 9 204 204 204 204 9 204 9 9 9 9 204 9 9 204 9 9 9 204 204 204 9 204 9 9 9 9 204 9 204 204 204 9 9 9 204 204 204 9 9 204 9 204 9 9 204 9 204 204 204 204 9 9 9 204 9 9 9 9 204 204 204 9 9 9 9 204 9 9 204 204 204 204 9 204 204 9 9 204 9 9 9 204 9 9 204 9 204 204 204 204 9 9 9 9 9 204 204 9 9 204 9 204 204 204 204 9 204 204 9 9 204 9 204 9 204 204 9 9 204 9 9 9 9 204 9 9 9 9 204 9 204 9 204 9 9 204 9 204 204 204 204 204 204 9 204 204 204 204 204 204 204 9 204 9 204 9 9 9 204 9 9 204 204 204 9 204 9 9 204 204 9 9 9 204 9 9 9 9 1 204 204 
c [Signal] Signal interruption. Caught signal: SIGTERM (15).
c [Main] Lowest label SAT is set to 203.
c [Main] Kill higher label pid 204.
c [Main] Kill higher label pid 205.
c [Main] Kill higher label pid 206.
c [Main] Kill higher label pid 207.
c [Main] Kill higher label pid 208.
c [Main] Kill higher label pid 209.
c [Label = 206] Encoding starts with target value = 195:
c [Label = 206] Encoding duration: 1134ms.
c [Label = 206] Number of clauses: 513204.
c [Label = 206] Number of variables: 223980.
c [Label = 206] Solving duration: 3 ms.
s [Label = 206] SAT (w = 195).
c [Label = 206] Label assignment: 11 11 206 206 206 11 11 11 11 11 206 11 11 206 11 11 11 206 206 206 11 206 206 11 206 206 11 11 11 206 206 206 206 206 11 11 206 11 206 11 11 206 11 206 206 206 206 206 206 206 206 206 11 11 206 11 11 206 206 206 206 206 206 206 206 11 206 11 206 11 206 11 11 11 11 11 11 206 11 11 206 206 11 206 11 11 206 11 11 11 11 11 206 206 11 206 11 206 206 206 206 11 11 206 206 206 206 11 206 11 206 11 11 11 11 206 206 206 206 206 11 206 206 206 206 206 206 11 206 206 11 206 206 206 206 11 11 206 11 206 206 206 11 11 11 11 11 11 206 11 11 206 11 11 206 206 206 206 11 11 11 11 206 11 206 206 11 206 11 11 11 11 206 206 11 206 206 206 11 11 11 11 11 11 11 206 206 206 206 11 11 206 11 206 206 206 11 11 11 206 11 11 11 206 206 206 11 11 206 11 11 206 11 206 11 11 206 11 206 206 206 206 11 11 11 206 11 206 206 11 206 11 11 206 206 206 206 11 11 11 206 206 11 11 206 206 206 206 11 11 11 11 206 206 206 206 11 206 206 11 11 206 11 11 206 206 206 206 206 206 11 206 206 11 11 11 206 11 206 206 206 11 206 11 206 206 11 206 206 11 11 206 206 206 206 206 11 11 206 206 11 11 11 11 11 206 11 11 11 11 206 206 11 206 11 206 11 11 206 11 206 206 11 11 206 11 11 206 206 11 11 11 206 206 206 206 206 206 11 11 206 206 11 206 206 11 206 11 206 11 11 11 206 11 206 11 11 11 11 11 11 11 11 206 11 206 206 206 206 11 206 11 11 11 11 206 11 11 206 11 11 11 206 206 206 11 206 11 11 11 11 206 11 206 206 206 11 11 11 206 206 206 11 11 206 11 206 11 11 206 11 206 206 206 206 11 11 11 206 11 11 11 11 206 206 206 11 11 11 11 206 11 11 206 206 206 206 11 206 206 11 11 206 11 11 11 206 11 11 206 11 206 206 206 206 11 11 11 11 11 206 206 11 11 206 11 206 206 206 206 11 206 206 11 11 206 11 206 11 206 206 11 11 206 11 11 11 11 206 11 11 11 11 206 11 206 11 206 11 11 206 11 206 206 206 206 206 206 11 206 206 206 206 206 206 206 11 206 11 206 11 11 11 206 11 11 206 206 206 11 206 11 11 206 206 11 11 11 206 11 11 11 11 1 206 206 
c [Signal] Signal interruption. Caught signal: SIGTERM (15).
c [Label = 207] Encoding starts with target value = 195:
c [Label = 207] Encoding duration: 1148ms.
c [Label = 207] Number of clauses: 521298.
c [Label = 207] Number of variables: 225072.
c [Label = 207] Solving duration: 3 ms.
s [Label = 207] SAT (w = 195).
c [Label = 207] Label assignment: 12 12 207 207 207 12 12 12 12 12 207 12 12 207 12 12 12 207 207 207 12 207 207 12 207 207 12 12 12 207 207 207 207 207 12 12 207 12 207 12 12 207 12 207 207 207 207 207 207 207 207 207 12 12 207 12 12 207 207 207 207 207 207 207 207 12 207 12 207 12 207 12 12 12 12 12 12 207 12 12 207 207 12 207 12 12 207 12 12 12 12 12 207 207 12 207 12 207 207 207 207 12 12 207 207 207 207 12 207 12 207 12 12 12 12 207 207 207 207 207 12 207 207 207 207 207 207 12 207 207 12 207 207 207 207 12 12 207 12 207 207 207 12 12 12 12 12 12 207 12 12 207 12 12 207 207 207 207 12 12 12 12 207 12 207 207 12 207 12 12 12 12 207 207 12 207 207 207 12 12 12 12 12 12 12 207 207 207 207 12 12 207 12 207 207 207 12 12 12 207 12 12 12 207 207 207 12 12 207 12 12 207 12 207 12 12 207 12 207 207 207 207 12 12 12 207 12 207 207 12 207 12 12 207 207 207 207 12 12 12 207 207 12 12 207 207 207 207 12 12 12 12 207 207 207 207 12 207 207 12 12 207 12 12 207 207 207 207 207 207 12 207 207 12 12 12 207 12 207 207 207 12 207 12 207 207 12 207 207 12 12 207 207 207 207 207 12 12 207 207 12 12 12 12 12 207 12 12 12 12 207 207 12 207 12 207 12 12 207 12 207 207 12 12 207 12 12 207 207 12 12 12 207 207 207 207 207 207 12 12 207 207 12 207 207 12 207 12 207 12 12 12 207 12 207 12 12 12 12 12 12 12 12 207 12 207 207 207 207 12 207 12 12 12 12 207 12 12 207 12 12 12 207 207 207 12 207 12 12 12 12 207 12 207 207 207 12 12 12 207 207 207 12 12 207 12 207 12 12 207 12 207 207 207 207 12 12 12 207 12 12 12 12 207 207 207 12 12 12 12 207 12 12 207 207 207 207 12 207 207 12 12 207 12 12 12 207 12 12 207 12 207 207 207 207 12 12 12 12 12 207 207 12 12 207 12 207 207 207 207 12 207 207 12 12 207 12 207 12 207 207 12 12 207 12 12 12 12 207 12 12 12 12 207 12 207 12 207 12 12 207 12 207 207 207 207 207 207 12 207 207 207 207 207 207 207 12 207 12 207 12 12 12 207 12 12 207 207 207 12 207 12 12 207 207 12 12 12 207 12 12 12 12 1 207 207 
c [Signal] Signal interruption. Caught signal: SIGTERM (15).
c [Label = 208] Encoding starts with target value = 195:
c [Label = 208] Encoding duration: 1192ms.
c [Label = 208] Number of clauses: 529393.
c [Label = 208] Number of variables: 226164.
c [Label = 208] Solving duration: 4 ms.
s [Label = 208] SAT (w = 195).
c [Label = 208] Label assignment: 13 13 208 208 208 13 13 13 13 13 208 13 13 208 13 13 13 208 208 208 13 208 208 13 208 208 13 13 13 208 208 208 208 208 13 13 208 13 208 13 13 208 13 208 208 208 208 208 208 208 208 208 13 13 208 13 13 208 208 208 208 208 208 208 208 13 208 13 208 13 208 13 13 13 13 13 13 208 13 13 208 208 13 208 13 13 208 13 13 13 13 13 208 208 13 208 13 208 208 208 208 13 13 208 208 208 208 13 208 13 208 13 13 13 13 208 208 208 208 208 13 208 208 208 208 208 208 13 208 208 13 208 208 208 208 13 13 208 13 208 208 208 13 13 13 13 13 13 208 13 13 208 13 13 208 208 208 208 13 13 13 13 208 13 208 208 13 208 13 13 13 13 208 208 13 208 208 208 13 13 13 13 13 13 13 208 208 208 208 13 13 208 13 208 208 208 13 13 13 208 13 13 13 208 208 208 13 13 208 13 13 208 13 208 13 13 208 13 208 208 208 208 13 13 13 208 13 208 208 13 208 13 13 208 208 208 208 13 13 13 208 208 13 13 208 208 208 208 13 13 13 13 208 208 208 208 13 208 208 13 13 208 13 13 208 208 208 208 208 208 13 208 208 13 13 13 208 13 208 208 208 13 208 13 208 208 13 208 208 13 13 208 208 208 208 208 13 13 208 208 13 13 13 13 13 208 13 13 13 13 208 208 13 208 13 208 13 13 208 13 208 208 13 13 208 13 13 208 208 13 13 13 208 208 208 208 208 208 13 13 208 208 13 208 208 13 208 13 208 13 13 13 208 13 208 13 13 13 13 13 13 13 13 208 13 208 208 208 208 13 208 13 13 13 13 208 13 13 208 13 13 13 208 208 208 13 208 13 13 13 13 208 13 208 208 208 13 13 13 208 208 208 13 13 208 13 208 13 13 208 13 208 208 208 208 13 13 13 208 13 13 13 13 208 208 208 13 13 13 13 208 13 13 208 208 208 208 13 208 208 13 13 208 13 13 13 208 13 13 208 13 208 208 208 208 13 13 13 13 13 208 208 13 13 208 13 208 208 208 208 13 208 208 13 13 208 13 208 13 208 208 13 13 208 13 13 13 13 208 13 13 13 13 208 13 208 13 208 13 13 208 13 208 208 208 208 208 208 13 208 208 208 208 208 208 208 13 208 13 208 13 13 13 208 13 13 208 208 208 13 208 13 13 208 208 13 13 13 208 13 13 13 13 1 208 208 
c [Signal] Signal interruption. Caught signal: SIGTERM (15).
c [Label = 209] Encoding starts with target value = 195:
c [Label = 209] Encoding duration: 1149ms.
c [Label = 209] Number of clauses: 537487.
c [Label = 209] Number of variables: 227256.
c [Label = 209] Solving duration: 4 ms.
s [Label = 209] SAT (w = 195).
c [Label = 209] Label assignment: 14 14 209 209 209 14 14 14 14 14 209 14 14 209 14 14 14 209 209 209 14 209 209 14 209 209 14 14 14 209 209 209 209 209 14 14 209 14 209 14 14 209 14 209 209 209 209 209 209 209 209 209 14 14 209 14 14 209 209 209 209 209 209 209 209 14 209 14 209 14 209 14 14 14 14 14 14 209 14 14 209 209 14 209 14 14 209 14 14 14 14 14 209 209 14 209 14 209 209 209 209 14 14 209 209 209 209 14 209 14 209 14 14 14 14 209 209 209 209 209 14 209 209 209 209 209 209 14 209 209 14 209 209 209 209 14 14 209 14 209 209 209 14 14 14 14 14 14 209 14 14 209 14 14 209 209 209 209 14 14 14 14 209 14 209 209 14 209 14 14 14 14 209 209 14 209 209 209 14 14 14 14 14 14 14 209 209 209 209 14 14 209 14 209 209 209 14 14 14 209 14 14 14 209 209 209 14 14 209 14 14 209 14 209 14 14 209 14 209 209 209 209 14 14 14 209 14 209 209 14 209 14 14 209 209 209 209 14 14 14 209 209 14 14 209 209 209 209 14 14 14 14 209 209 209 209 14 209 209 14 14 209 14 14 209 209 209 209 209 209 14 209 209 14 14 14 209 14 209 209 209 14 209 14 209 209 14 209 209 14 14 209 209 209 209 209 14 14 209 209 14 14 14 14 14 209 14 14 14 14 209 209 14 209 14 209 14 14 209 14 209 209 14 14 209 14 14 209 209 14 14 14 209 209 209 209 209 209 14 14 209 209 14 209 209 14 209 14 209 14 14 14 209 14 209 14 14 14 14 14 14 14 14 209 14 209 209 209 209 14 209 14 14 14 14 209 14 14 209 14 14 14 209 209 209 14 209 14 14 14 14 209 14 209 209 209 14 14 14 209 209 209 14 14 209 14 209 14 14 209 14 209 209 209 209 14 14 14 209 14 14 14 14 209 209 209 14 14 14 14 209 14 14 209 209 209 209 14 209 209 14 14 209 14 14 14 209 14 14 209 14 209 209 209 209 14 14 14 14 14 209 209 14 14 209 14 209 209 209 209 14 209 209 14 14 209 14 209 14 209 209 14 14 209 14 14 14 14 209 14 14 14 14 209 14 209 14 209 14 14 209 14 209 209 209 209 209 209 14 209 209 209 209 209 209 209 14 209 14 209 14 14 14 209 14 14 209 209 209 14 209 14 14 209 209 14 14 14 209 14 14 14 14 1 209 209 
c [Signal] Signal interruption. Caught signal: SIGTERM (15).
c [Label = 201] Minimize Makespan Labeling problem (S-sherman4.mtx.rnd):
c [Main] Lowest label SAT is set to 202.
c [Main] Kill higher label pid 204.
c [Main] Kill higher label pid 205.
c [Main] Kill higher label pid 206.
c [Main] Kill higher label pid 207.
c [Main] Kill higher label pid 208.
c [Main] Kill higher label pid 209.
c [Label = 200] Minimize Makespan Labeling problem (S-sherman4.mtx.rnd):
c [Main] Child pid 205 - 60331 terminated by signal 15.
c [Main] Child pid 204 - 60332 terminated by signal 15.
c [Main] Child pid 209 - 60327 terminated by signal 15.
c [Label = 199] Minimize Makespan Labeling problem (S-sherman4.mtx.rnd):
c [Label = 198] Minimize Makespan Labeling problem (S-sherman4.mtx.rnd):
c [Main] Child pid 206 - 60330 terminated by signal 15.
c [Main] Child pid 208 - 60328 terminated by signal 15.
c [Main] Child pid 207 - 60329 terminated by signal 15.
c [Label = 196] Minimize Makespan Labeling problem (S-sherman4.mtx.rnd):
c [Label = 197] Minimize Makespan Labeling problem (S-sherman4.mtx.rnd):
c [Label = 198] Encoding starts with target value = 195:
c [Label = 198] Encoding duration: 643ms.
c [Label = 198] Number of clauses: 448448.
c [Label = 198] Number of variables: 215244.
c [Label = 198] Solving duration: 1 ms.
s [Label = 198] SAT (w = 195).
c [Label = 198] Label assignment: 3 3 198 198 198 3 3 3 3 3 198 3 3 198 3 3 3 198 198 198 3 198 198 3 198 198 3 3 3 198 198 198 198 198 3 3 198 3 198 3 3 198 3 198 198 198 198 198 198 198 198 198 3 3 198 3 3 198 198 198 198 198 198 198 198 3 198 3 198 3 198 3 3 3 3 3 3 198 3 3 198 198 3 198 3 3 198 3 3 3 3 3 198 198 3 198 3 198 198 198 198 3 3 198 198 198 198 3 198 3 198 3 3 3 3 198 198 198 198 198 3 198 198 198 198 198 198 3 198 198 3 198 198 198 198 3 3 198 3 198 198 198 3 3 3 3 3 3 198 3 3 198 3 3 198 198 198 198 3 3 3 3 198 3 198 198 3 198 3 3 3 3 198 198 3 198 198 198 3 3 3 3 3 3 3 198 198 198 198 3 3 198 3 198 198 198 3 3 3 198 3 3 3 198 198 198 3 3 198 3 3 198 3 198 3 3 198 3 198 198 198 198 3 3 3 198 3 198 198 3 198 3 3 198 198 198 198 3 3 3 198 198 3 3 198 198 198 198 3 3 3 3 198 198 198 198 3 198 198 3 3 198 3 3 198 198 198 198 198 198 3 198 198 3 3 3 198 3 198 198 198 3 198 3 198 198 3 198 198 3 3 198 198 198 198 198 3 3 198 198 3 3 3 3 3 198 3 3 3 3 198 198 3 198 3 198 3 3 198 3 198 198 3 3 198 3 3 198 198 3 3 3 198 198 198 198 198 198 3 3 198 198 3 198 198 3 198 3 198 3 3 3 198 3 198 3 3 3 3 3 3 3 3 198 3 198 198 198 198 3 198 3 3 3 3 198 3 3 198 3 3 3 198 198 198 3 198 3 3 3 3 198 3 198 198 198 3 3 3 198 198 198 3 3 198 3 198 3 3 198 3 198 198 198 198 3 3 3 198 3 3 3 3 198 198 198 3 3 3 3 198 3 3 198 198 198 198 3 198 198 3 3 198 3 3 3 198 3 3 198 3 198 198 198 198 3 3 3 3 3 198 198 3 3 198 3 198 198 198 198 3 198 198 3 3 198 3 198 3 198 198 3 3 198 3 3 3 3 198 3 3 3 3 198 3 198 3 198 3 3 198 3 198 198 198 198 198 198 3 198 198 198 198 198 198 198 3 198 3 198 3 3 3 198 3 3 198 198 198 3 198 3 3 198 198 3 3 3 198 3 3 3 3 1 198 198 
c [Label = 199] Encoding starts with target value = 195:
c [Label = 199] Encoding duration: 654ms.
c [Label = 199] Number of clauses: 456542.
c [Label = 199] Number of variables: 216336.
c [Label = 199] Solving duration: 1 ms.
s [Label = 199] SAT (w = 195).
c [Label = 199] Label assignment: 4 4 199 199 199 4 4 4 4 4 199 4 4 199 4 4 4 199 199 199 4 199 199 4 199 199 4 4 4 199 199 199 199 199 4 4 199 4 199 4 4 199 4 199 199 199 199 199 199 199 199 199 4 4 199 4 4 199 199 199 199 199 199 199 199 4 199 4 199 4 199 4 4 4 4 4 4 199 4 4 199 199 4 199 4 4 199 4 4 4 4 4 199 199 4 199 4 199 199 199 199 4 4 199 199 199 199 4 199 4 199 4 4 4 4 199 199 199 199 199 4 199 199 199 199 199 199 4 199 199 4 199 199 199 199 4 4 199 4 199 199 199 4 4 4 4 4 4 199 4 4 199 4 4 199 199 199 199 4 4 4 4 199 4 199 199 4 199 4 4 4 4 199 199 4 199 199 199 4 4 4 4 4 4 4 199 199 199 199 4 4 199 4 199 199 199 4 4 4 199 4 4 4 199 199 199 4 4 199 4 4 199 4 199 4 4 199 4 199 199 199 199 4 4 4 199 4 199 199 4 199 4 4 199 199 199 199 4 4 4 199 199 4 4 199 199 199 199 4 4 4 4 199 199 199 199 4 199 199 4 4 199 4 4 199 199 199 199 199 199 4 199 199 4 4 4 199 4 199 199 199 4 199 4 199 199 4 199 199 4 4 199 199 199 199 199 4 4 199 199 4 4 4 4 4 199 4 4 4 4 199 199 4 199 4 199 4 4 199 4 199 199 4 4 199 4 4 199 199 4 4 4 199 199 199 199 199 199 4 4 199 199 4 199 199 4 199 4 199 4 4 4 199 4 199 4 4 4 4 4 4 4 4 199 4 199 199 199 199 4 199 4 4 4 4 199 4 4 199 4 4 4 199 199 199 4 199 4 4 4 4 199 4 199 199 199 4 4 4 199 199 199 4 4 199 4 199 4 4 199 4 199 199 199 199 4 4 4 199 4 4 4 4 199 199 199 4 4 4 4 199 4 4 199 199 199 199 4 199 199 4 4 199 4 4 4 199 4 4 199 4 199 199 199 199 4 4 4 4 4 199 199 4 4 199 4 199 199 199 199 4 199 199 4 4 199 4 199 4 199 199 4 4 199 4 4 4 4 199 4 4 4 4 199 4 199 4 199 4 4 199 4 199 199 199 199 199 199 4 199 199 199 199 199 199 199 4 199 4 199 4 4 4 199 4 4 199 199 199 4 199 4 4 199 199 4 4 4 199 4 4 4 4 1 199 199 
c [Main] Lowest label SAT is set to 198.
c [Main] Kill higher label pid 199.
c [Main] Kill higher label pid 200.
c [Main] Kill higher label pid 201.
c [Label = 200] Encoding starts with target value = 195:
c [Signal] Signal interruption. Caught signal: SIGTERM (15).
c [Label = 201] Encoding starts with target value = 195:
c [Signal] Signal interruption. Caught signal: SIGTERM (15).
c [Main] Kill higher label pid 200.
c [Main] Kill higher label pid 201.
c [Main] Child pid 201 - 60335 terminated by signal 15.
c [Main] Child pid 200 - 60336 terminated by signal 15.
c [Label = 196] Encoding starts with target value = 195:
c [Label = 196] Encoding duration: 920ms.
c [Label = 196] Number of clauses: 432259.
c [Label = 196] Number of variables: 213060.
c [Label = 196] Solving duration: 7 ms.
s [Label = 196] SAT (w = 195).
c [Label = 196] Label assignment: 1 1 196 196 196 1 1 1 1 1 196 1 1 196 1 1 1 196 196 196 1 196 196 1 196 196 1 1 1 196 196 196 196 196 1 1 196 1 196 1 1 196 1 196 196 196 196 196 196 196 196 196 1 1 196 1 1 196 196 196 196 196 196 196 196 1 196 1 196 1 196 1 1 1 1 1 1 196 1 1 196 196 1 196 1 1 196 1 1 1 1 1 196 196 1 196 1 196 196 196 196 1 1 196 196 196 196 1 196 1 196 1 1 1 1 196 196 196 196 196 1 196 196 196 196 196 196 1 196 196 1 196 196 196 196 1 1 196 1 196 196 196 1 1 1 1 1 1 196 1 1 196 1 1 196 196 196 196 1 1 1 1 196 1 196 196 1 196 1 1 1 1 196 196 1 196 196 196 1 1 1 1 1 1 1 196 196 196 196 1 1 196 1 196 196 196 1 1 1 196 1 1 1 196 196 196 1 1 196 1 1 196 1 196 1 1 196 1 196 196 196 196 1 1 1 196 1 196 196 1 196 1 1 196 196 196 196 1 1 1 196 196 1 1 196 196 196 196 1 1 1 1 196 196 196 196 1 196 196 1 1 196 1 1 196 196 196 196 196 196 1 196 196 1 1 1 196 1 196 196 196 1 196 1 196 196 1 196 196 1 1 196 196 196 196 196 1 1 196 196 1 1 1 1 1 196 1 1 1 1 196 196 1 196 1 196 1 1 196 1 196 196 1 1 196 1 1 196 196 1 1 1 196 196 196 196 196 196 1 1 196 196 1 196 196 1 196 1 196 1 1 1 196 1 196 1 1 1 1 1 1 1 1 196 1 196 196 196 196 1 196 1 1 1 1 196 1 1 196 1 1 1 196 196 196 1 196 1 1 1 1 196 1 196 196 196 1 1 1 196 196 196 1 1 196 1 196 1 1 196 1 196 196 196 196 1 1 1 196 1 1 1 1 196 196 196 1 1 1 1 196 1 1 196 196 196 196 1 196 196 1 1 196 1 1 1 196 1 1 196 1 196 196 196 196 1 1 1 1 1 196 196 1 1 196 1 196 196 196 196 1 196 196 1 1 196 1 196 1 196 196 1 1 196 1 1 1 1 196 1 1 1 1 196 1 196 1 196 1 1 196 1 196 196 196 196 196 196 1 196 196 196 196 196 196 196 1 196 1 196 1 1 1 196 1 1 196 196 196 1 196 1 1 196 196 1 1 1 196 1 1 1 1 1 196 196 
c [Label = 197] Encoding starts with target value = 195:
c [Label = 197] Encoding duration: 928ms.
c [Label = 197] Number of clauses: 440353.
c [Label = 197] Number of variables: 214152.
c [Label = 197] Solving duration: 0 ms.
s [Label = 197] SAT (w = 195).
c [Label = 197] Label assignment: 2 2 197 197 197 2 2 2 2 2 197 2 2 197 2 2 2 197 197 197 2 197 197 2 197 197 2 2 2 197 197 197 197 197 2 2 197 2 197 2 2 197 2 197 197 197 197 197 197 197 197 197 2 2 197 2 2 197 197 197 197 197 197 197 197 2 197 2 197 2 197 2 2 2 2 2 2 197 2 2 197 197 2 197 2 2 197 2 2 2 2 2 197 197 2 197 2 197 197 197 197 2 2 197 197 197 197 2 197 2 197 2 2 2 2 197 197 197 197 197 2 197 197 197 197 197 197 2 197 197 2 197 197 197 197 2 2 197 2 197 197 197 2 2 2 2 2 2 197 2 2 197 2 2 197 197 197 197 2 2 2 2 197 2 197 197 2 197 2 2 2 2 197 197 2 197 197 197 2 2 2 2 2 2 2 197 197 197 197 2 2 197 2 197 197 197 2 2 2 197 2 2 2 197 197 197 2 2 197 2 2 197 2 197 2 2 197 2 197 197 197 197 2 2 2 197 2 197 197 2 197 2 2 197 197 197 197 2 2 2 197 197 2 2 197 197 197 197 2 2 2 2 197 197 197 197 2 197 197 2 2 197 2 2 197 197 197 197 197 197 2 197 197 2 2 2 197 2 197 197 197 2 197 2 197 197 2 197 197 2 2 197 197 197 197 197 2 2 197 197 2 2 2 2 2 197 2 2 2 2 197 197 2 197 2 197 2 2 197 2 197 197 2 2 197 2 2 197 197 2 2 2 197 197 197 197 197 197 2 2 197 197 2 197 197 2 197 2 197 2 2 2 197 2 197 2 2 2 2 2 2 2 2 197 2 197 197 197 197 2 197 2 2 2 2 197 2 2 197 2 2 2 197 197 197 2 197 2 2 2 2 197 2 197 197 197 2 2 2 197 197 197 2 2 197 2 197 2 2 197 2 197 197 197 197 2 2 2 197 2 2 2 2 197 197 197 2 2 2 2 197 2 2 197 197 197 197 2 197 197 2 2 197 2 2 2 197 2 2 197 2 197 197 197 197 2 2 2 2 2 197 197 2 2 197 2 197 197 197 197 2 197 197 2 2 197 2 197 2 197 197 2 2 197 2 2 2 2 197 2 2 2 2 197 2 197 2 197 2 2 197 2 197 197 197 197 197 197 2 197 197 197 197 197 197 197 2 197 2 197 2 2 2 197 2 2 197 197 197 2 197 2 2 197 197 2 2 2 197 2 2 2 2 1 197 197 
c [Main] Lowest label SAT is set to 196.
c [Main] Kill higher label pid 197.
c [Main] All children have completed.
r [Main] 
r [Main] Final results: 
r [Main] Lowest label SAT:  	196.
r [Main] Highest label UNSAT:	-.
r [Main] Total real time: 112948 ms.
r [Main] Total memory consumed: 7963.9 MB.
r [Main] 
c [Signal] Signal interruption. Caught signal: SIGTERM (15).
