c [Version] Minimize Makespan Labeling Encoder version 1.0.0.
c [Param] LB is predefined as 175.
c [Param] UB is predefined as 1073.
c [Param] Memory limit is set to 30000.
c [Param] Real time limit is set to 1800.
c [Main] Search strategy: Incremental from upper bound.
c [Main] Encoding and solving for graph: X-can__715.mtx.rnd.
c [Incremental] Minimize Makespan Labeling Antibandwidth problem (X-can__715.mtx.rnd):
c [Incremental] Encoding starts with target value = 174:
c [Incremental] Encoding duration: 20587ms.
c [Incremental] Number of clauses: 17913597.
c [Incremental] Number of variables: 2255877.
c [Incremental] Solving for max label = 1073:
c [Incremental] Solving duration: 449025 ms.
s [Incremental] SAT (label = 1073).
Label assignment: 762 1034 195 990 406 200 960 779 827 390 338 902 934 106 670 880 248 1073 35 692 939 652 630 395 705 260 336 399 381 105 969 511 586 928 691 67 239 361 1020 930 445 723 286 926 295 952 23 326 437 792 463 878 949 809 1035 444 979 400 1058 1053 608 125 429 550 571 980 272 14 193 620 1017 258 780 253 114 986 954 528 1018 604 263 492 823 1026 828 981 1027 843 101 1 933 1023 245 91 450 363 959 998 137 927 1009 520 276 717 796 848 1065 175 31 362 993 882 198 988 702 340 144 695 70 468 977 558 575 500 92 1061 983 641 603 411 519 1010 100 989 611 587 283 279 120 1006 425 484 1013 624 493 1014 345 290 724 851 931 1005 704 160 544 84 564 755 1068 733 966 727 944 982 1046 501 495 191 143 729 102 138 280 108 1056 935 360 215 423 464 441 613 790 174 24 517 546 1007 156 1041 241 29 238 30 824 414 639 1039 88 458 442 758 204 539 407 145 25 75 577 1037 126 430 209 73 638 978 968 600 249 371 94 235 19 427 224 482 324 760 597 570 786 275 146 476 840 98 388 172 958 298 976 479 2 1060 398 459 8 776 860 794 614 488 588 649 554 635 764 711 159 417 317 973 344 962 477 1001 565 113 82 791 446 307 971 545 7 1024 20 261 734 540 768 415 250 428 66 942 867 424 1067 453 838 150 107 110 834 270 947 661 730 1000 469 950 494 1022 456 5 551 76 785 226 89 782 642 662 391 375 80 512 409 518 999 531 556 452 622 314 610 816 1043 323 379 956 815 32 342 85 874 243 90 386 454 719 370 584 1028 483 282 725 633 1003 10 970 199 651 289 967 800 936 875 455 426 636 1031 974 393 819 746 438 65 576 830 413 129 568 881 489 79 491 27 542 151 591 583 664 818 1038 460 870 561 751 356 559 563 891 856 836 631 127 601 578 217 6 219 1012 389 778 471 1040 311 524 684 225 847 627 737 68 222 1019 538 1042 384 991 1002 264 645 374 304 333 579 858 34 267 201 139 763 884 775 246 435 135 1064 1057 515 315 485 305 595 637 475 294 1021 605 3 254 64 257 628 266 667 149 640 629 529 71 527 365 530 580 505 616 965 218 912 301 122 403 621 233 681 569 140 1036 111 306 57 466 404 210 743 615 308 357 422 890 759 1052 448 626 573 984 12 237 715 465 765 278 961 825 997 987 945 953 555 247 869 77 216 56 1025 397 951 783 402 418 348 811 334 1072 121 281 643 22 623 53 657 552 826 706 535 1070 190 33 995 996 115 975 745 726 837 490 1016 268 957 787 728 212 297 13 547 634 81 673 946 1062 123 54 805 478 499 49 788 436 36 47 45 41 9 385 412 51 42 747 291 55 1055 368 449 868 753 52 486 39 593 582 688 1015 964 609 300 18 1066 808 766 299 4 240 1044 831 86 112 405 21 822 1059 504 618 467 130 487 748 364 590 470 756 327 606 506 1004 211 48 644 230 940 1063 810 251 321 887 525 803 889 61 265 1054 526 62 955 602 798 767 206 408 229 963 581 231 313 769 598 109 937 15 594 228 1051 378 366 948 714 252 372 1032 50 377 58 303 40 1033 312 1047 223 208 43 817 814 777 37 1008 574 863 668 358 392 941 883 16 181 17 925 410 672 434 647 60 124 972 28 680 293 938 288 694 784 38 749 
c [Incremental] Max used label: 1073.
c [Incremental] Label 1073 is removed from searching.
c [Incremental] Solving for max label = 1072:
c [Incremental] Solving duration: 3028 ms.
s [Incremental] SAT (label = 1072).
Label assignment: 762 1034 195 990 406 200 960 779 827 390 173 902 934 106 670 880 248 147 35 692 939 652 630 395 705 260 336 399 381 105 969 511 586 928 691 67 239 361 1020 930 445 723 286 926 295 952 23 923 437 792 463 878 949 809 1035 444 979 400 1058 1053 608 125 429 550 571 980 272 14 193 620 1017 258 780 253 114 986 954 528 1018 604 263 492 823 1026 828 981 1027 843 101 1 933 1023 245 91 450 363 959 998 137 927 1009 520 276 717 796 848 1065 175 31 362 641 882 198 988 702 340 144 695 70 468 977 558 575 500 92 1061 983 677 603 411 519 1010 100 989 993 617 283 279 120 1006 425 484 1013 624 493 1014 345 290 724 851 931 1005 704 160 544 84 564 755 1068 733 966 727 944 982 1046 501 495 191 143 729 102 138 280 108 1056 935 360 215 423 464 441 613 790 174 24 546 537 1007 156 1041 241 29 238 30 824 414 639 1039 88 458 442 758 204 539 407 145 25 75 577 1037 126 430 209 73 638 978 968 600 249 371 94 235 19 427 224 482 324 760 597 570 786 275 146 476 840 98 388 172 958 298 976 479 2 1060 398 459 8 776 860 794 614 488 588 649 554 635 764 711 159 417 317 973 344 962 477 1001 565 113 82 791 446 307 971 545 7 1024 20 261 734 540 768 415 250 428 1067 942 867 424 587 453 838 150 107 110 834 270 947 661 730 1000 469 950 494 1022 456 5 551 76 785 226 89 782 642 662 391 375 80 512 409 518 999 531 556 452 622 314 610 816 1043 323 379 956 815 32 342 85 874 243 90 386 454 719 370 584 1028 483 282 725 633 1003 10 970 199 651 289 967 800 936 875 455 426 636 1031 974 393 819 746 438 65 576 830 413 129 568 881 489 79 491 27 542 151 591 583 664 818 1038 460 870 561 751 356 559 563 891 856 836 631 127 601 578 217 6 219 1012 389 778 471 1040 311 524 684 225 847 627 737 68 222 1019 538 1042 384 991 1002 264 645 374 304 333 579 858 34 267 201 139 763 884 775 246 435 135 1064 1057 515 315 485 305 595 637 475 294 1021 605 3 254 64 257 628 266 667 347 640 629 529 71 527 365 530 580 505 616 965 218 912 301 122 403 621 233 681 569 140 1036 111 306 57 466 404 210 743 615 308 357 422 890 759 1052 448 626 573 984 12 237 350 465 765 278 961 825 997 987 945 953 555 247 869 77 216 56 1025 397 951 783 402 418 348 811 334 1072 121 281 643 22 623 53 657 552 826 706 535 1070 190 33 995 996 115 975 745 726 837 490 1016 268 957 787 728 212 297 13 547 634 81 673 946 1062 123 54 805 478 499 49 788 436 36 47 45 41 9 385 412 51 42 747 291 55 1055 368 449 868 753 52 486 39 593 582 688 1015 964 609 300 18 1066 808 766 299 4 240 1044 853 86 112 405 21 822 1059 504 618 467 130 487 748 364 590 470 756 327 606 506 1004 211 48 644 230 940 1063 810 251 321 887 525 803 889 61 265 1054 526 62 955 602 798 767 206 408 229 963 581 231 313 789 598 109 937 15 594 228 1051 378 366 948 714 252 372 1032 50 377 58 303 40 1033 312 1047 223 208 43 817 814 777 37 1008 574 863 668 358 392 941 883 16 181 17 925 410 672 434 647 60 124 972 28 680 293 938 288 769 784 38 749 
c [Incremental] Max used label: 1072.
c [Incremental] Label 1072 is removed from searching.
c [Incremental] Solving for max label = 1071:
c [Incremental] Solving duration: 2844 ms.
s [Incremental] SAT (label = 1071).
Label assignment: 762 1034 195 990 406 200 960 779 827 390 173 902 934 106 670 880 248 147 35 692 939 652 630 395 705 260 336 399 381 105 969 511 586 928 691 67 239 361 1020 930 445 723 286 926 295 952 23 923 437 792 463 878 949 809 1035 444 979 400 1058 1053 608 125 429 550 571 980 272 14 193 620 1017 258 780 253 114 986 954 528 1018 604 263 492 823 1026 828 981 1027 843 101 1 933 1023 245 91 450 363 959 998 137 927 1009 520 276 717 796 848 1065 175 31 362 641 882 198 988 702 340 144 695 70 468 977 558 575 500 92 1061 983 677 603 411 519 1010 100 989 993 617 283 279 120 1006 425 484 1013 624 493 1014 345 290 724 851 931 1005 704 160 544 84 564 755 1068 733 966 727 944 982 1046 501 495 191 143 729 102 138 280 108 1056 935 360 215 423 464 441 613 790 174 24 546 537 1007 156 1041 241 29 238 30 824 414 639 1039 88 458 442 758 204 539 407 145 25 75 577 1037 126 430 209 73 638 978 968 600 249 371 94 235 19 427 224 482 324 760 597 570 786 275 146 476 840 98 388 172 958 298 976 479 2 1060 398 459 8 776 860 794 614 488 588 649 554 635 764 711 159 417 317 973 344 962 477 1001 565 113 82 791 446 307 971 545 7 1024 20 261 734 540 768 415 250 428 1067 942 867 424 587 453 838 150 107 110 834 270 947 661 730 1000 469 950 494 1022 456 5 551 76 785 226 89 782 642 662 391 375 80 512 409 518 999 531 556 452 622 314 610 816 1043 323 379 956 815 32 342 85 874 243 90 386 454 719 370 584 1028 483 282 725 633 1003 10 970 199 651 289 967 800 936 875 455 426 636 1031 974 393 819 746 438 65 576 830 413 129 568 881 489 79 491 27 542 151 591 583 664 818 1038 460 870 561 751 356 559 563 891 856 836 631 127 601 578 217 6 219 1012 389 778 471 1040 311 524 684 225 847 627 737 68 222 1019 538 1042 384 991 1002 264 645 374 304 333 579 858 34 267 201 139 763 884 775 246 435 135 1064 1057 515 315 485 305 595 637 475 294 1021 605 3 254 64 257 628 266 667 347 640 629 529 71 527 365 530 580 505 616 965 218 912 301 122 403 621 233 681 569 140 1036 111 306 57 466 404 210 743 615 308 357 422 890 759 1052 448 626 573 984 12 237 350 465 765 278 961 825 997 987 945 953 555 247 869 77 216 56 1025 397 951 783 402 418 348 811 334 1070 121 281 643 22 623 53 657 552 826 706 535 921 190 33 995 996 115 975 745 726 837 490 1016 268 957 787 728 212 297 13 547 634 81 673 946 1062 123 54 805 478 499 49 788 436 36 47 45 41 9 385 412 51 42 747 291 55 1055 368 449 868 753 52 486 39 593 582 688 1015 964 609 300 18 1066 808 766 299 4 240 1044 853 86 112 405 21 822 1059 504 618 467 130 487 748 364 590 470 756 327 606 506 1004 211 48 644 230 940 1063 810 251 321 887 525 803 889 61 265 1054 526 62 955 602 798 767 206 408 229 963 581 231 313 789 598 109 937 15 594 228 1051 378 366 948 714 252 372 1032 50 377 58 303 40 1033 312 1047 223 208 43 817 814 777 37 1008 574 863 668 358 392 941 883 16 181 17 925 410 672 434 647 60 124 972 28 680 293 938 288 769 784 38 749 
c [Incremental] Max used label: 1070.
c [Incremental] Label 1071 is removed from searching.
c [Incremental] Label 1070 is removed from searching.
c [Incremental] Solving for max label = 1069:
c [Incremental] Solving duration: 2915 ms.
s [Incremental] SAT (label = 1069).
Label assignment: 762 1034 195 990 406 200 960 11 827 390 173 902 934 106 670 880 248 147 35 692 939 652 630 395 705 260 336 399 381 105 969 511 586 928 691 67 239 361 1020 930 445 723 286 926 295 952 23 923 437 792 463 878 949 809 1035 444 979 400 1058 1053 608 125 429 550 571 980 272 14 193 620 1017 258 780 253 114 986 954 528 1018 604 263 492 823 1026 828 981 1027 843 101 1 933 1023 245 91 450 363 959 998 137 927 1009 520 276 717 796 848 1065 175 31 362 641 882 198 988 702 340 144 695 70 468 977 558 575 500 92 1061 983 677 603 411 519 1010 100 989 993 617 283 279 120 1006 425 484 1013 624 493 1014 345 290 724 851 931 1005 704 160 544 84 564 755 1068 733 966 727 944 982 1046 501 495 191 143 729 102 138 280 108 1056 935 360 215 423 464 441 613 790 174 24 546 537 1007 156 1041 241 29 238 30 824 414 639 1039 88 458 442 758 204 539 407 145 25 75 577 1037 126 430 209 73 638 978 968 600 249 371 94 235 19 427 224 482 324 760 597 570 786 275 146 476 840 98 388 172 958 298 976 479 2 1060 398 459 8 776 860 794 614 488 588 649 554 635 764 711 159 417 317 973 344 962 477 1001 565 113 82 791 446 307 971 545 7 1024 20 261 734 540 768 415 250 428 1067 942 867 424 587 453 838 150 107 110 834 270 947 661 730 1000 469 950 494 1022 456 5 551 76 785 226 89 782 642 662 391 375 80 512 409 518 999 531 556 452 622 314 610 816 1043 323 379 956 815 32 342 85 924 243 90 386 454 719 370 584 1028 483 282 725 633 1003 10 970 199 651 289 967 800 936 875 455 426 636 1031 974 393 819 746 438 65 576 830 413 129 568 881 489 79 491 27 542 151 591 583 664 818 1038 460 870 561 751 356 559 563 891 856 836 631 127 601 578 217 6 219 1012 389 778 471 1040 311 524 684 225 847 627 737 68 222 1019 538 1042 384 991 1002 264 645 374 304 333 573 858 34 267 201 139 763 884 775 246 435 135 1064 1057 515 315 485 305 595 637 475 294 1021 605 3 254 64 257 628 266 667 347 640 629 529 71 527 365 530 619 505 616 965 218 912 301 122 403 621 233 681 569 140 1036 111 306 57 466 404 210 743 615 308 357 422 888 759 1052 448 626 580 984 12 237 350 465 765 278 961 825 997 987 945 953 555 247 869 77 216 56 1025 397 951 783 402 418 348 811 334 1062 121 281 643 22 623 53 657 552 826 706 535 921 190 33 995 996 115 975 745 726 837 490 1016 268 957 787 728 212 297 13 547 634 81 673 946 1047 123 54 805 478 499 49 788 436 36 47 45 41 9 385 412 51 42 784 291 55 747 368 449 832 753 52 486 39 593 582 688 1015 964 609 300 18 1066 808 766 299 4 240 1044 853 86 112 405 21 822 1059 504 618 467 130 487 748 364 590 470 756 327 606 506 1004 211 48 644 230 940 1055 810 251 321 887 525 803 889 61 265 1054 526 62 955 602 798 767 206 408 229 963 581 231 313 789 598 109 937 15 594 228 1051 378 366 948 714 252 372 1032 50 377 58 303 40 1033 312 1063 223 208 43 817 814 777 37 1008 574 863 668 358 392 941 868 16 181 17 925 410 672 434 647 60 124 972 28 680 293 938 288 769 683 38 749 
c [Incremental] Max used label: 1068.
c [Incremental] Label 1069 is removed from searching.
c [Incremental] Label 1068 is removed from searching.
c [Incremental] Solving for max label = 1067:
c [Incremental] Solving duration: 2784 ms.
s [Incremental] SAT (label = 1067).
Label assignment: 762 1034 195 990 406 200 960 11 827 390 173 902 934 106 670 880 248 147 35 692 939 652 630 395 705 260 336 399 381 105 969 511 586 928 691 67 239 361 1020 930 445 723 286 926 295 952 23 923 437 792 463 878 949 809 1035 444 979 400 1058 1053 608 125 429 550 571 980 272 14 193 620 1017 258 780 253 114 986 954 528 1018 604 263 492 823 1026 828 981 1027 843 101 1 933 1023 245 91 450 363 959 998 137 927 1009 520 276 717 796 848 1065 175 31 362 641 882 198 988 702 340 144 695 70 468 977 558 575 500 92 922 983 677 603 411 519 1010 100 989 993 617 283 279 120 1006 425 484 1013 624 493 1014 345 290 724 851 931 1005 704 160 544 84 564 755 1061 733 966 727 944 982 1046 501 495 191 143 729 102 138 280 108 1056 935 360 215 423 464 441 613 790 174 24 546 537 1007 156 1041 241 29 238 30 824 414 639 1039 88 458 442 758 204 539 407 145 25 75 577 1037 126 430 209 73 638 978 968 600 249 371 94 235 19 427 224 482 324 760 597 570 786 275 146 476 840 98 388 172 958 298 976 479 2 1060 398 459 8 776 860 794 614 488 588 649 554 635 764 711 159 417 317 973 344 962 477 1001 565 113 82 791 446 307 971 545 7 1024 20 261 734 540 768 415 250 428 1067 942 867 424 587 453 838 150 107 110 834 270 947 661 730 1000 469 950 494 1022 456 5 551 76 785 226 89 782 642 662 391 375 80 512 409 518 999 531 556 452 622 314 610 816 1043 323 379 956 815 32 342 85 924 243 90 386 454 719 370 584 1028 483 282 725 633 1003 10 970 199 651 289 967 800 936 875 455 426 636 1031 974 393 819 746 438 65 576 830 413 129 568 881 489 79 491 27 542 151 591 583 664 818 1038 460 870 561 751 356 559 563 891 856 836 631 127 601 578 217 6 219 1012 389 778 471 1040 311 524 684 225 847 627 737 68 222 1019 538 1042 384 991 1002 264 645 374 304 333 573 858 34 267 201 139 763 884 775 246 435 135 1064 1057 515 315 485 305 595 637 475 294 1021 605 3 254 64 257 628 266 667 347 640 629 529 71 527 365 530 619 505 616 965 218 912 301 122 403 621 233 681 569 140 1036 111 306 57 466 404 210 743 615 308 357 422 888 759 1052 448 626 580 984 12 237 350 465 765 278 961 825 997 987 945 953 555 247 869 77 216 56 1025 397 951 783 402 418 348 811 334 1062 121 281 643 22 623 53 657 552 826 706 535 921 190 33 995 996 115 975 745 726 837 490 1016 268 957 787 728 212 297 13 547 634 81 673 946 1047 123 54 805 478 499 49 788 436 36 47 45 41 9 385 412 51 42 784 291 55 747 368 449 832 753 52 486 39 593 582 688 1015 964 609 300 18 1066 808 766 299 4 240 1044 853 86 112 405 21 822 1059 504 618 467 130 487 748 364 590 470 756 327 606 506 1004 211 48 644 230 940 1055 810 251 321 887 525 803 889 61 265 1054 526 62 955 602 798 767 206 408 229 963 581 231 313 789 598 109 937 15 594 228 1051 378 366 948 714 252 372 1032 50 377 58 303 40 1033 312 1063 223 208 43 817 814 777 37 1008 574 863 668 358 392 941 868 16 181 17 925 410 672 434 647 60 124 972 28 680 293 938 288 769 683 38 749 
c [Incremental] Max used label: 1067.
c [Incremental] Label 1067 is removed from searching.
c [Incremental] Solving for max label = 1066:
c [Incremental] Solving duration: 2803 ms.
s [Incremental] SAT (label = 1066).
Label assignment: 762 1034 195 990 406 200 960 11 827 390 173 902 934 106 670 880 248 147 625 692 939 652 630 395 705 260 336 399 381 105 969 511 586 928 691 67 239 361 1020 930 445 723 286 926 295 952 23 923 437 792 463 878 949 809 1035 444 979 400 1058 1053 608 125 429 550 571 980 272 14 193 35 1017 258 780 253 114 986 954 528 1018 604 263 492 823 1026 828 981 1027 843 101 1 933 1023 245 91 450 363 959 998 137 927 1009 520 276 717 796 848 1065 175 31 362 641 882 198 988 702 340 144 695 70 468 977 558 575 500 92 922 983 677 603 411 519 1010 100 989 993 617 283 279 120 1006 425 484 1013 624 493 1014 345 290 724 851 931 1005 704 160 544 84 564 755 1061 733 966 727 944 982 1046 501 495 191 143 729 102 138 280 108 1056 935 360 215 423 464 441 613 790 174 24 546 537 1007 156 1041 241 29 238 30 292 414 639 1039 88 458 442 758 204 539 407 145 25 75 577 1037 126 430 209 985 638 978 968 600 249 371 94 235 19 427 224 482 324 760 597 570 786 275 146 476 840 98 388 172 958 298 976 479 2 394 398 459 8 776 860 794 614 488 588 649 554 635 764 711 159 417 317 973 344 962 477 1001 565 113 82 791 446 307 971 545 7 1024 20 261 734 540 768 415 250 428 1060 942 867 424 587 576 838 150 107 110 834 270 947 661 730 1000 469 950 494 1022 456 5 551 76 785 226 89 782 642 662 391 375 80 512 409 518 999 531 556 452 622 314 610 816 1043 323 379 956 815 32 342 85 924 243 90 386 454 719 370 584 1028 483 282 725 633 1003 10 970 199 651 289 967 800 936 875 455 426 636 1031 974 393 819 746 438 65 645 830 413 129 568 881 489 79 491 27 542 151 591 583 664 818 1038 460 870 561 751 356 559 563 891 856 836 631 127 601 578 217 6 219 1012 389 778 471 1040 311 524 684 225 847 627 737 68 222 1019 538 1042 384 991 1002 264 669 374 304 333 573 858 34 267 201 139 763 884 775 246 435 135 1064 1057 515 315 485 305 595 637 475 294 1021 605 3 254 64 257 628 266 667 347 640 629 529 71 527 365 530 619 505 616 965 218 912 301 122 403 621 233 681 569 140 1036 111 306 57 466 404 210 743 615 308 357 422 888 759 1052 448 626 580 984 12 237 350 465 765 278 961 825 997 987 945 953 555 247 869 77 216 56 1025 397 951 783 402 418 348 811 334 1062 121 281 832 22 28 53 657 552 826 706 535 921 190 33 995 996 115 975 745 726 837 490 1016 268 957 787 728 212 297 13 547 634 81 673 946 1047 123 54 805 478 499 49 788 618 36 47 45 41 9 385 412 51 42 784 291 55 747 368 449 863 753 52 486 39 593 582 688 1015 964 609 300 18 1066 808 766 299 4 240 1044 853 86 112 405 63 822 1059 504 632 467 130 487 748 364 590 470 756 327 606 506 1004 211 48 644 230 940 1055 810 251 321 887 525 803 889 61 265 1054 526 62 955 602 798 767 206 408 229 963 581 231 313 789 598 109 937 15 594 228 1051 378 366 948 714 252 372 1032 50 377 58 303 40 1033 312 1063 223 208 43 817 814 777 37 1008 574 802 668 358 392 941 868 16 181 17 925 410 672 434 647 60 124 972 21 680 293 938 288 769 683 38 749 
c [Incremental] Max used label: 1066.
c [Incremental] Label 1066 is removed from searching.
c [Incremental] Solving for max label = 1065:
c [Incremental] Solving duration: 2881 ms.
s [Incremental] SAT (label = 1065).
Label assignment: 762 1034 195 990 406 200 960 11 827 390 173 902 934 106 670 880 248 147 625 692 939 652 630 395 705 260 336 399 381 105 969 511 586 928 691 67 239 361 1020 930 445 723 286 926 295 952 23 923 437 792 463 878 949 809 1035 444 979 400 1058 1053 608 125 429 550 571 980 272 14 193 35 1017 258 780 253 114 986 954 528 1018 604 263 492 823 1026 828 981 1027 843 101 1 933 1023 245 91 450 363 959 998 137 927 1009 520 276 717 796 848 1065 175 31 362 641 882 198 988 702 340 144 695 70 468 977 558 575 500 92 922 983 677 603 411 519 1010 100 989 993 617 283 279 120 1006 425 484 1013 624 493 1014 345 290 724 851 931 1005 704 160 544 84 564 755 1061 733 966 727 944 982 1046 501 495 191 143 729 102 138 280 108 1056 935 360 215 423 464 441 613 790 174 24 546 537 1007 156 1041 241 29 238 30 292 414 639 1039 88 458 442 758 204 539 407 145 25 75 577 1037 126 430 209 985 638 978 968 600 249 371 94 235 19 427 224 482 324 760 597 570 786 275 146 476 840 98 388 172 958 298 976 479 2 394 398 459 8 776 860 794 614 488 588 649 554 635 764 711 159 417 317 973 344 962 477 1001 565 113 82 791 446 307 971 545 7 1024 20 261 734 540 768 415 250 428 1060 942 867 424 587 576 838 150 107 110 834 270 947 661 730 1000 469 950 494 1022 456 5 551 76 785 226 89 782 642 662 391 375 80 512 409 518 999 531 556 452 622 314 610 816 1043 323 379 956 815 32 342 85 924 243 90 386 454 719 370 584 1028 483 282 725 633 1003 10 970 199 651 289 967 800 936 875 455 426 636 1031 974 393 819 746 438 65 645 830 413 129 568 881 489 79 491 27 542 151 591 583 664 818 1038 460 870 561 751 356 559 563 891 856 836 631 127 601 578 217 6 219 1012 389 778 471 1040 311 524 684 225 847 627 737 68 222 1019 538 1042 384 991 1002 264 669 374 304 333 573 858 34 267 201 139 763 884 775 246 435 135 1064 1057 515 315 485 305 595 637 475 294 1021 605 3 254 64 257 628 266 667 347 640 629 529 71 527 365 530 619 505 616 965 218 912 301 122 403 621 233 681 569 140 1036 111 306 57 466 404 210 743 615 308 357 422 888 759 1052 448 626 580 984 12 237 350 465 765 278 961 825 997 987 945 953 555 247 869 77 216 56 1025 397 951 783 402 418 348 811 334 1062 121 281 832 22 28 53 657 552 826 706 535 921 190 33 995 996 115 975 745 726 837 490 1016 268 957 787 728 212 297 13 547 634 81 673 946 1047 123 54 805 478 499 49 788 618 36 47 45 41 9 385 412 51 42 784 291 55 747 368 449 863 753 52 486 39 593 582 688 1015 964 609 300 18 1055 808 766 299 4 240 1044 853 86 112 405 63 822 1059 504 632 467 130 487 748 364 590 470 756 327 606 506 1004 211 48 644 230 940 1063 810 251 321 887 525 803 889 61 265 1054 526 62 955 602 798 767 206 408 229 963 581 231 313 789 598 109 937 15 594 228 1051 378 366 948 714 252 372 1032 50 377 58 303 40 1033 312 1048 223 208 43 817 814 777 37 1008 574 802 668 358 392 941 868 16 181 17 925 410 672 434 647 60 124 972 21 680 293 938 288 769 683 38 749 
c [Incremental] Max used label: 1065.
c [Incremental] Label 1065 is removed from searching.
c [Incremental] Solving for max label = 1064:
c [Incremental] Solving duration: 2870 ms.
s [Incremental] SAT (label = 1064).
Label assignment: 762 1034 195 990 406 200 960 11 827 390 173 902 934 106 670 880 248 147 625 692 939 652 630 395 705 260 336 399 381 105 969 511 586 928 691 67 239 361 1020 930 445 723 286 926 295 952 23 923 437 792 463 878 949 809 1035 444 979 400 1058 1053 608 125 429 550 571 980 272 14 193 35 1017 258 780 253 114 986 954 528 1018 604 263 492 823 1026 828 981 1027 843 101 1 933 1023 245 91 450 363 959 998 137 927 1009 520 276 717 796 848 1061 175 31 362 641 882 198 988 702 340 144 695 70 468 977 558 575 500 92 922 983 677 603 411 519 1010 100 989 993 617 283 279 120 1006 425 484 1013 624 493 1014 345 290 724 851 931 1005 704 160 544 84 564 755 1047 733 966 727 944 982 1046 501 495 191 143 729 102 138 280 108 1056 935 360 215 423 464 441 613 790 174 24 546 537 1007 156 1041 241 29 238 30 292 414 639 1039 88 458 442 758 204 539 407 145 25 75 577 1037 126 430 209 985 638 978 968 600 249 371 94 235 19 427 224 482 324 760 597 570 786 275 146 476 840 98 388 172 958 298 976 479 2 394 398 459 8 776 860 794 614 488 588 649 554 635 764 711 159 417 317 973 344 962 477 1001 565 113 82 791 446 307 971 545 7 1024 20 261 734 540 768 415 250 428 1060 942 867 424 587 576 838 150 107 110 834 270 947 661 730 1000 469 950 494 1022 456 5 551 76 785 226 89 782 642 662 391 375 80 512 409 518 999 531 556 452 622 314 610 816 1043 323 379 956 815 32 342 85 924 243 90 386 454 719 370 584 1028 483 282 725 633 1003 10 970 199 651 289 967 800 936 870 455 426 636 1031 974 393 819 746 438 65 645 830 413 129 568 881 489 79 491 27 542 151 591 583 664 818 1038 460 929 561 751 356 559 563 891 856 836 631 127 601 578 217 6 219 1012 389 778 471 1040 311 524 684 225 847 627 737 68 222 1019 538 1042 384 991 1002 264 669 374 304 333 573 858 34 267 201 139 763 884 775 246 435 135 1064 1057 515 315 485 305 595 637 475 294 1021 605 3 254 64 257 628 266 667 347 640 629 529 71 527 365 530 619 505 616 965 218 912 301 122 403 621 233 681 569 140 1036 111 306 57 466 404 210 743 615 308 357 422 887 759 1052 448 626 580 984 12 237 350 465 765 278 961 825 997 987 945 953 555 247 869 77 216 56 1025 397 951 783 402 418 348 811 334 1062 121 281 832 22 28 53 657 552 826 706 535 920 190 33 995 996 115 975 745 726 837 490 1016 268 957 787 728 212 297 13 547 634 81 673 946 1045 123 54 805 478 499 49 788 618 36 47 45 41 9 385 412 51 42 784 291 55 747 368 449 863 753 52 486 39 593 582 688 1015 964 609 300 18 1055 808 766 299 4 240 1044 853 86 112 405 63 822 1059 504 632 467 130 487 748 364 590 470 756 327 606 506 1004 211 48 644 230 940 1063 810 251 321 921 525 803 889 61 265 1054 526 62 955 602 798 767 206 408 229 963 581 231 313 789 598 109 937 15 594 228 1051 378 366 948 714 252 372 1032 50 377 58 303 40 1033 312 1048 223 208 43 817 814 777 37 1008 574 802 668 358 392 941 868 16 181 17 925 410 672 434 647 60 124 972 21 680 293 938 288 769 683 38 749 
c [Incremental] Max used label: 1064.
c [Incremental] Label 1064 is removed from searching.
c [Incremental] Solving for max label = 1063:
c [Incremental] Solving duration: 3064 ms.
s [Incremental] SAT (label = 1063).
Label assignment: 762 1034 195 990 406 200 960 11 827 390 173 902 934 125 670 880 248 147 625 692 939 652 630 395 705 341 336 399 381 105 969 511 586 928 691 67 239 361 1020 930 445 723 918 926 295 952 23 923 437 792 463 878 949 809 1035 444 979 400 1058 1053 608 133 429 550 571 980 272 14 193 35 1017 258 780 253 114 986 954 528 1018 604 263 492 823 1026 828 981 1027 843 101 1 933 1023 245 91 450 363 959 998 137 927 1009 520 276 717 796 848 1061 175 31 362 641 497 198 988 702 340 144 695 70 468 977 558 575 500 92 922 983 677 603 411 519 1010 100 989 993 617 283 279 120 1006 425 484 1013 624 493 1014 345 290 724 851 931 1005 704 160 544 84 564 755 1047 733 966 727 944 982 1046 501 495 191 143 729 102 138 280 108 1056 935 360 215 423 464 441 613 790 174 24 546 537 1007 156 1041 241 29 238 30 292 414 639 1039 88 458 442 758 204 539 407 145 25 75 577 1037 126 430 209 985 638 978 968 600 249 371 94 235 19 427 224 482 324 760 597 570 786 275 106 476 840 98 388 172 958 298 976 479 2 394 398 459 8 776 860 794 614 488 588 649 554 635 764 711 159 417 317 973 344 962 477 1001 565 113 82 791 446 307 971 545 7 1024 20 261 734 540 768 415 250 428 1060 942 867 424 587 576 838 150 107 110 834 270 947 661 730 1000 469 950 494 1022 456 5 551 76 785 226 89 782 642 662 391 375 80 512 409 518 999 531 556 452 622 314 610 816 1043 323 379 956 815 32 342 85 924 243 90 386 454 719 370 584 1028 483 282 725 633 1003 10 970 199 651 289 967 800 936 870 455 426 636 1031 974 393 819 746 65 79 645 830 413 129 568 881 489 167 491 27 542 151 591 583 664 818 1038 460 919 561 751 356 559 563 891 856 836 631 127 601 578 217 6 219 1012 389 778 471 1040 311 524 684 225 847 627 737 68 222 1019 538 1042 384 991 1002 264 669 374 304 333 573 858 34 267 201 139 763 884 775 246 435 135 929 1057 515 315 485 305 595 637 475 294 1021 605 3 254 64 257 628 266 667 347 640 629 529 71 527 365 530 619 505 616 965 218 912 301 122 403 621 233 681 569 140 1036 111 306 57 466 404 210 743 615 308 357 422 887 759 1052 448 626 580 984 12 237 350 319 765 278 961 825 997 987 945 953 555 247 869 77 216 56 1025 397 951 783 402 418 348 811 334 1062 121 236 832 22 28 53 657 552 281 706 535 920 190 33 995 996 115 975 745 726 837 490 1016 268 957 787 728 212 297 13 547 634 81 673 946 1045 123 244 805 478 499 49 788 618 36 47 45 41 9 385 412 51 42 784 291 55 747 368 449 863 753 52 486 39 593 582 688 1015 964 609 300 18 1055 808 766 299 4 240 1044 853 86 112 405 63 822 1059 504 632 467 130 487 748 364 590 470 756 327 606 506 1004 211 48 644 230 940 1063 810 879 321 921 525 803 889 61 265 1054 526 62 955 602 798 767 206 408 229 963 581 231 313 789 598 109 937 15 594 228 1051 378 366 948 714 252 372 1032 50 377 58 303 40 1033 312 1048 223 208 43 817 814 777 37 1008 574 802 668 358 392 941 868 16 181 17 925 410 672 434 647 60 124 972 21 680 293 938 288 769 683 38 749 
c [Incremental] Max used label: 1063.
c [Incremental] Label 1063 is removed from searching.
c [Incremental] Solving for max label = 1062:
c [Incremental] Solving duration: 3062 ms.
s [Incremental] SAT (label = 1062).
Label assignment: 762 1034 195 990 406 200 960 11 827 390 173 902 934 125 670 880 248 147 625 692 939 652 630 395 705 341 336 399 381 105 969 511 586 928 691 67 239 361 1020 930 445 723 918 926 295 952 23 923 437 792 463 878 949 809 1035 444 979 400 1058 1053 608 133 429 550 571 980 272 14 193 35 1017 258 780 253 114 986 954 528 1018 604 263 492 823 1026 828 981 1027 843 101 1 933 1023 245 91 450 363 959 998 137 927 1009 520 276 717 796 848 1061 175 31 362 641 497 198 988 702 340 144 695 70 468 977 558 575 500 92 922 983 677 603 411 519 1010 100 989 993 617 283 279 120 1006 425 484 1013 624 493 1014 345 290 724 851 931 1005 704 160 544 84 564 755 1047 733 966 727 944 982 1046 501 495 191 143 729 102 138 280 108 1056 935 360 215 423 464 441 613 790 174 24 546 537 1007 156 1041 241 29 238 30 292 414 639 1039 88 458 442 758 204 539 407 145 25 75 577 1037 126 430 209 985 638 978 968 600 249 371 94 235 19 427 224 482 324 760 597 570 786 275 106 476 840 98 388 172 958 298 976 479 2 394 398 459 8 776 860 794 614 488 588 649 554 635 764 711 159 417 317 973 344 962 477 1001 565 113 82 791 446 307 971 545 7 1024 20 261 734 540 768 415 250 428 1060 942 867 424 587 576 838 150 107 110 834 270 947 661 730 1000 469 950 494 1022 456 5 551 76 785 226 89 782 642 662 391 375 80 512 409 518 999 531 556 452 622 314 610 816 1043 323 379 956 815 32 342 85 924 243 90 386 454 719 370 584 1028 483 282 725 633 1003 10 970 199 651 289 967 800 936 870 455 426 636 1031 974 393 819 746 65 79 645 830 413 129 568 881 489 167 491 27 542 151 591 583 664 818 1038 460 919 561 751 356 559 563 891 856 836 631 127 601 578 217 6 219 1012 389 778 471 1040 311 524 684 225 847 627 737 68 222 1019 538 1042 384 991 1002 264 669 374 304 333 573 858 34 267 201 139 763 884 775 246 435 135 929 1057 515 315 485 305 595 637 475 294 1021 605 3 254 64 257 628 266 667 347 640 629 529 71 527 365 530 619 505 616 965 218 912 301 122 403 621 233 681 569 140 1036 111 306 57 466 404 210 743 615 308 357 422 887 759 1052 448 626 580 984 12 237 350 319 765 278 961 825 997 987 945 953 555 247 869 77 216 56 1025 397 951 783 402 418 348 811 334 1062 121 236 832 22 28 53 657 552 281 706 535 920 190 33 995 996 115 975 745 726 837 490 1016 268 957 787 728 212 297 13 547 634 81 673 946 1045 123 244 805 478 499 49 788 618 36 47 45 41 9 385 412 51 42 784 291 55 747 368 449 863 753 52 486 39 593 582 688 1015 964 609 300 18 1055 808 766 299 4 240 1044 853 86 112 405 63 822 1059 504 632 467 130 487 748 364 590 470 756 327 606 506 1004 211 48 644 230 940 994 810 879 321 921 525 803 889 61 265 1054 526 62 955 602 798 767 206 408 229 963 581 231 313 789 598 109 937 15 594 228 1051 378 366 948 714 252 372 1032 50 377 58 303 40 1033 312 1048 223 208 43 817 814 777 37 1008 574 802 668 358 392 941 868 16 181 17 925 410 672 434 647 60 124 972 21 680 293 938 288 769 683 38 749 
c [Incremental] Max used label: 1062.
c [Incremental] Label 1062 is removed from searching.
c [Incremental] Solving for max label = 1061:
c [Incremental] Solving duration: 91868 ms.
s [Incremental] SAT (label = 1061).
Label assignment: 762 31 200 145 381 221 1034 11 827 390 168 513 934 905 652 295 259 516 630 617 966 193 432 880 761 341 248 400 571 96 969 407 586 980 500 67 249 396 625 801 445 718 28 918 339 959 721 943 709 809 723 834 952 262 1035 444 979 429 406 1053 610 133 480 380 1056 29 256 23 202 80 1017 166 780 260 172 986 954 550 1018 608 263 492 823 1023 670 914 981 861 938 572 933 1027 245 70 450 363 989 998 557 741 1009 520 848 750 276 846 1061 175 27 362 558 533 185 988 738 340 10 695 78 468 841 86 977 497 92 35 983 595 277 420 519 1010 576 399 993 1006 283 279 120 1014 1020 473 1013 624 493 639 239 290 854 851 909 1005 812 160 544 423 564 727 194 733 7 799 944 982 1026 148 501 495 159 852 114 1007 253 108 1046 613 360 238 620 464 509 605 138 5 39 537 603 978 401 1037 1030 611 285 441 824 956 740 8 88 476 496 758 204 539 431 280 30 75 587 367 126 453 178 881 482 188 968 164 261 376 94 203 19 425 235 1039 324 73 577 606 856 1052 284 985 760 584 389 2 886 298 976 479 131 973 477 442 414 776 860 773 599 488 919 675 602 635 700 807 343 926 317 98 953 25 474 1001 565 52 962 764 446 270 81 931 20 66 882 241 734 351 398 415 250 1049 64 942 840 484 604 379 1050 150 107 517 927 189 947 665 730 146 469 24 494 1024 614 871 456 103 794 307 93 782 375 746 391 1000 149 512 879 424 999 546 527 1003 655 314 32 863 916 323 386 1058 829 34 342 85 937 255 82 454 642 719 483 562 1028 282 588 751 46 459 14 971 199 763 289 631 819 40 865 455 426 636 1031 994 352 822 694 950 112 687 830 393 601 777 935 783 167 582 466 793 33 578 394 664 835 1038 69 915 74 192 775 559 563 140 859 176 622 127 970 6 217 62 1012 949 370 1060 619 1040 311 575 1022 225 1042 627 548 68 206 331 556 951 384 991 1002 302 684 374 581 333 561 711 54 267 201 645 744 967 591 254 435 135 42 1021 56 965 356 191 538 536 580 41 1019 628 3 305 1043 701 61 661 573 347 470 629 585 87 523 306 530 671 505 616 139 218 904 301 122 55 621 233 529 569 162 1036 95 121 651 955 357 278 743 696 1011 372 858 197 313 612 448 637 583 997 16 237 350 319 785 308 961 847 147 440 404 161 518 246 869 79 216 609 89 1055 570 765 402 418 348 397 334 936 170 228 100 607 99 53 657 552 77 712 535 920 320 995 948 1016 163 1025 421 729 475 490 247 268 957 800 405 787 297 778 623 547 113 673 844 885 171 76 722 478 506 48 814 274 44 382 71 43 12 385 378 51 369 703 291 111 759 368 436 706 748 165 555 59 9 618 688 392 964 419 300 18 594 806 753 299 786 1041 1044 769 173 240 593 63 808 921 910 1029 467 797 487 798 364 136 1048 626 327 208 115 1004 211 45 644 257 169 940 813 251 1054 1032 579 803 913 130 1047 615 144 805 15 810 791 767 749 410 264 963 526 231 912 366 634 123 49 13 647 911 1051 26 38 747 714 321 946 945 826 975 109 303 36 522 312 1045 1033 928 412 756 358 102 37 1008 525 1057 883 223 377 941 1059 17 502 574 925 408 672 434 650 252 124 972 4 788 293 866 288 737 683 47 566 
c [Incremental] Max used label: 1061.
c [Incremental] Label 1061 is removed from searching.
c [Incremental] Solving for max label = 1060:
c [Incremental] Solving duration: 3195 ms.
s [Incremental] SAT (label = 1060).
Label assignment: 762 31 200 145 381 221 1034 11 827 390 168 513 934 905 652 295 259 516 630 617 966 193 432 880 761 341 248 400 571 96 969 407 586 980 500 67 249 396 625 801 445 718 28 918 339 959 721 927 709 809 723 834 952 262 1035 444 979 429 406 1053 610 133 480 380 1056 29 256 23 202 80 1017 166 780 260 172 986 954 550 1018 608 263 492 823 1023 670 914 981 861 938 572 933 1027 245 70 450 363 989 998 557 741 1009 520 848 750 276 846 943 175 27 362 558 533 185 988 738 340 10 695 78 468 841 86 977 497 92 35 983 595 277 420 519 1010 576 399 993 1006 283 279 120 1014 1020 473 1013 624 493 639 239 290 854 851 909 1005 812 160 544 423 564 727 194 733 7 799 944 982 1026 148 501 495 159 852 114 1007 253 108 1046 613 360 238 620 464 509 605 138 5 39 537 603 978 401 1037 1030 611 285 441 824 956 740 8 88 476 496 758 204 539 431 280 30 75 587 367 126 453 178 881 482 188 968 164 261 376 94 203 19 425 235 1039 324 73 577 606 856 1052 284 985 760 584 389 2 886 298 976 479 131 973 477 442 414 776 860 773 599 488 919 675 602 635 700 807 343 926 317 98 953 25 474 1001 565 52 962 764 446 270 81 931 20 66 882 241 734 351 398 415 250 1049 64 942 840 484 604 379 1050 150 107 517 923 189 947 665 730 146 469 24 494 1024 614 871 456 103 794 307 93 782 375 746 391 1000 149 512 879 424 999 546 527 1003 655 314 32 863 916 323 386 1058 829 34 342 85 937 255 82 454 642 719 483 562 1028 282 588 751 46 459 14 971 199 763 289 631 819 40 865 455 426 636 1031 994 352 822 694 950 112 687 830 393 601 777 935 783 167 582 466 793 33 578 394 664 835 1038 69 915 74 192 775 559 563 140 859 176 622 127 970 6 217 62 1012 949 370 1060 619 1040 311 575 1022 225 1042 627 548 68 206 331 556 951 384 991 1002 302 684 374 581 333 561 711 54 267 201 645 744 967 591 254 435 135 42 1021 56 965 356 191 538 536 580 41 1019 628 3 305 1043 701 61 661 573 347 470 629 585 87 523 306 530 671 505 616 139 218 904 301 122 55 621 233 529 569 162 1036 95 121 651 955 357 278 743 696 1011 372 858 197 313 612 448 637 583 997 16 237 350 319 785 308 961 847 147 440 404 161 518 246 869 79 216 609 89 1055 570 765 402 418 348 397 334 936 170 228 100 607 99 53 657 552 77 712 535 920 320 995 948 1016 163 1025 421 729 475 490 247 268 957 800 405 787 297 778 623 547 113 673 844 885 171 76 722 478 506 48 814 274 44 382 71 43 12 385 378 51 369 703 291 111 759 368 436 706 748 165 555 59 9 618 688 392 964 419 300 18 594 806 753 299 786 1041 1044 769 173 240 593 63 808 921 910 1029 467 797 487 798 364 136 1048 626 327 208 115 1004 211 45 644 257 169 940 813 251 1054 1032 579 803 913 130 1047 615 144 805 15 810 791 767 749 410 264 963 526 231 912 366 634 123 49 13 647 911 1051 26 38 747 714 321 946 945 826 975 109 303 36 522 312 1045 1033 928 412 756 358 102 37 1008 525 1057 883 223 377 941 1059 17 502 574 925 408 672 434 650 252 124 972 4 788 293 866 288 737 683 47 566 
c [Incremental] Max used label: 1060.
c [Incremental] Label 1060 is removed from searching.
c [Incremental] Solving for max label = 1059:
c [Incremental] Solving duration: 22401 ms.
s [Incremental] SAT (label = 1059).
Label assignment: 762 31 200 145 381 221 1034 11 827 390 755 513 934 905 652 295 259 516 630 692 966 193 432 990 761 341 248 400 571 96 969 511 586 718 463 67 249 396 625 801 445 713 28 918 407 959 721 691 862 809 723 500 952 263 1035 444 979 429 406 1053 610 133 480 380 754 29 256 23 202 80 1017 166 780 344 172 986 954 550 1018 608 272 492 823 897 670 472 981 861 989 572 933 1027 245 73 450 363 998 1023 557 741 1009 520 848 750 276 846 943 175 27 362 558 533 185 988 738 340 10 695 78 468 841 86 977 497 232 35 983 595 277 420 519 1010 576 992 993 1020 283 279 120 1014 903 473 1013 624 493 639 229 290 854 1006 909 1005 812 160 544 387 564 727 194 733 7 764 944 982 1026 148 501 495 159 68 114 1007 253 108 1046 613 360 904 620 464 509 605 138 5 39 451 70 978 401 1037 1030 611 285 441 824 956 740 8 88 476 482 758 204 496 431 280 30 52 600 367 126 453 178 881 458 188 968 163 261 376 94 203 19 425 235 1039 333 92 577 606 856 1052 284 985 760 584 389 2 958 298 976 479 131 973 477 442 414 776 860 773 599 488 919 675 602 635 700 807 343 926 317 98 953 1001 474 920 565 42 962 795 446 270 81 931 20 66 25 901 734 351 398 415 226 1049 51 942 659 484 604 379 1050 173 107 587 923 189 947 665 730 146 469 24 494 1024 614 794 456 103 213 307 93 782 375 746 391 1000 149 512 879 452 999 551 527 1003 129 314 32 816 916 323 386 1058 829 34 342 906 937 301 82 454 642 719 483 562 1028 863 588 751 46 459 14 971 199 935 289 631 819 40 925 455 426 636 1031 994 438 822 413 974 112 687 722 393 601 777 950 783 167 582 466 793 74 563 394 664 835 1038 69 886 900 192 775 578 542 62 859 176 622 127 970 6 217 50 1012 949 370 915 821 1022 262 575 1040 225 1042 627 548 147 206 330 581 951 384 991 1002 302 684 374 324 347 561 911 54 304 201 645 744 967 591 269 435 135 119 1021 56 965 356 191 538 536 580 41 1019 628 3 305 1043 701 61 661 573 964 640 629 403 87 523 902 530 671 505 616 955 218 921 318 122 898 621 332 165 569 162 1036 95 121 651 585 357 278 699 696 1011 372 858 197 313 681 481 637 583 997 16 246 350 334 785 408 961 847 331 440 404 161 518 254 832 79 216 609 89 1055 570 765 419 397 348 402 237 936 117 228 100 607 99 53 657 552 77 712 535 660 320 1025 948 214 212 996 421 139 475 490 247 268 995 800 405 797 297 778 594 486 113 673 844 688 1016 76 648 478 506 48 814 274 170 385 71 43 12 392 378 111 369 703 759 55 748 368 434 706 747 171 555 59 9 593 749 18 1015 447 300 44 26 806 753 319 786 1041 329 808 164 236 590 49 810 929 910 1029 521 769 504 63 321 136 1054 626 328 208 115 1004 805 45 644 257 169 946 813 251 615 945 579 803 975 130 1047 618 58 15 737 787 791 767 763 410 264 941 668 231 912 366 634 123 957 13 653 940 1048 22 38 680 714 157 382 1032 826 364 109 327 36 522 312 1045 1033 252 412 756 358 102 37 1008 1051 1057 647 244 377 963 1059 17 502 574 547 436 672 418 650 265 303 972 4 788 293 866 299 715 683 47 566 
c [Incremental] Max used label: 1059.
c [Incremental] Label 1059 is removed from searching.
c [Incremental] Solving for max label = 1058:
c [Incremental] Solving duration: 3044 ms.
s [Incremental] SAT (label = 1058).
Label assignment: 762 31 200 145 381 221 1034 11 827 390 755 513 934 905 652 295 259 516 630 692 966 193 432 990 761 341 248 400 571 96 969 511 586 718 463 67 249 396 625 801 445 713 28 918 407 959 721 691 862 809 723 500 952 263 1035 444 979 429 406 1053 610 133 480 380 754 29 256 23 202 80 1017 166 780 344 172 986 954 550 1018 608 272 492 823 897 670 472 981 861 989 572 933 1027 245 73 450 363 998 1023 557 741 1009 520 848 750 276 846 943 175 27 362 558 533 185 988 738 340 10 695 78 468 841 86 977 497 232 35 983 595 277 420 519 1010 576 992 993 1020 283 279 120 1014 903 473 1013 624 493 639 229 290 854 1006 909 1005 812 160 544 387 564 727 194 733 7 764 944 982 1026 148 501 495 159 68 114 1007 253 108 937 613 360 904 620 464 509 605 138 5 39 451 70 978 401 1037 1030 611 285 441 824 956 740 8 88 476 482 758 204 496 431 280 30 52 600 367 126 453 178 881 458 188 968 163 261 376 94 203 19 425 235 1039 333 92 577 606 856 1052 284 985 760 584 389 2 958 298 976 479 131 973 477 442 414 776 860 773 599 488 919 675 602 635 700 807 343 926 317 98 953 1001 474 920 565 42 962 795 446 270 81 931 20 66 25 901 734 351 398 415 226 1049 51 942 659 484 604 379 1050 173 107 587 923 189 947 665 730 146 469 24 494 1024 614 794 456 103 213 307 93 782 375 746 391 1000 149 512 879 452 999 551 527 1003 129 314 32 816 916 323 386 1058 829 34 342 906 924 301 82 454 642 719 483 562 1028 863 588 751 46 459 14 971 199 935 289 631 819 40 925 455 426 636 1031 994 438 822 413 974 112 687 722 393 601 777 950 783 167 582 466 793 74 563 394 664 835 1038 69 886 900 192 775 578 542 62 859 176 622 127 970 6 217 50 1012 949 370 915 821 1022 262 575 1040 225 1042 627 548 147 206 330 581 951 384 991 1002 302 684 374 324 347 561 911 54 304 201 645 744 967 591 269 435 135 119 1021 56 965 356 191 538 536 580 41 1019 628 3 305 1043 701 61 661 573 964 640 629 403 87 523 902 530 671 505 616 955 218 921 318 122 898 621 332 165 569 162 1036 95 121 651 585 357 278 699 696 1011 372 858 197 313 681 481 637 583 997 16 246 350 334 785 408 961 847 331 440 404 161 518 254 832 79 216 609 89 1055 570 765 419 397 348 402 237 936 117 228 100 607 99 53 657 552 77 712 535 660 320 1025 948 214 212 996 421 139 475 490 247 268 995 800 405 797 297 778 594 486 113 673 844 688 1016 76 648 478 506 48 814 274 170 385 71 43 12 392 378 111 369 703 759 55 748 368 434 706 747 171 555 59 9 593 749 18 1015 447 300 44 26 806 753 319 786 1041 329 808 164 236 590 49 810 929 910 1029 521 769 504 63 321 136 1054 626 328 208 115 1004 805 45 644 257 169 946 813 251 615 945 579 803 975 130 1047 618 58 15 737 787 791 767 763 410 264 941 668 231 912 366 634 123 957 13 653 940 1048 22 38 680 714 157 382 1032 826 364 109 327 36 522 312 1046 1033 252 412 756 358 102 37 1008 1051 1057 647 244 377 963 1045 17 502 574 547 436 672 418 650 265 303 972 4 788 293 866 299 715 683 47 566 
c [Incremental] Max used label: 1058.
c [Incremental] Label 1058 is removed from searching.
c [Incremental] Solving for max label = 1057:
c [Incremental] Solving duration: 2844 ms.
s [Incremental] SAT (label = 1057).
Label assignment: 762 31 200 145 381 221 1034 11 827 390 755 513 934 905 652 295 259 516 630 692 966 193 432 990 761 341 248 400 571 96 969 511 586 718 463 67 249 396 625 801 445 713 28 918 407 959 721 691 862 809 723 500 952 263 1035 444 979 429 406 1053 610 133 480 380 754 29 256 23 202 80 1017 166 780 344 172 986 954 550 1018 608 272 492 823 897 670 472 981 861 989 572 933 1027 245 73 450 363 998 1023 557 741 1009 520 848 750 276 846 943 175 27 362 558 533 185 988 738 340 10 695 78 468 841 86 977 497 232 35 983 595 277 420 519 1010 576 992 993 1020 283 279 120 1014 903 473 1013 624 493 639 229 290 854 1006 909 1005 812 160 544 387 564 727 194 733 7 764 944 982 1026 148 501 495 159 68 114 1007 253 108 937 613 360 904 620 464 509 605 138 5 39 451 70 978 401 1037 1030 611 285 441 824 956 690 8 88 476 482 758 204 496 431 280 30 52 600 367 126 453 178 881 458 188 968 163 261 376 94 203 19 425 235 1039 333 92 577 606 856 1052 284 985 760 584 389 2 958 298 976 479 131 973 477 442 414 776 860 773 599 488 919 675 602 635 700 807 343 926 317 98 953 1001 474 920 565 42 962 795 446 270 81 931 20 66 25 901 734 351 398 415 226 898 51 942 659 484 604 379 1050 173 107 587 923 189 947 665 730 146 469 24 494 1024 614 794 456 103 213 307 93 782 375 746 391 1000 149 512 879 452 999 551 527 1003 129 314 32 816 916 323 386 1049 829 34 342 906 924 301 82 454 642 719 483 562 1028 863 588 751 46 459 14 971 199 935 289 631 819 40 925 455 426 636 1031 994 438 822 413 974 112 687 722 393 601 777 950 783 167 582 466 793 74 563 394 664 835 1038 69 886 900 192 775 578 542 62 859 176 622 127 970 6 217 50 1012 949 370 915 821 1022 262 575 1040 225 1042 627 548 147 206 330 581 951 384 991 1002 302 684 374 324 347 561 911 54 304 201 645 744 967 591 269 435 135 119 1021 56 965 356 191 538 536 580 41 1019 628 3 305 1043 701 61 661 573 964 640 629 403 87 523 902 530 671 505 616 955 218 921 318 122 913 621 332 165 569 162 1036 95 121 651 585 357 278 699 696 1011 372 858 197 313 681 481 637 583 997 16 246 350 334 785 408 961 847 331 440 404 161 518 254 832 79 216 609 89 1055 570 765 419 397 348 402 237 936 117 228 100 607 99 53 657 552 77 712 535 660 320 1025 948 214 212 996 421 139 475 490 247 268 995 800 405 797 297 778 594 486 113 673 844 688 1016 76 648 478 506 48 814 274 170 385 71 43 12 392 378 111 369 703 759 55 748 368 434 706 747 171 555 59 9 593 749 18 1015 447 300 44 26 806 753 319 786 1041 329 808 164 236 590 49 810 929 910 1029 521 769 504 63 321 136 1054 626 328 208 115 1004 805 45 644 257 169 946 813 251 615 945 579 803 975 130 1047 618 58 15 737 787 791 767 763 410 264 941 668 231 912 366 634 123 957 13 653 940 1048 22 38 680 714 157 382 1032 826 364 109 327 36 522 312 1046 1033 252 412 756 358 102 37 1008 1051 1057 647 244 377 963 1045 17 502 574 547 436 672 418 650 265 303 972 4 788 293 866 299 715 683 47 566 
c [Incremental] Max used label: 1057.
c [Incremental] Label 1057 is removed from searching.
c [Incremental] Solving for max label = 1056:
c [Incremental] Solving duration: 81779 ms.
s [Incremental] SAT (label = 1056).
Label assignment: 762 31 200 104 381 252 1034 11 827 390 786 513 337 905 652 295 259 516 1052 692 271 336 990 966 761 960 248 400 571 96 969 511 407 718 463 67 263 930 625 809 426 586 28 918 980 959 721 260 834 801 723 500 952 249 1035 444 986 461 406 1053 610 423 480 380 23 29 256 440 202 80 1017 166 693 399 172 1018 174 602 979 601 272 998 823 897 981 429 933 843 989 598 603 760 245 73 427 363 572 1023 557 750 1009 520 137 717 276 846 943 175 27 362 411 533 185 977 820 340 10 695 78 468 841 576 993 497 86 35 983 594 232 420 519 1010 558 992 988 1020 903 279 120 1014 896 473 1013 605 493 624 229 290 851 854 1006 1005 812 160 544 387 564 239 194 733 7 769 982 978 1026 148 509 495 159 68 114 944 253 727 937 607 782 904 620 464 783 604 138 5 39 787 70 1007 287 1037 1030 632 309 445 768 956 690 1049 88 476 482 758 204 496 430 280 75 52 638 224 126 30 178 600 458 188 333 163 261 376 94 203 19 425 428 235 285 92 577 584 856 985 284 895 764 958 389 799 976 298 968 479 131 973 388 435 414 771 409 773 592 488 892 649 597 606 700 807 953 919 317 98 926 1001 453 920 565 42 962 795 441 270 64 931 20 66 25 901 460 540 398 415 226 898 51 942 659 484 612 379 1048 173 107 587 923 560 947 665 730 146 469 24 494 1024 434 815 527 50 213 307 93 738 375 746 391 999 149 512 879 437 62 551 1003 1000 129 314 32 816 916 323 386 924 829 34 342 906 965 301 82 449 642 546 474 569 1028 863 585 751 46 459 14 971 40 935 289 631 819 65 925 455 446 611 1031 994 450 822 413 941 112 687 722 491 568 777 957 489 167 553 448 791 797 563 394 664 835 443 69 886 900 192 775 984 393 140 859 176 74 127 961 6 217 33 1012 940 370 1046 780 1022 262 524 1040 225 1042 627 456 147 206 38 581 975 384 970 1002 302 669 374 324 347 616 911 54 304 201 294 236 967 591 266 433 135 119 1021 56 963 1019 191 538 536 580 41 628 626 3 305 1043 1050 61 661 667 1015 640 629 403 87 523 242 530 734 505 599 991 218 921 318 122 913 621 332 165 588 162 1036 95 121 651 467 357 268 699 696 636 372 858 197 296 681 813 613 583 622 16 595 350 334 770 825 987 847 331 442 518 161 439 246 784 79 216 609 89 1055 680 765 402 397 348 383 237 936 117 228 100 673 77 99 657 688 53 712 747 660 320 1025 951 214 212 996 421 63 475 490 247 251 995 808 405 798 297 776 562 486 113 637 802 658 964 76 623 514 506 48 810 274 223 385 71 412 12 392 378 111 419 615 759 55 790 45 431 706 766 171 555 59 9 614 715 18 948 447 300 44 26 805 749 319 778 826 329 814 164 234 590 49 43 929 910 1029 521 817 504 142 321 136 457 575 328 208 115 1004 806 47 644 254 169 946 803 257 593 950 579 653 997 130 1045 608 58 15 800 756 789 767 763 438 264 955 737 288 912 366 618 123 949 13 728 945 1047 21 109 668 714 157 382 1032 793 634 510 327 36 522 312 1054 1033 230 364 753 358 481 37 1008 1051 774 582 244 377 974 1016 17 502 574 547 436 672 418 650 265 303 972 4 788 293 1011 299 596 683 60 22 
c [Incremental] Max used label: 1055.
c [Incremental] Label 1056 is removed from searching.
c [Incremental] Label 1055 is removed from searching.
c [Incremental] Solving for max label = 1054:
c [Incremental] Solving duration: 42043 ms.
s [Incremental] SAT (label = 1054).
Label assignment: 746 1009 537 438 1047 634 523 698 1053 904 650 615 231 168 62 786 461 979 787 1040 1005 960 66 349 608 926 347 1003 8 991 140 78 171 713 1001 790 65 85 97 291 70 146 344 984 964 125 520 114 980 1008 807 998 361 654 766 836 101 92 1019 737 2 959 1035 93 167 418 419 1046 112 64 371 892 683 119 137 90 903 74 75 110 1024 68 788 613 700 412 94 1031 366 714 967 925 987 555 535 113 773 181 348 710 805 1038 462 1000 1025 815 369 51 257 410 871 1007 230 708 251 108 981 159 691 63 166 939 105 205 96 977 769 5 169 286 983 176 1029 763 811 116 136 701 121 384 625 712 81 577 679 264 775 1023 961 793 606 442 918 547 890 258 82 707 67 575 228 525 172 107 72 165 711 744 776 703 789 869 34 420 1006 552 889 1020 229 978 881 852 706 408 644 976 777 872 88 846 161 781 1013 1004 1030 716 100 363 259 848 111 894 521 897 409 98 457 14 7 173 313 71 752 1042 702 368 1016 84 53 312 350 516 762 878 791 152 616 891 25 893 728 190 95 999 1021 745 436 502 256 632 103 779 1002 174 91 453 962 749 593 402 15 376 117 277 334 208 647 944 1014 86 162 383 518 342 464 715 365 988 52 627 612 59 444 138 3 450 938 986 163 104 927 1045 1037 1033 19 373 545 73 238 759 239 587 816 206 631 620 756 33 764 544 263 106 17 378 810 54 907 364 385 798 261 975 227 971 603 332 255 417 923 628 857 800 761 740 109 778 29 709 767 792 1043 35 929 806 429 717 164 1032 242 36 747 687 965 757 141 211 646 996 401 352 360 48 909 992 382 1018 1028 958 241 639 609 10 224 590 299 399 796 58 454 270 288 223 278 304 428 553 751 619 835 309 1015 780 771 682 13 245 89 808 139 875 949 24 405 601 460 995 858 345 280 282 969 248 803 32 1034 30 130 847 123 426 719 240 768 755 629 1012 588 721 233 813 1051 99 189 254 562 1049 802 49 867 118 222 968 377 395 1036 204 729 422 23 585 433 413 973 122 912 346 946 853 21 850 244 430 284 506 935 795 281 1011 827 476 380 197 194 538 38 586 247 910 16 4 845 236 389 275 283 135 80 989 799 584 1022 359 952 191 658 630 1027 610 300 617 431 193 69 785 607 9 794 56 704 87 824 951 423 797 320 379 209 268 354 865 262 549 705 970 252 633 235 221 328 11 774 953 421 220 212 133 598 336 739 832 439 595 435 1010 397 600 443 550 546 829 196 18 210 851 738 833 554 302 563 782 374 828 186 697 115 1017 456 187 432 441 804 79 60 578 37 237 822 132 821 28 597 621 990 407 624 415 356 955 12 812 1026 77 290 837 353 589 22 557 406 948 501 50 185 226 623 825 760 809 539 448 31 594 954 913 742 819 905 357 667 391 994 861 817 784 427 662 202 243 801 61 543 522 40 725 232 611 856 826 203 424 6 219 732 182 1039 814 599 425 572 931 966 859 200 839 398 351 253 532 1054 1044 542 414 637 26 783 823 950 524 818 271 55 179 934 602 207 743 530 765 27 531 46 750 1052 1050 367 536 480 269 933 183 195 957 997 1048 942 394 576 180 830 44 564 956 930 43 388 820 843 362 770 437 659 416 177 626 404 178 45 932 192 392 266 652 1041 39 527 
c [Incremental] Max used label: 1054.
c [Incremental] Label 1054 is removed from searching.
c [Incremental] Solving for max label = 1053:
c [Incremental] Solving duration: 3380 ms.
s [Incremental] SAT (label = 1053).
Label assignment: 746 1009 537 438 1047 634 523 698 1053 904 650 615 231 168 62 786 461 979 787 1040 1005 960 66 349 608 926 347 1003 8 991 140 78 171 713 1001 790 65 85 97 291 70 146 344 984 964 125 520 114 980 1008 807 998 361 654 766 836 101 92 1019 737 2 959 1035 93 167 418 419 1046 112 64 371 892 683 119 137 90 903 74 75 110 1024 68 788 613 700 412 94 1031 366 714 967 925 987 555 535 113 773 181 348 710 805 1038 462 1000 1025 815 369 51 257 410 871 1007 230 708 251 108 981 159 691 63 166 939 105 205 96 977 769 5 169 286 983 176 1029 763 811 116 136 701 121 384 625 712 81 577 679 264 775 1023 961 793 606 442 918 547 890 258 82 707 67 575 228 525 172 107 72 165 711 744 776 703 789 869 34 420 1006 552 889 1020 229 978 881 852 706 408 644 976 777 872 88 846 161 781 1013 1004 1030 716 100 363 259 848 111 894 521 897 409 98 457 14 7 173 313 71 752 1042 702 368 1016 84 53 312 350 516 762 878 791 152 616 891 25 893 728 190 95 999 1021 745 436 502 256 632 103 779 1002 174 91 453 962 749 593 402 15 376 117 277 334 208 647 944 1014 86 162 383 518 342 464 715 365 988 52 627 612 59 444 138 3 450 938 986 163 104 927 1045 1037 1033 19 373 545 73 238 759 239 587 816 206 631 620 756 33 764 544 263 106 17 378 810 54 907 364 385 798 261 975 227 971 603 332 255 417 923 628 857 800 761 740 109 778 29 709 767 792 1043 35 929 806 429 717 164 1032 242 36 747 687 965 757 141 211 646 996 401 352 360 48 909 992 382 1018 1028 958 241 639 609 10 224 590 299 399 796 58 454 270 288 223 278 304 428 553 751 619 835 309 1015 780 771 682 13 245 89 808 139 875 949 24 405 601 460 995 858 345 280 282 969 248 803 32 1034 30 130 847 123 426 719 240 768 755 629 1012 588 721 233 813 1051 99 189 254 562 1049 802 49 867 118 222 968 377 395 1036 204 729 422 23 585 433 413 973 122 912 346 946 853 21 850 244 430 284 506 935 795 281 1011 827 476 380 197 194 538 38 586 247 910 16 4 845 236 389 275 283 135 80 989 799 584 1022 359 952 191 658 630 1044 610 300 617 431 193 69 785 607 9 794 56 704 87 824 951 423 797 320 379 209 268 354 865 262 549 705 970 252 633 235 221 328 11 774 953 421 220 212 133 598 336 739 832 439 595 435 1010 397 600 443 550 546 829 196 18 210 851 738 833 554 302 563 782 374 828 186 697 115 1017 456 187 432 441 804 79 60 578 37 237 822 132 821 28 597 621 990 407 624 415 356 955 12 812 1026 77 290 837 353 589 22 557 406 948 501 50 185 226 623 825 760 809 539 448 31 594 954 913 742 819 905 357 667 391 994 861 817 784 427 662 202 243 801 61 543 522 40 725 232 611 856 826 203 424 6 219 732 182 1039 814 599 425 572 931 966 859 200 839 398 351 253 532 1052 947 542 414 637 26 783 823 950 524 818 271 55 179 934 602 207 743 530 765 27 531 46 750 1041 1050 367 536 480 269 933 183 195 957 997 1048 942 394 576 180 830 44 564 956 930 43 388 820 843 362 770 437 659 416 177 626 404 178 45 932 192 392 266 652 1027 39 527 
c [Incremental] Max used label: 1053.
c [Incremental] Label 1053 is removed from searching.
c [Incremental] Solving for max label = 1052:
c [Incremental] Solving duration: 2925 ms.
s [Incremental] SAT (label = 1052).
Label assignment: 746 1009 537 438 1047 634 523 698 1049 904 650 615 231 168 62 786 461 979 787 1040 1005 960 66 349 608 926 347 1003 8 991 140 78 171 713 1001 790 65 85 97 291 70 146 344 984 964 125 520 114 980 1008 807 998 361 654 766 836 101 92 1019 737 2 959 1035 93 167 418 419 1046 112 64 371 892 683 119 137 90 903 74 75 110 1024 68 788 613 700 412 94 1031 366 714 967 925 987 555 535 113 773 181 348 710 805 1038 462 1000 1025 815 369 51 257 410 871 1007 230 708 251 108 981 159 691 63 166 939 105 205 96 977 769 5 169 286 983 176 1029 763 811 116 136 701 121 384 625 712 81 577 679 264 775 1023 961 793 606 442 918 547 890 258 82 707 67 575 228 525 172 107 72 165 711 744 776 703 789 869 34 420 1006 552 889 1020 229 978 881 852 706 408 644 976 777 872 88 846 161 781 1013 1004 1030 716 100 363 259 848 111 894 521 897 409 98 457 14 7 173 313 71 752 1042 702 368 1016 84 53 312 350 516 762 875 791 152 616 891 25 893 728 190 95 999 1021 745 436 502 256 632 103 779 1002 174 91 453 962 749 593 402 15 376 117 277 334 208 647 944 1014 86 162 383 518 342 464 715 365 988 52 627 612 59 444 138 3 450 938 986 163 104 927 1045 1037 1033 19 373 545 73 238 759 239 587 816 206 631 620 756 33 764 544 263 106 17 378 810 54 907 364 385 798 261 975 227 971 603 332 255 417 923 628 857 800 761 740 109 778 29 709 767 792 1043 35 929 806 429 717 164 1032 242 36 747 687 965 757 141 211 646 996 401 352 360 48 909 992 382 1018 1028 958 241 639 609 10 224 590 299 399 796 58 454 270 288 223 278 304 428 553 751 619 835 309 1015 780 771 682 13 245 89 808 139 877 949 24 405 601 460 995 858 345 280 282 969 248 803 32 1034 30 130 847 123 426 719 240 768 755 629 1012 588 721 233 813 1051 99 189 254 562 948 802 49 867 118 222 968 377 395 1036 204 729 422 23 585 433 413 973 122 912 346 945 853 21 850 244 430 284 506 935 795 281 1011 827 476 380 197 194 538 38 586 247 910 16 4 845 236 389 275 283 135 80 989 799 584 1022 359 952 191 658 630 1044 610 300 617 431 193 69 785 607 9 794 56 704 87 824 951 423 797 320 379 209 268 354 865 262 549 705 970 252 633 235 221 328 11 774 953 421 220 212 133 598 336 739 832 439 595 435 1010 397 600 443 550 546 829 196 18 210 851 738 833 554 302 563 782 374 828 186 697 115 1017 456 187 432 441 804 79 60 578 37 237 822 132 821 28 597 621 990 407 624 415 356 955 12 812 1026 77 290 837 353 589 22 557 406 947 501 50 185 226 623 825 760 809 539 448 31 594 954 913 742 819 905 357 667 391 994 861 817 784 427 662 202 243 801 61 543 522 40 725 232 611 856 826 203 424 6 219 732 182 1039 814 599 425 572 931 966 859 200 839 398 351 253 532 1052 946 542 414 637 26 783 823 950 524 818 271 55 179 934 602 207 743 530 765 27 531 46 750 1041 1050 367 536 480 269 933 183 195 957 997 1048 942 394 576 180 830 44 564 956 930 43 388 820 843 362 770 437 659 416 177 626 404 178 45 932 192 392 266 652 1027 39 527 
c [Incremental] Max used label: 1052.
c [Incremental] Label 1052 is removed from searching.
c [Incremental] Solving for max label = 1051:
c [Incremental] Solving duration: 18790 ms.
s [Incremental] SAT (label = 1051).
Label assignment: 746 1009 537 438 1047 634 523 698 1049 904 650 615 231 168 62 786 461 979 787 1040 1005 960 66 349 608 926 347 1003 8 991 140 78 170 713 1001 790 65 85 97 291 70 146 344 984 964 125 520 114 980 1008 807 998 361 654 766 836 112 92 1019 737 2 959 1035 93 101 418 419 1046 110 64 371 892 683 119 137 90 903 74 75 169 1024 68 788 613 700 412 94 1031 366 714 967 925 987 555 535 113 773 181 348 710 805 1038 462 1000 1025 815 369 51 257 410 871 1007 230 708 251 108 981 159 691 63 166 939 105 205 96 977 769 5 171 286 983 176 1029 763 811 116 136 701 121 384 625 712 81 577 679 264 775 1023 961 793 606 442 918 547 890 258 82 707 67 575 228 525 172 107 72 165 711 744 776 703 789 869 34 420 1006 552 889 1020 229 978 881 852 706 408 644 976 777 872 88 846 161 781 1013 1004 1030 716 100 363 259 848 111 894 521 897 409 98 457 14 7 173 313 71 752 1042 702 368 1016 84 53 312 350 516 762 874 791 152 616 891 25 893 728 190 95 999 1021 745 436 502 256 632 103 779 1002 174 91 453 962 749 593 402 15 376 117 277 334 208 647 944 342 86 162 383 518 284 464 715 365 988 52 627 612 59 444 138 3 450 938 986 163 104 927 1014 1037 1033 19 373 545 73 238 759 239 587 816 206 631 620 756 33 764 544 263 106 17 378 810 54 907 364 385 798 261 975 227 971 603 332 255 417 923 628 857 800 761 740 109 778 29 709 767 792 1043 35 929 806 429 717 164 1032 242 36 747 687 965 757 141 211 646 996 401 352 360 48 909 992 382 1018 1028 958 241 639 609 10 224 590 299 399 796 58 454 270 288 223 278 304 428 553 751 619 835 309 1015 780 771 682 13 245 89 808 139 877 949 24 405 601 460 995 858 345 280 282 969 248 803 32 1034 30 130 847 123 426 719 240 768 755 629 1012 588 721 233 813 1051 99 189 254 562 948 802 49 867 118 222 968 377 395 1036 204 729 422 23 585 433 413 973 122 912 346 945 853 21 850 244 430 343 506 935 795 281 1011 827 476 380 197 194 538 38 586 247 910 16 4 845 236 389 275 283 135 80 989 799 584 1022 359 952 191 658 630 1044 610 300 617 431 193 69 785 607 9 794 56 704 87 824 951 423 797 320 379 209 268 354 865 262 549 705 970 252 633 235 221 328 11 774 953 421 220 212 133 598 336 739 832 439 595 435 1010 397 600 443 550 546 829 196 18 210 851 738 833 554 302 563 782 374 828 186 697 115 1017 456 187 432 441 804 79 60 578 37 237 822 132 821 28 597 621 990 407 624 415 356 955 12 812 1026 77 290 837 353 589 22 557 406 947 501 50 185 226 623 825 760 809 539 448 31 594 954 913 742 819 905 357 667 391 994 861 817 784 427 662 202 243 801 61 543 522 40 725 232 611 856 826 203 424 6 219 732 182 1039 814 599 425 572 931 966 859 200 839 398 351 253 532 1048 946 542 414 637 26 783 823 950 524 818 271 55 179 934 602 207 743 530 765 27 531 46 750 1041 1050 367 536 480 269 933 183 195 957 997 1045 942 394 576 180 830 44 564 956 930 43 388 820 843 362 770 437 659 416 177 626 404 178 45 932 192 392 266 652 1027 39 527 
c [Incremental] Max used label: 1051.
c [Incremental] Label 1051 is removed from searching.
c [Incremental] Solving for max label = 1050:
c [Incremental] Solving duration: 67630 ms.
s [Incremental] SAT (label = 1050).
Label assignment: 12 605 28 606 898 615 887 974 906 257 415 106 169 158 944 626 968 633 602 9 938 113 240 444 6 956 381 614 1046 932 942 598 905 914 45 1045 13 875 769 904 997 167 913 886 149 943 901 277 499 44 263 613 422 53 947 587 50 47 941 418 259 85 618 286 928 622 634 973 46 900 871 578 899 612 51 68 96 220 196 248 946 348 24 575 696 170 916 3 915 624 903 521 601 939 570 931 890 1024 619 902 1049 717 920 140 66 376 284 593 930 152 291 630 695 616 7 129 1047 10 776 408 268 52 258 763 577 637 972 597 281 697 411 453 1028 594 879 256 599 451 937 236 55 625 563 585 261 409 603 180 148 49 423 558 894 556 332 755 752 704 269 8 233 923 60 56 945 897 636 454 221 43 232 888 950 907 940 14 623 315 600 63 604 751 921 934 574 955 607 260 101 933 617 876 588 168 759 313 266 579 467 264 583 280 87 918 926 895 417 976 342 126 244 957 966 611 678 963 701 38 226 687 698 112 631 627 629 118 896 581 889 127 275 206 162 924 576 736 562 893 347 219 971 882 771 635 1048 584 217 15 686 42 225 426 632 326 580 732 164 657 892 881 694 322 1032 252 764 668 23 1036 439 54 229 748 253 84 684 884 984 271 173 325 215 996 595 954 247 520 41 960 241 216 243 270 589 265 715 650 204 758 89 506 379 582 274 160 958 705 745 490 352 214 294 645 228 682 883 494 430 670 949 568 438 796 189 395 202 917 528 157 90 245 975 285 334 959 237 690 433 58 32 609 885 323 665 461 922 429 628 659 445 273 814 331 981 1025 586 1034 5 566 40 117 210 385 555 1050 134 100 48 449 462 491 399 565 756 434 421 37 317 910 652 985 747 471 679 255 1 777 497 935 644 452 936 4 688 691 653 654 235 282 762 435 994 770 404 1035 683 287 706 330 364 478 1011 179 290 509 649 1015 213 473 239 754 639 35 276 830 345 218 835 673 608 516 874 25 278 1029 34 412 242 405 621 486 1030 1009 965 880 349 529 481 472 760 962 419 425 431 17 980 105 413 382 293 707 675 427 856 447 505 482 596 1010 222 251 131 20 446 288 309 166 749 844 711 443 386 820 193 448 441 393 952 234 156 669 1006 620 191 870 651 250 772 750 925 1037 394 392 39 181 685 212 667 192 492 406 500 526 590 33 19 201 195 795 703 1022 457 1027 990 141 877 476 753 320 496 766 22 746 804 513 508 843 850 18 672 344 328 373 403 198 1008 207 211 29 27 182 765 757 832 1007 80 848 109 822 306 680 851 479 961 308 677 808 1013 501 927 1042 2 455 437 567 227 660 279 178 656 1021 75 951 163 979 799 840 1040 729 681 311 135 139 646 773 493 671 338 249 484 986 837 224 1026 503 400 1000 304 1038 94 784 610 1039 475 1031 504 190 414 826 1002 480 511 442 535 440 329 741 842 387 702 591 450 663 533 209 16 186 428 420 1018 995 1017 432 327 489 458 302 783 367 834 21 676 416 1004 354 340 335 92 1001 739 283 223 407 743 786 1041 768 573 498 26 774 846 858 470 1044 301 459 839 339 267 803 200 999 845 869 735 1019 527 1043 1033 801 324 398 230 744 133 436 734 390 998 384 246 353 456 199 1003 1014 727 1005 740 305 272 341 733 807 262 
c [Incremental] Max used label: 1050.
c [Incremental] Label 1050 is removed from searching.
c [Incremental] Solving for max label = 1049:
c [Incremental] Solving duration: 3669 ms.
s [Incremental] SAT (label = 1049).
Label assignment: 12 605 28 606 898 615 887 974 906 257 415 106 169 158 944 626 968 633 602 9 938 113 240 444 6 956 381 614 1046 932 942 598 905 914 45 1045 14 875 769 904 997 167 913 886 13 943 901 277 24 44 263 613 422 53 947 587 50 47 941 418 259 85 618 286 928 622 634 973 46 900 871 578 899 612 51 68 96 220 196 248 946 348 11 575 696 170 916 361 915 624 903 521 601 939 570 931 890 1024 619 902 1049 717 920 140 66 376 284 593 930 152 291 630 695 616 7 129 1047 10 776 408 268 87 258 763 577 637 972 597 281 697 411 453 1028 594 879 256 599 451 937 236 55 625 563 585 261 409 603 180 148 8 423 558 894 556 332 755 752 704 269 30 233 923 60 56 945 897 636 454 221 49 232 888 950 907 940 38 623 315 600 63 604 751 921 934 574 955 607 260 101 960 617 964 588 168 759 313 266 579 467 264 583 280 109 918 926 895 417 976 342 126 244 957 966 611 678 963 701 52 226 687 698 112 631 627 629 118 896 581 349 127 275 380 37 924 576 736 562 893 347 219 971 882 771 635 1048 584 217 43 686 42 225 426 632 326 580 732 164 657 892 881 694 322 1032 252 764 668 15 1036 439 54 229 748 253 41 684 884 984 271 173 325 215 996 595 954 247 520 31 980 241 216 243 270 589 265 292 650 204 758 89 506 379 582 274 1 958 705 745 490 352 214 294 645 228 682 189 494 430 670 949 568 438 796 172 395 202 917 528 157 90 245 975 285 334 959 237 690 433 58 32 609 885 323 665 461 922 429 628 659 445 273 814 331 981 1025 586 1034 772 566 40 117 210 184 555 178 27 100 48 449 462 491 399 565 756 434 421 119 317 910 652 985 747 471 679 255 34 777 497 935 644 452 936 176 688 691 653 654 235 282 762 435 994 770 404 1035 683 287 706 927 364 478 1011 4 290 509 649 1015 213 473 239 754 639 35 276 830 187 218 835 673 608 516 874 25 278 1029 84 412 242 405 621 486 1030 1009 962 880 355 529 481 472 760 969 419 425 431 17 965 105 413 382 293 707 675 427 856 447 505 482 596 1010 183 251 131 20 446 288 309 166 188 844 711 443 386 820 193 448 441 222 952 234 156 669 1006 620 212 870 651 254 666 179 925 1037 394 392 39 250 685 397 667 192 492 406 500 526 590 33 19 195 778 795 703 1022 457 1027 990 141 877 476 753 320 496 766 22 746 804 513 508 843 850 18 672 344 328 373 403 750 1008 970 211 29 70 182 765 757 832 1007 80 848 108 822 306 680 851 479 961 201 677 808 1013 501 995 1042 73 455 437 567 227 660 279 2 656 1021 75 951 36 979 799 840 1040 729 681 709 135 139 646 773 493 671 338 249 484 986 837 224 1026 503 400 1000 304 1038 94 784 610 1039 475 1031 504 190 414 826 1002 480 511 442 535 440 329 741 842 387 702 591 450 663 533 209 5 186 428 420 1018 993 1017 432 327 489 458 302 783 367 834 21 676 416 1004 354 340 335 92 1001 739 283 223 407 743 786 1041 768 573 498 26 774 846 858 470 1044 301 459 839 339 267 803 200 999 845 869 735 1019 527 1043 1033 801 203 398 230 744 396 436 734 390 998 384 246 353 456 208 1003 1014 727 1005 740 305 272 341 733 807 262 
c [Incremental] Max used label: 1049.
c [Incremental] Label 1049 is removed from searching.
c [Incremental] Solving for max label = 1048:
c [Incremental] Solving duration: 3112 ms.
s [Incremental] SAT (label = 1048).
Label assignment: 12 605 28 606 898 615 887 974 906 257 415 106 169 158 944 626 968 633 602 9 938 113 240 444 6 956 381 614 1046 932 942 598 905 914 45 1045 14 875 769 904 997 167 913 886 13 943 901 277 24 44 263 613 422 53 947 587 50 47 941 418 259 85 618 286 928 622 634 973 46 900 871 578 899 612 51 68 96 220 196 248 946 348 11 575 696 170 916 361 915 624 903 521 601 939 570 931 890 1024 619 902 971 717 920 140 66 376 284 593 930 152 291 630 695 616 7 129 1047 10 776 408 268 87 258 763 577 637 972 597 281 697 411 453 1028 594 879 256 599 451 937 236 55 625 563 585 261 409 603 180 148 8 423 558 894 556 332 755 752 704 269 30 233 923 60 56 945 897 636 454 221 49 232 888 950 907 940 38 623 315 600 63 604 751 921 934 574 955 607 260 101 960 617 964 588 168 759 313 266 579 467 264 583 280 109 918 926 895 417 1032 342 126 244 957 966 611 678 488 701 52 226 687 698 112 631 627 629 118 896 581 349 127 275 380 37 924 576 736 562 893 347 219 963 882 771 635 1048 584 217 43 686 42 225 426 632 326 580 732 164 657 892 881 694 322 911 252 764 668 15 1036 439 54 229 748 253 41 684 884 984 271 173 325 215 996 595 954 247 520 31 980 241 216 243 270 589 265 292 650 204 758 89 506 379 582 274 1 958 705 745 490 352 214 294 645 228 682 189 494 430 670 949 568 438 808 172 395 202 917 528 157 90 245 975 285 334 959 237 690 433 58 32 609 885 323 665 461 922 429 628 659 445 273 814 331 981 1025 586 1034 772 566 40 117 210 184 555 178 27 100 48 449 462 491 399 565 756 434 421 119 317 910 652 985 747 471 679 255 34 777 497 935 644 452 936 176 688 691 653 654 235 282 762 435 994 770 404 1035 683 287 706 927 364 478 1011 4 290 509 641 1015 213 473 239 754 639 35 276 830 187 218 835 673 608 516 796 25 278 1029 84 412 242 405 621 486 1030 1009 962 880 355 529 481 472 760 969 419 425 431 17 965 105 413 382 293 707 675 427 856 447 505 482 596 1010 183 251 131 20 446 288 309 166 188 844 711 443 386 820 193 448 441 222 952 234 156 669 1006 620 212 870 640 254 666 179 925 1037 394 392 39 250 685 397 667 192 492 406 500 526 590 33 19 195 778 795 703 1022 457 1027 990 141 877 476 753 320 496 766 22 746 804 513 508 843 850 18 672 344 328 373 403 750 1008 970 211 29 70 182 765 757 832 1007 80 848 108 822 306 680 851 479 961 201 677 833 1013 501 995 1042 73 455 437 567 227 660 279 2 656 1021 75 951 36 979 799 840 1040 729 681 709 135 139 646 773 493 671 338 249 484 986 837 224 1026 503 400 1000 304 1038 94 784 662 1039 475 1031 504 190 414 817 1002 480 511 442 535 440 329 741 842 387 702 591 450 663 533 209 5 186 428 420 1018 993 1017 432 327 489 458 302 783 367 834 21 676 416 1004 354 340 335 92 1001 739 283 223 314 743 836 1041 768 573 498 26 774 846 858 470 992 301 459 839 339 267 803 200 999 845 869 735 1019 527 1043 1033 801 203 398 1044 744 396 436 734 390 998 384 246 353 456 208 1003 1014 727 1005 740 305 272 341 733 807 262 
c [Incremental] Max used label: 1048.
c [Incremental] Label 1048 is removed from searching.
c [Incremental] Solving for max label = 1047:
c [Incremental] Solving duration: 3025 ms.
s [Incremental] SAT (label = 1047).
Label assignment: 12 605 28 606 898 615 887 974 906 257 415 106 169 158 944 626 968 633 602 9 938 113 240 444 6 956 381 614 1046 932 942 598 905 914 45 1045 14 875 769 904 997 167 913 886 13 943 901 277 24 44 263 613 422 53 947 587 50 47 941 418 259 85 618 286 928 622 634 973 46 900 871 578 899 612 51 68 96 220 196 248 946 348 11 575 696 170 916 361 915 624 903 521 601 939 570 931 890 1024 619 902 971 717 920 140 66 376 284 593 930 152 291 630 695 616 7 129 1047 10 776 408 268 87 258 763 577 637 972 597 281 697 411 453 1028 594 879 256 599 451 937 236 55 625 563 585 261 409 603 180 148 8 423 558 894 556 332 755 752 704 269 30 233 923 60 56 945 897 636 454 221 49 232 888 950 907 940 38 623 315 600 63 604 751 921 934 574 955 607 260 101 960 617 964 588 168 759 313 266 579 467 264 583 280 109 918 926 895 417 1032 342 126 244 957 966 611 678 488 701 52 226 687 698 112 631 627 629 118 896 581 349 127 275 380 37 924 576 736 562 883 347 219 963 882 771 635 884 584 217 43 686 42 225 426 632 326 580 732 164 657 892 881 694 322 911 252 764 668 15 1036 439 54 229 748 253 41 684 893 984 271 173 325 215 996 595 954 247 520 31 980 241 216 243 270 589 265 292 650 204 758 89 506 379 582 274 1 958 705 745 490 352 214 294 645 228 682 189 494 430 670 949 568 438 808 172 395 202 917 528 157 90 245 975 285 334 959 237 690 433 58 32 609 885 323 665 461 922 429 628 659 445 273 814 331 981 1025 586 1034 772 566 40 117 210 184 555 178 27 100 48 449 462 491 399 565 756 434 421 119 317 910 652 985 747 471 679 255 34 777 497 935 644 452 936 176 688 691 653 654 235 282 762 435 994 770 404 1035 683 287 706 927 364 478 1011 4 290 509 641 1015 213 473 239 754 639 35 276 830 187 218 835 673 608 516 796 25 278 1029 84 412 242 405 621 486 1030 1009 962 880 355 529 481 472 760 969 419 425 431 17 965 105 413 382 293 707 675 427 856 447 505 482 596 1010 183 251 131 20 446 288 309 166 188 844 711 443 386 820 193 448 441 222 952 234 156 669 1006 620 212 870 640 254 666 179 925 1037 394 392 39 250 685 397 667 192 492 406 500 526 590 33 19 195 778 795 703 1022 457 1027 990 141 877 476 753 320 496 766 22 746 804 513 508 843 850 18 672 344 328 373 403 750 1008 970 211 29 70 182 765 757 832 1007 80 848 108 822 306 680 851 479 961 201 677 833 1013 501 995 1042 73 455 437 567 227 660 279 2 656 1021 75 951 36 979 799 840 1040 729 681 709 135 139 646 773 493 671 338 249 484 986 837 224 1026 503 400 1000 304 1038 94 784 662 1039 475 1031 504 190 414 817 1002 480 511 442 535 440 329 741 842 387 702 591 450 663 533 209 5 186 428 420 1018 993 1017 432 327 489 458 302 783 367 834 21 676 416 1004 354 340 335 92 1001 739 283 223 314 743 836 1041 768 573 498 26 774 846 858 470 992 301 459 839 339 267 803 200 999 845 869 735 1019 527 1043 1033 801 203 398 1044 744 396 436 734 390 998 384 246 353 456 208 1003 1014 727 1005 740 305 272 341 733 807 262 
c [Incremental] Max used label: 1047.
c [Incremental] Label 1047 is removed from searching.
c [Incremental] Solving for max label = 1046:
c [Incremental] Solving duration: 3238 ms.
s [Incremental] SAT (label = 1046).
Label assignment: 12 605 28 606 898 615 887 974 906 257 415 106 169 158 944 626 968 633 602 9 938 113 240 444 6 956 381 614 1046 932 942 598 905 914 45 1045 14 875 769 904 997 167 913 886 13 943 901 277 24 44 263 613 422 53 947 587 50 47 941 418 259 85 618 286 928 622 634 973 46 900 871 578 899 612 51 68 96 220 196 248 946 348 11 575 696 3 916 361 915 624 903 521 601 939 570 931 890 976 619 902 971 717 920 140 66 376 284 593 930 152 291 630 695 616 7 129 1024 10 776 408 268 87 258 763 577 637 972 597 281 697 411 453 1028 594 879 261 599 451 937 236 55 625 563 585 256 409 603 180 81 8 423 558 894 556 332 755 752 704 269 30 233 923 60 56 945 897 636 454 221 49 232 888 950 907 940 38 623 315 600 63 604 751 921 934 574 955 607 260 101 960 617 964 588 168 759 313 266 579 467 264 583 280 109 918 926 895 417 1032 342 126 244 957 966 611 678 488 701 65 226 687 698 112 631 627 629 118 896 581 349 889 275 380 37 474 576 736 562 883 372 219 963 882 771 635 884 584 217 43 686 42 225 426 747 326 580 732 164 657 892 881 694 322 911 252 764 668 15 1036 439 54 229 748 253 41 684 893 984 271 173 325 215 996 595 954 247 520 31 980 241 216 243 270 589 265 292 650 204 758 89 468 379 582 274 1 958 705 745 490 352 214 294 645 228 682 189 494 430 670 949 568 438 808 642 395 202 917 528 290 90 245 975 285 334 959 237 690 433 58 32 609 885 323 665 461 922 429 628 659 445 273 802 331 981 1025 586 1034 772 566 40 117 210 183 555 178 27 100 48 449 462 491 399 565 756 431 421 119 317 910 652 985 186 471 679 255 34 777 497 935 644 434 936 176 688 691 653 654 235 282 762 435 994 770 404 1035 683 287 706 927 402 478 1011 4 327 509 641 1015 213 473 239 754 620 35 276 830 187 218 835 673 608 516 796 25 278 1029 52 412 242 405 621 486 1030 1009 962 880 355 529 514 472 760 969 419 388 425 17 965 105 413 382 293 707 675 427 856 447 505 465 596 1010 182 251 131 20 446 288 309 166 188 844 711 443 386 820 193 448 441 222 952 191 156 669 1006 632 212 837 640 250 666 179 925 1037 394 392 39 234 685 397 667 192 464 406 500 526 590 33 19 195 778 795 703 1022 457 1027 990 141 877 94 753 320 496 766 22 746 804 513 508 843 850 18 672 344 272 373 403 750 1008 970 211 29 70 198 765 757 832 1007 80 848 108 822 306 680 851 479 961 201 677 833 1013 501 995 1042 59 455 437 567 227 660 279 2 656 1021 75 951 36 979 799 231 1040 729 681 709 135 139 646 773 493 671 338 249 484 986 818 224 1026 503 400 1000 304 1038 95 784 662 1039 1044 1031 504 190 414 817 1002 480 511 442 535 440 329 741 842 387 702 591 450 663 533 209 5 184 428 420 1018 993 1017 432 324 489 458 300 783 367 834 21 676 416 1004 354 340 335 92 1001 739 283 223 314 743 836 1041 768 573 498 26 16 846 841 470 992 407 459 839 339 267 803 200 999 801 869 735 1019 527 1043 1033 798 203 398 1023 744 396 436 734 390 998 384 246 353 456 208 1003 1014 727 1005 740 305 254 341 733 807 262 
c [Incremental] Max used label: 1046.
c [Incremental] Label 1046 is removed from searching.
c [Incremental] Solving for max label = 1045:
c [Incremental] Solving duration: 2559 ms.
s [Incremental] SAT (label = 1045).
Label assignment: 12 605 28 606 898 615 887 974 906 257 415 106 169 158 944 626 956 633 602 9 938 113 240 444 6 868 381 614 1045 932 942 598 905 914 45 997 14 875 578 904 968 167 913 886 13 943 901 277 24 594 263 622 422 53 947 769 50 47 941 418 259 85 618 286 928 634 695 973 46 900 811 613 899 612 51 68 96 220 196 248 946 348 11 575 696 3 916 361 915 624 903 521 601 939 558 931 890 976 619 902 971 717 920 140 66 376 284 593 948 152 291 630 587 616 7 129 1024 10 776 408 268 87 258 810 577 637 972 597 281 697 411 453 1028 570 879 261 599 451 937 236 55 625 410 585 256 409 603 180 81 8 423 556 894 563 332 755 752 704 269 30 233 923 60 56 945 897 636 454 221 49 232 888 950 907 940 38 623 315 600 63 604 751 921 934 574 955 607 260 101 960 617 964 588 168 759 313 266 579 467 264 583 280 109 918 926 895 417 1032 342 126 244 957 966 611 375 488 701 65 226 687 698 112 631 627 629 118 896 581 349 889 275 380 37 474 576 736 562 883 372 219 963 882 771 635 884 584 217 43 686 42 225 426 747 326 580 732 164 657 892 881 694 322 911 252 764 668 15 1036 439 54 229 748 253 41 684 949 984 271 173 325 215 996 595 954 247 520 31 980 241 216 243 270 589 265 292 650 204 758 89 468 379 582 274 1 958 705 745 490 352 214 294 645 228 682 189 494 430 670 893 568 438 808 642 395 202 917 528 290 90 245 975 285 334 959 237 690 433 58 32 609 885 323 665 461 951 429 628 659 445 273 802 331 981 1025 586 1034 772 566 40 117 210 183 555 178 27 100 48 449 462 491 399 565 756 431 421 119 317 910 652 985 186 471 679 255 34 777 573 935 644 434 936 176 688 691 653 654 235 282 762 435 994 770 406 1035 683 287 706 927 402 478 1011 4 327 509 641 1015 213 473 239 754 620 35 276 830 187 218 835 673 608 516 796 25 278 1029 52 412 242 405 621 486 1030 1009 962 880 355 529 94 472 760 969 419 388 425 17 965 105 404 572 293 707 750 427 856 447 505 465 596 1010 182 251 131 20 446 288 309 166 188 844 711 443 386 820 193 448 441 222 952 191 156 669 1006 632 212 837 640 250 666 179 925 1037 394 392 39 234 685 397 667 192 464 413 500 526 590 33 19 195 364 795 703 1022 457 1027 990 141 877 95 753 320 496 766 22 746 788 513 508 843 850 18 672 344 272 391 403 373 1008 970 211 29 70 198 765 757 832 1007 80 848 108 822 306 680 851 479 961 201 677 833 1013 501 995 1042 59 455 437 567 227 660 279 2 656 1021 75 979 36 986 799 231 1040 729 681 709 135 139 646 773 493 671 338 249 484 982 818 224 1026 503 400 1000 304 1038 93 784 662 1039 1044 1031 504 190 414 817 1002 480 511 442 535 440 329 209 842 387 702 591 450 663 533 208 5 184 428 420 1018 993 1017 432 324 489 458 300 783 367 834 21 676 416 1004 354 340 335 92 1001 774 283 223 314 743 836 1041 768 564 498 26 16 846 841 470 992 407 459 839 339 267 803 384 999 801 869 735 1019 527 1043 1033 798 203 398 1023 744 396 436 734 390 998 761 246 353 456 230 1003 1014 727 1005 740 305 254 341 733 807 262 
c [Incremental] Max used label: 1045.
c [Incremental] Label 1045 is removed from searching.
c [Incremental] Solving for max label = 1044:
c [Incremental] Solving duration: 22443 ms.
s [Incremental] SAT (label = 1044).
Label assignment: 91 477 3 900 537 785 324 60 759 777 465 24 309 847 279 878 190 618 894 34 875 606 598 1032 19 134 345 778 927 278 409 373 444 596 621 422 149 789 443 952 609 293 287 418 170 967 349 68 169 47 873 632 607 431 435 775 782 941 565 438 936 35 347 611 803 308 924 14 575 619 811 450 330 566 152 925 624 50 614 585 879 604 49 85 78 874 905 306 296 434 36 436 66 285 858 310 567 590 318 910 439 627 853 67 89 96 986 882 401 171 423 462 150 921 430 903 573 43 922 612 958 18 427 634 63 836 415 232 899 969 617 583 637 344 592 224 889 965 520 1004 46 917 593 425 297 187 1024 429 62 174 877 266 515 486 449 314 576 9 145 608 452 61 788 918 273 794 333 165 33 76 776 319 622 54 295 629 135 321 364 474 519 447 521 1022 1040 625 602 304 301 684 916 1036 448 791 41 800 872 424 595 495 320 127 71 920 808 298 1008 214 980 810 633 697 514 23 355 53 417 56 571 893 312 188 400 394 821 895 798 75 1043 902 898 463 871 635 695 262 926 123 915 316 412 442 454 806 568 366 407 11 311 172 1006 516 816 124 998 441 51 151 652 892 883 265 667 259 237 238 512 600 672 83 445 773 382 426 1020 529 645 52 405 252 610 406 623 644 428 517 21 446 399 402 372 692 852 616 433 272 82 553 44 460 440 942 647 111 413 923 648 379 812 654 908 909 257 205 1044 206 453 578 844 739 771 414 897 799 522 885 638 362 935 1010 661 420 911 1037 207 513 260 173 213 636 741 229 518 177 605 807 192 268 860 582 178 336 137 239 1028 395 862 854 966 498 240 676 271 392 153 2 84 674 94 244 1017 833 795 236 218 290 709 708 804 371 164 245 289 581 620 499 180 1001 161 694 796 1002 337 639 691 302 963 550 584 208 657 1012 651 815 397 464 346 869 1011 459 456 20 792 525 31 552 960 210 48 880 962 410 179 246 668 761 199 221 864 757 850 702 1018 881 574 215 230 249 227 385 970 253 404 769 580 162 535 494 390 837 182 1041 220 843 539 801 1009 77 37 817 934 1015 809 25 996 339 832 416 653 594 1025 29 937 545 728 160 577 589 466 670 751 643 222 472 713 678 826 217 13 485 211 749 813 193 388 985 118 502 947 570 975 235 225 861 919 500 649 901 714 748 1030 973 726 5 26 825 327 1034 267 999 163 655 774 147 243 64 981 977 469 1013 989 369 391 818 613 209 12 7 946 560 261 664 587 185 1019 155 59 242 6 484 851 1033 457 523 586 38 70 968 572 814 383 299 746 1016 974 848 544 1027 359 377 1035 212 15 256 987 386 387 17 830 790 183 538 421 820 1038 993 186 156 496 69 27 991 822 663 770 396 363 569 16 360 233 597 631 736 231 797 284 603 1003 1014 805 250 984 554 351 983 226 824 533 845 254 712 487 601 819 223 384 752 191 827 1000 368 995 478 8 1023 742 838 482 168 646 22 1026 542 367 458 1039 747 203 978 234 196 335 1031 549 992 564 671 783 710 341 408 1007 228 204 787 743 559 997 154 831 979 142 532 32 159 716 690 138 419 599 994 247 680 283 358 370 216 258 990 557 982 793 745 842 403 325 1005 953 863 40 195 200 251 119 772 733 725 1029 988 738 343 1021 656 197 
c [Incremental] Max used label: 1044.
c [Incremental] Label 1044 is removed from searching.
c [Incremental] Solving for max label = 1043:
c [Incremental] Solving duration: 2104 ms.
s [Incremental] SAT (label = 1043).
Label assignment: 91 477 3 900 537 785 324 60 759 777 465 24 309 847 279 878 190 618 894 34 875 606 598 1032 19 134 345 778 927 278 409 373 444 596 621 422 149 789 443 952 609 293 287 418 170 967 349 68 169 47 873 632 607 431 435 775 782 941 565 438 936 35 347 611 803 308 924 14 575 619 811 450 330 566 152 925 624 50 614 585 879 604 49 85 78 874 905 306 296 434 36 436 66 285 858 310 567 590 318 910 439 627 853 67 89 96 986 882 401 171 423 462 150 921 430 903 573 43 922 612 958 18 427 634 63 836 415 232 899 969 617 583 637 344 592 224 889 965 520 1004 46 917 593 425 297 187 1024 429 62 174 877 266 515 486 449 314 576 9 145 608 452 61 788 918 273 794 333 165 33 76 776 319 622 54 295 629 135 321 364 474 519 447 521 1022 1040 625 602 304 301 684 916 1036 448 791 41 800 872 424 595 495 320 127 71 920 808 298 1008 214 980 810 633 697 514 23 355 53 417 56 571 893 312 188 400 394 821 895 798 75 1043 902 898 463 871 635 695 262 926 123 915 316 412 442 454 806 568 366 407 11 311 172 1006 516 816 124 998 441 51 151 652 892 883 265 667 259 237 238 512 600 672 83 445 773 382 426 1020 529 645 52 405 252 610 406 623 644 428 517 21 446 399 402 372 692 852 616 433 272 82 553 44 460 440 942 647 111 413 923 648 379 812 654 908 909 257 205 329 206 453 578 844 739 771 414 897 799 522 885 638 362 935 1010 661 420 911 1037 207 513 260 173 213 636 741 229 518 177 605 807 192 268 860 582 178 336 137 239 1028 395 862 854 966 498 240 676 271 392 153 2 84 674 94 244 1017 833 795 236 218 290 709 708 804 371 164 245 289 581 620 499 180 1001 161 694 796 1002 337 639 691 302 963 550 584 208 657 1012 651 815 397 464 346 869 1011 459 456 20 792 525 31 552 960 210 48 880 962 410 179 246 668 761 199 221 864 757 850 702 1018 881 574 215 230 249 227 385 970 253 404 769 580 162 535 494 390 837 182 1041 220 843 539 801 1009 77 37 817 934 1015 809 25 996 339 832 416 653 594 1025 29 937 545 728 160 577 589 466 670 751 643 222 472 713 678 826 217 13 485 211 749 813 193 388 985 118 502 947 570 975 235 225 861 919 500 649 901 714 748 1030 973 726 5 26 825 327 1034 267 999 163 655 774 147 243 64 981 977 469 1013 989 369 391 818 613 209 12 39 946 560 261 664 587 185 1019 155 59 242 6 484 851 1033 457 523 586 38 70 968 572 814 383 299 746 1016 974 848 544 1027 359 377 1035 212 15 256 987 386 387 183 830 790 198 538 421 820 1038 993 186 156 496 69 27 991 822 663 770 396 363 569 16 360 233 597 631 736 231 797 284 603 1003 1014 805 250 984 554 351 983 226 824 533 845 254 712 487 601 819 223 384 752 7 827 1000 368 995 478 8 1023 742 838 482 168 646 22 1026 542 367 458 1039 747 203 978 234 196 335 1031 549 992 564 671 783 710 341 408 1007 228 204 787 743 559 997 154 831 979 142 532 32 159 716 690 138 419 599 994 247 680 283 358 370 216 258 990 557 982 793 745 842 403 325 1005 953 863 40 195 200 251 119 772 733 725 1029 988 738 343 1021 656 197 
c [Incremental] Max used label: 1043.
c [Incremental] Label 1043 is removed from searching.
c [Incremental] Solving for max label = 1042:
c [Incremental] Solving duration: 2027 ms.
s [Incremental] SAT (label = 1042).
Label assignment: 91 477 3 900 537 785 324 60 759 777 465 24 309 847 279 878 190 618 894 34 875 606 598 1032 19 134 345 778 927 278 409 373 444 596 621 422 148 919 443 952 609 293 287 418 170 967 349 68 169 47 873 626 607 431 435 775 782 941 565 438 936 35 347 611 803 308 924 789 575 619 811 450 330 566 152 925 624 50 614 585 879 604 49 85 78 874 905 306 296 434 36 436 66 285 858 310 567 590 318 910 439 627 853 67 89 96 986 882 401 14 423 462 149 921 430 903 637 43 922 612 958 18 427 634 63 836 415 232 899 969 617 583 615 344 592 224 889 965 520 1004 46 917 593 425 297 187 1024 429 62 174 877 266 515 486 449 314 576 9 145 608 452 61 788 918 273 794 333 165 33 76 776 319 622 54 295 629 135 321 364 474 519 447 521 1022 1040 625 602 304 301 684 916 1036 448 791 41 800 872 424 595 495 320 127 71 920 808 298 1008 214 980 810 633 697 514 23 355 53 417 56 571 893 312 150 400 394 821 895 798 75 188 902 898 463 871 635 695 262 926 123 915 316 412 442 454 806 568 366 407 11 311 172 1006 516 816 124 998 441 51 151 652 892 883 265 667 259 237 238 512 632 672 83 445 773 382 426 1020 529 645 52 405 252 610 406 623 644 428 517 21 446 399 402 372 616 852 600 433 272 82 553 44 460 440 942 647 111 413 923 648 380 812 654 908 909 257 205 329 206 453 578 844 739 771 799 897 914 522 885 638 362 805 1010 661 420 911 1037 207 513 202 173 213 636 741 229 1012 177 605 807 192 268 860 582 178 336 137 239 1028 395 862 854 966 498 240 676 271 392 153 2 84 674 94 244 1017 833 795 236 218 290 709 708 804 371 164 245 289 581 620 499 180 976 161 694 796 1002 337 639 691 1001 963 550 584 208 657 864 651 815 397 1015 346 869 1011 459 437 20 792 525 31 552 960 210 48 880 962 410 179 246 668 761 199 221 379 757 850 702 1018 881 574 215 230 249 227 385 970 253 393 769 580 162 535 473 390 837 182 1041 220 843 539 801 1009 77 37 817 934 1003 809 25 996 339 832 416 653 594 1025 29 834 545 728 160 577 589 466 670 751 643 222 472 713 678 826 217 13 485 211 404 813 193 388 985 118 502 947 570 975 235 225 861 974 500 659 901 714 748 1030 973 726 5 26 802 327 1034 267 999 163 655 774 147 243 64 981 977 469 1013 989 369 391 818 613 209 12 39 946 560 261 664 587 185 1019 155 59 242 6 484 851 1033 457 523 586 38 70 968 572 814 383 299 746 1016 964 848 544 1027 359 377 1035 212 15 256 987 386 387 183 830 790 198 538 421 820 978 993 186 156 496 69 27 991 822 663 770 396 363 569 16 360 233 597 631 736 231 797 284 603 649 1014 779 250 984 554 351 983 226 824 533 845 254 712 487 601 819 223 384 752 7 827 1000 368 995 478 8 1023 742 1038 482 168 646 22 1026 542 367 458 840 747 203 954 234 196 335 1031 549 992 564 671 783 710 341 408 1007 228 204 787 743 559 997 154 831 979 142 532 32 159 716 690 138 419 599 994 247 680 283 358 370 216 258 990 557 982 793 745 842 403 325 1005 953 863 40 195 200 251 119 772 733 725 1029 988 738 343 1021 656 197 
c [Incremental] Max used label: 1041.
c [Incremental] Label 1042 is removed from searching.
c [Incremental] Label 1041 is removed from searching.
c [Incremental] Solving for max label = 1040:
c [Incremental] Solving duration: 1957 ms.
s [Incremental] SAT (label = 1040).
Label assignment: 91 477 3 900 537 785 324 60 759 777 465 24 309 847 279 878 190 618 894 34 875 606 598 1032 19 134 345 778 927 278 409 373 444 596 621 422 148 919 443 952 609 293 287 418 170 967 349 68 169 47 873 626 607 431 435 775 782 941 565 438 936 35 347 611 803 308 924 789 575 619 811 450 330 566 152 925 624 50 614 585 879 604 49 85 78 874 905 306 296 434 36 436 66 285 858 310 567 590 318 910 439 627 853 67 89 96 986 882 401 14 423 462 149 921 430 903 637 43 922 612 958 18 427 634 63 836 415 232 899 969 617 583 615 344 592 224 889 965 520 1004 46 917 593 425 297 187 1024 429 62 174 877 266 515 486 449 314 576 9 145 608 452 61 788 918 273 794 333 165 33 76 776 319 622 54 295 629 135 321 364 474 519 447 521 1022 1040 625 602 304 301 684 916 1036 448 791 41 800 872 424 595 495 320 127 71 920 808 298 1008 214 980 810 633 697 514 23 355 53 417 56 571 893 312 150 400 394 821 895 798 75 188 902 898 463 871 635 695 262 926 123 915 316 412 442 454 806 568 366 407 11 311 172 1006 516 816 124 998 441 51 151 652 892 883 265 667 259 237 238 512 632 672 83 445 773 382 426 1020 529 645 52 405 252 610 406 623 644 428 517 21 446 399 402 372 616 852 600 433 272 82 553 44 460 440 942 647 111 413 923 648 380 812 654 908 909 257 205 329 206 453 578 844 739 771 799 897 914 522 885 638 362 805 1010 661 420 911 1037 207 513 202 173 213 636 741 229 1012 177 605 807 192 268 860 582 178 336 137 239 1028 395 862 854 966 498 240 676 271 392 153 2 84 674 94 244 1017 833 795 236 218 290 709 708 804 371 164 245 289 581 620 499 180 976 161 694 796 1002 337 639 691 1001 963 550 584 208 657 864 651 815 397 1015 346 869 1011 459 437 20 792 525 31 552 960 210 48 880 962 410 179 246 668 761 199 221 379 757 850 702 1018 881 574 215 230 249 227 385 970 253 393 769 580 162 535 473 390 837 182 1030 220 843 539 801 1009 77 37 817 934 1003 809 25 996 339 832 416 653 594 1025 29 834 545 728 160 577 589 466 670 751 643 222 472 713 678 826 217 13 485 211 404 813 193 388 985 118 502 947 570 975 235 225 861 974 500 659 901 714 748 1038 973 726 5 26 802 327 1034 267 999 163 655 774 147 243 64 981 977 469 1013 989 369 391 818 613 209 12 39 946 560 261 664 587 185 1019 155 59 242 6 484 851 1033 457 523 586 38 70 968 572 814 383 299 746 1016 964 848 544 1027 359 377 1035 212 15 256 987 386 387 183 830 790 198 538 421 820 978 993 186 156 496 69 27 991 822 663 770 396 363 569 16 360 233 597 631 736 231 797 284 603 649 1014 779 250 984 554 351 983 226 824 533 845 254 712 487 601 819 223 384 752 7 827 1000 368 995 478 8 1023 742 1039 482 168 646 22 1026 542 367 458 840 747 203 954 234 196 335 1031 549 992 564 671 783 710 341 408 1007 228 204 787 743 559 997 154 831 979 142 532 32 159 716 690 138 419 599 994 247 680 283 358 370 216 258 990 557 982 793 745 842 403 325 1005 953 863 40 195 200 251 119 772 733 725 1029 988 738 343 1021 656 197 
c [Incremental] Max used label: 1040.
c [Incremental] Label 1040 is removed from searching.
c [Incremental] Solving for max label = 1039:
c [Incremental] Solving duration: 2160 ms.
s [Incremental] SAT (label = 1039).
Label assignment: 91 477 3 900 537 785 324 60 759 777 465 24 309 847 279 878 190 618 894 34 875 606 598 1032 19 134 345 778 927 278 409 373 444 596 621 422 148 919 443 952 609 293 287 418 170 967 349 68 169 47 873 625 607 431 435 775 782 941 565 438 936 35 347 611 803 308 924 789 575 619 811 450 330 566 152 925 624 50 614 585 879 604 49 85 78 874 905 306 296 434 36 436 66 626 821 310 567 590 318 910 439 627 853 67 89 96 986 882 401 14 423 462 149 921 430 903 637 43 922 612 958 18 427 634 63 836 415 232 899 969 617 583 615 344 592 224 889 965 520 1004 46 917 599 432 297 187 1024 429 62 174 877 266 515 486 449 314 593 9 145 608 452 61 788 918 273 794 333 165 33 76 776 319 622 54 295 629 135 4 364 474 519 447 521 1022 411 576 602 304 301 587 916 1036 448 791 41 800 872 424 595 495 425 127 71 920 808 298 1008 214 962 810 633 697 650 23 355 53 417 56 571 893 312 150 400 394 832 895 798 75 188 902 898 412 871 635 695 262 980 123 915 316 275 442 454 806 568 366 407 101 311 172 1006 516 816 124 998 441 51 151 652 892 883 265 667 259 237 238 512 632 672 83 445 773 382 426 1020 529 645 52 11 252 610 406 623 644 428 517 21 446 399 402 372 616 852 600 433 272 82 553 44 460 440 942 647 206 413 923 648 380 769 654 908 909 257 205 329 219 453 578 844 739 768 799 897 914 522 885 588 362 805 1010 661 420 911 640 207 513 202 173 213 636 741 229 1012 177 605 807 192 268 771 582 178 336 137 239 1028 395 862 854 966 498 240 1017 271 392 153 2 84 674 94 244 1009 833 795 236 218 290 709 708 804 371 164 245 289 581 620 499 180 976 161 694 796 963 337 639 691 1001 971 550 584 208 657 864 651 815 397 1015 346 869 1011 459 437 20 823 393 31 552 960 210 48 880 975 410 179 246 668 761 199 221 379 757 850 702 1018 881 561 215 230 249 227 385 970 253 414 837 580 162 535 473 390 479 184 1027 220 835 539 801 1002 77 37 817 934 1003 809 25 996 339 831 416 653 574 1025 29 834 545 728 160 594 589 466 670 792 643 222 472 713 678 826 217 13 485 211 404 813 193 388 985 118 1038 947 570 964 235 225 861 974 500 659 901 714 748 1030 973 726 5 39 802 185 953 267 999 163 655 774 182 243 64 981 977 469 1013 989 369 391 818 613 209 12 42 387 560 261 664 586 194 1019 155 59 242 6 484 839 26 457 523 577 38 70 968 572 814 383 299 746 1016 956 848 544 1035 359 377 45 212 15 256 987 386 456 183 830 790 198 538 421 820 978 993 186 156 496 69 27 991 822 663 770 396 363 569 16 360 233 597 631 736 231 797 284 603 649 1014 779 250 984 554 351 983 226 824 533 845 254 712 487 601 819 223 384 767 7 827 1000 368 995 478 8 1023 742 1039 482 168 646 22 1026 542 367 458 840 747 203 954 234 196 335 1031 549 992 564 671 783 710 341 408 1007 228 204 787 743 559 997 154 829 979 142 532 32 159 716 690 138 419 1034 994 247 680 283 358 370 216 258 990 557 982 793 745 842 403 325 1005 959 855 40 195 200 251 119 772 357 725 1029 988 738 343 1021 656 197 
c [Incremental] Max used label: 1039.
c [Incremental] Label 1039 is removed from searching.
c [Incremental] Solving for max label = 1038:
c [Incremental] Solving duration: 2230 ms.
s [Incremental] SAT (label = 1038).
Label assignment: 91 477 3 900 537 781 324 60 759 777 465 24 309 847 279 878 190 618 894 34 875 606 598 1032 23 134 345 778 927 278 409 415 444 596 621 422 148 919 443 952 585 293 287 418 170 967 349 68 169 47 873 625 607 373 435 619 782 941 565 438 936 35 347 611 789 308 924 775 566 697 803 450 330 17 152 925 624 50 614 575 879 604 49 85 78 874 905 306 296 434 36 436 53 626 821 310 567 590 318 910 439 627 785 67 89 96 853 882 401 14 573 462 149 921 430 903 637 43 922 612 958 521 427 634 63 836 423 232 899 969 617 583 615 344 592 224 889 965 520 1004 46 917 599 432 297 187 811 429 62 174 877 266 515 486 449 314 593 9 145 608 452 61 788 918 273 794 333 165 42 76 776 319 622 55 295 629 117 4 364 33 474 447 519 1022 411 576 602 304 301 587 916 1036 448 791 41 800 872 424 595 495 425 127 71 920 808 298 1008 214 962 810 633 461 650 19 579 21 417 56 571 893 312 150 400 394 832 895 798 75 188 902 898 412 871 635 695 262 980 123 915 316 275 442 454 806 568 366 407 101 311 172 1006 516 816 124 998 441 51 151 652 892 883 265 667 259 237 238 512 632 672 83 445 773 382 426 1020 399 645 52 11 252 610 406 623 644 428 517 10 446 402 456 372 616 852 600 433 272 82 553 44 460 440 942 647 206 378 923 648 380 769 654 908 909 257 205 329 219 453 961 844 739 768 413 651 913 522 885 588 642 805 1010 661 420 911 640 207 513 202 173 213 636 741 229 1012 177 605 807 192 268 771 582 178 336 137 239 992 395 862 854 966 498 620 1017 271 392 153 2 84 674 94 244 1009 833 795 236 218 290 489 708 804 371 125 245 289 581 228 639 180 976 161 694 796 963 337 681 691 1001 971 550 584 193 657 991 649 815 397 1015 346 869 1011 459 437 20 823 393 841 677 960 210 48 880 975 410 179 246 668 761 199 221 379 757 850 702 1018 881 561 215 230 249 227 385 970 253 414 914 580 162 535 398 390 479 184 1027 220 835 383 801 1002 54 115 819 934 1003 1028 25 996 299 831 416 653 574 1025 29 834 545 728 160 594 589 466 572 792 643 222 472 713 678 826 201 13 485 211 1033 813 217 388 985 106 1038 947 570 964 235 225 861 974 500 659 901 829 748 1030 973 726 5 39 802 185 953 267 999 163 655 774 182 243 64 981 977 469 1013 989 369 391 455 613 209 65 40 735 560 261 664 586 194 1019 155 59 242 6 484 839 26 457 523 12 38 70 968 563 814 404 280 744 1016 956 848 544 1035 359 377 45 212 679 256 987 386 387 183 830 790 198 475 421 820 978 993 186 156 746 69 31 997 824 686 770 396 363 569 16 360 233 597 631 736 231 797 284 603 630 1014 779 250 984 554 317 983 226 37 533 845 254 712 487 601 506 223 384 767 7 827 1000 368 995 478 8 1023 742 817 482 168 646 22 1026 542 367 458 840 747 203 954 234 191 335 1031 549 855 564 671 783 710 341 408 1007 196 204 787 743 559 27 154 822 979 142 663 32 159 716 690 138 419 1034 994 247 753 283 358 370 216 258 990 557 982 793 745 842 403 325 1005 959 859 503 195 200 828 116 772 357 725 1029 988 738 291 1021 656 197 
c [Incremental] Max used label: 1038.
c [Incremental] Label 1038 is removed from searching.
c [Incremental] Solving for max label = 1037:
c [Incremental] Solving duration: 2257 ms.
s [Incremental] SAT (label = 1037).
Label assignment: 104 477 3 900 537 781 324 60 759 777 465 24 309 847 279 878 190 618 894 34 875 606 598 1032 23 134 345 778 927 278 435 415 444 596 621 409 148 919 422 952 585 293 287 418 294 262 431 349 169 47 873 625 607 373 521 611 782 941 565 438 936 35 347 967 789 308 924 775 566 619 803 450 330 17 152 925 624 50 614 575 879 604 49 85 90 874 905 56 296 436 36 443 53 626 821 310 627 590 265 910 439 427 785 67 89 96 853 882 401 916 573 462 78 921 430 903 637 43 922 612 474 510 423 634 697 836 411 1024 899 958 617 583 615 344 592 224 889 965 520 1004 46 917 665 432 297 187 811 429 62 174 877 266 515 486 468 314 593 9 145 608 452 61 788 918 253 794 333 165 42 76 776 319 622 74 295 629 117 4 364 33 519 447 466 969 1022 576 602 304 301 587 926 1036 448 791 41 800 872 424 595 495 28 127 71 113 808 298 1008 214 962 810 613 461 650 19 579 21 417 428 571 893 312 150 400 394 832 895 798 75 188 902 898 442 871 635 695 254 980 123 915 316 275 412 454 806 568 366 407 101 311 172 1006 516 816 124 998 441 51 151 652 892 883 302 667 259 406 238 512 632 672 83 445 773 382 426 1020 399 645 52 11 264 610 425 623 644 433 517 10 446 402 456 372 616 852 600 514 272 82 543 44 460 440 648 647 206 378 923 578 380 66 654 908 909 257 205 241 219 603 961 787 739 768 413 651 229 522 885 420 642 805 1010 661 451 911 640 207 755 202 173 213 636 741 248 1012 177 553 449 192 236 771 582 178 336 137 239 992 395 812 854 966 498 620 1017 271 597 153 2 84 674 58 244 1009 833 709 981 218 290 489 708 804 371 125 277 289 581 228 639 180 976 161 694 80 985 337 681 691 1001 971 550 1035 193 657 991 649 815 397 1015 880 14 1011 459 1025 230 252 393 841 677 1018 210 48 118 975 410 179 246 668 823 199 221 379 757 850 702 972 881 561 215 837 267 227 470 970 249 414 914 580 162 675 398 390 479 184 1027 220 835 383 801 1002 54 115 819 934 1003 1028 25 996 299 831 416 653 574 1019 29 834 545 728 160 594 589 467 572 792 643 222 472 713 493 826 201 945 497 211 1033 813 217 388 851 106 404 947 570 820 235 225 861 974 114 659 901 829 748 977 524 726 5 39 802 185 953 305 999 163 655 476 182 280 64 968 964 469 1013 989 369 391 455 688 209 65 40 735 544 261 664 605 194 485 59 38 1016 6 484 839 385 457 523 12 26 70 250 563 727 421 286 744 1030 955 848 540 959 359 818 45 212 679 256 987 386 387 243 830 790 198 475 57 814 978 993 186 156 746 69 31 997 824 696 770 396 363 569 16 360 233 586 631 736 245 797 284 584 630 1014 779 282 984 554 317 983 226 37 533 845 292 712 857 601 506 223 384 767 809 827 1000 368 995 478 8 1023 742 817 482 168 646 22 1026 542 367 458 840 747 203 954 234 191 335 231 549 1031 564 671 842 710 341 408 1007 196 204 793 743 548 27 154 822 181 142 663 32 159 716 690 91 247 1034 994 242 753 283 358 419 216 258 990 682 982 783 745 856 403 325 1005 956 846 503 55 200 828 116 772 357 725 1029 988 738 291 1021 656 197 
c [Incremental] Max used label: 1036.
c [Incremental] Label 1037 is removed from searching.
c [Incremental] Label 1036 is removed from searching.
c [Incremental] Solving for max label = 1035:
c [Incremental] Solving duration: 1899 ms.
s [Incremental] SAT (label = 1035).
Label assignment: 104 477 3 900 537 781 324 60 759 777 465 24 309 847 279 878 190 618 894 34 875 606 598 1032 23 134 345 778 927 278 435 415 444 596 621 409 148 919 422 952 585 293 287 418 294 262 431 349 169 47 873 625 607 373 521 611 782 941 565 438 936 35 347 967 789 308 924 775 566 619 803 450 330 17 152 925 624 50 614 575 879 604 49 85 90 874 905 56 296 436 36 443 53 626 821 310 627 590 265 910 439 427 785 67 89 96 853 882 401 916 573 462 78 921 430 903 637 43 922 612 474 510 423 634 697 836 411 1024 899 958 617 583 615 344 592 224 889 965 520 1004 46 917 665 432 297 187 811 429 62 174 877 266 515 486 468 314 593 9 145 608 452 61 788 918 253 794 333 165 42 76 776 319 622 74 295 629 117 4 364 33 519 447 466 969 1022 576 602 304 301 587 926 1030 448 791 41 800 872 424 595 495 28 127 71 113 808 298 1008 214 962 810 613 461 553 19 579 21 417 428 571 893 312 150 400 394 832 895 798 75 188 902 898 442 871 635 695 254 980 123 915 316 275 412 454 806 568 366 407 101 311 172 1006 516 816 124 998 441 51 151 652 892 883 302 667 259 406 238 512 632 672 83 445 773 382 426 1020 399 645 52 11 264 610 425 623 644 433 517 10 446 402 456 372 616 852 600 514 272 82 543 44 460 440 648 647 206 378 923 694 380 66 654 908 909 257 205 241 219 603 961 787 739 768 413 651 229 522 885 420 642 805 1010 661 451 911 640 207 755 202 173 213 636 741 248 1012 177 578 449 192 236 771 582 178 336 137 239 992 395 812 854 966 498 620 1017 271 597 153 2 84 674 58 244 1009 833 709 981 218 290 489 708 804 371 125 277 289 581 228 639 180 976 161 677 80 985 337 681 691 1001 971 550 1035 193 657 991 649 815 397 1015 880 14 1011 459 1025 230 252 393 841 591 1018 210 48 118 975 410 179 246 668 823 199 221 379 552 850 702 972 881 561 215 837 267 227 470 970 249 414 914 580 162 675 398 390 479 184 1027 220 835 383 801 1002 54 115 819 934 1003 1028 25 996 299 831 416 653 574 1019 29 834 545 728 160 594 589 369 572 792 643 222 472 713 493 826 201 945 497 211 1033 813 217 388 851 106 404 947 570 820 235 225 861 974 114 659 901 829 748 977 524 726 5 39 802 185 953 305 999 163 655 476 182 280 64 968 964 469 1013 989 365 391 455 688 209 65 40 735 544 261 664 605 194 485 59 38 1016 6 484 839 385 457 523 12 26 70 250 563 727 421 286 744 732 950 848 540 959 359 818 45 212 679 256 987 386 387 243 830 790 198 475 57 814 978 993 186 156 746 69 31 997 824 696 770 396 363 569 16 360 233 586 631 736 245 797 284 584 630 1014 779 282 984 554 317 983 226 37 533 845 292 712 855 601 506 223 384 767 809 827 1000 368 995 478 8 1023 742 817 482 168 646 22 1026 542 367 458 840 747 203 954 234 191 335 231 348 1031 564 671 842 710 341 408 1007 196 204 793 743 548 27 154 822 181 142 663 32 159 716 690 91 247 1034 994 242 753 283 358 419 216 258 990 682 982 783 745 955 403 325 1005 956 846 503 55 200 828 116 772 357 725 1029 988 738 291 1021 656 197 
c [Incremental] Max used label: 1035.
c [Incremental] Label 1035 is removed from searching.
c [Incremental] Solving for max label = 1034:
c [Incremental] Solving duration: 2201 ms.
s [Incremental] SAT (label = 1034).
Label assignment: 104 477 3 900 537 781 324 60 759 798 465 24 309 847 279 878 190 618 894 167 875 606 598 1032 23 134 345 778 927 278 435 415 444 596 621 409 148 919 422 952 585 293 287 418 294 262 431 349 169 47 873 625 607 373 521 611 782 941 565 438 936 34 347 967 789 308 924 775 566 619 803 450 330 17 152 925 624 50 614 575 879 604 777 85 90 874 905 56 296 436 35 443 53 626 821 310 609 590 265 910 439 427 785 67 89 96 853 882 401 297 573 462 78 921 430 903 637 43 922 612 474 510 423 634 697 836 411 1024 899 958 617 583 615 344 592 224 889 965 520 1004 46 917 665 432 307 187 811 429 62 9 877 266 515 486 468 314 593 21 145 608 452 61 788 918 253 794 333 165 42 76 776 319 622 74 295 629 117 4 364 30 519 447 466 969 1022 576 602 304 301 587 926 1030 448 791 41 800 872 424 595 495 28 127 71 113 808 298 1008 214 962 810 613 461 553 19 579 20 417 428 571 893 312 150 400 394 832 895 188 75 123 902 898 442 871 635 695 254 980 133 915 316 275 412 454 806 568 366 407 101 311 13 1006 516 816 124 998 441 51 151 652 892 883 302 667 237 406 238 512 632 672 83 445 773 382 426 1020 399 645 52 11 264 610 425 623 644 433 517 10 446 402 456 372 616 852 600 514 272 82 543 44 460 440 648 647 206 378 923 694 380 66 654 908 909 257 205 241 219 603 961 787 739 768 413 651 229 522 885 420 642 805 1010 661 451 911 640 207 755 202 173 213 636 741 248 1012 177 578 449 192 236 771 582 178 336 137 239 992 395 812 854 966 498 620 1017 271 597 153 246 36 674 58 244 1009 833 709 981 218 290 489 708 804 371 125 277 289 581 228 639 180 976 161 677 80 975 337 681 691 985 960 550 1001 193 657 991 649 815 397 1015 880 971 1011 459 1025 230 252 393 841 591 1018 210 48 118 973 410 577 259 668 823 199 221 379 552 850 702 972 881 561 215 826 267 227 470 970 249 414 914 580 162 675 398 390 479 184 1027 220 835 383 801 1002 54 115 819 934 1003 1028 25 996 299 831 416 653 574 1019 29 834 545 728 160 594 589 369 572 792 643 222 472 713 493 33 201 945 497 211 1033 813 217 388 851 106 404 947 570 820 235 225 861 974 114 659 901 829 748 977 524 726 5 39 802 185 953 305 999 163 655 476 182 280 64 968 964 469 1013 989 365 391 455 688 209 65 40 735 544 261 664 605 194 485 59 38 1016 6 484 839 385 457 523 12 26 70 250 563 727 421 286 744 732 948 848 540 959 359 818 45 212 679 256 987 386 387 243 830 790 198 475 57 814 978 993 186 156 746 69 31 997 824 696 770 396 363 569 16 360 233 586 631 736 245 760 284 584 950 1014 779 282 984 554 317 983 226 37 533 845 292 712 855 601 506 223 384 767 797 827 1000 368 995 478 8 1023 742 817 482 168 646 22 1026 542 367 458 840 747 203 954 234 191 335 231 348 1031 564 671 842 710 341 408 1007 196 204 793 743 548 27 154 822 181 142 663 32 159 716 690 91 247 1034 994 72 753 283 358 419 216 258 990 682 982 783 745 955 403 325 1005 956 846 503 55 200 828 116 772 357 725 1029 988 738 291 1021 656 197 
c [Incremental] Max used label: 1034.
c [Incremental] Label 1034 is removed from searching.
c [Incremental] Solving for max label = 1033:
c [Incremental] Solving duration: 2073 ms.
s [Incremental] SAT (label = 1033).
Label assignment: 104 477 3 900 537 781 324 60 759 798 465 24 309 279 264 878 190 618 894 167 875 606 598 1032 23 134 345 778 927 278 435 415 444 596 621 409 148 919 422 952 585 293 287 418 294 262 431 349 169 47 873 625 607 373 521 611 782 941 565 438 936 34 347 967 789 308 924 775 566 619 803 450 330 17 152 925 624 50 614 575 879 604 777 85 78 874 905 56 296 436 35 443 53 626 821 310 609 590 265 910 439 427 785 67 89 96 853 882 401 297 573 462 63 921 430 903 637 43 922 612 474 510 423 634 697 836 411 1024 899 958 617 583 615 344 592 224 889 965 520 1004 46 917 665 432 307 187 811 429 62 9 877 266 515 486 468 314 593 21 145 608 452 61 788 918 253 794 333 165 42 76 776 319 622 74 295 629 117 4 364 30 519 447 466 969 1022 576 602 304 301 587 926 1030 448 791 41 800 872 424 595 495 28 127 71 113 808 298 1008 214 962 810 613 461 553 19 579 20 417 428 571 893 312 150 400 394 832 895 188 75 123 902 898 442 871 635 695 254 980 133 915 316 275 412 454 806 568 366 407 101 311 13 1006 516 816 124 998 441 51 151 652 892 883 302 667 237 406 238 512 632 672 83 445 773 382 426 1020 399 645 52 11 252 610 425 623 644 433 517 10 446 402 456 372 616 852 600 514 272 82 543 44 460 440 648 647 206 378 923 694 380 66 654 908 909 257 205 241 219 603 961 787 739 768 413 651 229 522 885 420 642 805 1010 661 451 911 640 207 755 202 173 213 636 741 248 1012 177 578 449 192 236 771 582 178 336 137 239 992 395 812 854 966 498 620 1017 271 597 153 246 36 674 58 244 1009 833 709 981 218 290 489 708 804 371 125 277 289 581 228 639 180 976 161 677 80 975 337 681 691 985 960 550 1001 193 657 991 649 815 397 1015 880 971 1011 459 1025 230 242 393 841 591 1018 210 48 118 973 410 577 259 668 823 199 221 379 552 850 702 972 881 561 215 826 267 227 470 970 249 414 914 580 105 675 398 390 479 184 1027 220 835 383 801 1002 54 115 819 934 1003 1028 25 996 299 831 416 653 574 1019 29 834 545 728 160 594 589 369 572 792 643 222 472 713 493 33 201 945 497 211 1033 813 217 388 851 106 404 947 570 820 235 225 861 974 114 659 901 829 748 977 524 726 5 39 802 185 953 305 999 163 655 476 182 280 64 968 964 469 1013 989 365 391 455 688 209 65 40 735 544 261 664 605 194 485 59 38 1016 6 484 839 385 457 523 12 26 70 250 563 727 421 286 744 732 946 848 540 959 737 818 45 212 679 256 987 386 387 243 830 790 198 475 57 814 978 993 186 156 746 69 31 997 824 696 770 396 363 569 16 360 233 586 631 736 245 760 284 584 950 1014 779 282 984 554 317 983 226 37 533 845 292 712 855 601 506 223 384 767 797 827 1000 368 995 478 8 1023 742 817 482 168 646 22 1026 542 367 458 840 747 203 954 234 191 335 231 348 1031 564 671 842 710 341 408 1007 196 204 793 743 548 27 154 822 181 142 663 32 159 716 690 91 247 1021 994 72 753 283 358 419 216 258 990 682 982 783 745 955 403 325 1005 956 846 503 55 200 828 116 772 357 725 1029 988 738 291 948 656 197 
c [Incremental] Max used label: 1033.
c [Incremental] Label 1033 is removed from searching.
c [Incremental] Solving for max label = 1032:
c [Incremental] Solving duration: 1934 ms.
s [Incremental] SAT (label = 1032).
Label assignment: 104 477 3 900 537 781 324 60 759 798 465 24 309 279 264 878 190 618 894 167 875 606 598 1032 23 134 345 778 927 278 435 415 444 596 621 409 148 919 422 952 585 293 287 418 294 262 431 349 169 47 873 625 607 373 521 611 782 936 565 438 949 34 347 967 789 308 924 775 566 619 980 450 330 17 152 925 624 50 614 575 879 604 777 85 78 874 941 56 296 436 35 443 53 626 803 310 609 590 265 910 439 427 785 67 89 96 821 882 401 297 573 462 63 921 430 932 637 43 922 612 474 510 423 634 694 836 411 1024 899 958 617 583 615 344 592 224 889 965 520 1004 46 917 665 432 307 187 811 429 62 9 877 266 515 486 468 314 593 21 145 608 452 61 788 918 253 794 333 165 42 76 776 319 622 74 295 629 117 4 364 30 519 447 466 969 1022 576 602 304 301 587 916 1030 448 791 41 800 872 424 595 495 28 127 71 113 808 298 1008 214 962 810 613 695 553 19 579 20 417 428 571 893 312 150 400 394 832 895 188 75 123 926 898 442 871 635 697 254 951 133 915 316 275 412 454 806 568 366 407 101 311 13 1006 516 816 124 998 441 51 151 652 892 883 302 667 237 406 238 512 632 672 83 445 786 382 426 1020 399 645 52 11 252 610 425 644 679 433 517 10 446 402 456 372 616 852 600 514 272 82 543 44 460 440 648 647 206 378 923 554 380 66 654 908 909 257 205 241 219 603 961 787 739 768 413 651 229 522 885 420 642 805 1010 661 451 911 623 207 755 202 172 213 636 741 248 1012 177 578 449 192 236 771 582 178 336 137 239 992 395 812 854 966 479 620 1017 271 597 153 246 36 639 58 244 1009 833 709 981 218 290 489 708 804 371 125 277 289 581 228 505 180 976 161 677 80 975 337 681 691 985 960 550 1001 193 657 835 649 792 397 1015 880 971 1028 459 1025 230 242 393 841 591 1018 210 48 118 973 410 577 259 668 823 199 221 379 552 850 702 970 881 561 215 826 267 227 470 945 249 414 914 580 105 675 398 390 473 184 1027 220 757 383 801 1002 54 115 819 944 797 1003 25 996 299 831 416 653 574 1019 29 834 545 751 160 594 589 369 572 773 643 222 472 713 493 33 201 934 346 211 1011 813 217 388 851 106 404 972 570 820 235 225 861 974 114 659 901 829 748 977 524 726 5 39 802 185 953 305 999 163 655 476 182 280 64 968 964 469 1013 989 365 391 455 688 209 65 40 735 544 261 664 605 194 485 59 38 1016 6 484 839 385 457 523 12 26 70 250 563 727 421 286 744 732 946 815 540 959 737 818 45 212 547 256 987 386 387 243 830 790 198 475 57 814 978 993 186 156 746 69 31 997 824 696 770 396 363 569 16 360 233 586 631 736 245 671 284 584 950 1014 779 282 984 557 317 983 226 37 533 845 292 712 855 601 506 223 384 767 796 827 1000 368 995 478 8 990 742 1023 482 168 646 22 1026 542 367 458 840 747 203 954 234 191 335 231 348 1031 564 673 842 710 341 408 1007 196 204 793 743 548 27 154 822 181 142 663 32 159 716 690 91 247 1021 994 72 753 283 358 419 216 258 988 682 982 783 745 955 403 325 1005 956 846 503 55 200 828 116 772 357 725 1029 868 738 291 948 656 197 
c [Incremental] Max used label: 1032.
c [Incremental] Label 1032 is removed from searching.
c [Incremental] Solving for max label = 1031:
c [Incremental] Solving duration: 1746 ms.
s [Incremental] SAT (label = 1031).
Label assignment: 104 477 3 900 537 781 324 60 759 798 465 24 309 279 264 878 190 618 894 167 875 606 598 257 23 134 345 778 927 278 435 415 444 596 621 409 148 919 422 952 585 293 287 418 294 262 431 349 169 47 873 625 607 373 521 611 782 936 565 438 949 34 347 967 789 308 924 775 566 619 980 450 330 17 152 925 624 50 614 575 879 604 777 85 78 874 941 56 296 436 35 443 53 626 803 310 609 590 265 910 439 427 785 67 89 96 821 882 401 297 573 462 63 921 430 932 637 43 922 612 474 510 423 634 694 836 411 1024 899 958 617 583 615 344 592 224 889 965 520 1004 46 917 665 432 307 187 811 429 62 9 877 266 515 486 468 314 593 21 145 608 452 61 788 918 253 794 333 165 42 76 776 319 622 74 295 629 117 4 364 30 519 447 466 969 1022 576 602 304 301 587 916 1030 448 791 41 800 872 424 595 495 28 127 71 113 808 298 1008 214 962 810 613 695 553 19 579 20 417 428 571 893 312 150 400 394 832 895 188 75 123 926 898 442 871 635 697 254 951 133 915 316 275 412 454 806 568 366 407 101 311 13 1006 516 816 124 998 441 51 151 652 892 883 302 667 237 406 238 512 632 672 83 445 786 382 426 1020 399 645 52 11 252 610 425 644 679 433 517 10 446 402 456 372 616 852 600 514 272 82 543 44 460 440 648 647 206 378 923 554 380 66 654 908 909 260 205 241 219 603 961 787 739 768 413 651 229 522 885 420 642 805 1010 661 451 911 623 207 755 202 172 213 636 741 248 1012 177 578 449 192 236 771 582 178 336 137 239 992 395 812 854 966 479 620 1017 271 597 153 246 36 639 58 244 1009 833 709 981 218 290 489 708 804 371 125 277 289 581 228 505 180 976 161 677 80 975 337 681 691 985 960 550 1001 193 657 835 649 792 397 1015 880 971 1028 459 1025 230 242 393 841 591 1018 210 48 118 973 410 577 259 668 823 199 221 379 552 850 702 970 881 561 215 826 267 227 470 945 249 414 914 580 105 675 398 390 473 184 1027 220 757 383 801 1002 54 115 819 944 797 1003 25 996 299 831 416 653 574 1019 29 834 545 751 160 594 589 369 572 773 643 222 472 713 493 33 201 934 346 211 1011 813 217 388 851 106 404 972 570 820 235 225 861 974 114 659 901 829 748 977 524 726 5 39 802 185 953 305 999 163 655 476 182 280 64 968 964 469 1013 989 365 391 455 688 209 65 40 735 544 261 664 605 194 485 59 38 1016 6 484 839 385 457 523 12 26 70 250 563 727 421 286 744 732 946 815 540 959 737 818 45 212 547 256 987 386 387 243 830 790 198 475 57 814 978 993 186 156 746 69 31 997 824 696 770 396 363 569 16 360 233 586 631 736 245 671 284 584 950 1014 779 282 984 557 317 983 226 37 533 845 292 712 855 601 506 223 384 767 796 827 1000 368 995 478 8 990 742 1023 482 168 646 22 1026 542 367 458 840 747 203 954 234 191 335 231 348 1031 564 673 842 710 341 408 1007 196 204 793 743 548 27 154 822 181 142 663 32 159 716 690 91 247 1021 994 72 753 283 358 419 216 258 988 682 982 783 745 955 403 325 1005 956 846 503 55 200 828 116 772 357 725 1029 868 738 291 948 656 197 
c [Incremental] Max used label: 1031.
c [Incremental] Label 1031 is removed from searching.
c [Incremental] Solving for max label = 1030:
c [Incremental] Solving duration: 1994 ms.
s [Incremental] SAT (label = 1030).
Label assignment: 104 477 3 900 537 781 324 60 759 798 465 24 309 279 264 878 232 618 894 167 875 606 598 257 9 134 345 778 927 278 435 415 444 596 621 409 148 914 422 952 585 293 287 418 294 262 431 349 169 47 873 625 607 373 521 611 782 936 565 438 949 34 347 967 789 190 924 775 566 619 980 450 330 17 152 925 624 50 614 575 879 567 777 85 78 874 941 56 296 436 35 443 53 626 803 310 609 590 265 910 439 427 785 67 89 96 821 882 401 297 573 462 63 329 321 932 637 43 1004 612 474 510 423 634 694 836 411 1024 899 958 617 583 15 430 592 224 889 965 520 1020 214 919 665 432 307 187 811 429 62 14 877 266 515 486 907 314 593 21 145 608 452 61 788 918 253 794 333 165 42 76 776 319 622 74 295 629 117 4 406 30 519 447 466 969 1022 576 602 304 301 587 916 1030 448 791 41 800 872 424 689 495 2 127 71 113 808 298 1008 259 962 810 613 695 553 19 579 20 417 428 784 893 312 150 400 394 832 895 188 75 123 926 898 442 871 635 697 254 951 133 915 316 275 412 454 806 568 366 407 101 311 13 1006 516 816 124 998 441 51 151 652 892 883 302 667 237 468 238 512 632 672 923 445 786 382 426 975 399 645 52 11 252 610 425 644 679 433 517 10 446 402 456 372 616 852 600 514 272 82 543 44 460 440 648 647 176 378 917 554 380 66 654 908 909 260 205 241 206 603 961 787 739 768 470 651 229 522 885 420 642 805 1010 661 451 911 623 207 755 202 172 213 636 741 248 1012 177 578 449 192 236 771 582 178 336 137 239 992 28 812 854 966 479 620 1017 271 597 153 246 36 639 58 147 935 833 709 981 218 290 489 708 804 371 125 277 289 581 228 505 180 976 161 677 80 963 337 681 691 985 960 550 1001 193 657 835 649 792 397 1015 880 971 662 459 1025 230 242 393 374 591 1018 210 48 118 973 410 577 281 668 823 199 221 379 551 824 702 970 881 561 215 826 267 227 473 945 211 414 913 552 105 675 398 390 471 184 1009 1027 757 383 801 1002 54 115 819 944 797 1003 25 996 299 831 416 653 574 1019 29 834 545 751 160 594 589 369 572 773 643 222 472 713 493 33 201 934 346 749 1011 813 217 388 851 106 404 972 570 820 235 225 861 974 114 659 901 829 580 977 524 726 5 39 802 185 953 305 999 163 655 476 182 280 64 968 964 469 1013 989 365 391 943 688 209 65 40 735 544 261 664 605 194 485 59 38 1016 6 484 839 385 457 523 12 26 70 250 563 727 421 286 744 732 946 815 540 959 737 818 381 212 547 256 987 386 387 243 830 790 198 475 57 814 978 993 186 156 746 328 31 997 822 696 770 557 363 569 16 360 233 586 631 736 245 671 284 584 950 1014 779 282 984 559 317 983 226 37 533 845 292 712 855 601 506 223 384 767 783 827 1000 368 995 478 8 990 742 1023 482 168 646 22 1026 542 367 458 840 747 203 954 234 191 335 231 348 389 564 673 842 710 341 408 1007 196 204 793 743 548 27 154 244 181 142 663 32 159 716 690 91 247 1021 994 72 753 283 358 419 216 18 988 682 982 817 745 955 403 325 1005 956 846 503 55 200 828 116 772 357 725 1029 868 738 291 948 656 197 
c [Incremental] Max used label: 1030.
c [Incremental] Label 1030 is removed from searching.
c [Incremental] Solving for max label = 1029:
c [Incremental] Solving duration: 2069 ms.
s [Incremental] SAT (label = 1029).
Label assignment: 104 477 3 900 537 781 324 60 759 798 465 24 309 279 264 878 232 618 894 167 875 606 598 257 9 134 345 778 927 278 435 415 444 596 621 409 148 914 422 952 585 293 287 418 294 262 431 349 906 47 873 625 607 373 521 611 782 936 565 438 949 34 347 967 789 190 924 775 566 619 980 450 330 17 152 925 624 50 614 575 879 567 777 85 78 874 941 56 296 436 35 443 53 626 803 310 609 590 265 910 439 427 785 67 89 96 821 882 401 297 573 462 63 329 321 932 637 43 985 612 474 510 423 634 694 836 411 1024 899 958 617 583 15 430 592 224 889 965 520 1020 214 919 665 432 307 187 811 429 62 14 877 266 515 486 907 314 593 21 145 608 452 61 788 918 253 794 333 165 42 76 776 319 622 74 295 629 117 4 406 30 519 447 466 969 1022 576 602 304 301 587 916 1004 448 791 41 800 872 424 689 495 2 127 71 113 808 298 1008 259 962 810 613 695 553 19 579 20 417 428 784 893 312 150 400 394 832 895 188 75 123 926 898 442 871 635 697 254 951 133 915 316 275 412 454 806 568 366 407 101 311 13 1006 516 816 124 998 441 51 151 652 892 883 302 667 237 468 238 512 632 672 923 445 786 382 426 975 399 645 52 11 252 610 425 644 679 433 517 10 446 402 456 372 616 852 600 514 272 82 543 44 460 440 648 647 176 378 917 554 380 66 654 908 909 260 205 241 206 603 961 787 739 768 470 651 229 522 885 420 642 805 1010 661 451 911 623 207 755 202 172 213 636 741 248 1012 177 578 449 192 236 771 582 178 336 137 239 992 28 812 854 966 479 620 1017 271 597 153 246 36 639 58 147 935 833 709 981 218 290 489 708 804 371 125 277 289 581 228 505 180 976 161 677 80 963 337 681 691 991 960 550 1001 193 657 835 649 792 397 1015 880 971 659 459 1025 230 242 393 374 591 1018 210 48 118 973 410 577 281 912 823 199 221 379 551 824 702 970 881 561 215 826 267 227 473 945 211 414 913 552 105 675 398 390 471 184 1009 1027 757 383 801 1002 54 115 819 944 797 1003 25 996 299 831 416 653 574 1019 29 834 545 751 160 594 589 369 572 773 643 222 472 713 493 33 201 934 346 749 1011 813 217 388 851 106 404 972 570 820 235 225 861 974 114 670 901 829 580 977 524 726 5 39 802 185 953 305 999 163 655 476 182 280 64 968 964 469 1013 989 365 391 943 688 209 65 40 735 544 261 664 605 194 485 59 38 1016 6 484 839 385 457 523 12 26 70 250 563 727 421 286 744 732 946 815 540 959 737 818 381 212 547 256 987 386 387 243 830 790 198 475 57 814 978 993 186 156 746 328 31 997 822 696 770 557 363 569 16 360 233 586 631 736 245 671 284 584 950 1014 779 282 984 559 317 983 226 37 533 845 292 712 662 601 506 223 384 767 783 827 1000 368 995 478 8 990 742 1023 482 168 646 22 1026 542 367 458 840 747 203 954 234 191 335 231 348 389 564 673 842 710 341 408 1007 196 204 793 743 548 27 154 244 181 142 663 32 159 716 690 91 247 1021 994 72 753 283 358 419 216 18 988 682 982 817 745 195 403 325 1005 956 846 503 55 200 828 116 772 357 725 1029 868 738 291 948 656 197 
c [Incremental] Max used label: 1029.
c [Incremental] Label 1029 is removed from searching.
c [Incremental] Solving for max label = 1028:
c [Incremental] Solving duration: 1979 ms.
s [Incremental] SAT (label = 1028).
Label assignment: 104 477 3 900 537 781 324 60 759 798 465 24 309 279 264 878 232 618 894 167 875 606 598 257 9 134 345 778 927 278 435 415 444 596 621 409 148 914 422 952 585 293 287 418 281 262 431 294 906 47 873 625 607 373 521 611 782 936 565 438 949 34 347 967 789 190 924 775 566 619 980 450 330 17 152 925 624 50 614 575 879 567 777 85 78 874 941 56 296 436 35 443 53 626 803 310 609 590 265 910 439 427 785 67 89 96 821 882 401 297 573 462 63 329 321 932 637 43 985 612 474 510 423 634 694 836 411 1024 899 958 617 583 15 430 592 224 889 965 520 1020 214 919 665 432 307 187 811 429 62 14 877 266 515 486 907 314 593 21 145 608 452 61 788 918 253 794 333 165 42 76 776 319 622 74 295 629 117 4 406 30 519 447 466 969 1022 481 602 304 301 587 916 1004 448 791 41 800 872 424 689 495 2 127 71 113 808 298 1008 259 962 810 613 695 553 19 579 20 417 428 784 893 312 150 400 394 832 895 188 75 123 926 898 442 871 635 697 254 951 133 915 316 338 412 454 806 568 366 407 101 311 13 1006 516 816 124 998 441 51 151 652 892 883 302 667 237 468 238 512 632 672 923 445 786 382 426 975 399 645 52 11 252 610 425 644 679 433 517 10 446 402 456 372 616 852 600 514 272 82 543 44 460 440 648 647 176 378 917 554 380 66 654 908 909 260 205 241 206 603 961 787 739 768 470 651 229 522 885 420 642 805 1010 661 451 911 623 207 513 202 172 213 636 741 248 1012 177 578 449 192 236 771 582 178 336 137 239 992 28 812 837 966 479 620 1017 271 597 153 246 36 639 58 147 935 833 709 981 218 290 489 708 804 371 125 277 289 581 228 505 180 976 161 699 80 963 337 681 691 991 960 550 1001 193 657 835 649 792 397 1015 880 971 658 459 1025 230 242 393 374 591 1018 210 48 118 973 410 577 275 912 823 199 221 379 551 824 702 970 881 561 215 826 267 227 473 945 211 414 913 552 105 677 398 390 471 184 1009 1027 757 383 801 1002 54 115 675 944 797 1003 25 996 299 831 416 653 574 1019 29 834 545 751 160 594 589 369 572 773 643 222 472 713 493 33 201 934 346 749 1011 813 217 388 851 106 404 972 570 820 235 225 861 974 114 670 901 829 580 977 524 726 5 39 802 185 953 305 999 163 655 476 182 280 64 968 964 469 1013 989 365 391 943 688 209 65 40 735 544 261 659 605 194 485 59 38 857 6 484 839 385 457 523 12 26 70 250 563 727 421 286 744 732 946 815 540 959 737 818 381 212 547 256 987 386 387 243 830 790 198 475 57 814 978 993 186 156 746 328 31 997 822 696 770 557 363 569 16 360 233 586 631 736 245 671 284 584 950 1014 779 282 984 559 317 983 226 37 533 845 292 712 662 601 506 223 384 767 783 827 1000 368 995 478 8 990 742 1023 482 168 646 22 1026 542 367 458 840 747 203 954 234 191 335 231 348 389 564 673 842 710 341 408 1007 196 204 793 743 548 27 154 244 181 142 663 32 159 716 690 91 247 1021 994 72 753 283 358 419 216 18 988 703 982 817 682 195 403 325 1005 956 846 503 55 200 828 116 772 357 725 1016 868 738 291 948 656 197 
c [Incremental] Max used label: 1027.
c [Incremental] Label 1028 is removed from searching.
c [Incremental] Label 1027 is removed from searching.
c [Incremental] Solving for max label = 1026:
c [Incremental] Solving duration: 2046 ms.
s [Incremental] SAT (label = 1026).
Label assignment: 104 477 3 900 537 781 324 28 759 798 465 60 309 279 264 878 232 697 894 167 875 606 598 257 9 134 345 778 927 278 435 415 444 596 621 409 148 914 422 952 585 293 287 418 255 262 431 294 906 47 873 625 607 373 521 611 782 936 565 438 949 34 347 967 789 190 924 775 566 619 980 450 330 17 152 925 624 50 614 933 879 567 777 85 78 874 941 56 296 436 35 443 53 626 803 310 609 575 265 932 439 427 785 67 89 96 821 882 401 297 573 462 63 329 321 74 637 43 985 612 604 510 590 634 694 836 411 1024 899 958 617 583 15 430 592 224 889 965 520 1020 214 919 665 432 24 187 811 429 62 14 877 266 515 486 907 314 593 21 145 608 452 23 788 918 253 464 333 165 42 76 776 319 622 295 285 629 117 4 406 30 519 447 466 969 1022 481 602 304 301 587 916 1004 448 791 41 800 872 424 689 495 2 127 71 113 808 298 1008 259 962 810 613 695 553 19 579 20 417 428 784 893 312 150 400 206 832 895 188 75 123 926 898 442 871 635 714 254 951 236 915 316 338 433 463 806 568 366 407 101 311 13 1006 516 816 124 998 441 51 151 652 892 883 302 667 237 468 238 512 632 672 923 445 786 382 757 975 399 645 52 11 252 610 425 644 679 454 517 10 461 402 456 372 616 852 281 514 272 82 543 44 460 440 648 647 176 413 917 554 469 66 654 908 909 260 248 241 205 603 961 787 739 945 470 651 229 522 885 420 642 805 1010 661 451 911 623 207 513 202 172 213 636 741 121 1012 177 578 449 192 235 771 582 397 336 137 239 992 25 812 837 966 479 620 1017 271 597 153 246 36 639 58 147 935 833 709 981 276 290 489 708 804 707 125 277 289 552 228 505 180 976 161 414 80 963 337 681 691 991 960 550 1001 193 657 835 649 792 378 1015 880 971 658 459 1025 230 242 393 374 591 1018 210 48 118 770 410 577 275 912 823 199 221 379 546 824 702 970 881 561 215 826 267 227 473 940 211 497 913 551 105 677 398 390 471 184 1009 392 729 383 801 1002 54 115 675 944 797 1003 73 996 299 831 416 653 574 1019 29 834 545 751 160 594 589 369 572 773 643 218 472 713 493 33 201 934 346 749 1011 813 217 388 851 106 404 972 570 820 222 225 861 974 114 670 901 829 580 977 524 726 5 39 802 185 953 305 999 163 655 476 182 280 64 968 964 491 1013 989 365 391 939 688 209 65 40 735 544 261 659 605 194 485 59 38 857 6 484 839 385 457 523 12 26 70 250 563 727 421 286 744 732 946 815 540 959 737 818 381 212 527 339 987 386 387 243 830 790 198 475 57 814 978 993 186 256 746 328 31 997 822 696 760 557 363 569 16 360 233 586 631 509 245 671 284 584 950 1014 779 282 984 955 317 983 226 37 533 845 292 712 662 181 506 223 541 767 783 827 1000 368 995 478 8 990 742 1023 482 168 646 22 1026 542 467 458 840 747 762 954 203 191 335 231 348 389 680 673 842 710 341 408 1007 196 204 793 743 548 27 154 244 234 142 663 32 159 716 690 91 247 1021 994 72 753 283 358 419 216 18 988 703 943 817 682 195 403 325 1005 956 846 503 55 200 828 116 982 357 725 1016 868 738 291 948 656 197 
c [Incremental] Max used label: 1026.
c [Incremental] Label 1026 is removed from searching.
c [Incremental] Solving for max label = 1025:
c [Incremental] Solving duration: 2040 ms.
s [Incremental] SAT (label = 1025).
Label assignment: 104 477 3 900 537 781 324 28 759 798 465 60 309 279 264 878 232 697 894 167 875 606 598 257 9 134 345 778 927 278 435 415 444 596 621 409 148 914 422 952 585 293 287 418 255 262 431 294 906 47 873 625 607 373 521 611 782 936 565 438 949 34 347 967 789 190 924 775 566 619 980 450 330 17 152 925 624 50 614 933 879 567 777 85 78 874 941 56 296 436 35 443 53 627 803 310 609 575 265 932 427 599 785 67 89 96 821 882 401 297 573 462 63 329 321 74 637 43 986 612 604 510 590 634 694 836 411 1024 899 958 617 583 15 430 592 224 889 965 520 1020 214 919 665 432 24 187 811 429 62 14 877 266 515 486 907 314 593 21 145 608 452 23 788 918 237 464 333 165 42 76 776 319 626 295 285 622 117 4 406 30 519 447 466 969 1022 481 602 304 301 587 916 1004 448 791 41 800 872 424 689 495 2 127 71 113 808 298 1008 259 962 810 613 695 553 19 579 20 417 428 784 893 312 150 400 206 832 895 188 75 123 926 898 442 871 635 714 254 951 236 915 316 338 433 463 806 568 366 407 101 311 13 1006 516 816 124 998 441 51 151 652 892 883 302 667 218 468 238 512 632 672 923 445 786 382 757 976 399 645 52 11 252 610 425 644 679 454 517 10 461 402 456 372 616 852 281 514 272 82 543 44 460 440 648 647 176 374 917 554 469 66 654 908 909 260 248 241 205 413 961 787 739 945 470 651 229 522 885 420 642 805 1010 661 451 911 623 207 513 202 172 213 603 741 121 1012 177 578 449 192 235 771 582 397 336 137 239 992 25 812 837 966 479 620 1017 271 597 153 246 36 639 58 147 974 833 709 981 276 290 489 708 804 707 125 277 289 552 228 505 180 991 161 414 80 963 337 681 691 985 960 550 1001 193 657 835 649 792 378 1015 880 971 658 500 1025 230 242 393 380 591 1018 210 48 118 770 410 577 275 912 823 199 221 379 546 795 702 970 881 561 215 826 267 227 473 940 211 497 913 558 105 677 398 390 471 184 975 392 793 383 801 1002 54 115 675 944 797 1003 73 996 299 831 416 653 574 1019 29 834 545 751 160 594 589 369 572 773 643 300 472 713 493 33 201 934 346 749 1009 796 217 388 851 106 404 972 570 820 222 225 861 973 114 670 901 829 580 977 524 726 5 39 817 185 953 305 999 163 655 476 182 280 64 968 964 491 1013 989 365 391 939 688 209 65 40 735 544 261 659 605 194 485 59 38 857 6 484 839 385 457 523 12 26 70 250 563 727 421 286 744 732 946 815 540 959 737 818 381 212 527 339 987 386 387 243 830 790 198 475 57 838 978 993 186 256 746 328 31 997 822 696 760 557 363 569 16 360 233 586 631 509 245 671 284 584 950 1014 779 282 984 955 317 983 226 37 533 845 292 712 662 181 506 223 541 767 783 827 1000 368 995 478 8 990 742 1023 482 168 646 22 1016 542 467 458 840 747 762 954 203 191 335 231 348 389 680 673 842 710 341 408 1007 196 204 802 743 548 27 154 244 234 142 663 32 159 716 690 91 247 1021 994 72 753 283 358 419 216 18 988 703 943 814 682 195 403 325 1005 956 846 503 55 200 828 116 982 357 725 1011 868 738 291 948 656 197 
c [Incremental] Max used label: 1025.
c [Incremental] Label 1025 is removed from searching.
c [Incremental] Solving for max label = 1024:
c [Incremental] Solving duration: 2055 ms.
s [Incremental] SAT (label = 1024).
Label assignment: 104 477 3 900 537 781 324 28 759 798 465 60 309 279 264 878 232 697 894 167 875 606 598 257 9 134 345 778 927 278 435 415 444 596 621 409 148 914 422 952 585 293 287 418 255 262 431 294 906 47 873 625 607 373 521 611 782 936 565 438 949 34 347 967 789 190 924 775 566 619 980 450 330 17 152 925 624 50 614 933 879 567 777 85 78 874 941 56 296 436 35 443 53 627 803 310 609 575 265 932 427 599 785 67 89 96 821 882 401 297 573 462 63 329 321 74 637 43 986 612 604 510 590 634 694 836 411 1024 899 958 617 583 15 430 592 224 889 965 520 1020 214 919 665 432 24 187 811 429 62 14 877 266 515 486 907 314 593 21 145 608 452 23 788 918 237 464 333 165 42 76 776 319 626 295 285 622 117 4 406 30 519 447 466 969 1022 481 602 304 301 587 916 1004 448 791 41 800 872 424 689 495 2 127 71 113 808 298 1008 259 962 810 613 695 553 19 579 20 417 428 784 893 312 150 400 206 832 895 188 75 123 926 898 442 871 635 714 254 951 236 915 316 338 433 463 806 568 366 407 101 311 13 1006 516 757 124 998 441 51 151 652 892 883 302 667 218 468 238 512 632 672 923 445 786 382 756 976 399 645 52 11 252 610 425 644 679 454 517 10 461 402 456 372 616 852 281 514 272 82 543 44 460 440 648 647 176 374 917 554 469 66 654 908 909 260 248 241 205 413 961 787 739 945 470 651 229 522 885 420 642 805 1010 661 451 911 623 207 513 202 172 213 603 741 121 1012 177 578 449 192 235 771 582 397 336 137 239 992 25 812 837 966 479 620 1017 271 597 153 246 36 639 58 147 974 833 709 981 276 290 489 708 804 707 125 277 289 552 228 505 180 991 161 414 80 963 337 681 691 985 960 550 1001 193 657 835 649 792 378 1015 880 971 658 500 999 230 242 393 380 591 1018 210 48 118 770 410 577 275 912 823 199 221 379 546 795 702 970 881 561 215 826 267 227 473 940 211 497 913 558 105 677 398 390 471 184 975 392 793 383 801 1002 54 115 675 944 797 1003 73 939 299 831 416 653 574 1019 29 834 545 751 160 594 589 369 572 773 643 300 472 713 493 33 201 934 346 749 1009 796 217 388 816 106 404 972 570 820 222 225 861 973 114 670 901 829 580 977 524 726 5 39 817 185 953 305 996 163 655 476 182 280 64 968 964 491 1013 989 365 391 938 688 209 65 40 735 544 261 659 605 194 485 59 38 857 6 484 839 385 457 523 12 26 70 250 563 727 421 286 744 732 946 815 540 959 737 818 381 212 527 339 987 386 387 243 830 790 198 475 57 838 978 993 186 256 746 328 31 997 822 696 760 557 363 569 16 360 233 586 631 509 245 671 284 584 950 1014 779 282 984 955 317 983 226 37 533 845 292 712 662 181 506 223 541 767 783 827 1000 368 995 478 8 990 742 1023 482 168 646 22 1016 542 467 458 840 747 762 954 203 191 335 231 348 389 680 673 842 710 341 408 1007 196 204 802 743 548 27 154 244 234 142 663 32 159 716 690 91 247 1021 994 72 753 283 358 419 216 18 988 703 943 814 682 195 403 325 1005 956 846 503 55 200 828 116 982 357 725 1011 868 738 291 948 656 197 
c [Incremental] Max used label: 1024.
c [Incremental] Label 1024 is removed from searching.
c [Incremental] Solving for max label = 1023:
c [Incremental] Solving duration: 2053 ms.
s [Incremental] SAT (label = 1023).
Label assignment: 104 477 3 900 537 781 324 28 759 798 465 60 309 279 264 878 232 697 894 167 875 606 598 257 9 134 345 778 927 278 435 415 444 596 621 409 148 914 422 952 585 293 287 418 255 262 431 294 906 47 873 625 607 373 521 611 782 936 565 438 949 34 347 967 789 190 924 775 566 619 980 450 330 17 152 925 624 50 614 933 879 567 777 85 78 874 941 56 296 436 35 443 53 627 803 310 609 575 265 932 427 599 785 67 89 96 821 882 401 297 573 462 63 329 321 74 637 43 986 612 604 510 590 634 694 836 411 1004 899 958 617 583 15 430 592 224 889 965 520 1020 214 919 665 432 24 187 811 429 62 14 877 266 515 486 907 314 593 21 145 608 452 23 788 918 237 464 333 165 42 76 776 319 626 295 285 622 117 4 406 30 519 447 466 969 1022 481 602 304 301 587 916 1006 448 791 41 800 872 424 689 495 2 127 71 113 808 298 1008 259 962 810 613 695 553 19 579 20 417 428 784 893 312 150 400 206 832 895 188 75 123 926 898 442 871 635 714 254 951 236 915 316 338 433 463 806 568 366 407 101 311 13 849 516 757 124 998 441 51 151 652 892 883 302 667 218 468 238 512 632 672 923 445 786 382 756 976 399 645 52 11 252 610 425 644 679 454 517 10 461 402 456 372 616 852 281 514 272 82 543 44 460 440 648 647 176 374 917 554 469 66 654 908 909 260 248 241 205 413 961 787 739 945 470 651 229 522 885 420 642 805 1010 661 451 911 623 207 513 202 172 213 603 741 121 1012 177 578 449 192 235 771 582 397 336 137 239 992 25 812 837 966 479 620 1017 271 597 153 246 36 639 58 147 974 833 709 981 276 290 489 708 804 707 125 277 289 552 228 505 180 991 161 414 80 963 337 681 691 985 960 550 1001 193 657 835 649 792 378 1015 880 971 658 500 999 230 242 393 380 591 1018 210 48 118 770 410 577 275 912 823 199 221 379 546 795 702 970 881 561 215 826 267 227 473 940 211 497 913 558 105 677 398 390 471 184 975 392 793 383 801 1002 54 115 675 944 797 1003 73 939 299 831 416 653 574 1019 29 834 545 751 160 594 589 369 572 773 643 300 472 713 493 33 201 934 346 749 1009 796 217 388 816 106 404 972 570 820 222 225 861 973 114 670 901 829 580 977 524 726 5 39 817 185 953 305 996 163 655 476 182 280 64 968 964 491 1013 989 365 391 938 688 209 65 40 735 544 261 659 605 194 485 59 38 857 6 484 839 385 457 523 12 26 70 250 563 727 421 286 744 732 946 815 540 959 737 818 381 212 527 339 987 386 387 243 830 790 198 475 57 838 978 993 186 256 746 328 31 997 822 696 760 557 363 569 16 360 233 586 631 509 245 671 284 584 950 1014 779 282 984 955 317 983 226 37 533 845 292 712 662 181 506 223 541 767 783 827 1000 368 995 478 8 990 742 1023 482 168 646 22 1016 542 467 458 840 747 762 954 203 191 335 231 348 389 680 673 842 710 341 408 1007 196 204 802 743 548 27 154 244 234 142 663 32 159 716 690 91 247 1021 994 72 753 283 358 419 216 18 988 703 943 814 682 195 403 325 1005 956 846 503 55 200 828 116 982 357 725 1011 868 738 291 948 656 197 
c [Incremental] Max used label: 1023.
c [Incremental] Label 1023 is removed from searching.
c [Incremental] Solving for max label = 1022:
c [Incremental] Solving duration: 2163 ms.
s [Incremental] SAT (label = 1022).
Label assignment: 104 477 3 900 537 781 324 28 759 798 465 60 309 279 264 878 232 697 894 167 875 606 598 257 9 134 345 778 927 278 435 415 444 596 621 409 148 914 422 952 585 293 287 418 255 262 431 294 906 47 873 625 607 373 521 611 782 936 565 438 949 34 347 967 789 190 924 775 566 619 980 450 330 17 112 925 624 50 614 933 879 567 777 85 78 874 941 56 296 436 35 443 53 627 803 310 609 575 265 932 427 599 785 67 89 96 821 882 401 297 573 462 63 288 321 74 637 43 986 612 604 510 590 634 694 836 411 1004 899 958 617 583 15 430 592 224 889 965 520 1020 214 919 665 432 24 187 811 429 62 14 877 266 515 486 481 314 593 21 145 608 452 23 788 918 237 464 333 165 42 76 776 319 626 295 285 622 117 4 406 30 519 447 466 969 1022 480 602 304 301 587 916 1006 448 791 41 800 872 424 689 495 2 127 71 113 808 298 1008 259 962 810 613 695 553 19 579 20 417 428 784 893 312 150 400 206 832 895 188 75 123 926 898 442 871 635 714 254 951 236 915 316 338 433 463 806 568 366 407 101 311 13 849 516 757 124 998 441 51 151 652 892 883 302 667 218 468 238 512 632 672 923 445 786 382 756 976 399 645 52 11 252 610 425 644 679 454 517 10 461 402 456 372 616 852 281 514 272 82 543 44 460 440 648 647 176 374 917 554 469 66 654 908 909 260 248 241 205 413 961 787 739 945 470 651 229 522 885 420 642 805 1010 661 451 911 623 207 513 202 172 213 603 741 121 1012 177 578 449 192 235 771 582 397 336 137 239 992 25 812 837 966 479 620 1017 271 597 153 246 36 639 58 147 974 835 709 981 276 290 489 708 804 707 125 277 289 552 228 505 180 991 161 414 80 963 337 681 691 985 960 550 1001 193 657 833 649 792 378 1015 880 971 658 500 999 230 242 393 380 591 1018 210 48 118 770 410 577 275 912 823 199 221 379 546 795 702 970 881 561 215 826 267 227 473 940 211 497 913 558 105 677 398 390 471 184 975 392 793 383 801 1002 54 115 675 944 797 1003 73 939 299 831 416 653 574 1019 29 834 545 751 160 594 589 369 572 773 643 300 472 713 493 33 201 934 346 749 1009 796 217 388 816 106 404 972 570 820 222 225 861 973 114 670 901 829 580 977 524 726 5 39 817 185 953 305 996 163 655 476 182 280 64 968 964 491 1013 989 365 391 938 688 209 65 40 735 544 261 659 605 194 485 59 38 857 6 484 839 385 457 523 12 26 70 250 563 727 421 286 744 732 946 815 540 959 737 818 381 212 527 339 987 386 387 243 830 790 198 475 57 838 978 993 186 256 746 328 31 997 822 696 760 557 363 569 16 360 233 586 631 509 245 671 284 584 950 1014 779 282 984 955 317 983 226 37 533 845 292 712 662 181 506 223 541 767 783 827 1000 368 995 478 8 990 742 1007 482 168 646 22 1016 542 467 458 840 747 762 954 203 191 335 231 348 389 680 937 842 710 341 408 547 196 204 802 743 548 27 154 244 234 142 663 32 159 716 690 91 247 1021 994 72 753 283 358 419 216 18 988 703 943 814 682 195 403 325 1005 956 846 503 55 200 828 116 982 357 725 1011 868 738 291 948 656 197 
c [Incremental] Max used label: 1022.
c [Incremental] Label 1022 is removed from searching.
c [Incremental] Solving for max label = 1021:
c [Incremental] Solving duration: 100574 ms.
s [Incremental] SAT (label = 1021).
Label assignment: 104 477 3 900 537 798 324 28 759 797 918 60 618 309 279 878 218 697 894 167 875 599 575 257 9 134 345 782 927 306 434 418 444 409 567 415 148 914 775 422 606 373 278 431 293 255 349 853 906 57 873 47 628 430 465 600 778 936 565 438 949 34 521 967 789 190 924 781 566 625 980 450 330 17 112 925 523 50 617 933 879 573 777 85 921 874 941 56 296 435 35 62 53 629 803 650 609 578 265 932 414 590 423 67 89 96 821 882 416 288 474 462 149 329 321 74 627 43 958 634 604 679 596 637 694 836 406 1004 899 986 583 585 15 427 580 232 965 486 520 1020 224 919 621 432 788 187 811 457 105 14 877 264 515 314 665 318 593 21 102 608 452 23 794 612 237 449 312 165 4 494 776 294 626 263 285 622 46 364 397 30 576 447 466 411 969 480 602 273 304 587 916 1006 459 804 2 791 872 424 689 495 656 127 71 113 808 298 1008 259 962 810 613 695 481 31 800 20 417 428 784 893 266 150 400 188 818 895 206 75 607 950 898 442 871 633 832 236 951 254 635 316 338 436 463 805 568 366 412 101 311 13 849 516 757 124 998 441 36 151 529 892 883 295 652 252 483 238 407 632 672 923 448 786 382 756 976 405 645 52 11 692 610 425 644 667 464 517 10 461 399 402 372 614 852 281 514 272 37 543 19 939 440 648 647 176 374 917 739 469 66 654 908 909 260 248 603 205 413 961 787 816 33 456 651 229 274 885 420 640 807 1010 661 454 915 620 207 642 202 172 213 589 741 78 1012 177 616 453 235 262 771 582 362 336 137 287 992 25 792 837 966 498 240 1017 271 597 126 246 41 639 84 147 974 835 709 981 239 276 468 708 812 851 106 277 289 228 594 505 180 991 161 58 61 963 669 657 691 307 985 550 1001 208 552 833 649 764 588 1015 880 79 658 458 999 230 945 393 556 673 1018 210 668 109 770 410 577 275 912 824 221 199 379 546 768 702 970 913 561 215 823 269 227 489 940 211 497 947 354 132 677 357 390 473 184 975 398 793 383 801 1002 40 95 675 944 806 1003 63 841 280 831 421 653 581 1019 29 834 502 751 160 598 601 728 829 220 643 267 470 713 493 72 201 934 346 749 1009 796 217 388 813 99 404 972 570 820 222 225 861 973 98 670 605 850 572 977 524 865 5 73 817 185 953 292 996 163 655 445 182 283 64 968 964 475 1013 989 365 391 911 688 209 65 87 766 544 301 659 636 194 476 45 38 303 6 484 826 385 451 471 12 26 103 250 563 727 403 286 744 305 931 815 540 168 737 845 381 212 527 282 987 386 387 243 830 790 564 460 88 838 978 993 186 256 1016 328 27 997 822 696 762 557 363 584 16 360 198 591 630 437 245 690 284 586 946 1014 779 455 984 955 290 983 226 70 533 844 313 712 662 181 472 233 541 767 783 827 995 368 938 478 8 990 742 1007 482 705 574 22 1000 542 467 446 840 747 760 954 203 191 335 270 348 408 680 937 842 710 302 396 547 195 196 802 671 548 18 154 234 204 142 244 32 120 716 641 91 231 1021 994 54 753 291 358 419 183 48 988 703 943 814 490 130 959 325 1005 956 795 503 55 200 216 39 982 733 725 1011 868 738 223 948 685 197 
c [Incremental] Max used label: 1021.
c [Incremental] Label 1021 is removed from searching.
c [Incremental] Solving for max label = 1020:
c [Incremental] Solving duration: 58107 ms.
s [Incremental] SAT (label = 1020).
Label assignment: 57 535 217 360 157 774 894 170 23 939 950 461 891 889 226 601 632 1002 611 54 766 332 440 688 817 97 906 898 36 893 25 218 875 173 462 597 780 334 453 14 1020 782 574 785 901 765 797 346 106 48 95 826 33 17 577 208 696 183 60 613 413 29 59 56 900 520 619 172 347 416 200 638 88 287 617 530 262 441 806 623 407 299 175 411 508 861 955 27 253 24 68 323 20 192 481 464 446 514 886 512 194 994 789 896 792 899 1 777 635 897 650 32 269 883 928 885 610 241 261 246 720 113 691 355 64 612 212 788 880 887 991 625 803 651 471 694 858 895 82 2 169 258 223 783 684 439 811 7 763 641 598 931 11 854 342 761 934 881 750 589 607 121 266 438 255 45 351 631 8 882 603 66 614 21 415 213 465 912 812 51 92 904 105 74 468 543 876 524 986 245 163 653 1006 267 259 90 890 42 522 30 115 545 526 84 634 251 254 225 690 303 793 426 540 648 757 775 866 787 621 507 492 656 902 926 618 324 823 19 449 146 544 835 38 65 275 506 460 53 499 1016 219 76 50 434 388 868 409 903 749 637 432 888 767 773 654 383 5 915 930 162 359 538 534 697 951 521 877 454 207 243 805 362 357 195 824 486 959 946 330 144 395 1003 399 62 9 719 46 49 952 626 755 363 605 457 380 477 81 679 976 167 435 645 427 366 949 430 493 695 85 609 759 969 1013 250 469 16 22 428 35 692 229 1001 855 968 236 67 294 153 595 640 1017 771 914 209 390 533 433 796 988 377 937 550 75 10 580 280 911 327 563 394 34 764 948 801 26 807 47 58 171 947 779 660 437 470 884 13 108 222 943 970 878 143 497 569 224 338 319 161 447 89 151 6 1007 816 378 205 505 445 72 263 230 271 762 489 472 145 370 166 41 828 114 1019 568 201 452 459 676 101 69 276 458 836 509 562 369 418 401 242 83 680 865 345 392 396 662 402 630 184 839 96 566 52 247 668 417 1010 406 984 772 510 584 1009 642 769 579 516 93 582 421 551 178 978 405 463 329 73 983 936 150 156 879 977 220 989 685 673 429 71 61 404 164 239 784 142 704 80 832 588 657 274 256 393 661 1014 981 240 204 794 260 400 125 420 387 1008 768 652 957 659 165 248 593 519 265 997 924 940 655 152 503 443 972 682 954 12 913 199 833 962 581 1005 237 28 927 736 502 935 282 3 716 590 993 480 436 168 573 55 975 185 945 923 560 233 37 227 289 658 44 727 425 992 385 837 649 102 735 70 466 583 587 724 608 288 320 365 678 450 494 148 715 1000 190 622 558 752 206 591 840 830 475 414 565 325 431 531 663 941 987 518 511 778 529 232 570 961 933 615 361 594 971 257 633 386 1015 929 829 548 504 31 756 321 963 576 845 15 791 999 187 944 160 412 921 711 476 488 244 424 1011 215 1004 235 732 809 754 599 4 624 960 575 966 922 79 639 747 448 18 725 664 331 40 290 286 182 500 181 710 571 63 159 842 729 295 596 938 281 221 995 722 549 965 677 423 422 196 586 592 925 211 585 279 419 604 270 998 403 322 572 629 43 781 442 498 689 964 553 859 496 675 827 513 1012 958 1018 606 745 996 578 94 718 602 723 721 798 341 397 748 
c [Incremental] Max used label: 1020.
c [Incremental] Label 1020 is removed from searching.
c [Incremental] Solving for max label = 1019:
c [Incremental] Solving duration: 43162 ms.
s [Incremental] SAT (label = 1019).
Label assignment: 39 29 238 360 116 650 905 86 23 461 939 216 688 889 236 632 796 1002 611 84 766 332 440 894 814 107 896 895 25 903 33 218 875 888 462 950 780 217 346 56 897 819 453 765 264 785 806 347 898 601 74 850 803 59 577 520 292 183 60 619 413 696 36 54 612 17 617 87 262 407 200 530 900 342 755 467 343 287 416 638 623 481 175 411 899 887 57 194 255 27 48 323 20 192 986 464 446 514 892 524 212 11 597 922 792 885 1 777 768 921 635 14 253 929 893 24 610 731 241 246 691 113 651 256 521 76 231 991 906 928 269 720 822 499 471 641 145 510 516 2 169 934 223 399 798 434 860 7 743 818 336 595 21 857 568 761 589 881 625 943 694 104 645 439 465 66 904 351 8 772 245 68 786 613 32 213 468 912 618 62 92 994 105 106 186 931 543 684 750 409 163 438 1006 603 242 79 910 42 497 30 337 927 275 98 634 380 259 240 690 267 249 225 141 648 760 757 679 621 913 631 914 272 902 926 656 324 294 19 507 449 544 812 53 598 741 797 952 88 506 35 782 1016 46 432 328 609 495 266 749 50 470 909 126 773 970 383 951 932 534 162 303 538 496 788 265 915 917 428 207 388 1003 486 357 330 831 340 454 38 477 144 427 64 426 41 614 719 49 69 953 607 815 9 457 626 359 775 283 10 959 167 976 969 430 549 918 493 949 654 83 627 759 469 1013 830 260 22 232 813 61 692 280 1001 907 695 740 302 833 153 563 640 1017 816 935 195 637 533 843 762 793 390 937 794 198 34 825 229 911 839 582 483 58 660 923 801 45 820 5 26 185 948 769 375 382 257 916 13 47 203 270 947 930 97 583 961 243 316 319 129 606 89 151 6 1007 398 406 410 513 373 72 263 230 271 714 80 580 142 433 713 620 828 114 1019 763 452 827 840 886 85 579 746 418 629 517 758 523 392 401 314 402 101 848 285 451 396 16 445 630 222 455 721 581 52 251 498 980 993 421 805 405 509 584 1010 228 140 291 353 78 1009 437 247 178 967 417 220 329 73 978 936 956 108 879 588 233 244 685 709 989 727 429 490 164 239 784 661 647 717 387 571 318 281 81 414 3 1014 981 304 199 787 276 379 111 420 586 1008 968 673 547 810 193 252 776 753 110 997 941 940 984 152 532 443 983 972 954 12 920 187 590 962 400 1005 478 28 963 560 143 77 408 44 237 235 781 778 436 82 573 474 975 211 488 919 552 214 674 575 522 658 100 756 425 992 578 725 643 102 735 70 288 599 587 537 990 309 412 511 555 450 371 148 531 431 215 979 558 770 190 672 686 652 466 397 565 325 71 444 663 300 987 381 891 739 472 99 602 971 361 594 542 591 63 268 683 764 1015 974 795 548 372 31 802 639 944 628 960 206 528 999 189 791 908 389 890 290 933 448 254 404 278 196 1011 605 737 808 666 596 4 624 965 600 966 925 476 1004 403 384 120 274 664 293 40 109 284 197 279 633 541 622 181 179 1000 677 295 536 938 248 615 604 559 350 996 711 18 710 234 995 675 286 191 561 712 424 754 176 964 419 708 707 829 43 210 423 90 985 55 576 722 422 716 821 96 1012 958 1018 657 745 998 669 738 94 608 723 649 282 112 442 748 
c [Incremental] Max used label: 1019.
c [Incremental] Label 1019 is removed from searching.
c [Incremental] Solving for max label = 1018:
c [Incremental] Solving duration: 2335 ms.
s [Incremental] SAT (label = 1018).
Label assignment: 99 29 238 360 116 650 905 86 23 461 939 216 688 889 236 632 796 1002 611 84 766 332 440 894 814 2 896 895 25 903 33 218 875 888 462 950 780 299 346 56 897 819 453 765 264 785 806 934 898 601 74 850 803 59 577 520 292 183 60 619 413 696 36 39 612 17 617 87 262 407 200 530 900 342 755 467 343 287 416 695 638 481 10 411 899 887 57 194 255 27 48 323 20 192 986 464 446 514 892 524 212 11 597 922 792 885 1 777 768 921 645 14 253 929 893 24 610 731 217 246 691 113 651 256 521 79 231 991 906 928 269 720 822 499 471 641 145 510 516 21 169 434 223 399 798 410 860 72 743 818 336 595 54 857 568 931 589 881 625 943 694 104 635 439 465 66 904 351 8 772 245 6 786 613 32 697 358 912 618 62 92 994 105 5 213 311 543 684 750 409 163 438 1006 603 242 75 910 42 497 30 337 927 275 98 634 380 259 240 690 267 249 225 141 648 760 757 679 621 913 631 914 272 902 926 656 324 294 19 507 449 544 761 53 598 741 797 952 88 506 35 782 1016 46 432 328 609 495 266 749 50 470 909 126 773 970 383 951 932 534 162 303 538 496 788 265 915 917 428 207 388 1003 395 357 330 831 340 454 38 486 144 427 64 426 41 614 719 49 69 953 607 815 9 457 626 359 775 283 7 959 167 976 969 430 549 918 493 949 654 83 627 759 469 1013 830 260 22 232 813 61 692 280 1001 907 670 740 302 833 153 563 640 1017 816 935 195 637 533 843 762 793 390 937 794 198 34 825 229 911 839 582 483 58 660 923 801 45 820 13 76 185 948 769 375 382 257 916 957 47 203 270 947 930 97 583 961 243 316 319 129 606 89 151 26 636 398 406 435 513 373 139 263 230 271 714 80 580 142 433 713 620 828 114 1007 763 452 812 840 886 85 579 746 418 629 517 758 523 392 401 314 402 101 848 285 451 396 16 445 630 222 455 721 581 52 251 498 980 993 421 805 405 509 584 1010 228 140 291 353 78 1009 437 158 178 967 417 220 329 73 978 936 956 108 879 588 233 244 685 709 989 727 429 490 164 239 784 661 647 717 387 571 318 180 81 414 3 1014 981 304 199 787 276 379 111 420 224 1008 968 673 547 810 177 252 776 753 110 997 941 940 984 152 532 443 983 972 954 12 920 187 590 962 458 1005 478 28 963 560 143 77 408 44 237 235 781 778 436 82 573 474 975 211 488 919 552 273 674 575 522 658 100 756 425 992 578 725 643 102 735 70 247 599 587 537 990 309 412 511 555 450 371 148 531 431 215 979 558 770 190 672 686 652 466 397 565 325 71 444 663 300 987 381 891 739 472 138 602 971 361 594 542 591 63 268 683 764 1015 974 795 548 372 31 802 639 944 628 960 206 528 999 221 791 908 389 890 290 933 448 254 404 278 196 1011 605 737 808 666 1004 4 624 965 600 966 925 476 998 403 384 120 274 664 293 40 109 284 197 320 633 541 622 181 179 1000 677 295 536 938 248 615 604 559 350 996 711 18 710 234 995 675 286 191 561 712 424 754 176 193 419 708 707 829 43 210 423 90 964 55 576 722 422 716 821 96 985 958 1012 657 745 1018 669 738 94 608 723 649 838 112 442 748 
c [Incremental] Max used label: 1018.
c [Incremental] Label 1018 is removed from searching.
c [Incremental] Solving for max label = 1017:
c [Incremental] Solving duration: 2039 ms.
s [Incremental] SAT (label = 1017).
Label assignment: 99 29 238 360 116 650 905 86 23 461 939 216 688 889 236 632 796 1002 611 84 766 332 440 894 814 2 896 895 25 903 33 218 875 888 462 950 780 299 346 56 897 819 453 765 264 785 806 934 898 789 74 850 803 59 577 520 292 183 60 619 413 696 36 39 612 17 617 87 262 407 200 530 900 342 755 467 343 287 416 695 638 481 10 411 899 887 57 194 255 27 48 323 20 192 986 464 446 514 892 524 212 11 597 922 792 885 1 777 768 921 645 14 253 929 893 24 610 731 217 246 691 113 651 256 521 79 231 991 906 928 269 720 822 499 471 641 145 510 516 21 169 434 223 399 798 410 860 72 743 818 336 595 54 857 568 931 589 881 625 943 694 104 635 439 465 66 904 351 8 772 245 6 786 613 32 697 358 912 618 62 92 994 105 5 213 311 543 684 750 409 163 438 1006 603 242 75 910 42 497 30 337 927 275 98 634 380 259 240 690 267 249 225 141 648 760 757 679 621 913 631 914 272 902 926 656 324 294 19 507 449 544 761 53 526 741 797 952 88 506 35 782 1016 46 432 328 609 495 266 749 50 470 909 126 773 970 383 951 932 534 162 303 538 496 788 265 915 917 428 207 388 1003 395 357 330 831 340 454 38 486 144 427 64 426 41 614 719 49 69 953 607 815 9 457 626 359 775 283 7 959 167 976 969 430 549 918 493 949 654 83 627 759 469 1013 830 260 22 232 813 61 692 280 1001 907 670 740 302 833 153 563 640 1017 816 935 195 637 533 843 762 793 390 937 794 198 34 825 229 911 839 582 483 58 660 923 801 45 820 13 76 185 948 769 375 382 257 916 957 47 203 270 947 930 97 583 961 243 316 319 129 606 89 151 26 636 398 406 435 513 373 139 263 230 271 714 80 580 142 433 713 620 828 114 1007 763 452 812 840 886 85 579 746 418 629 517 758 523 392 401 314 402 101 848 285 451 396 16 445 630 222 455 721 581 52 251 498 980 993 421 805 405 509 584 1010 228 140 291 353 78 1009 437 158 178 967 417 220 329 73 978 936 956 108 879 588 233 244 685 709 989 727 429 490 164 239 784 661 647 717 387 571 318 180 81 414 3 1014 981 304 199 787 276 379 111 420 224 1008 968 673 547 810 177 252 598 753 110 997 941 940 984 152 532 443 983 972 954 12 920 187 590 962 458 1005 478 28 963 560 143 77 408 44 237 235 781 778 436 82 573 474 975 211 488 919 552 273 674 570 522 658 100 756 425 992 578 725 643 102 735 70 247 599 587 537 990 309 412 511 555 450 371 148 531 431 215 979 558 770 190 672 686 652 466 397 565 325 71 444 663 300 987 381 891 739 472 138 602 971 361 594 542 591 63 268 683 764 1015 974 795 548 372 31 802 639 944 628 960 206 528 999 221 791 908 389 890 290 933 448 254 404 278 196 1011 605 737 808 666 1004 4 624 965 600 966 925 476 998 403 384 120 274 664 293 40 109 284 197 320 633 541 622 181 179 575 677 295 536 938 248 615 604 559 350 996 711 18 710 234 995 675 286 191 561 712 424 754 176 193 419 708 707 829 43 210 423 90 964 55 576 722 422 716 821 96 985 958 1012 657 745 1000 669 738 94 608 723 649 809 112 442 748 
c [Incremental] Max used label: 1017.
c [Incremental] Label 1017 is removed from searching.
c [Incremental] Solving for max label = 1016:
c [Incremental] Solving duration: 2083 ms.
s [Incremental] SAT (label = 1016).
Label assignment: 99 29 238 360 116 650 905 86 23 461 939 216 688 889 236 632 796 1002 611 84 766 332 440 894 814 2 896 895 25 903 33 218 875 888 462 950 780 299 346 56 897 819 453 765 264 785 806 934 898 789 74 850 803 59 577 520 292 183 60 1006 413 696 36 39 612 17 617 87 262 407 200 530 900 342 755 467 343 287 416 695 638 481 10 411 899 887 57 194 255 27 48 323 20 192 986 464 446 514 892 524 212 11 597 922 792 885 1 777 768 921 645 14 253 929 893 24 610 731 217 246 691 113 651 256 521 79 231 991 906 928 269 720 822 499 471 641 145 510 516 21 169 434 223 399 798 410 860 72 743 818 336 595 54 857 568 931 589 881 625 943 694 104 635 439 465 66 904 351 8 772 245 6 786 613 32 697 358 912 618 62 92 994 105 5 213 311 543 684 750 409 163 438 1003 603 242 75 910 42 497 30 337 927 275 98 634 380 259 240 690 267 249 225 141 648 760 757 679 621 913 631 914 272 902 926 656 324 294 19 507 449 544 761 53 526 741 797 952 88 506 35 782 1016 46 432 328 609 495 266 749 50 470 909 124 773 970 383 951 884 534 162 303 538 496 788 265 915 917 428 207 388 793 395 357 330 831 340 454 38 486 144 427 64 426 41 614 719 49 69 953 607 815 9 457 626 359 775 283 7 959 167 976 969 430 549 918 493 949 654 83 627 759 469 644 830 260 22 232 813 61 692 280 1001 907 670 740 302 833 153 563 640 1013 816 935 195 637 533 837 762 988 390 937 794 198 34 825 229 911 839 582 483 58 660 923 801 45 820 13 76 185 948 769 375 382 257 916 957 47 203 270 947 930 97 583 961 243 316 319 129 606 89 151 26 636 398 406 435 513 373 139 263 230 271 714 80 580 142 433 713 620 828 114 1007 763 452 812 838 886 85 579 746 418 629 517 758 523 392 401 314 402 101 848 285 451 396 16 445 630 222 455 721 581 52 251 498 980 993 421 968 405 509 584 1010 228 140 932 353 78 1009 437 158 178 967 417 220 329 73 978 936 956 108 879 588 233 244 685 709 989 727 429 490 123 239 784 661 647 717 387 571 318 180 81 414 3 1014 981 304 199 787 276 379 111 420 224 1008 673 659 547 810 177 252 598 753 110 997 941 940 984 152 532 443 983 972 954 12 920 187 590 962 458 1005 478 28 963 560 143 77 408 44 237 235 781 778 436 82 573 482 975 211 488 919 552 273 674 570 522 658 100 756 425 992 578 725 643 102 735 70 247 599 474 537 990 309 296 511 555 450 371 148 531 431 215 979 558 770 190 672 686 652 466 397 565 325 71 444 663 298 987 381 891 739 472 138 602 971 361 594 542 591 63 268 683 764 1015 974 795 548 372 31 802 639 944 628 960 206 528 999 221 297 908 300 890 290 933 448 254 404 278 196 1011 605 737 808 666 1004 4 624 965 600 966 925 476 998 403 384 120 274 664 293 40 109 284 197 320 633 541 622 181 179 575 677 295 536 938 248 615 604 559 350 996 711 18 710 234 995 675 286 191 561 712 424 754 176 193 419 708 707 829 43 210 423 90 964 55 576 722 422 716 821 96 985 958 1012 657 745 1000 669 738 94 608 723 649 809 112 442 748 
c [Incremental] Max used label: 1016.
c [Incremental] Label 1016 is removed from searching.
c [Incremental] Solving for max label = 1015:
c [Incremental] Solving duration: 1966 ms.
s [Incremental] SAT (label = 1015).
Label assignment: 99 29 238 360 116 650 905 86 23 461 939 216 688 889 236 632 796 1002 611 84 766 332 440 894 814 2 896 895 25 903 33 218 875 888 462 950 780 299 346 56 897 819 453 765 264 785 806 934 898 789 74 850 803 59 577 520 292 183 60 1006 413 696 36 39 612 17 617 87 262 407 200 530 900 342 755 467 343 287 416 695 638 481 10 411 899 887 57 194 255 27 48 323 20 192 986 464 446 514 892 524 212 11 597 922 792 885 1 777 768 921 645 14 253 929 893 24 610 731 217 246 691 113 651 256 521 79 231 991 906 928 269 720 822 499 471 641 145 510 516 21 169 434 223 399 798 410 860 72 743 818 336 595 54 857 568 931 589 881 625 943 694 104 635 439 465 66 904 351 8 772 245 6 786 613 32 697 358 912 618 62 92 994 105 5 213 311 543 684 750 409 163 438 1003 603 242 75 910 42 497 30 337 927 275 98 634 380 259 240 690 267 648 225 141 616 760 757 679 621 913 631 914 272 902 926 656 324 294 19 507 449 544 761 53 526 741 797 952 88 506 35 782 65 46 432 328 609 495 266 749 50 470 909 124 773 970 383 951 883 534 162 303 538 496 788 265 915 917 428 207 388 793 395 357 330 831 340 454 38 486 144 427 64 426 41 614 719 49 69 953 607 815 9 457 626 359 882 283 7 959 167 976 969 430 549 918 493 949 654 83 627 759 469 644 830 260 22 232 813 61 692 280 1001 907 670 740 302 833 153 563 640 1013 816 935 195 637 533 837 762 988 390 937 794 198 34 825 229 911 839 582 483 58 660 923 801 45 820 13 76 185 948 769 375 382 257 916 957 47 203 270 947 930 97 583 961 243 316 319 129 606 89 151 26 636 398 406 435 513 373 139 263 230 271 714 80 580 142 433 713 620 828 114 1007 763 452 812 838 886 85 579 746 418 629 517 758 523 392 401 314 402 101 848 285 451 396 16 445 630 222 455 721 581 52 251 498 980 993 421 968 405 509 584 1010 228 140 932 353 78 1009 437 158 178 967 417 220 329 73 978 936 956 108 879 588 233 244 685 709 989 71 429 490 123 239 784 661 647 717 387 571 318 180 81 414 3 1014 981 304 199 787 276 379 111 420 224 1008 673 659 547 810 177 252 598 753 110 997 941 940 984 152 532 443 983 972 954 12 920 187 590 962 458 1005 478 28 963 560 143 705 408 37 237 235 781 884 436 82 573 482 975 211 488 919 552 282 674 570 522 658 100 756 425 992 578 725 643 102 735 44 247 599 474 537 990 309 296 511 555 450 371 148 531 431 215 979 558 770 190 672 686 652 466 397 565 325 70 444 663 298 987 381 891 739 472 138 602 971 361 594 542 591 273 268 683 764 1015 974 795 548 372 31 802 639 944 628 40 206 528 999 221 297 908 300 890 290 933 448 254 404 278 196 1011 605 737 808 666 1004 4 624 965 600 966 925 476 998 403 384 120 274 664 293 63 109 284 197 320 633 541 622 181 179 575 677 295 536 938 248 615 604 559 350 996 711 18 710 234 995 675 286 191 561 712 424 754 176 193 419 708 707 829 43 210 423 90 964 55 576 722 422 716 821 96 985 958 1012 657 745 1000 669 738 94 608 723 649 809 112 442 748 
c [Incremental] Max used label: 1015.
c [Incremental] Label 1015 is removed from searching.
c [Incremental] Solving for max label = 1014:
c [Incremental] Solving duration: 2148 ms.
s [Incremental] SAT (label = 1014).
Label assignment: 99 29 238 360 116 650 905 86 23 461 939 216 688 889 236 632 796 1002 611 84 766 332 440 894 814 2 896 895 25 903 33 218 875 888 462 950 780 299 346 56 897 819 453 765 264 785 806 934 898 789 74 850 803 59 955 520 292 183 60 1006 413 696 36 39 612 17 617 87 262 407 200 530 900 342 755 467 343 287 416 695 638 481 10 411 899 887 57 194 255 27 48 323 20 192 986 464 446 514 892 524 212 11 597 922 792 885 1 777 768 921 645 14 253 929 893 24 610 731 217 246 691 113 651 256 521 79 231 991 906 928 269 720 822 499 471 641 145 510 516 21 169 434 223 399 798 410 860 72 743 818 336 595 54 857 568 931 589 881 625 943 694 104 635 439 465 66 904 351 8 772 245 6 786 613 32 697 358 912 618 62 92 994 105 5 213 311 543 684 750 409 163 438 1003 603 242 75 910 42 497 30 337 927 275 98 616 380 259 240 690 267 648 225 141 634 760 757 679 621 913 631 914 272 902 926 656 324 294 19 507 449 544 761 53 526 741 797 952 88 506 35 782 65 46 432 328 609 495 266 749 50 470 909 124 773 970 383 951 883 534 162 303 538 496 788 265 915 917 428 207 388 793 395 357 330 831 340 454 38 486 144 427 64 426 41 614 719 49 69 953 607 815 9 457 626 359 882 283 7 959 167 976 969 430 549 918 493 949 654 83 627 759 469 644 830 260 22 232 813 61 692 280 1001 907 670 740 302 833 153 563 640 1013 816 935 195 637 533 837 762 988 390 937 794 198 34 825 229 911 839 582 483 58 660 923 801 45 820 13 76 185 948 769 375 382 257 916 957 47 203 270 947 930 97 583 961 243 316 319 129 606 89 151 26 636 398 406 435 513 373 139 263 230 271 714 80 580 142 433 713 620 828 114 1007 763 452 812 838 886 85 579 746 418 629 517 758 523 392 401 314 402 101 848 285 451 396 16 445 630 222 455 721 581 52 251 498 980 993 421 968 405 509 584 1010 228 140 932 353 78 1009 437 158 178 967 417 220 329 73 978 936 956 108 879 588 233 244 685 709 989 71 429 490 123 239 784 661 647 717 387 571 318 180 81 414 3 1014 981 304 199 787 276 379 111 420 224 1008 673 659 547 810 177 252 598 753 110 997 941 940 984 152 532 443 983 972 954 12 920 187 590 962 458 1005 478 28 963 560 143 705 408 37 237 235 781 884 436 82 573 482 975 211 488 919 552 282 674 570 522 658 100 756 425 992 578 725 643 102 735 44 247 599 474 537 990 309 296 511 555 450 371 148 531 431 215 971 558 770 190 672 686 652 466 397 565 325 70 444 663 298 979 381 891 739 472 138 602 592 361 594 542 591 273 268 683 764 996 974 795 548 372 31 802 639 944 628 40 206 528 999 221 297 908 300 890 290 933 448 254 404 278 196 1011 605 737 800 666 1004 4 624 965 600 966 925 476 998 403 384 120 274 664 293 63 109 284 197 320 633 541 622 181 179 575 677 295 536 938 248 615 604 559 350 987 711 18 710 234 995 675 286 191 561 712 424 754 176 193 419 708 707 829 43 210 423 90 964 55 576 722 422 716 821 96 985 958 1012 657 745 1000 669 738 94 608 723 649 809 112 442 748 
c [Incremental] Max used label: 1014.
c [Incremental] Label 1014 is removed from searching.
c [Incremental] Solving for max label = 1013:
c [Incremental] Solving duration: 2110 ms.
s [Incremental] SAT (label = 1013).
Label assignment: 99 29 238 360 116 650 905 86 23 461 939 216 688 889 236 632 796 1002 611 84 766 332 440 894 814 2 896 895 25 903 33 218 875 888 462 950 780 299 346 56 897 819 453 765 264 785 806 934 898 789 74 850 803 59 955 520 292 183 60 1006 413 696 36 39 612 17 617 87 262 407 200 530 900 342 755 467 343 287 416 695 638 481 10 411 899 887 57 194 255 27 48 323 20 192 986 464 446 514 892 524 212 11 597 922 792 885 1 777 768 921 645 14 253 929 893 24 610 731 217 246 691 113 651 256 521 79 231 991 906 928 269 720 822 499 471 641 145 510 516 21 169 434 223 399 798 410 860 72 743 818 336 595 54 857 568 931 589 880 625 943 694 104 635 439 465 66 904 351 8 772 245 6 786 613 32 697 358 912 618 62 92 994 105 5 213 311 543 684 750 409 163 438 1003 603 242 75 910 42 497 30 337 927 275 98 616 380 259 240 690 267 648 225 141 634 760 757 679 621 913 631 914 272 902 926 656 324 294 19 507 449 544 761 53 526 741 797 952 88 506 35 782 65 46 432 328 609 495 266 749 50 470 909 124 773 970 383 951 883 534 162 303 538 496 788 265 915 917 428 207 388 793 395 357 330 831 340 454 38 486 144 427 64 426 41 614 719 49 69 953 607 815 9 457 626 359 882 283 7 959 167 976 969 430 549 918 493 949 654 83 627 759 469 644 830 260 22 232 813 61 692 280 1001 907 670 740 302 833 153 563 640 1013 816 935 195 637 533 837 762 988 390 937 794 198 34 825 229 911 839 582 483 58 660 923 801 45 820 13 76 185 948 769 375 382 257 916 957 47 203 270 947 930 97 583 961 243 316 319 129 606 89 151 26 636 398 406 435 513 373 139 263 230 271 714 80 580 142 433 713 620 828 114 1007 763 452 812 838 886 85 579 746 418 629 517 758 523 392 401 314 402 101 848 285 451 396 16 445 630 222 455 721 581 52 251 498 980 993 421 968 405 509 584 1010 228 140 932 353 78 1009 437 158 178 967 417 220 329 73 978 936 956 108 881 588 233 244 685 709 989 71 429 490 123 239 784 661 647 717 387 571 318 180 81 414 3 992 981 304 199 787 276 379 111 420 224 1008 673 659 547 810 177 252 598 753 110 997 941 940 984 152 532 443 983 972 954 12 920 187 590 962 458 1005 478 28 963 560 143 705 408 37 237 235 781 884 436 82 573 482 975 211 488 919 552 282 674 570 522 658 100 756 425 990 578 725 643 102 735 44 247 599 474 537 996 309 296 511 555 450 371 148 531 431 215 971 558 770 190 672 686 652 466 397 565 325 70 444 663 298 979 381 891 739 472 138 602 592 361 594 542 591 273 268 683 764 995 974 795 548 372 31 802 639 944 628 40 206 528 999 221 297 908 300 890 290 933 448 254 404 278 196 1011 605 737 800 666 1004 4 624 965 600 966 879 476 998 403 384 120 274 664 293 63 109 284 197 320 633 541 622 181 179 575 677 295 536 938 248 615 604 559 350 987 711 18 710 234 925 675 286 191 561 712 424 754 176 193 419 708 707 829 43 210 423 90 964 55 576 722 422 716 821 96 985 958 1012 657 745 1000 669 738 94 608 723 649 809 112 442 748 
c [Incremental] Max used label: 1013.
c [Incremental] Label 1013 is removed from searching.
c [Incremental] Solving for max label = 1012:
c [Incremental] Solving duration: 2100 ms.
s [Incremental] SAT (label = 1012).
Label assignment: 99 29 238 360 116 650 905 86 23 461 939 216 688 889 236 632 796 1002 611 84 767 332 440 894 814 2 896 895 25 903 33 218 875 888 462 950 780 299 346 56 897 819 453 765 264 782 806 347 898 777 74 850 803 59 955 520 292 183 60 1006 413 696 36 39 612 17 617 87 262 407 200 530 93 342 755 467 900 287 416 623 638 481 10 411 899 887 57 194 255 27 48 323 20 192 986 766 627 514 892 524 212 11 597 922 792 885 1 763 768 334 645 14 253 929 893 24 610 731 217 246 695 113 651 256 521 79 231 991 906 928 269 720 822 499 471 641 305 510 516 21 169 434 223 399 691 410 860 68 743 818 336 595 54 943 568 901 589 880 625 940 694 104 635 439 465 66 904 351 8 772 245 6 786 131 32 697 435 912 618 62 72 961 105 5 213 931 543 684 750 409 163 438 1003 603 242 75 910 42 497 30 337 927 275 98 556 380 259 240 690 267 648 225 141 634 760 757 679 621 913 631 914 272 902 926 656 324 294 19 752 449 544 761 53 526 949 797 994 88 506 35 789 65 46 432 328 609 495 266 749 50 470 909 124 773 970 383 951 883 534 162 303 551 496 788 265 915 538 428 207 388 793 395 357 330 831 340 454 38 486 144 427 64 426 41 614 719 49 69 953 607 815 9 457 626 359 882 283 7 959 167 976 969 430 549 918 493 948 654 83 592 759 469 644 830 260 22 232 813 61 692 280 1001 907 670 740 302 616 153 563 640 1012 816 935 195 637 533 837 762 988 390 937 550 198 34 825 229 911 839 582 483 58 660 923 801 45 820 13 76 185 947 769 375 382 257 916 957 47 203 270 984 930 97 583 956 243 316 319 129 606 89 151 26 636 398 406 402 513 373 139 263 230 271 714 80 580 142 433 713 620 828 114 1007 775 452 812 838 886 85 579 746 418 800 517 758 523 392 401 314 369 101 848 285 451 396 16 445 630 222 455 721 581 52 251 498 936 993 421 968 405 509 584 1010 228 140 932 353 78 1009 437 158 178 967 417 220 329 73 978 945 125 108 920 588 233 244 685 709 989 71 429 490 123 239 784 661 647 717 387 571 318 180 81 414 3 992 981 338 199 787 276 379 111 420 224 1008 673 659 547 590 177 252 598 753 110 997 941 138 980 152 532 443 983 972 954 12 933 187 799 962 458 1005 478 28 963 560 143 704 408 37 237 235 781 884 436 82 573 482 975 211 488 919 552 282 674 570 522 805 100 756 425 990 578 725 643 102 735 44 247 599 474 537 996 309 296 511 555 450 371 148 531 431 215 971 529 770 190 672 686 807 466 397 565 325 70 444 663 298 979 381 891 809 472 137 602 576 361 594 542 591 273 268 683 764 995 881 795 548 372 31 802 639 944 628 40 206 528 999 221 297 908 300 890 290 974 456 254 404 278 196 1011 605 737 732 666 1004 4 624 965 600 966 879 476 998 403 365 120 274 664 293 63 109 284 197 320 633 541 622 181 179 575 677 295 536 938 248 615 604 559 350 987 711 18 710 234 925 675 286 191 561 712 424 754 176 193 419 708 707 448 43 210 423 90 964 55 572 722 422 716 821 96 973 958 985 657 745 1000 669 738 94 608 723 649 250 112 442 705 
c [Incremental] Max used label: 1012.
c [Incremental] Label 1012 is removed from searching.
c [Incremental] Solving for max label = 1011:
c [Incremental] Solving duration: 67358 ms.
s [Incremental] SAT (label = 1011).
Label assignment: 169 208 363 57 945 419 326 860 564 13 434 78 301 111 521 221 939 820 423 510 883 65 245 784 417 906 907 961 77 441 811 816 862 358 947 430 348 260 197 7 694 247 656 86 414 188 518 322 917 101 727 256 735 958 799 736 98 850 695 960 781 174 171 3 565 219 421 253 457 194 795 236 554 152 509 76 854 163 755 791 243 48 113 55 785 100 426 766 813 986 873 523 61 779 220 67 948 566 325 447 803 60 328 588 273 882 52 425 692 248 893 241 133 143 696 75 227 294 581 650 787 880 786 608 102 223 438 915 344 282 810 959 439 855 871 563 103 567 64 28 475 944 480 1003 592 401 412 230 231 1007 461 970 302 479 840 445 449 159 905 654 793 832 346 861 943 59 891 329 437 875 229 308 195 347 845 847 116 91 375 259 62 876 538 520 788 128 1010 79 884 585 50 969 802 452 23 307 775 178 68 58 482 233 574 148 265 1009 630 789 753 107 757 193 953 391 468 500 829 550 201 708 365 435 114 14 444 297 427 63 935 338 533 570 879 887 440 807 268 400 96 306 824 962 709 547 892 877 181 384 864 998 780 477 106 304 571 410 459 834 85 828 878 634 952 749 687 164 255 228 837 967 776 942 590 890 187 112 183 635 305 154 4 146 226 997 25 646 934 641 212 737 751 446 54 822 88 330 885 271 794 508 407 560 638 298 808 573 115 690 225 232 932 340 742 252 957 10 629 712 544 721 222 615 109 633 936 117 777 922 87 234 144 9 97 752 242 872 805 336 599 196 902 528 620 1001 783 43 606 299 818 940 189 80 472 451 628 300 202 218 724 700 244 975 455 594 660 142 30 815 478 272 535 941 203 686 1008 670 264 450 555 431 536 929 946 918 979 797 24 27 706 205 209 750 926 804 84 490 207 653 748 754 649 830 825 1005 167 726 655 73 636 331 578 26 343 549 56 211 269 349 92 849 5 471 937 1011 951 147 639 968 999 911 433 720 341 697 778 955 972 597 34 74 621 827 214 954 680 589 927 758 32 170 985 623 966 361 199 933 381 286 495 919 701 604 734 532 90 916 51 931 595 914 626 292 53 661 770 674 995 640 428 731 703 552 767 46 1006 643 584 990 673 19 924 973 237 622 424 764 72 964 413 746 739 657 609 33 683 432 603 851 717 756 989 569 659 993 587 702 405 616 632 575 522 185 290 285 765 519 389 49 600 36 215 118 217 238 663 466 277 42 526 278 688 809 605 507 22 512 293 677 70 31 368 40 744 903 251 992 529 556 800 493 66 453 240 129 157 47 274 996 910 826 974 39 925 625 645 21 747 45 540 224 334 289 276 235 631 956 192 904 486 553 41 667 762 978 488 790 69 773 577 930 759 254 186 173 994 93 949 6 198 774 963 913 698 429 474 562 1004 249 921 94 481 501 591 601 988 928 140 912 402 216 761 908 502 740 18 1002 982 44 456 894 870 548 981 462 35 713 545 771 537 267 2 602 89 980 136 37 145 327 984 710 393 722 763 71 991 1000 15 856 29 469 614 541 16 448 281 476 733 648 715 561 543 310 369 557 250 769 576 976 398 572 210 647 176 938 743 782 127 11 125 206 442 411 738 559 662 729 484 291 987 895 707 836 288 652 684 
c [Incremental] Max used label: 1011.
c [Incremental] Label 1011 is removed from searching.
c [Incremental] Solving for max label = 1010:
c [Incremental] Solving duration: 2221 ms.
s [Incremental] SAT (label = 1010).
Label assignment: 169 208 363 57 945 419 326 860 564 13 434 78 301 111 521 221 939 820 423 510 883 65 245 784 417 906 907 961 77 441 811 816 862 358 947 430 348 260 197 7 694 247 656 86 414 188 518 322 917 101 727 256 735 958 799 736 98 850 695 960 781 174 171 3 565 219 421 253 457 194 795 236 554 152 509 76 854 163 755 791 243 48 113 55 785 100 426 766 813 986 873 523 61 779 220 67 948 566 325 447 803 60 328 588 273 882 52 425 692 248 893 241 133 143 696 75 227 294 581 650 787 880 786 608 102 223 438 915 344 282 810 959 439 855 871 563 103 567 64 28 475 944 480 1003 592 401 412 230 231 1007 461 970 302 479 840 445 449 159 905 654 793 832 346 861 943 59 891 329 437 875 229 308 195 347 802 847 116 91 375 259 62 876 538 520 788 128 1010 79 884 585 50 969 801 452 23 307 775 178 68 58 482 233 574 148 265 1009 630 789 753 107 757 193 953 391 468 500 829 550 201 708 365 435 114 14 444 297 427 63 935 338 533 570 879 887 440 807 268 400 96 306 824 962 767 547 892 877 181 384 864 998 780 477 106 304 571 410 459 834 85 828 878 634 952 749 687 164 255 228 830 967 776 21 590 890 187 112 183 635 305 154 4 146 226 997 25 646 934 22 212 737 751 446 54 822 88 330 885 271 794 508 407 560 638 298 808 573 115 690 225 232 932 340 742 252 957 10 629 712 544 721 222 615 109 633 936 117 777 922 87 234 144 9 97 752 242 872 805 336 599 196 902 528 620 1001 783 43 606 299 818 940 189 80 472 451 628 300 202 218 724 700 244 975 455 594 660 142 30 806 478 272 535 941 203 686 593 670 264 450 555 431 536 929 946 918 979 797 24 27 706 205 209 750 926 804 84 490 207 653 748 754 649 815 825 1005 167 726 655 73 636 331 578 26 343 549 56 211 269 349 92 849 5 471 937 1008 951 147 639 968 999 911 433 720 341 697 778 955 972 597 34 74 621 827 214 954 680 589 927 758 32 170 985 623 966 361 199 933 381 286 495 919 701 604 734 532 90 916 51 931 595 914 626 292 53 661 770 674 995 640 428 731 703 552 771 46 1006 643 584 990 673 99 924 973 237 622 424 764 72 964 413 746 739 657 609 33 683 432 603 851 717 756 989 569 659 993 587 702 405 616 632 575 522 185 290 285 765 519 389 49 600 36 215 118 217 238 663 466 277 983 526 278 688 809 605 507 19 512 293 677 70 31 368 40 744 903 251 992 529 556 800 493 66 453 240 129 157 47 274 977 910 826 974 39 925 625 645 12 747 45 540 224 334 289 276 235 631 956 192 904 486 553 41 667 760 978 488 790 69 773 577 930 759 254 186 173 994 93 949 6 198 774 963 913 698 429 474 562 1004 249 921 94 481 501 591 601 988 928 140 912 402 216 761 908 502 740 18 1002 982 996 456 894 870 548 981 462 35 713 545 762 537 267 2 602 89 980 136 37 145 327 984 710 393 722 763 71 991 1000 15 856 29 469 614 541 16 448 281 476 733 648 715 561 543 310 369 557 250 769 576 976 398 572 210 647 176 938 743 782 127 11 125 206 442 411 738 559 662 729 484 291 987 895 707 836 288 652 684 
c [Incremental] Max used label: 1010.
c [Incremental] Label 1010 is removed from searching.
c [Incremental] Solving for max label = 1009:
c [Incremental] Solving duration: 2213 ms.
s [Incremental] SAT (label = 1009).
Label assignment: 169 208 363 17 945 419 326 860 564 13 434 78 301 111 521 221 939 792 423 510 883 65 245 784 417 906 907 961 77 441 811 816 862 358 947 430 348 260 197 22 694 247 656 86 414 188 518 322 917 101 727 256 735 958 799 736 98 850 695 960 781 174 171 3 565 219 421 253 457 194 795 236 554 152 509 76 854 163 755 791 243 48 113 55 785 100 426 766 813 986 873 523 61 779 220 67 948 566 325 447 803 60 328 588 273 882 52 425 692 248 893 241 133 143 696 75 227 294 581 650 787 880 786 608 102 223 438 915 344 282 810 959 439 855 871 563 103 567 64 28 475 7 480 1003 592 401 412 230 231 970 461 944 302 479 840 445 449 159 905 654 793 832 346 861 943 59 891 329 437 875 229 308 195 347 802 847 116 91 375 259 62 876 538 520 788 128 1007 79 884 585 50 969 801 452 23 307 775 178 85 68 482 214 574 148 265 1009 630 789 753 107 757 193 953 391 468 500 829 550 201 708 365 435 114 14 444 297 427 63 935 338 533 570 879 887 440 807 268 400 96 306 824 962 767 547 892 877 181 384 864 998 780 477 106 304 571 410 459 834 109 828 878 634 952 749 687 164 255 228 830 967 776 21 590 890 187 112 183 635 305 154 4 146 233 997 25 646 934 58 211 737 751 446 54 212 88 330 885 271 794 508 407 560 638 298 808 573 115 690 225 232 932 340 742 252 957 10 629 712 544 721 222 615 108 633 936 117 777 922 87 234 144 9 97 752 242 872 805 336 599 196 902 528 620 1001 783 43 606 299 818 940 189 80 472 451 628 300 202 218 724 700 244 975 455 594 660 142 971 806 478 272 535 941 203 686 593 670 264 450 555 431 536 929 946 918 979 797 24 27 706 205 209 750 926 804 84 490 207 653 748 754 649 815 825 1005 167 726 655 73 636 331 578 26 343 549 56 204 269 349 92 849 5 471 937 1008 951 147 639 968 999 911 433 720 341 697 778 955 972 597 34 74 621 827 30 954 680 589 927 758 32 170 985 623 966 361 199 933 381 286 495 919 701 604 734 532 90 916 51 931 595 914 626 292 53 661 770 674 995 640 428 731 703 552 771 46 1006 643 584 990 673 99 924 973 237 622 424 764 72 964 413 746 739 657 609 33 683 432 603 851 717 756 989 569 659 993 587 702 405 616 632 575 522 185 290 285 765 519 389 49 600 42 215 118 217 238 663 466 277 983 526 278 688 809 605 507 19 512 293 677 70 31 368 40 744 903 251 992 529 556 800 493 66 453 240 129 157 47 274 977 910 826 974 39 925 625 645 12 747 45 540 224 334 289 276 235 631 956 192 904 486 553 41 667 760 978 488 790 69 773 577 930 759 254 186 173 994 93 949 6 198 774 963 913 698 429 474 562 1004 249 921 94 481 501 591 601 988 928 36 912 402 216 761 908 502 740 18 1002 395 996 456 894 870 548 981 462 35 713 545 762 537 267 2 602 89 980 136 37 145 327 984 710 393 722 763 71 991 1000 15 856 44 469 614 541 16 448 281 476 733 648 715 561 543 310 369 557 250 769 576 976 29 572 210 647 176 938 743 782 127 11 125 206 442 411 738 559 662 729 484 291 987 895 707 836 288 652 684 
c [Incremental] Max used label: 1009.
c [Incremental] Label 1009 is removed from searching.
c [Incremental] Solving for max label = 1008:
c [Incremental] Solving duration: 18221 ms.
s [Incremental] SAT (label = 1008).
Label assignment: 103 894 227 295 679 59 273 748 45 403 907 422 885 838 889 915 224 1006 816 755 280 284 614 44 181 147 101 807 622 741 50 401 891 763 760 623 294 424 864 453 589 917 905 246 262 626 495 882 164 848 88 250 523 223 63 660 179 884 756 799 812 76 65 751 558 904 793 324 130 57 804 625 521 887 114 939 92 420 682 875 906 258 680 116 757 516 801 613 719 815 432 337 219 61 798 79 19 42 326 305 775 833 109 148 66 888 598 784 232 986 770 381 959 856 81 612 772 177 43 396 426 661 39 356 842 909 785 796 880 468 1 1001 196 788 607 40 844 750 718 1003 60 314 602 105 98 822 428 624 659 209 321 828 687 876 533 255 23 242 320 872 794 490 347 676 591 821 290 330 69 940 547 886 642 342 740 855 162 317 683 268 140 866 112 534 587 430 759 943 910 31 243 12 829 289 119 91 805 754 75 364 87 723 83 451 666 72 236 970 454 879 46 1008 340 776 229 265 249 339 225 818 927 82 581 448 791 400 443 35 70 883 457 238 743 73 253 934 774 874 85 230 202 686 969 797 923 1005 53 928 966 252 941 365 991 270 577 228 890 668 113 767 286 460 631 34 469 319 916 783 730 371 616 121 417 115 588 484 431 444 222 512 990 41 355 80 819 925 251 947 965 572 761 709 997 953 335 350 517 698 71 285 1004 935 360 716 968 971 102 408 731 363 672 269 9 234 463 414 1007 111 987 929 272 778 918 499 951 749 203 892 487 362 410 637 911 593 419 657 49 155 84 980 896 640 957 33 720 425 878 323 37 813 633 765 138 118 372 240 782 922 55 899 979 972 204 557 159 514 779 790 108 68 777 257 511 32 537 464 952 107 881 89 315 455 427 717 407 641 16 466 920 275 117 195 266 519 446 703 955 471 576 10 742 713 989 597 895 954 930 726 545 327 51 382 110 235 901 827 898 278 473 518 459 216 766 977 437 753 603 421 780 924 600 497 768 694 632 938 758 231 248 536 555 800 596 867 664 67 762 405 4 735 233 5 665 416 433 192 13 36 764 605 609 28 1002 30 331 141 792 944 3 17 461 254 247 513 54 316 956 769 341 711 287 583 960 544 961 304 52 210 277 379 445 423 434 946 667 900 62 205 312 636 404 933 244 556 504 106 685 863 673 962 669 308 671 429 503 26 981 604 551 599 267 992 207 524 737 525 383 595 982 541 359 964 995 974 658 56 999 548 458 496 470 728 620 58 675 22 394 217 584 366 795 261 817 746 263 182 94 976 865 674 786 271 439 515 945 998 745 931 663 787 20 8 704 237 25 452 586 378 639 7 592 489 646 649 996 811 621 97 509 688 579 492 773 610 601 747 858 862 505 491 617 978 993 897 402 90 732 983 585 392 808 824 655 870 932 48 462 77 958 78 100 144 921 984 693 21 771 594 913 367 950 215 871 802 413 615 218 539 942 173 608 241 973 1000 2 708 606 502 627 691 937 239 86 6 738 578 670 318 18 507 313 619 498 442 963 803 137 919 300 259 573 415 409 702 274 93 29 567 522 24 988 493 279 985 174 488 552 810 27 994 479 11 15 38 914 629 456 14 860 781 714 967 406 211 527 877 733 692 542 520 506 873 276 975 482 
c [Incremental] Max used label: 1008.
c [Incremental] Label 1008 is removed from searching.
c [Incremental] Solving for max label = 1007:
c [Incremental] Solving duration: 2957 ms.
s [Incremental] SAT (label = 1007).
Label assignment: 103 894 227 295 679 59 273 748 45 403 907 422 885 838 889 915 224 785 796 755 280 284 614 44 181 147 101 807 623 741 50 401 891 760 721 626 294 424 864 453 589 882 905 246 262 1006 495 857 164 848 74 250 523 223 63 660 179 884 756 799 812 76 64 751 622 904 793 324 130 57 804 625 521 887 114 939 92 420 682 888 906 258 680 116 757 516 801 613 719 815 432 337 219 61 798 79 19 42 326 305 775 833 109 148 66 886 598 784 232 986 770 381 917 856 81 612 959 177 43 356 426 661 39 396 842 909 769 759 880 468 1 1001 196 788 607 40 844 718 69 1003 60 270 602 105 98 822 428 624 659 245 321 828 687 876 533 255 23 242 320 872 794 490 347 676 591 970 290 330 65 940 547 927 642 342 740 855 162 317 683 268 140 866 112 534 587 430 750 943 910 31 243 12 829 289 119 91 841 805 75 364 87 723 83 451 666 72 236 955 454 879 46 971 340 810 229 265 249 339 225 818 925 82 581 448 791 400 70 35 88 883 457 238 743 73 281 934 764 874 85 230 202 686 966 797 923 1005 53 990 902 252 487 365 916 282 635 228 890 668 113 780 286 460 631 34 469 319 953 957 730 371 616 121 417 115 588 484 431 444 222 512 443 41 355 80 969 928 251 947 965 572 853 709 997 773 335 350 517 698 71 285 1004 436 360 716 968 617 102 408 731 363 672 269 9 234 463 414 1007 111 987 929 272 778 918 499 951 749 203 892 501 362 410 637 911 593 419 657 49 155 84 980 896 640 926 33 720 425 878 323 37 813 633 845 138 118 372 240 774 922 55 899 979 972 204 557 159 514 977 742 108 68 767 257 511 32 537 464 952 107 881 89 315 445 427 717 418 620 16 466 920 275 117 195 266 519 458 703 991 471 610 10 510 713 989 599 895 954 930 726 545 327 51 382 110 235 901 827 898 278 473 518 459 216 766 924 437 811 646 429 779 875 600 497 768 694 632 938 789 231 218 536 555 800 596 867 664 67 696 405 4 735 233 5 665 416 433 192 13 36 671 636 191 28 777 30 331 141 792 944 3 17 461 254 247 513 54 316 956 823 341 711 287 583 960 544 961 304 52 210 277 379 477 423 434 782 689 900 62 205 312 615 407 933 244 556 504 106 685 663 667 962 669 308 869 411 503 26 981 595 551 634 271 992 207 524 737 525 421 603 409 541 359 964 995 974 647 56 999 548 455 496 470 728 937 58 675 22 394 217 584 366 771 261 817 746 263 182 94 976 865 674 786 283 439 515 936 998 745 931 662 826 20 8 704 237 25 452 608 378 639 7 601 489 643 649 996 97 592 172 509 688 586 492 825 597 609 747 858 862 505 491 621 978 993 897 1000 90 732 983 585 392 808 958 655 870 932 48 462 77 658 78 861 144 921 984 693 21 950 590 913 367 942 215 871 802 413 559 214 539 919 173 606 241 945 908 967 708 605 502 627 691 903 239 86 6 673 571 670 318 18 478 313 578 498 988 963 832 137 914 300 259 573 404 406 702 274 93 29 567 522 24 973 493 279 985 174 488 552 803 27 994 479 11 15 38 893 629 456 14 860 781 714 948 402 211 527 877 733 692 542 722 506 873 276 975 482 
c [Incremental] Max used label: 1007.
c [Incremental] Label 1007 is removed from searching.
c [Incremental] Solving for max label = 1006:
c [Incremental] Solving duration: 34869 ms.
s [Incremental] SAT (label = 1006).
Label assignment: 790 418 57 347 767 924 342 64 934 593 884 869 132 348 334 405 765 432 864 945 330 149 274 236 814 905 329 470 477 138 240 275 172 852 925 799 768 110 244 296 241 130 285 128 306 782 343 118 327 169 520 42 309 620 272 65 158 919 521 780 266 140 777 328 800 282 860 70 253 273 33 230 294 117 91 535 119 157 262 742 279 313 174 847 331 325 923 421 218 412 83 148 255 265 41 695 796 824 321 318 72 426 779 939 775 495 449 804 271 116 773 47 163 344 872 523 6 907 941 4 694 871 649 9 861 415 753 613 278 500 610 679 459 289 221 807 849 851 879 639 434 468 786 929 301 36 436 615 162 61 480 260 885 930 611 853 623 840 317 774 234 568 145 741 60 66 340 841 517 743 261 122 678 487 147 52 320 362 79 798 762 39 107 758 243 865 346 943 669 1006 579 788 254 874 906 751 315 268 855 74 339 133 76 302 801 229 708 19 650 854 100 270 926 424 918 101 287 121 740 248 332 795 502 440 526 150 836 299 928 889 654 917 880 314 513 509 37 915 293 612 164 910 622 638 311 210 803 772 326 35 478 697 862 769 414 40 652 843 909 569 578 345 496 995 58 483 32 636 461 816 63 510 175 818 489 281 599 359 136 518 588 967 263 80 621 322 11 437 13 288 781 303 233 250 173 492 212 677 770 752 69 411 596 68 81 409 388 916 576 155 16 937 290 298 338 283 602 501 980 95 696 624 277 977 120 397 974 856 54 252 603 423 566 216 242 850 952 859 684 258 932 300 947 987 267 810 473 312 23 687 998 352 571 407 435 935 29 392 62 410 608 692 213 203 354 580 31 439 135 688 370 969 528 238 997 111 99 863 46 292 914 604 251 374 429 77 570 503 108 109 766 970 102 702 595 589 56 714 235 797 789 616 754 53 933 249 126 748 634 49 284 605 717 1004 878 98 93 895 94 295 474 771 756 257 729 954 452 956 427 170 831 664 785 949 106 10 592 674 575 842 640 433 619 316 310 156 893 297 989 404 671 1005 239 957 323 600 959 606 504 337 144 973 1003 123 525 71 443 305 594 256 451 739 591 709 97 127 757 999 726 498 940 438 223 1001 389 5 931 657 30 43 491 204 475 631 875 614 304 832 876 220 787 960 532 635 574 548 269 92 88 264 965 55 948 393 693 857 658 946 992 981 673 826 471 160 720 129 444 453 749 335 464 544 22 190 745 308 217 911 718 536 561 567 246 936 549 541 590 531 540 27 25 903 286 727 113 993 105 792 87 719 990 968 499 530 506 224 505 543 538 219 2 817 881 802 975 494 419 401 1002 96 358 701 681 988 778 319 215 89 700 490 493 26 245 978 699 642 351 670 715 467 984 207 812 115 764 8 259 232 486 205 607 84 134 737 82 944 465 666 527 641 476 141 131 823 324 966 617 976 28 991 231 3 667 651 448 618 808 1000 167 868 350 601 646 626 637 707 809 950 913 446 485 629 307 441 873 609 460 882 982 711 171 791 529 333 86 961 482 963 921 524 994 430 806 276 514 165 830 395 908 964 755 537 406 955 137 104 202 663 15 237 886 953 972 706 153 983 912 463 922 38 413 422 291 784 958 733 744 894 996 585 710 564 920 228 512 
c [Incremental] Max used label: 1006.
c [Incremental] Label 1006 is removed from searching.
c [Incremental] Solving for max label = 1005:
c [Incremental] Solving duration: 2280 ms.
s [Incremental] SAT (label = 1005).
Label assignment: 790 418 57 347 767 924 342 64 934 593 884 869 132 348 334 405 765 432 864 945 330 149 274 236 814 905 329 470 477 138 240 275 172 852 925 799 768 110 244 296 241 130 285 128 306 782 343 118 327 169 520 42 309 620 272 65 158 919 521 780 266 140 777 328 800 282 860 70 253 273 33 230 294 117 91 535 119 157 262 742 279 313 174 847 331 325 923 421 218 412 83 148 255 265 41 695 796 824 321 318 72 426 779 939 775 495 449 804 271 116 773 47 163 344 872 523 6 907 941 4 694 871 649 9 861 415 753 613 278 500 610 679 459 270 221 785 849 851 879 639 434 468 786 929 301 36 436 615 162 61 480 260 885 930 611 853 623 840 317 774 234 568 145 741 60 66 340 841 517 743 261 122 678 487 147 52 320 362 79 798 762 39 107 758 243 865 346 943 669 818 579 788 254 874 906 751 315 268 855 74 339 133 76 302 801 229 708 19 650 854 100 269 926 424 918 101 287 121 740 248 332 795 502 440 526 150 836 299 928 889 654 917 880 314 513 509 45 915 293 612 164 910 622 638 311 210 803 772 326 53 478 697 862 769 414 35 652 843 909 569 578 345 496 995 58 483 32 636 461 44 63 510 175 839 489 281 599 359 136 518 588 967 263 80 621 322 11 437 13 258 781 303 233 250 173 492 222 677 770 752 69 409 596 68 81 411 388 916 576 155 16 937 290 298 338 283 602 501 980 95 696 624 277 977 120 397 974 856 54 252 603 423 566 216 242 850 952 859 684 267 932 300 947 987 214 810 473 312 23 687 998 352 571 407 435 935 29 392 62 410 608 692 213 203 354 580 31 439 135 688 370 969 528 238 997 111 99 863 46 292 914 604 251 374 429 77 570 503 108 109 760 970 102 702 595 589 37 714 235 797 789 616 754 51 933 249 126 748 634 49 284 605 717 1004 878 98 40 895 94 295 474 771 756 257 729 954 452 956 427 170 831 664 766 949 106 10 584 674 575 842 640 433 619 316 310 156 893 297 989 404 671 1005 239 957 323 600 959 606 504 337 144 973 1003 123 525 71 443 305 594 256 451 739 591 709 97 127 757 999 726 498 940 438 223 1001 389 5 931 657 30 43 491 204 475 631 875 614 304 1002 876 220 787 960 532 635 574 548 288 92 88 264 965 55 948 393 693 857 643 946 992 981 673 826 471 160 720 129 444 453 749 335 464 544 22 190 745 308 217 911 718 536 561 567 246 936 549 541 590 531 540 27 25 903 280 727 113 993 105 792 87 719 990 968 499 530 506 224 505 543 538 219 2 817 881 802 986 494 419 401 1000 96 358 701 681 988 778 319 215 89 700 490 493 26 245 978 699 809 351 670 715 467 984 207 812 115 764 8 259 232 486 205 607 84 134 737 82 944 465 666 527 641 476 141 131 823 324 966 617 976 28 991 231 3 667 651 448 618 805 994 167 868 350 601 646 626 637 707 808 950 913 446 485 629 307 441 873 609 460 882 982 711 171 791 529 333 86 961 482 963 921 524 633 430 806 276 514 165 830 395 908 975 755 537 406 985 137 104 202 663 983 237 886 953 972 706 153 964 912 458 922 38 413 422 291 784 958 733 744 894 996 585 710 564 920 228 512 
c [Incremental] Max used label: 1005.
c [Incremental] Label 1005 is removed from searching.
c [Incremental] Solving for max label = 1004:
c [Incremental] Solving duration: 1880 ms.
s [Incremental] SAT (label = 1004).
Label assignment: 790 418 57 347 767 924 342 64 934 593 884 869 132 348 334 405 765 432 864 945 330 149 274 236 814 905 329 470 477 138 240 275 172 852 925 799 768 110 244 296 241 130 285 128 306 782 343 118 327 169 520 42 309 620 272 65 158 919 521 780 266 140 777 328 800 282 860 70 253 273 33 230 294 117 91 535 119 157 262 742 279 313 174 847 331 325 923 421 218 412 83 148 255 265 41 695 796 824 321 318 72 426 779 939 775 495 449 804 271 116 773 47 163 344 872 523 6 907 941 4 694 871 649 9 861 415 753 613 278 500 610 679 459 270 221 785 849 851 879 639 434 468 786 929 301 36 436 615 162 61 480 260 885 930 611 853 623 840 317 774 234 568 145 741 60 66 340 841 517 743 261 122 678 487 147 52 320 362 79 798 762 39 107 758 243 865 346 943 669 818 579 788 254 874 906 751 315 268 855 74 339 133 76 302 801 229 708 19 650 854 100 269 926 424 918 101 287 121 740 248 332 795 502 440 526 150 836 299 928 889 654 917 880 314 513 509 45 915 293 612 164 910 622 638 311 210 803 772 326 53 478 697 862 769 414 35 652 843 909 569 578 345 496 995 58 483 32 636 461 44 63 510 175 839 489 281 599 359 136 518 588 967 263 80 621 322 11 437 13 258 781 303 233 250 173 492 222 677 770 752 69 409 596 68 81 411 388 916 576 155 16 937 290 298 338 283 602 501 980 95 696 624 277 977 120 397 974 856 54 252 603 423 566 216 242 850 952 859 684 267 932 300 947 987 214 810 473 312 23 687 998 352 571 407 435 935 29 392 62 410 608 692 213 203 354 580 31 439 135 688 370 969 528 238 997 111 99 863 46 292 914 604 251 374 429 77 570 503 108 109 760 970 102 702 595 589 37 714 235 797 789 616 754 51 933 249 126 748 634 49 284 605 717 1004 878 98 40 895 94 295 474 771 756 257 729 954 452 956 427 170 979 664 766 949 106 10 584 674 575 842 640 433 619 316 310 156 893 297 989 404 671 805 239 957 323 600 959 606 504 337 144 973 1003 123 525 71 443 305 594 256 451 739 591 709 97 127 757 999 726 498 940 438 223 1001 389 5 931 630 30 43 491 204 475 631 875 614 304 1002 876 220 787 960 532 635 574 548 288 92 88 264 965 55 948 393 693 857 643 946 992 981 673 826 471 160 720 129 444 453 749 335 464 544 22 190 745 308 217 911 718 536 561 567 246 936 549 541 590 531 540 27 25 903 280 727 113 993 105 792 87 719 990 968 499 530 506 224 505 543 538 219 2 817 881 802 986 494 419 401 1000 96 358 701 681 988 778 319 215 89 700 490 493 26 245 978 699 809 351 670 715 467 984 207 812 115 764 8 259 232 486 205 607 84 134 737 82 944 465 666 527 641 476 141 131 823 324 966 617 976 28 991 231 3 667 651 448 618 808 994 167 868 350 601 646 626 637 707 811 950 913 446 485 629 307 441 873 609 460 882 982 711 171 791 529 333 86 961 482 963 921 524 633 430 806 276 514 165 830 395 908 975 755 537 406 985 137 104 202 663 983 237 886 953 972 706 153 964 912 458 922 38 413 422 291 784 958 733 744 894 996 585 710 564 920 228 512 
c [Incremental] Max used label: 1004.
c [Incremental] Label 1004 is removed from searching.
c [Incremental] Solving for max label = 1003:
c [Incremental] Solving duration: 1894 ms.
s [Incremental] SAT (label = 1003).
Label assignment: 790 418 57 347 767 924 342 64 934 593 884 869 132 348 334 405 765 432 864 945 330 85 274 236 814 905 329 470 477 138 240 275 172 852 925 799 768 110 244 296 241 130 285 128 306 782 455 118 327 169 520 42 309 620 272 65 158 919 521 780 266 140 777 328 783 282 860 70 253 273 33 230 294 117 91 535 119 157 262 742 279 313 174 847 331 325 923 421 218 412 83 148 255 265 41 695 796 824 321 318 72 426 899 939 779 495 449 804 271 116 773 50 163 344 872 523 6 907 941 4 694 871 649 9 861 415 753 613 278 500 610 679 459 270 221 785 849 851 879 639 434 468 775 929 301 36 436 615 162 61 480 260 885 930 611 853 623 840 317 774 234 568 145 741 60 66 340 841 517 743 261 122 678 487 147 52 320 362 47 798 762 39 107 758 243 865 346 943 669 818 579 788 254 874 906 751 315 268 855 74 339 133 76 302 801 229 708 19 650 854 100 269 926 424 918 101 287 80 740 248 332 795 502 440 526 150 836 299 928 889 528 917 880 314 513 509 45 915 293 599 164 910 622 638 311 210 803 772 326 53 478 697 862 769 414 35 652 843 909 569 578 345 496 995 58 483 32 636 461 44 63 510 175 839 489 281 598 359 136 518 588 967 263 90 621 322 11 437 13 258 781 303 233 250 173 492 222 677 770 752 69 409 596 68 81 411 388 916 576 155 16 937 290 298 338 283 602 501 980 95 696 624 277 977 120 397 974 856 54 252 603 423 566 216 242 850 952 859 684 267 932 300 947 987 214 810 473 312 23 687 998 352 571 407 435 935 29 392 49 410 608 692 213 203 354 580 31 439 135 688 370 969 545 238 997 111 99 863 46 292 914 604 251 374 429 77 570 503 108 109 760 970 102 702 595 589 37 714 235 797 789 616 754 51 933 249 126 748 634 43 284 605 901 800 878 98 40 895 94 295 474 771 756 257 729 954 452 956 427 170 979 664 766 949 106 10 584 674 575 842 640 433 619 316 310 156 705 297 989 404 671 805 239 957 323 600 959 606 504 337 144 973 1003 123 525 71 443 305 594 256 451 739 591 709 97 127 757 999 726 498 940 422 217 1001 389 5 931 630 62 30 491 204 475 631 875 614 304 1002 876 220 787 960 532 635 574 548 288 92 88 223 264 55 948 393 693 857 643 946 992 981 673 826 471 160 720 129 444 453 749 335 464 544 22 190 745 308 211 911 718 536 561 567 246 936 549 541 590 531 540 27 25 903 280 727 113 993 105 792 87 719 990 968 499 530 506 224 505 724 538 219 2 817 881 802 986 494 419 401 1000 96 358 701 681 988 778 319 215 89 700 490 493 26 245 978 699 809 351 670 715 467 984 207 812 115 764 8 259 232 486 205 607 84 134 737 82 944 465 666 527 641 476 141 131 823 324 950 617 976 28 991 231 3 667 651 448 618 808 994 167 868 350 601 626 627 637 707 811 964 913 446 485 629 307 441 873 609 460 882 982 711 171 791 529 333 86 961 482 921 891 524 633 430 806 276 514 165 975 395 908 966 755 537 406 985 137 104 202 663 983 237 886 953 972 706 153 963 912 458 922 38 413 420 291 784 958 733 744 894 996 585 710 564 920 228 512 
c [Incremental] Max used label: 1003.
c [Incremental] Label 1003 is removed from searching.
c [Incremental] Solving for max label = 1002:
c [Incremental] Solving duration: 50821 ms.
s [Incremental] SAT (label = 1002).
Label assignment: 609 58 267 116 924 791 103 799 64 85 926 254 895 265 434 54 587 906 610 759 885 469 598 449 584 150 139 628 51 915 457 41 876 877 856 593 518 893 413 803 424 114 37 878 156 834 661 172 305 930 596 251 80 250 46 30 271 573 323 632 647 919 144 104 837 26 780 695 322 425 774 384 149 422 272 264 902 570 45 467 42 781 580 608 293 143 622 158 778 627 157 510 417 575 769 911 374 68 88 155 945 33 892 934 110 171 215 925 578 932 81 771 280 747 349 173 391 929 762 901 86 909 73 979 142 84 784 739 871 94 108 470 793 92 615 53 347 576 482 792 436 269 400 47 107 411 746 387 309 275 489 588 78 427 507 430 48 623 917 147 816 891 873 790 761 211 686 346 366 715 148 528 943 607 409 898 314 523 49 642 288 36 842 137 776 928 641 517 325 579 516 542 138 513 822 96 656 450 363 869 330 882 905 602 808 159 416 939 802 918 833 3 504 619 600 276 624 468 585 857 97 335 875 825 981 880 725 604 370 440 697 4 490 487 112 707 798 464 338 222 256 89 210 888 862 43 6 640 664 377 69 229 99 344 818 35 153 828 350 101 111 796 415 29 594 245 404 405 218 612 31 474 285 428 820 217 509 174 429 106 67 933 764 66 198 287 226 390 16 93 937 39 27 941 881 702 620 949 214 521 406 443 368 749 38 637 299 618 931 785 238 362 458 438 944 456 208 345 77 936 281 398 311 538 845 572 360 698 668 385 444 683 115 577 386 860 815 495 382 34 102 151 846 65 606 804 616 789 597 646 442 550 381 700 351 199 11 9 718 655 23 399 589 741 133 760 433 951 479 367 393 161 896 446 19 681 505 502 965 28 688 90 447 321 213 811 252 313 866 282 884 733 519 262 897 146 32 889 91 991 851 960 961 767 525 894 563 723 258 757 978 982 899 958 670 246 814 240 742 731 823 268 471 396 515 995 990 582 56 920 770 2 699 890 942 766 701 986 418 843 24 201 20 60 196 916 480 645 954 407 969 591 1001 569 426 209 768 395 169 745 977 959 948 617 713 865 962 437 232 648 244 283 654 963 983 886 403 231 532 721 224 44 7 952 693 883 255 414 237 710 972 25 166 973 605 629 666 401 690 15 553 466 388 410 98 357 451 13 113 938 290 278 696 63 295 765 984 970 394 807 672 87 225 317 165 57 662 758 974 22 626 900 794 389 191 727 134 738 726 164 755 797 551 975 914 581 79 392 259 976 782 956 812 923 263 270 541 527 868 348 950 475 207 737 498 5 319 118 692 71 967 452 870 421 412 460 635 12 987 408 957 514 364 378 992 274 601 365 324 176 800 988 455 611 152 74 511 643 614 160 454 243 461 968 633 848 121 998 996 955 824 17 109 809 748 763 980 419 184 694 61 722 734 1000 75 754 168 989 186 947 1002 993 21 817 223 379 253 182 971 844 751 935 397 1 100 946 689 524 62 241 680 402 691 783 336 777 167 83 14 904 119 453 730 72 772 639 499 712 953 903 997 82 985 887 552 506 775 312 503 50 964 526 342 994 136 497 548 445 432 810 740 465 913 59 128 441 522 638 163 40 359 185 472 592 669 999 922 76 194 300 966 494 8 10 603 
c [Incremental] Max used label: 1002.
c [Incremental] Label 1002 is removed from searching.
c [Incremental] Solving for max label = 1001:
c [Incremental] Solving duration: 27521 ms.
s [Incremental] SAT (label = 1001).
Label assignment: 337 257 6 442 148 575 981 96 576 1001 146 830 883 211 856 244 397 743 265 144 747 329 755 695 944 129 864 954 775 941 796 707 173 174 334 90 369 521 790 522 767 289 394 398 945 826 154 303 313 579 123 509 738 378 263 574 409 882 373 268 366 884 109 128 947 266 212 137 311 787 264 619 121 301 323 451 318 325 779 380 200 347 106 115 520 834 370 249 437 474 934 305 978 652 818 171 616 776 805 871 804 763 771 881 942 920 65 614 613 604 267 210 803 773 147 279 415 172 175 371 780 122 338 382 429 197 92 943 365 612 735 751 452 250 811 330 609 584 130 29 935 93 802 285 105 606 912 193 145 209 875 783 632 597 566 163 238 290 104 909 275 233 860 332 116 260 253 865 161 671 182 278 413 873 466 340 102 894 581 602 94 235 256 284 784 112 611 822 653 610 319 728 208 41 989 986 341 731 81 401 291 231 599 785 438 781 215 246 307 295 950 808 44 1000 948 686 343 217 377 379 872 320 937 970 578 35 953 861 150 99 607 236 423 933 782 946 820 608 907 998 219 630 736 202 887 789 242 936 908 66 544 949 458 232 620 221 966 878 463 813 543 726 549 287 255 665 968 523 587 74 573 564 69 333 798 774 916 618 286 127 262 363 691 577 516 38 36 198 389 794 296 49 560 749 414 666 419 243 224 411 591 567 37 982 396 740 31 967 21 562 299 18 993 89 98 979 368 480 583 402 793 420 863 679 660 705 550 897 407 561 940 192 471 601 558 110 297 992 32 436 958 138 595 565 817 938 991 72 809 181 546 230 227 869 388 586 965 234 956 481 445 424 739 374 906 960 472 408 990 223 911 11 482 651 23 951 309 904 222 97 40 799 252 667 626 441 448 590 647 810 391 433 821 477 58 658 203 903 180 650 483 381 786 25 489 742 434 331 711 2 237 16 524 228 713 491 439 103 800 422 985 270 185 24 770 393 317 723 500 276 206 484 226 497 283 571 925 60 983 896 762 4 201 678 111 754 345 359 759 282 20 28 194 468 715 64 43 9 281 901 274 801 342 277 706 485 326 22 10 306 351 753 955 812 855 88 39 356 101 683 596 764 387 719 582 645 545 615 963 220 531 623 675 241 757 748 107 427 866 797 187 795 974 766 526 59 186 183 50 816 569 657 5 624 176 52 34 269 761 825 87 777 984 682 530 475 27 48 959 745 399 51 440 704 708 85 45 741 493 889 627 518 737 428 79 354 969 533 758 15 7 70 603 170 322 589 987 189 572 272 207 689 395 525 350 760 216 957 405 692 71 980 733 617 47 976 765 195 229 532 639 225 62 556 702 643 588 86 498 46 621 80 552 819 772 248 709 376 273 636 690 450 973 693 999 902 677 505 3 752 962 517 492 555 926 139 730 932 406 995 598 996 554 732 100 390 199 61 972 191 362 815 720 975 994 585 13 19 135 876 788 294 412 258 386 300 316 988 548 977 30 14 462 734 476 179 697 12 259 806 886 205 928 512 8 444 479 465 663 504 628 729 17 529 859 55 53 635 629 769 807 654 547 600 75 895 791 184 927 292 676 42 392 344 952 778 877 426 478 214 421 190 400 261 486 722 247 625 700 304 814 670 580 410 515 
c [Incremental] Max used label: 1001.
c [Incremental] Label 1001 is removed from searching.
c [Incremental] Solving for max label = 1000:
c [Incremental] Solving duration: 94958 ms.
s [Incremental] SAT (label = 1000).
Label assignment: 337 257 6 521 148 575 574 96 576 981 682 830 144 407 211 285 458 743 265 423 612 329 397 611 978 912 244 954 775 941 796 707 437 174 334 60 466 515 790 516 779 95 394 509 945 804 154 123 313 579 150 495 738 378 263 283 409 882 373 347 366 884 879 128 947 264 212 122 311 820 416 787 619 325 323 451 318 924 782 380 200 344 106 923 507 171 370 249 522 430 934 305 998 652 818 114 383 776 805 736 414 751 771 927 942 916 44 614 613 866 267 210 803 622 147 279 448 172 268 371 780 913 340 382 429 197 415 943 365 604 735 773 493 250 398 287 893 654 105 31 935 93 789 338 316 616 66 193 137 209 513 783 631 649 823 160 238 907 104 909 275 112 133 695 116 260 102 865 161 677 182 314 442 142 510 336 413 894 632 581 839 235 245 881 784 926 597 822 168 610 319 769 208 41 989 986 341 731 81 401 291 343 543 888 464 763 215 219 286 906 950 808 117 29 1000 686 339 217 69 379 872 330 948 970 607 120 35 860 132 99 139 236 457 578 492 946 802 514 933 376 785 655 749 202 755 798 242 966 908 920 549 949 485 346 544 221 968 878 487 404 726 526 665 256 255 661 859 523 587 74 573 169 73 484 774 772 919 618 145 127 243 363 746 577 520 517 842 198 793 794 296 100 560 767 483 126 419 420 274 503 58 567 111 982 812 740 304 967 21 562 402 18 993 89 98 979 368 488 583 49 138 445 905 679 159 705 595 333 938 561 991 192 478 601 546 298 181 958 32 240 922 658 570 565 817 57 992 72 809 381 558 801 299 869 388 586 965 348 956 28 590 424 739 399 960 4 472 408 276 308 345 11 501 626 23 914 307 929 222 506 721 799 252 693 234 441 727 620 534 107 391 599 821 477 951 559 203 810 180 606 766 387 786 33 489 742 685 306 745 2 237 37 532 230 146 491 439 103 438 292 985 270 185 24 714 364 317 723 508 282 800 703 400 497 690 571 918 40 983 904 762 16 201 486 320 594 355 359 759 361 9 20 194 519 539 206 43 25 295 321 901 795 342 269 710 350 326 22 10 315 357 753 955 897 856 88 39 356 101 683 596 760 351 706 582 645 963 615 475 220 531 623 681 273 757 748 974 427 713 797 187 851 50 764 525 59 186 284 158 816 569 688 5 241 529 52 34 48 761 825 87 778 984 692 530 886 27 63 959 750 406 51 440 708 704 500 45 741 312 889 711 554 737 428 79 322 70 499 758 15 7 26 603 170 328 589 987 189 572 272 207 204 393 662 354 770 900 957 229 670 71 976 807 617 47 928 390 195 225 533 689 541 62 556 709 310 588 86 498 46 621 80 552 819 722 248 702 375 277 642 636 598 973 917 999 902 176 462 536 752 962 555 324 496 925 109 730 932 309 995 659 996 538 732 140 405 585 61 972 199 362 815 720 975 994 593 13 19 135 876 432 294 412 289 386 300 297 980 548 885 30 14 712 734 476 205 668 12 191 806 915 216 977 512 8 997 921 518 663 719 669 729 17 647 131 988 55 635 629 768 777 700 547 600 75 862 791 184 931 792 505 327 392 258 896 701 877 426 641 218 395 214 190 592 335 733 302 625 754 557 961 664 53 410 151 
c [Incremental] Max used label: 1000.
c [Incremental] Label 1000 is removed from searching.
c [Incremental] Solving for max label = 999:
c [Incremental] Solving duration: 2494 ms.
s [Incremental] SAT (label = 999).
Label assignment: 337 257 6 521 148 575 574 96 576 981 682 830 144 407 211 285 458 743 265 423 612 329 397 611 978 912 244 954 775 941 796 707 437 174 334 60 466 515 790 516 779 95 394 509 945 804 154 123 313 579 150 495 738 378 263 283 409 882 373 347 366 884 879 128 947 264 212 122 311 820 416 787 619 325 323 451 318 924 782 380 200 344 106 923 507 171 370 249 522 430 934 305 998 652 818 114 383 776 805 736 414 751 771 927 942 916 44 614 613 866 267 210 803 622 147 279 448 172 268 371 780 913 340 382 429 197 415 943 365 604 735 773 493 250 398 287 893 654 105 31 935 93 789 338 316 616 66 193 137 209 513 783 631 649 823 160 238 907 104 909 275 112 133 695 116 260 102 865 161 677 182 314 442 142 510 336 413 894 632 581 839 235 245 881 784 926 597 822 168 610 319 769 208 41 989 986 341 731 81 401 291 343 543 888 464 763 215 219 286 906 950 808 117 29 946 686 339 217 69 379 872 330 948 970 607 120 35 860 132 99 139 236 457 578 492 953 802 514 933 376 785 655 749 202 755 798 242 966 908 920 549 949 485 346 544 221 968 878 487 404 726 526 665 256 255 661 859 523 587 74 573 169 73 484 774 772 919 618 145 127 243 363 746 577 520 517 842 198 793 794 296 100 560 767 483 126 419 420 274 503 58 567 111 982 812 740 304 967 21 562 402 18 993 89 98 979 368 488 583 49 138 445 905 679 159 705 595 333 938 561 991 192 478 601 546 298 181 958 32 240 922 658 570 565 817 57 992 72 809 381 558 801 299 869 388 586 965 348 956 28 590 424 739 399 960 4 472 408 276 308 345 11 501 626 23 914 307 929 222 506 721 799 252 693 234 441 727 620 534 107 391 599 821 477 951 559 203 810 180 606 766 387 786 33 489 742 685 306 745 2 237 37 532 230 146 491 439 103 438 292 985 270 185 24 714 364 317 723 508 282 800 703 400 497 690 571 918 40 983 904 762 16 201 486 320 594 355 359 759 361 9 20 194 519 539 206 43 25 295 321 901 795 342 269 710 350 326 22 10 315 357 753 955 897 856 88 39 356 101 683 596 760 351 706 582 645 963 615 475 220 531 623 681 273 757 748 974 427 713 797 187 851 50 764 525 59 186 284 158 816 569 688 5 241 529 52 34 48 761 825 87 778 984 692 530 886 27 63 959 750 406 51 440 708 704 500 45 741 312 889 711 554 737 428 79 322 70 499 758 15 7 26 603 170 328 589 987 189 572 272 207 204 393 662 354 770 900 957 229 670 71 976 807 617 47 928 390 195 225 533 689 541 62 556 709 310 588 86 498 46 621 80 552 819 722 248 702 375 277 642 636 598 973 917 999 902 176 462 536 752 962 555 324 496 925 109 730 932 309 995 659 996 538 732 140 405 585 61 972 199 362 815 720 975 994 593 13 19 135 876 432 294 412 289 386 300 297 980 548 885 30 14 712 734 476 205 668 12 191 806 915 216 977 512 8 997 921 518 663 719 669 729 17 647 131 988 55 635 629 768 777 700 547 600 75 862 791 184 931 792 505 327 392 258 896 701 877 426 641 218 395 214 190 592 335 733 302 625 754 557 961 664 53 410 151 
c [Incremental] Max used label: 999.
c [Incremental] Label 999 is removed from searching.
c [Incremental] Solving for max label = 998:
c [Incremental] Solving duration: 3115 ms.
s [Incremental] SAT (label = 998).
Label assignment: 337 257 6 311 91 575 574 96 576 981 682 830 144 407 211 285 521 743 265 423 612 329 278 611 978 912 244 954 775 941 796 707 437 174 334 60 466 515 790 516 779 95 394 509 945 804 154 123 313 579 150 495 738 378 212 283 409 882 373 347 366 884 879 128 947 264 458 122 301 820 416 787 619 325 323 451 318 924 782 380 200 344 106 923 507 171 370 249 522 430 934 305 998 652 818 112 383 776 271 736 414 751 771 927 944 916 44 805 613 866 332 210 803 622 147 279 448 195 92 371 780 913 340 382 429 197 415 943 365 604 735 773 493 250 398 287 893 654 105 31 935 93 789 338 316 282 66 568 137 209 513 783 631 649 823 104 193 907 114 909 275 129 133 695 116 260 102 865 161 677 182 314 459 142 510 336 413 894 291 581 839 235 94 881 784 926 597 822 511 610 319 769 208 38 989 986 341 731 81 401 290 103 543 903 464 763 41 219 286 906 950 808 107 29 946 686 339 217 607 379 872 330 948 970 606 120 35 860 132 99 139 236 457 578 492 953 802 514 933 376 785 655 749 202 755 798 242 966 908 920 549 18 485 346 544 221 968 878 487 404 726 526 665 256 255 661 859 523 587 74 634 281 73 484 774 772 919 618 145 127 246 363 740 577 520 517 842 198 224 794 296 100 746 767 483 126 419 420 274 503 267 567 111 982 812 744 304 967 21 562 402 4 993 89 98 979 368 488 583 49 138 445 905 679 159 705 595 119 938 561 991 192 478 601 546 298 181 958 32 240 922 658 570 565 817 36 992 72 809 381 558 801 299 169 388 586 965 348 956 28 590 424 739 399 888 960 472 408 276 308 345 11 501 626 23 914 307 929 243 506 721 799 252 693 234 449 727 990 534 118 391 599 821 477 951 559 203 810 180 608 766 387 786 33 489 742 685 306 745 2 227 37 532 230 146 491 406 113 438 292 985 270 185 25 714 364 317 723 508 293 800 703 400 497 690 571 918 40 983 904 762 16 213 486 320 594 355 359 759 361 9 20 194 519 539 206 64 59 295 321 901 795 342 269 710 350 326 22 10 315 357 753 955 897 856 88 43 356 101 683 596 760 930 706 582 645 545 623 475 220 531 667 681 273 757 748 974 427 713 797 187 851 24 764 525 177 186 284 358 816 569 688 5 241 529 52 34 48 761 819 87 778 984 692 530 886 27 63 959 750 441 51 440 708 704 500 891 741 312 889 711 554 737 428 79 322 70 499 758 15 7 75 603 76 328 26 987 189 572 272 207 204 280 662 354 770 900 957 229 670 71 976 807 765 47 928 390 199 225 533 689 541 971 556 709 310 589 86 498 46 621 80 552 588 722 248 702 375 277 237 636 598 973 917 997 902 176 462 3 752 962 555 324 496 925 62 730 932 309 995 659 996 538 732 140 405 585 19 972 191 362 815 720 975 994 593 39 13 135 876 432 294 412 289 386 300 297 880 548 942 30 14 712 12 476 205 668 56 196 806 915 216 977 512 8 980 921 518 663 719 669 729 17 647 131 988 55 635 629 768 777 700 547 600 167 862 791 184 931 792 505 327 392 258 896 701 877 426 641 218 395 214 190 592 335 733 302 625 754 557 961 664 53 410 151 
c [Incremental] Max used label: 998.
c [Incremental] Label 998 is removed from searching.
c [Incremental] Solving for max label = 997:
c [Incremental] Solving duration: 2551 ms.
s [Incremental] SAT (label = 997).
Label assignment: 337 257 6 311 91 575 574 96 576 981 682 830 144 407 211 285 521 743 235 423 612 329 278 611 978 912 244 954 775 941 796 707 437 174 334 60 466 515 790 516 779 95 394 509 945 804 154 123 313 579 150 495 738 378 212 283 409 882 373 347 366 884 879 128 947 264 458 122 301 820 416 787 619 325 323 451 318 924 782 380 200 344 106 923 507 168 370 249 522 430 934 305 944 652 818 112 383 776 271 736 414 751 771 927 939 916 44 805 613 866 332 210 803 622 147 279 448 195 92 371 780 913 340 382 429 197 415 943 365 604 735 773 493 250 398 287 893 609 105 31 935 93 789 338 316 282 66 568 137 209 513 783 631 649 823 104 193 907 114 909 275 129 133 695 116 260 102 865 161 677 182 314 459 142 510 336 413 894 291 584 839 245 94 881 784 926 597 822 511 610 319 755 208 38 989 986 341 731 81 401 290 103 543 903 464 763 41 219 286 906 950 808 107 29 946 686 339 206 607 379 872 330 948 970 606 120 35 860 132 99 139 236 457 578 492 953 802 514 933 376 785 655 749 202 654 798 242 966 908 920 549 18 485 262 544 221 968 878 487 404 726 526 665 256 255 661 859 523 587 74 634 281 73 484 774 772 919 618 145 127 246 363 740 577 520 517 842 198 224 794 296 100 746 767 483 126 419 420 274 503 267 567 111 982 812 744 304 967 21 562 402 4 993 89 98 979 368 488 583 49 138 445 905 679 159 705 581 119 938 561 991 192 478 601 546 298 181 958 32 240 922 658 570 565 817 36 992 72 809 381 558 801 299 169 388 586 965 348 956 28 590 424 739 399 888 960 472 391 276 308 345 11 501 626 23 914 307 929 243 506 721 799 252 693 234 411 727 984 534 118 385 599 821 489 951 477 203 810 180 608 766 387 786 33 482 742 685 306 745 2 227 37 532 230 146 491 406 113 438 292 985 270 185 25 714 364 317 723 508 293 765 703 400 497 690 571 918 40 983 904 762 16 213 486 320 594 355 359 759 361 9 20 194 519 539 216 64 59 295 321 901 769 342 269 710 350 326 22 10 315 357 753 955 897 856 88 43 356 101 683 596 760 930 706 582 645 545 588 475 171 531 667 681 273 757 748 974 427 713 791 187 851 24 797 525 177 186 284 358 816 569 688 5 241 529 52 34 48 761 819 87 778 969 692 530 886 27 63 959 750 441 51 412 708 704 500 891 741 312 889 711 554 737 428 79 322 70 499 758 15 7 75 603 76 328 26 987 189 572 272 207 204 280 662 354 770 900 957 229 670 71 976 807 764 47 928 390 199 218 533 689 541 971 556 709 310 605 86 498 46 621 80 552 589 722 248 702 375 277 237 636 592 973 917 997 902 176 462 3 752 962 555 324 496 925 62 730 932 309 995 659 996 538 732 140 405 585 19 990 191 362 788 720 975 994 580 39 13 135 876 432 294 431 289 386 300 297 880 548 942 30 14 712 12 476 205 668 56 196 806 915 225 977 512 8 980 921 518 663 719 669 729 17 647 131 988 55 635 629 768 777 700 547 600 167 862 815 184 931 792 505 327 456 258 896 701 877 426 641 223 395 214 190 593 335 733 302 625 754 557 961 664 53 410 151 
c [Incremental] Max used label: 997.
c [Incremental] Label 997 is removed from searching.
c [Incremental] Solving for max label = 996:
c [Incremental] Solving duration: 87399 ms.
s [Incremental] SAT (label = 996).
Label assignment: 337 285 6 484 106 575 268 104 576 981 622 830 144 885 211 323 521 743 235 123 154 150 278 466 978 911 865 954 775 941 728 707 334 174 94 60 495 515 790 508 779 136 394 516 437 738 804 945 652 579 906 483 796 378 212 283 824 882 373 346 366 884 879 128 678 318 458 929 747 820 416 787 619 92 325 451 251 910 782 380 200 340 99 923 864 474 370 249 522 271 947 305 944 667 818 83 612 776 943 736 414 751 687 908 65 913 44 805 613 866 281 210 629 827 147 303 448 195 98 371 780 935 301 382 332 197 415 970 365 509 735 773 493 215 398 257 893 649 105 31 937 96 789 291 264 282 66 568 907 209 513 783 631 265 566 101 193 117 114 316 250 129 133 695 115 260 97 903 142 482 182 314 459 452 510 286 413 677 336 653 939 245 93 881 784 95 511 288 287 607 319 614 208 91 989 330 341 477 705 401 256 892 504 87 464 38 41 219 279 900 950 808 684 29 946 731 927 69 616 379 457 377 948 953 657 120 35 860 132 90 442 236 347 578 492 898 802 514 912 376 108 655 749 202 654 798 242 966 904 920 726 18 255 262 544 221 329 878 549 312 160 526 665 463 949 676 859 523 587 74 634 343 940 110 774 772 919 618 899 127 926 361 740 560 520 532 842 198 224 794 246 88 746 767 686 126 577 503 267 317 274 567 145 958 812 744 304 982 21 562 402 992 993 89 4 979 368 488 583 480 85 445 540 642 159 725 809 119 938 561 991 192 478 601 546 672 739 36 32 240 702 658 664 570 817 57 880 72 793 381 558 756 497 933 388 586 237 344 956 715 590 424 706 435 82 960 965 391 275 308 333 11 721 555 23 916 297 710 243 506 111 799 252 693 234 411 712 299 296 86 315 433 821 489 915 462 203 766 771 559 717 387 786 33 505 745 890 306 723 2 309 37 985 230 146 491 406 113 439 679 955 742 189 25 698 364 300 854 185 673 765 714 359 720 690 571 983 40 974 887 762 16 213 486 322 280 71 400 759 352 9 20 194 519 528 216 64 59 328 443 901 769 310 272 711 833 326 22 10 331 357 753 888 662 856 67 43 356 295 683 395 760 963 704 582 727 606 588 475 936 529 688 681 273 757 748 902 427 109 791 187 327 24 797 557 525 909 321 905 816 512 538 5 241 530 52 34 48 761 741 80 778 969 925 479 883 27 63 957 750 469 51 412 699 320 500 45 708 293 896 84 554 537 428 79 610 931 269 758 15 7 75 603 76 176 26 358 602 572 289 207 204 284 959 719 770 659 350 46 670 56 976 692 764 47 942 390 199 218 533 498 292 548 556 531 465 605 807 496 131 621 42 552 589 722 248 737 375 277 298 636 592 973 917 183 889 894 453 3 752 971 494 324 551 962 78 730 932 62 995 914 734 934 732 140 405 585 19 990 191 363 788 716 975 994 580 39 13 952 876 432 294 431 247 386 367 392 645 547 996 977 14 680 12 476 205 627 53 196 806 895 225 930 454 8 360 709 467 663 724 694 628 17 647 54 276 55 635 270 768 777 924 539 600 167 819 815 214 461 792 259 307 418 822 470 701 877 426 473 223 421 988 184 593 335 733 261 961 754 535 891 700 455 410 302 
c [Incremental] Max used label: 996.
c [Incremental] Label 996 is removed from searching.
c [Incremental] Solving for max label = 995:
c [Incremental] Solving duration: 2503 ms.
s [Incremental] SAT (label = 995).
Label assignment: 337 285 6 484 106 575 268 104 576 981 622 830 144 885 211 323 521 743 235 123 154 150 278 466 978 911 865 954 775 941 728 707 334 342 94 60 495 515 790 508 779 136 394 516 437 738 804 945 652 579 906 483 796 378 212 283 824 882 373 346 366 884 879 128 678 318 458 929 747 820 416 787 619 92 325 451 251 910 782 380 200 340 99 923 864 474 370 249 522 271 947 305 944 667 818 83 612 776 943 736 414 751 687 908 65 913 44 805 613 866 254 210 629 827 147 303 448 195 98 371 780 935 301 382 332 197 415 970 365 509 735 773 493 215 398 257 893 649 105 31 937 96 789 291 264 282 66 568 907 209 513 783 631 810 566 101 193 117 114 316 250 129 133 695 115 260 97 903 142 482 182 314 459 452 510 286 413 677 336 653 939 245 93 881 784 95 511 288 287 607 319 614 208 91 989 330 341 419 705 401 256 892 504 87 477 38 41 219 279 900 950 808 684 29 946 731 927 69 616 379 464 377 948 953 657 120 35 860 103 90 442 236 347 578 457 898 802 514 912 376 108 655 749 202 654 798 242 966 904 920 726 18 255 262 544 221 329 968 549 312 160 526 665 463 949 676 813 523 587 74 634 343 940 110 774 772 919 618 899 127 926 361 740 560 520 532 842 198 224 794 246 88 746 800 686 126 992 503 267 317 274 567 145 958 812 744 304 982 21 562 420 984 993 89 4 967 368 488 583 480 85 445 540 642 159 725 809 119 938 561 991 192 478 601 546 672 739 36 32 240 702 658 664 570 817 57 878 72 793 381 558 756 497 933 388 586 237 344 956 715 590 424 706 435 82 960 979 391 275 308 333 11 721 555 23 916 297 710 243 506 111 799 252 693 234 411 712 299 296 86 315 433 118 489 915 462 203 766 771 559 717 387 786 33 505 745 890 281 723 2 309 37 985 230 146 491 406 113 402 633 955 742 189 25 698 364 300 854 185 673 765 714 359 720 690 571 983 40 974 887 762 16 213 486 322 280 71 400 759 352 9 20 194 519 528 216 64 59 328 443 901 769 310 272 711 833 326 22 10 331 357 753 888 662 856 67 43 356 295 683 395 760 963 704 582 727 606 588 447 936 529 688 681 273 757 748 902 427 109 791 187 327 24 797 557 525 909 321 905 816 512 538 5 241 530 52 34 48 761 741 80 778 969 925 479 883 27 63 957 750 469 51 412 699 320 500 45 708 293 896 84 554 537 428 79 610 931 269 758 15 7 75 603 76 176 26 358 602 572 289 207 204 284 959 719 770 659 350 46 670 56 976 692 764 47 942 390 199 218 533 498 292 548 556 531 465 605 807 496 131 621 42 552 589 722 248 737 375 277 298 636 592 973 917 183 889 894 453 3 752 971 494 324 551 962 78 730 932 62 880 914 734 934 732 140 405 625 19 990 191 363 788 716 975 994 580 39 13 952 876 432 294 431 247 386 367 392 645 547 585 977 14 680 12 476 205 627 53 196 806 895 225 930 454 8 360 709 467 663 724 694 628 17 647 54 276 55 635 270 768 777 924 539 600 167 819 815 214 461 792 259 307 418 988 470 701 877 426 473 223 421 995 184 593 335 733 261 961 754 535 891 700 455 410 302 
c [Incremental] Max used label: 995.
c [Incremental] Label 995 is removed from searching.
c [Incremental] Solving for max label = 994:
c [Incremental] Solving duration: 2316 ms.
s [Incremental] SAT (label = 994).
Label assignment: 337 285 6 484 106 575 268 104 576 981 622 830 144 885 211 323 521 743 235 123 154 150 278 466 978 911 865 954 775 941 728 707 334 342 94 60 495 515 790 508 779 136 394 516 437 738 804 945 652 579 906 483 796 378 212 283 824 882 373 346 366 884 879 128 678 318 458 929 747 820 416 787 619 92 325 451 251 910 782 380 200 340 99 923 864 474 370 249 522 271 947 305 944 667 818 83 612 776 943 736 414 751 687 908 65 913 44 805 613 866 254 210 629 827 147 303 448 195 98 371 780 935 301 382 332 197 415 970 365 509 735 773 493 215 398 257 893 649 105 31 937 96 789 291 264 282 66 568 907 209 513 783 631 810 566 101 193 117 114 316 250 129 133 695 115 260 97 903 142 482 182 314 459 452 510 286 413 677 336 653 939 245 93 881 784 95 511 288 287 607 319 614 208 91 989 330 341 419 705 401 256 892 504 87 477 38 41 219 279 900 950 808 684 29 946 731 927 69 616 379 464 377 948 953 657 120 35 860 103 90 442 236 347 578 457 898 802 514 912 376 108 655 749 202 654 798 242 966 904 920 726 18 255 262 544 221 329 968 549 312 160 526 665 463 949 676 813 523 587 74 634 343 940 110 774 772 919 618 899 127 926 361 740 560 520 532 842 198 224 794 246 88 746 800 686 126 992 503 267 317 274 567 145 958 812 744 304 982 21 562 420 984 993 89 4 967 368 488 583 480 85 445 540 642 159 725 801 119 938 561 991 192 478 601 546 672 739 36 32 240 702 658 664 570 817 57 878 72 793 381 558 756 497 933 388 586 237 344 956 715 590 424 706 435 82 960 979 391 275 308 333 11 721 555 23 916 297 710 243 506 111 799 252 693 234 411 712 299 296 86 315 433 118 489 915 462 203 766 771 559 717 387 786 33 505 745 890 281 723 2 309 37 985 230 146 491 406 113 402 633 955 742 189 25 698 364 300 854 185 673 765 714 359 720 690 571 983 40 974 887 762 16 213 486 322 280 71 400 759 352 9 20 194 519 528 216 64 59 328 443 901 769 310 272 711 833 326 22 10 331 357 753 888 662 856 67 43 356 295 683 395 760 963 704 582 727 606 588 447 936 529 688 681 273 757 748 902 427 109 791 187 327 24 797 557 525 909 321 905 816 512 538 5 241 530 52 34 48 761 741 80 778 969 925 479 883 27 63 957 750 469 51 412 699 320 500 45 708 293 896 84 554 537 428 79 610 987 269 758 15 7 75 603 76 176 26 358 602 572 289 207 204 284 959 719 770 659 350 46 670 56 976 692 764 47 942 390 199 218 533 498 292 548 556 531 465 605 807 496 131 621 42 552 589 722 248 737 375 277 298 636 592 973 917 183 889 894 453 3 752 931 494 324 551 962 78 730 932 62 880 914 734 934 732 140 405 625 19 990 191 363 788 716 975 994 580 39 13 952 876 432 294 431 247 386 367 392 645 547 585 971 14 680 12 476 205 627 53 196 806 895 225 930 454 8 360 709 467 663 724 694 628 17 647 54 276 55 635 270 768 777 924 539 600 167 819 815 214 461 792 259 307 418 988 470 701 877 426 473 223 421 977 184 593 335 733 261 961 754 535 891 700 455 410 302 
c [Incremental] Max used label: 994.
c [Incremental] Label 994 is removed from searching.
c [Incremental] Solving for max label = 993:
c [Incremental] Solving duration: 2436 ms.
s [Incremental] SAT (label = 993).
Label assignment: 337 285 6 484 106 575 268 104 576 981 622 830 144 885 211 323 521 743 235 123 154 150 278 466 978 911 865 954 775 941 728 707 334 342 94 60 495 515 790 508 779 136 394 516 437 738 804 945 652 579 906 483 796 378 212 283 824 882 373 346 366 884 879 128 678 318 458 929 747 811 416 787 619 92 325 451 251 910 782 380 200 340 99 923 864 474 370 249 522 271 947 305 944 667 810 83 612 776 943 736 414 751 687 908 65 913 44 805 613 866 254 210 629 827 147 303 448 195 98 371 780 935 301 382 332 197 415 970 365 509 735 773 493 215 398 257 893 649 105 31 937 96 789 291 264 282 66 568 907 209 513 783 631 785 566 101 193 117 114 316 250 129 133 695 115 260 97 903 142 482 182 314 459 452 510 286 413 677 336 653 939 245 93 881 784 95 511 288 287 607 319 614 208 91 989 330 341 419 705 401 256 892 504 87 477 38 41 219 279 900 950 763 684 29 946 731 927 69 616 379 464 377 948 953 657 120 35 860 103 90 442 236 347 578 492 898 802 514 912 376 108 655 749 202 654 798 242 966 904 920 726 18 255 262 544 221 329 968 549 312 160 526 665 463 949 676 813 523 587 74 634 343 940 110 774 772 919 618 899 127 926 361 740 560 520 532 842 198 224 794 246 88 746 800 686 126 992 503 267 317 274 567 145 958 812 744 304 982 21 562 420 984 993 89 4 967 368 488 583 480 85 445 540 642 159 725 801 119 938 561 991 192 478 601 546 672 739 36 32 240 702 658 664 570 781 57 878 72 793 381 558 756 497 933 388 586 237 344 956 715 590 424 706 435 82 960 979 391 275 308 333 11 721 555 23 916 297 710 243 506 73 799 252 693 234 411 712 299 296 86 315 433 118 489 915 462 203 766 771 559 717 387 786 33 505 745 890 281 723 2 309 37 985 230 146 491 406 113 402 292 955 742 189 25 698 364 300 854 185 673 765 714 359 720 690 571 983 40 974 887 762 16 213 486 322 280 71 400 759 352 9 20 194 519 528 216 64 59 328 443 901 769 310 272 711 833 326 22 10 331 357 753 888 662 856 67 43 356 295 683 395 760 963 704 582 727 606 588 475 936 529 688 681 273 757 748 902 427 109 791 187 327 24 797 557 525 909 321 905 808 512 538 5 241 530 52 34 48 761 741 80 778 969 925 479 883 27 63 957 750 469 51 412 699 320 500 45 708 293 896 84 554 537 428 79 610 987 269 758 15 7 75 603 76 176 26 358 602 572 289 207 204 284 959 719 770 659 350 46 670 56 976 692 764 47 942 390 199 218 533 498 259 548 556 531 465 605 807 496 131 621 42 552 589 722 248 737 375 277 298 636 592 973 917 183 889 894 453 3 752 931 494 324 551 962 78 730 932 62 880 914 734 934 732 140 405 625 19 990 191 363 788 716 975 988 580 39 13 952 876 432 294 431 247 386 367 392 645 547 585 971 14 680 12 476 205 627 53 196 806 895 225 930 454 8 360 709 467 663 724 694 628 17 647 54 276 55 635 270 768 777 924 539 600 167 819 815 214 461 792 258 307 418 980 470 701 877 426 473 223 421 977 184 593 335 733 261 961 754 535 891 700 455 410 302 
c [Incremental] Max used label: 993.
c [Incremental] Label 993 is removed from searching.
c [Incremental] Solving for max label = 992:
c [Incremental] Solving duration: 2524 ms.
s [Incremental] SAT (label = 992).
Label assignment: 337 285 6 484 106 575 268 104 576 981 622 830 144 885 211 323 521 743 235 123 154 150 278 466 978 911 865 954 775 941 728 707 334 342 94 60 495 515 790 508 779 136 394 516 437 738 804 945 652 579 906 483 796 378 212 283 824 882 373 346 366 884 879 128 678 318 458 929 747 811 416 787 619 92 325 451 251 910 782 380 200 340 99 923 864 474 370 249 522 271 947 305 944 667 810 83 612 776 943 736 414 751 687 908 65 913 44 805 613 866 254 210 629 827 147 303 448 195 98 371 780 935 301 382 332 197 415 970 365 509 735 773 493 215 398 257 893 649 105 31 937 96 789 291 264 282 66 568 907 209 513 783 631 785 566 101 193 117 114 316 250 129 133 695 115 260 97 903 142 482 182 314 459 452 510 286 413 677 336 653 939 245 93 881 784 95 511 288 287 607 319 614 208 91 989 330 341 419 705 401 256 892 504 87 477 38 41 219 279 900 950 763 684 29 946 731 927 69 616 379 464 377 948 953 657 120 35 860 103 90 442 236 347 578 492 898 802 514 912 376 108 655 749 202 654 798 242 966 904 920 726 18 255 262 544 221 329 968 549 312 160 526 665 463 949 676 813 523 587 74 634 343 940 110 774 772 919 618 899 127 926 361 740 560 520 532 842 198 224 794 246 88 746 800 686 126 992 503 267 317 274 567 145 876 812 744 304 982 21 562 420 984 967 89 4 958 368 488 583 480 85 445 540 642 159 725 801 119 938 561 991 192 478 601 546 672 739 36 32 240 702 658 664 570 781 57 878 72 793 381 558 756 497 933 388 586 237 344 956 715 590 424 706 435 82 960 979 391 275 308 333 11 721 555 23 916 297 710 243 506 73 799 252 693 234 411 712 299 296 86 315 433 118 489 915 462 203 766 771 559 717 387 786 33 505 745 890 281 723 2 309 37 985 230 146 491 406 113 402 292 955 742 189 25 698 364 300 854 185 673 765 714 359 720 690 571 983 40 974 887 762 16 213 486 322 280 71 400 759 352 9 20 194 519 528 216 64 59 328 443 901 769 310 272 711 833 326 22 10 331 357 753 888 662 856 67 43 356 295 683 395 760 963 704 582 727 606 588 475 936 529 688 681 273 757 748 902 427 109 791 187 327 24 797 557 525 909 321 905 808 512 538 5 241 530 52 34 48 761 741 80 778 969 925 479 883 27 63 957 750 469 51 412 699 320 500 45 708 293 896 84 554 537 428 79 610 987 269 758 15 7 75 603 76 176 26 358 602 572 289 207 204 284 959 719 770 659 350 46 670 56 976 692 764 47 942 390 199 218 533 498 259 548 556 531 465 605 807 496 131 621 42 552 589 722 248 737 375 277 298 636 592 973 917 183 889 894 453 3 752 931 494 324 551 962 78 730 932 62 880 914 734 934 732 140 405 625 19 990 191 363 788 716 975 988 580 39 13 952 921 432 294 431 247 386 367 392 645 547 585 971 14 680 12 476 205 627 53 196 806 895 225 930 454 8 360 709 467 663 724 694 628 17 647 54 276 55 635 270 768 777 924 539 600 167 819 815 214 461 792 258 307 418 980 470 701 877 426 473 223 421 977 184 593 335 733 261 961 754 535 891 700 455 410 302 
c [Incremental] Max used label: 992.
c [Incremental] Label 992 is removed from searching.
c [Incremental] Solving for max label = 991:
c [Incremental] Solving duration: 2468 ms.
s [Incremental] SAT (label = 991).
Label assignment: 337 285 6 484 110 575 268 104 576 981 622 830 144 885 211 323 521 743 235 123 154 150 278 466 978 911 865 954 775 941 728 707 334 342 94 60 495 515 790 508 779 136 394 516 437 738 804 945 652 579 906 483 796 378 212 283 824 882 373 346 366 884 879 128 678 318 458 929 747 811 416 787 619 92 325 451 251 910 782 380 200 340 99 923 864 474 370 249 522 271 947 305 944 667 810 83 612 776 943 736 414 751 687 908 65 913 44 805 613 866 254 210 629 827 147 303 448 195 98 371 780 935 301 382 332 197 415 970 365 509 735 773 493 215 398 257 893 649 105 31 937 96 789 291 264 282 66 568 907 209 513 783 631 785 566 101 193 117 114 316 250 129 133 695 115 260 97 903 142 482 182 314 459 452 510 286 413 677 336 653 939 245 93 881 784 95 511 288 287 607 319 614 208 91 989 330 341 419 705 401 256 892 504 87 477 38 41 219 279 900 950 763 684 29 946 731 927 69 550 379 464 377 948 953 657 120 35 860 103 90 442 236 347 578 492 898 802 514 912 376 108 655 749 202 654 798 242 966 904 920 726 18 255 262 544 221 329 968 549 312 160 526 665 463 949 676 808 523 587 74 634 281 940 119 774 772 919 618 899 127 926 361 740 560 520 532 842 198 224 794 246 88 746 800 686 126 986 503 267 317 274 567 145 876 812 744 304 982 21 562 420 984 967 89 4 958 368 488 583 480 85 445 540 642 159 725 801 181 938 561 991 192 478 601 546 672 739 36 32 240 702 658 664 570 781 57 878 72 793 381 558 756 497 933 388 586 237 344 956 715 590 424 706 435 82 960 979 391 275 308 333 11 721 555 23 916 297 710 243 506 73 799 252 693 234 411 712 299 296 86 315 433 118 489 915 462 203 766 771 559 717 387 786 33 505 745 890 306 723 2 309 37 985 230 146 491 406 113 402 292 955 742 189 25 698 364 300 854 185 673 765 714 359 720 690 571 983 40 974 887 762 16 213 486 322 280 71 400 759 352 9 20 194 519 528 216 64 59 328 443 901 769 310 272 711 833 326 22 10 331 351 753 888 662 856 67 43 356 295 683 395 760 963 704 582 727 606 588 475 936 529 688 681 273 709 748 902 427 106 791 187 327 24 797 557 545 909 321 905 757 512 538 5 241 499 52 34 48 761 741 80 778 969 925 479 883 27 63 957 750 469 51 412 699 320 500 45 708 293 896 84 554 537 428 79 610 987 269 758 15 7 75 603 76 176 26 358 602 525 289 207 204 284 959 719 770 659 350 46 670 56 976 692 764 47 942 390 199 218 533 498 259 548 556 531 465 605 807 496 131 621 42 552 589 722 248 737 375 277 298 636 592 973 917 183 889 894 453 3 752 931 494 324 551 962 78 730 932 62 880 914 734 934 732 140 405 625 19 990 191 363 788 716 975 988 580 39 13 952 921 432 294 431 247 386 367 392 645 547 585 971 14 680 12 476 205 627 53 196 806 895 225 930 454 8 360 697 467 663 724 694 628 17 647 54 276 55 635 270 768 777 924 539 600 167 819 815 214 461 792 258 307 418 980 470 701 877 426 473 223 421 977 184 593 335 733 261 961 754 535 891 700 455 410 302 
c [Incremental] Max used label: 991.
c [Incremental] Label 991 is removed from searching.
c [Incremental] Solving for max label = 990:
c [Incremental] Solving duration: 2820 ms.
s [Incremental] SAT (label = 990).
Label assignment: 311 337 6 484 110 575 268 104 576 981 622 830 144 885 211 254 521 743 235 123 154 150 278 466 978 911 325 954 775 941 728 707 334 342 94 60 495 515 790 508 779 125 394 516 437 738 804 945 652 579 906 483 796 378 212 283 824 882 373 346 366 884 879 128 678 318 458 929 747 811 416 787 619 92 313 451 251 910 782 380 200 340 99 923 864 271 370 249 522 245 947 305 944 667 810 83 612 776 943 736 414 751 687 908 65 913 44 805 613 866 285 210 629 827 147 303 493 604 98 371 780 935 301 382 332 197 415 970 365 509 735 773 543 429 398 257 893 649 105 31 937 96 789 291 264 755 66 568 907 209 513 783 631 785 566 101 193 117 114 316 250 129 133 695 115 260 97 903 142 482 182 314 487 452 430 286 413 677 336 653 939 253 93 881 784 95 511 288 287 607 319 614 208 91 81 330 341 457 705 401 256 892 504 87 477 38 41 219 279 900 950 763 684 18 946 731 927 136 550 379 464 377 948 953 657 120 35 860 69 90 442 236 347 578 492 898 802 514 912 376 108 655 749 798 654 306 242 966 904 920 726 36 255 262 544 221 329 968 549 312 126 526 665 463 949 676 808 523 587 74 634 281 940 119 774 772 919 618 899 127 926 361 740 560 517 532 842 198 224 419 246 88 746 800 686 143 986 503 317 267 274 567 77 876 812 744 304 982 21 562 420 984 967 89 4 958 368 488 583 501 85 445 449 642 159 216 801 181 938 561 931 192 478 601 546 672 739 49 32 240 702 658 664 553 781 57 878 72 793 381 558 756 497 933 388 586 237 344 956 715 590 424 706 435 82 960 979 385 275 308 333 11 721 559 23 916 297 710 243 506 73 799 391 693 234 411 712 964 520 86 315 433 118 408 915 462 203 662 771 555 717 387 786 33 505 745 890 263 723 2 309 37 985 230 146 491 406 113 402 292 955 742 189 25 698 364 300 854 185 673 765 714 359 720 690 571 983 40 974 887 762 16 213 486 322 280 71 400 759 352 9 20 194 519 528 201 64 59 328 443 901 769 310 272 674 635 326 22 10 331 351 753 888 656 856 67 43 356 295 683 395 760 963 704 582 727 3 588 475 936 529 688 681 273 711 748 902 427 106 791 186 327 24 797 557 545 909 321 905 757 512 538 5 241 499 52 34 48 761 741 80 750 969 925 479 883 27 63 957 778 608 51 412 699 320 500 45 708 293 896 84 554 537 428 79 610 987 269 758 15 7 75 572 76 176 26 358 602 525 289 207 204 284 959 719 770 872 350 46 670 56 976 692 764 47 942 375 199 390 533 498 259 548 556 531 465 605 807 496 131 621 42 552 589 722 360 737 372 277 298 636 592 973 917 187 889 894 453 598 752 961 494 324 551 971 78 730 932 62 880 914 734 934 732 140 405 625 19 990 191 363 788 716 975 988 580 39 13 952 921 432 294 431 247 386 392 367 645 547 585 972 14 694 12 476 205 627 53 196 806 895 225 930 454 8 349 697 467 663 709 724 628 17 647 54 276 55 669 270 768 777 924 539 600 167 819 815 980 535 729 258 307 418 962 470 701 877 184 473 223 421 977 183 593 335 733 261 871 754 417 891 700 455 410 302 
c [Incremental] Max used label: 990.
c [Incremental] Label 990 is removed from searching.
c [Incremental] Solving for max label = 989:
c [Incremental] Solving duration: 2721 ms.
s [Incremental] SAT (label = 989).
Label assignment: 311 337 6 484 110 575 268 104 576 981 622 830 144 885 211 254 521 743 235 123 154 150 278 466 978 911 325 954 775 941 728 707 334 342 94 65 495 515 790 508 779 125 60 516 394 738 804 945 652 579 906 483 796 378 212 283 824 882 373 346 366 884 879 128 678 318 458 929 747 811 416 787 619 92 313 451 251 910 782 380 200 340 99 923 864 271 370 249 522 245 947 305 944 667 810 83 596 776 943 736 414 751 687 908 116 913 44 805 613 866 285 236 629 827 147 303 493 604 98 371 780 935 301 382 332 345 415 970 365 509 735 773 543 429 398 257 893 649 105 31 937 96 789 291 264 755 66 197 907 209 513 783 631 785 609 101 215 117 114 316 250 129 133 695 115 260 97 903 142 482 182 314 487 452 430 286 413 677 336 653 939 253 93 881 784 95 511 288 287 607 319 578 208 91 81 330 341 457 705 401 256 892 504 87 477 38 41 219 279 900 950 763 684 18 946 731 927 136 550 379 464 377 948 953 657 120 35 860 682 90 442 217 347 566 492 898 802 514 912 376 108 655 749 798 654 306 242 966 904 920 726 36 255 262 544 221 329 875 549 312 126 526 665 463 968 676 808 523 587 74 634 281 940 119 774 772 919 618 899 127 926 361 740 560 517 532 842 198 224 419 246 88 781 800 686 143 986 503 317 267 274 567 77 876 812 744 304 982 21 562 420 984 967 89 4 958 368 488 583 501 85 445 449 642 159 216 756 181 938 561 931 192 478 601 546 672 739 49 32 240 702 658 664 553 813 57 878 72 793 381 558 720 497 965 388 586 220 344 956 715 590 424 706 399 82 960 979 422 275 308 333 11 721 559 23 916 297 710 243 506 73 799 391 693 239 411 712 964 520 86 315 771 118 408 915 462 203 630 766 555 717 387 786 33 505 745 890 230 723 2 309 37 985 228 146 491 406 113 402 292 955 742 189 25 698 364 300 854 185 673 765 714 359 656 690 571 983 40 974 887 762 594 213 486 322 280 71 400 759 352 9 20 194 519 528 201 64 59 328 443 901 769 310 272 674 635 326 22 10 331 351 753 888 662 856 67 43 356 295 683 395 760 963 704 582 157 3 588 475 936 529 688 681 273 711 748 902 427 106 791 186 327 24 797 557 545 909 321 905 757 512 538 80 241 499 52 19 48 761 741 45 750 969 925 479 883 34 63 957 778 608 51 412 27 320 500 727 708 293 896 84 554 537 428 5 572 987 269 758 15 7 75 569 76 176 26 358 602 525 289 207 204 284 959 719 770 872 350 55 670 56 976 692 764 47 942 375 199 390 533 498 259 548 556 531 465 605 807 496 131 621 46 552 589 722 360 737 372 277 298 636 592 973 917 187 889 894 453 598 752 961 494 324 551 971 78 730 932 62 880 914 734 934 732 140 405 625 39 951 191 363 788 716 975 988 61 30 13 952 921 432 294 431 247 386 392 367 645 547 585 972 14 694 12 476 205 627 42 196 806 895 225 930 454 8 349 697 467 663 709 724 628 17 647 54 276 53 535 270 768 777 924 539 600 167 819 421 980 541 729 214 307 418 962 470 701 877 184 473 223 460 977 183 593 335 733 261 871 754 417 891 700 455 410 302 
c [Incremental] Max used label: 988.
c [Incremental] Label 989 is removed from searching.
c [Incremental] Label 988 is removed from searching.
c [Incremental] Solving for max label = 987:
c [Incremental] Solving duration: 69975 ms.
s [Incremental] SAT (label = 987).
Label assignment: 311 254 6 110 136 782 268 104 602 369 661 830 858 884 658 278 590 728 759 775 521 466 215 373 978 235 353 954 790 941 743 707 847 65 94 762 855 515 981 437 576 885 60 516 852 543 854 652 170 394 910 483 796 383 202 208 906 945 83 423 416 864 687 98 678 318 787 929 747 197 225 779 619 92 313 458 301 874 200 407 227 271 397 80 853 947 459 943 522 193 473 507 944 175 198 429 568 776 899 667 195 525 284 451 116 923 112 767 37 695 398 239 629 827 97 850 493 640 773 371 780 935 260 415 169 345 236 970 244 509 448 242 612 613 593 231 82 291 409 66 937 96 581 209 893 212 90 785 677 296 513 211 632 31 609 594 579 735 880 875 251 114 861 282 102 548 100 903 330 856 625 84 35 482 452 182 314 386 949 857 338 210 93 130 44 849 316 319 511 570 290 18 240 718 774 287 87 470 705 401 221 731 356 900 748 664 41 532 190 424 249 174 422 946 892 684 69 598 3 355 611 362 871 953 657 808 120 768 504 91 442 927 168 600 872 898 755 457 265 29 727 642 749 726 506 567 267 966 983 919 739 36 665 897 549 765 257 845 634 233 74 485 654 463 968 618 638 526 587 68 584 361 920 918 777 597 940 420 264 88 926 381 794 636 517 553 842 604 216 408 347 86 172 740 523 57 986 177 283 878 958 891 77 809 599 730 488 449 199 255 480 984 967 72 4 223 721 433 603 89 58 358 307 630 890 262 591 434 281 351 931 181 596 15 274 346 724 49 32 574 113 656 471 546 582 126 21 28 766 404 589 733 341 965 234 608 219 344 73 297 586 573 566 771 245 960 979 440 275 706 497 555 310 720 76 916 911 286 764 866 710 799 391 478 399 583 11 964 173 672 360 742 246 81 118 106 207 650 717 558 315 430 578 33 304 732 2 230 786 723 309 395 269 985 633 491 756 438 468 228 955 933 220 50 40 364 300 698 188 883 20 292 38 306 263 803 185 956 959 843 761 595 411 71 59 256 64 406 435 247 974 760 189 279 615 772 5 9 328 443 901 43 326 277 675 124 565 439 34 237 70 75 888 662 280 22 572 431 441 683 194 750 963 719 580 343 16 938 649 936 447 712 402 289 715 763 711 744 144 217 204 713 24 797 537 704 560 321 132 201 109 538 67 588 542 741 925 55 769 752 52 758 10 184 171 980 122 63 273 259 7 426 39 56 156 621 651 745 617 896 469 554 561 987 474 393 140 111 813 46 753 396 552 48 243 957 349 620 418 205 802 887 241 659 914 770 535 668 79 670 45 547 692 19 976 879 196 384 375 248 536 498 791 783 545 465 27 42 496 78 673 23 559 942 614 425 737 428 860 453 624 413 973 30 187 527 324 444 585 628 961 556 250 639 436 25 606 971 62 889 51 725 655 778 882 876 530 934 951 627 405 214 645 975 392 13 61 119 962 835 479 912 577 569 540 801 367 646 694 754 972 14 544 605 709 238 637 53 213 806 680 191 930 456 54 342 921 669 258 859 788 647 932 454 846 276 792 467 270 697 575 476 12 601 917 848 17 952 432 372 648 494 417 294 915 699 836 183 840 218 295 977 226 807 164 412 8 924 734 26 877 641 455 421 461 
c [Incremental] Max used label: 987.
c [Incremental] Label 987 is removed from searching.
c [Incremental] Solving for max label = 986:
c [Incremental] Solving duration: 2705 ms.
s [Incremental] SAT (label = 986).
Label assignment: 311 254 6 110 136 782 268 104 602 369 661 830 858 884 658 278 590 728 759 775 521 466 215 373 978 235 353 954 790 941 743 707 847 65 94 762 855 515 981 437 576 885 60 516 852 543 854 652 170 394 910 483 796 383 202 208 906 945 83 423 416 864 687 98 678 318 787 929 747 197 225 779 619 92 313 458 301 874 200 407 227 271 397 80 853 947 459 943 522 193 473 507 944 175 198 429 568 776 899 667 195 525 284 451 116 923 112 767 37 695 398 239 629 827 97 850 493 640 773 371 780 935 260 415 169 345 236 970 244 509 448 242 612 613 593 231 82 291 409 66 937 96 581 209 893 212 90 785 677 296 513 211 632 31 609 594 579 735 880 875 251 114 861 282 102 548 100 903 330 856 625 84 35 482 452 182 314 386 949 857 338 210 93 130 44 849 316 319 511 570 290 18 240 718 774 287 87 470 705 401 221 731 356 900 748 664 41 532 190 424 249 174 422 946 892 684 69 598 3 355 611 362 871 953 657 808 120 768 504 91 442 927 168 600 872 898 755 457 265 29 727 642 749 726 506 567 267 966 983 919 739 36 665 897 549 765 257 845 634 233 74 485 654 463 968 618 638 526 587 68 584 361 920 918 777 597 940 420 264 88 926 381 794 636 517 553 842 604 216 408 347 86 172 740 523 57 986 177 283 878 958 891 77 809 599 730 488 449 199 255 480 984 967 72 4 223 721 433 603 89 58 358 307 630 890 262 591 434 281 351 931 181 596 15 274 346 724 49 32 574 113 656 471 546 582 126 21 28 766 404 589 733 341 965 234 608 219 344 73 297 586 573 566 771 245 960 979 440 275 706 497 555 310 720 76 916 911 286 764 866 710 799 391 478 399 583 11 964 173 672 360 742 246 81 118 106 207 650 717 558 315 430 578 33 304 732 2 230 786 723 309 395 269 985 633 491 756 438 468 228 955 933 220 50 40 364 300 698 188 883 20 292 38 306 263 803 185 956 959 843 761 595 411 71 59 256 64 406 435 247 974 760 189 279 615 772 5 9 328 443 901 43 326 277 675 124 565 439 34 237 70 75 888 662 280 22 572 431 441 683 194 750 963 719 580 343 16 938 649 936 447 712 402 289 715 763 711 744 144 217 204 713 24 797 537 704 560 321 132 201 109 538 67 588 542 741 925 55 769 752 52 758 10 184 171 980 122 63 273 259 7 426 39 56 156 621 651 745 617 896 469 554 561 969 474 393 140 111 813 46 753 396 552 48 243 957 349 620 418 205 802 887 241 659 914 770 535 668 79 670 45 547 692 19 976 879 196 384 375 248 536 498 791 783 545 465 27 42 496 78 673 23 559 942 614 425 737 428 860 453 624 413 973 30 187 527 324 444 585 628 961 556 250 639 436 25 606 971 62 889 51 725 655 778 882 876 530 934 951 627 405 214 645 975 392 13 61 119 962 835 479 912 577 569 540 801 367 646 694 754 972 14 544 605 709 238 637 53 213 806 680 191 930 456 54 342 921 669 258 859 788 647 932 454 846 276 792 467 270 697 575 476 12 601 917 848 17 952 432 372 648 494 417 294 915 699 836 183 840 218 295 977 226 807 164 412 8 924 734 26 877 641 455 421 461 
c [Incremental] Max used label: 986.
c [Incremental] Label 986 is removed from searching.
c [Incremental] Solving for max label = 985:
c [Incremental] Solving duration: 2334 ms.
s [Incremental] SAT (label = 985).
Label assignment: 311 254 6 110 136 782 268 104 602 369 661 830 858 884 658 278 590 728 759 775 521 466 215 373 978 235 353 954 790 941 743 707 847 65 94 762 855 515 981 437 576 885 60 516 852 543 854 652 170 394 910 483 796 383 202 208 906 945 83 423 416 864 687 98 678 318 787 929 747 197 225 779 619 92 313 458 301 874 200 407 227 271 397 80 853 947 459 943 522 193 473 507 944 175 198 429 568 776 899 667 195 525 284 451 116 923 112 767 37 695 398 239 629 827 97 850 493 640 773 371 780 935 260 415 169 345 236 970 244 509 448 242 612 613 593 231 82 291 409 66 937 96 581 209 893 212 90 785 677 296 513 211 632 31 609 594 579 735 880 875 251 114 861 282 102 548 100 903 330 856 625 84 35 482 452 182 314 386 949 857 338 210 93 130 44 849 316 319 511 570 290 18 240 718 774 287 87 470 705 401 221 731 356 900 748 664 41 532 190 424 249 174 422 950 892 684 69 598 3 355 611 362 871 953 657 808 120 768 504 91 442 927 168 600 872 898 755 457 265 29 727 642 749 726 506 567 267 966 983 919 739 36 665 897 549 765 257 845 634 233 74 485 654 463 968 618 638 526 587 68 584 361 920 918 777 597 940 420 264 88 926 381 794 636 517 553 842 604 216 408 347 86 172 740 523 57 946 177 283 878 958 891 77 809 599 730 488 449 199 255 480 984 967 72 4 223 721 433 603 89 58 358 307 630 890 262 591 434 281 351 931 181 596 15 274 346 724 49 32 574 113 656 471 546 582 126 21 28 766 404 589 733 341 965 234 608 219 344 73 297 586 573 566 771 245 960 979 440 275 706 497 555 310 720 76 916 911 286 764 866 710 799 391 478 399 583 11 964 173 672 360 742 246 81 118 106 207 650 717 558 315 430 578 33 304 732 2 230 786 723 309 395 269 985 633 491 756 438 468 228 955 933 220 50 40 364 300 698 188 883 20 292 38 306 263 803 185 956 959 843 761 595 411 71 59 256 64 406 435 247 974 760 189 279 615 772 5 9 328 443 901 43 326 277 675 124 565 439 34 237 70 75 888 662 280 22 572 431 441 683 194 750 963 719 580 343 16 938 649 936 447 712 402 289 715 763 711 744 144 217 204 713 24 797 537 704 560 321 132 201 109 538 67 588 542 741 925 55 769 752 52 758 10 184 171 980 122 63 273 259 7 426 39 56 156 621 651 745 617 896 469 554 561 969 474 393 140 111 813 46 753 396 552 48 243 957 349 620 418 205 802 887 241 659 914 770 535 668 79 670 45 547 692 19 976 879 196 384 375 248 536 498 791 783 545 465 27 42 496 78 673 23 559 942 614 425 737 428 860 453 624 413 973 30 187 527 324 444 585 628 961 556 250 639 436 25 606 971 62 889 51 725 655 778 882 876 530 934 951 627 405 214 645 975 392 13 61 119 962 835 479 912 577 569 540 801 367 646 694 754 972 14 544 605 709 238 637 53 213 806 680 191 930 456 54 342 921 669 258 859 788 647 932 454 846 276 792 467 270 697 575 476 12 601 917 848 17 952 432 372 648 494 417 294 915 699 836 183 840 218 295 977 226 807 164 412 8 924 734 26 877 641 455 421 461 
c [Incremental] Max used label: 985.
c [Incremental] Label 985 is removed from searching.
c [Incremental] Solving for max label = 984:
c [Incremental] Solving duration: 2262 ms.
s [Incremental] SAT (label = 984).
Label assignment: 311 254 6 110 136 782 268 104 602 369 661 830 858 884 658 278 590 728 759 775 521 466 215 373 978 235 353 954 790 941 743 707 847 65 94 762 855 515 981 437 576 885 60 516 852 543 854 652 170 394 910 483 796 383 202 208 906 945 83 423 416 864 687 98 678 318 787 929 747 197 225 779 619 92 313 458 301 874 200 407 227 271 397 80 853 947 459 943 522 193 473 507 944 175 198 429 568 776 899 667 195 525 284 451 116 923 112 767 37 695 398 239 629 827 97 850 493 640 773 371 780 935 260 415 169 345 236 970 244 509 448 242 612 613 593 231 82 291 409 66 937 96 581 209 893 212 90 785 677 296 513 211 632 31 609 594 579 735 880 875 251 114 861 282 102 548 100 903 330 856 625 84 35 482 452 182 314 386 949 857 338 210 93 130 44 849 316 319 511 570 290 18 240 718 774 287 87 470 705 401 221 731 356 900 748 664 41 532 190 424 249 174 422 950 892 684 69 598 3 355 611 362 871 953 657 808 120 768 504 91 442 927 168 600 872 898 755 457 265 29 727 642 749 726 506 567 267 966 983 919 739 36 665 897 549 765 257 845 634 233 74 485 654 463 968 618 638 526 587 68 584 361 920 918 777 597 940 420 264 88 926 381 794 636 517 553 842 604 216 408 347 86 172 740 523 57 946 177 283 878 958 891 77 793 599 730 488 449 199 255 480 984 967 72 4 223 721 433 603 89 58 358 307 630 890 262 591 434 281 351 931 181 596 15 274 346 724 49 32 574 113 656 471 546 582 126 21 28 766 404 589 733 341 965 234 608 219 344 73 297 586 573 566 771 245 960 922 440 275 706 497 555 310 720 76 916 911 286 764 866 710 799 391 478 399 583 11 964 173 672 360 742 246 81 118 106 207 650 717 558 315 430 578 33 304 732 2 230 786 723 309 395 269 974 633 491 756 438 468 228 955 933 220 50 40 364 300 698 188 883 20 292 38 306 263 803 185 956 959 843 761 595 411 71 59 256 64 406 435 247 979 760 189 279 615 772 5 9 328 443 901 43 326 277 675 124 565 439 34 237 70 75 888 662 280 22 572 431 441 683 194 750 963 719 580 343 16 938 649 936 447 712 402 289 715 763 711 744 144 217 204 713 24 797 537 704 560 321 132 201 109 538 67 588 542 741 925 55 769 752 52 758 10 184 171 980 122 63 273 259 7 426 39 56 156 621 651 745 617 896 469 554 561 969 474 393 140 111 813 46 753 396 552 48 243 957 349 620 418 205 802 887 241 659 914 770 535 668 79 670 45 547 692 19 976 879 196 384 375 248 536 498 791 783 545 465 27 42 496 78 673 23 559 942 614 425 737 428 860 453 624 413 973 30 187 527 324 444 585 628 961 556 250 639 436 25 606 971 62 889 51 725 655 778 882 876 530 934 951 627 405 214 645 975 392 13 61 119 962 835 479 912 577 569 540 801 367 646 694 754 972 14 544 605 709 238 637 53 213 806 680 191 930 456 54 342 921 669 258 859 788 647 932 454 846 276 792 467 270 697 575 476 12 601 917 848 17 952 432 372 648 494 417 294 915 699 836 183 840 218 295 977 226 807 164 412 8 924 734 26 877 641 455 421 461 
c [Incremental] Max used label: 984.
c [Incremental] Label 984 is removed from searching.
c [Incremental] Solving for max label = 983:
c [Incremental] Solving duration: 2202 ms.
s [Incremental] SAT (label = 983).
Label assignment: 311 254 6 110 136 782 268 945 602 369 661 830 858 884 658 278 590 728 759 775 521 466 215 373 978 235 353 954 790 941 743 707 847 65 94 762 855 515 981 437 576 885 60 516 852 543 854 652 170 394 874 483 796 383 202 208 906 910 83 423 416 864 687 98 678 318 787 929 747 197 225 779 619 92 313 458 301 873 200 407 227 271 397 80 853 947 459 943 522 193 473 507 944 175 198 429 568 776 899 667 195 736 284 451 116 923 112 767 37 695 398 239 629 827 97 850 493 640 773 371 780 935 260 415 169 345 236 970 244 509 448 242 612 613 593 231 82 291 409 66 937 96 581 209 893 212 90 785 677 296 513 211 632 31 609 594 579 735 880 875 251 114 861 282 102 548 100 903 330 856 625 84 35 482 452 182 314 386 949 857 338 210 93 130 44 849 316 319 511 570 290 18 240 718 774 287 87 470 705 401 221 731 356 900 748 664 41 532 190 424 249 174 422 950 892 684 69 598 3 355 611 362 871 953 657 784 120 768 504 91 442 927 168 616 872 898 755 457 265 29 108 642 749 726 506 567 267 730 967 919 739 36 665 897 549 765 257 845 610 233 74 485 654 463 968 618 638 526 587 68 584 361 920 918 777 597 940 420 264 88 926 381 794 636 517 553 842 604 216 408 347 86 172 740 523 57 946 177 283 878 958 563 77 793 599 721 488 449 199 255 480 983 966 72 4 223 534 433 603 89 58 358 307 630 890 262 591 434 281 351 931 181 596 15 274 346 724 49 32 574 113 656 471 546 582 126 21 28 766 404 589 733 341 965 234 608 219 344 73 297 586 573 566 771 245 960 922 440 275 706 497 555 310 720 76 889 911 286 764 866 710 799 391 478 399 583 11 964 173 672 360 742 246 81 118 106 207 650 916 558 315 430 578 33 304 732 2 230 786 723 309 395 269 974 633 491 756 438 468 228 955 139 220 50 40 364 300 698 188 883 20 292 38 306 263 803 185 956 959 843 761 595 411 71 59 256 64 406 435 247 979 760 189 279 615 772 5 9 328 443 901 43 326 277 675 124 565 439 34 237 70 75 888 662 280 22 572 431 426 683 194 750 963 719 580 343 16 938 649 936 447 712 402 289 715 763 711 744 144 217 204 713 24 797 537 704 560 321 132 201 109 538 67 588 542 741 925 55 769 752 52 758 10 184 171 980 122 63 273 259 7 441 39 56 156 621 651 745 617 896 469 554 561 969 474 393 924 111 813 46 753 396 552 48 243 957 349 620 418 205 802 887 241 659 914 770 535 668 79 670 45 547 692 19 976 879 196 384 375 248 536 498 791 783 545 465 27 42 496 78 673 23 559 942 614 425 737 428 860 453 624 413 973 30 187 527 324 444 585 628 961 556 250 639 436 25 606 971 62 863 51 725 655 778 882 876 530 934 951 627 405 214 645 975 392 13 61 119 962 835 479 912 577 569 540 801 367 646 694 754 972 14 544 605 709 238 637 53 213 806 680 191 930 456 54 342 921 669 258 859 788 647 932 454 846 276 792 467 270 697 575 476 12 601 917 848 17 952 432 372 648 494 417 294 915 699 836 183 840 218 295 977 226 807 164 412 8 841 734 26 877 641 455 421 461 
c [Incremental] Max used label: 983.
c [Incremental] Label 983 is removed from searching.
c [Incremental] Solving for max label = 982:
c [Incremental] Solving duration: 2675 ms.
s [Incremental] SAT (label = 982).
Label assignment: 311 254 6 110 136 782 268 945 602 369 661 830 858 884 658 278 590 728 759 775 521 466 215 373 978 235 353 954 790 941 743 707 847 65 94 762 855 515 981 437 576 885 60 516 852 543 854 652 170 394 874 483 796 383 202 208 906 910 83 423 416 864 687 98 678 318 787 929 747 197 225 779 619 92 313 458 301 873 200 407 227 271 397 80 853 947 459 943 522 193 473 507 944 175 198 429 568 776 899 667 195 736 284 451 116 923 112 767 37 695 398 239 629 827 97 850 493 640 773 371 780 935 260 415 169 345 236 970 244 509 448 242 612 613 593 231 82 291 409 66 937 4 581 209 893 212 90 785 677 296 513 211 632 31 609 594 579 735 880 875 251 114 861 282 102 548 100 903 330 856 625 84 35 482 452 182 314 386 949 857 338 210 93 130 44 849 316 319 511 570 290 18 240 718 774 287 87 470 705 401 221 731 356 900 748 664 41 532 190 424 249 174 422 950 892 684 69 598 3 355 611 362 871 953 657 784 120 768 504 91 442 927 168 616 872 898 755 457 265 29 108 642 749 726 506 567 267 730 967 919 739 36 665 897 549 765 257 845 610 233 74 485 654 463 968 618 638 526 587 68 584 361 920 918 777 597 940 420 264 88 926 381 794 636 517 553 842 604 216 408 347 86 172 740 523 57 946 177 283 878 958 563 77 793 599 721 488 449 374 255 480 557 966 72 406 223 534 433 603 89 58 358 307 630 890 262 591 434 281 351 931 181 596 15 274 346 724 49 32 574 113 656 471 546 582 126 21 28 766 404 589 733 341 965 234 608 219 344 73 297 586 573 566 771 245 960 922 440 275 706 497 555 310 720 76 889 911 286 764 866 710 799 391 478 399 583 11 964 173 672 360 742 246 81 118 106 207 650 916 558 315 430 578 33 304 732 167 230 786 723 309 395 269 974 633 491 756 438 468 228 955 139 220 50 40 364 300 698 188 883 20 292 38 306 263 803 184 956 959 843 761 595 411 71 59 256 64 403 435 247 979 760 189 279 615 772 5 9 328 443 901 43 326 277 675 124 565 439 34 237 70 75 888 662 280 22 572 431 426 683 166 750 963 719 580 343 16 938 649 936 447 712 402 289 715 763 711 744 144 217 204 713 24 797 537 704 560 321 132 201 109 538 67 588 542 741 925 55 769 752 52 758 10 194 171 980 122 63 273 259 7 441 39 56 156 621 651 745 617 896 469 554 561 969 474 933 924 111 813 46 753 396 375 48 243 957 186 620 418 205 802 887 241 659 914 770 535 668 79 670 45 547 692 2 976 879 185 196 556 248 536 498 791 783 545 465 27 42 496 78 673 23 559 942 614 425 737 428 860 453 624 413 973 30 187 527 324 444 585 628 961 551 250 639 436 25 606 971 8 863 51 725 655 778 882 876 530 934 951 627 405 214 645 975 392 13 61 119 962 835 479 912 577 569 540 801 367 646 694 754 972 14 544 605 709 238 637 53 213 806 680 191 930 456 54 342 921 669 258 859 788 647 932 454 846 276 792 467 270 697 575 476 12 601 917 848 17 952 432 372 648 494 417 294 915 699 836 183 840 218 295 977 226 807 164 412 19 841 734 26 877 641 455 421 461 
c [Incremental] Max used label: 981.
c [Incremental] Label 982 is removed from searching.
c [Incremental] Label 981 is removed from searching.
c [Incremental] Solving for max label = 980:
c [Incremental] Solving duration: 2397 ms.
s [Incremental] SAT (label = 980).
Label assignment: 311 254 6 110 136 782 268 945 602 369 661 830 858 884 658 278 590 728 759 775 521 466 215 373 978 235 353 954 790 941 743 707 847 65 94 762 855 515 844 437 576 885 60 516 852 543 854 652 170 394 874 483 796 383 202 208 906 910 83 423 416 864 687 98 678 318 787 929 747 197 225 779 619 92 313 458 301 873 200 407 227 271 397 80 853 947 459 943 522 193 473 507 944 175 198 429 568 776 899 667 195 736 284 451 116 923 112 767 37 695 398 239 629 827 97 850 493 640 773 371 780 935 260 415 169 345 236 970 244 509 448 242 612 613 593 231 82 291 409 66 937 4 581 209 893 212 90 785 677 296 513 211 632 31 609 594 579 735 880 875 251 114 861 282 102 548 100 903 330 856 625 84 35 482 452 182 314 386 949 857 338 210 93 130 44 849 316 319 511 570 290 18 240 718 774 287 87 470 705 401 221 731 356 900 748 664 41 532 190 424 249 21 422 950 892 684 69 598 3 355 611 362 871 953 657 784 120 768 504 91 442 927 168 616 872 898 755 457 265 29 108 642 749 726 506 567 267 730 967 919 739 36 665 897 549 765 257 845 610 233 74 485 654 463 968 618 638 526 587 68 584 361 920 918 777 389 940 420 264 88 926 381 794 636 517 553 842 604 216 408 347 86 172 740 523 57 946 177 283 878 958 563 77 793 599 721 488 449 374 255 480 557 966 72 406 223 534 433 603 89 58 358 307 630 890 262 591 660 281 351 931 181 596 15 274 346 724 49 28 939 113 656 471 546 582 126 32 85 766 404 589 733 341 965 234 608 219 344 73 297 586 573 566 771 245 960 922 440 275 706 497 555 310 720 76 889 911 286 764 866 710 799 391 478 399 203 11 964 173 672 360 742 246 81 118 106 207 650 916 558 315 430 578 33 304 732 167 230 786 723 309 395 269 974 633 491 756 438 468 228 955 139 220 50 40 364 300 698 188 883 20 292 38 306 263 803 184 956 959 843 761 595 411 71 59 256 64 403 435 247 979 760 189 279 352 772 5 9 328 443 901 43 326 277 675 124 565 439 34 237 70 75 888 662 280 22 572 431 426 683 166 750 963 719 580 343 16 571 649 936 447 712 402 289 715 763 711 744 144 217 204 713 24 797 537 704 560 615 132 201 109 538 67 588 542 741 925 55 769 752 52 758 10 194 171 980 122 63 273 259 7 441 39 56 156 621 651 745 617 896 469 554 561 969 474 933 924 111 813 46 753 396 375 48 243 957 186 620 418 205 802 887 241 659 914 770 535 668 79 670 45 547 692 2 976 879 185 196 556 248 536 498 791 783 545 465 27 42 496 78 673 23 559 942 614 425 737 428 860 453 624 413 973 30 187 527 324 444 585 628 961 551 250 639 436 25 606 971 8 863 51 725 655 778 882 876 530 934 951 627 405 214 645 975 392 13 61 119 962 835 479 912 577 569 540 801 367 646 694 754 972 14 544 605 709 238 637 53 213 806 680 191 930 456 54 342 921 669 258 859 788 647 932 454 846 276 792 467 270 697 575 476 12 601 917 848 17 952 432 372 648 494 417 294 915 699 836 183 840 218 295 977 226 641 164 412 19 841 734 26 877 644 455 421 461 
c [Incremental] Max used label: 980.
c [Incremental] Label 980 is removed from searching.
c [Incremental] Solving for max label = 979:
c [Incremental] Solving duration: 2433 ms.
s [Incremental] SAT (label = 979).
Label assignment: 311 254 6 110 136 782 268 945 602 369 661 830 858 884 658 278 590 728 759 775 521 466 215 373 978 235 353 954 790 941 743 707 847 65 94 762 855 515 844 437 576 885 60 516 852 543 854 652 170 394 874 483 796 383 202 208 906 910 83 423 416 864 687 98 678 318 787 929 747 197 225 779 619 92 313 458 301 873 200 407 227 271 397 80 853 947 459 943 522 193 473 507 944 175 198 429 568 776 899 667 195 736 284 451 116 923 112 767 37 695 398 239 629 827 97 850 493 640 773 371 780 935 260 415 169 345 236 970 244 509 448 242 612 613 593 231 82 291 409 66 937 4 581 209 893 212 90 785 677 296 513 211 632 31 609 594 579 735 880 875 251 114 861 282 102 548 100 903 330 856 625 84 35 482 452 182 314 386 949 857 338 210 93 130 44 849 316 319 511 570 290 18 240 718 774 287 87 470 705 401 221 731 356 900 748 664 41 532 190 424 249 21 422 950 892 684 69 598 3 355 611 362 871 953 657 784 120 768 504 91 442 927 168 616 872 898 755 457 265 29 108 642 749 726 506 567 267 730 967 919 739 36 665 897 549 765 257 845 610 233 74 485 654 463 968 618 638 526 587 68 584 361 920 918 777 389 940 420 264 88 926 381 794 636 517 553 842 604 216 408 347 86 172 740 523 57 946 177 283 878 958 563 77 793 599 721 488 449 374 255 480 557 966 72 406 223 534 433 603 89 58 358 307 630 890 262 591 660 281 351 931 181 596 15 274 346 724 49 28 939 113 656 471 546 582 126 32 85 766 404 589 733 341 965 234 608 219 344 73 297 586 573 566 771 245 960 922 440 275 706 497 555 310 720 76 889 911 286 764 866 710 799 391 478 399 203 11 964 173 672 360 742 246 81 118 106 207 650 916 558 315 430 578 33 304 732 167 230 786 723 309 395 269 974 633 491 756 438 468 228 955 139 220 50 40 364 300 698 188 883 20 292 38 306 263 803 184 956 959 843 761 595 411 71 59 256 64 403 435 247 979 760 189 279 352 772 5 9 328 443 901 43 326 277 675 124 565 439 34 237 70 75 888 662 280 22 572 431 426 683 166 750 963 719 580 343 16 571 649 936 447 712 402 289 715 763 711 744 144 217 204 713 24 797 537 704 560 615 132 201 109 538 67 588 542 741 925 55 769 752 52 758 10 194 171 905 122 63 273 259 7 441 39 56 156 621 651 745 617 896 469 554 561 969 474 933 924 111 813 46 753 396 375 48 243 957 186 620 418 205 802 887 241 659 914 770 535 668 79 670 45 547 692 2 976 879 185 196 556 248 536 498 791 783 545 465 27 42 496 78 673 23 559 942 614 425 737 428 860 453 624 413 973 30 187 527 324 444 585 628 961 551 250 639 436 25 606 971 8 863 51 725 655 778 882 876 530 934 951 627 405 214 645 975 392 13 61 119 962 835 479 912 577 569 540 363 367 646 694 754 972 14 544 605 709 238 637 53 213 806 680 191 930 456 54 342 921 669 258 859 788 647 932 454 846 276 792 467 270 697 575 476 12 601 917 848 17 952 432 372 648 494 417 294 915 699 836 183 840 218 295 977 226 641 164 412 19 841 734 26 877 644 455 421 461 
c [Incremental] Max used label: 979.
c [Incremental] Label 979 is removed from searching.
c [Incremental] Solving for max label = 978:
c [Incremental] Solving duration: 3246 ms.
s [Incremental] SAT (label = 978).
Label assignment: 311 254 6 110 136 18 487 945 602 369 661 830 858 884 658 278 590 728 759 775 521 466 215 373 978 165 353 923 790 941 743 707 847 334 271 762 855 515 829 437 576 885 65 516 852 543 97 652 170 394 874 483 796 383 202 208 906 910 83 423 416 864 687 98 678 318 751 929 747 197 225 779 619 92 313 458 301 873 200 407 227 285 397 80 853 947 510 943 522 193 473 507 944 175 198 459 568 667 899 869 195 736 284 451 116 365 112 767 37 690 398 239 671 881 105 850 493 640 773 371 622 695 235 415 169 345 236 970 244 509 448 242 612 382 593 231 82 291 484 66 937 4 581 209 893 212 90 785 677 296 513 211 632 95 682 60 579 735 880 875 251 114 861 282 102 548 100 903 330 856 625 84 35 482 452 288 314 386 949 857 338 210 93 130 44 849 316 319 511 570 290 31 240 718 774 904 87 470 705 401 221 731 356 900 748 664 892 532 190 442 249 21 424 950 838 684 69 550 3 355 611 362 871 953 657 784 120 768 504 91 948 927 168 616 872 911 755 457 265 29 108 642 749 726 506 954 267 730 967 919 739 36 665 897 549 765 257 845 610 312 74 485 654 463 968 618 638 526 587 68 567 361 920 666 777 389 940 514 264 88 926 381 794 636 517 553 842 604 216 408 347 86 172 740 523 57 946 177 283 878 958 563 77 793 573 721 488 449 388 255 480 557 966 72 406 223 562 433 603 89 58 358 307 630 890 262 591 660 281 351 931 181 613 15 274 346 724 138 28 939 113 844 471 546 574 49 32 85 766 404 422 733 341 965 234 608 219 344 73 297 586 572 566 771 245 960 922 440 275 706 497 555 310 720 76 889 834 286 764 866 710 799 391 512 399 203 11 534 173 672 360 742 160 81 118 106 207 650 916 558 315 430 578 33 304 732 167 230 786 723 228 395 902 974 633 491 756 438 468 269 955 139 410 50 40 364 300 698 188 883 20 292 38 306 263 803 184 956 959 843 761 595 411 71 445 256 279 220 435 247 935 760 189 321 352 772 5 9 328 443 901 43 326 277 643 124 565 439 34 237 888 75 909 662 280 22 571 431 426 615 166 750 963 719 580 343 16 584 659 936 896 712 475 289 674 763 711 744 144 217 204 713 24 797 537 704 560 589 132 201 727 538 67 588 542 741 925 55 769 752 52 758 10 194 171 905 122 63 273 259 7 441 39 56 156 621 683 745 617 354 469 554 561 969 474 933 924 111 813 46 753 396 363 48 243 957 186 620 418 865 802 887 241 651 914 770 535 668 79 670 45 547 688 2 942 976 185 214 556 248 536 489 791 783 545 465 13 42 390 78 689 23 559 582 614 425 737 428 860 453 624 413 973 30 187 527 324 444 585 628 961 551 250 639 436 25 606 62 8 708 51 725 655 692 882 876 530 934 951 627 232 196 645 975 392 54 61 119 962 835 479 912 577 569 540 384 367 646 778 754 14 972 544 605 709 238 637 500 213 806 680 191 930 456 53 342 921 669 258 859 788 647 932 454 846 276 792 498 270 697 575 476 12 601 917 848 17 952 432 372 648 494 375 294 915 699 836 183 840 218 295 977 226 641 164 596 19 841 734 26 877 644 455 421 461 
c [Incremental] Max used label: 978.
c [Incremental] Label 978 is removed from searching.
c [Incremental] Solving for max label = 977:
c [Incremental] Solving duration: 27579 ms.
s [Incremental] SAT (label = 977).
Label assignment: 51 61 534 273 47 616 886 443 7 713 340 831 155 64 828 59 427 797 613 158 113 344 87 306 976 614 367 708 763 931 941 651 152 570 335 582 424 657 611 156 265 872 167 114 480 354 909 137 478 727 140 42 95 723 48 241 922 866 227 953 933 885 160 94 744 3 618 764 74 85 952 449 883 541 875 588 107 151 248 327 36 123 28 520 161 346 569 663 418 918 898 338 774 415 33 695 967 356 949 901 970 253 910 623 975 627 57 584 432 164 9 592 523 620 489 535 457 410 20 679 309 111 920 635 288 786 34 726 139 692 398 275 417 339 55 903 281 86 603 40 573 129 971 973 690 201 778 436 522 38 485 232 345 77 445 675 71 145 255 894 264 260 455 899 79 157 112 748 289 923 406 755 414 493 587 80 904 256 197 647 97 608 767 730 586 560 710 948 527 408 801 961 444 104 787 154 68 324 287 756 475 930 488 965 434 451 435 472 912 676 12 189 170 897 566 902 63 940 401 105 597 240 715 759 686 165 518 873 714 166 285 212 312 497 428 551 607 168 765 550 935 413 266 246 292 600 969 546 860 263 891 859 634 84 352 599 917 149 643 880 752 283 506 269 499 540 147 243 402 591 259 131 320 144 719 943 722 342 116 621 6 307 798 490 89 501 69 385 234 10 188 460 254 389 268 138 890 966 881 701 610 893 615 649 261 14 749 924 230 35 98 103 8 186 640 959 625 72 357 562 496 298 938 326 921 174 407 99 867 446 711 279 855 555 78 532 75 13 440 192 109 682 258 913 196 598 671 148 950 944 2 662 674 491 213 49 46 50 430 892 365 972 200 604 470 784 932 796 951 638 732 896 747 180 622 829 422 96 601 142 162 895 11 905 191 15 741 781 574 487 270 589 163 934 272 538 22 290 4 358 274 211 199 799 81 65 664 889 236 390 906 222 146 233 115 242 609 294 955 882 746 911 237 31 854 178 423 706 963 654 17 308 919 153 954 754 712 437 757 832 207 44 37 110 494 884 699 968 580 60 439 542 937 529 915 537 18 760 464 914 565 16 556 946 169 543 802 362 235 939 486 276 67 322 766 653 244 461 143 438 431 132 656 790 539 707 412 368 333 528 297 652 257 280 691 328 672 977 323 194 908 66 761 768 590 474 133 250 718 619 731 929 76 391 916 26 208 567 210 184 315 716 552 442 826 745 563 106 945 52 962 101 19 220 465 102 29 305 645 887 900 399 88 974 293 839 533 740 743 602 24 216 303 400 907 426 536 925 262 452 606 498 83 874 173 393 750 530 697 218 594 788 316 433 25 670 5 785 128 284 512 343 888 252 249 141 419 738 936 92 388 876 927 224 960 770 416 332 957 947 349 214 720 318 717 314 564 1 58 492 728 329 878 361 758 23 636 871 302 856 100 221 41 355 405 202 576 245 53 411 958 231 734 360 795 219 687 32 578 159 942 705 595 617 215 926 247 382 30 251 557 409 278 39 150 397 545 239 21 782 524 176 62 547 780 709 742 43 581 544 90 928 370 681 459 956 56 702 45 351 377 877 553 185 769 830 404 359 861 179 119 70 350 554 667 353 669 964 526 27 869 783 182 420 698 206 680 777 225 93 772 271 479 223 725 
c [Incremental] Max used label: 977.
c [Incremental] Label 977 is removed from searching.
c [Incremental] Solving for max label = 976:
c [Incremental] Solving duration: 104540 ms.
s [Incremental] SAT (label = 976).
Label assignment: 51 61 537 273 47 592 534 914 48 721 340 831 679 854 695 57 373 797 599 7 647 490 64 175 976 856 501 177 763 941 188 40 144 114 54 567 374 844 559 750 239 74 152 657 697 354 306 376 142 232 719 42 12 527 953 192 708 866 432 952 933 127 885 582 358 55 605 85 449 67 20 344 275 899 346 713 842 95 198 327 3 123 75 889 90 523 916 663 418 911 875 265 778 421 33 923 967 356 898 660 19 264 975 847 949 614 593 584 410 94 161 627 931 857 489 804 227 151 9 646 724 309 924 767 398 59 38 362 288 149 268 339 415 53 49 925 664 883 863 587 632 364 603 971 86 574 700 217 522 30 699 201 143 748 675 507 959 77 668 422 36 124 281 868 78 157 335 659 174 973 256 860 388 289 428 68 485 260 194 872 903 566 308 897 586 125 948 710 640 408 105 940 368 320 382 756 330 961 156 718 475 930 488 162 966 109 417 419 752 676 513 250 170 926 551 938 607 546 379 37 324 460 715 726 686 825 613 683 270 133 135 597 155 254 497 759 591 312 730 413 212 15 266 253 267 197 922 386 643 436 787 881 129 864 10 969 383 907 148 321 326 774 880 164 846 307 29 385 453 661 241 701 674 877 725 943 722 755 639 638 733 965 794 111 34 506 35 431 234 6 150 101 407 380 652 447 213 893 477 917 562 103 610 649 238 341 634 545 216 65 100 14 184 189 671 910 626 472 8 290 524 243 656 182 66 672 401 99 645 440 711 251 920 423 452 896 89 98 430 193 279 112 283 915 220 598 120 322 950 944 2 690 141 821 556 46 21 50 951 685 384 242 199 577 662 732 932 802 892 461 677 69 798 180 619 829 171 96 601 666 904 895 185 84 206 70 342 689 709 487 934 402 580 495 510 467 41 912 712 178 499 244 211 25 464 282 520 848 236 115 901 222 126 207 609 258 31 519 158 294 746 529 237 72 200 963 773 879 894 172 602 503 484 91 909 28 293 425 390 843 272 43 203 301 121 494 749 946 781 694 416 968 906 502 816 531 954 760 369 839 560 958 209 947 673 319 796 132 235 939 784 466 865 514 539 653 196 400 474 138 395 13 463 800 500 631 27 424 470 625 819 45 245 412 606 318 280 955 139 246 757 323 761 801 884 153 140 118 473 590 117 81 549 776 887 23 208 565 210 4 481 754 426 745 486 878 621 698 508 617 962 667 52 552 465 257 442 252 703 902 705 399 88 956 937 845 741 654 734 644 32 873 190 512 929 427 558 768 154 438 735 874 858 871 310 393 73 782 276 397 594 788 297 596 24 729 79 758 16 226 498 108 136 179 274 304 389 110 347 92 738 791 187 205 277 56 642 332 900 905 357 214 720 479 363 291 641 1 770 492 176 387 58 365 876 17 783 348 302 329 678 333 433 355 173 957 202 229 39 792 964 215 300 5 779 219 688 44 578 516 942 704 595 570 204 665 107 521 122 420 372 409 62 585 360 221 855 146 960 918 349 736 882 542 80 921 313 76 670 299 231 927 737 974 483 533 26 830 134 936 249 891 553 359 130 658 579 181 862 353 317 563 186 945 650 351 669 928 147 22 687 762 295 381 525 296 482 159 225 82 538 717 93 404 119 
c [Incremental] Max used label: 976.
c [Incremental] Label 976 is removed from searching.
c [Incremental] Solving for max label = 975:
c [Signal] Signal interruption. Caught signal: SIGTERM (15).
c [Main] Lim pid ends with result: 254.
r [Main] 
r [Main] Final results: 
r [Main] Total real time: 1806395 ms.
r [Main] Total memory consumed: 6100.5 MB.
r [Main] 
