c [Version] Minimize Makespan Labeling Encoder version 1.0.0.
c [Param] Target value is set to 84.
c [Param] LB is predefined as 85.
c [Param] UB is predefined as 444.
c [Param] Target value is set to Cyclic Antibandwidth.
c [Param] Vertices mode is set to Has hole.
c [Param] Result verification is ON.
c [Param] Memory limit is set to 30000.
c [Param] Real time limit is set to 1800.
c [Param] Worker count is set to 8.
c [Param] Max CNF size is set to 10.
c [Main] Search strategy: Iterating from upper bound.
c [Main] Search order: 444 443 442 441 440 439 438 437 436 435 434 433 432 431 430 429 428 427 426 425 424 423 422 421 420 419 418 417 416 415 414 413 412 411 410 409 408 407 406 405 404 403 402 401 400 399 398 397 396 395 394 393 392 391 390 389 388 387 386 385 384 383 382 381 380 379 378 377 376 375 374 373 372 371 370 369 368 367 366 365 364 363 362 361 360 359 358 357 356 355 354 353 352 351 350 349 348 347 346 345 344 343 342 341 340 339 338 337 336 335 334 333 332 331 330 329 328 327 326 325 324 323 322 321 320 319 318 317 316 315 314 313 312 311 310 309 308 307 306 305 304 303 302 301 300 299 298 297 296 295 294 293 292 291 290 289 288 287 286 285 284 283 282 281 280 279 278 277 276 275 274 273 272 271 270 269 268 267 266 265 264 263 262 261 260 259 258 257 256 255 254 253 252 251 250 249 248 247 246 245 244 243 242 241 240 239 238 237 236 235 234 233 232 231 230 229 228 227 226 225 224 223 222 221 220 219 218 217 216 215 214 213 212 211 210 209 208 207 206 205 204 203 202 201 200 199 198 197 196 195 194 193 192 191 190 189 188 187 186 185 184 183 182 181 180 179 178 177 176 175 174 173 172 171 170 169 168 167 166 165 164 163 162 161 160 159 158 157 156 155 154 153 152 151 150 149 148 147 146 145 144 143 142 141 140 139 138 137 136 135 134 133 132 131 130 129 128 127 126 125 124 123 122 121 120 119 118 117 116 115 114 113 112 111 110 109 108 107 106 105 104 103 102 101 100 99 98 97 96 95 94 93 92 91 90 89 88 87 86 85.
c [Main] Encoding and solving for graph: T-dwt__592.mtx.rnd.
c [Label = 443] Minimize Makespan Labeling problem (T-dwt__592.mtx.rnd):
c [Label = 444] Minimize Makespan Labeling problem (T-dwt__592.mtx.rnd):
c [Label = 442] Minimize Makespan Labeling problem (T-dwt__592.mtx.rnd):
c [Label = 439] Minimize Makespan Labeling problem (T-dwt__592.mtx.rnd):
c [Label = 438] Minimize Makespan Labeling problem (T-dwt__592.mtx.rnd):
c [Label = 441] Minimize Makespan Labeling problem (T-dwt__592.mtx.rnd):
c [Label = 440] Minimize Makespan Labeling problem (T-dwt__592.mtx.rnd):
c [Label = 437] Minimize Makespan Labeling problem (T-dwt__592.mtx.rnd):
c [Label = 437] Encoding starts with target value = 84:
c [Label = 437] Encoding duration: 11065ms.
c [Label = 437] Number of clauses: 6119678.
c [Label = 437] Number of variables: 805250.
c [Label = 437] Solving duration: 34971 ms.
s [Label = 437] SAT (w = 84).
c [Label = 437] Label assignment: 1 1 1 1 1 1 1 1 1 1 1 1 1 85 1 85 1 1 85 85 1 1 85 85 1 85 85 1 1 1 1 1 1 85 1 1 1 85 1 1 1 1 1 1 1 1 1 1 1 85 169 1 85 1 85 85 1 85 85 85 1 169 85 1 85 85 85 1 85 1 85 1 85 1 1 1 1 85 85 1 85 1 85 1 85 85 1 1 85 85 85 85 169 85 1 352 1 1 169 1 85 85 253 85 169 1 169 85 85 85 85 1 169 85 1 1 169 1 169 85 1 85 169 85 269 436 253 85 1 169 85 169 169 169 169 1 169 1 1 169 85 85 268 169 269 169 85 253 354 169 254 1 352 170 253 85 169 169 85 268 158 269 169 1 253 184 1 85 169 253 1 184 169 85 100 268 169 253 1 85 85 422 85 85 253 352 69 253 1 85 153 85 354 169 1 169 85 169 353 169 85 253 169 169 253 253 253 169 169 253 253 169 253 352 352 184 85 253 85 1 184 85 437 268 337 427 184 352 169 85 352 1 1 1 255 337 85 253 436 85 184 253 169 270 341 169 253 337 169 338 169 169 354 352 184 1 85 169 255 354 337 268 169 184 101 1 253 352 186 343 268 270 352 421 253 337 169 253 354 169 337 184 85 169 184 339 74 268 354 169 253 1 354 352 169 352 85 268 436 186 85 436 253 185 169 85 354 185 85 85 169 269 186 338 337 85 268 253 354 436 352 337 1 169 169 268 85 185 152 268 185 436 184 175 352 436 253 337 186 85 253 354 354 253 270 253 85 436 254 353 421 270 158 1 85 337 253 184 337 268 169 85 352 169 169 253 353 354 270 338 337 354 100 101 268 1 85 253 337 85 352 169 169 1 169 85 1 169 253 337 169 253 169 268 436 352 186 268 85 1 85 437 253 1 270 253 169 270 352 171 270 436 437 270 337 354 270 268 169 253 169 169 169 337 352 259 169 354 354 353 354 337 169 337 352 337 169 354 354 337 354 338 353 268 175 184 436 270 352 353 100 339 85 253 253 354 85 421 352 256 337 100 169 85 101 352 169 337 352 353 420 268 85 436 169 169 270 337 253 337 268 253 253 253 338 354 169 85 169 352 337 253 253 436 1 85 352 270 253 354 268 270 1 253 169 169 427 85 85 268 270 353 184 253 253 269 270 253 254 253 91 354 337 354 253 269 100 74 259 101 353 421 343 253 84 85 169 169 343 436 253 186 338 169 254 354 270 259 337 354 269 253 268 1 175 270 1 184 422 270 169 354 354 436 169 85 352 69 352 422 68 253 337 85 253 1 85 253 337 85 354 354 352 169 169 269 169 354 85 169 85 169 
c [Label = 439] Encoding starts with target value = 84:
c [Label = 439] Encoding duration: 10628ms.
c [Label = 439] Number of clauses: 6143647.
c [Label = 439] Number of variables: 807618.
c [Signal] Signal interruption. Caught signal: SIGTERM (15).
c [Label = 440] Encoding starts with target value = 84:
c [Label = 440] Encoding duration: 10659ms.
c [Label = 440] Number of clauses: 6155632.
c [Label = 440] Number of variables: 808802.
c [Signal] Signal interruption. Caught signal: SIGTERM (15).
c [Label = 438] Encoding starts with target value = 84:
c [Label = 438] Encoding duration: 10678ms.
c [Label = 438] Number of clauses: 6131663.
c [Label = 438] Number of variables: 806434.
c [Label = 438] Solving duration: 37039 ms.
s [Label = 438] SAT (w = 84).
c [Label = 438] Label assignment: 1 1 1 1 1 1 1 1 1 1 1 1 1 85 1 85 1 1 85 85 1 1 85 85 1 85 85 1 1 1 1 1 1 85 1 1 1 85 1 1 1 1 1 1 1 1 1 1 1 85 169 1 85 1 85 85 1 85 85 85 1 169 85 1 85 85 85 1 85 1 85 1 85 1 1 1 1 85 85 1 85 1 85 1 85 85 1 1 85 85 85 85 169 85 1 353 1 1 169 1 85 85 253 85 169 1 169 85 85 85 85 1 169 85 1 1 169 1 169 85 1 85 169 85 270 437 253 85 1 169 85 169 169 169 169 1 169 1 1 169 85 85 269 169 270 169 85 253 355 169 254 1 353 170 253 85 169 169 85 269 170 270 169 1 253 185 1 85 169 253 1 185 169 85 101 269 169 253 1 85 85 422 85 85 253 353 68 253 1 85 158 85 355 169 1 169 85 169 354 169 85 253 169 169 253 253 253 169 169 253 253 169 253 353 353 185 85 269 85 1 185 85 438 269 337 187 185 169 169 85 353 1 1 1 255 337 85 253 437 85 185 253 169 187 341 169 253 337 169 338 169 169 355 353 185 1 85 169 255 355 337 269 169 185 102 1 253 353 253 353 269 169 353 421 253 337 169 253 355 169 337 185 85 169 185 339 86 269 355 185 253 1 355 353 169 353 85 269 437 255 85 437 253 186 169 85 341 186 85 85 169 270 187 338 337 85 269 253 355 437 353 337 1 169 169 269 85 186 151 269 186 437 185 175 353 437 253 337 271 85 253 355 355 253 271 253 85 437 254 354 421 271 187 1 85 337 253 185 337 269 169 85 353 169 169 253 354 355 271 338 337 355 101 102 269 1 85 253 337 85 353 169 169 1 169 85 1 169 253 337 169 253 169 269 437 353 253 269 85 1 85 438 253 1 355 253 169 169 353 171 271 437 438 169 337 267 271 269 169 253 169 169 169 337 353 187 169 341 355 354 355 337 169 337 353 337 169 355 355 337 253 338 354 269 355 353 437 271 353 354 101 339 85 253 253 355 85 421 353 256 337 101 169 85 102 353 169 337 353 354 420 269 85 437 169 169 271 337 253 337 269 253 253 253 338 355 169 85 169 353 337 253 85 437 1 85 353 271 253 355 269 271 1 253 169 169 437 85 85 269 271 354 185 253 253 270 271 253 254 253 85 355 337 355 253 270 101 437 103 102 354 421 353 253 84 85 169 169 271 437 253 271 338 169 254 355 171 1 337 355 85 253 269 1 271 271 1 185 422 271 169 337 355 437 169 85 353 68 353 422 67 253 337 85 253 1 85 253 337 85 355 355 353 169 169 270 169 355 85 169 253 169 
c [Signal] Signal interruption. Caught signal: SIGTERM (15).
c [Label = 441] Encoding starts with target value = 84:
c [Label = 441] Encoding duration: 10675ms.
c [Label = 441] Number of clauses: 6167616.
c [Label = 441] Number of variables: 809986.
c [Signal] Signal interruption. Caught signal: SIGTERM (15).
c [Main] Lowest label SAT is set to 437.
c [Main] Kill higher label pid 438.
c [Main] Kill higher label pid 439.
c [Main] Kill higher label pid 440.
c [Main] Kill higher label pid 441.
c [Main] Kill higher label pid 442.
c [Main] Kill higher label pid 443.
c [Main] Kill higher label pid 444.
c [Label = 442] Encoding starts with target value = 84:
c [Label = 442] Encoding duration: 11025ms.
c [Label = 442] Number of clauses: 6179601.
c [Label = 442] Number of variables: 811170.
c [Signal] Signal interruption. Caught signal: SIGTERM (15).
c [Label = 443] Encoding starts with target value = 84:
c [Label = 443] Encoding duration: 10843ms.
c [Label = 443] Number of clauses: 6191585.
c [Label = 443] Number of variables: 812354.
c [Signal] Signal interruption. Caught signal: SIGTERM (15).
c [Label = 444] Encoding starts with target value = 84:
c [Label = 444] Encoding duration: 10700ms.
c [Label = 444] Number of clauses: 6203570.
c [Label = 444] Number of variables: 813538.
c [Signal] Signal interruption. Caught signal: SIGTERM (15).
c [Label = 436] Minimize Makespan Labeling problem (T-dwt__592.mtx.rnd):
c [Main] Child pid 443 - 104278 terminated by signal 15.
c [Label = 435] Minimize Makespan Labeling problem (T-dwt__592.mtx.rnd):
c [Main] Child pid 438 - 104283 terminated by signal 15.
c [Main] Child pid 439 - 104282 terminated by signal 15.
c [Label = 434] Minimize Makespan Labeling problem (T-dwt__592.mtx.rnd):
c [Main] Child pid 441 - 104280 terminated by signal 15.
c [Label = 432] Minimize Makespan Labeling problem (T-dwt__592.mtx.rnd):
c [Main] Child pid 444 - 104277 terminated by signal 15.
c [Main] Child pid 440 - 104281 terminated by signal 15.
c [Label = 431] Minimize Makespan Labeling problem (T-dwt__592.mtx.rnd):
c [Label = 430] Minimize Makespan Labeling problem (T-dwt__592.mtx.rnd):
c [Main] Child pid 442 - 104279 terminated by signal 15.
c [Label = 429] Minimize Makespan Labeling problem (T-dwt__592.mtx.rnd):
c [Label = 433] Minimize Makespan Labeling problem (T-dwt__592.mtx.rnd):
c [Label = 431] Encoding starts with target value = 84:
c [Label = 431] Encoding duration: 10673ms.
c [Label = 431] Number of clauses: 6047771.
c [Label = 431] Number of variables: 798146.
c [Label = 431] Solving duration: 31576 ms.
s [Label = 431] SAT (w = 84).
c [Label = 431] Label assignment: 1 1 1 1 1 1 1 1 1 1 1 1 1 85 1 85 1 1 85 85 1 1 85 85 1 85 85 1 1 1 1 1 1 85 1 1 1 85 1 1 1 1 1 1 1 1 1 1 1 85 169 1 85 1 85 85 1 85 85 85 1 169 85 1 85 85 85 1 85 1 85 1 85 1 1 1 1 85 85 1 85 1 85 1 85 85 1 1 85 85 85 85 169 85 1 347 1 1 169 1 85 85 253 85 169 1 169 85 85 85 85 1 169 85 1 1 169 1 169 85 1 85 169 85 263 430 253 85 1 169 85 169 169 169 169 1 169 1 1 169 85 85 262 169 75 169 348 253 338 169 1 1 346 264 253 85 264 169 85 262 85 254 169 1 253 178 1 85 169 348 1 178 169 86 94 1 169 263 1 85 85 169 85 85 263 347 75 253 1 85 159 85 348 169 1 169 263 169 179 169 85 263 169 169 253 11 253 358 169 348 253 169 253 346 346 178 85 348 85 1 170 85 431 262 337 1 178 169 179 85 1 338 1 1 255 337 89 253 430 85 178 263 169 85 341 169 253 347 264 348 169 347 348 346 178 1 85 169 255 348 337 262 169 178 161 1 253 346 253 263 262 348 180 431 179 337 348 253 348 169 95 178 85 169 178 339 347 262 348 169 253 1 348 346 348 346 85 262 430 255 85 170 253 75 169 85 341 179 86 85 169 254 180 348 337 85 262 253 169 430 1 337 1 169 179 262 85 170 168 262 422 430 178 191 346 430 253 347 253 85 253 348 348 253 263 253 86 96 254 338 264 254 264 1 85 337 253 178 337 262 348 85 346 347 169 253 347 348 264 338 347 264 94 263 262 1 85 253 85 85 346 169 178 1 169 85 1 179 253 337 169 253 169 262 264 346 253 262 85 1 85 422 179 1 169 253 169 348 346 171 263 430 431 169 180 253 264 262 169 253 169 348 169 337 346 348 264 337 348 347 348 337 170 337 346 337 169 169 348 337 253 338 85 262 264 346 253 264 346 338 94 339 85 253 253 341 85 431 346 256 337 94 169 95 170 346 169 337 180 347 420 262 85 430 169 169 264 337 253 347 262 253 253 263 338 180 169 348 169 346 337 253 180 430 1 86 346 180 253 180 95 264 1 262 169 169 431 85 94 348 264 264 178 253 95 254 264 263 85 253 348 348 337 170 253 254 86 85 348 338 338 421 347 253 84 85 169 169 180 430 253 264 338 169 254 347 171 169 179 348 180 253 262 1 264 254 1 178 422 264 348 169 348 430 169 85 346 75 346 422 84 253 337 85 264 1 85 253 337 85 348 430 346 340 263 263 169 348 85 179 348 180 
c [Label = 430] Encoding starts with target value = 84:
c [Label = 430] Encoding duration: 10636ms.
c [Label = 430] Number of clauses: 6035787.
c [Label = 430] Number of variables: 796962.
c [Label = 430] Solving duration: 31696 ms.
s [Label = 430] SAT (w = 84).
c [Label = 430] Label assignment: 1 1 1 1 1 1 1 1 1 1 1 1 1 85 1 85 1 1 85 85 1 1 85 85 1 85 85 1 1 1 1 1 1 85 1 1 1 85 1 1 1 1 1 1 1 1 1 1 1 85 169 1 85 1 85 85 1 85 85 85 1 169 85 1 85 85 85 1 85 1 85 1 85 1 1 1 1 85 85 1 85 1 85 1 85 85 1 1 85 85 85 85 169 85 1 347 1 1 169 1 85 85 253 85 169 1 169 85 85 85 85 1 169 85 1 1 169 1 169 85 1 85 169 85 262 429 253 85 1 169 85 169 169 169 169 1 169 1 1 169 85 85 261 169 1 169 85 253 85 169 1 1 345 85 253 85 169 169 85 261 171 261 169 1 253 177 1 85 169 253 1 177 169 85 93 1 169 263 1 85 85 169 85 85 169 347 79 253 1 85 163 85 347 169 1 169 85 169 1 169 85 253 169 169 253 253 253 169 169 253 253 169 253 345 345 177 85 261 85 1 177 85 429 261 337 179 177 169 170 85 1 1 1 1 255 337 86 253 429 85 177 86 169 179 341 169 253 338 169 344 169 347 347 345 177 1 85 169 255 347 337 261 169 177 167 1 253 345 253 345 261 169 347 430 179 337 169 253 347 169 337 177 85 253 177 339 87 261 347 177 253 1 347 345 169 345 85 261 429 255 85 263 253 83 169 85 341 178 85 85 169 261 179 347 337 85 261 253 347 429 345 337 1 169 169 261 85 177 179 261 347 429 177 179 345 429 253 346 263 85 253 347 347 253 262 253 337 429 257 85 421 341 179 1 85 337 253 170 337 261 347 85 345 347 169 253 346 347 263 341 347 347 93 85 261 1 85 253 337 85 345 169 170 1 169 85 1 169 253 337 169 253 169 261 260 345 253 261 85 1 85 429 253 1 347 253 169 169 345 171 262 429 179 169 337 255 263 261 169 253 169 169 169 337 345 179 169 341 347 345 347 337 253 337 345 337 169 347 347 337 253 338 347 261 347 345 169 263 345 345 93 339 85 253 253 347 85 263 345 256 337 93 169 85 263 345 169 337 345 347 420 261 85 429 169 169 263 337 253 421 261 253 253 253 338 347 169 85 169 345 337 253 85 429 1 169 345 263 253 347 261 263 1 254 169 169 429 85 254 344 263 346 177 253 253 169 263 254 253 253 85 347 337 257 253 169 93 429 95 85 263 421 345 253 83 85 169 169 263 429 253 263 338 169 255 347 171 1 337 347 85 253 261 1 263 263 1 177 425 263 169 337 347 429 169 85 345 76 345 422 84 253 337 85 253 1 85 253 337 85 347 347 345 169 85 263 169 347 85 170 253 169 
c [Label = 432] Encoding starts with target value = 84:
c [Label = 432] Encoding duration: 10672ms.
c [Label = 432] Number of clauses: 6059756.
c [Label = 432] Number of variables: 799330.
c [Label = 432] Solving duration: 31630 ms.
s [Label = 432] SAT (w = 84).
c [Label = 432] Label assignment: 1 1 1 1 1 1 1 1 1 1 1 1 1 85 1 85 1 1 85 85 1 1 85 85 1 85 85 1 1 1 1 1 1 85 1 1 1 85 1 1 1 1 1 1 1 1 1 1 1 85 169 1 85 1 85 85 1 85 85 85 1 169 85 1 85 85 85 1 85 1 85 1 85 1 1 1 1 85 85 1 85 1 85 1 85 85 1 1 85 85 85 85 169 85 1 348 1 1 169 1 85 85 253 85 169 1 169 85 85 85 85 1 169 85 1 1 169 1 169 85 1 85 169 85 264 431 253 85 1 169 85 169 169 169 169 1 169 1 1 169 85 85 263 169 74 169 349 253 338 169 1 1 347 265 253 85 265 169 85 263 85 254 169 1 253 179 1 85 169 349 1 179 169 86 95 1 169 264 1 85 85 169 85 85 264 348 74 253 1 85 159 85 349 169 1 169 264 169 180 169 85 264 169 169 253 12 253 349 169 349 253 169 253 347 347 179 85 349 85 1 170 85 432 263 337 1 179 169 180 85 1 338 1 1 255 337 89 253 431 85 179 264 169 85 341 169 253 348 265 349 169 348 349 347 179 1 85 169 255 349 337 263 169 179 160 1 253 347 253 264 263 349 181 432 180 337 349 253 349 169 96 179 349 169 179 339 348 263 349 169 253 1 349 347 349 347 85 263 431 255 85 170 253 74 169 85 341 180 86 85 169 254 181 349 337 85 263 253 169 431 1 337 1 169 180 263 85 170 168 263 422 431 179 192 347 431 253 348 253 85 253 349 349 253 264 253 86 97 254 338 265 254 265 1 85 337 253 179 337 263 349 85 347 348 169 253 348 349 265 338 348 265 95 264 263 1 85 253 85 85 347 169 179 1 169 85 1 180 253 337 169 253 169 263 265 347 253 263 85 1 85 422 180 1 169 253 169 349 347 171 264 431 432 169 181 253 265 263 169 253 169 349 169 337 347 349 97 337 349 348 349 337 170 337 347 337 169 169 349 337 253 338 85 263 265 347 253 265 347 338 95 339 85 253 253 341 85 432 347 256 337 95 169 96 170 347 169 337 181 348 420 263 85 431 169 169 265 337 253 348 263 253 253 264 338 181 169 349 169 347 337 253 181 431 1 86 347 181 253 181 265 265 1 263 169 169 432 85 95 349 265 265 179 253 96 254 265 264 85 253 349 349 337 170 253 254 86 85 349 338 338 421 348 253 84 85 169 169 181 431 253 265 338 169 254 348 171 169 180 349 181 253 263 1 265 254 1 179 422 265 349 169 349 431 169 85 347 74 347 422 84 253 337 85 265 1 85 253 337 85 349 431 347 340 264 264 169 349 85 180 349 181 
c [Label = 434] Encoding starts with target value = 84:
c [Label = 434] Encoding duration: 10681ms.
c [Label = 434] Number of clauses: 6083725.
c [Label = 434] Number of variables: 801698.
c [Label = 434] Solving duration: 31862 ms.
s [Label = 434] SAT (w = 84).
c [Label = 434] Label assignment: 1 1 1 1 1 1 1 1 1 1 1 1 1 85 1 85 1 1 85 85 1 1 85 85 1 85 85 1 1 1 1 1 1 85 1 1 1 85 1 1 1 1 1 1 1 1 1 1 1 85 169 1 85 1 85 85 1 85 85 85 1 169 85 1 85 85 85 1 85 1 85 1 85 1 1 1 1 85 85 1 85 1 85 1 85 85 1 1 85 85 85 85 169 85 1 350 1 1 169 1 85 85 253 85 169 1 169 85 85 85 85 1 169 85 1 1 169 1 169 85 1 85 169 85 266 433 253 85 1 169 85 169 169 169 169 1 169 1 1 169 85 85 265 169 72 169 351 253 338 169 1 1 349 267 253 85 267 169 85 265 85 254 169 1 253 181 1 85 169 351 1 181 169 86 97 1 169 266 1 85 85 169 85 85 266 350 72 253 1 85 157 85 351 169 1 169 266 169 182 169 85 266 169 169 253 14 253 351 169 351 253 169 253 349 349 181 85 351 85 1 170 85 434 265 337 1 181 169 182 85 1 338 1 1 255 337 89 253 433 85 181 266 169 85 341 169 253 350 267 351 169 350 351 349 181 1 85 169 255 351 337 265 169 181 159 1 253 349 253 266 265 351 183 434 182 337 351 253 351 169 98 181 351 169 181 339 350 265 351 169 253 1 351 349 351 349 85 265 433 255 85 170 253 72 169 85 341 182 86 85 169 254 183 351 337 85 265 253 169 433 1 337 1 169 182 265 85 170 168 265 422 433 181 194 349 433 253 350 253 85 253 351 351 253 266 253 86 99 254 338 267 254 267 1 85 337 253 181 337 265 351 85 349 350 169 253 350 351 267 338 350 267 97 266 265 1 85 253 85 85 349 169 181 1 169 85 1 182 253 337 169 253 169 265 267 349 253 265 85 1 85 422 182 1 169 253 169 351 349 171 266 433 434 169 183 253 267 265 169 253 169 351 169 337 349 351 99 337 351 350 351 337 170 337 349 337 169 169 351 337 253 338 85 265 267 349 253 267 349 338 97 339 85 253 253 341 85 434 349 256 337 97 169 98 170 349 169 337 183 350 420 265 85 433 169 169 267 337 253 350 265 253 253 266 338 183 169 351 169 349 337 253 183 433 1 86 349 183 253 183 267 267 1 265 169 169 434 85 97 351 267 267 181 253 98 254 267 266 85 253 351 351 337 170 253 254 86 85 351 338 338 421 350 253 84 85 169 169 183 433 253 267 338 169 254 350 171 169 182 351 183 253 265 1 267 254 1 181 422 267 351 169 351 433 169 85 349 72 349 422 84 253 337 85 267 1 85 253 337 85 351 433 349 340 266 266 169 351 85 182 351 183 
c [Signal] Signal interruption. Caught signal: SIGTERM (15).
c [Main] Lowest label SAT is set to 431.
c [Main] Kill higher label pid 432.
c [Main] Kill higher label pid 433.
c [Main] Kill higher label pid 434.
c [Main] Kill higher label pid 435.
c [Main] Kill higher label pid 436.
c [Label = 435] Encoding starts with target value = 84:
c [Label = 435] Encoding duration: 10667ms.
c [Label = 435] Number of clauses: 6095709.
c [Label = 435] Number of variables: 802882.
c [Label = 435] Solving duration: 32290 ms.
s [Label = 435] SAT (w = 84).
c [Label = 435] Label assignment: 1 1 1 1 1 1 1 1 1 1 1 1 1 85 1 85 1 1 85 85 1 1 85 85 1 85 85 1 1 1 1 1 1 85 1 1 1 85 1 1 1 1 1 1 1 1 1 1 1 85 169 1 85 1 85 85 1 85 85 85 1 169 85 1 85 85 85 1 85 1 85 1 85 1 1 1 1 85 85 1 85 1 85 1 85 85 1 1 85 85 85 85 169 85 1 350 1 1 169 1 85 85 253 85 169 1 169 85 85 85 85 1 169 85 1 1 169 1 169 85 1 85 169 85 267 434 253 85 1 169 85 169 169 169 169 1 169 1 1 169 85 85 266 169 267 169 85 253 352 169 254 1 350 170 253 85 169 169 85 266 159 267 169 1 253 182 1 85 169 253 1 182 169 85 98 266 169 253 1 85 85 422 85 85 253 350 71 253 1 85 155 85 352 169 1 169 85 169 351 169 85 253 169 169 253 253 253 169 169 253 253 169 253 350 350 182 85 253 85 1 182 85 435 266 337 426 182 350 169 85 350 1 1 1 255 337 85 253 434 85 182 253 169 268 341 169 253 337 169 338 169 169 352 350 182 1 85 169 255 352 337 266 169 182 99 1 253 350 184 342 266 268 350 421 253 337 169 253 352 169 337 182 85 169 182 339 75 266 352 169 253 1 352 350 169 350 85 266 434 184 85 434 253 183 169 85 352 183 85 85 169 267 184 338 337 85 266 253 352 434 350 337 1 169 169 266 85 183 154 266 183 434 182 175 350 434 253 337 184 85 253 352 352 253 268 253 85 434 254 351 421 268 159 1 85 337 253 182 337 266 169 85 350 169 169 253 351 352 268 338 337 352 98 99 266 1 85 253 337 85 350 169 169 1 169 85 1 169 253 337 169 253 169 266 434 350 184 266 85 1 85 435 253 1 268 253 169 268 350 171 268 434 435 268 337 352 268 266 169 253 169 169 169 337 350 258 169 352 352 351 352 337 169 337 350 337 169 352 352 337 352 338 351 266 174 182 434 268 350 351 98 339 85 253 253 352 85 421 350 256 337 98 169 85 99 350 169 337 350 351 420 266 85 434 169 169 268 337 253 337 266 253 253 253 338 352 169 85 169 350 337 253 253 434 1 85 350 268 253 352 266 268 1 253 169 169 426 85 85 266 268 351 182 253 253 267 268 253 254 253 90 352 337 352 253 267 98 75 258 99 351 421 342 253 84 85 169 169 342 434 253 184 338 169 254 352 268 258 337 352 267 253 266 1 174 268 1 182 422 268 169 352 352 434 169 85 350 71 350 422 70 253 337 85 253 1 85 253 337 85 352 352 350 169 169 267 169 352 85 169 85 169 
c [Signal] Signal interruption. Caught signal: SIGTERM (15).
c [Label = 436] Encoding starts with target value = 84:
c [Label = 436] Encoding duration: 10770ms.
c [Label = 436] Number of clauses: 6107694.
c [Label = 436] Number of variables: 804066.
c [Label = 436] Solving duration: 31832 ms.
s [Label = 436] SAT (w = 84).
c [Label = 436] Label assignment: 1 1 1 1 1 1 1 1 1 1 1 1 1 85 1 85 1 1 85 85 1 1 85 85 1 85 85 1 1 1 1 1 1 85 1 1 1 85 1 1 1 1 1 1 1 1 1 1 1 85 169 1 85 1 85 85 1 85 85 85 1 169 85 1 85 85 85 1 85 1 85 1 85 1 1 1 1 85 85 1 85 1 85 1 85 85 1 1 85 85 85 85 169 85 1 351 1 1 169 1 85 85 253 85 169 1 169 85 85 85 85 1 169 85 1 1 169 1 169 85 1 85 169 85 268 435 253 85 1 169 85 169 169 169 169 1 169 1 1 169 85 85 267 169 268 169 85 253 353 169 254 1 351 170 253 85 169 169 85 267 170 268 169 1 253 183 1 85 169 253 1 183 169 85 99 267 169 253 1 85 85 422 85 85 253 351 70 253 1 85 159 85 353 169 1 169 85 169 352 169 85 253 169 169 253 253 253 169 169 253 253 169 253 351 351 183 85 267 85 1 183 85 436 267 337 185 183 169 169 85 351 1 1 1 255 337 85 253 435 85 183 253 169 185 341 169 253 337 169 338 169 169 353 351 183 1 85 169 255 353 337 267 169 183 100 1 253 351 253 351 267 169 351 421 253 337 169 253 353 169 337 183 85 169 183 339 86 267 353 183 253 1 353 351 169 351 85 267 435 255 85 435 253 184 169 85 341 184 85 85 169 268 185 338 337 85 267 253 353 435 351 337 1 169 169 267 85 184 153 267 184 435 183 175 351 435 253 337 269 85 253 353 353 253 269 253 85 435 254 352 421 269 185 1 85 337 253 183 337 267 169 85 351 169 169 253 352 353 269 338 337 353 99 100 267 1 85 253 337 85 351 169 169 1 169 85 1 169 253 337 169 253 169 267 435 351 253 267 85 1 85 436 253 1 353 253 169 169 351 171 269 435 436 169 337 265 269 267 169 253 169 169 169 337 351 185 169 341 353 352 353 337 169 337 351 337 169 353 353 337 253 338 352 267 353 351 435 269 351 352 99 339 85 253 253 353 85 421 351 256 337 99 169 85 100 351 169 337 351 352 420 267 85 435 169 169 269 337 253 337 267 253 253 253 338 353 169 85 169 351 337 253 85 435 1 85 351 269 253 353 267 269 1 253 169 169 435 85 85 267 269 352 183 253 253 268 269 253 254 253 85 353 337 353 253 268 99 435 101 100 352 421 351 253 84 85 169 169 269 435 253 269 338 169 254 353 171 1 337 353 85 253 267 1 269 269 1 183 422 269 169 337 353 435 169 85 351 70 351 422 69 253 337 85 253 1 85 253 337 85 353 353 351 169 169 268 169 353 85 169 253 169 
c [Signal] Signal interruption. Caught signal: SIGTERM (15).
c [Label = 433] Encoding starts with target value = 84:
c [Label = 433] Encoding duration: 10711ms.
c [Label = 433] Number of clauses: 6071740.
c [Label = 433] Number of variables: 800514.
c [Label = 433] Solving duration: 31676 ms.
s [Label = 433] SAT (w = 84).
c [Label = 433] Label assignment: 1 1 1 1 1 1 1 1 1 1 1 1 1 85 1 85 1 1 85 85 1 1 85 85 1 85 85 1 1 1 1 1 1 85 1 1 1 85 1 1 1 1 1 1 1 1 1 1 1 85 169 1 85 1 85 85 1 85 85 85 1 169 85 1 85 85 85 1 85 1 85 1 85 1 1 1 1 85 85 1 85 1 85 1 85 85 1 1 85 85 85 85 169 85 1 349 1 1 169 1 85 85 253 85 169 1 169 85 85 85 85 1 169 85 1 1 169 1 169 85 1 85 169 85 265 432 253 85 1 169 85 169 169 169 169 1 169 1 1 169 85 85 264 169 73 169 350 253 338 169 1 1 348 266 253 85 266 169 85 264 85 254 169 1 253 180 1 85 169 350 1 180 169 86 96 1 169 265 1 85 85 169 85 85 265 349 73 253 1 85 157 85 350 169 1 169 265 169 181 169 85 265 169 169 253 13 253 362 169 350 253 169 253 348 348 180 85 350 85 1 170 85 433 264 337 1 180 169 181 85 1 338 1 1 255 337 89 253 432 85 180 265 169 85 341 169 253 349 266 350 169 349 350 348 180 1 85 169 255 350 337 264 169 180 160 1 253 348 253 265 264 350 182 433 181 337 350 253 350 169 97 180 85 169 180 339 349 264 350 169 253 1 350 348 350 348 85 264 432 255 85 170 253 73 169 85 341 181 86 85 169 254 182 350 337 85 264 253 169 432 1 337 1 169 181 264 85 170 168 264 422 432 180 193 348 432 253 349 253 85 253 350 350 253 265 253 86 98 254 338 266 254 266 1 85 337 253 180 337 264 350 85 348 349 169 253 349 350 266 338 349 266 96 265 264 1 85 253 85 85 348 169 180 1 169 85 1 181 253 337 169 253 169 264 266 348 253 264 85 1 85 422 181 1 169 253 169 350 348 171 265 432 433 169 182 253 266 264 169 253 169 350 169 337 348 350 266 337 350 349 350 337 170 337 348 337 169 169 350 337 253 338 85 264 266 348 253 266 348 338 96 339 85 253 253 341 85 433 348 256 337 96 169 97 170 348 169 337 182 349 420 264 85 432 169 169 266 337 253 349 264 253 253 265 338 182 169 350 169 348 337 253 182 432 1 86 348 182 253 182 97 266 1 264 169 169 433 85 96 350 266 266 180 253 97 254 266 265 85 253 350 350 337 170 253 254 86 85 350 338 338 421 349 253 84 85 169 169 182 432 253 266 338 169 254 349 171 169 181 350 182 253 264 1 266 254 1 180 422 266 350 169 350 432 169 85 348 73 348 422 84 253 337 85 266 1 85 253 337 85 350 432 348 340 265 265 169 350 85 181 350 182 
c [Signal] Signal interruption. Caught signal: SIGTERM (15).
c [Label = 428] Minimize Makespan Labeling problem (T-dwt__592.mtx.rnd):
c [Main] Lowest label SAT is set to 430.
c [Main] Kill higher label pid 432.
c [Main] Kill higher label pid 433.
c [Main] Kill higher label pid 434.
c [Main] Kill higher label pid 435.
c [Main] Kill higher label pid 436.
c [Label = 427] Minimize Makespan Labeling problem (T-dwt__592.mtx.rnd):
c [Main] Kill higher label pid 433.
c [Main] Kill higher label pid 434.
c [Main] Kill higher label pid 435.
c [Main] Kill higher label pid 436.
c [Label = 426] Minimize Makespan Labeling problem (T-dwt__592.mtx.rnd):
c [Main] Child pid 436 - 104300 terminated by signal 15.
c [Label = 425] Minimize Makespan Labeling problem (T-dwt__592.mtx.rnd):
c [Main] Child pid 435 - 104301 terminated by signal 15.
c [Main] Child pid 434 - 104302 terminated by signal 15.
c [Main] Child pid 433 - 104303 terminated by signal 15.
c [Label = 423] Minimize Makespan Labeling problem (T-dwt__592.mtx.rnd):
c [Label = 422] Minimize Makespan Labeling problem (T-dwt__592.mtx.rnd):
c [Label = 424] Minimize Makespan Labeling problem (T-dwt__592.mtx.rnd):
c [Label = 429] Encoding starts with target value = 84:
c [Label = 429] Encoding duration: 10481ms.
c [Label = 429] Number of clauses: 6023802.
c [Label = 429] Number of variables: 795778.
c [Label = 429] Solving duration: 32206 ms.
s [Label = 429] SAT (w = 84).
c [Label = 429] Label assignment: 1 1 1 1 1 1 1 1 1 1 1 1 1 85 1 85 1 1 85 85 1 1 85 85 1 85 85 1 1 1 1 1 1 85 1 1 1 85 1 1 1 1 1 1 1 1 1 1 1 85 169 1 85 1 85 85 1 85 85 85 1 169 85 1 85 85 85 1 85 1 85 1 85 1 1 1 1 85 85 1 85 1 85 1 85 85 1 1 85 85 85 85 169 85 1 346 1 1 169 1 85 85 253 85 169 1 169 85 85 85 85 1 169 85 1 1 169 1 169 85 1 85 169 85 261 429 253 85 1 169 85 169 169 169 169 1 169 1 1 169 85 85 261 169 1 169 85 253 85 261 77 1 177 161 253 85 169 169 85 344 85 260 169 1 253 176 1 85 169 346 1 176 169 261 345 1 169 177 1 85 85 422 85 177 93 346 84 253 1 85 168 85 346 169 1 169 85 169 345 169 85 338 169 169 253 253 253 169 169 253 253 169 253 344 344 177 85 253 85 1 176 85 429 260 337 1 346 169 93 85 338 1 1 1 261 345 89 253 428 85 176 177 169 178 341 169 253 345 169 338 169 261 346 345 93 1 85 169 255 346 337 345 169 177 262 1 253 344 346 85 260 169 253 261 346 262 169 253 346 169 337 176 85 169 177 339 261 260 346 169 253 1 346 344 169 344 85 260 429 255 85 177 253 83 169 85 341 177 92 85 169 260 178 254 337 85 260 253 346 428 1 337 1 169 169 260 85 176 85 260 346 428 177 260 177 428 253 345 262 85 253 346 346 253 177 253 345 346 344 85 421 346 85 1 85 337 253 345 337 261 254 85 345 169 169 253 345 254 262 260 262 346 93 85 261 1 85 253 337 85 344 169 177 1 346 85 1 169 253 337 169 261 169 261 422 344 253 261 85 1 85 428 170 1 169 253 169 169 344 93 177 428 429 169 337 346 346 260 169 253 169 169 169 337 344 178 169 262 262 177 346 337 177 337 345 337 169 174 346 337 253 338 337 261 262 260 428 262 260 344 92 339 85 346 253 346 85 177 345 256 337 261 169 85 177 344 169 337 262 345 420 261 85 428 169 169 262 337 253 261 260 253 253 345 338 346 169 85 169 177 337 253 253 429 1 338 344 262 253 262 346 262 1 261 169 169 429 85 261 254 262 346 176 253 337 261 262 177 338 253 85 346 337 177 253 338 92 346 178 85 176 421 254 253 261 85 169 169 346 429 253 262 338 169 345 345 171 177 253 346 253 253 260 1 346 261 1 176 429 262 169 337 346 428 345 85 344 77 345 422 429 346 337 85 253 1 85 346 337 85 346 345 345 262 85 177 169 85 85 93 85 169 
c [Main] Lowest label SAT is set to 429.
c [Label = 421] Minimize Makespan Labeling problem (T-dwt__592.mtx.rnd):
c [Label = 421] Encoding starts with target value = 84:
c [Label = 421] Encoding duration: 9969ms.
c [Label = 421] Number of clauses: 5782886.
c [Label = 421] Number of variables: 738354.
c [Label = 421] Solving duration: 25422 ms.
s [Label = 421] SAT (w = 84).
c [Label = 421] Label assignment: 1 1 1 1 1 1 1 1 1 1 1 1 1 85 1 85 1 1 85 85 1 1 85 85 1 85 85 1 1 1 1 1 1 85 1 1 1 85 1 1 1 1 1 1 1 1 1 1 1 85 169 1 85 1 85 85 1 85 85 85 1 169 85 1 85 85 85 1 85 1 85 1 85 1 1 1 1 85 85 1 85 1 85 1 85 85 1 1 85 85 85 85 169 85 1 338 1 1 169 1 85 85 253 85 169 1 169 85 85 85 85 1 169 85 1 1 169 1 169 85 1 85 169 85 254 86 253 85 1 169 85 169 169 169 169 1 169 1 1 169 85 85 254 169 1 169 85 253 85 169 1 1 338 85 253 85 169 169 85 254 169 254 169 1 253 85 1 85 169 253 1 169 169 253 2 1 169 338 1 85 85 169 85 85 85 338 85 253 1 85 169 85 338 169 1 169 85 169 1 169 338 253 169 169 253 253 253 169 169 253 253 254 254 170 170 170 85 253 337 1 170 85 2 338 337 421 85 169 85 338 1 1 1 1 254 337 85 338 421 85 170 338 169 85 254 169 253 337 169 338 254 169 254 338 170 1 86 169 254 338 338 254 169 170 254 1 253 170 338 168 253 169 337 1 254 254 169 253 338 169 337 170 85 169 169 338 337 254 338 421 253 1 337 337 169 338 170 254 1 338 85 170 253 85 169 85 338 170 85 85 169 254 85 338 254 85 254 254 337 338 338 337 1 169 169 253 85 169 85 254 338 1 338 254 170 86 253 169 338 85 85 169 338 253 338 338 338 1 254 85 421 337 168 85 338 337 253 170 337 254 169 85 338 169 169 253 338 169 254 338 169 338 169 85 254 1 85 253 337 85 169 169 169 1 338 85 1 169 338 337 254 253 338 254 253 170 253 254 85 1 338 1 253 1 254 253 169 169 337 169 338 338 253 169 337 85 254 254 169 253 169 169 169 338 1 253 169 254 254 338 338 337 169 337 338 337 169 253 338 337 253 337 337 254 169 338 253 254 338 338 85 338 85 338 253 254 85 338 338 254 337 85 169 85 170 1 169 337 337 338 1 254 85 1 169 169 254 337 253 1 253 253 253 253 338 337 169 85 169 338 337 254 253 1 1 337 337 254 253 169 253 253 1 253 169 85 253 338 254 337 254 337 170 338 253 254 254 253 254 253 253 254 253 170 253 337 85 84 253 85 170 1 337 253 86 85 169 1 337 1 170 253 338 169 85 254 170 253 337 85 253 253 253 1 338 169 1 2 1 253 169 337 337 1 338 85 338 85 338 421 253 338 337 85 253 1 85 338 337 85 169 338 338 169 85 338 169 86 85 170 85 169 
c [Label = 422] Encoding starts with target value = 84:
c [Label = 422] Encoding duration: 10343ms.
c [Label = 422] Number of clauses: 5939911.
c [Label = 422] Number of variables: 787490.
c [Signal] Signal interruption. Caught signal: SIGTERM (15).
c [Label = 423] Encoding starts with target value = 84:
c [Label = 423] Encoding duration: 10331ms.
c [Label = 423] Number of clauses: 5951895.
c [Label = 423] Number of variables: 788674.
c [Signal] Signal interruption. Caught signal: SIGTERM (15).
c [Label = 424] Encoding starts with target value = 84:
c [Label = 424] Encoding duration: 10554ms.
c [Label = 424] Number of clauses: 5963880.
c [Label = 424] Number of variables: 789858.
c [Signal] Signal interruption. Caught signal: SIGTERM (15).
c [Main] Lowest label SAT is set to 421.
c [Main] Kill higher label pid 422.
c [Main] Kill higher label pid 423.
c [Main] Kill higher label pid 424.
c [Main] Kill higher label pid 425.
c [Main] Kill higher label pid 426.
c [Main] Kill higher label pid 427.
c [Main] Kill higher label pid 428.
c [Label = 425] Encoding starts with target value = 84:
c [Label = 425] Encoding duration: 10458ms.
c [Label = 425] Number of clauses: 5975864.
c [Label = 425] Number of variables: 791042.
c [Signal] Signal interruption. Caught signal: SIGTERM (15).
c [Label = 426] Encoding starts with target value = 84:
c [Label = 426] Encoding duration: 10473ms.
c [Label = 426] Number of clauses: 5987849.
c [Label = 426] Number of variables: 792226.
c [Signal] Signal interruption. Caught signal: SIGTERM (15).
c [Label = 427] Encoding starts with target value = 84:
c [Label = 427] Encoding duration: 10366ms.
c [Label = 427] Number of clauses: 5999833.
c [Label = 427] Number of variables: 793410.
c [Signal] Signal interruption. Caught signal: SIGTERM (15).
c [Label = 428] Encoding starts with target value = 84:
c [Label = 428] Encoding duration: 10463ms.
c [Label = 428] Number of clauses: 6011818.
c [Label = 428] Number of variables: 794594.
c [Signal] Signal interruption. Caught signal: SIGTERM (15).
c [Label = 420] Minimize Makespan Labeling problem (T-dwt__592.mtx.rnd):
c [Main] Child pid 428 - 104323 terminated by signal 15.
c [Label = 419] Minimize Makespan Labeling problem (T-dwt__592.mtx.rnd):
c [Main] Child pid 422 - 104329 terminated by signal 15.
c [Main] Child pid 426 - 104325 terminated by signal 15.
c [Label = 417] Minimize Makespan Labeling problem (T-dwt__592.mtx.rnd):
c [Main] Child pid 425 - 104326 terminated by signal 15.
c [Main] Child pid 427 - 104324 terminated by signal 15.
c [Label = 418] Minimize Makespan Labeling problem (T-dwt__592.mtx.rnd):
c [Main] Child pid 423 - 104328 terminated by signal 15.
c [Label = 416] Minimize Makespan Labeling problem (T-dwt__592.mtx.rnd):
c [Label = 415] Minimize Makespan Labeling problem (T-dwt__592.mtx.rnd):
c [Label = 414] Minimize Makespan Labeling problem (T-dwt__592.mtx.rnd):
c [Main] Child pid 424 - 104327 terminated by signal 15.
c [Label = 413] Minimize Makespan Labeling problem (T-dwt__592.mtx.rnd):
c [Label = 420] Encoding starts with target value = 84:
c [Label = 420] Encoding duration: 10052ms.
c [Label = 420] Number of clauses: 5775302.
c [Label = 420] Number of variables: 737170.
c [Label = 420] Solving duration: 31903 ms.
s [Label = 420] SAT (w = 84).
c [Label = 420] Label assignment: 1 1 1 1 1 1 1 1 1 1 1 1 1 85 1 85 1 1 85 85 1 1 85 85 1 85 85 1 1 1 1 1 1 85 1 1 1 85 1 1 1 1 1 1 1 1 1 1 1 85 169 1 85 1 85 85 1 85 85 85 1 169 85 1 85 85 85 1 85 1 85 1 85 1 1 1 1 85 85 1 85 1 85 1 85 85 1 1 85 85 85 85 169 85 1 337 1 1 169 1 85 85 253 85 169 1 169 85 85 85 85 1 169 85 1 1 169 1 169 85 1 85 169 85 253 85 253 85 1 169 85 169 169 169 169 1 169 1 1 169 85 85 253 169 1 169 85 253 85 169 1 1 337 85 253 85 169 169 85 253 85 253 169 1 253 85 1 85 169 253 1 169 169 85 1 1 169 169 1 85 85 169 85 85 253 337 85 253 1 85 169 85 337 169 1 169 85 169 1 169 337 253 169 169 253 337 253 85 169 337 253 169 253 1 169 169 85 337 85 1 169 85 1 253 337 1 85 337 169 253 1 1 1 1 253 337 85 253 1 85 169 85 169 337 337 169 253 337 253 337 169 337 337 337 169 1 85 169 253 337 85 253 169 169 253 1 253 85 253 253 253 337 337 1 253 337 337 337 337 169 253 169 85 169 169 337 337 253 337 169 253 1 337 337 169 337 169 253 1 253 85 169 253 85 169 85 337 169 85 85 169 253 85 337 337 85 253 253 169 337 253 337 1 169 169 253 85 169 253 253 337 337 337 253 169 85 337 337 253 85 85 337 337 253 253 253 337 1 253 85 1 337 337 85 337 337 253 169 253 253 169 85 337 169 169 253 337 169 253 337 337 253 169 85 253 1 85 253 85 85 169 169 169 1 337 85 1 169 253 337 253 253 337 253 253 169 253 253 85 169 337 1 253 1 169 253 169 337 337 169 253 337 253 1 169 253 253 253 169 253 169 254 169 337 1 169 169 337 253 337 337 253 169 337 337 337 169 169 337 337 253 337 85 253 337 169 253 169 337 337 85 337 85 253 253 337 85 169 337 253 337 85 169 169 169 1 169 337 337 337 1 253 85 337 169 169 169 337 253 1 253 253 253 253 337 169 169 85 169 337 337 253 169 1 420 337 337 337 253 253 253 253 1 253 169 253 1 337 253 337 253 253 169 253 253 253 253 253 253 253 85 337 337 169 253 335 85 85 169 85 169 1 337 253 85 85 169 1 253 1 1 253 337 169 253 337 169 169 337 85 169 253 253 1 337 169 1 1 1 253 253 169 337 1 337 85 337 337 337 1 85 253 337 85 337 1 85 253 337 85 85 337 337 337 85 253 169 85 85 169 337 169 
c [Main] Lowest label SAT is set to 420.
c [Label = 412] Minimize Makespan Labeling problem (T-dwt__592.mtx.rnd):
c [Label = 414] Encoding starts with target value = 84:
c [Label = 414] Encoding duration: 9885ms.
c [Label = 414] Number of clauses: 5703395.
c [Label = 414] Number of variables: 730066.
c [Label = 414] Solving duration: 81815 ms.
s [Label = 414] SAT (w = 84).
c [Label = 414] Label assignment: 175 7 93 403 72 330 99 169 92 7 175 162 21 330 331 414 253 171 183 337 78 85 267 408 99 85 351 351 162 414 246 175 99 235 168 162 414 246 326 331 295 335 169 241 324 157 7 414 380 402 267 198 259 72 169 337 414 114 211 259 156 343 329 198 267 169 325 409 259 329 85 162 183 1 168 175 409 246 330 84 351 91 414 1 253 276 414 78 246 240 246 413 1 413 79 267 175 13 351 245 168 347 267 169 410 246 1 168 73 163 325 296 177 252 330 89 85 413 267 175 84 15 183 183 162 414 380 267 267 84 246 162 162 329 337 414 84 337 414 162 162 15 84 413 267 323 325 253 183 183 99 267 21 267 252 7 241 326 330 324 163 413 280 414 253 240 92 246 1 325 283 267 240 13 246 99 91 99 414 325 337 183 78 183 337 330 267 408 246 163 183 244 91 8 99 169 267 161 30 330 78 351 7 409 246 351 84 114 162 282 162 408 93 175 78 330 162 320 11 414 330 330 183 324 78 241 43 408 267 92 99 6 413 162 267 162 183 253 414 246 267 99 91 330 1 247 323 183 172 9 408 183 183 246 163 1 324 169 85 330 324 267 83 330 1 168 337 175 247 119 413 330 157 99 15 101 84 319 21 343 21 91 325 253 330 183 21 245 85 236 408 360 84 85 259 85 246 351 183 246 245 15 246 329 240 259 246 330 183 169 84 85 8 21 7 413 84 162 168 84 163 330 84 414 114 1 240 329 337 408 99 72 330 330 211 324 99 183 162 414 176 326 328 84 85 324 15 409 267 251 198 90 79 84 408 380 336 267 84 127 183 183 99 183 324 329 246 183 329 21 192 73 211 183 162 158 183 173 347 85 414 330 330 413 379 330 84 114 175 409 156 246 156 162 267 240 414 183 242 330 338 99 99 241 79 253 91 262 85 351 85 84 360 78 84 247 176 72 253 245 156 330 413 125 330 241 241 336 246 78 91 413 99 7 246 169 253 247 91 7 84 83 414 127 157 168 339 8 409 183 183 329 169 246 240 408 414 104 330 7 257 351 183 267 15 330 7 246 88 246 99 84 178 91 84 162 242 78 253 188 330 246 91 30 414 169 409 325 330 330 414 337 256 414 345 15 99 403 91 126 409 413 331 414 413 244 351 242 360 9 127 405 414 85 30 335 413 351 351 296 246 267 370 183 330 99 246 409 325 1 183 7 21 329 351 85 325 329 409 351 240 84 50 330 267 267 78 341 351 414 256 173 410 324 1 99 169 162 351 408 330 246 78 79 330 91 156 91 85 257 15 13 414 4 414 84 241 17 89 239 328 241 91 163 345 79 162 414 245 267 84 79 
c [Label = 415] Encoding starts with target value = 84:
c [Label = 415] Encoding duration: 9846ms.
c [Label = 415] Number of clauses: 5715379.
c [Label = 415] Number of variables: 731250.
c [Signal] Signal interruption. Caught signal: SIGTERM (15).
c [Label = 416] Encoding starts with target value = 84:
c [Label = 416] Encoding duration: 9857ms.
c [Label = 416] Number of clauses: 5727364.
c [Label = 416] Number of variables: 732434.
c [Signal] Signal interruption. Caught signal: SIGTERM (15).
c [Main] Lowest label SAT is set to 414.
c [Main] Kill higher label pid 415.
c [Main] Kill higher label pid 416.
c [Main] Kill higher label pid 417.
c [Main] Kill higher label pid 418.
c [Main] Kill higher label pid 419.
c [Label = 417] Encoding starts with target value = 84:
c [Label = 417] Encoding duration: 9932ms.
c [Label = 417] Number of clauses: 5739348.
c [Label = 417] Number of variables: 733618.
c [Signal] Signal interruption. Caught signal: SIGTERM (15).
c [Label = 419] Encoding starts with target value = 84:
c [Label = 419] Encoding duration: 9944ms.
c [Label = 419] Number of clauses: 5763317.
c [Label = 419] Number of variables: 735986.
c [Signal] Signal interruption. Caught signal: SIGTERM (15).
c [Label = 418] Encoding starts with target value = 84:
c [Label = 418] Encoding duration: 9893ms.
c [Label = 418] Number of clauses: 5751333.
c [Label = 418] Number of variables: 734802.
c [Signal] Signal interruption. Caught signal: SIGTERM (15).
c [Label = 411] Minimize Makespan Labeling problem (T-dwt__592.mtx.rnd):
c [Main] Child pid 419 - 104341 terminated by signal 15.
c [Label = 410] Minimize Makespan Labeling problem (T-dwt__592.mtx.rnd):
c [Main] Child pid 415 - 104345 terminated by signal 15.
c [Main] Child pid 417 - 104343 terminated by signal 15.
c [Label = 408] Minimize Makespan Labeling problem (T-dwt__592.mtx.rnd):
c [Main] Child pid 418 - 104342 terminated by signal 15.
c [Label = 407] Minimize Makespan Labeling problem (T-dwt__592.mtx.rnd):
c [Main] Child pid 416 - 104344 terminated by signal 15.
c [Label = 406] Minimize Makespan Labeling problem (T-dwt__592.mtx.rnd):
c [Label = 409] Minimize Makespan Labeling problem (T-dwt__592.mtx.rnd):
c [Label = 413] Encoding starts with target value = 84:
c [Label = 413] Encoding duration: 9795ms.
c [Label = 413] Number of clauses: 5691410.
c [Label = 413] Number of variables: 728882.
c [Label = 413] Solving duration: 120265 ms.
s [Label = 413] SAT (w = 84).
c [Label = 413] Label assignment: 16 322 322 322 315 147 161 370 244 252 368 8 169 147 406 328 39 329 329 336 162 194 154 284 238 161 322 343 241 278 161 93 161 406 154 168 328 336 160 378 83 175 368 127 70 329 284 321 128 75 42 93 75 145 14 70 327 9 412 39 295 284 160 147 170 412 378 322 128 39 167 368 368 284 166 16 238 400 75 244 284 76 315 251 116 98 286 245 412 77 335 294 316 245 223 39 93 162 245 16 55 250 413 336 328 399 207 25 161 77 77 116 83 161 337 236 200 309 39 406 236 412 77 368 244 328 284 115 154 236 202 231 231 411 343 315 49 373 242 8 71 328 168 284 116 109 392 378 14 406 254 39 144 98 378 379 77 110 83 161 14 402 39 252 168 399 244 169 252 322 75 83 50 325 412 123 231 238 284 254 128 9 328 368 116 39 93 246 399 77 9 412 261 328 200 368 98 212 182 405 160 266 345 384 404 322 231 406 160 316 85 320 254 404 159 83 8 338 254 245 116 405 389 135 315 133 328 336 77 244 322 322 277 76 39 399 368 175 325 161 39 168 212 329 253 161 109 409 154 338 320 406 406 412 337 405 70 368 123 83 147 39 193 83 361 154 246 404 161 9 252 370 406 200 322 77 49 77 200 345 182 199 393 91 116 368 254 412 178 98 284 322 167 154 77 154 412 284 368 92 50 284 404 160 50 177 160 158 368 412 161 241 328 182 259 322 167 167 158 167 154 70 236 251 400 238 399 157 77 243 200 315 83 157 412 75 193 406 41 320 76 160 83 200 238 152 361 238 168 32 77 238 8 167 315 284 211 60 161 167 83 330 161 14 70 177 412 14 211 252 406 161 412 368 168 167 368 406 238 200 328 70 83 245 328 337 244 9 169 307 231 70 231 200 168 399 252 371 412 329 83 244 259 170 251 399 44 403 168 252 238 167 322 245 84 167 412 315 70 412 231 412 9 245 83 154 148 329 161 200 295 322 200 315 412 368 49 161 123 252 82 238 238 168 49 42 238 328 406 73 368 39 412 168 8 336 320 211 83 253 77 253 329 77 343 83 379 404 64 412 123 198 168 236 231 7 412 289 139 32 83 399 261 161 315 158 9 316 7 83 320 161 337 251 175 343 123 245 338 49 232 328 400 284 345 412 338 412 284 406 244 231 328 160 161 116 328 284 328 404 158 85 245 406 75 259 412 238 337 322 32 329 182 128 253 41 238 83 238 245 404 74 315 76 98 154 245 338 245 328 399 404 328 70 245 161 368 399 338 284 370 161 200 252 83 14 154 236 123 152 295 316 320 296 286 244 154 245 168 1 83 406 200 77 127 169 44 328 127 84 70 63 
c [Main] Lowest label SAT is set to 413.
c [Label = 405] Minimize Makespan Labeling problem (T-dwt__592.mtx.rnd):
c [Label = 412] Encoding starts with target value = 84:
c [Label = 412] Encoding duration: 9670ms.
c [Label = 412] Number of clauses: 5679426.
c [Label = 412] Number of variables: 727698.
c [Label = 412] Solving duration: 99484 ms.
s [Label = 412] SAT (w = 84).
c [Label = 412] Label assignment: 236 411 327 407 344 16 327 167 327 396 169 243 327 16 404 411 10 170 204 68 280 326 152 412 327 254 411 404 254 410 206 236 336 176 69 328 410 176 158 397 82 86 170 236 76 163 338 343 92 76 85 152 86 327 312 92 343 236 242 9 320 337 87 79 152 199 397 411 152 85 250 169 169 377 99 236 244 167 77 402 372 243 344 410 86 152 327 375 167 236 242 302 411 8 327 85 236 253 411 160 176 267 120 170 2 160 1 176 252 236 86 10 236 152 61 336 253 244 44 236 260 411 243 170 254 410 337 10 125 260 134 260 260 15 68 404 183 68 313 290 229 377 326 338 125 92 336 386 209 236 327 85 288 159 351 404 76 115 158 152 235 411 86 411 206 160 328 152 389 336 36 83 160 338 170 327 336 320 367 152 76 243 338 243 83 86 151 364 176 236 235 242 320 3 254 160 152 287 320 15 244 67 404 411 161 404 260 160 260 404 259 364 330 170 253 83 243 404 313 327 83 75 169 76 344 75 410 68 85 330 327 411 411 243 85 169 167 175 411 83 75 327 320 15 389 152 92 169 30 2 364 236 236 170 204 2 10 101 254 83 76 85 327 86 411 58 338 160 152 229 411 411 160 254 411 236 183 92 253 404 320 253 328 243 10 169 319 242 251 145 338 404 327 280 79 254 166 337 169 159 160 411 161 87 196 76 159 86 169 199 260 327 10 328 396 8 326 326 99 326 79 76 336 411 163 404 160 83 86 338 293 404 86 86 166 36 327 170 229 344 243 159 158 254 320 86 411 252 152 170 76 327 168 327 337 338 112 85 320 250 243 196 320 236 76 76 170 243 76 320 236 320 242 209 251 330 169 176 267 253 74 76 75 404 410 68 327 236 152 411 252 85 252 254 159 168 327 169 242 15 159 293 327 236 320 236 243 2 283 411 323 327 404 327 218 76 243 336 36 243 287 15 404 320 83 69 8 47 145 253 320 8 254 8 170 118 10 145 253 8 183 327 274 326 229 236 159 2 8 171 242 86 243 152 196 411 8 327 82 327 92 411 236 76 411 83 404 176 160 170 327 326 99 280 260 290 244 343 92 170 83 176 320 320 344 99 404 331 92 82 344 76 358 410 125 411 327 404 320 229 247 411 61 338 404 244 61 243 1 411 326 320 410 254 247 83 31 338 68 176 145 120 338 209 92 327 167 313 397 411 209 404 328 76 411 243 152 158 313 1 160 183 371 92 151 152 327 403 404 2 358 176 411 9 313 327 170 160 67 336 411 159 251 327 82 236 244 280 253 92 411 320 344 404 327 327 243 374 327 176 159 170 253 229 86 327 259 412 236 85 153 163 
c [Main] Lowest label SAT is set to 412.
c [Label = 404] Minimize Makespan Labeling problem (T-dwt__592.mtx.rnd):
c [Label = 410] Encoding starts with target value = 84:
c [Label = 410] Encoding duration: 9863ms.
c [Label = 410] Number of clauses: 5655457.
c [Label = 410] Number of variables: 725330.
c [Label = 410] Solving duration: 74276 ms.
s [Label = 410] SAT (w = 84).
c [Label = 410] Label assignment: 75 226 325 169 1 317 316 158 64 316 253 159 1 326 74 232 326 158 232 74 316 409 69 148 394 242 169 148 400 232 400 66 242 85 326 233 233 85 1 74 75 73 222 66 326 252 159 242 317 326 400 1 326 390 159 317 242 243 243 54 233 138 148 33 409 316 410 169 308 410 401 296 242 170 326 75 334 316 317 1 169 158 401 233 399 73 242 316 325 241 325 168 167 74 241 12 75 316 148 75 85 168 400 158 159 84 158 85 399 232 75 390 241 409 74 241 337 316 74 253 233 183 241 242 409 168 138 74 74 233 326 233 233 410 74 410 84 139 242 168 158 164 401 138 86 253 135 410 315 253 399 12 390 73 410 409 73 148 85 42 232 232 326 1 400 158 401 400 253 158 326 74 94 161 316 338 169 395 158 308 317 241 170 306 69 74 68 74 140 168 241 317 159 232 338 158 68 159 394 74 242 157 401 409 85 157 169 241 233 157 158 410 325 157 242 86 158 148 242 242 86 65 296 325 401 400 159 148 74 327 399 206 409 158 74 232 296 400 232 400 54 395 224 410 307 346 253 253 400 157 410 253 311 316 306 159 326 158 338 83 326 64 169 83 232 326 74 157 400 232 158 74 242 395 166 159 84 326 380 392 326 338 148 269 74 222 316 253 400 1 74 169 400 242 73 242 317 158 253 400 75 170 149 148 149 308 391 148 254 316 233 2 159 327 316 409 1 409 326 410 400 317 241 169 241 410 84 148 82 410 401 410 75 74 317 326 169 311 158 409 243 2 149 306 395 325 161 316 11 254 73 400 158 1 410 73 317 64 242 401 315 158 316 250 326 308 316 310 308 336 311 399 243 254 409 410 242 149 242 306 169 326 74 74 159 75 409 242 400 409 242 54 242 400 73 158 242 232 317 74 75 400 399 66 316 83 223 410 400 159 337 1 157 242 158 400 316 410 400 253 170 2 392 178 85 326 33 83 400 380 159 1 374 401 254 222 400 400 326 409 84 241 242 401 158 232 73 233 157 316 242 12 316 400 84 74 409 395 143 307 325 170 158 73 170 85 401 113 232 251 400 409 326 241 169 168 243 316 325 290 74 75 224 337 410 326 392 157 325 75 409 317 74 233 84 226 326 168 159 158 359 232 74 159 401 317 148 317 212 157 327 327 233 242 399 75 233 158 157 85 326 85 410 316 317 399 316 316 74 171 316 410 327 317 212 158 42 85 242 148 157 84 401 325 10 85 252 74 157 159 74 149 232 326 242 401 158 158 157 410 410 326 242 325 149 159 242 241 400 325 169 262 410 401 242 62 241 252 233 84 149 290 380 158 73 1 232 232 75 85 158 232 
c [Main] Lowest label SAT is set to 410.
c [Main] Kill higher label pid 411.
c [Label = 411] Encoding starts with target value = 84:
c [Label = 411] Encoding duration: 9922ms.
c [Label = 411] Number of clauses: 5667441.
c [Label = 411] Number of variables: 726514.
c [Signal] Signal interruption. Caught signal: SIGTERM (15).
c [Label = 403] Minimize Makespan Labeling problem (T-dwt__592.mtx.rnd):
c [Main] Child pid 411 - 104374 terminated by signal 15.
c [Label = 402] Minimize Makespan Labeling problem (T-dwt__592.mtx.rnd):
c [Label = 409] Encoding starts with target value = 84:
c [Label = 409] Encoding duration: 9550ms.
c [Label = 409] Number of clauses: 5643472.
c [Label = 409] Number of variables: 724146.
c [Label = 409] Solving duration: 80360 ms.
s [Label = 409] SAT (w = 84).
c [Label = 409] Label assignment: 71 404 137 399 388 253 285 84 174 337 84 180 236 304 23 6 252 13 157 96 241 176 315 73 158 168 408 409 174 344 348 85 241 148 324 228 344 85 252 23 252 247 83 144 325 41 68 324 307 304 325 221 252 275 241 312 315 46 84 325 209 409 266 241 221 79 23 408 312 294 103 157 84 404 336 71 168 79 304 176 45 180 337 344 324 253 266 240 92 49 19 252 404 62 240 320 85 241 44 84 85 252 369 157 337 84 2 136 125 84 324 324 53 324 96 240 180 169 325 85 220 331 46 110 174 342 409 325 315 169 408 220 169 74 156 1 156 92 264 156 180 409 168 408 320 316 337 11 79 83 159 287 241 243 23 377 209 260 260 290 84 350 254 1 12 148 169 408 337 338 252 258 52 409 17 236 228 169 409 324 293 50 409 118 320 320 221 409 85 107 53 19 228 350 236 84 242 169 158 96 168 305 408 408 136 337 232 12 169 325 240 400 137 57 232 260 180 369 191 315 258 96 139 262 408 324 340 408 325 168 159 409 408 231 327 157 84 409 342 403 325 231 169 74 324 348 324 152 253 327 382 74 85 84 143 336 325 84 203 320 293 359 240 258 409 324 409 75 324 83 409 78 13 236 355 180 107 325 241 396 137 236 361 6 320 95 201 72 168 285 409 399 174 241 253 241 19 409 157 408 125 67 85 258 52 312 12 258 152 84 169 174 337 134 325 408 176 168 348 176 253 253 169 344 13 409 85 258 320 409 236 400 254 258 19 316 232 126 180 408 12 252 260 210 169 252 404 169 290 79 239 231 85 103 400 409 293 336 239 103 6 155 241 74 325 312 90 51 324 168 79 169 74 152 176 176 96 85 240 179 344 316 320 44 344 96 176 50 2 408 159 325 220 174 243 75 319 157 92 96 253 174 163 144 191 144 180 74 168 34 169 161 399 264 182 324 85 400 325 19 209 98 408 209 252 348 253 23 12 241 228 409 236 396 90 84 325 348 210 408 158 240 240 158 107 122 247 344 374 90 90 287 84 12 75 85 408 163 260 264 324 55 146 253 404 260 408 85 36 84 202 176 399 168 220 180 13 324 324 79 252 85 169 169 409 399 408 338 312 256 408 293 408 344 247 331 194 345 228 180 147 409 96 409 396 84 371 19 11 371 168 137 8 168 125 320 344 409 327 89 399 320 338 147 253 163 84 169 408 409 90 377 137 312 34 168 254 260 191 54 75 158 391 253 287 315 315 408 337 338 408 85 344 316 264 236 84 84 378 409 83 403 168 206 260 240 232 159 241 324 404 264 52 396 319 174 50 264 169 84 260 84 168 107 247 231 176 342 125 315 85 44 
c [Main] Lowest label SAT is set to 409.
c [Label = 401] Minimize Makespan Labeling problem (T-dwt__592.mtx.rnd):
c [Label = 406] Encoding starts with target value = 84:
c [Label = 406] Encoding duration: 9792ms.
c [Label = 406] Number of clauses: 5607519.
c [Label = 406] Number of variables: 720594.
c [Label = 406] Solving duration: 96381 ms.
s [Label = 406] SAT (w = 84).
c [Label = 406] Label assignment: 15 98 258 127 252 238 293 139 352 168 168 69 287 168 406 154 308 70 141 406 238 334 14 55 322 224 115 70 336 154 322 1 223 69 321 154 155 406 84 406 49 1 168 1 307 238 120 83 238 168 377 359 253 225 70 238 153 168 253 377 120 55 84 392 378 238 406 115 237 406 323 168 219 154 253 2 308 238 168 1 57 405 322 155 337 406 153 238 308 154 308 169 154 55 154 406 405 223 57 15 406 168 377 139 169 406 84 406 322 154 405 338 154 322 391 84 252 280 336 238 84 85 168 168 337 154 55 406 405 84 167 84 154 337 392 391 83 391 168 154 84 147 323 84 69 237 70 405 237 199 253 336 225 406 405 324 406 70 85 335 154 168 308 322 252 70 337 237 169 84 238 406 2 127 238 321 86 322 135 169 238 168 154 141 31 406 359 55 406 85 154 252 153 169 322 70 406 153 322 321 154 37 337 322 406 107 153 191 154 84 405 322 252 70 154 70 69 70 238 153 51 321 141 238 322 322 133 70 379 342 253 120 322 69 336 139 238 239 135 237 406 283 128 337 154 322 238 211 364 84 392 238 199 238 141 169 308 139 252 70 238 309 154 70 169 321 55 70 322 154 84 321 224 295 84 84 84 307 252 322 275 321 84 169 43 168 238 309 322 336 55 154 322 223 15 223 239 84 141 238 15 153 406 84 2 207 237 70 237 219 154 358 168 275 155 322 392 393 253 393 364 238 84 155 168 391 69 36 406 392 358 322 70 16 239 238 153 199 15 322 258 84 70 253 322 238 120 280 322 237 406 321 141 404 322 16 204 336 223 323 169 139 293 238 307 237 238 169 183 238 238 322 252 237 392 337 168 406 237 253 185 238 406 55 133 391 337 191 307 322 84 377 84 322 405 406 153 139 250 337 84 338 321 1 238 406 69 337 322 15 322 393 154 153 405 322 253 322 377 269 84 321 321 120 71 322 392 406 253 252 99 391 353 322 238 139 372 322 303 322 15 99 237 336 153 154 337 168 70 254 169 337 238 307 406 322 322 322 70 153 238 49 139 23 153 71 321 406 196 231 252 392 237 154 84 84 252 153 238 220 51 406 123 322 322 237 291 84 238 14 322 204 42 155 405 85 253 154 85 84 308 120 406 84 321 253 43 253 57 83 337 252 155 154 322 36 166 84 84 406 253 371 392 237 238 321 238 238 57 153 254 322 252 237 49 405 392 82 237 55 406 69 322 169 336 15 153 406 107 168 48 406 154 238 168 288 100 70 56 392 321 237 224 238 71 70 154 154 252 183 115 238 322 322 83 338 169 238 84 406 82 204 322 154 406 283 69 154 405 367 153 154 
c [Main] Lowest label SAT is set to 406.
c [Main] Kill higher label pid 407.
c [Main] Kill higher label pid 408.
c [Label = 407] Encoding starts with target value = 84:
c [Label = 407] Encoding duration: 9479ms.
c [Label = 407] Number of clauses: 5619503.
c [Label = 407] Number of variables: 721778.
c [Signal] Signal interruption. Caught signal: SIGTERM (15).
c [Label = 408] Encoding starts with target value = 84:
c [Label = 408] Encoding duration: 9623ms.
c [Label = 408] Number of clauses: 5631488.
c [Label = 408] Number of variables: 722962.
c [Signal] Signal interruption. Caught signal: SIGTERM (15).
c [Label = 400] Minimize Makespan Labeling problem (T-dwt__592.mtx.rnd):
c [Main] Child pid 408 - 104377 terminated by signal 15.
c [Label = 399] Minimize Makespan Labeling problem (T-dwt__592.mtx.rnd):
c [Main] Child pid 407 - 104378 terminated by signal 15.
c [Label = 398] Minimize Makespan Labeling problem (T-dwt__592.mtx.rnd):
c [Label = 405] Encoding starts with target value = 84:
c [Label = 405] Encoding duration: 9567ms.
c [Label = 405] Number of clauses: 5595534.
c [Label = 405] Number of variables: 719410.
c [Label = 405] Solving duration: 98267 ms.
s [Label = 405] SAT (w = 84).
c [Label = 405] Label assignment: 404 54 305 404 405 179 236 306 236 389 306 405 239 153 152 404 138 375 320 152 222 305 152 390 253 254 2 83 236 53 236 404 168 321 174 320 31 404 152 90 152 136 375 404 84 389 17 404 153 84 138 202 207 236 68 236 389 394 320 71 306 390 152 169 221 389 90 54 236 140 236 306 375 53 236 404 254 374 153 374 54 14 83 404 140 152 389 320 320 404 320 320 68 404 306 119 404 222 404 389 390 320 83 306 404 390 17 390 305 404 155 138 404 236 152 320 222 320 138 320 237 16 389 338 236 404 392 138 155 263 251 237 263 152 152 405 404 152 320 404 404 404 236 54 152 153 85 104 373 323 253 138 222 152 90 69 170 221 221 236 404 404 170 83 305 321 230 251 320 86 152 206 390 16 320 224 320 251 54 236 153 389 404 375 151 140 202 390 404 404 404 352 305 42 236 375 152 305 236 167 236 118 69 69 321 68 237 389 320 73 83 55 305 389 237 152 68 85 320 389 152 153 375 153 69 168 404 152 138 236 253 67 17 17 140 306 338 252 53 237 138 291 320 152 321 236 153 337 236 68 68 338 375 320 323 404 138 338 224 152 153 138 237 150 404 188 390 376 236 404 56 152 1 253 52 68 404 84 222 152 286 222 86 337 152 308 320 389 254 169 43 68 290 222 152 222 320 392 375 237 390 404 347 152 390 236 237 152 320 374 320 236 2 286 336 83 236 236 236 305 169 167 320 68 370 405 321 152 167 405 236 405 115 152 320 152 237 375 68 83 320 152 152 224 236 167 52 320 236 321 170 239 404 305 43 17 222 138 222 236 337 306 222 373 138 221 320 337 222 320 338 236 320 320 236 236 308 404 320 222 137 153 137 404 42 152 305 370 237 69 237 69 237 236 169 321 338 306 389 152 146 236 220 404 320 404 40 152 290 54 236 305 68 389 83 236 320 69 69 53 237 167 137 237 152 174 170 83 236 222 306 405 235 152 320 306 127 236 224 152 68 306 319 199 404 42 168 31 137 320 377 140 404 236 321 152 83 254 152 335 168 16 320 152 52 152 69 404 404 320 252 236 305 251 237 68 320 389 153 373 170 389 320 236 69 305 152 85 236 115 69 153 83 404 153 16 236 68 320 404 254 53 152 17 83 352 84 389 54 68 236 286 68 291 254 151 68 54 68 321 236 155 54 388 236 237 374 253 84 67 320 69 310 221 54 68 221 221 258 404 321 68 68 236 168 152 321 83 68 404 104 404 122 153 320 291 338 321 83 54 167 251 222 320 152 68 237 237 224 179 54 320 69 83 335 236 389 320 320 338 152 375 222 404 136 239 68 404 390 155 404 1 
c [Main] Lowest label SAT is set to 405.
c [Label = 397] Minimize Makespan Labeling problem (T-dwt__592.mtx.rnd):
c [Label = 404] Encoding starts with target value = 84:
c [Label = 404] Encoding duration: 9347ms.
c [Label = 404] Number of clauses: 5583550.
c [Label = 404] Number of variables: 718226.
c [Label = 404] Solving duration: 119951 ms.
s [Label = 404] SAT (w = 84).
c [Label = 404] Label assignment: 67 84 269 81 153 403 222 1 274 336 390 141 207 335 236 139 336 2 390 236 169 254 320 70 233 235 85 253 223 139 2 17 235 403 35 371 207 189 403 236 388 319 18 20 321 389 55 363 387 387 268 385 320 168 168 51 336 101 89 268 252 70 375 355 353 18 253 84 387 319 257 390 2 139 35 67 269 18 389 236 70 168 219 152 270 318 349 338 55 101 21 355 139 138 319 290 17 169 70 67 83 355 306 1 220 15 122 83 221 169 306 336 101 18 252 387 184 336 306 401 251 84 33 18 274 139 100 291 319 319 43 303 303 252 252 138 187 293 337 152 152 71 254 102 251 319 187 271 403 403 221 319 154 353 271 153 305 338 320 17 101 139 319 287 34 1 291 57 336 132 387 307 69 76 55 206 303 215 123 340 387 33 139 390 291 317 353 85 135 152 101 123 252 154 207 67 353 303 234 268 236 185 168 167 69 150 235 33 357 185 184 152 269 20 235 338 125 187 320 337 358 252 375 388 219 17 173 253 306 319 221 83 151 168 306 390 39 68 139 52 306 207 303 253 361 404 336 375 17 137 152 404 404 55 375 235 319 16 235 338 387 291 252 358 71 35 85 68 18 101 138 253 42 207 123 152 169 319 184 151 269 206 185 403 307 16 337 404 223 17 100 99 223 169 305 169 55 100 390 41 17 81 83 307 21 337 57 358 374 55 371 274 207 269 377 235 236 236 83 236 17 51 403 152 35 85 1 375 306 85 167 151 375 307 68 320 235 390 151 235 136 39 388 186 219 332 84 337 17 403 353 202 152 236 151 102 341 238 222 257 403 402 168 33 318 337 38 33 340 337 402 221 89 401 254 304 403 151 355 184 87 321 307 83 173 225 254 65 57 167 235 268 237 223 305 67 337 390 68 236 390 223 235 21 337 135 141 265 223 70 233 236 131 337 152 17 70 153 253 2 303 252 169 252 320 68 362 236 28 154 253 151 170 219 391 352 268 404 222 273 168 319 355 291 152 168 319 207 185 55 54 333 21 34 67 252 303 207 375 377 67 60 403 320 83 320 151 135 101 391 222 291 68 237 251 152 123 377 403 404 307 135 252 221 151 64 153 137 105 375 167 337 253 152 319 137 235 137 253 152 271 139 236 123 168 123 185 68 70 122 304 271 152 236 221 254 152 71 149 67 17 291 151 403 51 235 55 337 253 83 391 168 269 387 55 169 358 320 337 70 67 169 219 119 17 317 336 236 131 207 252 203 139 321 320 222 403 404 185 151 265 32 235 337 341 168 237 303 222 403 84 320 167 219 352 291 38 320 403 56 388 403 207 152 320 168 209 154 21 291 168 103 
c [Main] Lowest label SAT is set to 404.
c [Label = 396] Minimize Makespan Labeling problem (T-dwt__592.mtx.rnd):
c [Label = 401] Encoding starts with target value = 84:
c [Label = 401] Encoding duration: 9395ms.
c [Label = 401] Number of clauses: 5547596.
c [Label = 401] Number of variables: 714674.
c [Label = 401] Solving duration: 96022 ms.
s [Label = 401] SAT (w = 84).
c [Label = 401] Label assignment: 382 20 133 20 52 298 130 340 179 91 383 382 149 285 401 65 279 301 363 343 149 168 234 65 168 133 64 401 200 30 175 400 148 381 252 168 30 398 254 65 298 261 366 401 232 382 84 221 233 233 297 275 217 149 316 298 167 382 400 290 214 66 298 282 231 382 66 64 298 266 214 337 382 65 253 400 150 336 285 244 46 389 65 130 282 253 167 83 347 317 400 167 65 46 213 279 400 150 46 382 401 168 279 340 86 381 46 381 198 277 252 279 317 168 7 232 195 150 252 337 201 42 316 363 149 30 88 299 234 214 305 149 149 65 2 65 337 18 168 259 317 84 149 49 299 297 49 83 400 381 148 279 149 252 20 114 282 298 328 170 317 95 217 83 175 317 166 251 91 65 282 298 382 116 347 167 214 150 65 316 233 342 65 382 299 279 258 64 382 258 342 347 214 65 200 366 253 149 168 83 149 65 65 129 369 84 149 378 165 65 400 49 147 366 110 233 324 66 149 168 285 72 337 282 65 298 65 361 253 170 148 66 129 382 279 370 382 232 65 298 277 104 167 65 151 174 297 383 254 25 49 336 336 317 381 86 233 363 133 252 233 279 213 233 130 253 64 366 168 382 65 65 366 150 66 259 336 252 150 130 169 195 65 359 284 366 149 11 149 298 46 20 149 148 253 148 347 66 363 240 382 66 382 298 400 316 251 263 383 382 214 201 21 151 148 148 179 214 252 179 252 251 232 95 366 64 381 298 252 23 215 401 250 298 382 233 213 337 382 83 2 254 251 133 149 282 84 168 193 400 282 150 336 214 401 49 316 253 149 179 359 381 149 337 297 298 382 360 317 109 337 153 382 383 149 167 363 400 168 172 95 297 298 64 86 65 167 359 235 83 84 253 149 149 232 317 214 382 382 65 250 214 168 400 84 398 335 65 168 65 169 214 52 149 400 233 382 64 256 11 149 83 130 149 298 298 282 343 233 149 214 64 215 83 382 381 256 233 182 81 379 232 167 149 382 254 233 30 401 382 382 279 382 175 317 65 148 150 263 167 316 64 363 252 83 263 127 382 366 391 149 156 295 198 148 259 338 167 297 383 252 335 214 149 64 252 148 49 252 263 117 298 21 86 275 43 149 65 232 382 198 65 401 93 83 347 65 400 20 401 170 191 65 133 149 299 83 66 43 317 298 297 49 383 298 167 369 168 84 66 400 65 149 298 64 382 233 298 168 65 317 336 65 316 233 253 156 65 65 65 53 400 65 233 149 168 366 317 25 49 83 298 149 86 298 319 148 149 151 316 66 84 64 65 214 200 317 26 168 381 263 383 177 317 252 148 335 65 1 252 338 366 
c [Main] Lowest label SAT is set to 401.
c [Main] Kill higher label pid 402.
c [Main] Kill higher label pid 403.
c [Label = 402] Encoding starts with target value = 84:
c [Label = 402] Encoding duration: 9507ms.
c [Label = 402] Number of clauses: 5559581.
c [Label = 402] Number of variables: 715858.
c [Signal] Signal interruption. Caught signal: SIGTERM (15).
c [Label = 403] Encoding starts with target value = 84:
c [Label = 403] Encoding duration: 9693ms.
c [Label = 403] Number of clauses: 5571565.
c [Label = 403] Number of variables: 717042.
c [Signal] Signal interruption. Caught signal: SIGTERM (15).
c [Label = 395] Minimize Makespan Labeling problem (T-dwt__592.mtx.rnd):
c [Main] Child pid 402 - 104408 terminated by signal 15.
c [Label = 394] Minimize Makespan Labeling problem (T-dwt__592.mtx.rnd):
c [Main] Child pid 403 - 104407 terminated by signal 15.
c [Label = 393] Minimize Makespan Labeling problem (T-dwt__592.mtx.rnd):
c [Label = 399] Encoding starts with target value = 84:
c [Label = 399] Encoding duration: 9729ms.
c [Label = 399] Number of clauses: 5523627.
c [Label = 399] Number of variables: 712306.
c [Label = 399] Solving duration: 96879 ms.
s [Label = 399] SAT (w = 84).
c [Label = 399] Label assignment: 22 399 363 398 336 147 314 85 380 336 86 208 314 147 399 65 169 106 104 63 280 377 230 364 314 302 20 399 317 2 294 398 314 83 231 293 2 62 293 22 293 230 146 398 168 146 398 399 146 147 188 185 210 272 168 146 395 85 209 183 293 378 296 185 216 146 2 398 146 183 377 99 99 2 271 398 337 146 168 377 378 198 357 62 230 230 378 363 146 195 146 355 62 62 314 183 2 280 398 22 83 376 230 49 125 21 15 83 354 132 230 230 132 279 61 314 279 315 183 83 252 43 132 99 317 22 398 172 230 252 315 252 253 103 21 398 146 61 317 195 145 2 317 399 230 168 399 40 146 104 314 183 272 170 61 378 230 230 292 279 105 65 190 377 252 49 378 292 336 39 167 230 63 2 149 328 230 314 398 83 146 84 2 99 170 244 230 364 62 147 146 149 233 65 317 83 168 230 315 114 251 398 336 398 21 399 252 84 230 353 208 337 315 126 253 230 168 399 317 366 233 114 102 147 337 231 62 48 183 378 358 398 398 198 183 99 99 252 2 282 183 315 230 61 376 231 167 86 230 399 378 146 86 146 86 125 169 85 314 230 147 188 314 233 2 230 364 63 231 101 398 51 123 314 398 147 147 230 267 314 269 267 22 170 233 84 316 146 314 185 1 398 314 280 230 280 146 386 64 292 62 13 22 233 125 146 292 233 99 146 251 317 63 314 336 398 314 314 231 336 231 146 314 62 101 364 83 233 230 364 314 337 233 233 146 147 314 84 149 377 209 294 233 315 314 210 398 315 216 144 185 314 147 377 337 399 209 188 314 377 127 84 315 84 168 146 149 83 146 314 126 314 147 146 314 377 99 83 376 314 62 168 183 399 62 61 377 84 252 398 231 183 231 317 216 22 366 104 146 61 233 317 314 398 315 62 168 63 314 356 314 376 399 376 210 231 149 336 196 168 252 84 314 252 230 231 230 63 252 280 230 398 314 314 97 86 196 229 267 377 187 251 315 317 106 153 274 63 48 149 99 230 146 252 22 61 398 314 230 376 167 398 146 230 23 230 377 62 146 86 272 317 294 294 252 166 148 376 167 83 230 62 230 314 336 282 314 17 209 233 336 148 61 62 254 398 314 42 230 145 315 55 22 2 317 149 1 146 399 48 377 269 62 294 315 228 62 398 398 22 233 188 398 144 146 338 146 315 17 398 144 336 314 106 356 198 279 252 315 20 22 147 337 209 230 230 376 2 399 63 399 83 62 147 336 314 106 63 22 378 114 282 253 363 230 167 252 231 267 167 398 315 336 337 30 370 190 378 293 83 233 86 267 107 167 272 168 65 62 188 146 84 
c [Main] Lowest label SAT is set to 399.
c [Main] Kill higher label pid 400.
c [Label = 400] Encoding starts with target value = 84:
c [Label = 400] Encoding duration: 9700ms.
c [Label = 400] Number of clauses: 5535612.
c [Label = 400] Number of variables: 713490.
c [Label = 400] Solving duration: 97623 ms.
s [Label = 400] SAT (w = 84).
c [Label = 400] Label assignment: 168 232 400 315 271 64 335 168 398 399 180 295 380 39 379 252 83 231 148 315 336 399 64 252 380 399 264 380 348 254 147 231 380 148 147 379 254 168 86 380 86 109 148 220 84 231 264 63 63 64 74 86 145 335 231 63 399 189 233 65 399 264 82 105 85 170 316 264 83 32 2 168 168 252 147 211 357 168 64 399 252 295 232 318 21 64 399 22 170 232 170 399 254 251 379 32 168 380 251 168 148 63 64 168 317 147 200 148 399 234 32 20 232 150 379 399 348 399 32 212 380 341 231 116 348 254 252 95 96 380 147 360 316 315 315 252 231 379 63 254 252 264 338 232 96 64 273 315 231 180 10 32 365 94 339 315 86 86 86 147 232 314 83 295 147 169 400 211 63 273 129 22 168 264 170 348 379 336 252 136 83 179 252 148 85 32 84 252 147 254 232 170 336 314 348 220 84 365 347 379 399 316 252 255 168 263 336 179 379 273 295 315 400 229 400 65 282 316 64 63 21 379 148 83 232 148 254 318 51 1 25 264 296 295 32 168 149 147 252 211 32 336 379 379 63 147 64 179 83 315 315 167 148 168 148 317 84 168 316 83 83 64 380 32 314 107 253 231 148 232 254 379 170 367 264 231 231 64 348 315 389 348 273 257 32 148 400 170 381 84 252 296 338 399 83 400 170 264 148 166 168 264 148 82 231 83 211 82 180 168 380 336 316 400 63 251 338 2 147 2 105 63 380 254 189 253 168 82 51 316 399 294 85 82 170 84 380 148 295 296 233 148 22 336 380 83 315 399 148 231 95 348 231 399 296 252 136 49 336 338 193 167 335 168 83 72 166 179 136 64 148 399 170 180 338 338 116 167 23 336 315 63 65 251 318 379 399 170 147 232 380 64 355 337 109 169 63 158 170 380 86 398 399 231 64 168 295 315 338 232 399 399 252 64 231 148 180 253 84 231 379 315 304 336 86 148 84 338 168 336 388 245 399 295 168 168 84 148 348 295 231 380 399 400 232 234 147 254 316 168 170 400 170 147 168 379 296 367 22 127 83 232 148 83 315 86 304 148 189 180 348 338 147 399 336 231 232 127 64 179 65 147 399 399 252 147 315 288 65 85 296 83 315 254 147 278 348 315 399 232 400 254 357 264 252 170 316 170 252 315 2 400 254 399 2 83 254 264 263 148 148 64 315 180 64 25 168 400 316 264 180 252 400 63 232 231 147 86 4 242 210 231 281 64 148 85 63 316 315 316 295 211 254 85 64 348 168 168 316 304 315 147 388 2 86 231 337 399 348 64 264 63 252 281 63 398 231 40 379 148 86 169 348 232 95 380 295 264 220 64 191 189 
c [Signal] Signal interruption. Caught signal: SIGTERM (15).
c [Label = 392] Minimize Makespan Labeling problem (T-dwt__592.mtx.rnd):
c [Main] Child pid 400 - 104417 terminated by signal 15.
c [Label = 391] Minimize Makespan Labeling problem (T-dwt__592.mtx.rnd):
c [Label = 398] Encoding starts with target value = 84:
c [Label = 398] Encoding duration: 9348ms.
c [Label = 398] Number of clauses: 5511643.
c [Label = 398] Number of variables: 711122.
c [Label = 398] Solving duration: 98218 ms.
s [Label = 398] SAT (w = 84).
c [Label = 398] Label assignment: 208 78 397 146 338 86 354 191 397 397 253 375 398 62 140 83 123 230 253 83 337 397 224 62 336 314 84 139 338 86 168 208 354 208 253 313 24 209 167 169 166 168 250 208 84 336 68 35 85 24 146 223 84 376 313 124 97 308 254 146 292 62 167 229 223 254 169 85 124 149 396 292 261 62 274 208 34 292 62 397 62 375 377 86 146 162 85 397 254 313 291 96 86 40 315 152 146 337 62 147 208 83 146 208 24 168 54 208 22 309 214 125 307 225 145 354 337 34 168 314 292 83 307 252 338 24 23 152 214 292 265 254 292 181 83 398 358 145 23 309 370 68 338 41 200 124 145 180 298 314 391 146 376 161 167 377 252 170 207 229 308 83 146 397 168 168 374 229 56 118 84 168 168 68 254 368 313 392 62 124 63 247 24 284 167 152 163 23 208 313 307 254 292 83 382 207 168 253 392 145 293 78 376 40 146 83 292 307 293 139 349 377 391 168 275 170 313 140 56 35 170 145 253 84 376 285 24 139 169 338 397 84 376 375 146 253 292 229 62 265 158 392 292 168 61 229 124 252 264 77 398 308 308 254 292 86 107 209 355 170 63 169 292 170 106 264 23 168 225 369 62 146 336 382 23 313 337 124 376 376 397 338 168 313 167 253 55 291 376 224 23 125 345 314 230 292 254 62 262 229 147 68 170 208 168 62 229 168 254 261 313 376 86 391 397 40 375 375 253 375 264 85 354 61 313 398 191 177 162 376 382 338 167 170 254 63 292 253 349 397 254 170 168 346 398 84 68 61 223 298 223 398 370 397 359 32 63 169 314 338 298 230 337 252 107 62 254 251 124 393 246 22 252 284 397 357 253 208 58 337 86 84 167 23 82 145 397 307 229 1 231 169 252 338 167 147 61 253 254 145 170 382 382 208 55 229 313 169 376 62 398 375 78 35 349 224 290 359 124 313 254 181 376 292 167 253 252 83 229 376 292 40 382 397 251 253 107 285 368 397 397 354 96 338 370 313 229 60 83 292 252 166 261 229 170 145 40 337 170 61 124 84 230 223 83 167 376 208 348 254 368 338 265 252 292 252 254 61 124 252 170 169 292 41 376 253 376 139 125 167 376 63 169 86 214 77 336 106 292 337 55 62 145 68 376 273 139 273 85 83 338 55 83 314 22 170 83 68 77 170 252 207 398 298 83 397 254 56 149 116 298 377 392 62 85 349 229 170 56 62 147 337 377 145 223 230 61 140 125 60 180 229 83 45 56 392 230 191 79 377 169 265 293 397 170 313 275 293 346 124 78 56 376 376 61 376 313 397 313 208 167 298 376 369 167 398 313 83 208 169 348 369 
c [Main] Lowest label SAT is set to 398.
c [Label = 390] Minimize Makespan Labeling problem (T-dwt__592.mtx.rnd):
c [Label = 397] Encoding starts with target value = 84:
c [Label = 397] Encoding duration: 9352ms.
c [Label = 397] Number of clauses: 5499658.
c [Label = 397] Number of variables: 709938.
c [Label = 397] Solving duration: 99572 ms.
s [Label = 397] SAT (w = 84).
c [Label = 397] Label assignment: 252 313 61 374 337 141 24 253 145 396 253 147 25 144 313 397 228 373 229 312 24 92 145 337 397 144 338 313 84 1 83 289 22 228 61 22 1 214 290 290 290 144 312 228 108 229 337 374 168 144 124 84 228 24 167 167 374 169 396 169 25 337 229 61 145 260 252 313 168 169 206 253 253 1 397 289 338 313 166 207 337 145 336 122 228 106 374 396 314 229 375 313 397 335 107 169 228 24 337 254 286 313 144 192 83 228 1 275 2 228 145 169 229 83 292 107 24 351 169 290 57 313 229 314 145 61 337 167 145 57 61 24 24 229 292 312 145 231 374 167 189 374 145 396 167 144 229 229 251 229 397 169 24 121 229 338 86 176 291 84 206 2 228 359 83 228 145 2 396 254 228 168 254 372 374 85 83 397 337 144 170 205 397 253 145 206 121 330 251 228 206 314 25 61 59 312 84 61 397 229 83 290 338 23 252 313 46 229 23 253 145 396 397 312 24 229 168 267 374 313 176 229 229 168 336 61 61 312 145 206 397 335 373 145 169 229 253 63 344 44 169 24 83 229 376 144 191 251 38 313 396 229 229 313 229 122 169 312 85 176 167 108 107 229 374 38 337 312 84 145 377 229 170 24 313 228 145 142 24 373 397 24 254 229 169 253 374 375 85 61 396 374 64 17 145 24 314 337 253 63 254 374 252 206 251 144 24 229 253 260 46 92 61 397 376 23 146 206 61 146 38 167 107 62 169 312 228 176 110 337 61 338 229 204 374 168 60 229 145 359 396 290 229 83 61 167 343 351 144 259 85 25 183 153 337 396 144 145 396 146 228 228 397 191 144 144 313 229 144 397 229 61 374 290 92 145 253 275 351 83 62 144 169 312 83 231 92 168 63 23 25 145 60 85 92 228 336 229 321 273 253 120 45 289 397 251 147 229 84 337 61 207 313 357 145 122 374 312 108 375 25 290 312 25 291 61 49 312 83 61 25 312 61 396 253 253 169 105 85 335 145 107 351 145 145 168 145 24 313 313 260 228 260 124 254 252 23 22 230 315 191 336 228 145 373 230 338 228 145 288 85 144 61 83 60 167 374 315 191 229 169 252 60 61 359 61 373 278 130 230 370 168 267 62 145 313 85 313 60 145 362 377 312 337 336 337 290 321 337 313 167 351 8 144 397 145 8 337 313 252 61 145 60 251 130 60 260 351 267 338 290 338 374 168 313 145 145 237 374 313 252 145 338 191 121 145 337 290 313 61 267 275 344 144 374 22 312 253 313 396 229 61 83 397 290 208 396 83 85 191 335 17 359 374 313 92 229 396 46 275 237 229 24 206 145 397 147 61 254 145 169 145 
c [Main] Lowest label SAT is set to 397.
c [Label = 389] Minimize Makespan Labeling problem (T-dwt__592.mtx.rnd):
c [Label = 390] Encoding starts with target value = 84:
c [Label = 390] Encoding duration: 9131ms.
c [Label = 390] Number of clauses: 5415767.
c [Label = 390] Number of variables: 701650.
c [Label = 390] Solving duration: 74909 ms.
s [Label = 390] SAT (w = 84).
c [Label = 390] Label assignment: 192 276 137 276 337 307 108 360 389 170 306 107 85 199 359 221 192 389 360 338 54 389 167 222 32 108 276 305 32 251 221 221 108 360 221 307 275 192 167 306 146 170 306 192 192 361 222 192 307 253 138 213 221 54 86 24 148 389 368 138 223 222 137 221 221 305 335 276 24 111 53 360 306 250 251 221 137 335 253 390 222 54 54 275 138 143 148 137 359 389 359 167 221 276 169 111 192 390 276 139 85 167 192 360 284 367 195 31 86 389 192 138 389 221 389 277 27 137 138 361 169 305 389 305 53 275 222 138 192 223 276 169 223 370 389 276 32 389 138 389 53 238 53 222 138 192 306 338 360 360 83 111 54 167 338 1 170 137 138 221 389 221 192 108 254 367 53 276 170 305 221 137 85 223 359 390 329 54 222 389 307 389 230 306 138 111 221 222 192 53 389 359 276 221 32 21 167 223 55 360 115 305 54 1 31 251 108 361 276 305 108 337 137 47 108 146 86 305 137 191 137 360 337 253 1 221 275 305 138 62 86 276 317 54 111 306 335 305 275 275 138 54 276 360 191 221 199 333 221 305 337 335 360 359 360 284 192 360 390 137 253 138 115 146 250 221 222 31 221 389 221 360 389 54 251 53 32 192 54 137 83 27 359 389 137 306 137 348 53 221 276 251 53 54 139 54 359 222 306 275 139 222 85 137 85 389 276 137 306 359 276 53 275 83 220 55 53 53 251 42 221 360 330 264 389 276 360 137 165 276 54 337 137 137 359 199 108 360 107 55 368 191 137 54 55 253 276 137 167 360 167 108 389 390 283 276 307 138 54 53 389 360 54 335 138 360 314 338 360 83 360 55 359 306 53 53 306 139 137 54 222 192 137 276 275 389 389 389 305 337 115 138 115 53 170 31 138 360 305 359 137 32 83 221 137 223 107 360 53 222 55 42 251 191 54 221 305 283 138 306 169 360 108 223 144 222 221 305 275 54 276 276 54 108 335 306 138 222 390 108 64 223 137 53 53 389 221 275 305 305 305 111 305 254 85 359 108 54 137 192 361 276 360 167 276 137 54 139 53 335 390 53 232 169 115 32 359 192 253 360 137 139 305 55 283 276 137 305 24 191 1 307 305 275 167 254 389 277 305 54 137 221 359 222 108 359 305 305 250 305 62 86 221 137 83 138 221 222 251 85 275 169 305 360 360 83 359 137 305 276 335 1 129 360 253 54 221 137 137 276 31 54 1 24 221 140 191 305 254 275 305 192 221 199 138 54 360 389 305 305 360 222 108 83 146 86 61 169 27 307 249 137 337 55 138 53 389 137 305 11 137 360 32 53 167 54 108 221 139 139 389 1 
c [Label = 391] Encoding starts with target value = 84:
c [Label = 391] Encoding duration: 9343ms.
c [Label = 391] Number of clauses: 5427751.
c [Label = 391] Number of variables: 702834.
c [Label = 391] Solving duration: 75853 ms.
s [Label = 391] SAT (w = 84).
c [Label = 391] Label assignment: 390 168 390 170 278 194 26 336 390 390 307 338 390 194 194 222 140 362 278 194 26 390 31 194 363 55 170 167 54 277 110 390 55 362 391 31 277 338 193 139 193 111 335 390 168 279 222 390 164 168 110 56 140 391 306 170 390 243 390 110 31 194 138 56 83 306 139 168 168 112 54 278 335 222 31 390 363 361 194 390 194 307 278 224 139 86 390 390 361 306 308 338 222 225 135 112 390 26 194 361 389 338 110 337 306 362 196 389 363 278 60 139 251 110 222 86 391 362 110 254 83 196 254 306 54 226 223 110 86 82 138 80 80 167 222 253 223 223 338 306 251 222 54 223 115 169 145 139 306 254 364 112 362 57 139 222 56 138 138 83 251 222 167 254 110 362 54 138 390 166 140 138 336 222 334 391 83 338 249 222 139 254 222 307 84 112 31 234 390 278 254 361 83 222 391 337 56 55 363 222 30 140 252 305 387 140 55 279 83 140 306 224 338 351 55 138 306 140 362 390 138 223 278 138 278 55 277 194 110 109 2 199 278 308 110 333 333 138 277 138 139 391 83 170 31 83 194 306 55 170 224 254 252 361 278 332 140 336 28 138 140 110 110 138 254 31 223 308 83 224 251 222 279 391 170 278 223 141 26 252 363 26 194 306 138 307 362 349 54 56 252 167 54 30 56 30 361 223 278 138 336 222 387 138 338 168 138 138 306 361 82 54 277 338 391 305 54 31 31 42 55 168 86 222 279 252 337 138 84 252 31 252 138 138 361 140 55 307 306 303 25 193 138 31 338 138 222 362 83 306 56 367 223 390 252 251 138 55 55 54 280 320 26 279 139 168 361 279 168 363 254 363 361 307 54 54 307 389 307 30 222 168 138 226 277 222 390 252 138 305 56 110 82 54 86 363 1 278 306 167 138 51 390 390 362 338 307 167 54 194 362 42 170 390 306 55 306 278 139 306 55 222 306 54 138 55 56 194 83 362 83 278 390 254 307 307 139 55 28 254 254 82 338 54 223 306 86 277 167 306 335 112 306 83 336 222 305 390 138 391 170 194 333 56 222 138 252 387 278 306 2 54 83 44 82 306 361 31 219 306 138 362 83 363 278 83 306 195 169 138 303 138 139 224 112 195 28 195 83 254 363 277 167 222 252 361 140 306 194 170 109 363 222 56 363 115 222 194 141 362 83 83 253 283 169 27 361 362 139 199 338 252 338 168 194 306 83 138 307 194 336 254 248 170 56 55 31 139 140 277 139 389 222 168 344 367 338 337 167 224 222 138 55 390 140 306 84 29 26 219 168 362 303 277 31 54 306 390 82 362 138 283 26 278 86 390 307 222 338 84 223 278 
c [Signal] Signal interruption. Caught signal: SIGTERM (15).
c [Label = 392] Encoding starts with target value = 84:
c [Label = 392] Encoding duration: 9731ms.
c [Label = 392] Number of clauses: 5439736.
c [Label = 392] Number of variables: 704018.
c [Signal] Signal interruption. Caught signal: SIGTERM (15).
c [Label = 393] Encoding starts with target value = 84:
c [Label = 393] Encoding duration: 9449ms.
c [Label = 393] Number of clauses: 5451720.
c [Label = 393] Number of variables: 705202.
c [Signal] Signal interruption. Caught signal: SIGTERM (15).
c [Main] Lowest label SAT is set to 390.
c [Main] Kill higher label pid 391.
c [Main] Kill higher label pid 392.
c [Main] Kill higher label pid 393.
c [Main] Kill higher label pid 394.
c [Main] Kill higher label pid 395.
c [Main] Kill higher label pid 396.
c [Label = 394] Encoding starts with target value = 84:
c [Label = 394] Encoding duration: 9182ms.
c [Label = 394] Number of clauses: 5463705.
c [Label = 394] Number of variables: 706386.
c [Signal] Signal interruption. Caught signal: SIGTERM (15).
c [Label = 395] Encoding starts with target value = 84:
c [Label = 395] Encoding duration: 9271ms.
c [Label = 395] Number of clauses: 5475689.
c [Label = 395] Number of variables: 707570.
c [Signal] Signal interruption. Caught signal: SIGTERM (15).
c [Label = 396] Encoding starts with target value = 84:
c [Label = 396] Encoding duration: 9520ms.
c [Label = 396] Number of clauses: 5487674.
c [Label = 396] Number of variables: 708754.
c [Label = 396] Solving duration: 100604 ms.
s [Label = 396] SAT (w = 84).
c [Label = 396] Label assignment: 84 355 144 372 312 229 202 83 144 194 62 169 166 211 313 372 285 84 61 372 144 144 252 370 144 197 372 312 144 314 251 60 204 60 224 168 355 24 228 337 228 253 84 38 288 1 372 253 229 228 286 227 253 165 109 252 193 396 60 276 168 360 228 168 228 24 355 394 288 290 144 60 62 314 253 76 61 24 228 84 372 169 338 336 312 276 193 143 25 26 24 169 314 2 144 288 84 149 373 55 60 168 286 61 372 43 2 396 85 25 258 289 26 228 25 168 192 80 282 60 144 337 396 86 144 371 377 288 253 145 337 144 145 396 25 372 56 84 145 23 61 371 143 396 258 253 253 337 84 82 144 290 149 228 355 373 173 228 228 253 396 372 289 336 288 60 144 337 193 289 252 252 61 371 60 204 168 166 374 253 229 396 371 60 252 288 228 372 76 25 396 60 168 312 144 84 228 145 144 84 168 312 336 313 43 312 169 1 168 311 168 337 144 84 168 230 109 252 144 193 229 85 24 253 313 228 371 337 252 144 144 342 355 169 288 60 62 337 336 337 265 166 168 361 253 229 228 60 169 312 394 60 82 59 25 372 288 113 170 228 250 249 144 287 1 224 372 82 228 396 374 25 373 145 360 60 43 288 149 372 107 204 253 60 252 84 84 60 146 168 373 372 168 204 228 204 59 374 60 337 24 374 60 288 61 266 1 228 62 24 145 145 372 84 253 373 144 168 252 144 168 252 168 336 395 372 60 252 250 372 174 334 228 287 60 252 168 61 109 373 60 248 228 205 166 289 342 84 228 30 191 168 396 144 336 396 252 244 204 144 25 60 202 48 288 252 60 60 252 121 80 144 59 84 144 144 86 61 140 204 312 253 230 372 372 85 144 396 337 312 127 252 127 145 228 43 253 58 60 361 228 203 145 84 144 76 169 373 146 372 204 144 360 193 109 228 396 337 288 396 144 25 350 145 252 250 168 335 277 144 168 372 146 388 60 65 288 229 181 336 84 145 140 144 43 25 228 312 338 60 84 273 24 288 60 25 336 164 228 253 252 337 118 228 342 228 336 61 373 59 204 144 289 169 127 60 60 252 228 61 230 61 182 144 337 277 372 289 252 271 372 252 308 336 252 337 206 313 168 49 83 336 372 372 372 396 289 396 336 312 144 84 312 168 89 258 312 372 312 22 277 250 395 30 252 168 24 84 312 342 90 372 84 252 334 109 228 228 140 370 43 61 313 252 205 288 253 312 312 336 308 24 336 252 145 166 84 60 312 372 25 337 201 144 252 109 168 166 198 229 372 145 312 336 253 168 1 144 168 43 228 61 146 25 252 166 168 312 24 250 392 395 
c [Signal] Signal interruption. Caught signal: SIGTERM (15).
c [Label = 388] Minimize Makespan Labeling problem (T-dwt__592.mtx.rnd):
c [Main] Child pid 396 - 104440 terminated by signal 15.
c [Label = 387] Minimize Makespan Labeling problem (T-dwt__592.mtx.rnd):
c [Main] Child pid 391 - 104454 terminated by signal 15.
c [Label = 386] Minimize Makespan Labeling problem (T-dwt__592.mtx.rnd):
c [Main] Child pid 393 - 104445 terminated by signal 15.
c [Label = 385] Minimize Makespan Labeling problem (T-dwt__592.mtx.rnd):
c [Main] Child pid 395 - 104443 terminated by signal 15.
c [Label = 384] Minimize Makespan Labeling problem (T-dwt__592.mtx.rnd):
c [Main] Child pid 394 - 104444 terminated by signal 15.
c [Main] Child pid 392 - 104453 terminated by signal 15.
c [Label = 383] Minimize Makespan Labeling problem (T-dwt__592.mtx.rnd):
c [Label = 382] Minimize Makespan Labeling problem (T-dwt__592.mtx.rnd):
c [Label = 389] Encoding starts with target value = 84:
c [Label = 389] Encoding duration: 9069ms.
c [Label = 389] Number of clauses: 5403782.
c [Label = 389] Number of variables: 700466.
c [Label = 389] Solving duration: 76924 ms.
s [Label = 389] SAT (w = 84).
c [Label = 389] Label assignment: 106 233 274 246 278 220 335 56 380 221 56 358 358 168 137 248 136 30 56 137 361 385 142 277 327 335 226 137 347 300 34 53 361 56 56 388 300 136 190 137 170 106 388 21 168 25 243 252 215 194 163 53 167 308 305 220 277 358 86 140 305 277 168 56 53 80 147 243 190 111 384 56 27 296 58 106 304 79 194 388 224 358 304 300 136 159 277 255 79 388 79 276 248 251 388 111 53 361 224 79 110 277 140 56 303 57 195 83 311 358 143 136 358 87 137 388 332 304 140 25 388 190 358 27 380 296 248 141 142 388 56 388 26 192 137 277 363 137 252 339 336 243 384 220 158 142 193 192 22 54 274 111 331 106 168 221 109 164 217 87 305 252 136 306 53 83 385 53 221 220 166 164 53 243 80 332 388 327 248 137 163 358 263 27 159 111 53 277 132 358 358 95 358 296 362 46 106 384 327 149 336 137 274 304 83 190 361 22 2 190 336 250 274 33 365 212 308 140 221 252 164 149 56 137 304 47 300 171 167 388 274 230 277 358 111 109 79 32 248 53 163 361 22 146 221 53 167 57 83 190 251 22 56 95 54 304 164 33 304 164 162 140 363 179 243 83 277 33 53 352 248 140 6 362 243 358 361 144 361 274 274 332 220 21 159 27 221 132 384 53 248 226 332 361 109 361 79 247 26 53 53 243 110 159 33 137 53 164 27 52 2 357 301 274 221 304 384 384 56 385 56 216 388 300 361 252 56 164 141 277 327 278 179 159 79 166 361 57 358 304 106 217 207 304 327 137 243 277 53 22 106 359 361 385 251 220 136 140 361 384 22 56 361 22 143 137 75 22 136 221 22 330 82 27 384 385 27 136 252 332 301 141 167 277 300 137 385 358 42 279 362 193 362 380 106 83 274 56 80 139 212 357 327 2 221 136 336 193 332 224 330 388 243 223 361 389 80 252 193 133 383 168 221 358 216 43 109 171 53 361 305 277 327 304 75 56 164 53 332 304 361 26 277 384 348 388 106 301 190 75 27 111 80 53 78 139 304 327 163 233 220 224 56 106 242 216 221 136 388 42 332 384 56 338 362 339 95 252 194 22 164 131 358 317 277 56 221 193 220 166 304 137 168 247 106 190 332 227 307 348 277 248 137 277 274 128 137 80 277 190 387 274 300 335 277 146 301 277 190 110 55 138 251 54 220 326 80 224 140 243 52 250 221 190 247 361 106 217 231 247 57 361 299 214 53 142 274 137 193 274 193 129 248 167 229 338 30 60 137 252 140 56 336 274 163 305 336 334 331 220 243 221 278 300 274 357 388 255 1 58 217 33 361 305 106 359 336 296 389 149 388 361 
c [Main] Lowest label SAT is set to 389.
c [Label = 381] Minimize Makespan Labeling problem (T-dwt__592.mtx.rnd):
c [Label = 383] Encoding starts with target value = 84:
c [Label = 383] Encoding duration: 9288ms.
c [Label = 383] Number of clauses: 5331875.
c [Label = 383] Number of variables: 693362.
c [Label = 383] Solving duration: 74960 ms.
s [Label = 383] SAT (w = 84).
c [Label = 383] Label assignment: 382 169 345 178 131 86 259 339 298 336 342 38 259 39 262 170 39 382 343 252 216 255 61 132 298 254 170 251 254 167 168 382 262 346 123 305 214 6 130 215 94 83 346 382 383 383 167 346 43 39 11 85 86 259 61 130 346 383 382 43 301 131 86 84 130 345 215 175 130 47 262 342 345 169 131 382 252 345 43 302 133 46 174 178 47 83 346 367 382 46 346 299 171 175 262 43 382 215 175 382 382 299 47 299 214 337 131 1 299 68 85 40 46 168 253 301 255 296 47 383 254 214 46 345 263 177 170 47 86 258 146 254 258 215 236 131 383 261 338 68 47 169 261 163 90 47 168 215 382 348 298 43 217 130 215 214 84 87 130 177 47 170 86 214 152 298 298 168 338 168 86 46 2 167 382 258 298 254 169 130 86 46 170 343 83 46 130 122 382 68 46 382 298 214 262 338 83 258 276 252 254 214 214 178 338 168 253 383 298 169 62 170 345 382 214 46 61 215 299 308 85 253 346 86 170 131 178 261 47 298 298 169 178 38 47 300 345 152 170 140 47 253 298 224 337 167 85 346 84 214 170 360 346 345 343 214 41 338 247 87 83 44 262 86 174 84 124 382 152 37 168 224 383 262 178 68 39 47 258 214 253 252 168 382 75 339 336 382 258 131 132 170 261 206 84 215 382 167 335 145 2 174 342 86 2 130 145 86 342 345 298 261 214 298 360 214 262 262 131 298 84 83 305 178 383 122 337 86 85 130 258 168 95 85 346 46 262 346 47 174 42 130 87 254 262 86 168 299 167 382 84 262 383 298 130 170 130 48 215 262 382 301 217 382 38 130 347 382 130 345 367 299 382 345 261 298 342 2 299 254 214 38 85 131 178 229 261 382 145 178 252 47 215 254 130 336 337 310 382 253 130 258 298 382 346 6 61 215 258 131 264 298 168 337 47 131 382 130 1 3 254 262 214 298 94 131 84 252 169 226 298 178 253 214 374 339 40 131 257 214 47 298 299 298 383 68 130 214 261 1 345 47 345 152 382 229 217 262 83 345 90 175 346 84 174 87 214 382 383 338 259 298 131 298 253 60 11 361 85 382 46 342 298 254 169 131 214 168 130 93 170 93 207 167 90 214 261 214 298 47 252 177 254 170 214 3 215 382 133 214 298 299 171 254 299 83 171 174 214 338 131 49 170 346 90 298 345 299 215 174 342 177 299 83 133 47 130 87 299 133 345 47 170 130 131 86 337 215 168 214 212 6 171 46 338 262 346 338 261 170 230 133 254 345 47 61 214 261 251 86 169 346 169 167 345 261 46 336 305 346 87 346 254 47 83 259 68 179 2 47 383 383 
c [Label = 384] Encoding starts with target value = 84:
c [Label = 384] Encoding duration: 9361ms.
c [Label = 384] Number of clauses: 5343860.
c [Label = 384] Number of variables: 694546.
c [Signal] Signal interruption. Caught signal: SIGTERM (15).
c [Label = 385] Encoding starts with target value = 84:
c [Label = 385] Encoding duration: 8922ms.
c [Label = 385] Number of clauses: 5355844.
c [Label = 385] Number of variables: 695730.
c [Signal] Signal interruption. Caught signal: SIGTERM (15).
c [Main] Lowest label SAT is set to 383.
c [Main] Kill higher label pid 384.
c [Main] Kill higher label pid 385.
c [Main] Kill higher label pid 386.
c [Main] Kill higher label pid 387.
c [Main] Kill higher label pid 388.
c [Label = 386] Encoding starts with target value = 84:
c [Label = 386] Encoding duration: 9351ms.
c [Label = 386] Number of clauses: 5367829.
c [Label = 386] Number of variables: 696914.
c [Signal] Signal interruption. Caught signal: SIGTERM (15).
c [Label = 387] Encoding starts with target value = 84:
c [Label = 387] Encoding duration: 9334ms.
c [Label = 387] Number of clauses: 5379813.
c [Label = 387] Number of variables: 698098.
c [Signal] Signal interruption. Caught signal: SIGTERM (15).
c [Label = 388] Encoding starts with target value = 84:
c [Label = 388] Encoding duration: 9456ms.
c [Label = 388] Number of clauses: 5391798.
c [Label = 388] Number of variables: 699282.
c [Signal] Signal interruption. Caught signal: SIGTERM (15).
c [Label = 380] Minimize Makespan Labeling problem (T-dwt__592.mtx.rnd):
c [Main] Child pid 388 - 104909 terminated by signal 15.
c [Label = 379] Minimize Makespan Labeling problem (T-dwt__592.mtx.rnd):
c [Main] Child pid 384 - 104913 terminated by signal 15.
c [Label = 378] Minimize Makespan Labeling problem (T-dwt__592.mtx.rnd):
c [Main] Child pid 386 - 104911 terminated by signal 15.
c [Main] Child pid 385 - 104912 terminated by signal 15.
c [Label = 377] Minimize Makespan Labeling problem (T-dwt__592.mtx.rnd):
c [Main] Child pid 387 - 104910 terminated by signal 15.
c [Label = 375] Minimize Makespan Labeling problem (T-dwt__592.mtx.rnd):
c [Label = 376] Minimize Makespan Labeling problem (T-dwt__592.mtx.rnd):
c [Label = 382] Encoding starts with target value = 84:
c [Label = 382] Encoding duration: 9233ms.
c [Label = 382] Number of clauses: 5319891.
c [Label = 382] Number of variables: 692178.
c [Label = 382] Solving duration: 95585 ms.
s [Label = 382] SAT (w = 84).
c [Label = 382] Label assignment: 381 256 130 213 260 129 129 298 35 122 298 298 83 59 206 129 382 343 297 206 130 84 42 214 130 129 213 213 44 174 381 345 130 344 38 213 175 40 381 251 381 381 297 381 46 343 213 130 85 83 40 45 45 84 297 83 129 343 297 382 131 214 333 86 38 258 251 213 83 382 129 298 258 174 40 381 213 258 92 173 214 298 297 213 381 45 129 129 295 298 297 167 168 214 213 382 335 130 213 381 381 160 382 344 213 357 191 381 175 297 45 381 298 381 217 259 129 175 382 297 189 213 298 297 45 165 213 6 381 213 46 176 213 251 213 260 338 214 130 297 335 174 81 213 381 83 254 254 297 297 129 382 84 45 250 215 91 382 43 382 335 129 45 338 381 344 45 45 132 297 382 380 336 174 249 107 168 172 174 83 83 338 129 298 382 381 46 214 381 335 338 259 167 129 90 298 45 176 172 214 130 254 251 297 357 259 176 343 213 259 336 214 130 338 130 342 322 254 129 130 343 214 298 46 297 40 175 213 42 91 129 213 297 298 382 298 258 2 174 46 6 130 168 214 130 38 105 298 83 214 214 340 340 258 294 213 40 297 107 379 46 382 213 343 174 45 214 298 38 338 174 214 381 129 214 300 335 46 130 251 175 129 297 343 342 297 167 341 44 45 213 213 90 130 45 130 295 214 298 46 335 213 381 343 344 47 382 333 297 259 213 45 175 134 129 343 127 127 40 127 40 83 259 211 381 260 344 343 42 214 90 253 343 342 297 39 167 340 298 297 297 7 381 129 129 46 213 167 382 297 91 129 335 127 253 213 46 382 130 91 297 338 129 343 46 37 213 343 83 129 340 129 259 297 81 91 298 45 129 84 257 85 342 214 213 214 90 343 3 297 169 382 168 45 382 344 130 298 295 214 343 45 129 381 122 381 298 251 82 214 83 127 256 130 343 38 249 253 46 341 169 259 251 167 43 38 86 213 46 130 167 260 90 252 258 298 382 38 90 297 335 213 170 81 335 297 45 175 214 213 296 381 296 3 344 214 343 129 379 129 129 208 298 45 213 43 251 381 381 258 107 83 45 130 189 297 259 129 105 298 342 381 167 129 273 43 251 297 129 379 297 38 251 211 45 213 90 259 167 335 170 175 216 174 251 259 251 298 214 214 91 170 211 129 175 381 211 214 237 381 46 381 213 297 129 129 258 167 251 213 258 251 167 83 210 341 40 43 129 213 337 335 260 170 45 381 130 251 259 175 259 45 174 46 130 129 297 337 214 214 257 43 129 84 381 301 169 130 84 129 213 122 273 297 130 45 338 122 254 381 1 297 90 335 45 126 300 165 344 42 343 338 
c [Main] Lowest label SAT is set to 382.
c [Label = 374] Minimize Makespan Labeling problem (T-dwt__592.mtx.rnd):
c [Label = 381] Encoding starts with target value = 84:
c [Label = 381] Encoding duration: 8956ms.
c [Label = 381] Number of clauses: 5307906.
c [Label = 381] Number of variables: 690994.
c [Label = 381] Solving duration: 80139 ms.
s [Label = 381] SAT (w = 84).
c [Label = 381] Label assignment: 43 168 255 213 84 259 296 45 259 271 45 45 292 297 191 175 342 45 105 174 258 252 381 144 296 253 168 191 259 160 1 381 253 40 381 175 134 343 362 170 362 381 85 44 342 169 168 252 297 297 357 381 297 297 59 297 297 128 65 342 212 168 343 45 339 46 168 168 297 343 278 60 82 175 340 381 337 46 252 296 168 46 84 194 381 381 297 275 46 62 65 256 130 169 168 337 381 258 212 381 336 252 380 45 168 381 169 336 337 62 381 359 62 359 142 168 258 297 342 129 168 168 42 46 259 134 160 342 380 143 336 168 168 172 174 129 84 169 252 107 86 168 252 169 381 297 213 168 88 84 255 359 273 381 168 90 45 336 380 359 84 175 337 46 356 45 233 342 254 213 297 343 381 168 46 253 213 297 168 341 297 87 168 84 381 343 3 174 381 103 87 50 213 130 252 45 381 213 297 168 213 213 128 39 381 213 213 129 175 213 45 84 255 381 213 343 41 213 296 297 381 168 104 258 84 381 149 146 357 253 252 172 84 84 337 60 84 342 175 381 342 273 213 168 253 381 252 84 381 171 90 129 84 46 86 169 342 62 253 336 297 381 168 343 172 381 168 381 359 128 169 168 129 258 168 86 84 337 252 84 297 252 213 53 381 62 297 83 259 41 174 213 259 258 45 257 50 161 84 338 40 169 356 381 380 297 342 343 84 91 168 297 149 297 258 39 251 278 380 253 381 297 168 167 129 129 45 7 381 129 256 129 336 381 65 297 213 84 84 46 84 337 337 253 297 296 168 297 359 84 45 296 84 253 129 169 296 357 253 233 84 82 273 84 342 297 84 84 341 275 84 342 65 84 252 229 77 336 297 258 169 297 381 169 169 129 252 128 342 39 213 357 213 259 339 381 252 60 61 170 317 259 297 44 275 381 45 168 259 168 297 278 213 254 84 381 46 129 342 85 213 168 128 212 362 381 45 191 338 273 212 129 297 129 84 63 342 380 258 91 84 168 252 233 84 62 336 134 146 91 84 337 84 355 381 168 39 297 336 258 252 208 85 45 172 343 128 343 129 84 253 245 381 174 168 90 65 258 252 84 343 381 213 342 84 381 128 253 259 336 59 296 213 149 350 168 259 253 212 84 337 175 170 168 129 22 213 61 188 143 253 297 145 213 342 381 145 168 212 381 381 380 129 88 259 266 91 297 213 172 84 84 297 297 189 84 356 337 297 189 381 84 129 252 381 381 254 212 258 149 168 336 168 297 254 297 85 45 171 129 168 343 258 230 362 58 213 168 253 252 168 296 84 129 252 304 59 297 168 381 313 84 252 86 381 296 84 130 44 380 84 129 
c [Main] Lowest label SAT is set to 381.
c [Label = 373] Minimize Makespan Labeling problem (T-dwt__592.mtx.rnd):
c [Label = 376] Encoding starts with target value = 84:
c [Label = 376] Encoding duration: 9126ms.
c [Label = 376] Number of clauses: 5247984.
c [Label = 376] Number of variables: 685074.
c [Label = 376] Solving duration: 73518 ms.
s [Label = 376] SAT (w = 84).
c [Label = 376] Label assignment: 252 44 168 45 45 297 123 203 123 207 213 291 129 297 83 38 297 213 213 83 119 123 297 35 129 123 45 83 129 376 375 268 123 213 336 137 375 253 291 83 291 297 207 283 311 253 45 168 297 337 297 337 331 129 291 305 168 253 167 297 159 35 331 337 336 207 45 45 336 327 123 210 207 5 337 252 169 207 297 123 39 252 45 375 291 297 168 207 168 252 207 168 375 5 129 306 252 119 5 228 213 168 297 203 375 213 35 213 169 291 337 291 252 375 83 144 119 129 311 253 125 44 252 213 123 5 5 297 337 129 353 129 129 45 123 5 252 83 168 291 291 45 123 20 337 297 45 45 213 253 129 297 129 336 45 75 337 291 331 375 290 39 297 45 375 213 123 375 207 85 327 293 243 38 207 129 137 129 5 375 312 252 38 213 330 297 336 5 213 291 252 207 144 39 124 213 336 129 129 83 123 48 44 45 213 45 129 213 129 45 269 35 168 247 129 292 291 45 167 168 297 83 213 327 5 337 375 83 312 123 129 45 5 252 297 203 202 375 39 376 297 128 129 84 168 375 297 213 337 44 45 213 213 207 213 375 297 207 123 291 297 297 129 297 45 336 371 243 375 253 35 84 253 128 5 291 252 297 123 83 129 129 45 213 330 207 168 207 102 337 5 45 123 119 337 119 207 19 213 375 252 45 213 331 253 352 375 314 213 207 129 123 375 133 207 39 83 123 337 123 337 297 144 375 253 35 213 330 330 19 129 45 291 330 207 327 106 212 292 45 207 291 291 123 129 337 45 129 375 213 337 169 213 123 45 5 367 297 119 123 213 203 119 213 297 336 213 213 367 168 213 166 207 213 84 123 213 228 129 89 39 297 292 5 375 83 123 252 375 37 129 327 129 122 336 253 168 213 207 84 291 146 129 291 206 221 291 46 123 5 129 123 5 168 252 375 207 45 287 207 129 61 83 129 291 337 337 123 375 126 167 5 129 44 208 203 287 375 123 45 252 129 129 123 253 291 336 39 83 230 207 297 207 375 213 84 45 124 291 167 312 45 213 297 45 291 75 213 253 246 123 83 337 159 123 291 207 168 305 213 291 213 167 129 5 338 83 45 337 291 20 336 45 375 297 44 123 82 167 253 169 38 123 22 60 207 82 207 42 45 83 169 375 129 129 337 375 20 44 213 376 337 39 253 337 129 207 129 45 45 230 45 166 336 45 252 336 291 129 35 213 253 20 312 374 337 168 83 45 375 45 228 1 337 168 129 207 213 83 35 61 336 119 167 291 291 129 129 123 312 38 207 13 45 168 123 252 207 144 213 291 231 118 291 297 129 291 22 251 297 213 253 
c [Main] Lowest label SAT is set to 376.
c [Main] Kill higher label pid 377.
c [Main] Kill higher label pid 378.
c [Main] Kill higher label pid 379.
c [Main] Kill higher label pid 380.
c [Label = 377] Encoding starts with target value = 84:
c [Label = 377] Encoding duration: 8655ms.
c [Label = 377] Number of clauses: 5259968.
c [Label = 377] Number of variables: 686258.
c [Signal] Signal interruption. Caught signal: SIGTERM (15).
c [Label = 378] Encoding starts with target value = 84:
c [Label = 378] Encoding duration: 8895ms.
c [Label = 378] Number of clauses: 5271953.
c [Label = 378] Number of variables: 687442.
c [Signal] Signal interruption. Caught signal: SIGTERM (15).
c [Label = 379] Encoding starts with target value = 84:
c [Label = 379] Encoding duration: 8947ms.
c [Label = 379] Number of clauses: 5283937.
c [Label = 379] Number of variables: 688626.
c [Signal] Signal interruption. Caught signal: SIGTERM (15).
c [Label = 380] Encoding starts with target value = 84:
c [Label = 380] Encoding duration: 8965ms.
c [Label = 380] Number of clauses: 5295922.
c [Label = 380] Number of variables: 689810.
c [Signal] Signal interruption. Caught signal: SIGTERM (15).
c [Label = 372] Minimize Makespan Labeling problem (T-dwt__592.mtx.rnd):
c [Main] Child pid 380 - 104940 terminated by signal 15.
c [Label = 371] Minimize Makespan Labeling problem (T-dwt__592.mtx.rnd):
c [Main] Child pid 378 - 104942 terminated by signal 15.
c [Main] Child pid 377 - 104943 terminated by signal 15.
c [Label = 370] Minimize Makespan Labeling problem (T-dwt__592.mtx.rnd):
c [Main] Child pid 379 - 104941 terminated by signal 15.
c [Label = 368] Minimize Makespan Labeling problem (T-dwt__592.mtx.rnd):
c [Label = 369] Minimize Makespan Labeling problem (T-dwt__592.mtx.rnd):
c [Label = 375] Encoding starts with target value = 84:
c [Label = 375] Encoding duration: 8988ms.
c [Label = 375] Number of clauses: 5235999.
c [Label = 375] Number of variables: 683890.
c [Label = 375] Solving duration: 96750 ms.
s [Label = 375] SAT (w = 84).
c [Label = 375] Label assignment: 330 375 148 2 39 123 168 291 206 122 291 206 168 123 290 375 84 291 291 290 207 209 123 375 207 207 375 300 207 7 375 362 207 330 375 278 375 362 122 290 122 122 291 369 84 291 375 122 123 123 84 64 123 190 206 155 121 246 290 123 207 375 122 65 47 293 290 375 155 123 206 291 291 2 2 362 149 293 123 253 375 206 32 7 123 123 117 122 298 246 298 86 2 375 246 123 362 207 375 330 330 86 84 291 2 291 24 330 168 216 84 84 232 38 290 239 207 123 123 291 207 374 252 291 207 375 375 123 123 207 375 207 207 290 290 39 206 290 86 207 206 375 207 375 123 123 330 290 329 291 168 123 207 84 290 375 84 122 169 39 207 374 123 71 38 291 207 374 122 336 123 122 291 375 291 207 239 207 19 194 123 254 375 276 84 123 64 375 323 206 232 291 246 2 207 291 84 239 207 290 207 355 39 39 291 375 207 291 239 355 206 375 148 291 207 123 206 330 122 117 95 290 291 123 39 375 375 329 123 207 168 375 2 206 108 291 293 374 375 33 123 207 239 290 122 375 123 291 39 338 375 291 291 291 291 2 84 291 207 125 123 84 209 84 375 1 375 291 38 207 375 291 252 207 2 206 206 123 207 71 168 207 330 290 84 291 123 337 207 39 375 3 206 207 122 207 291 39 291 38 330 2 291 84 291 162 374 84 291 290 239 179 39 170 122 39 214 214 374 214 39 123 278 46 252 375 291 84 123 375 207 2 84 84 291 123 209 291 206 32 291 123 122 207 207 123 375 123 39 291 84 207 207 237 2 375 123 84 207 207 290 291 190 291 123 162 291 291 162 123 291 206 291 293 209 206 291 323 122 207 46 123 123 375 38 290 206 271 38 39 207 84 207 207 84 291 122 291 298 290 123 168 206 369 122 362 206 289 206 375 207 253 39 122 206 9 291 2 84 337 207 290 78 207 130 374 45 291 374 207 246 39 207 71 291 291 84 374 207 71 205 239 122 206 206 245 83 375 330 290 291 123 290 374 291 290 71 207 122 83 155 375 291 123 38 130 39 323 246 291 192 206 33 207 207 206 291 122 123 291 122 323 246 207 2 375 78 336 194 122 39 123 291 7 122 375 207 375 278 206 149 374 290 39 71 291 330 321 375 338 206 162 7 207 168 123 30 20 375 291 374 84 375 291 155 206 291 123 291 2 291 39 148 155 375 207 47 130 86 375 291 201 39 194 39 87 122 291 375 375 292 362 2 86 122 207 291 291 330 375 291 375 207 131 122 206 207 207 207 123 375 84 39 39 84 199 254 122 278 293 122 291 207 206 122 207 206 375 330 84 207 246 
c [Main] Lowest label SAT is set to 375.
c [Label = 367] Minimize Makespan Labeling problem (T-dwt__592.mtx.rnd):
c [Label = 374] Encoding starts with target value = 84:
c [Label = 374] Encoding duration: 8900ms.
c [Label = 374] Number of clauses: 5224015.
c [Label = 374] Number of variables: 682706.
c [Label = 374] Solving duration: 101041 ms.
s [Label = 374] SAT (w = 84).
c [Label = 374] Label assignment: 254 168 121 145 206 38 86 279 84 84 253 253 86 26 205 170 374 290 254 168 73 86 338 157 64 122 183 187 84 168 336 216 122 316 353 121 168 294 373 205 373 373 289 252 373 267 169 84 374 374 363 354 374 48 252 374 83 270 289 338 84 157 374 355 373 289 185 169 338 373 121 241 278 170 373 254 101 266 38 121 157 290 206 205 15 338 84 83 254 289 289 83 182 206 145 373 216 73 170 254 314 84 374 279 205 316 167 313 99 289 351 374 289 336 204 123 85 63 338 267 145 189 289 252 84 168 169 337 361 123 374 122 122 205 168 232 252 168 101 252 289 168 83 183 361 64 185 167 277 267 86 351 58 354 168 168 373 373 373 373 271 170 38 207 336 289 48 374 120 205 374 373 290 168 252 83 84 64 168 338 374 268 170 252 337 351 354 195 290 289 270 252 48 168 84 290 354 86 64 206 84 184 170 230 313 148 148 270 122 167 290 168 83 252 84 373 288 167 84 122 338 168 252 374 206 373 167 168 337 83 105 155 232 290 363 279 278 373 170 374 362 48 84 206 84 374 47 253 353 184 168 254 253 289 254 205 368 290 83 373 374 338 145 373 168 353 167 252 373 271 194 206 289 48 167 290 269 27 73 132 64 85 185 289 373 267 86 289 83 355 170 170 86 111 351 83 252 169 241 372 254 169 314 374 252 300 374 374 253 254 123 48 167 64 84 207 83 83 374 83 353 374 123 167 270 195 317 338 338 195 71 168 338 374 289 373 148 252 290 207 289 373 373 99 85 336 167 63 373 251 354 71 269 83 168 206 336 338 111 83 289 279 86 254 27 338 254 254 336 102 254 61 254 267 83 83 254 291 63 85 205 27 373 195 205 168 121 270 374 229 84 363 121 83 373 290 84 254 289 204 336 84 83 254 83 290 254 168 83 157 61 83 148 84 289 373 252 205 363 289 84 168 132 86 373 374 17 168 373 73 48 232 71 168 289 253 363 373 83 206 289 123 63 61 289 252 373 167 205 254 289 373 289 374 290 168 207 48 338 84 1 170 290 354 167 373 168 328 269 252 73 83 373 84 145 252 251 84 61 252 373 290 48 86 232 374 132 186 4 351 230 374 147 167 373 170 83 183 48 290 101 170 205 168 132 251 185 289 157 205 83 65 170 84 83 337 205 157 148 290 374 373 206 253 38 83 254 83 185 169 252 206 65 338 168 290 373 373 101 170 252 290 170 2 355 351 84 187 170 167 147 291 205 374 120 71 305 284 186 200 168 374 84 83 373 290 111 84 73 24 155 86 229 170 84 86 289 84 123 316 373 239 83 289 338 84 289 168 252 338 231 269 
c [Main] Lowest label SAT is set to 374.
c [Label = 366] Minimize Makespan Labeling problem (T-dwt__592.mtx.rnd):
c [Label = 373] Encoding starts with target value = 84:
c [Label = 373] Encoding duration: 9071ms.
c [Label = 373] Number of clauses: 5212030.
c [Label = 373] Number of variables: 681522.
c [Label = 373] Solving duration: 95911 ms.
s [Label = 373] SAT (w = 84).
c [Label = 373] Label assignment: 372 216 132 242 278 362 121 373 86 132 373 48 121 362 216 170 289 2 2 216 120 95 306 204 132 93 216 216 84 179 327 372 123 39 354 157 203 36 288 216 288 300 372 372 325 54 185 166 325 362 291 337 291 121 48 325 166 77 372 288 120 204 288 1 337 372 233 216 288 289 120 373 2 170 354 372 167 372 362 120 205 65 241 204 288 300 149 138 372 48 372 168 179 207 168 289 372 120 205 36 48 149 291 36 204 73 177 49 167 48 300 289 48 337 216 169 93 186 289 48 157 216 48 2 86 179 177 289 300 157 354 157 157 252 216 241 65 253 149 48 11 179 95 177 289 328 253 252 11 37 132 261 121 300 233 206 343 288 288 337 48 204 288 241 336 36 95 337 132 251 289 288 2 179 372 93 120 132 179 288 325 48 170 2 289 291 337 205 36 48 48 372 120 204 86 373 337 120 132 253 121 253 204 252 73 253 157 48 157 253 65 205 132 32 121 263 48 253 132 149 254 253 36 291 241 337 203 253 289 120 132 205 217 65 289 373 373 337 170 337 289 121 120 233 132 337 338 373 354 216 205 48 17 347 11 204 289 373 93 288 325 289 133 263 204 354 204 9 337 48 204 253 83 101 216 48 65 326 93 204 169 93 270 37 263 373 132 372 84 337 205 222 120 121 337 120 372 177 373 337 36 187 73 288 36 288 337 263 373 2 157 86 207 132 132 253 83 120 354 83 337 325 194 204 85 241 37 288 300 205 95 241 288 263 35 326 133 11 48 241 2 291 288 93 132 321 205 169 337 11 337 121 65 83 241 204 290 289 123 119 11 36 121 48 325 288 347 11 288 132 11 158 372 2 83 120 373 73 149 93 204 326 261 207 204 253 120 48 337 252 157 288 157 58 300 73 169 2 372 216 291 86 121 372 132 36 48 233 86 205 132 120 216 132 65 300 2 241 289 372 157 250 204 120 288 317 372 222 300 120 120 241 95 204 347 373 289 300 91 241 65 168 168 83 48 48 326 204 253 372 2 288 372 300 36 253 278 95 288 169 362 205 37 337 205 288 204 73 83 373 93 119 354 121 157 47 11 168 336 11 263 36 120 138 241 354 204 253 325 287 241 291 253 204 300 216 93 251 120 28 169 204 216 177 204 2 253 372 205 216 83 169 204 120 169 289 204 205 216 73 317 300 204 11 325 121 347 169 253 205 373 207 169 288 205 65 337 288 149 205 37 65 241 362 337 326 168 216 253 204 270 73 204 325 121 101 372 37 253 205 270 354 121 169 288 48 157 121 93 337 185 132 241 204 169 120 48 132 157 49 288 11 93 11 300 121 48 179 1 306 65 85 
c [Main] Lowest label SAT is set to 373.
c [Label = 365] Minimize Makespan Labeling problem (T-dwt__592.mtx.rnd):
c [Label = 369] Encoding starts with target value = 84:
c [Label = 369] Encoding duration: 8586ms.
c [Label = 369] Number of clauses: 5164092.
c [Label = 369] Number of variables: 676786.
c [Label = 369] Solving duration: 68429 ms.
s [Label = 369] SAT (w = 84).
c [Label = 369] Label assignment: 351 184 284 200 168 70 268 351 284 284 335 368 268 67 167 167 81 337 352 200 268 254 83 184 284 252 184 167 251 167 116 369 268 352 116 271 167 355 83 200 53 86 366 369 66 369 167 284 63 63 67 116 52 268 368 70 284 368 335 64 254 151 100 116 83 338 200 170 66 67 254 352 338 166 116 351 285 335 70 287 151 368 154 170 81 83 284 284 367 368 368 284 166 184 268 67 369 235 184 351 366 285 67 351 167 352 170 352 285 368 83 66 368 116 200 284 236 285 67 368 252 200 368 352 251 162 152 66 100 252 83 252 264 200 200 151 369 168 284 32 368 167 251 165 100 67 201 200 368 368 284 67 252 83 201 168 84 82 115 116 368 184 52 170 116 351 284 83 284 201 83 83 369 167 342 268 267 284 162 117 84 368 166 352 83 86 83 168 355 368 368 368 252 200 254 366 83 264 284 168 252 200 168 184 336 200 235 1 271 200 368 168 251 337 234 53 368 200 284 284 53 168 352 84 155 84 167 200 67 284 284 167 184 368 84 352 338 83 167 116 67 268 267 200 284 83 67 338 117 167 168 368 368 338 352 200 66 349 267 82 66 67 268 57 184 100 151 368 83 368 167 200 369 252 200 368 369 67 235 183 284 251 201 368 82 351 284 368 251 83 181 170 251 267 84 235 363 151 352 83 369 184 355 100 338 84 83 83 352 368 254 251 200 284 284 198 251 284 116 283 116 70 284 167 1 183 352 83 84 150 268 169 83 83 338 66 268 352 368 167 368 116 83 249 254 53 170 285 83 368 85 281 369 283 150 165 84 67 268 254 368 352 268 368 67 84 335 368 84 251 368 284 335 368 251 283 352 368 285 265 199 67 53 169 167 168 283 368 83 165 264 67 252 250 83 348 284 352 367 200 115 268 284 33 251 355 368 200 251 168 284 284 200 284 368 83 368 168 67 2 264 200 201 252 83 115 117 200 116 268 285 168 254 168 338 349 66 83 254 154 369 282 285 251 369 32 116 199 200 368 352 81 367 83 351 200 200 284 83 252 83 184 352 85 184 83 170 355 33 367 268 251 116 252 252 32 368 252 81 368 53 348 267 268 151 116 201 201 70 78 168 84 201 167 100 200 268 200 285 368 285 167 200 167 168 369 200 367 184 200 251 284 167 252 285 83 170 151 167 348 83 83 168 365 70 284 335 284 200 184 352 168 284 66 167 368 116 86 285 151 351 369 180 86 83 86 284 200 169 167 201 368 167 66 284 268 336 351 167 168 200 83 265 284 83 368 267 252 268 83 168 284 168 154 284 284 32 284 271 352 86 352 251 368 83 268 368 167 369 83 16 1 
c [Main] Lowest label SAT is set to 369.
c [Main] Kill higher label pid 370.
c [Main] Kill higher label pid 371.
c [Main] Kill higher label pid 372.
c [Label = 370] Encoding starts with target value = 84:
c [Label = 370] Encoding duration: 8574ms.
c [Label = 370] Number of clauses: 5176077.
c [Label = 370] Number of variables: 677970.
c [Signal] Signal interruption. Caught signal: SIGTERM (15).
c [Label = 371] Encoding starts with target value = 84:
c [Label = 371] Encoding duration: 9030ms.
c [Label = 371] Number of clauses: 5188061.
c [Label = 371] Number of variables: 679154.
c [Signal] Signal interruption. Caught signal: SIGTERM (15).
c [Label = 372] Encoding starts with target value = 84:
c [Label = 372] Encoding duration: 8642ms.
c [Label = 372] Number of clauses: 5200046.
c [Label = 372] Number of variables: 680338.
c [Signal] Signal interruption. Caught signal: SIGTERM (15).
c [Label = 364] Minimize Makespan Labeling problem (T-dwt__592.mtx.rnd):
c [Main] Child pid 371 - 104973 terminated by signal 15.
c [Label = 363] Minimize Makespan Labeling problem (T-dwt__592.mtx.rnd):
c [Main] Child pid 370 - 104974 terminated by signal 15.
c [Label = 362] Minimize Makespan Labeling problem (T-dwt__592.mtx.rnd):
c [Main] Child pid 372 - 104972 terminated by signal 15.
c [Label = 361] Minimize Makespan Labeling problem (T-dwt__592.mtx.rnd):
c [Label = 368] Encoding starts with target value = 84:
c [Label = 368] Encoding duration: 8987ms.
c [Label = 368] Number of clauses: 5152108.
c [Label = 368] Number of variables: 675602.
c [Label = 368] Solving duration: 101864 ms.
s [Label = 368] SAT (w = 84).
c [Label = 368] Label assignment: 200 116 284 116 253 368 368 116 283 316 52 368 305 337 113 115 316 148 84 118 368 284 200 168 284 32 116 83 284 117 227 200 368 116 229 116 117 200 201 143 220 168 84 200 316 368 116 316 336 337 284 168 348 336 32 32 316 368 32 252 83 168 199 200 200 2 145 116 32 232 316 52 32 116 229 200 286 32 348 317 136 368 284 136 284 200 316 283 20 368 20 313 116 200 64 220 200 368 168 168 180 313 284 116 117 137 136 168 284 367 200 284 368 199 116 116 336 284 220 368 64 84 368 52 284 116 168 220 226 84 200 64 84 145 116 200 61 116 313 29 34 116 304 168 200 305 116 145 368 26 284 252 336 169 145 251 200 200 202 168 365 115 316 284 232 148 285 200 286 116 348 202 167 116 14 316 116 284 116 2 336 368 116 52 200 232 200 200 200 27 368 33 84 115 304 148 180 84 284 116 64 84 252 264 169 85 32 368 116 84 32 264 284 180 64 220 2 84 313 313 200 116 52 348 252 197 116 83 220 285 283 116 221 32 251 84 20 200 116 200 220 304 116 118 284 227 337 20 200 84 264 368 20 20 52 117 316 116 336 200 348 252 53 200 116 229 200 180 197 368 116 116 2 304 84 34 52 284 336 284 264 304 116 367 200 84 281 2 304 197 200 84 315 32 200 32 20 136 52 200 168 116 168 200 167 368 200 199 32 31 116 284 117 284 284 284 304 304 229 285 200 368 116 115 368 232 116 200 200 232 284 252 201 200 32 348 30 20 29 284 2 201 201 368 284 348 84 284 168 368 180 310 29 285 232 200 367 252 32 304 368 116 368 368 316 368 20 368 368 281 368 284 32 32 304 285 52 200 313 368 117 316 220 200 136 116 284 368 200 252 64 252 53 304 170 148 316 84 14 118 201 284 284 200 281 200 32 145 286 137 284 286 84 286 32 197 2 232 284 33 64 116 284 83 202 229 200 113 202 336 84 200 284 285 32 84 284 227 316 284 61 96 313 298 29 367 168 117 84 368 32 252 31 202 168 116 284 284 201 284 368 136 116 200 84 199 252 200 32 368 335 298 232 64 53 32 1 316 348 368 202 168 116 284 221 229 284 91 368 214 264 367 116 116 199 84 316 116 116 34 284 116 118 136 284 2 84 1 136 84 304 284 115 64 284 200 115 136 85 148 202 220 232 26 32 283 20 284 113 116 32 252 284 368 136 32 200 201 313 168 148 34 252 2 197 200 284 113 84 117 116 200 115 316 318 284 116 148 84 232 116 200 32 252 220 32 32 64 335 368 116 311 253 284 284 284 368 311 116 137 201 32 304 29 168 304 32 115 168 220 32 368 
c [Main] Lowest label SAT is set to 368.
c [Label = 360] Minimize Makespan Labeling problem (T-dwt__592.mtx.rnd):
c [Label = 367] Encoding starts with target value = 84:
c [Label = 367] Encoding duration: 8472ms.
c [Label = 367] Number of clauses: 5140123.
c [Label = 367] Number of variables: 674418.
c [Label = 367] Solving duration: 92898 ms.
s [Label = 367] SAT (w = 84).
c [Label = 367] Label assignment: 199 135 85 168 115 283 367 199 31 84 219 282 51 283 198 115 283 168 196 199 20 31 334 117 54 367 166 198 31 107 367 170 366 168 367 367 117 199 337 197 337 337 168 169 283 271 115 84 283 283 285 337 252 20 282 283 84 253 252 303 367 106 314 355 1 199 168 166 283 283 54 219 199 115 367 199 72 199 283 1 104 283 115 146 263 309 115 114 222 282 230 84 115 112 338 283 170 20 112 199 168 115 280 199 168 199 115 168 72 282 334 283 282 30 198 367 20 83 303 281 367 150 253 199 2 117 104 303 337 367 367 367 367 168 198 84 283 198 84 283 282 115 23 84 306 252 168 199 222 250 54 283 20 337 199 84 355 313 283 366 282 115 252 115 367 199 23 367 84 168 283 283 199 115 201 367 367 51 115 253 283 253 115 188 306 283 337 114 199 283 253 222 367 117 23 168 337 367 54 199 367 169 84 84 199 138 367 253 2 169 283 84 85 168 367 285 282 168 113 84 285 199 219 283 115 367 138 198 303 54 66 138 53 283 283 201 199 366 115 367 303 51 367 168 83 30 252 219 366 169 84 250 250 201 219 138 283 199 367 306 283 303 336 285 138 367 115 169 367 283 115 199 271 51 138 283 283 282 20 86 54 20 168 234 283 199 85 199 31 367 84 166 2 2 365 23 222 115 199 366 199 115 199 314 168 254 367 285 199 199 31 31 138 54 83 115 31 31 367 31 336 283 367 115 253 114 198 314 334 115 31 115 306 314 230 283 336 219 283 115 252 336 316 367 82 252 138 84 366 222 337 54 252 31 115 84 252 303 366 54 253 198 2 225 282 283 199 222 283 83 222 82 222 199 23 33 199 199 84 367 115 283 283 112 146 198 30 253 366 55 4 303 31 2 337 199 115 201 222 197 306 31 54 169 114 170 282 199 367 104 82 31 138 84 283 366 201 115 285 199 367 168 84 367 314 366 355 199 366 20 367 83 23 84 199 199 283 366 20 86 283 367 114 33 281 282 349 138 172 199 199 283 199 367 199 170 84 51 306 84 283 135 196 337 138 314 84 199 271 199 367 33 367 367 367 283 222 114 253 222 283 199 367 82 84 367 85 156 283 306 84 283 168 138 336 138 367 168 338 281 72 115 198 107 86 222 169 222 135 169 54 84 138 367 72 306 138 135 138 199 367 334 84 222 285 54 199 84 168 138 222 84 85 283 135 283 366 314 84 112 199 283 115 283 366 365 86 197 166 138 198 199 115 283 84 51 168 199 169 84 199 31 367 83 314 282 367 367 20 283 135 114 84 115 115 31 265 115 367 168 316 222 20 282 306 51 282 117 168 334 282 252 
c [Main] Lowest label SAT is set to 367.
c [Label = 359] Minimize Makespan Labeling problem (T-dwt__592.mtx.rnd):
c [Label = 366] Encoding starts with target value = 84:
c [Label = 366] Encoding duration: 8778ms.
c [Label = 366] Number of clauses: 5128139.
c [Label = 366] Number of variables: 673234.
c [Label = 366] Solving duration: 74529 ms.
s [Label = 366] SAT (w = 84).
c [Label = 366] Label assignment: 56 114 197 114 113 282 168 31 258 168 31 364 198 282 86 144 343 91 366 56 197 258 312 97 198 259 114 113 228 174 254 86 167 365 262 224 197 56 365 84 365 308 56 56 284 366 114 170 308 308 281 268 365 198 365 308 148 352 113 313 260 115 342 262 281 60 84 114 338 313 281 1 56 144 252 56 167 60 282 310 99 365 114 197 338 282 168 167 90 365 113 168 144 54 198 312 61 199 84 56 366 168 252 2 197 366 115 366 197 365 282 343 365 281 78 198 229 167 283 366 198 113 365 31 258 174 145 311 282 198 254 198 198 56 83 83 336 82 198 365 365 114 258 145 312 281 79 55 56 366 197 313 198 282 84 176 281 342 28 281 365 144 365 144 254 2 288 280 168 83 343 338 62 114 90 228 224 198 143 338 314 366 144 15 283 312 281 113 26 365 365 113 251 174 199 61 282 224 198 83 230 100 146 114 366 100 197 16 224 94 365 146 197 91 200 342 360 70 168 170 335 83 366 344 114 252 197 83 283 281 197 114 113 364 297 13 31 280 145 276 311 198 224 86 192 254 282 29 251 113 175 30 30 60 366 197 313 61 229 342 314 282 198 342 114 252 115 62 281 352 143 84 365 199 113 338 366 251 199 170 184 227 53 26 312 61 168 113 228 268 145 114 254 197 282 200 90 115 15 276 62 114 366 312 92 343 280 342 30 56 228 251 197 184 192 114 281 281 282 284 252 308 228 197 365 86 365 338 283 116 224 116 6 312 113 314 197 1 366 114 113 28 365 254 198 7 114 163 281 30 281 198 349 288 116 170 365 282 167 281 29 365 168 366 281 335 60 366 338 197 2 198 113 30 258 281 31 30 168 229 197 281 312 83 197 108 258 366 276 114 200 283 197 228 281 29 168 366 90 108 6 228 198 86 197 26 364 84 229 114 198 310 114 192 338 281 90 113 284 113 224 56 153 230 28 282 251 83 276 198 251 83 198 140 30 31 313 281 227 140 336 198 151 281 366 365 281 197 113 60 56 313 60 252 32 108 114 197 365 196 312 114 336 297 140 2 167 30 335 30 213 281 252 260 198 338 113 196 282 2 313 26 254 198 113 262 170 83 338 365 114 344 67 197 308 113 229 113 254 366 167 170 83 115 153 113 83 90 113 113 281 178 174 259 197 308 174 115 99 26 282 282 175 30 312 224 56 168 84 114 30 146 184 337 85 346 281 6 168 84 32 366 140 312 281 282 192 84 113 197 67 30 145 284 192 198 86 32 113 145 64 252 229 197 365 360 197 230 199 282 113 170 114 140 168 254 365 170 228 2 365 29 227 365 282 198 364 174 83 282 349 352 
c [Main] Lowest label SAT is set to 366.
c [Label = 358] Minimize Makespan Labeling problem (T-dwt__592.mtx.rnd):
c [Label = 365] Encoding starts with target value = 84:
c [Label = 365] Encoding duration: 8394ms.
c [Label = 365] Number of clauses: 5116154.
c [Label = 365] Number of variables: 672050.
c [Label = 365] Solving duration: 74113 ms.
s [Label = 365] SAT (w = 84).
c [Label = 365] Label assignment: 281 112 196 112 84 337 196 284 196 196 280 280 196 365 112 101 365 281 281 112 168 196 365 84 196 197 112 83 185 112 364 281 197 281 364 169 112 253 364 112 364 364 280 280 29 280 84 196 337 365 365 28 365 196 280 364 196 281 280 364 168 84 364 365 364 280 94 112 365 365 196 281 280 101 364 281 170 280 337 196 84 280 66 83 365 364 196 196 280 280 280 196 112 112 196 365 281 196 112 281 281 196 2 281 112 281 112 281 196 280 365 365 280 364 83 196 196 196 365 280 168 112 280 280 185 101 96 364 364 168 364 168 150 112 83 84 280 83 196 280 280 83 196 112 364 365 84 112 280 280 196 365 196 364 83 84 364 364 364 364 280 112 365 83 364 281 196 364 196 86 365 364 281 83 280 196 168 196 84 364 365 280 101 281 364 364 364 84 263 280 280 280 197 112 168 281 365 168 196 112 197 112 112 112 252 112 168 280 169 112 280 113 167 281 197 364 280 84 196 196 364 84 281 365 56 364 112 112 365 196 196 84 84 280 365 280 280 364 101 364 365 197 168 112 167 364 365 252 364 83 84 280 281 280 281 112 27 281 196 364 365 365 196 364 112 364 112 281 364 280 112 84 280 168 83 280 280 365 168 113 196 168 86 280 364 280 196 280 196 365 112 112 196 197 28 197 280 84 281 364 281 112 252 364 252 365 364 17 280 280 168 185 112 196 167 112 196 167 364 196 365 347 196 83 281 113 281 364 365 113 196 84 364 364 280 365 168 281 280 84 280 364 364 196 196 365 83 178 364 280 28 196 262 196 84 84 336 365 197 196 280 281 197 280 365 365 269 280 364 167 280 196 280 280 196 196 281 280 178 196 83 365 364 113 112 83 196 281 364 112 168 365 168 185 364 281 168 281 280 83 364 196 196 280 196 280 280 112 196 112 196 196 86 196 280 364 280 84 365 280 168 112 84 196 364 364 364 83 364 197 168 84 168 84 280 280 3 364 196 85 280 196 196 196 280 280 364 112 112 280 280 364 280 364 281 83 112 196 364 196 364 112 281 364 112 364 84 253 280 280 196 196 364 168 168 280 280 196 365 280 364 253 197 196 84 364 112 112 364 364 84 365 94 112 28 83 196 112 196 280 196 112 86 83 84 280 112 280 113 83 196 197 112 197 196 364 112 84 84 253 364 2 113 280 337 196 280 178 84 112 280 84 196 365 112 280 364 364 178 112 281 280 84 364 364 364 196 112 112 112 112 280 112 365 196 196 281 281 83 113 112 365 197 196 364 280 197 197 197 365 84 196 84 84 196 196 280 196 167 281 1 280 168 280 364 196 280 101 252 365 280 281 
c [Main] Lowest label SAT is set to 365.
c [Label = 357] Minimize Makespan Labeling problem (T-dwt__592.mtx.rnd):
c [Label = 362] Encoding starts with target value = 84:
c [Label = 362] Encoding duration: 9227ms.
c [Label = 362] Number of clauses: 5080201.
c [Label = 362] Number of variables: 668498.
c [Label = 362] Solving duration: 72538 ms.
s [Label = 362] SAT (w = 84).
c [Label = 362] Label assignment: 110 360 277 361 362 194 264 110 277 277 91 109 255 168 21 362 220 140 70 361 261 277 192 361 251 309 361 361 277 362 193 112 277 94 193 278 362 110 193 357 170 167 109 136 179 71 362 277 194 178 177 167 246 255 109 194 277 83 86 194 304 362 168 161 193 83 361 361 194 193 277 84 109 362 170 110 277 84 194 306 362 83 362 2 199 167 277 277 109 83 109 277 361 361 288 194 110 278 348 110 109 278 180 84 361 84 7 94 265 83 192 201 83 193 361 314 285 277 175 97 278 361 83 91 278 362 26 193 193 303 193 278 278 361 361 361 86 361 277 109 83 361 278 7 193 178 354 361 109 83 277 201 252 167 362 52 167 193 196 167 83 361 224 10 193 95 277 167 277 361 220 193 136 1 85 278 304 276 361 220 194 83 362 65 192 194 169 347 110 109 83 86 304 361 279 136 167 278 254 361 304 361 26 10 84 338 262 79 278 336 83 26 277 156 278 193 83 354 273 277 193 361 82 220 362 167 2 361 175 277 251 361 361 109 175 84 109 193 361 193 193 276 278 361 277 193 178 92 167 361 52 86 83 109 61 361 194 117 285 193 194 168 277 194 361 193 362 136 193 83 361 361 83 277 361 109 109 179 278 2 252 278 361 83 193 117 273 112 277 167 26 361 277 263 181 278 86 7 84 193 136 362 110 193 136 196 193 193 109 83 288 277 361 277 277 36 280 280 193 280 186 194 314 2 58 357 83 168 192 362 277 362 170 193 86 194 277 85 105 25 109 193 193 285 277 246 361 270 167 83 163 277 102 303 362 31 220 168 275 280 83 93 264 83 179 220 106 83 220 253 83 265 86 109 277 280 91 120 277 304 28 168 193 361 361 361 277 83 193 10 278 168 273 278 167 94 277 83 109 361 193 277 277 136 277 110 83 362 277 343 277 280 360 277 109 189 84 361 168 112 278 361 26 304 196 167 167 361 167 259 304 10 277 26 109 110 194 189 277 362 86 288 277 278 83 83 167 2 361 84 109 193 109 193 110 361 36 277 193 277 204 339 95 170 361 196 52 110 83 108 259 277 193 330 262 83 86 277 193 83 193 109 280 265 346 193 26 335 194 170 25 220 361 2 193 361 277 349 304 83 251 361 361 2 26 109 361 109 360 361 277 251 25 330 251 193 25 362 361 94 189 167 52 108 194 277 109 270 361 361 109 26 277 194 336 109 167 196 277 348 110 109 362 204 167 192 277 357 349 362 361 120 361 184 273 276 115 110 361 26 361 193 304 277 193 83 273 304 259 204 361 277 362 362 277 277 83 277 288 94 196 108 277 105 167 251 83 362 136 167 83 76 
c [Main] Lowest label SAT is set to 362.
c [Main] Kill higher label pid 363.
c [Main] Kill higher label pid 364.
c [Label = 364] Encoding starts with target value = 84:
c [Label = 364] Encoding duration: 8532ms.
c [Label = 364] Number of clauses: 5104170.
c [Label = 364] Number of variables: 670866.
c [Signal] Signal interruption. Caught signal: SIGTERM (15).
c [Label = 363] Encoding starts with target value = 84:
c [Label = 363] Encoding duration: 8523ms.
c [Label = 363] Number of clauses: 5092185.
c [Label = 363] Number of variables: 669682.
c [Signal] Signal interruption. Caught signal: SIGTERM (15).
c [Label = 356] Minimize Makespan Labeling problem (T-dwt__592.mtx.rnd):
c [Main] Child pid 363 - 105003 terminated by signal 15.
c [Label = 355] Minimize Makespan Labeling problem (T-dwt__592.mtx.rnd):
c [Main] Child pid 364 - 105002 terminated by signal 15.
c [Label = 354] Minimize Makespan Labeling problem (T-dwt__592.mtx.rnd):
c [Label = 361] Encoding starts with target value = 84:
c [Label = 361] Encoding duration: 9100ms.
c [Label = 361] Number of clauses: 5068216.
c [Label = 361] Number of variables: 667314.
c [Label = 361] Solving duration: 80830 ms.
s [Label = 361] SAT (w = 84).
c [Label = 361] Label assignment: 361 109 203 109 109 277 185 1 193 240 361 67 169 277 169 109 277 1 353 156 193 193 277 84 218 193 85 144 193 109 349 336 168 336 352 169 109 361 277 169 277 302 25 361 278 35 108 227 279 278 277 312 254 185 72 277 228 50 361 277 193 84 277 327 287 361 168 108 277 277 193 361 361 109 337 361 243 361 277 192 84 59 109 85 302 302 228 253 361 35 361 253 84 83 168 277 361 169 76 25 336 252 269 1 84 361 84 336 228 60 277 302 35 337 176 169 193 252 252 25 168 110 10 361 193 109 109 277 277 168 311 193 193 144 156 84 83 151 253 84 83 84 193 109 277 252 144 168 2 361 203 277 185 302 167 98 312 277 276 312 60 109 278 108 349 2 193 319 265 134 279 277 1 109 361 193 193 193 84 276 302 35 108 361 277 277 312 105 361 84 35 25 193 84 193 2 302 193 218 143 194 134 109 59 361 134 168 25 193 134 42 110 203 2 194 277 72 144 253 251 277 143 361 278 109 337 109 144 277 193 203 84 70 59 277 361 361 327 109 335 252 193 193 167 260 349 252 361 336 119 86 25 361 361 360 84 278 25 193 277 302 269 168 277 84 336 85 2 337 60 84 144 50 193 109 72 83 252 168 84 218 192 143 11 277 25 228 361 193 327 109 109 193 189 302 193 25 84 361 344 25 109 361 277 9 252 336 277 361 361 192 193 109 218 243 83 193 169 337 168 337 277 169 84 50 86 357 277 277 109 193 110 277 277 361 302 168 361 60 84 361 277 277 218 193 279 109 252 312 25 302 193 75 168 110 109 278 277 168 193 25 361 185 25 273 277 361 25 277 228 25 203 25 1 193 193 361 360 252 193 84 273 277 84 109 151 193 50 344 60 194 277 193 193 287 1 228 361 361 167 277 193 218 360 253 361 67 144 193 84 193 170 109 251 35 337 361 105 277 360 194 119 84 193 254 337 327 169 349 169 193 84 193 95 361 361 277 337 168 84 60 167 252 193 60 60 288 109 119 25 361 277 25 349 25 156 83 193 277 235 276 83 360 302 109 277 109 361 59 361 193 193 312 194 168 72 361 235 252 25 277 2 168 203 84 335 83 134 276 277 84 278 168 109 279 119 168 119 168 83 228 84 168 84 84 25 144 361 84 97 193 228 84 170 218 277 84 84 134 25 337 276 86 361 277 195 25 243 159 109 361 109 228 277 101 58 290 252 253 84 26 60 109 276 312 277 251 144 119 109 168 360 109 278 253 193 25 25 119 109 142 312 193 228 277 72 189 194 168 252 109 253 84 109 227 193 13 265 192 336 277 361 168 60 302 192 50 84 1 277 59 60 
c [Main] Lowest label SAT is set to 361.
c [Label = 353] Minimize Makespan Labeling problem (T-dwt__592.mtx.rnd):
c [Label = 358] Encoding starts with target value = 84:
c [Label = 358] Encoding duration: 8274ms.
c [Label = 358] Number of clauses: 5032263.
c [Label = 358] Number of variables: 663762.
c [Label = 358] Solving duration: 37432 ms.
s [Label = 358] SAT (w = 84).
c [Label = 358] Label assignment: 357 223 105 223 211 295 117 33 139 105 33 22 117 295 211 223 295 357 33 189 117 117 307 201 138 105 223 211 117 222 273 357 127 38 318 105 223 357 329 210 329 295 357 357 312 55 201 106 290 295 290 329 273 117 357 273 106 64 64 307 105 219 307 335 295 33 212 223 273 285 160 29 11 201 296 357 150 32 295 139 201 358 189 244 273 328 106 105 33 357 54 128 201 223 105 285 357 117 201 357 357 128 307 38 245 21 179 21 161 21 307 285 21 273 190 105 117 150 285 55 105 202 21 11 139 223 201 307 307 105 274 122 105 212 189 206 44 189 128 357 22 201 138 189 285 295 234 212 33 33 127 285 117 307 212 189 329 307 328 273 43 223 273 189 273 38 139 274 106 245 295 285 357 223 55 95 105 139 201 273 273 43 223 11 307 285 316 206 357 21 42 54 105 223 138 21 316 105 139 190 105 232 189 189 21 232 122 54 105 232 358 189 127 357 122 306 358 233 125 106 307 190 33 273 206 315 232 189 285 160 105 201 211 358 285 33 33 273 201 274 285 117 105 212 106 295 295 33 318 211 189 55 33 33 33 245 295 21 95 306 274 285 105 307 201 318 223 21 295 43 201 190 64 117 223 21 44 307 117 189 148 117 234 21 307 11 127 54 117 317 201 223 117 122 329 122 54 201 11 274 357 201 21 307 357 273 274 307 11 33 105 117 245 139 105 189 138 139 296 138 318 273 105 223 64 206 16 307 307 206 117 190 328 307 55 295 127 33 22 189 64 329 307 105 139 273 201 150 295 33 328 117 44 139 211 189 273 285 122 139 21 33 117 54 290 273 33 33 273 127 55 139 55 11 117 139 11 357 128 117 223 290 306 206 245 190 117 55 274 189 106 303 107 117 295 22 106 16 33 190 329 117 117 357 127 357 358 212 117 201 139 139 223 106 22 295 55 206 307 55 105 190 189 105 328 296 335 189 274 117 105 211 117 189 33 33 307 296 95 189 22 83 128 139 41 357 286 223 189 33 11 273 33 291 358 190 189 139 307 105 273 201 33 328 201 307 189 21 64 33 95 138 296 105 105 21 55 105 273 33 285 16 105 139 206 296 189 232 273 316 189 273 234 223 295 211 95 245 105 22 148 201 190 222 189 55 232 33 201 189 148 148 222 105 148 285 223 201 223 21 296 307 189 33 273 117 33 147 231 201 33 189 148 273 201 22 273 307 128 201 21 22 189 273 316 307 106 211 244 244 234 357 201 296 106 117 357 21 211 211 190 274 117 105 328 17 122 105 95 273 223 106 189 189 106 117 21 105 83 21 307 33 117 22 307 117 358 223 1 307 44 63 
c [Main] Lowest label SAT is set to 358.
c [Main] Kill higher label pid 359.
c [Main] Kill higher label pid 360.
c [Label = 360] Encoding starts with target value = 84:
c [Label = 360] Encoding duration: 8471ms.
c [Label = 360] Number of clauses: 5056232.
c [Label = 360] Number of variables: 666130.
c [Signal] Signal interruption. Caught signal: SIGTERM (15).
c [Label = 359] Encoding starts with target value = 84:
c [Label = 359] Encoding duration: 8612ms.
c [Label = 359] Number of clauses: 5044247.
c [Label = 359] Number of variables: 664946.
c [Signal] Signal interruption. Caught signal: SIGTERM (15).
c [Label = 352] Minimize Makespan Labeling problem (T-dwt__592.mtx.rnd):
c [Main] Child pid 360 - 105019 terminated by signal 15.
c [Main] Child pid 359 - 105024 terminated by signal 15.
c [Label = 351] Minimize Makespan Labeling problem (T-dwt__592.mtx.rnd):
c [Label = 350] Minimize Makespan Labeling problem (T-dwt__592.mtx.rnd):
c [Label = 357] Encoding starts with target value = 84:
c [Label = 357] Encoding duration: 8551ms.
c [Label = 357] Number of clauses: 5020278.
c [Label = 357] Number of variables: 662578.
c [Label = 357] Solving duration: 34970 ms.
s [Label = 357] SAT (w = 84).
c [Label = 357] Label assignment: 356 202 104 189 189 272 104 21 104 104 8 356 105 293 188 188 273 356 13 188 112 83 293 196 104 104 189 188 104 188 272 356 104 356 273 104 188 356 272 188 272 272 356 356 302 357 189 83 273 273 286 273 272 97 356 272 93 357 356 281 104 196 272 273 272 356 188 189 272 272 104 7 356 188 272 356 104 356 273 65 189 356 188 188 272 281 83 104 356 356 356 104 188 188 104 273 356 112 197 357 356 86 286 29 188 20 179 356 105 356 273 273 356 272 188 104 92 104 273 357 104 188 356 357 104 188 189 281 273 104 272 104 104 188 188 188 356 188 86 356 356 188 104 188 272 272 188 188 356 357 104 273 97 272 188 188 273 251 254 272 356 188 272 188 272 41 83 272 83 189 273 272 357 188 356 95 104 113 188 272 273 356 188 11 281 272 272 202 356 356 356 356 104 188 104 357 273 104 105 188 105 188 188 188 20 189 104 21 104 189 356 189 83 356 126 272 356 189 104 86 272 170 13 273 188 273 188 188 280 104 104 189 188 356 273 28 356 272 188 272 272 112 104 170 104 272 272 8 272 188 188 21 21 356 13 188 294 20 95 272 279 281 104 272 188 272 197 357 272 357 188 170 357 112 197 356 357 272 92 188 105 92 188 356 272 357 104 356 83 273 189 189 83 118 273 113 356 176 8 272 357 188 357 272 356 272 272 272 357 356 104 104 188 103 83 188 104 104 272 83 273 272 104 188 357 209 20 272 293 210 104 189 272 272 356 294 104 28 356 188 356 272 272 104 105 272 188 104 272 357 273 104 357 83 210 188 272 280 104 83 356 20 104 16 293 272 356 20 272 104 29 105 357 356 104 83 357 356 86 105 167 293 272 188 188 188 83 357 272 188 105 280 105 83 272 21 83 13 356 188 272 104 104 356 104 356 356 170 83 181 105 83 197 104 356 272 356 209 301 338 105 188 188 104 272 272 273 188 272 105 104 188 104 188 356 8 281 272 92 188 356 83 104 84 357 356 272 167 188 356 356 272 356 272 20 188 188 113 272 86 272 189 20 294 188 272 188 356 357 20 95 104 272 104 104 356 356 83 272 20 272 357 104 105 188 254 188 189 272 272 188 273 188 188 272 188 95 189 104 356 104 188 188 188 188 356 188 335 196 188 104 105 188 104 105 273 167 196 188 357 272 273 188 357 272 104 356 105 189 188 357 189 104 272 189 338 272 251 84 196 21 356 189 272 272 273 86 188 189 188 188 356 167 294 104 105 356 21 188 189 170 254 105 104 272 356 125 105 92 272 197 83 188 188 86 104 356 83 83 356 251 20 92 356 292 105 356 188 356 286 356 1 
c [Main] Lowest label SAT is set to 357.
c [Label = 349] Minimize Makespan Labeling problem (T-dwt__592.mtx.rnd):
c [Label = 353] Encoding starts with target value = 84:
c [Label = 353] Encoding duration: 8413ms.
c [Label = 353] Number of clauses: 4972340.
c [Label = 353] Number of variables: 657842.
c [Label = 353] Solving duration: 61754 ms.
s [Label = 353] SAT (w = 84).
c [Label = 353] Label assignment: 352 84 269 101 101 185 269 353 268 268 353 352 268 185 86 83 184 16 353 100 269 268 185 84 269 268 100 84 268 83 184 352 268 352 170 268 100 352 201 83 184 185 352 352 184 353 84 268 186 201 185 168 201 268 352 184 266 336 16 168 270 84 184 168 184 352 69 84 184 184 268 353 352 83 165 352 252 352 185 302 84 352 100 100 184 185 266 268 352 353 352 266 83 100 269 184 352 269 100 1 353 250 185 353 117 16 100 353 269 353 184 184 353 184 86 268 269 251 168 17 269 101 353 352 268 83 84 168 184 269 184 285 285 81 100 100 350 100 251 352 352 87 268 100 184 184 73 81 353 353 269 184 268 185 81 102 185 184 201 185 352 83 184 100 184 16 268 184 268 84 201 184 18 86 352 268 268 269 83 184 186 353 83 352 184 184 168 84 352 352 352 352 268 100 268 16 185 270 269 100 285 84 93 101 16 101 268 17 268 84 352 117 268 33 285 167 352 76 254 266 167 100 353 201 101 170 100 100 177 285 269 100 100 352 184 353 352 184 83 182 184 269 268 82 268 184 185 353 167 84 117 17 353 352 352 117 184 353 268 184 201 184 269 167 100 170 84 33 184 345 100 98 353 269 101 352 338 184 269 86 269 269 69 353 170 353 258 16 268 167 100 101 268 269 185 269 352 84 353 183 1 100 17 184 18 184 184 184 353 352 268 251 100 269 268 100 268 268 166 285 167 184 268 100 353 100 16 167 168 100 268 117 184 171 352 201 268 353 351 100 16 201 184 268 269 203 100 251 184 353 185 268 352 285 116 100 186 168 268 268 353 353 269 17 184 184 352 17 184 268 353 269 16 352 268 268 353 353 254 269 117 184 170 100 100 99 285 353 184 101 285 185 285 254 185 16 268 353 16 83 184 268 269 352 268 352 15 81 268 100 269 285 101 267 14 170 16 100 185 33 286 98 100 270 184 167 168 100 170 269 268 100 268 100 352 353 185 170 268 100 350 269 266 268 338 353 185 100 100 352 352 184 16 184 18 86 100 269 184 268 184 100 353 185 84 184 99 16 338 352 268 268 182 287 269 352 16 268 185 353 167 16 268 269 100 182 100 84 184 184 101 186 83 83 185 101 268 84 268 338 252 83 86 84 83 1 83 16 84 100 285 252 100 285 269 184 100 84 101 17 167 184 100 352 184 269 352 258 83 100 352 102 252 184 84 11 185 201 254 84 16 350 102 184 168 185 268 86 101 100 81 352 100 201 254 269 352 16 84 100 98 184 268 269 184 352 285 285 269 185 84 268 100 100 268 268 16 268 268 353 184 353 268 352 185 268 352 100 1 168 350 342 
c [Main] Lowest label SAT is set to 353.
c [Main] Kill higher label pid 354.
c [Main] Kill higher label pid 355.
c [Main] Kill higher label pid 356.
c [Label = 354] Encoding starts with target value = 84:
c [Label = 354] Encoding duration: 8854ms.
c [Label = 354] Number of clauses: 4984325.
c [Label = 354] Number of variables: 659026.
c [Signal] Signal interruption. Caught signal: SIGTERM (15).
c [Label = 355] Encoding starts with target value = 84:
c [Label = 355] Encoding duration: 8595ms.
c [Label = 355] Number of clauses: 4996309.
c [Label = 355] Number of variables: 660210.
c [Signal] Signal interruption. Caught signal: SIGTERM (15).
c [Label = 356] Encoding starts with target value = 84:
c [Label = 356] Encoding duration: 9018ms.
c [Label = 356] Number of clauses: 5008294.
c [Label = 356] Number of variables: 661394.
c [Signal] Signal interruption. Caught signal: SIGTERM (15).
c [Label = 348] Minimize Makespan Labeling problem (T-dwt__592.mtx.rnd):
c [Main] Child pid 355 - 105041 terminated by signal 15.
c [Label = 347] Minimize Makespan Labeling problem (T-dwt__592.mtx.rnd):
c [Main] Child pid 356 - 105040 terminated by signal 15.
c [Main] Child pid 354 - 105042 terminated by signal 15.
c [Label = 346] Minimize Makespan Labeling problem (T-dwt__592.mtx.rnd):
c [Label = 345] Minimize Makespan Labeling problem (T-dwt__592.mtx.rnd):
c [Label = 352] Encoding starts with target value = 84:
c [Label = 352] Encoding duration: 8419ms.
c [Label = 352] Number of clauses: 4960356.
c [Label = 352] Number of variables: 656658.
c [Label = 352] Solving duration: 58985 ms.
s [Label = 352] SAT (w = 84).
c [Label = 352] Label assignment: 351 153 84 169 183 267 70 351 70 86 337 2 85 267 168 167 267 351 337 170 85 86 237 169 74 83 169 168 69 183 267 351 70 338 268 99 170 351 267 170 267 251 351 351 267 337 153 84 267 267 253 267 267 85 2 267 84 352 351 253 99 169 251 252 256 351 168 153 267 253 99 337 345 167 267 351 83 351 267 102 161 14 183 183 267 251 84 84 351 336 351 99 170 167 70 253 351 85 169 351 338 84 253 352 183 351 169 335 83 352 237 261 352 252 170 86 77 83 245 337 83 167 340 337 83 167 169 253 253 83 268 92 83 183 170 167 351 183 84 351 338 153 83 167 251 254 168 183 335 337 83 253 69 252 183 183 252 267 270 252 352 167 267 183 267 351 83 268 83 167 267 261 351 153 351 69 99 69 167 267 267 351 167 351 237 253 267 169 351 352 351 351 99 167 69 351 251 83 69 184 99 183 183 167 351 167 83 337 99 168 352 183 84 351 83 267 351 168 84 99 252 184 337 267 176 268 183 168 237 86 83 153 167 15 253 1 338 268 167 267 253 69 99 183 86 254 251 337 267 168 183 335 321 351 337 183 267 351 83 267 267 253 70 251 167 267 169 351 268 352 168 183 351 69 167 338 352 251 69 183 83 69 167 337 251 345 84 2 83 268 169 153 83 84 253 84 351 161 337 267 351 153 351 251 351 267 270 251 337 351 86 83 170 83 86 170 83 99 267 86 268 267 99 183 348 183 351 251 237 168 69 168 254 251 351 267 70 337 351 170 351 267 267 83 69 267 153 84 268 337 252 69 352 99 176 167 267 253 83 83 336 351 83 337 267 267 336 337 267 84 337 70 351 337 83 86 337 351 99 83 186 267 251 167 183 183 86 351 267 167 83 253 83 83 252 351 99 337 2 170 254 69 69 351 84 351 2 170 83 169 85 99 153 86 352 268 338 183 268 15 83 183 183 83 267 259 252 168 254 69 99 167 69 183 336 345 253 254 77 183 352 83 99 83 352 336 253 170 168 335 351 253 351 254 351 183 183 69 267 99 267 169 338 251 153 267 183 351 351 336 85 86 268 83 83 351 351 84 251 337 254 351 99 69 167 268 183 168 267 267 167 267 183 183 251 167 83 167 99 351 84 167 168 167 183 351 183 2 153 168 83 84 170 98 83 237 183 153 167 351 267 253 183 337 267 69 351 84 184 167 336 183 99 267 153 352 252 270 84 167 351 352 168 267 267 253 99 184 167 170 183 351 177 267 83 53 351 351 168 183 184 268 85 84 267 351 83 99 69 254 153 84 167 183 100 83 351 84 83 338 267 321 70 352 251 69 352 167 351 237 351 352 
c [Main] Lowest label SAT is set to 352.
c [Label = 344] Minimize Makespan Labeling problem (T-dwt__592.mtx.rnd):
c [Label = 351] Encoding starts with target value = 84:
c [Label = 351] Encoding duration: 8246ms.
c [Label = 351] Number of clauses: 4948371.
c [Label = 351] Number of variables: 655474.
c [Label = 351] Solving duration: 61619 ms.
s [Label = 351] SAT (w = 84).
c [Label = 351] Label assignment: 84 169 307 154 168 266 350 85 350 266 70 350 350 266 109 182 267 84 83 98 337 350 253 167 322 351 169 124 350 167 193 99 350 83 212 350 167 84 266 113 266 238 71 98 267 55 167 266 252 253 253 208 252 350 350 252 281 40 83 253 350 154 266 208 223 83 113 169 267 266 350 70 83 167 212 84 307 83 257 350 167 350 182 167 254 238 281 292 71 55 71 296 167 182 350 253 98 337 167 84 89 296 266 85 182 84 169 83 307 40 266 253 53 208 98 350 337 307 251 70 350 139 55 83 350 182 167 253 266 350 182 345 351 113 98 168 44 98 296 25 14 167 350 167 251 266 124 128 70 85 307 253 350 223 128 169 223 255 266 223 40 182 267 182 182 84 350 182 281 124 252 266 83 167 98 350 351 337 167 267 266 40 167 83 251 266 223 169 84 25 40 83 351 182 341 84 223 351 322 98 337 124 168 182 83 139 350 55 351 124 350 168 307 71 351 251 14 124 292 281 266 98 83 253 168 208 167 124 253 350 322 167 182 350 266 70 83 182 167 182 251 341 351 113 266 193 266 74 208 139 168 70 85 83 83 182 267 84 338 251 253 251 350 266 167 212 169 76 208 40 182 98 40 341 154 14 29 266 337 183 307 337 124 55 251 72 307 83 350 208 169 154 350 351 238 351 83 167 83 182 84 167 84 266 85 267 182 266 83 83 350 350 182 307 266 182 335 335 212 336 208 267 350 167 40 182 84 266 253 183 335 167 266 266 83 252 350 74 14 182 98 266 254 338 337 254 154 292 223 70 223 350 40 339 168 168 266 253 350 350 55 85 350 55 266 267 83 55 267 307 70 322 83 83 335 339 83 98 296 337 167 266 251 169 170 98 339 40 182 168 337 251 350 350 223 83 266 83 83 113 266 350 322 99 292 84 350 113 350 167 337 350 154 281 14 208 98 168 253 83 350 98 182 350 251 197 208 109 197 337 351 167 335 168 83 70 253 197 350 168 29 350 307 350 29 40 238 167 139 98 98 254 87 182 83 98 167 337 251 266 266 167 83 238 154 251 182 98 40 83 350 338 197 338 350 10 98 266 266 70 266 84 351 322 168 197 183 124 266 266 173 266 124 167 238 139 350 139 351 29 292 182 98 167 183 83 124 72 169 139 350 292 167 336 307 251 167 158 139 83 197 266 168 83 266 322 83 292 124 167 83 169 307 267 167 14 223 252 296 167 70 29 168 266 223 253 266 124 139 182 124 83 171 253 281 350 84 84 139 168 98 182 351 307 251 14 351 337 350 266 167 281 168 179 266 350 55 277 350 83 255 83 337 25 238 350 1 182 84 257 40 25 
c [Main] Lowest label SAT is set to 351.
c [Label = 343] Minimize Makespan Labeling problem (T-dwt__592.mtx.rnd):
c [Label = 350] Encoding starts with target value = 84:
c [Label = 350] Encoding duration: 8430ms.
c [Label = 350] Number of clauses: 4936387.
c [Label = 350] Number of variables: 654290.
c [Label = 350] Solving duration: 67286 ms.
s [Label = 350] SAT (w = 84).
c [Label = 350] Label assignment: 84 181 349 181 181 266 350 84 349 337 84 71 349 266 168 181 265 83 84 168 350 349 265 182 349 349 181 168 349 181 266 97 349 97 266 349 181 97 265 181 265 265 97 83 265 86 181 338 266 266 266 265 265 350 71 265 349 97 97 266 336 168 265 265 265 97 181 181 265 265 349 84 97 181 265 97 349 97 266 349 182 72 182 181 265 265 349 350 83 83 97 349 181 181 350 265 83 350 182 84 84 350 266 84 181 86 174 98 349 84 265 265 84 266 155 350 350 349 266 97 350 181 97 90 349 181 169 266 265 350 254 350 350 168 168 181 97 155 350 93 84 181 349 181 265 265 170 181 97 97 349 266 350 265 181 167 265 265 265 252 84 181 265 181 253 86 349 240 336 167 265 265 83 181 97 349 349 350 181 265 252 84 181 97 266 265 266 181 84 84 84 97 336 181 350 83 265 350 349 156 349 181 168 168 84 181 349 83 350 181 72 168 350 83 349 265 71 181 350 337 265 156 84 252 175 266 181 168 266 349 349 181 181 71 265 84 97 253 181 252 265 350 350 168 337 266 266 84 265 181 167 86 97 97 97 181 265 90 350 265 252 266 2 265 181 265 168 83 266 85 181 168 83 350 181 84 84 265 350 181 349 350 167 97 265 85 350 97 350 266 174 181 349 349 265 350 97 172 97 239 70 181 84 279 72 265 240 265 97 97 350 349 181 350 337 182 349 349 265 349 265 266 349 181 84 181 83 265 266 181 349 168 265 265 97 265 12 84 71 182 97 265 265 349 349 251 181 349 252 97 265 349 86 349 181 180 251 266 349 349 97 97 350 97 265 252 97 83 251 350 97 349 83 97 349 349 84 96 350 350 181 265 266 181 181 155 349 89 252 182 350 266 350 350 265 84 336 98 83 168 265 13 349 97 350 97 71 168 349 181 349 349 181 337 83 266 97 181 265 97 350 167 167 336 265 266 265 182 252 350 336 181 350 181 97 84 266 266 349 181 84 350 349 349 97 84 265 181 168 97 97 266 97 252 84 155 181 350 265 324 266 181 97 265 181 265 167 98 83 97 349 349 265 336 350 84 83 336 266 89 265 84 349 349 181 252 181 181 265 265 168 252 170 181 265 181 349 181 349 84 349 181 168 182 168 97 181 83 168 181 349 350 167 349 349 265 168 169 181 84 253 265 170 97 266 349 97 1 181 181 97 168 350 252 181 83 265 265 350 182 84 84 168 265 266 265 336 181 170 181 168 97 181 265 350 350 83 83 168 167 168 252 349 349 265 71 349 336 350 266 182 350 182 168 338 349 97 350 349 97 265 97 350 84 265 350 71 181 72 266 84 85 
c [Main] Lowest label SAT is set to 350.
c [Label = 342] Minimize Makespan Labeling problem (T-dwt__592.mtx.rnd):
c [Label = 349] Encoding starts with target value = 84:
c [Label = 349] Encoding duration: 8877ms.
c [Label = 349] Number of clauses: 4924402.
c [Label = 349] Number of variables: 653106.
c [Label = 349] Solving duration: 86752 ms.
s [Label = 349] SAT (w = 84).
c [Label = 349] Label assignment: 72 168 265 180 167 337 250 71 264 265 72 97 264 336 181 168 336 72 82 180 244 256 348 160 257 252 173 181 264 172 348 59 252 74 349 253 180 72 348 180 12 341 59 72 336 96 169 265 336 336 341 349 336 252 97 337 264 95 96 337 252 156 348 13 349 75 180 168 334 337 264 72 75 168 348 69 273 75 337 277 156 97 167 180 324 341 264 265 84 96 96 264 168 155 252 337 71 240 166 72 72 264 336 72 180 72 156 72 267 84 341 324 86 2 180 250 253 264 337 96 252 173 84 72 264 172 156 337 348 252 349 252 251 180 181 168 96 181 265 96 94 168 256 156 348 339 181 180 89 83 265 337 252 349 180 168 2 340 12 348 97 180 336 156 2 73 269 349 265 183 349 340 72 169 88 253 250 253 168 336 336 89 168 72 337 337 349 160 72 96 97 96 252 180 253 84 349 240 257 181 265 181 168 168 72 173 253 89 253 181 97 168 265 72 252 340 95 181 265 265 336 181 72 336 167 349 180 180 337 264 265 168 158 97 331 71 75 2 168 13 337 252 250 181 265 2 336 72 2 180 168 85 83 83 83 180 336 71 240 340 336 336 252 348 173 2 156 84 349 84 168 181 96 252 169 96 84 336 240 156 265 253 180 89 348 72 265 96 252 349 156 180 252 252 2 252 88 156 72 11 71 169 83 348 73 324 13 348 76 83 240 252 180 265 265 166 264 264 349 264 6 337 252 180 97 168 72 348 337 168 257 168 4 348 96 349 242 72 97 156 96 12 2 240 264 337 169 265 349 76 5 257 90 269 168 156 338 336 252 264 89 76 252 84 337 336 83 85 337 265 76 267 96 83 256 267 72 72 265 240 180 337 340 165 180 181 256 84 349 168 252 336 252 252 349 73 273 76 88 181 4 264 257 72 265 72 97 180 256 156 264 277 169 265 96 349 96 168 336 96 252 180 156 252 12 349 8 180 349 252 246 158 253 166 83 72 336 349 253 166 96 253 267 264 84 96 2 180 180 83 75 324 75 349 72 181 166 253 349 265 334 168 71 1 173 348 162 72 96 83 247 265 348 252 250 96 96 265 336 76 340 72 240 266 166 349 156 183 337 348 168 336 181 180 348 173 252 183 240 85 273 168 180 169 156 96 181 88 162 180 264 265 172 252 267 341 172 156 173 71 349 348 168 83 337 257 75 265 180 173 83 168 265 337 167 96 2 4 265 168 84 88 156 336 13 348 265 181 180 180 180 71 168 338 265 252 72 84 181 168 180 8 252 264 348 96 252 252 240 337 160 265 166 156 265 264 96 264 252 74 2 76 253 84 341 252 97 180 73 336 96 97 
c [Main] Lowest label SAT is set to 349.
c [Label = 341] Minimize Makespan Labeling problem (T-dwt__592.mtx.rnd):
c [Label = 348] Encoding starts with target value = 84:
c [Label = 348] Encoding duration: 8329ms.
c [Label = 348] Number of clauses: 4912418.
c [Label = 348] Number of variables: 651922.
c [Label = 348] Solving duration: 45192 ms.
s [Label = 348] SAT (w = 84).
c [Label = 348] Label assignment: 95 348 179 348 347 263 192 108 179 167 96 83 180 263 347 347 287 107 96 347 192 179 264 12 180 203 12 347 167 347 263 95 203 107 263 179 347 83 263 347 263 263 96 95 276 95 11 167 263 263 276 264 275 180 83 263 179 95 95 276 179 12 263 263 263 95 347 12 263 264 167 96 95 348 263 83 179 95 263 179 12 83 347 347 276 264 179 179 83 95 83 179 347 24 179 264 95 192 12 95 95 179 276 108 347 95 12 95 179 95 264 276 95 263 347 179 192 179 276 84 179 347 95 96 179 347 12 264 264 179 263 179 179 347 347 23 83 337 179 83 83 347 178 12 263 275 347 347 95 96 179 276 180 264 347 347 264 263 263 263 95 347 287 347 263 107 179 253 167 348 275 263 95 347 95 180 179 180 348 263 263 95 347 84 263 264 264 24 83 83 95 95 179 347 179 107 264 179 180 347 191 348 347 347 95 12 191 96 179 11 83 11 179 95 191 263 83 348 179 167 263 347 84 263 347 263 347 347 264 179 179 348 11 83 264 108 95 251 347 251 264 180 179 347 168 251 263 95 263 11 11 96 96 91 96 347 287 108 180 263 275 264 179 263 347 263 24 95 263 95 348 347 95 179 348 83 83 287 180 347 180 180 347 95 263 96 179 95 179 264 24 348 179 192 264 192 83 12 96 252 95 348 83 263 95 263 251 263 95 95 179 179 347 180 167 347 167 167 263 179 263 263 179 347 95 23 107 263 264 23 179 11 263 263 83 275 191 95 83 347 95 263 263 192 180 263 348 179 263 90 264 180 83 179 11 24 263 264 192 167 95 108 192 96 276 263 83 84 263 179 95 180 95 95 179 179 96 83 167 192 347 275 264 24 347 336 179 96 252 347 179 276 179 175 263 95 167 96 83 347 263 179 179 95 179 83 73 347 179 348 180 179 348 167 83 263 95 11 288 95 179 347 347 179 263 263 263 347 263 180 179 23 179 347 91 108 276 263 180 347 83 179 179 179 95 95 263 347 347 95 95 264 95 251 95 338 347 179 263 167 263 348 108 264 347 263 347 95 83 83 180 179 263 179 179 83 95 167 263 95 263 95 179 180 11 263 347 348 263 263 347 263 347 347 263 348 180 348 179 95 179 347 347 7 347 95 348 95 348 347 179 179 347 191 180 263 347 11 348 95 263 264 23 95 263 179 91 179 347 348 95 11 179 263 348 83 263 263 179 12 95 83 347 263 263 264 167 347 11 347 347 95 347 275 179 180 108 107 348 23 347 263 203 179 251 83 191 179 180 263 11 167 347 347 179 179 95 167 179 95 263 95 180 83 264 180 83 1 83 264 83 84 
c [Main] Lowest label SAT is set to 348.
c [Label = 340] Minimize Makespan Labeling problem (T-dwt__592.mtx.rnd):
c [Label = 342] Encoding starts with target value = 84:
c [Label = 342] Encoding duration: 9151ms.
c [Label = 342] Number of clauses: 4840511.
c [Label = 342] Number of variables: 644818.
c [Label = 342] Solving duration: 36253 ms.
s [Label = 342] SAT (w = 84).
c [Label = 342] Label assignment: 257 181 109 187 173 341 85 263 89 121 260 289 91 341 199 173 342 257 259 205 91 83 13 175 97 86 181 193 89 173 31 257 89 257 25 89 173 257 341 199 341 13 257 257 5 277 177 121 341 341 7 19 341 85 295 341 121 277 257 2 89 175 341 19 19 257 199 181 341 3 89 259 261 173 31 257 109 257 341 89 175 289 173 173 341 13 121 115 257 283 257 121 173 175 89 3 257 91 169 257 257 115 1 263 173 257 171 257 109 283 13 342 277 31 205 89 90 115 2 271 89 187 277 257 89 173 174 7 13 89 32 89 89 205 205 173 289 205 115 289 283 177 89 173 9 341 193 205 267 265 103 3 91 13 199 173 19 341 341 25 277 173 341 173 37 263 89 31 115 193 341 5 257 177 257 87 89 97 177 341 341 271 173 259 7 3 19 179 257 283 277 257 89 173 91 257 13 89 97 205 89 187 173 173 257 187 89 271 89 187 289 173 103 257 89 341 289 193 109 115 5 200 259 341 173 25 173 199 7 89 103 181 173 289 3 265 261 37 176 31 3 91 89 199 121 31 341 265 25 187 167 271 265 257 259 173 5 258 87 341 5 1 89 342 179 31 176 257 25 277 177 205 277 91 181 289 283 5 91 173 103 92 199 273 5 258 109 257 88 19 174 187 89 92 19 92 257 176 259 31 257 177 257 5 257 341 31 342 261 263 89 89 173 103 121 173 83 86 31 88 25 341 89 172 277 176 262 5 7 176 93 173 341 5 257 5 89 265 289 173 257 341 341 84 97 341 181 109 25 267 19 97 283 89 173 173 341 1 89 83 271 263 91 271 5 341 258 271 341 109 265 103 257 261 89 89 260 257 115 90 173 5 3 175 173 205 89 271 37 173 89 7 89 89 19 257 116 259 257 199 341 89 97 257 109 257 289 205 89 175 97 88 181 115 290 25 257 173 7 257 89 206 173 89 341 25 25 199 31 91 83 173 93 173 261 260 6 25 87 173 289 83 115 83 283 283 19 173 193 257 261 341 257 31 257 199 173 97 341 115 341 175 259 13 183 341 173 257 283 261 87 89 37 83 89 289 257 121 341 265 4 257 83 103 173 31 173 193 341 341 173 341 199 167 15 187 87 193 89 283 109 179 199 175 173 257 193 257 175 193 89 103 173 83 103 9 173 175 187 257 31 7 170 267 341 99 260 109 193 183 263 173 103 341 175 289 25 341 109 175 263 289 173 341 19 13 115 193 187 173 199 257 173 5 115 97 257 263 193 173 205 32 89 109 341 289 89 89 87 341 181 115 173 173 116 89 277 115 83 257 341 265 91 283 13 91 289 173 257 7 283 277 
c [Label = 343] Encoding starts with target value = 84:
c [Label = 343] Encoding duration: 8737ms.
c [Label = 343] Number of clauses: 4852495.
c [Label = 343] Number of variables: 646002.
c [Signal] Signal interruption. Caught signal: SIGTERM (15).
c [Main] Lowest label SAT is set to 342.
c [Main] Kill higher label pid 343.
c [Main] Kill higher label pid 344.
c [Main] Kill higher label pid 345.
c [Main] Kill higher label pid 346.
c [Main] Kill higher label pid 347.
c [Label = 344] Encoding starts with target value = 84:
c [Label = 344] Encoding duration: 8684ms.
c [Label = 344] Number of clauses: 4864480.
c [Label = 344] Number of variables: 647186.
c [Signal] Signal interruption. Caught signal: SIGTERM (15).
c [Label = 345] Encoding starts with target value = 84:
c [Label = 345] Encoding duration: 8539ms.
c [Label = 345] Number of clauses: 4876464.
c [Label = 345] Number of variables: 648370.
c [Signal] Signal interruption. Caught signal: SIGTERM (15).
c [Label = 346] Encoding starts with target value = 84:
c [Label = 346] Encoding duration: 8406ms.
c [Label = 346] Number of clauses: 4888449.
c [Label = 346] Number of variables: 649554.
c [Signal] Signal interruption. Caught signal: SIGTERM (15).
c [Label = 347] Encoding starts with target value = 84:
c [Label = 347] Encoding duration: 8470ms.
c [Label = 347] Number of clauses: 4900433.
c [Label = 347] Number of variables: 650738.
c [Signal] Signal interruption. Caught signal: SIGTERM (15).
c [Label = 339] Minimize Makespan Labeling problem (T-dwt__592.mtx.rnd):
c [Main] Child pid 343 - 105078 terminated by signal 15.
c [Main] Child pid 344 - 105077 terminated by signal 15.
c [Label = 338] Minimize Makespan Labeling problem (T-dwt__592.mtx.rnd):
c [Main] Child pid 346 - 105073 terminated by signal 15.
c [Label = 337] Minimize Makespan Labeling problem (T-dwt__592.mtx.rnd):
c [Label = 336] Minimize Makespan Labeling problem (T-dwt__592.mtx.rnd):
c [Main] Child pid 347 - 105072 terminated by signal 15.
c [Label = 335] Minimize Makespan Labeling problem (T-dwt__592.mtx.rnd):
c [Main] Child pid 345 - 105074 terminated by signal 15.
c [Label = 334] Minimize Makespan Labeling problem (T-dwt__592.mtx.rnd):
c [Label = 338] Encoding starts with target value = 84:
c [Label = 338] Encoding duration: 8454ms.
c [Label = 338] Number of clauses: 4792573.
c [Label = 338] Number of variables: 640082.
c [Label = 338] Solving duration: 23294 ms.
s [Label = 338] SAT (w = 84).
c [Label = 338] Label assignment: 175 4 256 6 5 91 258 171 260 254 173 170 258 89 338 6 89 174 172 338 257 258 88 4 258 258 4 1 258 6 86 177 258 174 90 261 6 177 92 2 92 88 172 175 87 174 4 256 91 89 88 88 90 256 170 93 258 172 178 88 259 4 90 90 87 174 4 4 91 88 262 172 172 4 90 177 258 174 89 260 4 172 7 8 88 90 258 254 174 172 176 258 4 4 261 88 175 257 4 175 175 258 88 171 8 173 2 175 258 170 88 88 171 86 338 261 257 260 88 174 259 4 172 172 260 6 3 89 90 259 88 259 259 4 338 5 174 2 258 170 170 4 260 4 88 90 4 6 174 174 257 88 256 88 6 5 90 90 92 86 170 6 90 7 86 171 260 86 254 4 89 88 173 5 176 256 261 258 4 91 89 172 6 172 89 88 87 3 177 170 171 176 259 6 259 173 89 259 258 2 257 3 5 7 173 5 259 174 261 4 172 3 256 175 255 90 170 4 256 258 90 2 172 89 5 88 8 2 88 262 257 4 6 172 88 173 174 86 4 88 88 256 261 4 254 86 91 173 90 3 5 174 172 174 172 8 87 173 256 90 89 88 260 90 4 90 3 173 86 172 4 4 174 257 5 170 174 90 257 7 258 258 6 173 90 172 256 176 258 88 3 4 258 257 90 255 176 4 172 86 175 4 175 90 175 91 86 90 172 174 261 258 8 257 254 7 260 260 90 260 90 91 261 6 174 3 173 90 88 1 258 5 92 90 176 87 260 172 172 7 178 92 90 258 258 91 4 258 86 173 90 258 174 260 3 4 91 88 258 260 172 173 258 174 89 91 174 173 91 255 174 260 176 172 258 260 172 175 259 257 6 89 90 4 8 2 258 173 86 7 257 88 257 258 88 173 256 172 174 2 92 258 258 177 254 177 170 4 258 2 258 260 4 256 172 86 176 3 87 176 259 4 7 259 92 88 90 338 86 256 259 6 258 7 174 173 87 86 256 7 174 261 260 260 172 170 88 6 2 174 172 88 174 86 173 2 7 258 90 256 91 4 174 90 4 90 5 175 174 174 256 260 88 259 259 170 176 256 91 173 88 175 261 258 5 88 7 6 93 92 5 89 6 6 88 4 256 6 261 172 258 4 338 5 7 176 2 174 2 3 262 258 6 259 260 88 6 3 4 175 88 88 5 174 91 258 174 258 4 4 174 5 256 91 4 172 88 90 258 4 173 174 5 93 86 90 256 2 6 8 6 177 4 87 256 258 174 171 2 3 4 88 257 256 92 170 257 257 256 91 4 254 5 7 256 258 172 254 261 175 90 173 258 170 89 258 170 6 175 88 174 174 
c [Label = 335] Encoding starts with target value = 84:
c [Label = 335] Encoding duration: 7902ms.
c [Label = 335] Number of clauses: 4616571.
c [Label = 335] Number of variables: 588578.
c [Label = 335] Solving duration: 24144 ms.
s [Label = 335] UNSAT (w = 84).
c [Label = 339] Encoding starts with target value = 84:
c [Label = 339] Encoding duration: 8464ms.
c [Label = 339] Number of clauses: 4804557.
c [Label = 339] Number of variables: 641266.
c [Signal] Signal interruption. Caught signal: SIGTERM (15).
c [Main] Lowest label SAT is set to 338.
c [Main] Kill higher label pid 339.
c [Main] Kill higher label pid 340.
c [Main] Kill higher label pid 341.
c [Label = 340] Encoding starts with target value = 84:
c [Label = 340] Encoding duration: 8304ms.
c [Label = 340] Number of clauses: 4816542.
c [Label = 340] Number of variables: 642450.
c [Signal] Signal interruption. Caught signal: SIGTERM (15).
c [Label = 341] Encoding starts with target value = 84:
c [Label = 341] Encoding duration: 8276ms.
c [Label = 341] Number of clauses: 4828526.
c [Label = 341] Number of variables: 643634.
c [Signal] Signal interruption. Caught signal: SIGTERM (15).
c [Label = 333] Minimize Makespan Labeling problem (T-dwt__592.mtx.rnd):
c [Main] Highest label UNSAT is set to 335
c [Main] Kill lower label pid 333.
c [Main] Kill lower label pid 334.
c [Label = 334] Encoding starts with target value = 84:
c [Label = 334] Encoding duration: 7927ms.
c [Label = 334] Number of clauses: 4604587.
c [Label = 334] Number of variables: 587394.
c [Label = 334] Solving duration: 24342 ms.
s [Label = 334] UNSAT (w = 84).
c [Signal] Signal interruption. Caught signal: SIGTERM (15).
c [Label = 333] Encoding starts with target value = 84:
c [Signal] Signal interruption. Caught signal: SIGTERM (15).
c [Main] Child pid 333 - 105113 terminated by signal 15.
c [Main] Child pid 340 - 105095 terminated by signal 15.
c [Main] Child pid 341 - 105092 terminated by signal 15.
c [Main] Child pid 339 - 105098 terminated by signal 15.
c [Main] Child pid 334 - 105103 terminated by signal 15.
c [Label = 337] Encoding starts with target value = 84:
c [Label = 337] Encoding duration: 8133ms.
c [Label = 337] Number of clauses: 4635548.
c [Label = 337] Number of variables: 590946.
c [Label = 337] Solving duration: 24814 ms.
s [Label = 337] SAT (w = 84).
c [Label = 337] Label assignment: 88 337 171 337 2 255 169 85 170 175 84 92 169 254 5 1 253 85 85 6 169 169 253 337 170 169 1 4 170 337 258 89 170 86 257 173 337 88 254 5 254 254 85 88 253 85 337 176 255 254 253 255 253 169 91 257 175 87 86 253 171 337 254 255 255 84 5 337 257 254 170 84 85 337 258 89 171 85 255 171 337 92 3 1 254 254 175 173 85 87 85 174 337 1 171 253 88 169 1 87 87 174 253 85 2 85 1 86 170 88 253 253 87 257 7 172 169 172 253 84 171 2 86 85 170 1 337 253 254 171 260 170 171 6 7 1 89 7 174 89 90 1 169 1 254 254 3 5 85 85 170 253 169 254 5 2 254 253 255 256 88 1 253 4 259 85 169 260 175 2 253 253 86 1 85 169 173 169 1 257 255 86 1 85 253 254 255 1 88 89 87 85 172 1 169 85 254 171 169 7 169 2 3 2 86 1 170 85 172 2 92 1 171 85 169 253 91 3 173 175 253 7 84 254 2 257 1 4 253 170 171 337 2 92 253 85 85 260 337 260 253 169 172 6 176 258 254 85 256 2 1 85 85 85 85 2 253 85 169 253 254 253 170 254 1 257 1 85 257 88 1 7 86 169 1 90 89 254 169 4 170 169 3 86 254 85 172 86 169 256 337 337 169 169 253 169 85 337 85 260 87 1 86 254 86 257 260 254 85 85 172 169 1 170 176 3 169 170 258 170 256 256 173 1 86 1 85 253 253 337 169 1 253 254 85 254 170 84 91 3 86 254 253 169 169 254 1 172 256 85 254 169 88 170 1 1 255 253 170 169 86 85 169 85 254 256 85 86 256 172 85 169 85 85 169 169 85 87 173 169 2 254 253 1 1 7 169 86 260 2 170 253 170 169 255 86 176 84 85 6 253 170 170 89 173 89 92 6 169 1 169 170 1 175 91 257 85 1 253 86 170 7 4 171 254 258 255 5 259 168 172 2 169 4 85 85 253 258 169 4 90 171 173 169 89 88 255 337 3 85 85 253 85 259 86 7 4 169 253 176 256 337 85 253 1 254 3 87 87 85 169 169 259 170 170 90 85 176 255 85 253 87 173 169 1 259 4 2 257 253 2 255 4 1 254 2 170 1 173 90 171 337 6 337 4 85 3 85 337 2 170 171 1 169 170 253 1 337 1 86 259 253 1 85 256 170 84 172 4 1 85 2 171 256 337 91 255 254 173 337 85 90 2 257 256 253 176 4 1 1 4 88 337 254 174 169 85 85 3 1 7 260 169 172 254 91 169 170 169 255 337 174 2 3 176 169 87 174 173 86 253 85 169 89 254 169 92 1 87 253 88 87 
c [Main] Lowest label SAT is set to 337.
c [Label = 336] Encoding starts with target value = 84:
c [Label = 336] Encoding duration: 8121ms.
c [Label = 336] Number of clauses: 4628556.
c [Label = 336] Number of variables: 589762.
c [Label = 336] Solving duration: 27450 ms.
s [Label = 336] UNSAT (w = 84).
c [Main] Highest label UNSAT is set to 336
c [Signal] Signal interruption. Caught signal: SIGTERM (15).
c [Main] All children have completed.
r [Main] 
r [Main] Final results: 
r [Main] Lowest label SAT:  	337.
r [Main] Highest label UNSAT:	336.
r [Main] Total real time: 1042099 ms.
r [Main] Total memory consumed: 15487.4 MB.
r [Main] 
