c [Version] Minimize Makespan Labeling Encoder version 1.0.0.
c [Param] Target value is set to 75.
c [Param] LB is predefined as 76.
c [Param] UB is predefined as 536.
c [Param] Target value is set to Cyclic Antibandwidth.
c [Param] Vertices mode is set to Has hole.
c [Param] Result verification is ON.
c [Param] Memory limit is set to 30000.
c [Param] Real time limit is set to 1800.
c [Param] Worker count is set to 8.
c [Param] Max CNF size is set to 10.
c [Main] Search strategy: Iterating from upper bound.
c [Main] Search order: 536 535 534 533 532 531 530 529 528 527 526 525 524 523 522 521 520 519 518 517 516 515 514 513 512 511 510 509 508 507 506 505 504 503 502 501 500 499 498 497 496 495 494 493 492 491 490 489 488 487 486 485 484 483 482 481 480 479 478 477 476 475 474 473 472 471 470 469 468 467 466 465 464 463 462 461 460 459 458 457 456 455 454 453 452 451 450 449 448 447 446 445 444 443 442 441 440 439 438 437 436 435 434 433 432 431 430 429 428 427 426 425 424 423 422 421 420 419 418 417 416 415 414 413 412 411 410 409 408 407 406 405 404 403 402 401 400 399 398 397 396 395 394 393 392 391 390 389 388 387 386 385 384 383 382 381 380 379 378 377 376 375 374 373 372 371 370 369 368 367 366 365 364 363 362 361 360 359 358 357 356 355 354 353 352 351 350 349 348 347 346 345 344 343 342 341 340 339 338 337 336 335 334 333 332 331 330 329 328 327 326 325 324 323 322 321 320 319 318 317 316 315 314 313 312 311 310 309 308 307 306 305 304 303 302 301 300 299 298 297 296 295 294 293 292 291 290 289 288 287 286 285 284 283 282 281 280 279 278 277 276 275 274 273 272 271 270 269 268 267 266 265 264 263 262 261 260 259 258 257 256 255 254 253 252 251 250 249 248 247 246 245 244 243 242 241 240 239 238 237 236 235 234 233 232 231 230 229 228 227 226 225 224 223 222 221 220 219 218 217 216 215 214 213 212 211 210 209 208 207 206 205 204 203 202 201 200 199 198 197 196 195 194 193 192 191 190 189 188 187 186 185 184 183 182 181 180 179 178 177 176 175 174 173 172 171 170 169 168 167 166 165 164 163 162 161 160 159 158 157 156 155 154 153 152 151 150 149 148 147 146 145 144 143 142 141 140 139 138 137 136 135 134 133 132 131 130 129 128 127 126 125 124 123 122 121 120 119 118 117 116 115 114 113 112 111 110 109 108 107 106 105 104 103 102 101 100 99 98 97 96 95 94 93 92 91 90 89 88 87 86 85 84 83 82 81 80 79 78 77 76.
c [Main] Encoding and solving for graph: X-can__715.mtx.rnd.
c [Label = 536] Minimize Makespan Labeling problem (X-can__715.mtx.rnd):
c [Label = 535] Minimize Makespan Labeling problem (X-can__715.mtx.rnd):
c [Label = 534] Minimize Makespan Labeling problem (X-can__715.mtx.rnd):
c [Label = 533] Minimize Makespan Labeling problem (X-can__715.mtx.rnd):
c [Label = 532] Minimize Makespan Labeling problem (X-can__715.mtx.rnd):
c [Label = 531] Minimize Makespan Labeling problem (X-can__715.mtx.rnd):
c [Label = 530] Minimize Makespan Labeling problem (X-can__715.mtx.rnd):
c [Label = 529] Minimize Makespan Labeling problem (X-can__715.mtx.rnd):
c [Label = 534] Encoding starts with target value = 75:
c [Label = 534] Encoding duration: 16249ms.
c [Label = 534] Number of clauses: 9504702.
c [Label = 534] Number of variables: 1175618.
c [Label = 534] Solving duration: 34307 ms.
s [Label = 534] SAT (w = 75).
c [Label = 534] Label assignment: 1 1 1 1 1 1 1 1 76 76 1 1 1 1 1 1 1 1 1 1 1 1 76 76 76 76 76 76 76 76 76 1 1 1 76 1 1 1 76 151 76 1 1 1 1 151 151 1 1 1 151 1 76 1 1 151 1 76 1 151 151 1 1 1 151 1 1 1 151 76 76 1 1 76 76 76 76 76 76 151 1 1 1 76 76 1 1 1 151 226 151 151 151 1 76 1 76 151 151 1 1 1 226 1 1 1 151 76 1 1 76 151 226 151 226 1 226 76 151 1 151 151 226 151 76 1 1 151 76 76 1 226 76 76 151 226 151 76 76 226 76 1 76 76 1 1 1 226 76 76 76 1 151 76 226 1 76 1 1 76 76 151 76 76 151 151 1 1 151 76 151 76 76 226 151 76 151 1 76 76 151 1 1 226 1 76 76 226 76 151 151 76 1 151 151 301 76 226 76 151 1 151 1 151 76 1 226 1 226 76 1 76 76 151 1 1 226 1 226 76 226 76 301 301 301 1 151 151 76 1 301 151 1 1 151 76 151 151 76 151 1 151 1 76 1 301 76 76 226 226 301 226 1 76 151 151 151 1 76 76 226 301 151 76 226 76 76 226 226 151 226 1 226 76 226 76 151 151 1 1 301 226 226 226 301 301 151 1 376 226 76 151 301 1 1 151 226 226 76 1 226 76 226 151 151 151 1 151 151 151 151 76 301 226 1 151 226 226 76 151 76 301 76 226 151 151 226 76 226 301 301 226 226 1 151 76 151 1 301 76 376 1 301 376 76 76 1 1 76 151 376 151 151 151 226 1 301 1 76 226 226 226 151 1 1 1 226 226 226 376 226 301 226 376 376 151 151 376 151 151 226 151 151 151 452 376 151 451 226 301 151 1 76 226 301 151 226 151 301 76 151 301 226 376 301 226 226 301 226 76 226 376 76 76 1 151 151 301 151 226 451 151 151 1 76 226 301 301 376 76 376 301 151 226 376 301 376 301 226 1 301 376 151 76 76 76 376 301 376 1 301 301 226 76 226 1 301 226 301 151 301 376 376 301 301 151 226 226 226 226 151 76 376 151 301 1 76 151 151 376 301 385 301 301 376 226 76 226 301 151 151 451 226 301 76 151 226 226 226 76 301 226 226 301 301 301 76 301 1 301 376 451 151 451 376 376 301 151 301 376 151 76 151 151 226 301 301 376 301 376 1 376 376 1 301 1 76 376 151 76 151 151 376 226 151 376 301 226 376 376 301 301 226 301 76 301 301 301 226 151 301 1 376 226 151 301 301 301 226 376 226 226 226 301 301 451 151 301 381 451 301 301 376 301 451 76 1 226 226 151 76 226 76 226 376 451 151 301 376 376 301 301 456 301 460 301 1 376 376 376 151 1 226 76 301 226 376 301 226 301 1 376 226 301 151 301 151 226 376 451 226 151 301 451 451 451 301 151 76 1 151 226 151 376 226 226 76 226 376 376 151 301 301 451 151 226 1 301 226 376 301 76 226 301 451 226 301 76 376 376 226 226 301 226 301 301 301 226 451 451 226 226 301 376 226 226 226 76 451 451 76 376 376 451 301 451 1 301 76 376 226 451 451 376 226 76 301 376 301 376 376 534 451 451 376 
c [Label = 533] Encoding starts with target value = 75:
c [Label = 533] Encoding duration: 16188ms.
c [Label = 533] Number of clauses: 9489226.
c [Label = 533] Number of variables: 1174188.
c [Label = 533] Solving duration: 34406 ms.
s [Label = 533] SAT (w = 75).
c [Label = 533] Label assignment: 1 1 1 1 1 1 1 1 76 76 1 1 1 1 1 1 1 1 1 1 1 1 76 76 76 76 76 76 76 76 76 1 1 1 76 1 1 1 76 151 76 1 1 1 1 151 151 1 1 1 151 1 76 1 1 151 1 76 1 151 151 1 1 1 151 1 1 1 151 76 76 1 1 76 76 76 76 76 76 151 1 1 1 76 76 1 1 1 151 226 151 151 151 1 76 1 76 151 151 1 1 1 226 1 1 1 151 76 1 1 76 151 226 151 226 1 226 76 151 1 151 151 226 151 76 1 1 151 76 76 1 226 76 76 151 226 151 76 76 226 76 1 76 76 1 1 1 226 76 76 76 1 151 76 226 1 76 1 1 76 76 151 76 76 151 151 1 1 151 76 151 76 76 226 151 76 151 1 76 76 151 1 1 226 1 76 76 226 76 151 151 76 1 151 151 301 76 226 76 151 1 151 1 151 76 1 226 1 226 76 1 76 76 151 1 1 226 1 226 76 226 76 301 301 301 1 151 151 76 1 301 151 1 1 151 76 151 151 76 151 1 151 1 76 1 301 76 76 226 226 301 226 1 76 151 151 151 1 76 76 226 301 151 76 226 76 76 226 226 151 226 1 226 76 226 76 151 151 1 1 301 226 226 226 301 301 151 1 376 226 76 151 301 1 1 151 226 226 76 1 226 76 226 151 151 151 1 151 151 151 151 76 301 226 1 151 226 226 76 151 76 301 76 226 151 151 226 76 226 301 301 226 226 1 151 76 151 1 301 76 376 1 301 376 76 76 1 1 76 151 376 151 151 151 226 1 301 1 76 226 226 226 151 1 1 1 226 226 226 376 226 301 226 376 376 151 151 376 151 151 226 151 151 151 452 376 151 451 226 301 151 1 76 226 301 151 226 151 301 76 151 301 226 376 301 226 226 301 226 76 226 376 76 76 1 151 151 301 151 226 451 151 151 1 76 226 301 301 376 76 376 301 151 226 376 301 376 301 226 1 301 376 151 76 76 76 376 301 376 1 301 301 226 76 226 1 301 226 301 151 301 376 376 301 301 151 226 226 226 226 151 76 376 151 301 1 76 151 151 376 301 384 301 301 376 226 76 226 301 151 151 451 226 301 76 151 226 226 226 76 301 226 226 301 301 301 76 301 1 301 376 451 151 451 376 376 301 151 301 376 151 76 151 151 226 301 301 376 301 376 1 376 376 1 301 1 76 376 151 76 151 151 376 226 151 376 301 226 376 376 301 301 226 301 76 301 301 301 226 151 301 1 376 226 151 301 301 301 226 376 226 226 226 301 301 451 151 301 381 451 301 301 376 301 451 76 1 226 226 151 76 226 76 226 376 451 151 301 376 376 301 301 456 301 459 301 1 376 376 376 151 1 226 76 301 226 376 301 226 301 1 376 226 301 151 301 151 226 376 451 226 151 301 451 451 451 301 151 76 1 151 226 151 376 226 226 76 226 376 376 151 301 301 451 151 226 1 301 226 376 301 76 226 301 451 226 301 76 376 376 226 226 301 226 301 301 301 226 451 451 226 226 301 376 226 226 226 76 451 451 76 376 376 451 301 451 1 301 76 376 226 451 451 376 226 76 301 376 301 376 376 533 451 451 376 
c [Label = 532] Encoding starts with target value = 75:
c [Label = 532] Encoding duration: 16310ms.
c [Label = 532] Number of clauses: 9473751.
c [Label = 532] Number of variables: 1172758.
c [Label = 532] Solving duration: 34272 ms.
s [Label = 532] SAT (w = 75).
c [Label = 532] Label assignment: 1 1 1 1 1 1 1 1 76 76 1 1 1 1 1 1 1 1 1 1 1 1 76 76 76 76 76 76 76 76 76 1 1 1 76 1 1 1 76 151 76 1 1 1 1 151 151 1 1 1 151 1 76 1 1 151 1 76 1 151 151 1 1 1 151 1 1 1 151 76 76 1 1 76 76 76 76 76 76 151 1 1 1 76 76 1 1 1 151 226 151 151 151 1 76 1 76 151 151 1 1 1 226 1 1 1 151 76 1 1 76 151 226 151 226 1 226 76 151 1 151 151 226 151 76 1 1 151 76 76 1 226 76 76 151 226 151 76 76 226 76 1 76 76 1 1 1 226 76 76 76 1 151 76 226 1 76 1 1 76 76 151 76 76 151 151 1 1 151 76 151 76 76 226 151 76 151 1 76 76 151 1 1 226 1 76 76 226 76 151 151 76 1 151 151 301 76 226 76 151 1 151 1 151 76 1 226 1 226 76 1 76 76 151 1 1 226 1 226 76 226 76 301 301 301 1 151 151 76 1 301 151 1 1 151 76 151 151 76 151 1 151 1 76 1 301 76 76 226 226 301 226 1 76 151 151 151 1 76 76 226 301 151 76 226 76 76 226 226 151 226 1 226 76 226 76 151 151 1 1 301 226 226 226 301 301 151 1 376 226 76 151 301 1 1 151 226 226 76 1 226 76 226 151 151 151 1 151 151 151 151 76 301 226 1 151 226 226 76 151 76 301 76 226 151 151 226 76 226 301 301 226 226 1 151 76 151 1 301 76 376 1 301 376 76 76 1 1 76 151 376 151 151 151 226 1 301 1 76 226 226 226 151 1 1 1 226 226 226 376 226 301 226 376 376 151 151 376 151 151 226 151 151 151 452 376 151 451 226 301 151 1 76 226 301 151 226 151 301 76 151 301 226 376 301 226 226 301 226 76 226 376 76 76 1 151 151 301 151 226 451 151 151 1 76 226 301 301 376 76 376 301 151 226 376 301 376 301 226 1 301 376 151 76 76 76 376 301 376 1 301 301 226 76 226 1 301 226 301 151 301 376 376 301 301 151 226 226 226 226 151 76 376 151 301 1 76 151 151 376 301 383 301 301 376 226 76 226 301 151 151 451 226 301 76 151 226 226 226 76 301 226 226 301 301 301 76 301 1 301 376 451 151 451 376 376 301 151 301 376 151 76 151 151 226 301 301 376 301 376 1 376 376 1 301 1 76 376 151 76 151 151 376 226 151 376 301 226 376 376 301 301 226 301 76 301 301 301 226 151 301 1 376 226 151 301 301 301 226 376 226 226 226 301 301 451 151 301 381 451 301 301 376 301 451 76 1 226 226 151 76 226 76 226 376 451 151 301 376 376 301 301 456 301 458 301 1 376 376 376 151 1 226 76 301 226 376 301 226 301 1 376 226 301 151 301 151 226 376 451 226 151 301 451 451 451 301 151 76 1 151 226 151 376 226 226 76 226 376 376 151 301 301 451 151 226 1 301 226 376 301 76 226 301 451 226 301 76 376 376 226 226 301 226 301 301 301 226 451 451 226 226 301 376 226 226 226 76 451 451 76 376 376 451 301 451 1 301 76 376 226 451 451 376 226 76 301 376 301 376 376 532 451 451 376 
c [Main] Lowest label SAT is set to 534.
c [Main] Kill higher label pid 535.
c [Main] Kill higher label pid 536.
c [Label = 535] Encoding starts with target value = 75:
c [Label = 535] Encoding duration: 16562ms.
c [Label = 535] Number of clauses: 9520177.
c [Label = 535] Number of variables: 1177048.
c [Label = 535] Solving duration: 34615 ms.
s [Label = 535] SAT (w = 75).
c [Label = 535] Label assignment: 1 1 1 1 1 1 1 1 76 76 1 1 1 1 1 1 1 1 1 1 1 1 76 76 76 76 76 76 76 76 76 1 1 1 76 1 1 1 76 151 76 1 1 1 1 151 151 1 1 1 151 1 76 1 1 151 1 76 1 151 151 1 1 1 151 1 1 1 151 76 76 1 1 76 76 76 76 76 76 151 1 1 1 76 76 1 1 1 151 226 151 151 151 1 76 1 76 151 151 1 1 1 226 1 1 1 151 76 1 1 76 151 226 151 226 1 226 76 151 1 151 151 226 151 76 1 1 151 76 76 1 226 76 76 151 226 151 76 76 226 76 1 76 76 1 1 1 226 76 76 76 1 151 76 226 1 76 1 1 76 76 151 76 76 151 151 1 1 151 76 151 76 76 226 151 76 151 1 76 76 151 1 1 226 1 76 76 226 76 151 151 76 1 151 151 301 76 226 76 151 1 151 1 151 76 1 226 1 226 76 1 76 76 151 1 1 226 1 226 76 226 76 301 301 301 1 151 151 76 1 301 151 1 1 151 76 151 151 76 151 1 151 1 76 1 301 76 76 226 226 301 226 1 76 151 151 151 1 76 76 226 301 151 76 226 76 76 226 226 151 226 1 226 76 226 76 151 151 1 1 301 226 226 226 301 301 151 1 376 226 76 151 301 1 1 151 226 226 76 1 226 76 226 151 151 151 1 151 151 151 151 76 301 226 1 151 226 226 76 151 76 301 76 226 151 151 226 76 226 301 301 226 226 1 151 76 151 1 301 76 376 1 301 376 76 76 1 1 76 151 376 151 151 151 226 1 301 1 76 226 226 226 151 1 1 1 226 226 226 376 226 301 226 376 376 151 151 376 151 151 226 151 151 151 452 376 151 451 226 301 151 1 76 226 301 151 226 151 301 76 151 301 226 376 301 226 226 301 226 76 226 376 76 76 1 151 151 301 151 226 451 151 151 1 76 226 301 301 376 76 376 301 151 226 376 301 376 301 226 1 301 376 151 76 76 76 376 301 376 1 301 301 226 76 226 1 301 226 301 151 301 376 376 301 301 151 226 226 226 226 151 76 376 151 301 1 76 151 151 376 301 386 301 301 376 226 76 226 301 151 151 451 226 301 76 151 226 226 226 76 301 226 226 301 301 301 76 301 1 301 376 451 151 451 376 376 301 151 301 376 151 76 151 151 226 301 301 376 301 376 1 376 376 1 301 1 76 376 151 76 151 151 376 226 151 376 301 226 376 376 301 301 226 301 76 301 301 301 226 151 301 1 376 226 151 301 301 301 226 376 226 226 226 301 301 451 151 301 381 451 301 301 376 301 451 76 1 226 226 151 76 226 76 226 376 451 151 301 376 376 301 301 456 301 461 301 1 376 376 376 151 1 226 76 301 226 376 301 226 301 1 376 226 301 151 301 151 226 376 451 226 151 301 451 451 451 301 151 76 1 151 226 151 376 226 226 76 226 376 376 151 301 301 451 151 226 1 301 226 376 301 76 226 301 451 226 301 76 376 376 226 226 301 226 301 301 301 226 451 451 226 226 301 376 226 226 226 76 451 451 76 376 376 451 301 451 1 301 76 376 226 451 451 376 226 76 301 376 301 376 376 535 451 451 376 
c [Signal] Signal interruption. Caught signal: SIGTERM (15).
c [Label = 536] Encoding starts with target value = 75:
c [Label = 536] Encoding duration: 16287ms.
c [Label = 536] Number of clauses: 9535653.
c [Label = 536] Number of variables: 1178478.
c [Label = 536] Solving duration: 34489 ms.
s [Label = 536] SAT (w = 75).
c [Label = 536] Label assignment: 1 1 1 1 1 1 1 1 76 76 1 1 1 1 1 1 1 1 1 1 1 1 76 76 76 76 76 76 76 76 76 1 1 1 76 1 1 1 76 151 76 1 1 1 1 151 151 1 1 1 151 1 76 1 1 151 1 76 1 151 151 1 1 1 151 1 1 1 151 76 76 1 1 76 76 76 76 76 76 151 1 1 1 76 76 1 1 1 151 226 151 151 151 1 76 1 76 151 151 1 1 1 226 1 1 1 151 76 1 1 76 151 226 151 226 1 226 76 151 1 151 151 226 151 76 1 1 151 76 76 1 226 76 76 151 226 151 76 76 226 76 1 76 76 1 1 1 226 76 76 76 1 151 76 226 1 76 1 1 76 76 151 76 76 151 151 1 1 151 76 151 76 76 226 151 76 151 1 76 76 151 1 1 226 1 76 76 226 76 151 151 76 1 151 151 301 76 226 76 151 1 151 1 151 76 1 226 1 226 76 1 76 76 151 1 1 226 1 226 76 226 76 301 301 301 1 151 151 76 1 301 151 1 1 151 76 151 151 76 151 1 151 1 76 1 301 76 76 226 226 301 226 1 76 151 151 151 1 76 76 226 301 151 76 226 76 76 226 226 151 226 1 226 76 226 76 151 151 1 1 301 226 226 226 301 301 151 1 376 226 76 151 301 1 1 151 226 226 76 1 226 76 226 151 151 151 1 151 151 151 151 76 301 226 1 151 226 226 76 151 76 301 76 226 151 151 226 76 226 301 301 226 226 1 151 76 151 1 301 76 376 1 301 376 76 76 1 1 76 151 376 151 151 151 226 1 301 1 76 226 226 226 151 1 1 1 226 226 226 376 226 301 226 376 376 151 151 376 151 151 226 151 151 151 452 376 151 451 226 301 151 1 76 226 301 151 226 151 301 76 151 301 226 376 301 226 226 301 226 76 226 376 76 76 1 151 151 301 151 226 451 151 151 1 76 226 301 301 376 76 376 301 151 226 376 301 376 301 226 1 301 376 151 76 76 76 376 301 376 1 301 301 226 76 226 1 301 226 301 151 301 376 376 301 301 151 226 226 226 226 151 76 376 151 301 1 76 151 151 376 301 387 301 301 376 226 76 226 301 151 151 451 226 301 76 151 226 226 226 76 301 226 226 301 301 301 76 301 1 301 376 451 151 451 376 376 301 151 301 376 151 76 151 151 226 301 301 376 301 376 1 376 376 1 301 1 76 376 151 76 151 151 376 226 151 376 301 226 376 376 301 301 226 301 76 301 301 301 226 151 301 1 376 226 151 301 301 301 226 376 226 226 226 301 301 451 151 301 381 451 301 301 376 301 451 76 1 226 226 151 76 226 76 226 376 451 151 301 376 376 301 301 456 301 462 301 1 376 376 376 151 1 226 76 301 226 376 301 226 301 1 376 226 301 151 301 151 226 376 451 226 151 301 451 451 451 301 151 76 1 151 226 151 376 226 226 76 226 376 376 151 301 301 451 151 226 1 301 226 376 301 76 226 301 451 226 301 76 376 376 226 226 301 226 301 301 301 226 451 451 226 226 301 376 226 226 226 76 451 451 76 376 376 451 301 451 1 301 76 376 226 451 451 376 226 76 301 376 301 376 376 536 451 451 376 
c [Signal] Signal interruption. Caught signal: SIGTERM (15).
c [Label = 528] Minimize Makespan Labeling problem (X-can__715.mtx.rnd):
c [Label = 530] Encoding starts with target value = 75:
c [Label = 530] Encoding duration: 16242ms.
c [Label = 530] Number of clauses: 9442800.
c [Label = 530] Number of variables: 1169898.
c [Label = 530] Solving duration: 34464 ms.
s [Label = 530] SAT (w = 75).
c [Label = 530] Label assignment: 1 1 1 1 1 1 1 1 76 76 1 1 1 1 1 1 1 1 1 1 1 1 76 76 76 76 76 76 76 76 76 1 1 1 76 1 1 1 76 151 76 1 1 1 1 151 151 1 1 1 151 1 76 1 1 151 1 76 1 151 151 1 1 1 151 1 1 1 151 76 76 1 1 76 76 76 76 76 76 151 1 1 1 76 76 1 1 1 151 226 151 151 151 1 76 1 76 151 151 1 1 1 226 1 1 1 151 76 1 1 76 151 226 151 226 1 226 76 151 1 151 151 226 151 76 1 1 151 76 76 1 226 76 76 151 226 151 76 76 226 76 1 76 76 1 1 1 226 76 76 76 1 151 76 226 1 76 1 1 76 76 151 76 76 151 151 1 1 151 76 151 76 76 226 151 76 151 1 76 76 151 1 1 226 1 76 76 226 76 151 151 76 1 151 151 301 76 226 76 151 1 151 1 151 76 1 226 1 226 76 1 76 76 151 1 1 226 1 226 76 226 76 301 301 301 1 151 151 76 1 301 151 1 1 151 76 151 151 76 151 1 151 1 76 1 301 76 76 226 226 301 226 1 76 151 151 151 1 76 76 226 301 151 76 226 76 76 226 226 151 226 1 226 76 226 76 151 151 1 1 301 226 226 226 301 301 151 1 376 226 76 151 301 1 1 151 226 226 76 1 226 76 226 151 151 151 1 151 151 151 151 76 301 226 1 151 226 226 76 151 76 301 76 226 151 151 226 76 226 301 301 226 226 1 151 76 151 1 301 76 376 1 301 376 76 76 1 1 76 151 376 151 151 151 226 1 301 1 76 226 226 226 151 1 1 1 226 226 226 376 226 301 226 376 376 151 151 376 151 151 226 151 151 151 452 376 151 451 226 301 151 1 76 226 301 151 226 151 301 76 151 301 226 376 301 226 226 301 226 76 226 376 76 76 1 151 151 301 151 226 451 151 151 1 76 226 301 301 376 76 376 301 151 226 376 301 376 301 226 1 301 376 151 76 76 76 376 301 376 1 301 301 226 76 226 1 301 226 301 151 301 376 376 301 301 151 226 226 226 226 151 76 376 151 301 1 76 151 151 376 301 381 301 301 376 226 76 226 301 151 151 451 226 301 76 151 226 226 226 76 301 226 226 301 301 301 76 301 1 301 376 451 151 451 376 376 301 151 301 376 151 76 151 151 226 301 301 376 301 376 1 376 376 1 301 1 76 376 151 76 151 151 376 226 151 376 301 226 376 376 301 301 226 301 76 301 301 301 226 151 301 1 376 226 151 301 301 301 226 376 226 226 226 301 301 451 151 301 381 451 301 301 376 301 451 76 1 226 226 151 76 226 76 226 376 451 151 301 376 376 301 301 456 301 456 301 1 376 376 376 151 1 226 76 301 226 376 301 226 301 1 376 226 301 151 301 151 226 376 451 226 151 301 451 451 451 301 151 76 1 151 226 151 376 226 226 76 226 376 376 151 301 301 451 151 226 1 301 226 376 301 76 226 301 451 226 301 76 376 376 226 226 301 226 301 301 301 226 451 451 226 226 301 376 226 226 226 76 451 451 76 376 376 451 301 451 1 301 76 376 226 451 451 376 226 76 301 376 301 376 376 530 451 451 376 
c [Main] Lowest label SAT is set to 533.
c [Main] Kill higher label pid 535.
c [Main] Kill higher label pid 536.
c [Label = 527] Minimize Makespan Labeling problem (X-can__715.mtx.rnd):
c [Label = 529] Encoding starts with target value = 75:
c [Label = 529] Encoding duration: 16335ms.
c [Label = 529] Number of clauses: 9427324.
c [Label = 529] Number of variables: 1168468.
c [Label = 529] Solving duration: 34503 ms.
s [Label = 529] SAT (w = 75).
c [Label = 529] Label assignment: 1 1 1 1 1 1 1 1 76 76 1 1 1 1 1 1 1 1 1 1 1 1 76 76 76 76 76 76 76 76 76 1 1 1 76 1 1 1 76 151 76 1 1 1 1 151 151 1 1 1 151 1 76 1 1 151 1 76 1 151 151 1 1 1 151 1 1 1 151 76 76 1 1 76 76 76 76 76 76 151 1 1 1 76 76 1 1 1 151 226 151 151 151 1 76 1 76 151 151 1 1 1 226 1 1 1 151 76 1 1 76 151 226 151 226 1 226 76 151 1 151 151 226 151 76 1 1 151 76 76 1 226 76 76 151 226 151 76 76 226 76 1 76 76 1 1 1 226 76 76 76 1 151 76 226 1 76 1 1 76 76 151 76 76 151 151 1 1 151 76 151 76 76 226 151 76 151 1 76 76 151 1 1 226 1 76 76 226 76 151 151 76 1 151 151 301 76 226 76 151 1 151 1 151 76 1 226 1 226 76 1 76 76 151 1 1 226 1 226 76 226 76 301 301 301 1 151 151 76 1 301 151 1 1 151 76 151 151 76 151 1 151 1 76 1 301 76 76 226 226 301 226 1 76 151 151 151 1 76 76 226 301 151 76 226 76 76 226 226 151 226 1 226 76 226 76 151 151 1 1 301 226 226 226 301 301 151 1 376 226 76 151 301 1 1 151 226 226 76 1 226 76 226 151 151 151 1 151 151 151 151 76 301 226 1 151 226 226 76 151 76 301 76 226 151 151 226 76 226 301 301 226 226 1 151 76 151 1 301 76 376 1 301 376 76 76 1 1 76 151 376 151 151 151 226 1 301 1 76 226 226 226 151 1 1 1 226 226 226 376 226 301 226 376 376 151 151 376 151 151 226 151 151 151 452 376 151 451 226 301 151 1 76 226 301 151 226 151 301 76 151 301 226 376 301 226 226 301 226 76 226 376 76 76 1 151 151 301 151 226 451 151 151 1 76 226 301 301 376 76 376 301 151 226 376 301 376 301 226 1 301 376 151 76 76 76 376 301 376 1 301 301 226 76 226 1 301 226 301 151 301 376 376 301 301 151 226 226 226 226 151 76 376 151 301 1 76 151 151 376 301 380 301 301 376 226 76 226 301 151 151 451 226 301 76 151 226 226 226 76 301 226 226 301 301 301 76 301 1 301 376 451 151 451 376 376 301 151 301 376 151 76 151 151 226 301 301 376 301 376 1 376 376 1 301 1 76 376 151 76 151 151 376 226 151 376 301 226 376 376 301 301 226 301 76 301 301 301 226 151 301 1 376 226 151 301 301 301 226 376 226 226 226 301 301 451 151 301 380 451 301 301 376 301 451 76 1 226 226 151 76 226 76 226 376 451 151 301 376 376 301 301 455 301 455 301 1 376 376 376 151 1 226 76 301 226 376 301 226 301 1 376 226 301 151 301 151 226 376 451 226 151 301 451 451 451 301 151 76 1 151 226 151 376 226 226 76 226 376 376 151 301 301 451 151 226 1 301 226 376 301 76 226 301 451 226 301 76 376 376 226 226 301 226 301 301 301 226 451 451 226 226 301 376 226 226 226 76 451 451 76 376 376 451 301 451 1 301 76 376 226 451 451 376 226 76 301 376 301 376 376 529 451 451 376 
c [Main] Lowest label SAT is set to 532.
c [Main] Kill higher label pid 535.
c [Main] Kill higher label pid 536.
c [Label = 526] Minimize Makespan Labeling problem (X-can__715.mtx.rnd):
c [Main] Child pid 535 - 105638 terminated by signal 15.
c [Label = 525] Minimize Makespan Labeling problem (X-can__715.mtx.rnd):
c [Main] Child pid 536 - 105637 terminated by signal 15.
c [Label = 524] Minimize Makespan Labeling problem (X-can__715.mtx.rnd):
c [Main] Lowest label SAT is set to 530.
c [Main] Kill higher label pid 531.
c [Label = 531] Encoding starts with target value = 75:
c [Label = 531] Encoding duration: 16625ms.
c [Label = 531] Number of clauses: 9458275.
c [Label = 531] Number of variables: 1171328.
c [Label = 531] Solving duration: 34703 ms.
s [Label = 531] SAT (w = 75).
c [Label = 531] Label assignment: 1 1 1 1 1 1 1 1 76 76 1 1 1 1 1 1 1 1 1 1 1 1 76 76 76 76 76 76 76 76 76 1 1 1 76 1 1 1 76 151 76 1 1 1 1 151 151 1 1 1 151 1 76 1 1 151 1 76 1 151 151 1 1 1 151 1 1 1 151 76 76 1 1 76 76 76 76 76 76 151 1 1 1 76 76 1 1 1 151 226 151 151 151 1 76 1 76 151 151 1 1 1 226 1 1 1 151 76 1 1 76 151 226 151 226 1 226 76 151 1 151 151 226 151 76 1 1 151 76 76 1 226 76 76 151 226 151 76 76 226 76 1 76 76 1 1 1 226 76 76 76 1 151 76 226 1 76 1 1 76 76 151 76 76 151 151 1 1 151 76 151 76 76 226 151 76 151 1 76 76 151 1 1 226 1 76 76 226 76 151 151 76 1 151 151 301 76 226 76 151 1 151 1 151 76 1 226 1 226 76 1 76 76 151 1 1 226 1 226 76 226 76 301 301 301 1 151 151 76 1 301 151 1 1 151 76 151 151 76 151 1 151 1 76 1 301 76 76 226 226 301 226 1 76 151 151 151 1 76 76 226 301 151 76 226 76 76 226 226 151 226 1 226 76 226 76 151 151 1 1 301 226 226 226 301 301 151 1 376 226 76 151 301 1 1 151 226 226 76 1 226 76 226 151 151 151 1 151 151 151 151 76 301 226 1 151 226 226 76 151 76 301 76 226 151 151 226 76 226 301 301 226 226 1 151 76 151 1 301 76 376 1 301 376 76 76 1 1 76 151 376 151 151 151 226 1 301 1 76 226 226 226 151 1 1 1 226 226 226 376 226 301 226 376 376 151 151 376 151 151 226 151 151 151 452 376 151 451 226 301 151 1 76 226 301 151 226 151 301 76 151 301 226 376 301 226 226 301 226 76 226 376 76 76 1 151 151 301 151 226 451 151 151 1 76 226 301 301 376 76 376 301 151 226 376 301 376 301 226 1 301 376 151 76 76 76 376 301 376 1 301 301 226 76 226 1 301 226 301 151 301 376 376 301 301 151 226 226 226 226 151 76 376 151 301 1 76 151 151 376 301 382 301 301 376 226 76 226 301 151 151 451 226 301 76 151 226 226 226 76 301 226 226 301 301 301 76 301 1 301 376 451 151 451 376 376 301 151 301 376 151 76 151 151 226 301 301 376 301 376 1 376 376 1 301 1 76 376 151 76 151 151 376 226 151 376 301 226 376 376 301 301 226 301 76 301 301 301 226 151 301 1 376 226 151 301 301 301 226 376 226 226 226 301 301 451 151 301 381 451 301 301 376 301 451 76 1 226 226 151 76 226 76 226 376 451 151 301 376 376 301 301 456 301 457 301 1 376 376 376 151 1 226 76 301 226 376 301 226 301 1 376 226 301 151 301 151 226 376 451 226 151 301 451 451 451 301 151 76 1 151 226 151 376 226 226 76 226 376 376 151 301 301 451 151 226 1 301 226 376 301 76 226 301 451 226 301 76 376 376 226 226 301 226 301 301 301 226 451 451 226 226 301 376 226 226 226 76 451 451 76 376 376 451 301 451 1 301 76 376 226 451 451 376 226 76 301 376 301 376 376 531 451 451 376 
c [Signal] Signal interruption. Caught signal: SIGTERM (15).
c [Label = 523] Minimize Makespan Labeling problem (X-can__715.mtx.rnd):
c [Main] Lowest label SAT is set to 529.
c [Main] Kill higher label pid 531.
c [Label = 522] Minimize Makespan Labeling problem (X-can__715.mtx.rnd):
c [Main] Child pid 531 - 105642 terminated by signal 15.
c [Label = 521] Minimize Makespan Labeling problem (X-can__715.mtx.rnd):
c [Label = 526] Encoding starts with target value = 75:
c [Label = 526] Encoding duration: 15803ms.
c [Label = 526] Number of clauses: 9225028.
c [Label = 526] Number of variables: 1112698.
c [Label = 526] Solving duration: 787 ms.
s [Label = 526] SAT (w = 75).
c [Label = 526] Label assignment: 227 152 152 302 227 77 77 452 377 227 152 526 152 302 152 152 77 152 77 152 152 152 302 1 77 227 227 77 77 77 302 302 1 152 152 227 152 152 302 302 152 1 1 152 227 452 227 1 302 227 1 302 227 77 152 452 152 227 302 302 227 1 77 152 377 152 227 227 377 1 77 1 227 227 302 77 377 227 1 1 227 227 227 452 377 452 302 377 227 77 1 227 152 227 1 302 77 377 302 302 77 227 302 152 227 152 152 227 77 452 1 227 302 377 302 452 227 152 152 152 1 377 377 302 227 1 152 302 227 227 1 1 1 302 452 452 452 1 302 227 377 227 152 152 77 452 377 452 227 227 227 302 152 227 1 302 152 452 152 227 77 302 152 377 302 1 227 1 302 302 152 227 227 227 227 377 377 152 452 377 377 302 452 227 152 302 227 302 377 227 302 77 377 302 377 377 302 302 227 377 227 152 152 302 227 152 227 227 452 302 152 1 377 227 1 227 377 302 1 452 452 302 77 77 452 227 452 152 302 302 452 452 227 227 1 377 227 152 227 302 302 452 227 77 377 302 452 227 452 302 377 377 227 227 377 152 302 1 302 302 302 1 452 1 377 227 227 1 302 227 302 227 377 377 77 302 227 1 452 452 227 77 302 152 1 377 302 377 302 227 1 1 227 377 302 377 1 377 302 377 452 227 452 1 1 377 377 302 152 302 227 452 1 227 302 227 1 302 377 377 227 1 227 1 302 1 227 452 302 377 227 1 452 227 302 377 377 227 452 152 452 1 377 302 152 377 452 302 227 452 302 377 377 302 302 302 377 302 452 302 377 302 452 302 227 302 302 302 377 452 377 452 377 302 452 452 302 452 152 302 302 227 302 302 302 227 227 452 377 1 452 302 377 227 452 1 302 302 302 452 302 1 452 452 377 377 1 377 377 302 452 452 452 152 152 1 227 227 377 377 452 377 227 452 302 452 452 377 452 302 1 1 302 1 302 227 377 452 302 1 1 377 1 377 302 227 1 302 1 1 452 452 452 452 302 302 227 377 1 377 1 452 452 302 377 377 1 377 302 377 227 302 452 452 377 302 302 377 377 452 452 377 452 1 452 377 377 302 452 377 377 377 1 452 302 1 452 302 302 452 452 1 452 377 1 1 452 452 377 302 1 1 377 377 377 1 452 452 1 377 377 377 377 302 452 452 452 1 377 452 302 1 1 1 1 377 452 1 452 452 1 377 1 452 377 1 452 452 452 452 1 452 302 377 227 1 1 452 377 227 377 377 1 452 1 452 1 1 377 1 452 377 377 302 1 1 452 377 452 452 1 452 452 452 1 452 227 377 1 1 452 302 452 452 1 302 377 1 1 452 1 1 377 452 1 452 452 227 1 377 302 1 452 1 377 1 1 452 302 452 1 452 1 1 452 302 1 1 452 1 452 302 1 452 377 1 452 452 452 1 1 1 452 452 1 1 1 1 452 452 452 1 1 1 1 452 452 452 452 377 452 377 1 452 452 1 1 377 1 1 452 452 1 1 1 452 1 1 1 1 452 452 1 377 1 1 1 452 1 1 452 1 1 1 1 1 1 1 1 1 1 1 1 1 452 1 1 1 1 1 1 1 1 1 1 
c [Label = 525] Encoding starts with target value = 75:
c [Label = 525] Encoding duration: 15749ms.
c [Label = 525] Number of clauses: 9214187.
c [Label = 525] Number of variables: 1111268.
c [Label = 525] Solving duration: 812 ms.
s [Label = 525] SAT (w = 75).
c [Label = 525] Label assignment: 227 152 152 302 227 77 77 452 377 227 152 525 152 302 152 152 77 152 77 152 152 152 302 1 77 227 227 77 77 77 302 302 2 152 152 227 152 152 302 302 152 2 2 152 227 452 227 2 302 227 2 302 227 77 152 452 152 227 302 302 227 2 77 152 377 152 227 227 377 2 77 2 227 227 302 77 377 227 2 2 227 227 227 452 377 452 302 377 227 77 2 227 152 227 2 302 77 377 302 302 77 227 302 152 227 152 152 227 77 452 2 227 302 377 302 452 227 152 152 152 2 377 377 302 227 2 152 302 227 227 2 2 2 302 452 452 452 2 302 227 377 227 152 152 77 452 377 452 227 227 227 302 152 227 2 302 152 452 152 227 77 302 152 377 302 2 227 2 302 302 152 227 227 227 227 377 377 152 452 377 377 302 452 227 152 302 227 302 377 227 302 77 377 302 377 377 302 302 227 377 227 152 152 302 227 152 227 227 452 302 152 2 377 227 2 227 377 302 2 452 452 302 77 77 452 227 452 152 302 302 452 452 227 227 2 377 227 152 227 302 302 452 227 77 377 302 452 227 452 302 377 377 227 227 377 152 302 2 302 302 302 2 452 2 377 227 227 2 302 227 302 227 377 377 77 302 227 2 452 452 227 77 302 152 2 377 302 377 302 227 2 2 227 377 302 377 2 377 302 377 452 227 452 2 2 377 377 302 152 302 227 452 2 227 302 227 2 302 377 377 227 2 227 2 302 2 227 452 302 377 227 2 452 227 302 377 377 227 452 152 452 2 377 302 152 377 452 302 227 452 302 377 377 302 302 302 377 302 452 302 377 302 452 302 227 302 302 302 377 452 377 452 377 302 452 452 302 452 152 302 302 227 302 302 302 227 227 452 377 2 452 302 377 227 452 2 302 302 302 452 302 2 452 452 377 377 2 377 377 302 452 452 452 152 152 2 227 227 377 377 452 377 227 452 302 452 452 377 452 302 2 2 302 2 302 227 377 452 302 2 2 377 2 377 302 227 2 302 2 2 452 452 452 452 302 302 227 377 2 377 2 452 452 302 377 377 2 377 302 377 227 302 452 452 377 302 302 377 377 452 452 377 452 2 452 377 377 302 452 377 377 377 2 452 302 2 452 302 302 452 452 2 452 377 2 2 452 452 377 302 2 2 377 377 377 2 452 452 2 377 377 377 377 302 452 452 452 2 377 452 302 2 2 2 2 377 452 2 452 452 2 377 2 452 377 2 452 452 452 452 2 452 302 377 227 2 2 452 377 227 377 377 2 452 2 452 2 2 377 2 452 377 377 302 2 2 452 377 452 452 2 452 452 452 2 452 227 377 2 2 452 302 452 452 2 302 377 2 2 452 2 2 377 452 2 452 452 227 2 377 302 2 452 2 377 2 2 452 302 452 2 452 2 2 452 302 2 2 452 2 452 302 2 452 377 2 452 452 452 2 2 2 452 452 2 2 2 2 452 452 452 2 2 2 2 452 452 452 452 377 452 377 2 452 452 2 2 377 2 2 452 452 2 2 2 452 2 2 2 2 452 452 2 377 2 2 2 452 2 2 452 2 2 2 2 2 2 2 2 2 2 2 2 2 452 2 2 2 2 2 2 2 2 2 2 
c [Main] Lowest label SAT is set to 526.
c [Main] Kill higher label pid 527.
c [Main] Kill higher label pid 528.
c [Label = 527] Encoding starts with target value = 75:
c [Label = 527] Encoding duration: 16115ms.
c [Label = 527] Number of clauses: 9396373.
c [Label = 527] Number of variables: 1165608.
c [Signal] Signal interruption. Caught signal: SIGTERM (15).
c [Label = 528] Encoding starts with target value = 75:
c [Label = 528] Encoding duration: 16024ms.
c [Label = 528] Number of clauses: 9411849.
c [Label = 528] Number of variables: 1167038.
c [Signal] Signal interruption. Caught signal: SIGTERM (15).
c [Label = 520] Minimize Makespan Labeling problem (X-can__715.mtx.rnd):
c [Main] Lowest label SAT is set to 525.
c [Main] Kill higher label pid 527.
c [Main] Kill higher label pid 528.
c [Label = 519] Minimize Makespan Labeling problem (X-can__715.mtx.rnd):
c [Main] Child pid 527 - 105661 terminated by signal 15.
c [Main] Child pid 528 - 105660 terminated by signal 15.
c [Label = 518] Minimize Makespan Labeling problem (X-can__715.mtx.rnd):
c [Label = 517] Minimize Makespan Labeling problem (X-can__715.mtx.rnd):
c [Label = 522] Encoding starts with target value = 75:
c [Label = 522] Encoding duration: 15663ms.
c [Label = 522] Number of clauses: 9167761.
c [Label = 522] Number of variables: 1106978.
c [Label = 522] Solving duration: 34362 ms.
s [Label = 522] SAT (w = 75).
c [Label = 522] Label assignment: 1 1 1 1 1 1 1 1 76 76 1 1 1 1 1 1 1 1 1 1 1 1 76 76 76 76 76 76 76 76 76 1 1 1 76 1 1 1 76 151 76 1 1 1 1 151 151 1 1 1 151 1 76 1 1 151 1 76 1 151 151 1 1 1 151 1 1 1 151 76 76 1 1 76 76 76 76 76 76 151 1 1 1 76 76 1 1 1 151 226 151 151 151 1 76 1 76 151 151 1 1 1 226 1 1 1 151 76 1 1 76 151 226 151 226 1 226 76 151 1 151 151 226 151 76 1 1 151 76 76 1 226 76 76 151 226 151 76 76 226 76 1 221 76 1 1 1 226 76 76 76 1 151 76 226 1 76 1 1 76 76 151 76 76 151 151 1 1 151 76 151 76 76 226 373 76 151 1 76 76 151 1 1 226 5 76 76 226 76 155 151 302 1 151 151 301 76 226 76 151 1 151 1 151 76 1 226 1 226 76 1 221 76 151 1 1 226 1 226 76 448 76 301 301 301 1 151 151 76 1 301 151 1 1 151 76 448 151 76 373 1 151 1 76 1 448 76 76 226 373 448 226 1 76 381 446 151 1 76 76 226 301 151 76 226 76 448 226 226 151 226 1 226 76 226 76 151 151 1 1 301 373 373 226 298 301 151 1 448 226 76 151 301 1 1 151 221 226 76 1 448 76 373 151 448 151 1 151 377 151 151 76 301 226 5 151 226 226 76 151 301 298 76 226 151 151 227 76 226 301 301 301 226 1 306 76 151 1 301 221 376 1 376 226 221 76 1 1 76 151 376 448 151 226 227 1 452 1 76 226 448 226 448 5 1 521 226 376 226 301 226 226 226 376 448 151 151 376 221 151 226 151 227 151 373 296 151 373 226 301 373 302 76 226 301 151 448 448 231 376 151 298 296 381 301 376 226 373 226 76 226 377 76 76 1 151 448 301 151 226 76 151 151 1 76 306 301 301 226 76 296 301 151 226 76 373 448 448 301 1 301 376 448 151 76 76 376 373 448 1 151 76 226 76 226 1 296 298 301 151 301 226 448 377 301 151 226 226 448 226 151 76 301 448 301 1 296 301 151 376 373 76 301 298 376 301 76 448 301 151 151 376 373 301 226 151 226 230 226 76 298 226 226 301 301 226 76 376 1 448 448 151 151 378 376 151 448 226 301 76 151 76 373 301 226 301 301 376 376 151 1 376 296 1 301 377 76 448 226 76 151 151 298 221 151 152 301 226 301 376 447 302 226 303 76 301 301 298 376 151 151 1 76 226 151 226 301 301 226 376 376 376 226 296 221 452 151 452 301 151 301 376 151 301 376 226 1 226 226 151 76 226 448 151 381 226 448 301 376 373 448 151 376 301 151 301 1 373 298 151 151 1 226 76 304 296 376 301 226 226 1 380 227 301 151 296 151 151 152 298 226 296 301 302 371 301 301 151 76 1 151 226 296 448 226 226 76 226 376 373 151 296 301 376 151 301 1 301 146 448 301 76 151 301 303 226 301 76 379 301 301 226 296 376 301 373 151 226 228 448 221 226 446 448 226 301 227 76 376 76 76 376 376 448 301 448 1 151 76 80 226 80 376 448 226 151 151 151 298 376 301 522 151 226 376 
c [Label = 523] Encoding starts with target value = 75:
c [Label = 523] Encoding duration: 15855ms.
c [Label = 523] Number of clauses: 9183236.
c [Label = 523] Number of variables: 1108408.
c [Label = 523] Solving duration: 34300 ms.
s [Label = 523] SAT (w = 75).
c [Label = 523] Label assignment: 1 1 1 1 1 1 1 1 76 76 1 1 1 1 1 1 1 1 1 1 1 1 76 76 76 76 76 76 76 76 76 1 1 1 76 1 1 1 76 151 76 1 1 1 1 151 151 1 1 1 151 1 76 1 1 151 1 76 1 151 151 1 1 1 151 1 1 1 151 76 76 1 1 76 76 76 76 76 76 151 1 1 1 76 76 1 1 1 151 226 151 151 151 1 76 1 76 151 151 1 1 1 226 1 1 1 151 76 1 1 76 151 226 151 226 1 226 76 151 1 151 151 226 151 76 1 1 151 76 76 1 226 76 76 151 226 151 76 76 226 76 1 222 76 1 1 1 226 76 76 76 1 151 76 226 1 76 1 1 76 76 151 76 76 151 151 1 1 151 76 151 76 76 226 374 76 151 1 76 76 151 1 1 226 3 76 76 226 76 153 151 301 1 151 151 301 76 226 76 151 1 151 1 151 76 1 226 1 226 76 1 222 76 151 1 1 226 1 226 76 449 76 301 301 301 1 151 151 76 1 301 151 1 1 151 76 449 151 76 374 1 151 1 76 1 449 76 76 226 374 449 226 1 76 381 447 151 1 76 76 226 301 151 76 226 76 449 226 226 151 226 1 226 76 226 76 151 151 1 1 301 374 374 226 299 301 151 1 449 226 76 151 301 1 1 151 222 226 76 1 449 76 374 151 449 151 1 151 376 151 151 76 301 226 4 151 226 226 76 151 301 299 76 226 151 151 226 76 226 301 301 301 226 1 306 76 151 1 301 222 376 1 376 226 222 76 1 1 76 151 376 449 151 226 227 1 451 1 76 226 449 226 449 3 1 522 226 376 226 301 226 226 226 376 449 151 151 376 222 151 226 151 227 151 374 297 151 374 226 301 374 301 76 226 301 151 449 449 231 376 151 299 297 381 301 376 226 374 226 76 226 376 76 76 1 151 449 301 151 226 76 151 151 1 76 306 301 301 226 76 297 301 151 226 76 374 449 449 301 1 301 376 449 151 76 76 376 374 449 1 151 76 226 76 226 1 297 299 301 151 301 226 449 377 301 151 226 226 449 226 151 76 301 449 301 1 297 301 151 376 374 76 301 299 376 301 76 449 301 151 151 376 374 301 226 151 226 297 226 76 299 226 226 301 301 226 76 376 1 449 449 151 151 378 376 151 449 226 301 76 151 76 374 301 226 301 301 376 376 151 1 376 297 1 301 377 76 449 226 76 151 151 299 222 151 151 301 226 301 376 448 302 226 303 76 301 301 299 376 151 151 1 76 226 151 226 301 301 226 376 376 376 226 297 222 452 151 151 301 151 301 376 151 301 376 226 1 226 226 151 76 226 449 151 381 226 449 301 376 374 449 151 376 301 151 301 1 374 299 151 151 1 226 76 304 297 376 301 226 226 1 380 226 301 151 297 151 151 451 299 226 297 301 302 372 301 301 151 76 1 151 226 297 449 226 226 76 226 376 374 151 297 301 376 151 301 1 301 147 449 301 76 151 301 303 226 301 76 379 301 301 226 297 376 301 374 151 226 228 449 222 226 447 449 226 301 226 76 376 76 76 376 376 449 301 449 1 151 76 78 226 78 376 449 226 151 151 151 299 376 301 523 151 226 376 
c [Main] Lowest label SAT is set to 522.
c [Main] Kill higher label pid 523.
c [Main] Kill higher label pid 524.
c [Label = 524] Encoding starts with target value = 75:
c [Label = 524] Encoding duration: 16256ms.
c [Label = 524] Number of clauses: 9198712.
c [Label = 524] Number of variables: 1109838.
c [Label = 524] Solving duration: 34769 ms.
s [Label = 524] SAT (w = 75).
c [Label = 524] Label assignment: 1 1 1 1 1 1 1 1 76 76 1 1 1 1 1 1 1 1 1 1 1 1 76 76 76 76 76 76 76 76 76 1 1 1 76 1 1 1 76 151 76 1 1 1 1 151 151 1 1 1 151 1 76 1 1 151 1 76 1 151 151 1 1 1 151 1 1 1 151 76 76 1 1 76 76 76 76 76 76 151 1 1 1 76 76 1 1 1 151 226 151 151 151 1 76 1 76 151 151 1 1 1 226 1 1 1 151 76 1 1 76 151 226 151 226 1 226 76 151 1 151 151 226 151 76 1 1 151 76 76 1 226 76 76 151 226 151 76 76 226 76 1 223 76 1 1 1 226 76 76 76 1 151 76 226 1 76 1 1 76 76 151 76 76 151 151 1 1 151 76 151 76 76 226 374 76 151 1 76 76 151 1 1 226 2 76 76 226 76 152 151 301 1 151 151 301 76 226 76 151 1 151 1 151 76 1 226 1 226 76 1 223 76 151 1 1 226 1 226 76 449 76 301 301 301 1 151 151 76 1 301 151 1 1 151 76 449 151 76 374 1 151 1 76 1 449 76 76 226 374 449 226 1 76 381 448 151 1 76 76 226 301 151 76 226 76 449 226 226 151 226 1 226 76 226 76 151 151 1 1 301 374 374 226 299 301 151 1 449 226 76 151 301 1 1 151 223 226 76 1 449 76 374 151 449 151 1 151 376 151 151 76 301 226 3 151 226 226 76 151 301 299 76 226 151 151 226 76 226 301 301 301 226 1 306 76 151 1 301 223 376 1 376 226 223 76 1 1 76 151 376 449 151 226 227 1 451 1 76 226 449 226 449 2 1 523 226 376 226 301 226 226 226 376 449 151 151 376 223 151 226 151 227 151 374 298 151 374 226 301 374 301 76 226 301 151 449 449 231 376 151 299 298 450 301 376 226 374 226 76 226 376 76 76 1 151 449 301 151 226 76 151 151 1 76 306 301 301 226 76 298 301 151 226 76 374 450 449 301 1 301 376 449 151 76 76 376 374 449 1 151 76 226 76 226 1 298 299 301 151 301 226 449 450 301 151 226 226 449 226 151 76 301 449 301 1 298 301 151 376 374 76 301 299 376 301 76 449 301 151 151 376 374 301 226 151 226 227 226 76 299 226 226 301 301 226 76 376 1 449 450 151 151 378 376 151 449 226 301 76 151 76 374 301 226 301 301 376 376 151 1 376 298 1 301 377 76 450 226 76 151 151 299 223 151 151 301 226 301 376 449 302 226 303 76 301 301 299 376 151 151 1 76 226 151 226 301 301 226 376 376 376 226 298 223 452 151 451 301 151 301 376 151 301 376 226 1 226 226 151 76 226 449 151 450 226 449 301 376 374 450 151 376 301 151 301 1 374 299 151 151 1 226 76 304 298 376 301 226 226 1 380 226 301 151 298 151 151 151 299 226 298 301 374 373 301 301 151 76 1 151 226 298 449 226 226 76 226 376 374 151 298 301 376 151 301 1 301 148 449 301 76 151 301 303 226 301 76 450 301 301 226 298 376 301 374 151 226 228 449 223 226 448 449 226 301 226 76 376 76 76 376 376 450 301 450 1 151 76 77 226 77 376 449 226 151 151 151 299 376 301 524 151 226 376 
c [Signal] Signal interruption. Caught signal: SIGTERM (15).
c [Label = 516] Minimize Makespan Labeling problem (X-can__715.mtx.rnd):
c [Main] Kill higher label pid 524.
c [Label = 515] Minimize Makespan Labeling problem (X-can__715.mtx.rnd):
c [Main] Child pid 524 - 105664 terminated by signal 15.
c [Label = 514] Minimize Makespan Labeling problem (X-can__715.mtx.rnd):
c [Label = 521] Encoding starts with target value = 75:
c [Label = 521] Encoding duration: 16228ms.
c [Label = 521] Number of clauses: 9152285.
c [Label = 521] Number of variables: 1105548.
c [Label = 521] Solving duration: 35269 ms.
s [Label = 521] SAT (w = 75).
c [Label = 521] Label assignment: 1 1 1 1 1 1 1 1 76 76 1 1 1 1 1 1 1 1 1 1 1 1 76 76 76 76 76 76 76 76 76 1 1 1 76 1 1 1 76 151 76 1 1 1 1 151 151 1 1 1 151 1 76 1 1 151 1 76 1 151 151 1 1 1 151 1 1 1 151 76 76 1 1 76 76 76 76 76 76 151 1 1 1 76 76 1 1 1 151 226 151 151 151 1 76 1 76 151 151 1 1 1 226 1 1 1 151 76 1 1 76 151 226 151 226 1 226 76 151 1 151 151 226 151 76 1 1 151 76 76 1 226 76 76 151 226 151 76 76 226 76 1 220 76 1 1 1 226 76 76 76 1 151 76 226 1 76 1 1 76 76 151 76 76 151 151 1 1 151 76 151 76 76 226 372 76 151 1 76 76 151 1 1 226 5 76 76 226 76 155 151 301 1 151 151 301 76 226 76 151 1 151 1 151 76 1 226 1 226 76 1 220 76 151 1 1 226 1 226 76 447 76 301 301 301 1 151 151 76 1 301 151 1 1 151 76 447 151 76 372 1 151 1 76 1 447 76 76 226 372 447 226 1 76 381 445 151 1 76 76 226 301 151 76 226 76 447 226 226 151 226 1 226 76 226 76 151 151 1 1 301 372 372 226 297 301 151 1 447 226 76 151 301 1 1 151 220 226 76 1 447 76 372 151 447 151 1 151 376 151 151 76 301 226 6 151 226 226 76 151 301 297 76 226 151 151 226 76 226 301 301 301 226 1 306 76 151 1 301 220 376 1 376 226 220 76 1 1 76 151 376 447 151 226 227 1 451 1 76 226 447 226 447 5 1 520 226 376 226 301 226 226 226 376 447 151 151 376 220 151 226 151 227 151 372 295 151 372 226 301 372 301 76 226 301 151 447 447 231 376 151 297 295 381 301 376 226 372 226 76 226 376 76 76 1 151 447 301 151 226 76 151 151 1 76 306 301 301 226 76 295 301 151 226 76 372 447 447 301 1 301 376 447 151 76 76 376 372 447 1 151 76 226 76 226 1 295 297 301 151 301 226 447 377 301 151 226 226 447 226 151 76 301 447 301 1 295 301 151 376 372 76 301 297 376 301 76 447 301 151 151 376 372 301 226 151 226 231 226 76 297 226 226 301 301 226 76 376 1 447 447 151 151 378 376 151 447 226 301 76 151 76 372 301 226 301 301 376 376 151 1 376 295 1 301 377 76 447 226 76 151 151 297 220 151 151 301 226 301 376 446 302 226 303 76 301 301 297 376 151 151 1 76 226 151 226 301 301 226 376 376 376 226 295 220 452 151 151 301 151 301 376 151 301 376 226 1 226 226 151 76 226 447 151 381 226 447 301 376 372 447 151 376 301 151 301 1 372 297 151 151 1 226 76 304 295 376 301 226 226 1 380 226 301 151 295 151 151 451 297 226 295 301 302 370 301 301 151 76 1 151 226 295 447 226 226 76 226 376 372 151 295 301 376 151 301 1 301 145 447 301 76 151 301 303 226 301 76 379 301 301 226 295 376 301 372 151 226 228 447 220 226 445 447 226 301 226 76 376 76 76 376 376 447 301 447 1 151 76 80 226 80 376 447 226 151 151 151 297 376 301 521 151 226 376 
c [Main] Lowest label SAT is set to 521.
c [Label = 513] Minimize Makespan Labeling problem (X-can__715.mtx.rnd):
c [Label = 517] Encoding starts with target value = 75:
c [Label = 517] Encoding duration: 15354ms.
c [Label = 517] Number of clauses: 9090383.
c [Label = 517] Number of variables: 1099828.
c [Label = 517] Solving duration: 34248 ms.
s [Label = 517] SAT (w = 75).
c [Label = 517] Label assignment: 1 1 1 1 1 1 1 1 76 76 1 1 1 1 1 1 1 1 1 1 1 1 76 76 76 76 76 76 76 76 76 1 1 1 76 1 1 1 76 151 76 1 1 1 1 151 151 1 1 1 151 1 76 1 1 151 1 76 1 151 151 1 1 1 151 1 1 1 151 76 76 1 1 76 76 76 76 76 76 151 1 1 1 76 76 1 1 1 151 226 151 151 151 1 76 1 76 151 151 1 1 1 226 1 1 1 151 76 1 1 76 151 226 151 226 1 226 76 151 1 151 151 226 151 76 1 1 151 76 76 1 226 76 76 151 226 151 76 76 226 76 1 217 76 1 1 1 226 76 76 76 1 151 76 226 1 76 1 1 76 76 151 76 76 151 151 1 1 151 76 151 76 76 226 368 76 151 1 76 76 151 1 1 226 67 76 76 226 76 217 151 359 1 151 151 301 76 226 76 151 1 151 1 151 76 1 226 1 226 76 1 216 76 151 1 1 226 1 226 76 443 76 301 301 301 1 151 151 76 1 301 151 1 1 151 76 443 151 76 368 1 151 1 76 1 443 76 76 226 368 443 226 1 76 381 442 151 1 76 76 226 301 151 76 226 76 443 226 226 151 226 1 226 76 226 76 151 151 1 1 301 368 368 226 293 301 151 1 443 226 76 151 301 1 1 151 216 226 76 1 443 76 368 151 443 151 1 151 434 151 151 76 301 226 67 151 226 226 76 151 301 293 76 226 151 151 284 76 226 301 301 301 226 1 306 76 151 1 301 216 376 1 376 226 216 76 1 1 76 151 376 443 151 226 227 1 509 1 76 226 443 226 443 67 1 517 226 376 226 301 226 226 226 376 443 151 151 376 216 151 226 151 227 151 366 291 151 368 226 301 368 359 76 226 301 151 443 443 231 376 151 293 291 381 301 376 226 368 226 76 226 434 76 76 1 151 443 301 151 226 76 151 151 1 76 306 301 301 226 76 291 301 151 226 76 368 443 443 301 1 301 376 443 151 76 76 376 368 443 1 151 76 226 76 226 1 291 291 301 151 301 226 443 377 301 151 226 226 443 226 151 76 301 443 301 1 292 301 151 376 368 76 301 293 376 301 76 443 301 151 151 376 368 301 226 151 226 292 226 76 293 226 226 301 301 226 76 376 1 443 443 151 151 378 376 151 443 226 301 76 151 76 368 301 226 301 301 376 376 151 1 376 291 1 301 377 76 443 226 76 151 151 293 217 151 209 301 226 301 376 442 302 226 303 76 301 301 293 376 151 151 1 76 226 151 226 301 301 226 376 376 376 226 291 216 452 151 209 301 151 301 376 151 301 376 226 1 226 226 151 76 226 443 151 381 226 443 301 376 368 443 151 376 301 151 301 1 368 293 151 151 1 226 76 304 291 376 301 226 226 1 380 227 301 151 292 151 151 509 293 226 291 301 302 367 301 301 151 76 1 151 226 291 443 226 226 76 226 376 368 151 291 301 376 151 301 1 301 141 443 301 76 151 301 303 226 301 76 379 301 301 226 291 376 301 368 151 226 228 443 217 226 442 443 226 301 284 76 376 76 76 376 376 443 301 443 1 151 76 142 226 142 376 443 226 151 151 151 293 376 301 517 151 226 376 
c [Label = 518] Encoding starts with target value = 75:
c [Label = 518] Encoding duration: 15354ms.
c [Label = 518] Number of clauses: 9105859.
c [Label = 518] Number of variables: 1101258.
c [Label = 518] Solving duration: 34433 ms.
s [Label = 518] SAT (w = 75).
c [Label = 518] Label assignment: 1 1 1 1 1 1 1 1 76 76 1 1 1 1 1 1 1 1 1 1 1 1 76 76 76 76 76 76 76 76 76 1 1 1 76 1 1 1 76 151 76 1 1 1 1 151 151 1 1 1 151 1 76 1 1 151 1 76 1 151 151 1 1 1 151 1 1 1 151 76 76 1 1 76 76 76 76 76 76 151 1 1 1 76 76 1 1 1 151 226 151 151 151 1 76 1 76 151 151 1 1 1 226 1 1 1 151 76 1 1 76 151 226 151 226 1 226 76 151 1 151 151 226 151 76 1 1 151 76 76 1 226 76 76 151 226 151 76 76 226 76 1 219 76 1 1 1 226 76 76 76 1 151 76 226 1 76 1 1 76 76 151 76 76 151 151 1 1 151 76 151 76 294 226 369 76 151 1 76 76 151 1 1 226 69 76 76 226 76 219 151 302 1 151 151 301 76 226 76 151 1 151 1 151 76 1 226 1 226 76 1 217 76 151 1 1 226 1 226 76 444 76 301 301 301 1 151 151 76 1 301 151 1 1 151 76 444 151 76 369 1 151 1 76 1 444 76 76 226 369 444 226 1 76 381 144 151 1 76 76 226 301 151 76 226 76 444 226 226 151 226 1 226 76 226 76 151 151 1 1 301 369 369 226 294 301 151 1 444 226 76 151 301 1 1 151 217 226 76 1 444 76 369 151 444 151 1 151 377 151 151 76 301 226 69 151 226 226 76 151 301 294 76 226 151 151 227 76 226 301 301 301 226 1 306 76 151 1 301 217 376 1 376 226 217 76 1 1 76 151 376 444 151 226 227 1 512 1 76 226 444 226 444 69 1 517 226 376 226 301 226 226 226 376 444 151 151 376 217 151 226 151 227 151 367 292 151 369 226 301 369 302 76 226 301 151 444 444 231 376 151 294 294 381 301 376 226 369 226 76 226 437 76 76 1 151 444 301 151 226 76 151 151 1 76 306 301 301 226 76 292 301 151 226 76 369 444 444 301 1 301 376 444 151 76 76 376 367 444 1 151 76 226 76 226 1 292 292 301 151 301 226 444 377 301 151 226 226 444 226 151 76 301 444 301 1 294 301 151 376 369 76 301 294 376 301 442 444 301 151 151 376 369 301 226 151 226 294 226 76 294 226 226 301 301 226 76 376 1 444 444 151 151 378 376 151 444 226 301 76 151 76 369 301 226 301 301 376 376 151 1 376 292 1 301 377 76 444 226 76 151 151 294 219 151 152 301 226 301 376 444 302 226 303 76 301 301 294 376 151 151 1 76 226 151 226 301 301 226 376 376 376 226 292 219 452 151 455 301 151 301 376 151 301 376 226 1 226 226 151 76 226 444 151 381 226 444 301 376 369 444 151 376 301 151 301 1 369 292 151 151 1 226 76 304 292 376 301 226 226 1 380 227 301 151 294 151 151 152 294 226 294 301 302 369 301 301 151 76 1 151 226 292 444 226 226 76 226 376 369 151 292 301 376 151 301 1 301 142 444 301 76 151 301 303 226 301 76 379 301 301 226 292 376 301 369 151 226 228 444 219 226 442 444 226 301 227 76 376 76 76 376 376 444 301 444 1 151 76 144 226 144 376 444 226 151 151 151 294 376 301 518 151 226 376 
c [Main] Lowest label SAT is set to 517.
c [Main] Kill higher label pid 518.
c [Main] Kill higher label pid 519.
c [Main] Kill higher label pid 520.
c [Label = 519] Encoding starts with target value = 75:
c [Label = 519] Encoding duration: 15980ms.
c [Label = 519] Number of clauses: 9121334.
c [Label = 519] Number of variables: 1102688.
c [Label = 519] Solving duration: 35157 ms.
s [Label = 519] SAT (w = 75).
c [Label = 519] Label assignment: 1 1 1 1 1 1 1 1 76 76 1 1 1 1 1 1 1 1 1 1 1 1 76 76 76 76 76 76 76 76 76 1 1 1 76 1 1 1 76 151 76 1 1 1 1 151 151 1 1 1 151 1 76 1 1 151 1 76 1 151 151 1 1 1 151 1 1 1 151 76 76 1 1 76 76 76 76 76 76 151 1 1 1 76 76 1 1 1 151 226 151 151 151 1 76 1 76 151 151 1 1 1 226 1 1 1 151 76 1 1 76 151 226 151 226 1 226 76 151 1 151 151 226 151 76 1 1 151 76 76 1 226 76 76 151 226 151 76 76 226 76 1 220 76 1 1 1 226 76 76 76 1 151 76 226 1 76 1 1 76 76 151 76 76 151 151 1 1 151 76 151 76 295 226 370 76 151 1 76 76 151 1 1 226 70 76 76 226 76 220 151 364 1 151 151 301 76 226 76 151 1 151 1 151 76 1 226 1 226 76 1 218 76 151 1 1 226 1 226 76 445 76 301 301 301 1 151 151 76 1 301 151 1 1 151 76 445 151 76 370 1 151 1 76 1 445 76 76 226 370 445 226 1 76 381 145 151 1 76 76 226 301 151 76 226 76 445 226 226 151 226 1 226 76 226 76 151 151 1 1 301 370 370 226 295 301 151 1 445 226 76 151 301 1 1 151 218 226 76 1 445 76 370 151 445 151 1 151 439 151 151 76 301 226 70 151 226 226 76 151 301 295 76 226 151 151 289 76 226 301 301 301 226 1 306 76 151 1 301 218 376 1 376 226 218 76 1 1 76 151 376 445 151 226 227 1 514 1 76 226 445 226 445 70 1 518 226 376 226 301 226 226 226 376 445 151 151 376 218 151 226 151 227 151 370 293 151 370 226 301 370 364 76 226 301 151 445 445 231 376 151 295 295 381 301 376 226 370 226 76 226 439 76 76 1 151 445 301 151 226 76 151 151 1 76 306 301 301 226 76 293 301 151 226 76 370 445 445 301 1 301 376 445 151 76 76 376 368 445 1 151 76 226 76 226 1 293 295 301 151 301 226 445 377 301 151 226 226 445 226 151 76 301 445 301 1 295 301 151 376 370 76 301 295 376 301 443 445 301 151 151 376 370 301 226 151 226 295 226 76 295 226 226 301 301 226 76 376 1 445 445 151 151 378 376 151 445 226 301 76 151 76 370 301 226 301 301 376 376 151 1 376 293 1 301 377 76 445 226 76 151 151 295 220 151 214 301 226 301 376 445 302 226 303 76 301 301 295 376 151 151 1 76 226 151 226 301 301 226 376 376 376 226 293 220 452 151 214 301 151 301 376 151 301 376 226 1 226 226 151 76 226 445 151 381 226 445 301 376 370 445 151 376 301 151 301 1 370 293 151 151 1 226 76 304 293 376 301 226 226 1 380 227 301 151 295 151 151 514 295 226 295 301 302 370 301 301 151 76 1 151 226 293 445 226 226 76 226 376 370 151 293 301 376 151 301 1 301 143 445 301 76 151 301 303 226 301 76 379 301 301 226 293 376 301 370 151 226 228 445 220 226 443 445 226 301 289 76 376 76 76 376 376 445 301 445 1 151 76 145 226 145 376 445 226 151 151 151 295 376 301 519 151 226 376 
c [Signal] Signal interruption. Caught signal: SIGTERM (15).
c [Label = 520] Encoding starts with target value = 75:
c [Label = 520] Encoding duration: 16019ms.
c [Label = 520] Number of clauses: 9136810.
c [Label = 520] Number of variables: 1104118.
c [Label = 520] Solving duration: 35073 ms.
s [Label = 520] SAT (w = 75).
c [Label = 520] Label assignment: 1 1 1 1 1 1 1 1 76 76 1 1 1 1 1 1 1 1 1 1 1 1 76 76 76 76 76 76 76 76 76 1 1 1 76 1 1 1 76 151 76 1 1 1 1 151 151 1 1 1 151 1 76 1 1 151 1 76 1 151 151 1 1 1 151 1 1 1 151 76 76 1 1 76 76 76 76 76 76 151 1 1 1 76 76 1 1 1 151 226 151 151 151 1 76 1 76 151 151 1 1 1 226 1 1 1 151 76 1 1 76 151 226 151 226 1 226 76 151 1 151 151 226 151 76 1 1 151 76 76 1 226 76 76 151 226 151 76 76 226 76 1 219 76 1 1 1 226 76 76 76 1 151 76 226 1 76 1 1 76 76 151 76 76 151 151 1 1 151 76 151 76 76 226 371 76 151 1 76 76 151 1 1 226 7 76 76 226 76 157 151 226 1 151 151 301 76 226 76 151 1 151 1 151 76 1 226 1 226 76 1 219 76 151 1 1 226 1 226 76 446 76 301 301 301 1 151 151 76 1 301 151 1 1 151 76 446 151 76 371 1 151 1 76 1 446 76 76 226 371 446 226 1 76 381 444 151 1 76 76 226 301 151 76 226 76 296 226 226 151 226 1 226 76 226 76 151 151 1 1 301 371 371 226 296 301 151 1 446 226 76 151 301 1 1 151 219 226 76 1 446 76 371 151 446 151 1 151 151 151 151 76 301 226 7 151 226 226 76 151 301 296 76 226 151 151 301 76 226 301 301 301 226 1 306 76 151 1 301 219 376 1 376 226 219 76 1 1 76 151 376 446 151 226 227 1 452 1 76 226 446 226 446 7 1 519 226 376 226 301 226 226 226 376 446 151 151 376 219 151 226 151 227 151 371 294 151 371 226 301 371 301 76 226 301 151 446 446 231 376 151 296 294 381 301 376 226 376 226 76 226 377 76 76 1 151 446 301 151 446 76 151 151 1 76 306 301 301 226 76 294 301 151 226 76 371 446 446 301 1 301 376 446 151 76 76 376 371 446 1 151 76 226 76 226 1 294 296 301 151 301 226 446 377 301 151 226 226 446 226 151 76 301 446 301 1 294 301 151 376 371 76 301 296 376 301 76 446 301 151 151 376 371 301 226 151 226 232 226 76 296 226 226 301 301 226 76 376 1 446 446 151 151 378 376 151 446 226 301 76 151 76 371 301 226 301 301 376 376 151 1 376 294 1 301 377 76 446 226 76 151 151 296 219 151 219 301 226 301 376 445 377 226 303 76 301 301 296 376 151 151 1 76 226 151 226 301 301 226 376 376 376 226 294 219 452 151 376 301 151 301 376 151 301 376 226 1 226 226 151 76 226 446 151 381 226 446 301 376 371 446 151 376 301 151 301 1 371 296 151 151 1 226 76 304 294 376 301 226 226 1 380 302 301 151 294 151 151 451 296 226 294 301 302 369 301 301 151 76 1 151 226 294 446 226 226 76 226 376 371 151 294 301 376 151 301 1 301 144 446 301 76 151 301 303 226 301 76 379 301 301 226 294 376 301 371 151 226 228 446 219 226 444 446 226 301 226 76 376 76 76 376 376 446 301 446 1 151 76 82 226 82 376 446 226 151 151 151 296 376 301 520 151 226 376 
c [Signal] Signal interruption. Caught signal: SIGTERM (15).
c [Label = 512] Minimize Makespan Labeling problem (X-can__715.mtx.rnd):
c [Main] Kill higher label pid 519.
c [Main] Kill higher label pid 520.
c [Label = 511] Minimize Makespan Labeling problem (X-can__715.mtx.rnd):
c [Main] Child pid 520 - 105672 terminated by signal 15.
c [Label = 510] Minimize Makespan Labeling problem (X-can__715.mtx.rnd):
c [Main] Child pid 519 - 105673 terminated by signal 15.
c [Label = 509] Minimize Makespan Labeling problem (X-can__715.mtx.rnd):
c [Label = 516] Encoding starts with target value = 75:
c [Label = 516] Encoding duration: 15042ms.
c [Label = 516] Number of clauses: 9074908.
c [Label = 516] Number of variables: 1098398.
c [Label = 516] Solving duration: 34354 ms.
s [Label = 516] SAT (w = 75).
c [Label = 516] Label assignment: 1 1 1 1 1 1 1 1 76 76 1 1 1 1 1 1 1 1 1 1 1 1 76 76 76 76 76 76 76 76 76 1 1 1 76 1 1 1 76 151 76 1 1 1 1 151 151 1 1 1 151 1 76 1 1 151 1 76 1 151 151 1 1 1 151 1 1 1 151 76 76 1 1 76 76 76 76 76 76 151 1 1 1 76 76 1 1 1 151 226 151 151 151 1 76 1 76 151 151 1 1 1 226 1 1 1 151 76 1 1 76 151 226 151 226 1 226 76 151 1 151 151 226 151 76 1 1 151 76 76 1 226 76 76 151 226 151 76 76 226 76 1 217 76 1 1 1 226 76 76 76 1 151 76 226 1 76 1 1 76 76 151 76 76 151 151 1 1 151 76 151 76 292 226 367 76 151 1 76 76 151 1 1 226 67 76 76 226 76 217 151 358 1 151 151 301 76 226 76 151 1 151 1 151 76 1 226 1 226 76 1 215 76 151 1 1 226 1 226 76 442 76 301 301 301 1 151 151 76 1 301 151 1 1 151 76 442 151 76 367 1 151 1 76 1 442 76 76 226 367 442 226 1 76 381 142 151 1 76 76 226 301 151 76 226 76 442 226 226 151 226 1 226 76 226 76 151 151 1 1 301 367 367 226 292 301 151 1 442 226 76 151 301 1 1 151 215 226 76 1 442 76 367 151 442 151 1 151 433 151 151 76 301 226 67 151 226 226 76 151 301 292 76 226 151 151 283 76 226 301 301 301 226 1 306 76 151 1 301 215 376 1 376 226 215 76 1 1 76 151 376 442 151 226 227 1 508 1 76 226 442 226 442 67 1 515 226 376 226 301 226 226 226 376 442 151 151 376 215 151 226 151 227 151 365 290 151 367 226 301 367 358 76 226 301 151 442 442 231 376 151 292 292 381 301 376 226 367 226 76 226 433 76 76 1 151 442 301 151 226 76 151 151 1 76 306 301 301 226 76 290 301 151 226 76 367 442 442 301 1 301 376 442 151 76 76 376 365 442 1 151 76 226 76 226 1 290 290 301 151 301 226 442 377 301 151 226 226 442 226 151 76 301 442 301 1 292 301 151 376 367 76 301 292 376 301 440 442 301 151 151 376 367 301 226 151 226 292 226 76 292 226 226 301 301 226 76 376 1 442 442 151 151 378 376 151 442 226 301 76 151 76 367 301 226 301 301 376 376 151 1 376 290 1 301 377 76 442 226 76 151 151 292 217 151 208 301 226 301 376 442 302 226 303 76 301 301 292 376 151 151 1 76 226 151 226 301 301 226 376 376 376 226 290 217 452 151 208 301 151 301 376 151 301 376 226 1 226 226 151 76 226 442 151 381 226 442 301 376 367 442 151 376 301 151 301 1 367 290 151 151 1 226 76 304 290 376 301 226 226 1 380 227 301 151 292 151 151 508 292 226 292 301 302 367 301 301 151 76 1 151 226 290 442 226 226 76 226 376 367 151 290 301 376 151 301 1 301 140 442 301 76 151 301 303 226 301 76 379 301 301 226 290 376 301 367 151 226 228 442 217 226 440 442 226 301 283 76 376 76 76 376 376 442 301 442 1 151 76 142 226 142 376 442 226 151 151 151 292 376 301 516 151 226 376 
c [Main] Lowest label SAT is set to 516.
c [Label = 508] Minimize Makespan Labeling problem (X-can__715.mtx.rnd):
c [Label = 515] Encoding starts with target value = 75:
c [Label = 515] Encoding duration: 15280ms.
c [Label = 515] Number of clauses: 9059432.
c [Label = 515] Number of variables: 1096968.
c [Label = 515] Solving duration: 34285 ms.
s [Label = 515] SAT (w = 75).
c [Label = 515] Label assignment: 1 1 1 1 1 1 1 1 76 76 1 1 1 1 1 1 1 1 1 1 1 1 76 76 76 76 76 76 76 76 76 1 1 1 76 1 1 1 76 151 76 1 1 1 1 151 151 1 1 1 151 1 76 1 1 151 1 76 1 151 151 1 1 1 151 1 1 1 151 76 76 1 1 76 76 76 76 76 76 151 1 1 1 76 76 1 1 1 151 226 151 151 151 1 76 1 76 151 151 1 1 1 226 1 1 1 151 76 1 1 76 151 226 151 226 1 226 76 151 1 151 151 226 151 76 1 1 151 76 76 1 226 76 76 151 226 151 76 76 226 76 1 216 76 1 1 1 226 76 76 76 1 151 76 226 1 76 1 1 76 76 151 76 76 151 151 1 1 151 76 151 76 291 226 366 76 151 1 76 76 151 1 1 226 66 76 76 226 76 216 151 321 1 151 151 301 76 226 76 151 1 151 1 151 76 1 226 1 226 76 1 214 76 151 1 1 226 1 226 76 441 76 301 301 301 1 151 151 76 1 301 151 1 1 151 76 441 151 76 366 1 151 1 76 1 441 76 76 226 366 441 226 1 76 381 141 151 1 76 76 226 301 151 76 226 76 441 226 226 151 226 1 226 76 226 76 151 151 1 1 301 366 366 226 291 301 151 1 441 226 76 151 301 1 1 151 214 226 76 1 441 76 366 151 441 151 1 151 396 151 151 76 301 226 66 151 226 226 76 151 301 291 76 226 151 151 246 76 226 301 301 301 226 1 306 76 151 1 301 214 376 1 376 226 214 76 1 1 76 151 376 441 151 226 227 1 506 1 76 226 441 226 441 66 1 514 226 376 226 301 226 226 226 376 441 151 151 376 214 151 226 151 227 151 364 289 151 366 226 301 366 321 76 226 301 151 441 441 231 376 151 291 291 381 301 376 226 366 226 76 226 431 76 76 1 151 441 301 151 226 76 151 151 1 76 306 301 301 226 76 289 301 151 226 76 366 441 441 301 1 301 376 441 151 76 76 376 364 441 1 151 76 226 76 226 1 289 289 301 151 301 226 441 377 301 151 226 226 441 226 151 76 301 441 301 1 291 301 151 376 366 76 301 291 376 301 439 441 301 151 151 376 366 301 226 151 226 291 226 76 291 226 226 301 301 226 76 376 1 441 441 151 151 378 376 151 441 226 301 76 151 76 366 301 226 301 301 376 376 151 1 376 289 1 301 377 76 441 226 76 151 151 291 216 151 171 301 226 301 376 441 302 226 303 76 301 301 291 376 151 151 1 76 226 151 226 301 301 226 376 376 376 226 289 216 452 151 171 301 151 301 376 151 301 376 226 1 226 226 151 76 226 441 151 381 226 441 301 376 366 441 151 376 301 151 301 1 366 289 151 151 1 226 76 304 289 376 301 226 226 1 380 227 301 151 291 151 151 506 291 226 291 301 302 366 301 301 151 76 1 151 226 289 441 226 226 76 226 376 366 151 289 301 376 151 301 1 301 139 441 301 76 151 301 303 226 301 76 379 301 301 226 289 376 301 366 151 226 228 441 216 226 439 441 226 301 246 76 376 76 76 376 376 441 301 441 1 151 76 141 226 141 376 441 226 151 151 151 291 376 301 515 151 226 376 
c [Main] Lowest label SAT is set to 515.
c [Label = 507] Minimize Makespan Labeling problem (X-can__715.mtx.rnd):
c [Label = 514] Encoding starts with target value = 75:
c [Label = 514] Encoding duration: 15408ms.
c [Label = 514] Number of clauses: 9043957.
c [Label = 514] Number of variables: 1095538.
c [Label = 514] Solving duration: 34856 ms.
s [Label = 514] SAT (w = 75).
c [Label = 514] Label assignment: 1 1 1 1 1 1 1 1 76 76 1 1 1 1 1 1 1 1 1 1 1 1 76 76 76 76 76 76 76 76 76 1 1 1 76 1 1 1 76 151 76 1 1 1 1 151 151 1 1 1 151 1 76 1 1 151 1 76 1 151 151 1 1 1 151 1 1 1 151 76 76 1 1 76 76 76 76 76 76 151 1 1 1 76 76 1 1 1 151 226 151 151 151 1 76 1 76 151 151 1 1 1 226 1 1 1 151 76 1 1 76 151 226 151 226 1 226 76 151 1 151 151 226 151 76 1 1 151 76 76 1 226 76 76 151 226 151 76 76 226 76 1 215 76 1 1 1 226 76 76 76 1 151 76 226 1 76 1 1 76 76 151 76 76 151 151 1 1 151 76 151 76 290 226 365 76 151 1 76 76 151 1 1 226 65 76 76 226 76 215 151 236 1 151 151 301 76 226 76 151 1 151 1 151 76 1 226 1 226 76 1 213 76 151 1 1 226 1 226 76 440 76 301 301 301 1 151 151 76 1 301 151 1 1 151 76 440 151 76 365 1 151 1 76 1 440 76 76 226 365 440 226 1 76 381 140 151 1 76 76 226 301 151 76 226 76 76 226 226 151 226 1 226 76 226 76 151 151 1 1 301 365 365 226 290 301 151 1 440 226 76 151 301 1 1 151 213 226 76 1 440 76 365 151 440 151 1 151 386 151 151 76 301 226 290 151 226 226 76 151 301 290 76 226 151 151 65 76 226 301 301 301 226 1 306 76 151 1 301 213 376 1 376 226 213 76 1 1 76 151 376 440 151 226 227 1 504 1 76 226 440 226 440 311 1 513 226 376 226 301 226 226 226 376 440 151 151 376 213 151 226 151 227 151 363 288 151 365 226 301 365 311 76 226 301 151 440 440 231 376 151 290 290 381 301 376 226 365 226 76 226 429 76 76 1 151 440 301 151 226 76 151 151 1 76 306 301 301 226 76 288 301 151 226 76 365 440 440 301 1 301 376 440 151 76 76 376 363 440 1 151 76 226 76 226 1 288 288 301 151 301 226 440 377 301 151 226 226 440 226 151 76 301 440 301 1 290 301 151 376 365 76 301 290 376 301 438 440 301 151 151 376 365 301 226 151 226 290 226 76 290 226 226 301 301 226 76 376 1 440 440 151 151 378 376 151 440 226 301 76 151 76 365 301 226 301 301 376 376 151 1 376 288 1 301 377 76 440 226 76 151 151 290 215 151 213 301 226 301 376 440 386 226 303 76 301 301 290 376 151 151 1 76 226 151 226 301 301 226 376 376 376 226 288 215 452 151 504 301 151 301 376 151 301 376 226 1 226 226 151 76 226 440 151 381 226 440 301 376 365 440 151 376 301 151 301 1 365 288 151 151 1 226 76 304 288 376 301 226 226 1 380 311 301 151 290 151 151 161 290 226 290 301 302 365 301 301 151 76 1 151 226 288 440 226 226 76 226 376 365 151 288 301 376 151 301 1 301 138 440 301 76 151 301 303 226 301 76 379 301 301 226 288 376 301 365 151 226 228 440 215 226 438 440 226 301 236 76 376 76 76 376 376 440 301 440 1 151 76 140 226 140 376 440 226 151 151 151 290 376 301 514 151 226 376 
c [Main] Lowest label SAT is set to 514.
c [Label = 506] Minimize Makespan Labeling problem (X-can__715.mtx.rnd):
c [Label = 513] Encoding starts with target value = 75:
c [Label = 513] Encoding duration: 15550ms.
c [Label = 513] Number of clauses: 9028481.
c [Label = 513] Number of variables: 1094108.
c [Label = 513] Solving duration: 34653 ms.
s [Label = 513] SAT (w = 75).
c [Label = 513] Label assignment: 1 1 1 1 1 1 1 1 76 76 1 1 1 1 1 1 1 1 1 1 1 1 76 76 76 76 76 76 76 76 76 1 1 1 76 1 1 1 76 151 76 1 1 1 1 151 151 1 1 1 151 1 76 1 1 151 1 76 1 151 151 1 1 1 151 1 1 1 151 76 76 1 1 76 76 76 76 76 76 151 1 1 1 76 76 1 1 1 151 226 151 151 151 1 76 1 76 151 151 1 1 1 226 1 1 1 151 76 1 1 76 151 226 151 226 1 226 76 151 1 151 151 226 151 76 1 1 151 76 76 1 226 76 76 151 226 151 76 76 226 76 1 214 76 1 1 1 226 76 76 76 1 151 76 226 1 76 1 1 76 76 151 76 76 151 151 1 1 151 76 151 76 289 226 364 76 151 1 76 76 151 1 1 226 64 76 76 226 76 214 151 312 1 151 151 301 76 226 76 151 1 151 1 151 76 1 226 1 226 76 1 212 76 151 1 1 226 1 226 76 439 76 301 301 301 1 151 151 76 1 301 151 1 1 151 76 439 151 76 364 1 151 1 76 1 439 76 76 226 364 439 226 1 76 381 139 151 1 76 76 226 301 151 76 226 76 439 226 226 151 226 1 226 76 226 76 151 151 1 1 301 364 364 226 289 301 151 1 439 226 76 151 301 1 1 151 212 226 76 1 439 76 364 151 439 151 1 151 387 151 151 76 301 226 64 151 226 226 76 151 301 289 76 226 151 151 237 76 226 301 301 301 226 1 306 76 151 1 301 212 376 1 376 226 212 76 1 1 76 151 376 439 151 226 227 1 502 1 76 226 439 226 439 64 1 512 226 376 226 301 226 226 226 376 439 151 151 376 212 151 226 151 227 151 362 287 151 364 226 301 364 312 76 226 301 151 439 439 231 376 151 289 289 381 301 376 226 364 226 76 226 427 76 76 1 151 439 301 151 226 76 151 151 1 76 306 301 301 226 76 287 301 151 226 76 364 439 439 301 1 301 376 439 151 76 76 376 362 439 1 151 76 226 76 226 1 287 287 301 151 301 226 439 377 301 151 226 226 439 226 151 76 301 439 301 1 289 301 151 376 364 76 301 289 376 301 437 439 301 151 151 376 364 301 226 151 226 289 226 76 289 226 226 301 301 226 76 376 1 439 439 151 151 378 376 151 439 226 301 76 151 76 364 301 226 301 301 376 376 151 1 376 287 1 301 377 76 439 226 76 151 151 289 214 151 162 301 226 301 376 439 302 226 303 76 301 301 289 376 151 151 1 76 226 151 226 301 301 226 376 376 376 226 287 214 452 151 502 301 151 301 376 151 301 376 226 1 226 226 151 76 226 439 151 381 226 439 301 376 364 439 151 376 301 151 301 1 364 287 151 151 1 226 76 304 287 376 301 226 226 1 380 227 301 151 289 151 151 162 289 226 289 301 302 364 301 301 151 76 1 151 226 287 439 226 226 76 226 376 364 151 287 301 376 151 301 1 301 137 439 301 76 151 301 303 226 301 76 379 301 301 226 287 376 301 364 151 226 228 439 214 226 437 439 226 301 237 76 376 76 76 376 376 439 301 439 1 151 76 139 226 139 376 439 226 151 151 151 289 376 301 513 151 226 376 
c [Main] Lowest label SAT is set to 513.
c [Label = 505] Minimize Makespan Labeling problem (X-can__715.mtx.rnd):
c [Label = 512] Encoding starts with target value = 75:
c [Label = 512] Encoding duration: 15027ms.
c [Label = 512] Number of clauses: 9013006.
c [Label = 512] Number of variables: 1092678.
c [Label = 512] Solving duration: 33386 ms.
s [Label = 512] SAT (w = 75).
c [Label = 512] Label assignment: 1 1 1 1 1 1 1 1 76 76 1 1 1 1 1 1 1 1 1 1 1 1 76 76 76 76 76 76 76 76 76 1 1 1 76 1 1 1 76 151 76 1 1 1 1 151 151 1 1 1 151 1 76 1 1 151 1 76 1 151 151 1 1 1 151 1 1 1 151 76 76 1 1 76 76 76 76 76 76 151 1 1 1 76 76 1 1 1 151 226 151 151 151 1 76 1 76 151 151 1 1 1 226 1 1 1 151 76 1 1 76 151 226 151 226 1 226 76 151 1 151 151 226 151 76 1 1 151 76 76 1 226 76 76 151 226 151 76 76 226 76 1 211 76 1 1 1 226 76 76 76 1 151 76 226 1 76 1 1 76 76 151 76 76 151 151 1 1 151 76 151 76 76 226 363 76 151 1 76 76 151 1 1 226 14 76 76 226 76 164 151 301 1 151 151 301 76 226 76 151 1 151 1 151 76 1 226 1 226 76 1 211 76 151 1 1 226 1 226 76 438 76 301 301 301 1 151 151 76 1 301 151 1 1 151 76 438 151 76 363 1 151 1 76 1 438 76 76 226 363 438 226 1 76 381 436 151 1 76 76 226 301 151 76 226 76 438 226 226 151 226 1 226 76 226 76 151 151 1 1 301 363 363 226 288 301 151 1 438 226 76 151 301 1 1 151 211 226 76 1 438 76 363 151 438 151 1 151 376 151 151 76 301 226 15 151 226 226 76 151 301 288 76 226 151 151 226 76 226 301 301 301 226 1 306 76 151 1 301 211 376 1 376 226 211 76 1 1 76 151 376 438 151 226 227 1 451 1 76 226 438 226 438 14 1 511 226 376 226 301 226 226 226 376 438 151 151 376 211 151 226 151 227 151 361 286 151 363 226 301 363 301 76 226 301 151 438 438 231 376 151 288 286 381 301 376 226 363 226 76 226 376 76 76 1 151 438 301 151 226 76 151 151 1 76 306 301 301 226 76 286 301 151 226 76 363 438 438 301 1 301 376 438 151 76 76 376 363 438 1 151 76 226 76 226 1 286 286 301 151 301 226 438 377 301 151 226 226 438 226 151 76 301 438 301 1 286 301 151 376 363 76 301 288 376 301 76 438 301 151 151 376 363 301 226 151 226 239 226 76 288 226 226 301 301 226 76 376 1 438 438 151 151 378 376 151 438 226 301 76 151 76 363 301 226 301 301 376 376 151 1 376 286 1 301 377 76 438 226 76 151 151 288 211 151 151 301 226 301 376 437 302 226 303 76 301 301 288 376 151 151 1 76 226 151 226 301 301 226 376 376 376 226 286 211 452 151 451 301 151 301 376 151 301 376 226 1 226 226 151 76 226 438 151 381 226 438 301 376 363 438 151 376 301 151 301 1 363 288 151 151 1 226 76 304 286 376 301 226 226 1 380 226 301 151 286 151 151 151 288 226 286 301 302 361 301 301 151 76 1 151 226 286 438 226 226 76 226 376 363 151 286 301 376 151 301 1 301 136 438 301 76 151 301 303 226 301 76 379 301 301 226 286 376 301 363 151 226 228 438 211 226 436 438 226 301 226 76 376 76 76 376 376 438 301 438 1 151 76 89 226 89 376 438 226 151 151 151 288 376 301 512 151 226 376 
c [Main] Lowest label SAT is set to 512.
c [Label = 504] Minimize Makespan Labeling problem (X-can__715.mtx.rnd):
c [Label = 511] Encoding starts with target value = 75:
c [Label = 511] Encoding duration: 15019ms.
c [Label = 511] Number of clauses: 8997530.
c [Label = 511] Number of variables: 1091248.
c [Label = 511] Solving duration: 33530 ms.
s [Label = 511] SAT (w = 75).
c [Label = 511] Label assignment: 1 1 1 1 1 1 1 1 76 76 1 1 1 1 1 1 1 1 1 1 1 1 76 76 76 76 76 76 76 76 76 1 1 1 76 1 1 1 76 151 76 1 1 1 1 151 151 1 1 1 151 1 76 1 1 151 1 76 1 151 151 1 1 1 151 1 1 1 151 76 76 1 1 76 76 76 76 76 76 151 1 1 1 76 76 1 1 1 151 226 151 151 151 1 76 1 76 151 151 1 1 1 226 1 1 1 151 76 1 1 76 151 226 151 226 1 226 76 151 1 151 151 226 151 76 1 1 151 76 76 1 226 76 76 151 226 151 76 76 226 76 1 210 76 1 1 1 226 76 76 76 1 151 76 226 1 76 1 1 76 76 151 76 76 151 151 1 1 151 76 151 76 76 226 362 76 151 1 76 76 151 1 1 226 15 76 76 226 76 165 151 301 1 151 151 301 76 226 76 151 1 151 1 151 76 1 226 1 226 76 1 210 76 151 1 1 226 1 226 76 437 76 301 301 301 1 151 151 76 1 301 151 1 1 151 76 437 151 76 362 1 151 1 76 1 437 76 76 226 362 437 226 1 76 381 435 151 1 76 76 226 301 151 76 226 76 437 226 226 151 226 1 226 76 226 76 151 151 1 1 301 362 362 226 287 301 151 1 437 226 76 151 301 1 1 151 210 226 76 1 437 76 362 151 437 151 1 151 376 151 151 76 301 226 16 151 226 226 76 151 301 287 76 226 151 151 226 76 226 301 301 301 226 1 306 76 151 1 301 210 376 1 376 226 210 76 1 1 76 151 376 437 151 226 227 1 451 1 76 226 437 226 437 15 1 510 226 376 226 301 226 226 226 376 437 151 151 376 210 151 226 151 227 151 360 285 151 362 226 301 362 301 76 226 301 151 437 437 231 376 151 287 285 381 301 376 226 362 226 76 226 376 76 76 1 151 437 301 151 226 76 151 151 1 76 306 301 301 226 76 285 301 151 226 76 362 437 437 301 1 301 376 437 151 76 76 376 362 437 1 151 76 226 76 226 1 285 285 301 151 301 226 437 377 301 151 226 226 437 226 151 76 301 437 301 1 285 301 151 376 362 76 301 287 376 301 76 437 301 151 151 376 362 301 226 151 226 240 226 76 287 226 226 301 301 226 76 376 1 437 437 151 151 378 376 151 437 226 301 76 151 76 362 301 226 301 301 376 376 151 1 376 285 1 301 377 76 437 226 76 151 151 287 210 151 151 301 226 301 376 436 302 226 303 76 301 301 287 376 151 151 1 76 226 151 226 301 301 226 376 376 376 226 285 210 452 151 451 301 151 301 376 151 301 376 226 1 226 226 151 76 226 437 151 381 226 437 301 376 362 437 151 376 301 151 301 1 362 287 151 151 1 226 76 304 285 376 301 226 226 1 380 226 301 151 285 151 151 151 287 226 285 301 302 360 301 301 151 76 1 151 226 285 437 226 226 76 226 376 362 151 285 301 376 151 301 1 301 135 437 301 76 151 301 303 226 301 76 379 301 301 226 285 376 301 362 151 226 228 437 210 226 435 437 226 301 226 76 376 76 76 376 376 437 301 437 1 151 76 90 226 90 376 437 226 151 151 151 287 376 301 511 151 226 376 
c [Main] Lowest label SAT is set to 511.
c [Label = 503] Minimize Makespan Labeling problem (X-can__715.mtx.rnd):
c [Label = 509] Encoding starts with target value = 75:
c [Label = 509] Encoding duration: 15438ms.
c [Label = 509] Number of clauses: 8966579.
c [Label = 509] Number of variables: 1088388.
c [Label = 509] Solving duration: 33879 ms.
s [Label = 509] SAT (w = 75).
c [Label = 509] Label assignment: 1 1 1 1 1 1 1 1 76 76 1 1 1 1 1 1 1 1 1 1 1 1 76 76 76 76 76 76 76 76 76 1 1 1 76 1 1 1 76 151 76 1 1 1 1 151 151 1 1 1 151 1 76 1 1 151 1 76 1 151 151 1 1 1 151 1 1 1 151 76 76 1 1 76 76 76 76 76 76 151 1 1 1 76 76 1 1 1 151 226 151 151 151 1 76 1 76 151 151 1 1 1 226 1 1 1 151 76 1 1 76 151 226 151 226 1 226 76 151 1 151 151 226 151 76 1 1 151 76 76 1 226 76 76 151 226 151 76 76 226 76 1 208 76 1 1 1 226 76 76 76 1 151 76 226 1 76 1 1 76 76 151 76 76 151 151 1 1 151 76 151 76 76 226 360 76 151 1 76 76 151 1 1 226 17 76 76 226 76 167 151 226 1 151 151 301 76 226 76 151 1 151 1 151 76 1 226 1 226 76 1 208 76 151 1 1 226 1 226 76 435 76 301 301 301 1 151 151 76 1 301 151 1 1 151 76 435 151 76 360 1 151 1 76 1 435 76 76 226 360 435 226 1 76 381 433 151 1 76 76 226 301 151 76 226 76 285 226 226 151 226 1 226 76 226 76 151 151 1 1 301 360 360 226 285 301 151 1 435 226 76 151 301 1 1 151 208 226 76 1 435 76 360 151 435 151 1 151 376 151 151 76 301 226 18 151 226 226 76 151 301 285 76 226 151 151 301 76 226 301 301 301 226 1 306 76 151 1 301 208 376 1 376 226 208 76 1 1 76 151 376 435 151 226 227 1 451 1 76 226 435 226 435 17 1 508 226 376 226 301 226 226 226 376 435 151 151 376 208 151 226 151 227 151 358 283 151 360 226 301 360 301 76 226 301 151 435 435 231 376 151 285 283 381 301 376 226 435 226 76 226 376 76 76 1 151 435 301 151 435 76 151 151 1 76 306 301 301 226 76 283 301 151 226 76 360 435 435 301 1 301 376 435 151 76 76 376 360 435 1 151 76 226 76 226 1 283 283 301 151 301 226 435 377 301 151 226 226 435 226 151 76 301 435 301 1 283 301 151 376 360 76 301 285 376 301 76 435 301 151 151 376 360 301 226 151 226 242 226 76 285 226 226 301 301 226 76 376 1 435 435 151 151 378 376 151 435 226 301 76 151 76 360 301 226 301 301 376 376 151 1 376 283 1 301 377 76 435 226 76 151 151 285 208 151 208 301 226 301 376 434 377 226 303 76 301 301 285 376 151 151 1 76 226 151 226 301 301 226 376 376 376 226 283 208 452 151 451 301 151 301 376 151 301 376 226 1 226 226 151 76 226 435 151 381 226 435 301 376 360 435 151 376 301 151 301 1 360 285 151 151 1 226 76 304 283 376 301 226 226 1 380 301 301 151 283 151 151 151 285 226 283 301 302 358 301 301 151 76 1 151 226 283 435 226 226 76 226 376 360 151 283 301 376 151 301 1 301 133 435 301 76 151 301 303 226 301 76 379 301 301 226 283 376 301 360 151 226 228 435 208 226 433 435 226 301 226 76 376 76 76 376 376 435 301 435 1 151 76 92 226 92 376 435 226 151 151 151 285 376 301 509 151 226 376 
c [Label = 510] Encoding starts with target value = 75:
c [Label = 510] Encoding duration: 15504ms.
c [Label = 510] Number of clauses: 8982055.
c [Label = 510] Number of variables: 1089818.
c [Label = 510] Solving duration: 33974 ms.
s [Label = 510] SAT (w = 75).
c [Label = 510] Label assignment: 1 1 1 1 1 1 1 1 76 76 1 1 1 1 1 1 1 1 1 1 1 1 76 76 76 76 76 76 76 76 76 1 1 1 76 1 1 1 76 151 76 1 1 1 1 151 151 1 1 1 151 1 76 1 1 151 1 76 1 151 151 1 1 1 151 1 1 1 151 76 76 1 1 76 76 76 76 76 76 151 1 1 1 76 76 1 1 1 151 226 151 151 151 1 76 1 76 151 151 1 1 1 226 1 1 1 151 76 1 1 76 151 226 151 226 1 226 76 151 1 151 151 226 151 76 1 1 151 76 76 1 226 76 76 151 226 151 76 76 226 76 1 209 76 1 1 1 226 76 76 76 1 151 76 226 1 76 1 1 76 76 151 76 76 151 151 1 1 151 76 151 76 76 226 361 76 151 1 76 76 151 1 1 226 16 76 76 226 76 166 151 301 1 151 151 301 76 226 76 151 1 151 1 151 76 1 226 1 226 76 1 209 76 151 1 1 226 1 226 76 436 76 301 301 301 1 151 151 76 1 301 151 1 1 151 76 436 151 76 361 1 151 1 76 1 436 76 76 226 361 436 226 1 76 381 434 151 1 76 76 226 301 151 76 226 76 436 226 226 151 226 1 226 76 226 76 151 151 1 1 301 361 361 226 286 301 151 1 436 226 76 151 301 1 1 151 209 226 76 1 436 76 361 151 436 151 1 151 376 151 151 76 301 226 17 151 226 226 76 151 301 286 76 226 151 151 226 76 226 301 301 301 226 1 306 76 151 1 301 209 376 1 376 226 209 76 1 1 76 151 376 436 151 226 227 1 451 1 76 226 436 226 436 16 1 509 226 376 226 301 226 226 226 376 436 151 151 376 209 151 226 151 227 151 359 284 151 361 226 301 361 301 76 226 301 151 436 436 231 376 151 286 284 381 301 376 226 361 226 76 226 376 76 76 1 151 436 301 151 226 76 151 151 1 76 306 301 301 226 76 284 301 151 226 76 361 436 436 301 1 301 376 436 151 76 76 376 361 436 1 151 76 226 76 226 1 284 284 301 151 301 226 436 377 301 151 226 226 436 226 151 76 301 436 301 1 284 301 151 376 361 76 301 286 376 301 76 436 301 151 151 376 361 301 226 151 226 241 226 76 286 226 226 301 301 226 76 376 1 436 436 151 151 378 376 151 436 226 301 76 151 76 361 301 226 301 301 376 376 151 1 376 284 1 301 377 76 436 226 76 151 151 286 209 151 151 301 226 301 376 435 302 226 303 76 301 301 286 376 151 151 1 76 226 151 226 301 301 226 376 376 376 226 284 209 452 151 451 301 151 301 376 151 301 376 226 1 226 226 151 76 226 436 151 381 226 436 301 376 361 436 151 376 301 151 301 1 361 286 151 151 1 226 76 304 284 376 301 226 226 1 380 226 301 151 284 151 151 151 286 226 284 301 302 359 301 301 151 76 1 151 226 284 436 226 226 76 226 376 361 151 284 301 376 151 301 1 301 134 436 301 76 151 301 303 226 301 76 379 301 301 226 284 376 301 361 151 226 228 436 209 226 434 436 226 301 226 76 376 76 76 376 376 436 301 436 1 151 76 91 226 91 376 436 226 151 151 151 286 376 301 510 151 226 376 
c [Main] Lowest label SAT is set to 509.
c [Main] Kill higher label pid 510.
c [Label = 502] Minimize Makespan Labeling problem (X-can__715.mtx.rnd):
c [Label = 501] Minimize Makespan Labeling problem (X-can__715.mtx.rnd):
c [Label = 507] Encoding starts with target value = 75:
c [Label = 507] Encoding duration: 14993ms.
c [Label = 507] Number of clauses: 8935628.
c [Label = 507] Number of variables: 1085528.
c [Label = 507] Solving duration: 33805 ms.
s [Label = 507] SAT (w = 75).
c [Label = 507] Label assignment: 1 1 1 1 1 1 1 1 76 76 1 1 1 1 1 1 1 1 1 1 1 1 76 76 76 76 76 76 76 76 76 1 1 1 76 1 1 1 76 151 76 1 1 1 1 151 151 1 1 1 151 1 76 1 1 151 1 76 1 151 151 1 1 1 151 1 1 1 151 76 76 1 1 76 76 76 76 76 76 151 1 1 1 76 76 1 1 1 151 226 151 151 151 1 76 1 76 151 151 1 1 1 226 1 1 1 151 76 1 1 76 151 226 151 226 1 226 76 151 1 151 151 226 151 76 1 1 151 76 76 1 226 76 76 151 226 151 76 76 226 76 1 206 76 1 1 1 226 76 76 76 1 151 76 226 1 76 1 1 76 76 151 76 76 151 151 1 1 151 76 151 76 76 226 358 76 151 1 76 76 151 1 1 226 19 76 76 226 76 169 151 301 1 151 151 301 76 226 76 151 1 151 1 151 76 1 226 1 226 76 1 206 76 151 1 1 226 1 226 76 433 76 301 301 301 1 151 151 76 1 301 151 1 1 151 76 433 151 76 358 1 151 1 76 1 433 76 76 226 358 433 226 1 76 381 431 151 1 76 76 226 301 151 76 226 76 433 226 226 151 226 1 226 76 226 76 151 151 1 1 301 358 358 226 283 301 151 1 433 226 76 151 301 1 1 151 206 226 76 1 433 76 358 151 433 151 1 151 376 151 151 76 301 226 20 151 226 226 76 151 301 283 76 226 151 151 226 76 226 301 301 301 226 1 306 76 151 1 301 206 376 1 376 226 206 76 1 1 76 151 376 433 151 226 227 1 451 1 76 226 433 226 433 19 1 506 226 376 226 301 226 226 226 376 433 151 151 376 206 151 226 151 227 151 356 281 151 358 226 301 358 301 76 226 301 151 433 433 231 376 151 283 281 381 301 376 226 358 226 76 226 376 76 76 1 151 433 301 151 226 76 151 151 1 76 306 301 301 226 76 281 301 151 226 76 358 433 433 301 1 301 376 433 151 76 76 376 358 433 1 151 76 226 76 226 1 281 281 301 151 301 226 433 377 301 151 226 226 433 226 151 76 301 433 301 1 281 301 151 376 358 76 301 283 376 301 76 433 301 151 151 376 358 301 226 151 226 244 226 76 283 226 226 301 301 226 76 376 1 433 433 151 151 378 376 151 433 226 301 76 151 76 358 301 226 301 301 376 376 151 1 376 281 1 301 377 76 433 226 76 151 151 283 206 151 151 301 226 301 376 432 302 226 303 76 301 301 283 376 151 151 1 76 226 151 226 301 301 226 376 376 376 226 281 206 452 151 451 301 151 301 376 151 301 376 226 1 226 226 151 76 226 433 151 381 226 433 301 376 358 433 151 376 301 151 301 1 358 283 151 151 1 226 76 304 281 376 301 226 226 1 380 226 301 151 281 151 151 151 283 226 281 301 302 356 301 301 151 76 1 151 226 281 433 226 226 76 226 376 358 151 281 301 376 151 301 1 301 131 433 301 76 151 301 303 226 301 76 379 301 301 226 281 376 301 358 151 226 228 433 206 226 431 433 226 301 226 76 376 76 76 376 376 433 301 433 1 151 76 94 226 94 376 433 226 151 151 151 283 376 301 507 151 226 376 
c [Label = 508] Encoding starts with target value = 75:
c [Label = 508] Encoding duration: 15232ms.
c [Label = 508] Number of clauses: 8951104.
c [Label = 508] Number of variables: 1086958.
c [Label = 508] Solving duration: 34036 ms.
s [Label = 508] SAT (w = 75).
c [Label = 508] Label assignment: 1 1 1 1 1 1 1 1 76 76 1 1 1 1 1 1 1 1 1 1 1 1 76 76 76 76 76 76 76 76 76 1 1 1 76 1 1 1 76 151 76 1 1 1 1 151 151 1 1 1 151 1 76 1 1 151 1 76 1 151 151 1 1 1 151 1 1 1 151 76 76 1 1 76 76 76 76 76 76 151 1 1 1 76 76 1 1 1 151 226 151 151 151 1 76 1 76 151 151 1 1 1 226 1 1 1 151 76 1 1 76 151 226 151 226 1 226 76 151 1 151 151 226 151 76 1 1 151 76 76 1 226 76 76 151 226 151 76 76 226 76 1 209 76 1 1 1 226 76 76 76 1 151 76 226 1 76 1 1 76 76 151 76 76 151 151 1 1 151 76 151 76 284 226 359 76 151 1 76 76 151 1 1 226 59 76 76 226 76 209 151 342 1 151 151 301 76 226 76 151 1 151 1 151 76 1 226 1 226 76 1 207 76 151 1 1 226 1 226 76 434 76 301 301 301 1 151 151 76 1 301 151 1 1 151 76 434 151 76 359 1 151 1 76 1 434 76 76 226 359 434 226 1 76 381 134 151 1 76 76 226 301 151 76 226 76 434 226 226 151 226 1 226 76 226 76 151 151 1 1 301 359 359 226 284 301 151 1 434 226 76 151 301 1 1 151 207 226 76 1 434 76 359 151 434 151 1 151 417 151 151 76 301 226 59 151 226 226 76 151 301 284 76 226 151 151 267 76 226 301 301 301 226 1 306 76 151 1 301 207 376 1 376 226 207 76 1 1 76 151 376 434 151 226 227 1 492 1 76 226 434 226 434 59 1 507 226 376 226 301 226 226 226 376 434 151 151 376 207 151 226 151 227 151 357 282 151 359 226 301 359 342 76 226 301 151 434 434 231 376 151 284 284 381 301 376 226 359 226 76 226 417 76 76 1 151 434 301 151 226 76 151 151 1 76 306 301 301 226 76 282 301 151 226 76 359 434 434 301 1 301 376 434 151 76 76 376 357 434 1 151 76 226 76 226 1 282 282 301 151 301 226 434 377 301 151 226 226 434 226 151 76 301 434 301 1 284 301 151 376 359 76 301 284 376 301 432 434 301 151 151 376 359 301 226 151 226 284 226 76 284 226 226 301 301 226 76 376 1 434 434 151 151 378 376 151 434 226 301 76 151 76 359 301 226 301 301 376 376 151 1 376 282 1 301 377 76 434 226 76 151 151 284 209 151 192 301 226 301 376 434 302 226 303 76 301 301 284 376 151 151 1 76 226 151 226 301 301 226 376 376 376 226 282 209 452 151 492 301 151 301 376 151 301 376 226 1 226 226 151 76 226 434 151 381 226 434 301 376 359 434 151 376 301 151 301 1 359 282 151 151 1 226 76 304 282 376 301 226 226 1 380 227 301 151 284 151 151 192 284 226 284 301 302 359 301 301 151 76 1 151 226 282 434 226 226 76 226 376 359 151 282 301 376 151 301 1 301 132 434 301 76 151 301 303 226 301 76 379 301 301 226 282 376 301 359 151 226 228 434 209 226 432 434 226 301 267 76 376 76 76 376 376 434 301 434 1 151 76 134 226 134 376 434 226 151 151 151 284 376 301 508 151 226 376 
c [Main] Lowest label SAT is set to 507.
c [Main] Kill higher label pid 508.
c [Label = 500] Minimize Makespan Labeling problem (X-can__715.mtx.rnd):
c [Label = 499] Minimize Makespan Labeling problem (X-can__715.mtx.rnd):
c [Label = 506] Encoding starts with target value = 75:
c [Label = 506] Encoding duration: 15099ms.
c [Label = 506] Number of clauses: 8920153.
c [Label = 506] Number of variables: 1084098.
c [Label = 506] Solving duration: 34102 ms.
s [Label = 506] SAT (w = 75).
c [Label = 506] Label assignment: 1 1 1 1 1 1 1 1 76 76 1 1 1 1 1 1 1 1 1 1 1 1 76 76 76 76 76 76 76 76 76 1 1 1 76 1 1 1 76 151 76 1 1 1 1 151 151 1 1 1 151 1 76 1 1 151 1 76 1 151 151 1 1 1 151 1 1 1 151 76 76 1 1 76 76 76 76 76 76 151 1 1 1 76 76 1 1 1 151 226 151 151 151 1 76 1 76 151 151 1 1 1 226 1 1 1 151 76 1 1 76 151 226 151 226 1 226 76 151 1 151 151 226 151 76 1 1 151 76 76 1 226 76 76 151 226 151 76 76 226 76 1 205 76 1 1 1 226 76 76 76 1 151 76 226 1 76 1 1 76 76 151 76 76 151 151 1 1 151 76 151 76 76 226 357 76 151 1 76 76 151 1 1 226 20 76 76 226 76 171 151 226 1 151 151 301 76 226 76 151 1 151 1 151 76 1 226 1 226 76 1 205 76 151 1 1 226 1 226 76 432 76 301 301 301 1 151 151 76 1 301 151 1 1 151 76 432 151 76 357 1 151 1 76 1 432 76 76 226 357 432 226 1 76 381 430 151 1 76 76 226 301 151 76 226 76 282 226 226 151 226 1 226 76 226 76 151 151 1 1 301 357 357 226 282 301 151 1 432 226 76 151 301 1 1 151 205 226 76 1 432 76 357 151 432 151 1 151 376 151 151 76 301 226 21 151 226 226 76 151 301 282 76 226 151 151 301 76 226 301 301 301 226 1 306 76 151 1 301 205 376 1 376 226 205 76 1 1 76 151 376 432 151 226 227 1 451 1 76 226 432 226 432 21 1 505 226 376 226 301 226 226 226 376 432 151 151 376 205 151 226 151 227 151 355 280 151 357 226 301 357 301 76 226 301 151 432 432 231 376 151 282 280 381 301 376 226 432 226 76 226 376 76 76 1 151 432 301 151 432 76 151 151 1 76 306 301 301 226 76 280 301 151 226 76 357 432 432 301 1 301 376 432 151 76 76 376 357 432 1 151 76 226 76 226 1 280 280 301 151 301 226 432 377 301 151 226 226 432 226 151 76 301 432 301 1 280 301 151 376 357 76 301 282 376 301 76 432 301 151 151 376 357 301 226 151 226 246 226 76 282 226 226 301 301 226 76 376 1 432 432 151 151 378 376 151 432 226 301 76 151 76 357 301 226 301 301 376 376 151 1 376 280 1 301 377 76 432 226 76 151 151 282 205 151 205 301 226 301 376 431 377 226 303 76 301 301 282 376 151 151 1 76 226 151 226 301 301 226 376 376 376 226 280 205 452 151 451 301 151 301 376 151 301 376 226 1 226 226 151 76 226 432 151 381 226 432 301 376 357 432 151 376 301 151 301 1 357 282 151 151 1 226 76 304 280 376 301 226 226 1 380 301 301 151 280 151 151 151 282 226 280 301 302 355 301 301 151 76 1 151 226 280 432 226 226 76 226 376 357 151 280 301 376 151 301 1 301 130 432 301 76 151 301 303 226 301 76 379 301 301 226 280 376 301 357 151 226 228 432 205 226 430 432 226 301 226 76 376 76 76 376 376 432 301 432 1 151 76 95 226 96 376 432 226 151 151 151 282 376 301 506 151 226 376 
c [Main] Lowest label SAT is set to 506.
c [Label = 498] Minimize Makespan Labeling problem (X-can__715.mtx.rnd):
c [Label = 505] Encoding starts with target value = 75:
c [Label = 505] Encoding duration: 14939ms.
c [Label = 505] Number of clauses: 8904677.
c [Label = 505] Number of variables: 1082668.
c [Label = 505] Solving duration: 34822 ms.
s [Label = 505] SAT (w = 75).
c [Label = 505] Label assignment: 1 1 1 1 1 1 1 1 76 76 1 1 1 1 1 1 1 1 1 1 1 1 76 76 76 76 76 76 76 76 76 1 1 1 76 1 1 1 76 151 76 1 1 1 1 151 151 1 1 1 151 1 76 1 1 151 1 76 1 151 151 1 1 1 151 1 1 1 151 76 76 1 1 76 76 76 76 76 76 151 1 1 1 76 76 1 1 1 151 226 151 151 151 1 76 1 76 151 151 1 1 1 226 1 1 1 151 76 1 1 76 151 226 151 226 1 226 76 151 1 151 151 226 151 76 1 1 151 76 76 1 226 76 76 151 226 151 76 76 226 76 1 204 76 1 1 1 226 76 76 76 1 151 76 226 1 76 1 1 76 76 151 76 76 151 151 1 1 151 76 151 76 76 226 356 76 151 1 76 76 151 1 1 226 21 76 76 226 76 171 151 301 1 151 151 301 76 226 76 151 1 151 1 151 76 1 226 1 226 76 1 204 76 151 1 1 226 1 226 76 431 76 301 301 301 1 151 151 76 1 301 151 1 1 151 76 431 151 76 356 1 151 1 76 1 431 76 76 226 356 431 226 1 76 381 429 151 1 76 76 226 301 151 76 226 76 431 226 226 151 226 1 226 76 226 76 151 151 1 1 301 356 356 226 281 301 151 1 431 226 76 151 301 1 1 151 204 226 76 1 431 76 356 151 431 151 1 151 376 151 151 76 301 226 22 151 226 226 76 151 301 281 76 226 151 151 226 76 226 301 301 301 226 1 306 76 151 1 301 204 376 1 376 226 204 76 1 1 76 151 376 431 151 226 227 1 451 1 76 226 431 226 431 21 1 504 226 376 226 301 226 226 226 376 431 151 151 376 204 151 226 151 227 151 354 279 151 356 226 301 356 301 76 226 301 151 431 431 231 376 151 281 279 381 301 376 226 356 226 76 226 376 76 76 1 151 431 301 151 226 76 151 151 1 76 306 301 301 226 76 279 301 151 226 76 356 431 431 301 1 301 376 431 151 76 76 376 356 431 1 151 76 226 76 226 1 279 279 301 151 301 226 431 377 301 151 226 226 431 226 151 76 301 431 301 1 279 301 151 376 356 76 301 281 376 301 76 431 301 151 151 376 356 301 226 151 226 246 226 76 281 226 226 301 301 226 76 376 1 431 431 151 151 378 376 151 431 226 301 76 151 76 356 301 226 301 301 376 376 151 1 376 279 1 301 377 76 431 226 76 151 151 281 204 151 151 301 226 301 376 430 302 226 303 76 301 301 281 376 151 151 1 76 226 151 226 301 301 226 376 376 376 226 279 204 452 151 451 301 151 301 376 151 301 376 226 1 226 226 151 76 226 431 151 381 226 431 301 376 356 431 151 376 301 151 301 1 356 281 151 151 1 226 76 304 279 376 301 226 226 1 380 226 301 151 279 151 151 151 281 226 279 301 302 354 301 301 151 76 1 151 226 279 431 226 226 76 226 376 356 151 279 301 376 151 301 1 301 129 431 301 76 151 301 303 226 301 76 379 301 301 226 279 376 301 356 151 226 228 431 204 226 429 431 226 301 226 76 376 76 76 376 376 431 301 431 1 151 76 96 226 96 376 431 226 151 151 151 281 376 301 505 151 226 376 
c [Main] Lowest label SAT is set to 505.
c [Label = 497] Minimize Makespan Labeling problem (X-can__715.mtx.rnd):
c [Label = 503] Encoding starts with target value = 75:
c [Label = 503] Encoding duration: 14935ms.
c [Label = 503] Number of clauses: 8873726.
c [Label = 503] Number of variables: 1079808.
c [Label = 503] Solving duration: 33610 ms.
s [Label = 503] SAT (w = 75).
c [Label = 503] Label assignment: 1 1 1 1 1 1 1 1 76 76 1 1 1 1 1 1 1 1 1 1 1 1 76 76 76 76 76 76 76 76 76 1 1 1 76 1 1 1 76 151 76 1 1 1 1 151 151 1 1 1 151 1 76 1 1 151 1 76 1 151 151 1 1 1 151 1 1 1 151 76 76 1 1 76 76 76 76 76 76 151 1 1 1 76 76 1 1 1 151 226 151 151 151 1 76 1 76 151 151 1 1 1 226 1 1 1 151 76 1 1 76 151 226 151 226 1 226 76 151 1 151 151 226 151 76 1 1 151 76 76 1 226 76 76 151 226 151 76 76 226 76 1 202 76 1 1 1 226 76 76 76 1 151 76 226 1 76 1 1 76 76 151 76 76 151 151 1 1 151 76 151 76 76 226 354 76 151 1 76 76 151 1 1 226 23 76 76 226 76 173 151 301 1 151 151 301 76 226 76 151 1 151 1 151 76 1 226 1 226 76 1 202 76 151 1 1 226 1 226 76 429 76 301 301 301 1 151 151 76 1 301 151 1 1 151 76 429 151 76 354 1 151 1 76 1 429 76 76 226 354 429 226 1 76 381 427 151 1 76 76 226 301 151 76 226 76 429 226 226 151 226 1 226 76 226 76 151 151 1 1 301 354 354 226 279 301 151 1 429 226 76 151 301 1 1 151 202 226 76 1 429 76 354 151 429 151 1 151 376 151 151 76 301 226 24 151 226 226 76 151 301 279 76 226 151 151 226 76 226 301 301 301 226 1 306 76 151 1 301 202 376 1 376 226 202 76 1 1 76 151 376 429 151 226 227 1 451 1 76 226 429 226 429 23 1 502 226 376 226 301 226 226 226 376 429 151 151 376 202 151 226 151 227 151 352 277 151 354 226 301 354 301 76 226 301 151 429 429 231 376 151 279 277 381 301 376 226 354 226 76 226 376 76 76 1 151 429 301 151 226 76 151 151 1 76 306 301 301 226 76 277 301 151 226 76 354 429 429 301 1 301 376 429 151 76 76 376 354 429 1 151 76 226 76 226 1 277 277 301 151 301 226 429 377 301 151 226 226 429 226 151 76 301 429 301 1 277 301 151 376 354 76 301 279 376 301 76 429 301 151 151 376 354 301 226 151 226 248 226 76 279 226 226 301 301 226 76 376 1 429 429 151 151 378 376 151 429 226 301 76 151 76 354 301 226 301 301 376 376 151 1 376 277 1 301 377 76 429 226 76 151 151 279 202 151 151 301 226 301 376 428 302 226 303 76 301 301 279 376 151 151 1 76 226 151 226 301 301 226 376 376 376 226 277 202 452 151 451 301 151 301 376 151 301 376 226 1 226 226 151 76 226 429 151 381 226 429 301 376 354 429 151 376 301 151 301 1 354 279 151 151 1 226 76 304 277 376 301 226 226 1 380 226 301 151 277 151 151 151 279 226 277 301 302 352 301 301 151 76 1 151 226 277 429 226 226 76 226 376 354 151 277 301 376 151 301 1 301 127 429 301 76 151 301 303 226 301 76 379 301 301 226 277 376 301 354 151 226 228 429 202 226 427 429 226 301 226 76 376 76 76 376 376 429 301 429 1 151 76 98 226 98 376 429 226 151 151 151 279 376 301 503 151 226 376 
c [Main] Lowest label SAT is set to 503.
c [Main] Kill higher label pid 504.
c [Label = 504] Encoding starts with target value = 75:
c [Label = 504] Encoding duration: 15659ms.
c [Label = 504] Number of clauses: 8889202.
c [Label = 504] Number of variables: 1081238.
c [Label = 504] Solving duration: 33975 ms.
s [Label = 504] SAT (w = 75).
c [Label = 504] Label assignment: 1 1 1 1 1 1 1 1 76 76 1 1 1 1 1 1 1 1 1 1 1 1 76 76 76 76 76 76 76 76 76 1 1 1 76 1 1 1 76 151 76 1 1 1 1 151 151 1 1 1 151 1 76 1 1 151 1 76 1 151 151 1 1 1 151 1 1 1 151 76 76 1 1 76 76 76 76 76 76 151 1 1 1 76 76 1 1 1 151 226 151 151 151 1 76 1 76 151 151 1 1 1 226 1 1 1 151 76 1 1 76 151 226 151 226 1 226 76 151 1 151 151 226 151 76 1 1 151 76 76 1 226 76 76 151 226 151 76 76 226 76 1 203 76 1 1 1 226 76 76 76 1 151 76 226 1 76 1 1 76 76 151 76 76 151 151 1 1 151 76 151 76 76 226 355 76 151 1 76 76 151 1 1 226 23 76 76 226 76 173 151 302 1 151 151 301 76 226 76 151 1 151 1 151 76 1 226 1 226 76 1 203 76 151 1 1 226 1 226 76 430 76 301 301 301 1 151 151 76 1 301 151 1 1 151 76 430 151 76 355 1 151 1 76 1 430 76 76 226 355 430 226 1 76 381 428 151 1 76 76 226 301 151 76 226 76 430 226 226 151 226 1 226 76 226 76 151 151 1 1 301 355 355 226 280 301 151 1 430 226 76 151 301 1 1 151 203 226 76 1 430 76 355 151 430 151 1 151 377 151 151 76 301 226 23 151 226 226 76 151 301 280 76 226 151 151 227 76 226 301 301 301 226 1 306 76 151 1 301 203 376 1 376 226 203 76 1 1 76 151 376 430 151 226 227 1 452 1 76 226 430 226 430 23 1 503 226 376 226 301 226 226 226 376 430 151 151 376 203 151 226 151 227 151 353 278 151 355 226 301 355 302 76 226 301 151 430 430 231 376 151 280 278 381 301 376 226 355 226 76 226 377 76 76 1 151 430 301 151 226 76 151 151 1 76 306 301 301 226 76 278 301 151 226 76 355 430 430 301 1 301 376 430 151 76 76 376 355 430 1 151 76 226 76 226 1 278 278 301 151 301 226 430 377 301 151 226 226 430 226 151 76 301 430 301 1 278 301 151 376 355 76 301 280 376 301 76 430 301 151 151 376 355 301 226 151 226 248 226 76 280 226 226 301 301 226 76 376 1 430 430 151 151 378 376 151 430 226 301 76 151 76 355 301 226 301 301 376 376 151 1 376 278 1 301 377 76 430 226 76 151 151 280 203 151 152 301 226 301 376 429 302 226 303 76 301 301 280 376 151 151 1 76 226 151 226 301 301 226 376 376 376 226 278 203 452 151 452 301 151 301 376 151 301 376 226 1 226 226 151 76 226 430 151 381 226 430 301 376 355 430 151 376 301 151 301 1 355 280 151 151 1 226 76 304 278 376 301 226 226 1 380 227 301 151 278 151 151 152 280 226 278 301 302 353 301 301 151 76 1 151 226 278 430 226 226 76 226 376 355 151 278 301 376 151 301 1 301 128 430 301 76 151 301 303 226 301 76 379 301 301 226 278 376 301 355 151 226 228 430 203 226 428 430 226 301 227 76 376 76 76 376 376 430 301 430 1 151 76 98 226 98 376 430 226 151 151 151 280 376 301 504 151 226 376 
c [Signal] Signal interruption. Caught signal: SIGTERM (15).
c [Label = 496] Minimize Makespan Labeling problem (X-can__715.mtx.rnd):
c [Main] Child pid 504 - 105715 terminated by signal 15.
c [Label = 495] Minimize Makespan Labeling problem (X-can__715.mtx.rnd):
c [Label = 502] Encoding starts with target value = 75:
c [Label = 502] Encoding duration: 15488ms.
c [Label = 502] Number of clauses: 8858251.
c [Label = 502] Number of variables: 1078378.
c [Label = 502] Solving duration: 33892 ms.
s [Label = 502] SAT (w = 75).
c [Label = 502] Label assignment: 1 1 1 1 1 1 1 1 76 76 1 1 1 1 1 1 1 1 1 1 1 1 76 76 76 76 76 76 76 76 76 1 1 1 76 1 1 1 76 151 76 1 1 1 1 151 151 1 1 1 151 1 76 1 1 151 1 76 1 151 151 1 1 1 151 1 1 1 151 76 76 1 1 76 76 76 76 76 76 151 1 1 1 76 76 1 1 1 151 226 151 151 151 1 76 1 76 151 151 1 1 1 226 1 1 1 151 76 1 1 76 151 226 151 226 1 226 76 151 1 151 151 226 151 76 1 1 151 76 76 1 226 76 76 151 226 151 76 76 226 76 1 203 76 1 1 1 226 76 76 76 1 151 76 226 1 76 1 1 76 76 151 76 76 151 151 1 1 151 76 151 76 278 226 353 76 151 1 76 76 151 1 1 226 53 76 76 226 76 203 151 330 1 151 151 301 76 226 76 151 1 151 1 151 76 1 226 1 226 76 1 201 76 151 1 1 226 1 226 76 428 76 301 301 301 1 151 151 76 1 301 151 1 1 151 76 428 151 76 353 1 151 1 76 1 428 76 76 226 353 428 226 1 76 381 128 151 1 76 76 226 301 151 76 226 76 428 226 226 151 226 1 226 76 226 76 151 151 1 1 301 353 353 226 278 301 151 1 428 226 76 151 301 1 1 151 201 226 76 1 428 76 353 151 428 151 1 151 405 151 151 76 301 226 53 151 226 226 76 151 301 278 76 226 151 151 255 76 226 301 301 301 226 1 306 76 151 1 301 201 376 1 376 226 201 76 1 1 76 151 376 428 151 226 227 1 480 1 76 226 428 226 428 53 1 501 226 376 226 301 226 226 226 376 428 151 151 376 201 151 226 151 227 151 351 276 151 353 226 301 353 330 76 226 301 151 428 428 231 376 151 278 278 381 301 376 226 353 226 76 226 405 76 76 1 151 428 301 151 226 76 151 151 1 76 306 301 301 226 76 276 301 151 226 76 353 428 428 301 1 301 376 428 151 76 76 376 351 428 1 151 76 226 76 226 1 276 276 301 151 301 226 428 377 301 151 226 226 428 226 151 76 301 428 301 1 278 301 151 376 353 76 301 278 376 301 426 428 301 151 151 376 353 301 226 151 226 278 226 76 278 226 226 301 301 226 76 376 1 428 428 151 151 378 376 151 428 226 301 76 151 76 353 301 226 301 301 376 376 151 1 376 276 1 301 377 76 428 226 76 151 151 278 203 151 180 301 226 301 376 428 302 226 303 76 301 301 278 376 151 151 1 76 226 151 226 301 301 226 376 376 376 226 276 203 452 151 480 301 151 301 376 151 301 376 226 1 226 226 151 76 226 428 151 381 226 428 301 376 353 428 151 376 301 151 301 1 353 276 151 151 1 226 76 304 276 376 301 226 226 1 380 227 301 151 278 151 151 180 278 226 278 301 302 353 301 301 151 76 1 151 226 276 428 226 226 76 226 376 353 151 276 301 376 151 301 1 301 126 428 301 76 151 301 303 226 301 76 379 301 301 226 276 376 301 353 151 226 228 428 203 226 426 428 226 301 255 76 376 76 76 376 376 428 301 428 1 151 76 128 226 128 376 428 226 151 151 151 278 376 301 502 151 226 376 
c [Label = 501] Encoding starts with target value = 75:
c [Label = 501] Encoding duration: 15458ms.
c [Label = 501] Number of clauses: 8842775.
c [Label = 501] Number of variables: 1076948.
c [Label = 501] Solving duration: 34001 ms.
s [Label = 501] SAT (w = 75).
c [Label = 501] Label assignment: 1 1 1 1 1 1 1 1 76 76 1 1 1 1 1 1 1 1 1 1 1 1 76 76 76 76 76 76 76 76 76 1 1 1 76 1 1 1 76 151 76 1 1 1 1 151 151 1 1 1 151 1 76 1 1 151 1 76 1 151 151 1 1 1 151 1 1 1 151 76 76 1 1 76 76 76 76 76 76 151 1 1 1 76 76 1 1 1 151 226 151 151 151 1 76 1 76 151 151 1 1 1 226 1 1 1 151 76 1 1 76 151 226 151 226 1 226 76 151 1 151 151 226 151 76 1 1 151 76 76 1 226 76 76 151 226 151 76 76 226 76 1 200 76 1 1 1 226 76 76 76 1 151 76 226 1 76 1 1 76 76 151 76 76 151 151 1 1 151 76 151 76 76 226 352 76 151 1 76 76 151 1 1 226 25 76 76 226 76 175 151 226 1 151 151 301 76 226 76 151 1 151 1 151 76 1 226 1 226 76 1 200 76 151 1 1 226 1 226 76 427 76 301 301 301 1 151 151 76 1 301 151 1 1 151 76 427 151 76 352 1 151 1 76 1 427 76 76 226 352 427 226 1 76 381 425 151 1 76 76 226 301 151 76 226 76 277 226 226 151 226 1 226 76 226 76 151 151 1 1 301 352 352 226 277 301 151 1 427 226 76 151 301 1 1 151 200 226 76 1 427 76 352 151 427 151 1 151 376 151 151 76 301 226 26 151 226 226 76 151 301 277 76 226 151 151 301 76 226 301 301 301 226 1 306 76 151 1 301 200 376 1 376 226 200 76 1 1 76 151 376 427 151 226 227 1 451 1 76 226 427 226 427 25 1 500 226 376 226 301 226 226 226 376 427 151 151 376 200 151 226 151 227 151 350 275 151 352 226 301 352 301 76 226 301 151 427 427 231 376 151 277 275 381 301 376 226 427 226 76 226 376 76 76 1 151 427 301 151 427 76 151 151 1 76 306 301 301 226 76 275 301 151 226 76 352 427 427 301 1 301 376 427 151 76 76 376 352 427 1 151 76 226 76 226 1 275 275 301 151 301 226 427 377 301 151 226 226 427 226 151 76 301 427 301 1 275 301 151 376 352 76 301 277 376 301 76 427 301 151 151 376 352 301 226 151 226 250 226 76 277 226 226 301 301 226 76 376 1 427 427 151 151 378 376 151 427 226 301 76 151 76 352 301 226 301 301 376 376 151 1 376 275 1 301 377 76 427 226 76 151 151 277 200 151 200 301 226 301 376 426 377 226 303 76 301 301 277 376 151 151 1 76 226 151 226 301 301 226 376 376 376 226 275 200 452 151 451 301 151 301 376 151 301 376 226 1 226 226 151 76 226 427 151 381 226 427 301 376 352 427 151 376 301 151 301 1 352 277 151 151 1 226 76 304 275 376 301 226 226 1 380 301 301 151 275 151 151 151 277 226 275 301 302 350 301 301 151 76 1 151 226 275 427 226 226 76 226 376 352 151 275 301 376 151 301 1 301 125 427 301 76 151 301 303 226 301 76 379 301 301 226 275 376 301 352 151 226 228 427 200 226 425 427 226 301 226 76 376 76 76 376 376 427 301 427 1 151 76 100 226 100 376 427 226 151 151 151 277 376 301 501 151 226 376 
c [Main] Lowest label SAT is set to 502.
c [Label = 494] Minimize Makespan Labeling problem (X-can__715.mtx.rnd):
c [Main] Lowest label SAT is set to 501.
c [Label = 493] Minimize Makespan Labeling problem (X-can__715.mtx.rnd):
c [Label = 499] Encoding starts with target value = 75:
c [Label = 499] Encoding duration: 14605ms.
c [Label = 499] Number of clauses: 8811824.
c [Label = 499] Number of variables: 1074088.
c [Label = 499] Solving duration: 33490 ms.
s [Label = 499] SAT (w = 75).
c [Label = 499] Label assignment: 1 1 1 1 1 1 1 1 76 76 1 1 1 1 1 1 1 1 1 1 1 1 76 76 76 76 76 76 76 76 76 1 1 1 76 1 1 1 76 151 76 1 1 1 1 151 151 1 1 1 151 1 76 1 1 151 1 76 1 151 151 1 1 1 151 1 1 1 151 76 76 1 1 76 76 76 76 76 76 151 1 1 1 76 76 1 1 1 151 226 151 151 151 1 76 1 76 151 151 1 1 1 226 1 1 1 151 76 1 1 76 151 226 151 226 1 226 76 151 1 151 151 226 151 76 1 1 151 76 76 1 226 76 76 151 226 151 76 76 226 76 1 200 76 1 1 1 226 76 76 76 1 151 76 226 1 76 1 1 76 76 151 76 76 151 151 1 1 151 76 151 76 275 226 350 76 151 1 76 76 151 1 1 226 50 76 76 226 76 200 151 324 1 151 151 301 76 226 76 151 1 151 1 151 76 1 226 1 226 76 1 198 76 151 1 1 226 1 226 76 425 76 301 301 301 1 151 151 76 1 301 151 1 1 151 76 425 151 76 350 1 151 1 76 1 425 76 76 226 350 425 226 1 76 381 125 151 1 76 76 226 301 151 76 226 76 425 226 226 151 226 1 226 76 226 76 151 151 1 1 301 350 350 226 275 301 151 1 425 226 76 151 301 1 1 151 198 226 76 1 425 76 350 151 425 151 1 151 174 151 151 76 301 226 50 151 226 226 76 151 301 275 76 226 151 151 249 76 226 301 301 301 226 1 306 76 151 1 301 198 376 1 376 226 198 76 1 1 76 151 376 425 151 226 227 1 474 1 76 226 425 226 425 50 1 498 226 376 226 301 226 226 226 376 425 151 151 376 198 151 226 151 227 151 348 273 151 350 226 301 350 324 76 226 301 151 425 425 231 376 151 275 275 381 301 376 249 324 226 76 226 399 76 76 1 151 425 301 151 226 76 151 151 1 76 306 301 301 226 76 273 301 151 226 76 350 425 425 301 1 301 376 425 151 76 76 376 348 425 1 151 76 226 76 226 1 273 273 301 151 301 226 425 377 301 151 226 226 425 226 151 76 301 425 301 1 275 301 151 376 350 76 301 275 376 301 423 425 301 151 151 376 350 301 226 151 226 275 226 76 275 226 226 301 301 226 76 376 1 425 425 151 151 378 376 151 425 226 301 76 151 76 350 301 226 301 301 376 376 151 1 376 273 1 301 377 76 425 226 76 151 151 275 200 151 174 301 226 301 376 425 324 226 303 76 301 301 275 376 151 151 1 76 226 151 226 301 301 226 376 376 376 226 273 200 452 151 474 301 151 301 376 151 301 376 226 1 226 226 151 76 226 425 151 381 226 425 301 376 350 425 151 376 301 151 301 1 350 273 151 151 1 226 76 304 273 376 301 226 226 1 380 249 301 151 275 151 151 399 275 226 275 301 302 350 301 301 151 76 1 151 226 273 425 226 226 76 226 376 350 151 273 301 376 151 301 1 301 123 425 301 76 151 301 303 226 301 76 379 301 301 226 273 376 301 350 151 226 228 425 200 226 423 425 226 301 249 76 376 76 76 376 376 425 301 425 1 151 76 125 226 125 376 425 226 151 151 151 275 376 301 499 151 226 376 
c [Main] Lowest label SAT is set to 499.
c [Main] Kill higher label pid 500.
c [Label = 500] Encoding starts with target value = 75:
c [Label = 500] Encoding duration: 15181ms.
c [Label = 500] Number of clauses: 8827300.
c [Label = 500] Number of variables: 1075518.
c [Label = 500] Solving duration: 34245 ms.
s [Label = 500] SAT (w = 75).
c [Label = 500] Label assignment: 1 1 1 1 1 1 1 1 76 76 1 1 1 1 1 1 1 1 1 1 1 1 76 76 76 76 76 76 76 76 76 1 1 1 76 1 1 1 76 151 76 1 1 1 1 151 151 1 1 1 151 1 76 1 1 151 1 76 1 151 151 1 1 1 151 1 1 1 151 76 76 1 1 76 76 76 76 76 76 151 1 1 1 76 76 1 1 1 151 226 151 151 151 1 76 1 76 151 151 1 1 1 226 1 1 1 151 76 1 1 76 151 226 151 226 1 226 76 151 1 151 151 226 151 76 1 1 151 76 76 1 226 76 76 151 226 151 76 76 226 76 1 201 76 1 1 1 226 76 76 76 1 151 76 226 1 76 1 1 76 76 151 76 76 151 151 1 1 151 76 151 76 276 226 351 76 151 1 76 76 151 1 1 226 51 76 76 226 76 201 151 326 1 151 151 301 76 226 76 151 1 151 1 151 76 1 226 1 226 76 1 199 76 151 1 1 226 1 226 76 426 76 301 301 301 1 151 151 76 1 301 151 1 1 151 76 426 151 76 351 1 151 1 76 1 426 76 76 226 351 426 226 1 76 381 126 151 1 76 76 226 301 151 76 226 76 426 226 226 151 226 1 226 76 226 76 151 151 1 1 301 351 351 226 276 301 151 1 426 226 76 151 301 1 1 151 199 226 76 1 426 76 351 151 426 151 1 151 401 151 151 76 301 226 51 151 226 226 76 151 301 276 76 226 151 151 251 76 226 301 301 301 226 1 306 76 151 1 301 199 376 1 376 226 199 76 1 1 76 151 376 426 151 226 227 1 476 1 76 226 426 226 426 51 1 499 226 376 226 301 226 226 226 376 426 151 151 376 199 151 226 151 227 151 349 274 151 351 226 301 351 326 76 226 301 151 426 426 231 376 151 276 276 381 301 376 226 351 226 76 226 401 76 76 1 151 426 301 151 226 76 151 151 1 76 306 301 301 226 76 274 301 151 226 76 351 426 426 301 1 301 376 426 151 76 76 376 349 426 1 151 76 226 76 226 1 274 274 301 151 301 226 426 377 301 151 226 226 426 226 151 76 301 426 301 1 276 301 151 376 351 76 301 276 376 301 424 426 301 151 151 376 351 301 226 151 226 276 226 76 276 226 226 301 301 226 76 376 1 426 426 151 151 378 376 151 426 226 301 76 151 76 351 301 226 301 301 376 376 151 1 376 274 1 301 377 76 426 226 76 151 151 276 201 151 176 301 226 301 376 426 302 226 303 76 301 301 276 376 151 151 1 76 226 151 226 301 301 226 376 376 376 226 274 201 452 151 476 301 151 301 376 151 301 376 226 1 226 226 151 76 226 426 151 381 226 426 301 376 351 426 151 376 301 151 301 1 351 274 151 151 1 226 76 304 274 376 301 226 226 1 380 227 301 151 276 151 151 176 276 226 276 301 302 351 301 301 151 76 1 151 226 274 426 226 226 76 226 376 351 151 274 301 376 151 301 1 301 124 426 301 76 151 301 303 226 301 76 379 301 301 226 274 376 301 351 151 226 228 426 201 226 424 426 226 301 251 76 376 76 76 376 376 426 301 426 1 151 76 126 226 126 376 426 226 151 151 151 276 376 301 500 151 226 376 
c [Signal] Signal interruption. Caught signal: SIGTERM (15).
c [Label = 492] Minimize Makespan Labeling problem (X-can__715.mtx.rnd):
c [Main] Child pid 500 - 105730 terminated by signal 15.
c [Label = 491] Minimize Makespan Labeling problem (X-can__715.mtx.rnd):
c [Label = 498] Encoding starts with target value = 75:
c [Label = 498] Encoding duration: 15028ms.
c [Label = 498] Number of clauses: 8796349.
c [Label = 498] Number of variables: 1072658.
c [Label = 498] Solving duration: 34162 ms.
s [Label = 498] SAT (w = 75).
c [Label = 498] Label assignment: 1 1 1 1 1 1 1 1 76 76 1 1 1 1 1 1 1 1 1 1 1 1 76 76 76 76 76 76 76 76 76 1 1 1 76 1 1 1 76 151 76 1 1 1 1 151 151 1 1 1 151 1 76 1 1 151 1 76 1 151 151 1 1 1 151 1 1 1 151 76 76 1 1 76 76 76 76 76 76 151 1 1 1 76 76 1 1 1 151 226 151 151 151 1 76 1 76 151 151 1 1 1 226 1 1 1 151 76 1 1 76 151 226 151 226 1 226 76 151 1 151 151 226 151 76 1 1 151 76 76 1 226 76 76 151 226 151 76 76 226 76 1 199 76 1 1 1 226 76 76 76 1 151 76 226 1 76 1 1 76 76 151 76 76 151 151 1 1 151 76 151 76 274 226 349 76 151 1 76 76 151 1 1 226 49 76 76 226 76 199 151 322 1 151 151 301 76 226 76 151 1 151 1 151 76 1 226 1 226 76 1 197 76 151 1 1 226 1 226 76 424 76 301 301 301 1 151 151 76 1 301 151 1 1 151 76 424 151 76 349 1 151 1 76 1 424 76 76 226 349 424 226 1 76 381 124 151 1 76 76 226 301 151 76 226 76 424 226 226 151 226 1 226 76 226 76 151 151 1 1 301 349 349 226 274 301 151 1 424 226 76 151 301 1 1 151 197 226 76 1 424 76 349 151 424 151 1 151 397 151 151 76 301 226 49 151 226 226 76 151 301 274 76 226 151 151 247 76 226 301 301 301 226 1 306 76 151 1 301 197 376 1 376 226 197 76 1 1 76 151 376 424 151 226 227 1 472 1 76 226 424 226 424 49 1 497 226 376 226 301 226 226 226 376 424 151 151 376 197 151 226 151 227 151 347 272 151 349 226 301 349 322 76 226 301 151 424 424 231 376 151 274 274 381 301 376 226 349 226 76 226 397 76 76 1 151 424 301 151 226 76 151 151 1 76 306 301 301 226 76 272 301 151 226 76 349 424 424 301 1 301 376 424 151 76 76 376 347 424 1 151 76 226 76 226 1 272 272 301 151 301 226 424 377 301 151 226 226 424 226 151 76 301 424 301 1 274 301 151 376 349 76 301 274 376 301 422 424 301 151 151 376 349 301 226 151 226 274 226 76 274 226 226 301 301 226 76 376 1 424 424 151 151 378 376 151 424 226 301 76 151 76 349 301 226 301 301 376 376 151 1 376 272 1 301 377 76 424 226 76 151 151 274 199 151 172 301 226 301 376 424 302 226 303 76 301 301 274 376 151 151 1 76 226 151 226 301 301 226 376 376 376 226 272 199 452 151 472 301 151 301 376 151 301 376 226 1 226 226 151 76 226 424 151 381 226 424 301 376 349 424 151 376 301 151 301 1 349 272 151 151 1 226 76 304 272 376 301 226 226 1 380 227 301 151 274 151 151 172 274 226 274 301 302 349 301 301 151 76 1 151 226 272 424 226 226 76 226 376 349 151 272 301 376 151 301 1 301 122 424 301 76 151 301 303 226 301 76 379 301 301 226 272 376 301 349 151 226 228 424 199 226 422 424 226 301 247 76 376 76 76 376 376 424 301 424 1 151 76 124 226 124 376 424 226 151 151 151 274 376 301 498 151 226 376 
c [Main] Lowest label SAT is set to 498.
c [Label = 490] Minimize Makespan Labeling problem (X-can__715.mtx.rnd):
c [Label = 497] Encoding starts with target value = 75:
c [Label = 497] Encoding duration: 14656ms.
c [Label = 497] Number of clauses: 8780873.
c [Label = 497] Number of variables: 1071228.
c [Label = 497] Solving duration: 34109 ms.
s [Label = 497] SAT (w = 75).
c [Label = 497] Label assignment: 1 1 1 1 1 1 1 1 76 76 1 1 1 1 1 1 1 1 1 1 1 1 76 76 76 76 76 76 76 76 76 1 1 1 76 1 1 1 76 151 76 1 1 1 1 151 151 1 1 1 151 1 76 1 1 151 1 76 1 151 151 1 1 1 151 1 1 1 151 76 76 1 1 76 76 76 76 76 76 151 1 1 1 76 76 1 1 1 151 226 151 151 151 1 76 1 76 151 151 1 1 1 226 1 1 1 151 76 1 1 76 151 226 151 226 1 226 76 151 1 151 151 226 151 76 1 1 151 76 76 1 226 76 76 151 226 151 76 76 226 76 1 196 76 1 1 1 226 76 76 76 1 151 76 226 1 76 1 1 76 76 151 76 76 151 151 1 1 151 76 151 76 76 226 348 76 151 1 76 76 151 1 1 226 30 76 76 226 76 197 151 302 1 151 151 301 76 226 76 151 1 151 1 151 76 1 226 1 226 76 1 196 76 151 1 1 226 1 226 76 423 76 301 301 301 1 151 151 76 1 301 151 1 1 151 76 423 151 76 348 1 151 1 76 1 423 76 76 226 348 423 226 1 76 381 422 151 1 76 76 226 301 151 76 226 76 423 226 226 151 226 1 226 76 226 76 151 151 1 1 301 348 348 226 273 301 151 1 423 226 76 151 301 1 1 151 196 226 76 1 423 76 348 151 423 151 1 151 394 151 151 76 301 226 47 151 226 226 76 151 301 273 76 226 151 151 227 76 226 301 301 301 226 1 306 76 151 1 301 196 376 1 376 226 196 76 1 1 76 151 376 423 151 226 227 1 452 1 76 226 423 226 423 47 1 497 226 376 226 301 226 226 226 376 423 151 151 376 196 151 226 151 227 151 346 271 151 348 226 301 348 319 76 226 301 151 423 423 231 376 151 273 271 381 301 376 226 348 226 76 226 377 76 76 1 151 423 301 151 226 76 151 151 1 76 306 301 301 226 76 271 301 151 226 76 348 423 423 301 1 301 376 423 151 76 76 376 348 423 1 151 76 226 76 226 1 271 271 301 151 301 226 423 377 301 151 226 226 423 226 151 76 301 423 301 1 271 301 151 376 348 76 301 273 376 301 76 423 301 151 151 376 348 301 226 151 226 272 226 76 273 226 226 301 301 226 76 376 1 423 423 151 151 378 376 151 423 226 301 76 151 76 348 301 226 301 301 376 376 151 1 376 271 1 301 377 76 423 226 76 151 151 273 196 151 152 301 226 301 376 422 302 226 303 76 301 301 273 376 151 151 1 76 226 151 226 301 301 226 376 376 376 226 271 196 452 151 152 301 151 301 376 151 301 376 226 1 226 226 151 76 226 423 151 381 226 423 301 376 348 423 151 376 301 151 301 1 348 273 151 151 1 226 76 304 271 376 301 226 226 1 380 227 301 151 271 151 151 469 273 226 271 301 302 347 301 301 151 76 1 151 226 271 423 226 226 76 226 376 348 151 271 301 376 151 301 1 301 121 423 301 76 151 301 303 226 301 76 379 301 301 226 271 376 301 348 151 226 228 423 196 226 422 423 226 301 227 76 376 76 76 376 376 423 301 423 1 151 76 105 226 122 376 423 226 151 151 151 273 376 301 497 151 226 376 
c [Main] Lowest label SAT is set to 497.
c [Label = 489] Minimize Makespan Labeling problem (X-can__715.mtx.rnd):
c [Label = 496] Encoding starts with target value = 75:
c [Label = 496] Encoding duration: 14701ms.
c [Label = 496] Number of clauses: 8765398.
c [Label = 496] Number of variables: 1069798.
c [Label = 496] Solving duration: 33804 ms.
s [Label = 496] SAT (w = 75).
c [Label = 496] Label assignment: 1 1 1 1 1 1 1 1 76 76 1 1 1 1 1 1 1 1 1 1 1 1 76 76 76 76 76 76 76 76 76 1 1 1 76 1 1 1 76 151 76 1 1 1 1 151 151 1 1 1 151 1 76 1 1 151 1 76 1 151 151 1 1 1 151 1 1 1 151 76 76 1 1 76 76 76 76 76 76 151 1 1 1 76 76 1 1 1 151 226 151 151 151 1 76 1 76 151 151 1 1 1 226 1 1 1 151 76 1 1 76 151 226 151 226 1 226 76 151 1 151 151 226 151 76 1 1 151 76 76 1 226 76 76 151 226 151 76 76 226 76 1 195 76 1 1 1 226 76 76 76 1 151 76 226 1 76 1 1 76 76 151 76 76 151 151 1 1 151 76 151 76 272 226 347 76 151 1 76 76 151 1 1 226 31 76 76 226 76 197 151 302 1 151 151 301 76 226 76 151 1 151 1 151 76 1 226 1 226 76 1 195 76 151 1 1 226 1 226 76 422 76 301 301 301 1 151 151 76 1 301 151 1 1 151 76 422 151 76 347 1 151 1 76 1 422 76 76 226 347 422 226 1 76 381 122 151 1 76 76 226 301 151 76 226 76 422 226 226 151 226 1 226 76 226 76 151 151 1 1 301 347 347 226 272 301 151 1 422 226 76 151 301 1 1 151 195 226 76 1 422 76 347 151 422 151 1 151 393 151 151 76 301 226 47 151 226 226 76 151 301 272 76 226 151 151 227 76 226 301 301 301 226 1 306 76 151 1 301 195 376 1 376 226 195 76 1 1 76 151 376 422 151 226 227 1 452 1 76 226 422 226 422 47 1 495 226 376 226 301 226 226 226 376 422 151 151 376 195 151 226 151 227 151 345 270 151 347 226 301 347 318 76 226 301 151 422 422 231 376 151 272 272 381 301 376 226 347 226 76 226 377 76 76 1 151 422 301 151 226 76 151 151 1 76 306 301 301 226 76 270 301 151 226 76 347 422 422 301 1 301 376 422 151 76 76 376 345 422 1 151 76 226 76 226 1 270 270 301 151 301 226 422 377 301 151 226 226 422 226 151 76 301 422 301 1 270 301 151 376 347 76 301 272 376 301 420 422 301 151 151 376 347 301 226 151 226 272 226 76 272 226 226 301 301 226 76 376 1 422 422 151 151 378 376 151 422 226 301 76 151 76 347 301 226 301 301 376 376 151 1 376 270 1 301 377 76 422 226 76 151 151 272 195 151 152 301 226 301 376 422 302 226 303 76 301 301 272 376 151 151 1 76 226 151 226 301 301 226 376 376 376 226 270 197 452 151 152 301 151 301 376 151 301 376 226 1 226 226 151 76 226 422 151 381 226 422 301 376 347 422 151 376 301 151 301 1 347 270 151 151 1 226 76 304 270 376 301 226 226 1 380 227 301 151 270 151 151 468 272 226 272 301 302 347 301 301 151 76 1 151 226 270 422 226 226 76 226 376 347 151 270 301 376 151 301 1 301 120 422 301 76 151 301 303 226 301 76 379 301 301 226 270 376 301 347 151 226 228 422 195 226 420 422 226 301 227 76 376 76 76 376 376 422 301 422 1 151 76 106 226 122 376 422 226 151 151 151 272 376 301 496 151 226 376 
c [Main] Lowest label SAT is set to 496.
c [Label = 488] Minimize Makespan Labeling problem (X-can__715.mtx.rnd):
c [Label = 495] Encoding starts with target value = 75:
c [Label = 495] Encoding duration: 15309ms.
c [Label = 495] Number of clauses: 8749922.
c [Label = 495] Number of variables: 1068368.
c [Label = 495] Solving duration: 34053 ms.
s [Label = 495] SAT (w = 75).
c [Label = 495] Label assignment: 1 1 1 1 1 1 1 1 76 76 1 1 1 1 1 1 1 1 1 1 1 1 76 76 76 76 76 76 76 76 76 1 1 1 76 1 1 1 76 151 76 1 1 1 1 151 151 1 1 1 151 1 76 1 1 151 1 76 1 151 151 1 1 1 151 1 1 1 151 76 76 1 1 76 76 76 76 76 76 151 1 1 1 76 76 1 1 1 151 226 151 151 151 1 76 1 76 151 151 1 1 1 226 1 1 1 151 76 1 1 76 151 226 151 226 1 226 76 151 1 151 151 226 151 76 1 1 151 76 76 1 226 76 76 151 226 151 76 76 226 76 1 194 76 1 1 1 226 76 76 76 1 151 76 226 1 76 1 1 76 76 151 76 76 151 151 1 1 151 76 151 76 76 226 346 76 151 1 76 76 151 1 1 226 32 76 76 226 76 182 151 302 1 151 151 301 76 226 76 151 1 151 1 151 76 1 226 1 226 76 1 194 76 151 1 1 226 1 226 76 421 76 301 301 301 1 151 151 76 1 301 151 1 1 151 76 421 151 76 346 1 151 1 76 1 421 76 76 226 346 421 226 1 76 381 419 151 1 76 76 226 301 151 76 226 76 421 226 226 151 226 1 226 76 226 76 151 151 1 1 301 346 346 226 271 301 151 1 421 226 76 151 301 1 1 151 194 226 76 1 421 76 346 151 421 151 1 151 377 151 151 76 301 226 32 151 226 226 76 151 301 271 76 226 151 151 227 76 226 301 301 301 226 1 306 76 151 1 301 194 376 1 376 226 194 76 1 1 76 151 376 421 151 226 227 1 452 1 76 226 421 226 421 32 1 494 226 376 226 301 226 226 226 376 421 151 151 376 194 151 226 151 227 151 344 269 151 346 226 301 346 302 76 226 301 151 421 421 231 376 151 271 269 381 301 376 226 346 226 76 226 377 76 76 1 151 421 301 151 226 76 151 151 1 76 306 301 301 226 76 269 301 151 226 76 346 421 421 301 1 301 376 421 151 76 76 376 346 421 1 151 76 226 76 226 1 269 269 301 151 301 226 421 377 301 151 226 226 421 226 151 76 301 421 301 1 269 301 151 376 346 76 301 271 376 301 76 421 301 151 151 376 346 301 226 151 226 269 226 76 271 226 226 301 301 226 76 376 1 421 421 151 151 378 376 151 421 226 301 76 151 76 346 301 226 301 301 376 376 151 1 376 269 1 301 377 76 421 226 76 151 151 271 194 151 152 301 226 301 376 420 302 226 303 76 301 301 271 376 151 151 1 76 226 151 226 301 301 226 376 376 376 226 269 194 452 151 152 301 151 301 376 151 301 376 226 1 226 226 151 76 226 421 151 381 226 421 301 376 346 421 151 376 301 151 301 1 346 271 151 151 1 226 76 304 269 376 301 226 226 1 380 227 301 151 269 151 151 452 271 226 269 301 302 344 301 301 151 76 1 151 226 269 421 226 226 76 226 376 346 151 269 301 376 151 301 1 301 119 421 301 76 151 301 303 226 301 76 379 301 301 226 269 376 301 346 151 226 228 421 194 226 419 421 226 301 227 76 376 76 76 376 376 421 301 421 1 151 76 107 226 107 376 421 226 151 151 151 271 376 301 495 151 226 376 
c [Main] Lowest label SAT is set to 495.
c [Label = 487] Minimize Makespan Labeling problem (X-can__715.mtx.rnd):
c [Label = 493] Encoding starts with target value = 75:
c [Label = 493] Encoding duration: 15106ms.
c [Label = 493] Number of clauses: 8718971.
c [Label = 493] Number of variables: 1065508.
c [Label = 493] Solving duration: 33877 ms.
s [Label = 493] SAT (w = 75).
c [Label = 493] Label assignment: 1 1 1 1 1 1 1 1 76 76 1 1 1 1 1 1 1 1 1 1 1 1 76 76 76 76 76 76 76 76 76 1 1 1 76 1 1 1 76 151 76 1 1 1 1 151 151 1 1 1 151 1 76 1 1 151 1 76 1 151 151 1 1 1 151 1 1 1 151 76 76 1 1 76 76 76 76 76 76 151 1 1 1 76 76 1 1 1 151 226 151 151 151 1 76 1 76 151 151 1 1 1 226 1 1 1 151 76 1 1 76 151 226 151 226 1 226 76 151 1 151 151 226 151 76 1 1 151 76 76 1 226 76 76 151 226 151 76 76 226 76 1 194 76 1 1 1 226 76 76 76 1 151 76 226 1 76 1 1 76 76 151 76 76 151 151 1 1 151 76 151 76 269 226 344 76 151 1 76 76 151 1 1 226 44 76 76 226 76 194 151 312 1 151 151 301 76 226 76 151 1 151 1 151 76 1 226 1 226 76 1 192 76 151 1 1 226 1 226 76 419 76 301 301 301 1 151 151 76 1 301 151 1 1 151 76 419 151 76 344 1 151 1 76 1 419 76 76 226 344 419 226 1 76 381 119 151 1 76 76 226 301 151 76 226 76 419 226 226 151 226 1 226 76 226 76 151 151 1 1 301 344 344 226 269 301 151 1 419 226 76 151 301 1 1 151 192 226 76 1 419 76 344 151 419 151 1 151 387 151 151 76 301 226 44 151 226 226 76 151 301 269 76 226 151 151 237 76 226 301 301 301 226 1 306 76 151 1 301 192 376 1 376 226 192 76 1 1 76 151 376 419 151 226 227 1 462 1 76 226 419 226 419 44 1 492 226 376 226 301 226 226 226 376 419 151 151 376 192 151 226 151 227 151 342 267 151 344 226 301 344 312 76 226 301 151 419 419 231 376 151 269 269 381 301 376 226 344 226 76 226 387 76 76 1 151 419 301 151 226 76 151 151 1 76 306 301 301 226 76 267 301 151 226 76 344 419 419 301 1 301 376 419 151 76 76 376 342 419 1 151 76 226 76 226 1 267 267 301 151 301 226 419 377 301 151 226 226 419 226 151 76 301 419 301 1 269 301 151 376 344 76 301 269 376 301 417 419 301 151 151 376 344 301 226 151 226 269 226 76 269 226 226 301 301 226 76 376 1 419 419 151 151 378 376 151 419 226 301 76 151 76 344 301 226 301 301 376 376 151 1 376 267 1 301 377 76 419 226 76 151 151 269 194 151 162 301 226 301 376 419 302 226 303 76 301 301 269 376 151 151 1 76 226 151 226 301 301 226 376 376 376 226 267 194 452 151 162 301 151 301 376 151 301 376 226 1 226 226 151 76 226 419 151 381 226 419 301 376 344 419 151 376 301 151 301 1 344 267 151 151 1 226 76 304 267 376 301 226 226 1 380 227 301 151 269 151 151 462 269 226 269 301 302 344 301 301 151 76 1 151 226 267 419 226 226 76 226 376 344 151 267 301 376 151 301 1 301 117 419 301 76 151 301 303 226 301 76 379 301 301 226 267 376 301 344 151 226 228 419 194 226 417 419 226 301 237 76 376 76 76 376 376 419 301 419 1 151 76 119 226 119 376 419 226 151 151 151 269 376 301 493 151 226 376 
c [Label = 494] Encoding starts with target value = 75:
c [Label = 494] Encoding duration: 15046ms.
c [Label = 494] Number of clauses: 8734447.
c [Label = 494] Number of variables: 1066938.
c [Label = 494] Solving duration: 33851 ms.
s [Label = 494] SAT (w = 75).
c [Label = 494] Label assignment: 1 1 1 1 1 1 1 1 76 76 1 1 1 1 1 1 1 1 1 1 1 1 76 76 76 76 76 76 76 76 76 1 1 1 76 1 1 1 76 151 76 1 1 1 1 151 151 1 1 1 151 1 76 1 1 151 1 76 1 151 151 1 1 1 151 1 1 1 151 76 76 1 1 76 76 76 76 76 76 151 1 1 1 76 76 1 1 1 151 226 151 151 151 1 76 1 76 151 151 1 1 1 226 1 1 1 151 76 1 1 76 151 226 151 226 1 226 76 151 1 151 151 226 151 76 1 1 151 76 76 1 226 76 76 151 226 151 76 76 226 76 1 194 76 1 1 1 226 76 76 76 1 151 76 226 1 76 1 1 76 76 151 76 76 151 151 1 1 151 76 151 76 76 226 345 76 151 1 76 76 151 1 1 226 44 76 76 226 76 194 151 313 1 151 151 301 76 226 76 151 1 151 1 151 76 1 226 1 226 76 1 193 76 151 1 1 226 1 226 76 420 76 301 301 301 1 151 151 76 1 301 151 1 1 151 76 420 151 76 345 1 151 1 76 1 420 76 76 226 345 420 226 1 76 381 419 151 1 76 76 226 301 151 76 226 76 420 226 226 151 226 1 226 76 226 76 151 151 1 1 301 345 345 226 270 301 151 1 420 226 76 151 301 1 1 151 193 226 76 1 420 76 345 151 420 151 1 151 388 151 151 76 301 226 44 151 226 226 76 151 301 270 76 226 151 151 238 76 226 301 301 301 226 1 306 76 151 1 301 193 376 1 376 226 193 76 1 1 76 151 376 420 151 226 227 1 463 1 76 226 420 226 420 44 1 494 226 376 226 301 226 226 226 376 420 151 151 376 193 151 226 151 227 151 343 268 151 345 226 301 345 313 76 226 301 151 420 420 231 376 151 270 268 381 301 376 226 345 226 76 226 388 76 76 1 151 420 301 151 226 76 151 151 1 76 306 301 301 226 76 268 301 151 226 76 345 420 420 301 1 301 376 420 151 76 76 376 345 420 1 151 76 226 76 226 1 268 268 301 151 301 226 420 377 301 151 226 226 420 226 151 76 301 420 301 1 269 301 151 376 345 76 301 270 376 301 76 420 301 151 151 376 345 301 226 151 226 269 226 76 270 226 226 301 301 226 76 376 1 420 420 151 151 378 376 151 420 226 301 76 151 76 345 301 226 301 301 376 376 151 1 376 268 1 301 377 76 420 226 76 151 151 270 194 151 163 301 226 301 376 419 302 226 303 76 301 301 270 376 151 151 1 76 226 151 226 301 301 226 376 376 376 226 268 193 452 151 163 301 151 301 376 151 301 376 226 1 226 226 151 76 226 420 151 381 226 420 301 376 345 420 151 376 301 151 301 1 345 270 151 151 1 226 76 304 268 376 301 226 226 1 380 227 301 151 269 151 151 463 270 226 268 301 302 344 301 301 151 76 1 151 226 268 420 226 226 76 226 376 345 151 268 301 376 151 301 1 301 118 420 301 76 151 301 303 226 301 76 379 301 301 226 268 376 301 345 151 226 228 420 194 226 419 420 226 301 238 76 376 76 76 376 376 420 301 420 1 151 76 119 226 119 376 420 226 151 151 151 270 376 301 494 151 226 376 
c [Main] Lowest label SAT is set to 493.
c [Main] Kill higher label pid 494.
c [Label = 486] Minimize Makespan Labeling problem (X-can__715.mtx.rnd):
c [Label = 485] Minimize Makespan Labeling problem (X-can__715.mtx.rnd):
c [Label = 492] Encoding starts with target value = 75:
c [Label = 492] Encoding duration: 14569ms.
c [Label = 492] Number of clauses: 8703496.
c [Label = 492] Number of variables: 1064078.
c [Label = 492] Solving duration: 33671 ms.
s [Label = 492] SAT (w = 75).
c [Label = 492] Label assignment: 1 1 1 1 1 1 1 1 76 76 1 1 1 1 1 1 1 1 1 1 1 1 76 76 76 76 76 76 76 76 76 1 1 1 76 1 1 1 76 151 76 1 1 1 1 151 151 1 1 1 151 1 76 1 1 151 1 76 1 151 151 1 1 1 151 1 1 1 151 76 76 1 1 76 76 76 76 76 76 151 1 1 1 76 76 1 1 1 151 226 151 151 151 1 76 1 76 151 151 1 1 1 226 1 1 1 151 76 1 1 76 151 226 151 226 1 226 76 151 1 151 151 226 151 76 1 1 151 76 76 1 226 76 76 151 226 151 76 76 226 76 1 193 76 1 1 1 226 76 76 76 1 151 76 226 1 76 1 1 76 76 151 76 76 151 151 1 1 151 76 151 76 268 226 343 76 151 1 76 76 151 1 1 226 43 76 76 226 76 193 151 310 1 151 151 301 76 226 76 151 1 151 1 151 76 1 226 1 226 76 1 191 76 151 1 1 226 1 226 76 418 76 301 301 301 1 151 151 76 1 301 151 1 1 151 76 418 151 76 343 1 151 1 76 1 418 76 76 226 343 418 226 1 76 381 118 151 1 76 76 226 301 151 76 226 76 418 226 226 151 226 1 226 76 226 76 151 151 1 1 301 343 343 226 268 301 151 1 418 226 76 151 301 1 1 151 191 226 76 1 418 76 343 151 418 151 1 151 385 151 151 76 301 226 43 151 226 226 76 151 301 268 76 226 151 151 235 76 226 301 301 301 226 1 306 76 151 1 301 191 376 1 376 226 191 76 1 1 76 151 376 418 151 226 227 1 460 1 76 226 418 226 418 43 1 491 226 376 226 301 226 226 226 376 418 151 151 376 191 151 226 151 227 151 341 266 151 343 226 301 343 310 76 226 301 151 418 418 231 376 151 268 268 381 301 376 226 343 226 76 226 385 76 76 1 151 418 301 151 226 76 151 151 1 76 306 301 301 226 76 266 301 151 226 76 343 418 418 301 1 301 376 418 151 76 76 376 341 418 1 151 76 226 76 226 1 266 266 301 151 301 226 418 377 301 151 226 226 418 226 151 76 301 418 301 1 268 301 151 376 343 76 301 268 376 301 416 418 301 151 151 376 343 301 226 151 226 268 226 76 268 226 226 301 301 226 76 376 1 418 418 151 151 378 376 151 418 226 301 76 151 76 343 301 226 301 301 376 376 151 1 376 266 1 301 377 76 418 226 76 151 151 268 193 151 160 301 226 301 376 418 302 226 303 76 301 301 268 376 151 151 1 76 226 151 226 301 301 226 376 376 376 226 266 193 452 151 160 301 151 301 376 151 301 376 226 1 226 226 151 76 226 418 151 381 226 418 301 376 343 418 151 376 301 151 301 1 343 266 151 151 1 226 76 304 266 376 301 226 226 1 380 227 301 151 268 151 151 460 268 226 268 301 302 343 301 301 151 76 1 151 226 266 418 226 226 76 226 376 343 151 266 301 376 151 301 1 301 116 418 301 76 151 301 303 226 301 76 379 301 301 226 266 376 301 343 151 226 228 418 193 226 416 418 226 301 235 76 376 76 76 376 376 418 301 418 1 151 76 118 226 118 376 418 226 151 151 151 268 376 301 492 151 226 376 
c [Main] Lowest label SAT is set to 492.
c [Label = 484] Minimize Makespan Labeling problem (X-can__715.mtx.rnd):
c [Label = 491] Encoding starts with target value = 75:
c [Label = 491] Encoding duration: 15077ms.
c [Label = 491] Number of clauses: 8688020.
c [Label = 491] Number of variables: 1062648.
c [Label = 491] Solving duration: 34207 ms.
s [Label = 491] SAT (w = 75).
c [Label = 491] Label assignment: 1 1 1 1 1 1 1 1 76 76 1 1 1 1 1 1 1 1 1 1 1 1 76 76 76 76 76 76 76 76 76 1 1 1 76 1 1 1 76 151 76 1 1 1 1 151 151 1 1 1 151 1 76 1 1 151 1 76 1 151 151 1 1 1 151 1 1 1 151 76 76 1 1 76 76 76 76 76 76 151 1 1 1 76 76 1 1 1 151 226 151 151 151 1 76 1 76 151 151 1 1 1 226 1 1 1 151 76 1 1 76 151 226 151 226 1 226 76 151 1 151 151 226 151 76 1 1 151 76 76 1 226 76 76 151 226 151 76 76 226 76 1 190 76 1 1 1 226 76 76 76 1 151 76 226 1 76 1 1 76 76 151 76 76 151 151 1 1 151 76 151 76 76 226 342 76 151 1 76 76 151 1 1 226 36 76 76 226 76 186 151 302 1 151 151 301 76 226 76 151 1 151 1 151 76 1 226 1 226 76 1 190 76 151 1 1 226 1 226 76 417 76 301 301 301 1 151 151 76 1 301 151 1 1 151 76 417 151 76 342 1 151 1 76 1 417 76 76 226 342 417 226 1 76 381 415 151 1 76 76 226 301 151 76 226 76 417 226 226 151 226 1 226 76 226 76 151 151 1 1 301 342 342 226 267 301 151 1 417 226 76 151 301 1 1 151 190 226 76 1 417 76 342 151 417 151 1 151 377 151 151 76 301 226 36 151 226 226 76 151 301 267 76 226 151 151 227 76 226 301 301 301 226 1 306 76 151 1 301 190 376 1 376 226 190 76 1 1 76 151 376 417 151 226 227 1 452 1 76 226 417 226 417 36 1 490 226 376 226 301 226 226 226 376 417 151 151 376 190 151 226 151 227 151 340 265 151 342 226 301 342 302 76 226 301 151 417 417 231 376 151 267 265 381 301 376 226 342 226 76 226 377 76 76 1 151 417 301 151 226 76 151 151 1 76 306 301 301 226 76 265 301 151 226 76 342 417 417 301 1 301 376 417 151 76 76 376 342 417 1 151 76 226 76 226 1 265 265 301 151 301 226 417 377 301 151 226 226 417 226 151 76 301 417 301 1 265 301 151 376 342 76 301 267 376 301 76 417 301 151 151 376 342 301 226 151 226 265 226 76 267 226 226 301 301 226 76 376 1 417 417 151 151 378 376 151 417 226 301 76 151 76 342 301 226 301 301 376 376 151 1 376 265 1 301 377 76 417 226 76 151 151 267 190 151 152 301 226 301 376 416 302 226 303 76 301 301 267 376 151 151 1 76 226 151 226 301 301 226 376 376 376 226 265 190 452 151 152 301 151 301 376 151 301 376 226 1 226 226 151 76 226 417 151 381 226 417 301 376 342 417 151 376 301 151 301 1 342 267 151 151 1 226 76 304 265 376 301 226 226 1 380 227 301 151 265 151 151 452 267 226 265 301 302 340 301 301 151 76 1 151 226 265 417 226 226 76 226 376 342 151 265 301 376 151 301 1 301 115 417 301 76 151 301 303 226 301 76 379 301 301 226 265 376 301 342 151 226 228 417 190 226 415 417 226 301 227 76 376 76 76 376 376 417 301 417 1 151 76 111 226 111 376 417 226 151 151 151 267 376 301 491 151 226 376 
c [Main] Lowest label SAT is set to 491.
c [Label = 483] Minimize Makespan Labeling problem (X-can__715.mtx.rnd):
c [Label = 490] Encoding starts with target value = 75:
c [Label = 490] Encoding duration: 14875ms.
c [Label = 490] Number of clauses: 8672545.
c [Label = 490] Number of variables: 1061218.
c [Label = 490] Solving duration: 34012 ms.
s [Label = 490] SAT (w = 75).
c [Label = 490] Label assignment: 1 1 1 1 1 1 1 1 76 76 1 1 1 1 1 1 1 1 1 1 1 1 76 76 76 76 76 76 76 76 76 1 1 1 76 1 1 1 76 151 76 1 1 1 1 151 151 1 1 1 151 1 76 1 1 151 1 76 1 151 151 1 1 1 151 1 1 1 151 76 76 1 1 76 76 76 76 76 76 151 1 1 1 76 76 1 1 1 151 226 151 151 151 1 76 1 76 151 151 1 1 1 226 1 1 1 151 76 1 1 76 151 226 151 226 1 226 76 151 1 151 151 226 151 76 1 1 151 76 76 1 226 76 76 151 226 151 76 76 226 76 1 189 76 1 1 1 226 76 76 76 1 151 76 226 1 76 1 1 76 76 151 76 76 151 151 1 1 151 76 151 76 76 226 341 76 151 1 76 76 151 1 1 226 37 76 76 226 76 187 151 302 1 151 151 301 76 226 76 151 1 151 1 151 76 1 226 1 226 76 1 189 76 151 1 1 226 1 226 76 416 76 301 301 301 1 151 151 76 1 301 151 1 1 151 76 416 151 76 341 1 151 1 76 1 416 76 76 226 341 416 226 1 76 381 414 151 1 76 76 226 301 151 76 226 76 416 226 226 151 226 1 226 76 226 76 151 151 1 1 301 341 341 226 266 301 151 1 416 226 76 151 301 1 1 151 189 226 76 1 416 76 341 151 416 151 1 151 377 151 151 76 301 226 37 151 226 226 76 151 301 266 76 226 151 151 227 76 226 301 301 301 226 1 306 76 151 1 301 189 376 1 376 226 189 76 1 1 76 151 376 416 151 226 227 1 452 1 76 226 416 226 416 37 1 489 226 376 226 301 226 226 226 376 416 151 151 376 189 151 226 151 227 151 339 264 151 341 226 301 341 302 76 226 301 151 416 416 231 376 151 266 264 381 301 376 226 341 226 76 226 377 76 76 1 151 416 301 151 226 76 151 151 1 76 306 301 301 226 76 264 301 151 226 76 341 416 416 301 1 301 376 416 151 76 76 376 341 416 1 151 76 226 76 226 1 264 264 301 151 301 226 416 377 301 151 226 226 416 226 151 76 301 416 301 1 264 301 151 376 341 76 301 266 376 301 76 416 301 151 151 376 341 301 226 151 226 264 226 76 266 226 226 301 301 226 76 376 1 416 416 151 151 378 376 151 416 226 301 76 151 76 341 301 226 301 301 376 376 151 1 376 264 1 301 377 76 416 226 76 151 151 266 189 151 152 301 226 301 376 415 302 226 303 76 301 301 266 376 151 151 1 76 226 151 226 301 301 226 376 376 376 226 264 189 452 151 452 301 151 301 376 151 301 376 226 1 226 226 151 76 226 416 151 381 226 416 301 376 341 416 151 376 301 151 301 1 341 266 151 151 1 226 76 304 264 376 301 226 226 1 380 227 301 151 264 151 151 152 266 226 264 301 302 339 301 301 151 76 1 151 226 264 416 226 226 76 226 376 341 151 264 301 376 151 301 1 301 114 416 301 76 151 301 303 226 301 76 379 301 301 226 264 376 301 341 151 226 228 416 189 226 414 416 226 301 227 76 376 76 76 376 376 416 301 416 1 151 76 112 226 112 376 416 226 151 151 151 266 376 301 490 151 226 376 
c [Main] Lowest label SAT is set to 490.
c [Label = 482] Minimize Makespan Labeling problem (X-can__715.mtx.rnd):
c [Label = 489] Encoding starts with target value = 75:
c [Label = 489] Encoding duration: 14801ms.
c [Label = 489] Number of clauses: 8657069.
c [Label = 489] Number of variables: 1059788.
c [Label = 489] Solving duration: 33681 ms.
s [Label = 489] SAT (w = 75).
c [Label = 489] Label assignment: 1 1 1 1 1 1 1 1 76 76 1 1 1 1 1 1 1 1 1 1 1 1 76 76 76 76 76 76 76 76 76 1 1 1 76 1 1 1 76 151 76 1 1 1 1 151 151 1 1 1 151 1 76 1 1 151 1 76 1 151 151 1 1 1 151 1 1 1 151 76 76 1 1 76 76 76 76 76 76 151 1 1 1 76 76 1 1 1 151 226 151 151 151 1 76 1 76 151 151 1 1 1 226 1 1 1 151 76 1 1 76 151 226 151 226 1 226 76 151 1 151 151 226 151 76 1 1 151 76 76 1 226 76 76 151 226 151 76 76 226 76 1 190 76 1 1 1 226 76 76 76 1 151 76 226 1 76 1 1 76 76 151 76 76 151 151 1 1 151 76 151 76 265 226 340 76 151 1 76 76 151 1 1 226 40 76 76 226 76 190 151 304 1 151 151 301 76 226 76 151 1 151 1 151 76 1 226 1 226 76 1 188 76 151 1 1 226 1 226 76 415 76 301 301 301 1 151 151 76 1 301 151 1 1 151 76 415 151 76 340 1 151 1 76 1 415 76 76 226 340 415 226 1 76 381 115 151 1 76 76 226 301 151 76 226 76 415 226 226 151 226 1 226 76 226 76 151 151 1 1 301 340 340 226 265 301 151 1 415 226 76 151 301 1 1 151 188 226 76 1 415 76 340 151 415 151 1 151 379 151 151 76 301 226 40 151 226 226 76 151 301 265 76 226 151 151 229 76 226 301 301 301 226 1 306 76 151 1 301 188 376 1 376 226 188 76 1 1 76 151 376 415 151 226 227 1 454 1 76 226 415 226 415 40 1 488 226 376 226 301 226 226 226 376 415 151 151 376 188 151 226 151 227 151 338 263 151 340 226 301 340 304 76 226 301 151 415 415 231 376 151 265 265 381 301 376 226 340 226 76 226 379 76 76 1 151 415 301 151 226 76 151 151 1 76 306 301 301 226 76 263 301 151 226 76 340 415 415 301 1 301 376 415 151 76 76 376 338 415 1 151 76 226 76 226 1 263 263 301 151 301 226 415 377 301 151 226 226 415 226 151 76 301 415 301 1 265 301 151 376 340 76 301 265 376 301 413 415 301 151 151 376 340 301 226 151 226 265 226 76 265 226 226 301 301 226 76 376 1 415 415 151 151 378 376 151 415 226 301 76 151 76 340 301 226 301 301 376 376 151 1 376 263 1 301 377 76 415 226 76 151 151 265 190 151 154 301 226 301 376 415 302 226 303 76 301 301 265 376 151 151 1 76 226 151 226 301 301 226 376 376 376 226 263 190 452 151 454 301 151 301 376 151 301 376 226 1 226 226 151 76 226 415 151 381 226 415 301 376 340 415 151 376 301 151 301 1 340 263 151 151 1 226 76 304 263 376 301 226 226 1 380 227 301 151 265 151 151 154 265 226 265 301 302 340 301 301 151 76 1 151 226 263 415 226 226 76 226 376 340 151 263 301 376 151 301 1 301 113 415 301 76 151 301 303 226 301 76 379 301 301 226 263 376 301 340 151 226 228 415 190 226 413 415 226 301 229 76 376 76 76 376 376 415 301 415 1 151 76 115 226 115 376 415 226 151 151 151 265 376 301 489 151 226 376 
c [Main] Lowest label SAT is set to 489.
c [Label = 481] Minimize Makespan Labeling problem (X-can__715.mtx.rnd):
c [Label = 488] Encoding starts with target value = 75:
c [Label = 488] Encoding duration: 15133ms.
c [Label = 488] Number of clauses: 8641594.
c [Label = 488] Number of variables: 1058358.
c [Label = 488] Solving duration: 34096 ms.
s [Label = 488] SAT (w = 75).
c [Label = 488] Label assignment: 1 1 1 1 1 1 1 1 76 76 1 1 1 1 1 1 1 1 1 1 1 1 76 76 76 76 76 76 76 76 76 1 1 1 76 1 1 1 76 151 76 1 1 1 1 151 151 1 1 1 151 1 76 1 1 151 1 76 1 151 151 1 1 1 151 1 1 1 151 76 76 1 1 76 76 76 76 76 76 151 1 1 1 76 76 1 1 1 151 226 151 151 151 1 76 1 76 151 151 1 1 1 226 1 1 1 151 76 1 1 76 151 226 151 226 1 226 76 151 1 151 151 226 151 76 1 1 151 76 76 1 226 76 76 151 226 151 76 76 226 76 1 189 76 1 1 1 226 76 76 76 1 151 76 226 1 76 1 1 76 76 151 76 76 151 151 1 1 151 76 151 76 264 226 339 76 151 1 76 76 151 1 1 226 39 76 76 226 76 189 151 302 1 151 151 301 76 226 76 151 1 151 1 151 76 1 226 1 226 76 1 187 76 151 1 1 226 1 226 76 414 76 301 301 301 1 151 151 76 1 301 151 1 1 151 76 414 151 76 339 1 151 1 76 1 414 76 76 226 339 414 226 1 76 381 114 151 1 76 76 226 301 151 76 226 76 414 226 226 151 226 1 226 76 226 76 151 151 1 1 301 339 339 226 264 301 151 1 414 226 76 151 301 1 1 151 187 226 76 1 414 76 339 151 414 151 1 151 377 151 151 76 301 226 39 151 226 226 76 151 301 264 76 226 151 151 227 76 226 301 301 301 226 1 306 76 151 1 301 187 376 1 376 226 187 76 1 1 76 151 376 414 151 226 227 1 452 1 76 226 414 226 414 39 1 487 226 376 226 301 226 226 226 376 414 151 151 376 187 151 226 151 227 151 337 262 151 339 226 301 339 302 76 226 301 151 414 414 231 376 151 264 264 381 301 376 226 339 226 76 226 377 76 76 1 151 414 301 151 226 76 151 151 1 76 306 301 301 226 76 262 301 151 226 76 339 414 414 301 1 301 376 414 151 76 76 376 337 414 1 151 76 226 76 226 1 262 262 301 151 301 226 414 377 301 151 226 226 414 226 151 76 301 414 301 1 264 301 151 376 339 76 301 264 376 301 412 414 301 151 151 376 339 301 226 151 226 264 226 76 264 226 226 301 301 226 76 376 1 414 414 151 151 378 376 151 414 226 301 76 151 76 339 301 226 301 301 376 376 151 1 376 262 1 301 377 76 414 226 76 151 151 264 189 151 152 301 226 301 376 414 302 226 303 76 301 301 264 376 151 151 1 76 226 151 226 301 301 226 376 376 376 226 262 189 452 151 152 301 151 301 376 151 301 376 226 1 226 226 151 76 226 414 151 381 226 414 301 376 339 414 151 376 301 151 301 1 339 262 151 151 1 226 76 304 262 376 301 226 226 1 380 227 301 151 264 151 151 452 264 226 264 301 302 339 301 301 151 76 1 151 226 262 414 226 226 76 226 376 339 151 262 301 376 151 301 1 301 112 414 301 76 151 301 303 226 301 76 379 301 301 226 262 376 301 339 151 226 228 414 189 226 412 414 226 301 227 76 376 76 76 376 376 414 301 414 1 151 76 114 226 114 376 414 226 151 151 151 264 376 301 488 151 226 376 
c [Main] Lowest label SAT is set to 488.
c [Label = 480] Minimize Makespan Labeling problem (X-can__715.mtx.rnd):
c [Label = 485] Encoding starts with target value = 75:
c [Label = 485] Encoding duration: 14467ms.
c [Label = 485] Number of clauses: 8595167.
c [Label = 485] Number of variables: 1054068.
c [Label = 485] Solving duration: 35876 ms.
s [Label = 485] SAT (w = 75).
c [Label = 485] Label assignment: 484 484 184 484 484 335 484 484 409 409 484 484 484 409 484 484 484 484 409 484 484 484 260 409 74 409 409 334 409 409 409 484 484 484 409 409 484 484 334 484 260 484 484 484 374 334 334 484 484 109 334 484 409 484 335 259 334 409 409 484 334 484 484 484 334 484 409 484 334 334 259 484 484 409 334 184 409 409 409 484 484 484 149 409 409 484 484 376 334 109 185 334 109 151 151 484 484 484 259 334 259 409 259 484 484 484 409 184 376 484 484 334 259 409 334 484 334 484 334 334 484 259 409 299 409 484 409 334 409 409 259 484 409 484 260 409 334 484 409 374 409 409 301 409 484 484 484 484 409 409 409 484 109 409 184 484 299 484 409 409 484 409 409 409 484 409 484 484 224 409 484 334 409 259 334 259 334 334 409 409 334 484 484 259 451 409 484 224 409 301 334 299 484 334 259 184 409 259 409 409 484 334 484 334 184 484 410 484 74 409 334 259 334 109 484 484 299 334 184 484 259 334 259 74 110 484 334 409 299 484 334 409 484 484 224 184 451 334 409 484 409 484 334 334 484 259 109 334 299 259 484 409 484 409 259 259 74 484 409 409 259 184 334 484 299 409 149 259 259 334 259 484 259 411 109 334 409 184 484 484 484 109 259 109 409 184 334 484 485 109 484 334 184 334 484 334 224 184 409 484 184 409 259 409 185 334 334 334 74 259 334 259 334 74 299 334 334 224 409 334 184 334 409 409 334 334 224 409 259 259 409 334 74 484 149 409 484 484 110 484 109 184 184 109 259 74 334 409 259 334 259 334 224 259 149 74 116 484 334 259 484 301 259 451 484 184 259 409 334 109 184 184 259 259 184 334 334 109 259 259 259 409 334 184 334 484 334 109 259 184 109 299 409 409 184 184 184 409 259 259 334 334 484 484 109 259 299 74 259 259 409 41 409 334 484 299 485 259 260 334 484 334 259 484 299 484 149 74 109 409 409 259 334 259 409 299 484 184 334 484 184 409 484 334 409 259 184 484 224 484 484 184 259 109 259 409 184 184 224 259 484 184 184 334 259 334 409 484 409 409 334 409 259 259 334 484 301 299 334 184 376 409 184 184 109 334 109 334 259 334 259 184 334 259 409 334 184 226 259 484 259 259 109 184 409 259 409 409 484 259 409 409 184 74 409 334 376 184 334 409 334 259 484 259 409 259 109 149 259 184 484 184 185 484 149 259 184 109 109 184 334 259 409 226 224 41 184 109 184 409 226 74 334 484 409 409 484 259 259 259 409 484 334 259 334 259 184 184 334 224 259 110 184 410 334 484 484 149 484 224 184 109 74 224 259 259 151 259 74 184 409 109 259 260 484 484 259 484 259 109 259 484 259 109 334 334 484 484 409 184 334 484 109 409 259 184 149 184 409 109 484 334 451 109 149 226 409 224 376 484 334 259 184 484 75 484 109 184 409 484 259 259 409 409 184 184 484 109 259 109 259 410 409 409 334 149 484 484 184 334 184 409 409 259 334 109 109 409 74 334 109 259 334 259 184 259 484 259 409 409 334 109 259 259 184 184 224 334 409 334 149 109 109 184 409 109 484 409 484 151 334 376 484 409 259 334 184 109 149 109 259 484 484 484 1 
c [Main] Lowest label SAT is set to 485.
c [Main] Kill higher label pid 486.
c [Main] Kill higher label pid 487.
c [Label = 486] Encoding starts with target value = 75:
c [Label = 486] Encoding duration: 14924ms.
c [Label = 486] Number of clauses: 8610643.
c [Label = 486] Number of variables: 1055498.
c [Label = 486] Solving duration: 36374 ms.
s [Label = 486] SAT (w = 75).
c [Label = 486] Label assignment: 485 485 185 485 485 485 485 485 410 410 485 485 485 410 485 485 485 485 410 485 485 485 410 410 74 410 410 335 410 410 410 485 485 485 410 410 485 485 335 485 335 485 485 485 149 335 335 485 485 335 335 485 410 485 410 110 335 410 410 485 335 485 485 485 335 485 485 485 335 335 185 485 485 410 335 185 410 410 410 485 485 485 485 410 410 485 485 261 335 110 335 335 260 110 336 485 485 410 260 335 74 410 260 485 485 446 410 485 335 485 485 410 260 410 260 485 335 485 335 485 485 260 410 410 410 485 410 335 410 410 260 485 410 485 110 410 335 485 410 335 410 410 74 410 485 485 485 335 410 410 410 485 110 410 185 485 185 485 410 410 485 410 410 410 485 410 485 485 335 410 485 335 410 260 335 185 335 335 410 410 335 485 485 260 335 410 485 224 410 486 335 485 485 335 260 185 410 260 410 410 410 335 485 335 110 485 185 485 260 410 335 74 485 260 485 485 110 335 185 485 260 335 260 260 110 485 335 410 410 485 335 411 485 485 149 185 485 335 410 485 410 485 335 485 485 110 260 335 260 185 485 410 485 410 260 185 335 485 410 410 260 185 335 485 110 410 335 335 335 335 110 485 260 412 110 335 410 260 485 485 485 110 185 110 410 185 185 485 410 110 485 335 185 335 485 335 260 35 410 485 110 410 260 260 335 335 335 335 224 149 335 260 335 74 226 335 335 224 410 335 260 335 410 410 335 335 301 410 260 185 410 335 335 486 149 410 485 485 260 485 110 185 185 110 410 110 335 410 185 335 110 335 335 260 149 485 410 485 335 260 485 185 185 74 410 260 410 260 335 110 224 185 260 260 260 335 335 110 110 260 260 410 335 185 335 485 335 260 260 185 110 74 410 410 185 335 110 410 260 335 335 335 35 485 110 260 410 74 260 260 260 150 410 185 485 260 485 260 260 260 485 335 335 485 74 485 410 110 110 485 410 149 335 260 410 299 485 185 335 485 185 260 485 335 410 260 185 485 224 485 185 185 110 110 260 410 185 260 185 335 485 74 260 335 260 335 410 485 410 410 335 410 110 260 335 485 76 410 335 185 410 410 185 185 110 185 110 335 74 110 335 224 335 149 410 335 260 75 260 485 260 260 74 260 410 260 410 410 485 110 410 410 185 260 410 335 411 110 260 410 335 260 185 260 410 260 185 260 260 185 185 185 110 485 185 185 410 110 185 410 335 335 410 410 261 151 185 260 185 410 335 485 335 485 410 410 485 260 185 185 410 485 335 260 335 185 185 185 335 260 185 260 185 110 335 485 335 376 485 185 185 110 335 185 260 260 110 260 74 335 410 260 260 185 485 485 260 260 260 260 410 485 260 110 335 185 485 485 410 224 335 485 260 410 260 185 260 260 410 110 485 335 336 260 149 410 410 410 149 485 485 185 185 485 260 335 149 260 410 485 335 260 410 410 260 185 485 110 110 335 260 335 110 260 335 185 485 485 185 335 185 410 410 260 335 110 185 110 74 335 110 260 335 185 110 260 485 335 410 410 75 260 335 260 185 185 299 335 410 485 74 110 110 149 185 110 485 410 485 185 335 225 485 410 260 335 185 110 149 110 260 485 485 335 1 
c [Signal] Signal interruption. Caught signal: SIGTERM (15).
c [Label = 487] Encoding starts with target value = 75:
c [Label = 487] Encoding duration: 14667ms.
c [Label = 487] Number of clauses: 8626118.
c [Label = 487] Number of variables: 1056928.
c [Signal] Signal interruption. Caught signal: SIGTERM (15).
c [Label = 479] Minimize Makespan Labeling problem (X-can__715.mtx.rnd):
c [Main] Child pid 487 - 105781 terminated by signal 15.
c [Main] Child pid 486 - 105782 terminated by signal 15.
c [Label = 478] Minimize Makespan Labeling problem (X-can__715.mtx.rnd):
c [Label = 477] Minimize Makespan Labeling problem (X-can__715.mtx.rnd):
c [Label = 483] Encoding starts with target value = 75:
c [Label = 483] Encoding duration: 14576ms.
c [Label = 483] Number of clauses: 8564216.
c [Label = 483] Number of variables: 1051208.
c [Label = 483] Solving duration: 36722 ms.
s [Label = 483] SAT (w = 75).
c [Label = 483] Label assignment: 482 452 182 482 482 482 482 482 407 407 482 482 482 407 482 452 482 452 407 482 482 482 407 407 44 407 407 332 407 377 407 452 482 482 407 407 482 482 332 482 332 482 452 482 374 332 332 482 482 182 332 482 407 482 482 74 332 407 377 482 332 482 482 482 332 452 482 482 332 332 257 452 482 407 332 182 407 407 407 482 452 482 182 407 407 482 482 374 302 107 332 332 149 44 299 407 449 482 257 332 74 377 257 482 482 482 377 257 482 470 482 377 257 407 257 482 302 482 332 452 482 257 257 377 407 452 407 332 407 407 227 482 332 482 74 407 332 482 395 302 407 407 374 407 482 482 482 302 407 257 407 482 107 482 182 482 407 482 407 407 482 407 407 407 452 377 482 482 332 407 452 332 407 257 302 257 332 332 257 407 332 482 482 257 299 407 482 224 407 224 332 268 452 332 257 182 407 407 407 377 482 332 482 407 74 482 257 302 257 407 332 74 407 257 482 482 77 332 407 482 257 332 257 107 182 482 332 407 395 482 332 377 482 482 62 182 301 332 407 482 407 482 302 482 482 257 257 332 257 107 482 377 482 407 257 257 332 482 407 407 257 182 332 482 77 407 137 257 302 257 74 482 257 409 107 332 407 182 482 482 482 107 452 107 257 182 332 377 407 107 482 332 152 377 482 332 224 107 152 482 74 407 227 332 332 302 332 332 43 227 332 257 332 74 212 407 302 224 407 332 182 152 407 407 332 302 451 407 257 227 407 332 152 224 149 332 482 482 257 482 107 182 74 107 407 407 332 407 257 332 407 332 332 257 149 482 118 452 302 257 482 452 224 193 482 182 227 227 332 149 152 182 257 257 152 332 332 107 74 257 257 407 332 152 332 482 332 182 257 182 107 278 407 407 74 182 74 407 257 332 332 302 482 452 77 257 299 287 182 227 257 43 407 227 482 377 74 257 407 320 482 332 332 452 257 482 152 77 107 407 407 257 332 257 407 299 482 257 332 482 152 227 452 332 407 257 182 482 224 452 224 224 257 77 257 407 224 182 182 332 482 74 182 332 257 332 377 482 377 257 332 182 407 257 332 482 224 377 332 182 482 407 152 152 77 182 107 332 245 332 332 227 74 149 407 332 182 449 257 482 257 257 332 227 407 257 407 407 482 74 407 407 182 149 407 332 374 74 227 407 332 257 74 77 407 257 77 227 257 152 182 407 74 452 182 257 74 77 107 182 332 302 407 407 149 376 182 257 182 377 302 182 332 482 407 407 482 257 182 257 377 482 332 182 332 302 182 182 332 227 152 257 182 332 332 482 332 353 482 152 182 107 332 152 257 257 74 257 74 74 407 149 257 407 482 482 257 332 257 257 107 482 257 107 332 332 482 482 407 152 332 302 107 407 227 407 227 257 407 107 482 332 451 107 149 299 302 224 118 452 257 224 182 482 149 149 77 227 407 482 107 227 407 407 152 182 482 107 407 149 257 332 407 227 332 152 482 482 257 332 182 407 407 257 302 107 182 407 44 332 107 257 332 182 182 257 482 257 407 407 482 182 332 257 182 182 203 332 377 482 224 107 107 74 74 107 482 407 482 74 149 374 482 407 257 332 257 107 152 107 257 482 483 302 1 
c [Main] Lowest label SAT is set to 483.
c [Main] Kill higher label pid 484.
c [Label = 484] Encoding starts with target value = 75:
c [Label = 484] Encoding duration: 14810ms.
c [Label = 484] Number of clauses: 8579692.
c [Label = 484] Number of variables: 1052638.
c [Signal] Signal interruption. Caught signal: SIGTERM (15).
c [Label = 476] Minimize Makespan Labeling problem (X-can__715.mtx.rnd):
c [Main] Child pid 484 - 105800 terminated by signal 15.
c [Label = 475] Minimize Makespan Labeling problem (X-can__715.mtx.rnd):
c [Label = 482] Encoding starts with target value = 75:
c [Label = 482] Encoding duration: 14492ms.
c [Label = 482] Number of clauses: 8548741.
c [Label = 482] Number of variables: 1049778.
c [Label = 482] Solving duration: 40559 ms.
s [Label = 482] SAT (w = 75).
c [Label = 482] Label assignment: 481 452 158 481 481 458 481 481 406 406 481 481 481 406 481 452 458 452 383 481 481 481 383 406 45 406 406 331 406 377 406 452 481 481 406 383 458 481 308 481 308 481 452 481 386 331 331 481 481 149 331 481 406 481 383 51 331 406 377 481 331 481 481 481 331 452 308 481 331 458 233 452 481 406 331 181 406 406 383 481 452 458 481 406 406 481 481 201 302 83 233 331 149 45 45 406 461 406 256 331 51 377 256 481 481 458 377 458 383 481 481 377 256 406 331 481 302 481 308 452 481 256 406 377 406 452 406 331 406 406 227 481 331 481 383 406 331 481 406 302 406 406 308 377 481 481 481 302 406 256 406 481 106 481 181 481 308 481 406 406 481 406 406 406 452 377 481 481 331 406 452 331 383 256 302 233 331 308 51 406 331 458 481 256 201 406 481 224 406 452 331 279 452 331 149 181 406 406 406 377 481 331 481 406 51 481 308 302 256 406 331 51 406 149 481 481 77 331 406 481 256 331 256 256 51 481 331 383 406 481 331 377 481 481 74 181 233 331 383 481 406 481 302 331 481 216 256 331 256 152 481 377 481 406 256 233 331 481 406 406 256 181 331 481 77 406 149 227 302 256 217 481 256 408 83 308 406 158 481 481 481 83 452 106 227 181 152 377 201 51 481 331 152 377 481 331 74 51 152 481 224 406 227 227 219 406 331 331 54 227 331 256 331 74 224 406 302 224 406 308 256 152 406 406 331 302 458 406 256 227 331 331 152 452 149 331 481 481 51 458 106 181 74 83 383 74 331 406 233 331 83 331 331 256 149 481 126 452 302 256 458 302 208 204 481 158 256 227 331 149 152 181 256 256 152 331 331 106 51 256 233 406 331 152 308 458 331 141 181 181 106 279 406 406 74 331 224 406 256 256 331 302 458 452 77 256 311 299 181 227 256 354 406 308 481 227 458 256 74 331 481 331 331 452 311 481 377 77 406 406 383 256 331 256 406 299 481 299 308 481 152 227 452 331 406 256 181 481 224 452 51 224 83 77 256 74 218 158 181 256 481 74 302 331 256 331 377 481 377 406 308 406 406 256 331 331 308 377 331 181 481 406 152 152 77 181 83 308 149 331 256 227 74 149 383 331 181 276 256 458 256 256 299 227 406 256 406 83 331 224 406 406 181 149 406 308 374 74 227 406 331 256 74 233 406 256 77 227 256 152 458 181 233 452 181 181 74 77 181 406 331 302 406 458 236 383 181 149 181 377 227 386 331 481 406 256 481 256 233 51 377 481 142 256 331 302 106 181 331 227 152 158 181 224 308 481 481 354 481 152 181 106 331 152 256 256 51 256 74 74 406 133 233 308 481 481 256 331 256 106 406 481 256 106 331 181 481 481 406 181 331 227 256 406 227 383 227 158 406 83 481 331 461 256 149 224 302 51 129 452 481 208 181 481 126 149 106 227 406 481 126 227 383 383 152 181 481 106 83 149 256 51 256 227 256 152 481 481 233 331 181 406 406 256 302 83 181 406 45 481 83 256 308 233 106 256 458 256 406 406 302 181 83 256 181 181 204 331 331 406 161 106 83 224 86 83 481 406 481 51 149 51 481 383 256 331 74 106 152 106 256 481 482 302 1 
c [Main] Lowest label SAT is set to 482.
c [Label = 474] Minimize Makespan Labeling problem (X-can__715.mtx.rnd):
c [Label = 481] Encoding starts with target value = 75:
c [Label = 481] Encoding duration: 15051ms.
c [Label = 481] Number of clauses: 8533265.
c [Label = 481] Number of variables: 1048348.
c [Label = 481] Solving duration: 40855 ms.
s [Label = 481] SAT (w = 75).
c [Label = 481] Label assignment: 480 480 180 480 480 180 480 480 405 405 480 480 480 405 480 480 331 480 180 422 480 480 331 405 74 405 347 330 405 405 405 480 331 480 405 330 405 480 256 480 256 480 480 480 405 330 330 480 480 105 330 480 405 180 331 105 330 405 405 480 330 480 480 480 330 480 30 480 330 331 180 480 480 405 330 180 405 405 105 480 480 480 330 405 405 480 480 406 330 105 256 330 255 75 75 480 300 255 255 330 105 405 255 480 480 406 405 180 256 480 480 405 255 405 105 480 330 480 181 480 480 255 255 405 405 480 330 330 405 405 255 480 405 480 331 405 330 480 405 330 405 405 331 181 480 106 480 330 405 405 405 106 105 405 180 480 331 480 405 405 480 405 405 405 480 405 480 480 330 405 480 330 256 255 330 180 330 406 106 405 330 331 480 255 75 405 480 224 405 331 330 300 480 181 255 180 405 255 405 405 480 330 480 330 106 480 105 480 105 405 330 331 255 105 331 480 105 330 256 480 255 330 255 74 180 480 330 330 299 480 330 150 480 480 224 180 481 330 330 480 405 480 330 330 480 331 255 330 255 180 480 405 480 405 255 331 330 480 405 405 255 180 330 480 105 405 74 330 330 330 255 480 255 407 105 480 405 255 480 480 480 105 180 105 405 180 180 480 255 105 480 330 180 330 480 330 256 256 405 480 481 405 255 405 256 405 330 330 480 149 330 255 330 105 300 330 330 224 405 255 180 330 405 405 330 330 225 405 255 180 330 330 330 331 149 405 480 480 180 481 105 180 180 105 255 405 330 405 180 480 405 330 330 255 149 180 150 480 330 255 481 481 3 75 480 106 255 255 330 74 224 180 255 255 255 330 330 105 481 255 180 405 330 180 406 481 480 46 272 180 105 225 405 405 180 180 481 405 255 255 330 330 31 480 105 255 224 149 180 255 255 481 405 181 480 405 481 255 256 330 480 330 330 480 119 480 255 105 405 405 331 149 180 255 405 299 480 105 405 480 180 255 480 330 405 255 180 481 224 480 105 180 255 105 256 180 180 256 180 330 180 105 255 330 255 330 405 480 405 255 330 180 105 255 330 480 331 405 330 180 181 405 180 180 105 180 181 256 255 105 330 224 405 149 105 330 255 256 255 331 255 255 105 255 405 255 405 106 181 16 405 405 181 255 405 181 181 105 255 405 330 255 480 105 405 255 180 255 180 180 406 405 481 480 180 255 405 105 105 405 330 330 405 181 330 406 180 255 255 405 256 299 330 480 405 180 480 255 255 256 405 480 405 105 330 180 105 180 330 180 105 255 180 181 181 480 480 150 480 180 180 105 330 180 255 255 106 255 74 149 405 181 255 256 480 480 255 480 255 106 74 480 255 105 330 330 480 480 406 180 330 480 105 405 255 181 255 180 405 105 480 330 194 105 149 181 405 106 375 480 480 256 255 481 406 330 330 255 405 480 330 255 331 331 255 180 480 105 405 105 255 105 106 255 330 330 480 480 180 330 180 405 405 255 330 105 180 331 74 480 105 255 330 255 180 255 481 330 405 405 75 105 405 255 255 180 74 330 255 405 149 105 105 180 405 105 480 405 480 481 330 406 330 331 255 330 180 105 149 180 255 480 480 480 1 
c [Main] Lowest label SAT is set to 481.
c [Label = 473] Minimize Makespan Labeling problem (X-can__715.mtx.rnd):
c [Label = 477] Encoding starts with target value = 75:
c [Label = 477] Encoding duration: 14337ms.
c [Label = 477] Number of clauses: 8471363.
c [Label = 477] Number of variables: 1042628.
c [Label = 477] Solving duration: 35516 ms.
s [Label = 477] SAT (w = 75).
c [Label = 477] Label assignment: 476 476 176 476 476 476 476 476 401 401 476 476 476 401 476 476 299 476 149 476 476 476 299 401 74 401 401 326 401 401 401 476 476 476 401 326 401 476 74 476 299 476 476 476 130 326 326 476 476 101 326 476 401 476 299 476 326 401 401 476 326 476 476 476 326 476 476 476 326 299 74 476 476 401 326 176 401 401 476 476 476 476 326 401 401 476 476 149 326 101 401 326 226 75 226 476 205 476 251 326 74 401 251 476 476 476 401 476 50 476 476 326 251 401 326 476 326 476 224 326 476 251 401 299 401 476 326 326 401 401 251 476 401 476 224 401 326 476 401 374 401 401 301 151 476 476 476 476 401 401 401 476 101 401 176 476 299 476 401 401 476 401 401 401 476 401 476 476 224 401 476 326 74 251 326 401 326 401 476 401 326 476 476 251 226 401 476 224 401 301 326 49 476 326 251 176 401 251 401 401 326 326 476 326 74 476 74 476 101 401 326 50 476 224 476 476 299 326 149 476 251 326 251 101 149 476 326 326 326 476 326 150 476 476 224 176 451 326 326 476 401 476 326 476 476 299 101 326 299 251 476 401 476 401 251 251 74 476 401 401 251 176 326 476 299 401 149 251 251 326 74 476 251 403 101 224 401 149 476 476 476 101 251 101 401 176 326 476 299 101 476 326 176 326 476 326 224 74 401 476 149 401 251 251 149 326 326 326 451 251 326 251 326 74 299 326 326 224 401 149 176 326 401 401 326 326 199 401 251 251 401 326 401 301 149 401 476 476 224 476 101 176 101 101 251 74 326 401 74 326 251 326 224 251 149 74 124 476 326 251 476 477 299 274 401 401 401 401 326 176 176 176 251 251 176 326 326 101 74 251 251 401 326 176 401 452 251 224 251 176 101 280 401 401 176 176 149 401 251 299 326 326 476 476 101 251 374 401 251 251 401 451 401 151 476 299 452 251 224 326 476 326 251 476 50 476 149 74 101 476 301 251 326 251 401 299 476 224 224 476 176 401 476 326 401 251 176 476 224 476 224 151 251 101 326 401 151 149 224 251 476 149 176 326 251 326 401 476 401 401 326 401 251 251 326 476 301 299 326 176 376 401 176 176 101 326 176 226 251 326 251 176 74 251 74 326 176 49 251 476 251 251 149 176 401 251 401 74 476 74 401 401 476 401 401 149 151 149 326 401 326 251 476 74 401 251 101 149 251 176 401 176 74 476 149 251 176 101 101 401 326 251 401 149 224 49 176 176 176 401 226 402 326 476 401 251 476 251 401 326 401 476 149 251 326 251 74 176 326 224 251 176 176 50 151 476 326 355 476 224 176 74 74 224 251 251 76 251 74 74 401 224 251 224 476 476 251 476 251 251 251 476 251 101 326 326 476 476 401 224 326 476 101 401 251 149 149 176 401 251 476 326 327 101 149 224 401 224 124 476 326 226 176 476 376 476 149 176 401 476 224 251 301 301 176 176 476 101 251 149 251 74 149 401 326 149 476 476 176 326 176 401 401 251 326 101 74 149 74 251 101 251 326 101 176 251 476 251 401 401 74 251 251 251 176 176 49 326 401 476 299 101 101 74 401 101 476 401 476 451 326 376 476 301 251 326 326 101 149 101 251 476 476 476 1 
c [Main] Lowest label SAT is set to 477.
c [Main] Kill higher label pid 478.
c [Main] Kill higher label pid 479.
c [Main] Kill higher label pid 480.
c [Label = 478] Encoding starts with target value = 75:
c [Label = 478] Encoding duration: 14765ms.
c [Label = 478] Number of clauses: 8486839.
c [Label = 478] Number of variables: 1044058.
c [Signal] Signal interruption. Caught signal: SIGTERM (15).
c [Label = 480] Encoding starts with target value = 75:
c [Label = 480] Encoding duration: 14937ms.
c [Label = 480] Number of clauses: 8517790.
c [Label = 480] Number of variables: 1046918.
c [Label = 480] Solving duration: 41238 ms.
s [Label = 480] SAT (w = 75).
c [Label = 480] Label assignment: 479 452 104 479 479 180 479 479 404 404 479 479 479 404 479 452 405 452 209 255 479 479 299 404 47 404 404 329 404 377 404 452 479 479 404 209 404 479 299 479 449 479 452 479 374 329 329 479 479 105 329 479 404 179 405 29 329 404 377 479 329 479 479 479 329 452 224 479 329 449 47 452 479 404 329 179 404 255 330 479 452 479 299 404 404 479 479 121 302 179 105 329 134 180 30 374 299 479 254 329 30 377 254 479 479 374 377 180 435 404 479 377 254 404 404 479 302 479 255 452 479 254 404 377 404 452 464 329 404 404 227 479 329 479 479 404 329 479 329 302 404 404 330 180 479 180 479 302 404 254 404 480 104 479 179 479 360 479 404 404 479 404 404 404 452 377 479 479 329 404 452 329 405 254 302 404 329 374 330 404 329 180 479 254 285 404 479 224 404 210 329 451 452 479 104 179 404 404 404 377 329 329 479 404 451 479 377 302 179 404 329 284 479 104 452 479 77 329 405 479 254 329 254 179 180 479 329 224 299 479 329 405 479 479 479 179 285 329 479 480 404 479 302 254 479 330 254 329 254 152 479 377 479 404 254 180 329 479 404 404 254 179 329 479 77 404 299 179 302 254 299 479 254 406 179 329 404 329 479 479 480 179 452 104 227 179 104 377 255 179 479 329 152 377 479 329 105 180 152 479 180 404 227 74 479 404 329 329 46 227 329 179 329 74 196 404 302 224 404 180 179 152 404 404 329 302 271 254 254 227 329 254 404 255 149 329 479 479 404 284 104 179 74 179 405 254 329 404 209 329 254 329 329 254 149 479 121 452 302 254 284 330 255 196 404 404 254 227 329 179 152 179 254 254 152 329 329 104 255 254 329 404 329 152 359 479 359 105 329 179 104 224 404 404 74 179 255 404 254 254 329 302 255 452 77 254 449 74 179 227 179 360 404 255 479 227 180 254 105 224 479 329 254 452 210 479 377 77 404 479 434 254 329 254 404 299 479 374 134 479 152 227 452 329 404 254 179 479 224 452 374 209 254 77 179 179 180 254 179 180 104 434 302 329 254 254 377 479 377 404 329 404 404 254 329 479 360 377 329 179 449 405 152 152 77 179 105 359 149 329 329 227 299 149 254 329 179 435 254 449 254 254 330 227 404 254 404 104 479 480 404 404 254 284 404 480 360 59 227 405 329 179 479 180 404 254 77 227 254 152 449 179 284 452 179 254 74 77 104 404 329 302 404 210 135 46 104 105 179 377 480 435 254 479 404 374 479 254 149 299 377 479 74 224 329 302 105 179 329 179 77 104 179 285 330 479 479 121 479 152 179 105 329 152 254 254 405 254 74 104 404 180 254 480 479 479 254 329 254 105 404 359 329 104 329 329 479 479 404 179 329 227 104 404 227 224 227 74 404 254 479 329 285 179 149 180 302 30 375 452 329 180 105 479 105 149 329 227 404 479 105 227 330 255 152 179 479 104 254 180 254 330 105 227 329 302 479 479 255 329 104 404 404 254 302 179 179 105 47 329 179 254 330 179 179 254 480 254 404 404 374 224 104 254 179 179 451 329 104 404 254 179 179 255 404 179 479 404 479 30 149 46 479 434 254 329 299 104 152 404 254 479 480 152 1 
c [Signal] Signal interruption. Caught signal: SIGTERM (15).
c [Label = 479] Encoding starts with target value = 75:
c [Label = 479] Encoding duration: 14556ms.
c [Label = 479] Number of clauses: 8502314.
c [Label = 479] Number of variables: 1045488.
c [Signal] Signal interruption. Caught signal: SIGTERM (15).
c [Label = 472] Minimize Makespan Labeling problem (X-can__715.mtx.rnd):
c [Main] Child pid 480 - 105821 terminated by signal 15.
c [Label = 471] Minimize Makespan Labeling problem (X-can__715.mtx.rnd):
c [Main] Child pid 478 - 105827 terminated by signal 15.
c [Label = 470] Minimize Makespan Labeling problem (X-can__715.mtx.rnd):
c [Main] Child pid 479 - 105826 terminated by signal 15.
c [Label = 469] Minimize Makespan Labeling problem (X-can__715.mtx.rnd):
c [Label = 476] Encoding starts with target value = 75:
c [Label = 476] Encoding duration: 14198ms.
c [Label = 476] Number of clauses: 8455888.
c [Label = 476] Number of variables: 1041198.
c [Label = 476] Solving duration: 35808 ms.
s [Label = 476] SAT (w = 75).
c [Label = 476] Label assignment: 475 475 152 475 475 326 475 475 401 400 475 475 475 400 475 475 452 475 377 475 475 475 251 400 74 400 400 325 400 400 400 475 475 475 400 377 452 475 302 475 251 475 475 475 377 325 325 475 475 302 325 475 400 452 227 51 325 400 400 475 325 475 475 475 325 475 377 475 325 302 227 475 475 400 325 175 400 400 377 326 475 475 127 400 400 475 475 377 325 77 101 325 149 202 201 475 452 403 250 325 51 400 250 475 475 475 400 326 377 475 475 400 250 400 325 475 325 475 302 475 475 250 400 400 400 475 400 302 400 400 250 250 400 475 251 400 325 475 400 325 400 400 227 427 475 51 475 325 400 400 400 51 100 400 175 475 452 475 400 400 475 400 400 400 475 400 475 475 325 400 475 325 452 250 325 227 325 227 51 400 325 51 475 250 201 400 475 224 400 276 325 280 475 325 149 175 400 227 400 400 475 325 475 325 302 475 401 475 250 400 325 51 400 175 475 475 100 325 400 475 250 325 77 2 176 475 325 377 400 475 325 51 475 325 227 175 227 325 377 452 400 475 325 325 475 224 227 325 250 152 475 400 475 400 227 302 325 475 400 400 250 175 250 475 100 400 152 325 325 325 51 475 250 402 77 302 250 152 475 475 475 77 175 250 400 175 152 475 476 74 475 325 175 325 475 475 77 149 400 475 227 400 250 325 51 250 325 325 51 149 325 250 325 74 377 325 325 224 400 302 400 325 400 400 325 325 452 400 250 175 325 325 127 277 149 400 475 475 176 452 100 175 175 400 227 77 325 400 227 250 77 325 325 250 149 475 126 475 325 250 452 452 224 201 325 101 400 250 325 100 224 175 250 250 250 325 325 100 51 250 227 400 325 175 302 452 325 74 250 175 100 281 400 400 175 325 51 400 227 250 325 325 26 475 100 77 302 302 250 250 250 51 400 51 475 400 302 325 77 325 475 325 326 475 250 475 250 100 400 475 377 149 475 250 175 299 475 224 302 475 175 250 475 400 400 250 175 476 224 475 452 224 77 100 250 377 224 152 175 250 475 74 250 325 250 325 400 100 400 250 250 400 100 250 325 475 452 400 250 175 302 377 175 175 100 175 176 302 175 100 250 224 74 149 400 325 250 452 250 452 227 250 152 250 400 250 400 77 325 224 400 400 175 149 400 299 374 74 250 377 325 250 51 302 400 250 152 250 325 175 452 100 51 475 175 250 400 100 250 400 325 325 400 302 175 51 152 175 175 400 352 126 325 475 400 250 475 227 101 325 400 475 302 175 325 175 152 175 325 175 100 175 175 377 377 475 74 356 475 175 175 100 325 175 250 400 202 250 74 175 400 400 227 51 475 475 250 250 250 100 400 475 250 100 302 175 475 475 401 224 325 475 175 400 250 377 250 325 400 325 475 325 452 250 149 452 400 51 126 475 251 452 175 475 126 325 325 250 400 475 77 250 277 51 250 175 475 100 77 152 250 401 74 250 400 325 475 475 51 325 175 400 400 250 325 77 175 152 74 475 77 227 302 175 74 250 377 325 400 400 202 250 328 250 175 250 206 325 400 475 100 77 77 250 325 77 475 400 475 51 325 355 325 377 250 325 475 100 149 100 250 475 475 175 1 
c [Main] Lowest label SAT is set to 476.
c [Label = 468] Minimize Makespan Labeling problem (X-can__715.mtx.rnd):
c [Label = 475] Encoding starts with target value = 75:
c [Label = 475] Encoding duration: 14489ms.
c [Label = 475] Number of clauses: 8440412.
c [Label = 475] Number of variables: 1039768.
c [Label = 475] Solving duration: 41783 ms.
s [Label = 475] SAT (w = 75).
c [Label = 475] Label assignment: 474 474 99 474 474 100 474 474 324 399 474 474 474 399 474 474 125 474 100 474 474 474 350 400 74 399 399 174 399 399 400 474 350 474 399 125 474 474 200 474 175 474 474 474 426 324 324 474 474 324 324 474 399 100 100 275 324 399 399 474 399 474 474 474 325 474 125 474 249 350 374 474 474 399 324 174 399 399 200 474 474 399 474 399 399 474 474 101 324 174 200 324 449 125 350 324 276 324 249 324 125 399 249 474 474 474 399 275 25 474 474 399 249 399 324 474 324 474 350 474 474 249 324 399 399 474 374 324 399 399 249 474 399 324 25 399 324 474 399 324 399 399 249 200 474 275 474 324 399 249 399 174 99 249 174 474 275 474 399 399 399 399 399 399 474 399 474 474 324 399 474 324 99 249 324 299 324 474 275 399 324 275 474 249 26 399 474 174 399 251 324 276 474 324 99 174 399 174 399 399 351 324 474 399 125 474 275 474 249 399 324 350 201 250 125 474 99 324 99 399 249 324 249 249 474 474 99 125 399 474 324 275 474 474 174 174 350 249 399 475 399 474 324 174 474 174 249 324 249 324 474 399 474 399 249 249 324 474 399 399 249 174 324 474 99 399 399 324 324 324 200 474 249 401 399 200 249 399 474 474 475 174 249 324 399 174 399 474 350 249 474 324 174 399 474 324 74 99 399 474 275 399 249 276 200 174 324 249 351 249 324 249 324 99 249 324 324 224 249 174 399 324 399 399 324 324 26 399 249 249 249 174 449 26 149 324 474 474 275 200 99 174 99 324 250 99 249 399 149 174 399 324 324 249 149 474 351 474 324 249 275 200 200 201 474 399 250 249 249 174 174 99 249 249 174 324 324 99 350 324 324 324 249 174 200 200 474 249 249 99 99 201 324 399 174 324 25 399 249 325 324 324 50 474 99 399 126 324 174 249 249 426 399 200 474 399 350 249 399 99 174 324 174 474 200 174 249 99 174 399 350 249 99 249 174 299 474 275 224 474 174 249 474 399 399 249 174 474 224 474 275 50 174 99 299 100 50 449 174 249 224 50 174 249 249 249 399 474 399 324 399 99 174 324 324 474 275 399 201 174 474 400 174 174 99 174 324 275 474 99 249 249 374 149 474 324 174 176 249 175 249 249 200 249 399 249 399 374 224 200 399 399 74 299 399 350 101 52 249 400 249 324 99 125 399 249 99 249 249 174 449 399 350 474 174 249 399 99 324 399 324 324 399 200 276 174 99 174 174 399 350 426 174 474 399 99 474 249 200 324 399 474 399 276 324 174 99 174 324 174 99 275 174 200 350 474 399 426 249 174 174 474 324 174 324 399 125 324 74 74 399 399 249 25 474 474 249 249 249 275 324 449 474 99 324 174 474 474 399 174 174 474 174 399 249 350 249 324 399 125 249 324 26 249 149 174 324 108 126 474 474 200 174 474 425 324 99 174 399 474 74 249 275 275 324 174 474 99 174 474 249 175 174 249 324 324 474 474 100 324 99 399 399 249 324 174 174 249 74 149 174 249 325 249 99 249 350 324 399 399 275 174 125 174 174 324 51 324 249 474 201 174 174 324 74 324 474 399 474 350 324 101 474 350 249 474 374 99 149 99 324 474 474 174 1 
c [Main] Lowest label SAT is set to 475.
c [Label = 467] Minimize Makespan Labeling problem (X-can__715.mtx.rnd):
c [Label = 474] Encoding starts with target value = 75:
c [Label = 474] Encoding duration: 14387ms.
c [Label = 474] Number of clauses: 8424937.
c [Label = 474] Number of variables: 1038338.
c [Label = 474] Solving duration: 39914 ms.
s [Label = 474] SAT (w = 75).
c [Label = 474] Label assignment: 473 452 173 473 473 473 473 473 398 398 473 473 473 398 473 452 473 452 398 473 473 473 323 398 53 398 398 323 398 377 398 452 473 473 398 398 473 473 323 473 323 473 452 473 449 323 323 473 473 77 323 473 398 473 398 77 323 398 377 473 323 473 473 473 323 452 398 473 323 473 173 452 473 398 323 173 398 398 398 473 452 473 323 398 398 473 473 377 302 98 224 323 248 77 53 473 51 398 248 323 74 377 248 473 473 473 377 473 77 473 473 377 248 398 299 473 302 473 323 452 473 248 398 377 398 452 398 323 398 398 227 473 323 473 152 398 323 473 398 302 398 398 302 399 473 473 473 302 398 248 398 473 98 398 173 473 398 473 398 398 473 398 398 398 452 377 473 473 323 398 452 323 398 248 302 173 323 323 152 398 323 473 473 248 53 398 473 224 398 149 323 51 452 323 248 173 398 398 398 377 473 323 473 323 77 473 398 302 248 398 323 74 398 248 473 473 77 323 398 473 248 323 248 248 77 473 323 398 206 473 323 377 473 473 281 173 473 323 398 473 398 473 302 473 473 149 248 323 248 152 473 377 473 398 248 152 323 473 398 398 248 173 323 473 77 398 131 227 302 248 149 473 248 400 98 323 398 248 473 473 473 98 452 98 227 173 152 377 323 98 473 323 152 377 473 323 248 248 398 473 98 398 227 248 149 302 323 323 201 227 323 248 323 74 206 398 302 224 398 323 248 152 398 398 323 302 126 398 149 227 398 323 323 149 149 398 473 473 74 473 98 173 224 98 398 74 323 398 173 323 98 323 323 248 149 473 299 452 302 248 473 452 152 449 473 248 227 227 323 74 152 173 248 248 152 323 323 98 77 248 248 398 323 152 323 473 323 74 248 173 98 449 398 398 173 323 149 398 248 323 323 302 2 452 77 248 374 356 173 227 248 224 398 152 473 227 473 248 323 206 473 323 323 452 98 473 377 77 98 398 398 248 323 248 398 299 473 323 323 473 152 227 452 323 398 248 173 473 224 452 74 152 98 77 248 398 152 248 173 224 473 74 302 323 248 323 377 473 377 398 323 398 149 248 323 473 152 377 323 173 323 398 152 152 77 173 77 323 131 323 224 227 77 149 398 323 173 452 248 473 248 248 98 227 398 248 398 398 473 77 398 398 173 248 398 323 302 98 227 398 323 248 173 248 398 248 77 227 248 152 173 173 152 452 173 173 74 77 173 398 323 302 398 302 173 398 173 131 173 377 302 173 323 473 398 398 473 248 173 173 377 473 248 173 323 302 173 173 323 227 152 248 173 152 323 473 323 356 473 152 173 98 323 152 248 248 77 248 74 323 398 248 248 323 473 473 248 323 248 248 398 473 248 98 323 173 473 473 398 152 323 227 248 398 227 398 227 98 398 98 473 323 302 248 149 473 302 323 281 452 473 152 149 473 227 149 77 227 398 473 173 227 398 398 152 173 473 98 98 77 248 74 98 227 323 152 473 473 152 323 173 398 398 248 302 98 173 398 53 323 98 248 323 248 98 248 473 248 398 398 74 248 173 248 173 173 126 323 377 473 98 98 98 206 248 98 473 398 473 377 74 374 473 398 248 323 98 98 152 98 248 473 474 302 1 
c [Main] Lowest label SAT is set to 474.
c [Label = 466] Minimize Makespan Labeling problem (X-can__715.mtx.rnd):
c [Label = 473] Encoding starts with target value = 75:
c [Label = 473] Encoding duration: 14440ms.
c [Label = 473] Number of clauses: 8409461.
c [Label = 473] Number of variables: 1036908.
c [Label = 473] Solving duration: 39838 ms.
s [Label = 473] SAT (w = 75).
c [Label = 473] Label assignment: 472 472 149 472 472 226 472 472 397 397 472 472 472 397 472 472 376 472 224 299 472 472 472 397 74 397 397 322 397 397 397 472 472 472 397 224 374 472 299 472 376 472 472 472 248 322 322 472 472 149 322 472 397 149 224 472 322 397 397 472 322 472 472 472 322 472 224 472 322 472 54 472 472 397 322 172 397 397 295 472 472 472 322 397 397 472 472 224 322 224 397 322 149 203 299 397 323 472 247 322 53 397 247 472 472 374 397 299 376 472 472 397 247 397 322 472 322 472 53 472 472 247 397 397 397 472 377 322 397 397 247 472 397 472 451 397 322 472 397 322 397 397 301 451 472 299 472 322 397 397 397 226 97 472 172 472 224 472 397 397 472 397 397 397 472 397 472 472 322 397 472 322 376 247 322 397 322 299 299 397 322 301 472 247 300 397 472 224 397 375 322 323 472 472 149 172 397 247 397 397 472 322 472 397 224 472 301 472 247 397 322 397 397 299 452 472 97 322 374 472 247 322 247 247 224 472 322 247 397 472 322 53 472 472 98 172 301 322 472 472 397 472 322 472 472 224 247 322 247 172 472 397 472 397 74 301 322 472 397 397 247 172 322 472 97 397 173 322 322 322 397 472 247 399 224 299 397 322 472 472 472 74 172 97 397 172 172 472 376 224 472 322 172 322 472 322 74 299 397 472 451 397 247 322 397 397 322 322 75 149 322 247 322 74 323 322 322 224 397 224 247 322 397 397 322 322 398 397 247 172 322 322 128 374 149 322 472 472 322 451 97 172 172 247 376 397 322 397 224 322 74 322 322 247 149 247 150 472 322 247 451 451 53 473 322 224 247 247 322 97 224 247 247 74 247 322 322 97 472 247 322 397 322 172 301 472 224 149 322 172 97 398 397 397 172 322 451 397 247 74 322 322 53 472 97 74 472 248 247 247 247 75 397 53 472 397 451 247 397 322 472 322 74 472 397 472 247 97 397 472 376 149 322 247 397 299 472 322 149 472 172 247 472 322 397 247 172 472 224 472 301 224 74 97 322 224 204 224 172 247 472 376 247 322 247 247 397 472 397 397 322 397 97 247 322 472 225 397 247 172 472 397 172 172 97 172 149 301 247 97 247 224 74 149 172 322 247 451 247 397 247 247 149 172 397 247 397 149 472 451 397 397 224 299 397 451 224 54 247 397 322 247 54 224 397 247 172 247 247 172 74 172 472 472 172 172 397 97 172 397 322 322 397 451 173 74 149 172 172 397 278 128 322 472 397 322 472 247 397 224 397 472 97 172 322 172 149 172 322 172 97 149 172 299 451 472 397 248 472 172 172 149 322 172 74 247 203 247 74 172 397 149 226 374 472 472 172 472 247 149 74 452 74 97 322 172 472 472 376 172 322 472 247 397 247 224 247 97 397 247 472 322 472 247 149 451 397 53 150 472 322 299 172 472 128 322 322 247 397 472 74 247 376 376 247 172 472 97 74 149 247 53 74 247 397 322 472 472 226 322 172 397 397 247 322 224 172 397 74 74 247 247 301 172 97 247 451 322 397 397 203 149 128 74 172 172 473 301 97 472 397 74 74 322 322 74 472 397 472 53 322 225 472 376 247 322 472 97 149 97 247 472 472 472 1 
c [Main] Lowest label SAT is set to 473.
c [Label = 465] Minimize Makespan Labeling problem (X-can__715.mtx.rnd):
c [Label = 471] Encoding starts with target value = 75:
c [Label = 471] Encoding duration: 13978ms.
c [Label = 471] Number of clauses: 8378510.
c [Label = 471] Number of variables: 1034048.
c [Label = 471] Solving duration: 34967 ms.
s [Label = 471] SAT (w = 75).
c [Label = 471] Label assignment: 470 452 225 470 470 307 470 470 395 74 470 470 470 395 470 452 382 452 232 470 470 470 382 149 56 395 395 61 395 377 396 452 382 470 395 395 470 470 307 457 382 470 452 470 382 396 320 470 470 157 320 470 395 56 382 232 320 395 377 470 149 470 470 470 396 452 307 470 320 382 232 452 470 395 320 170 395 395 307 470 452 470 56 395 395 470 470 82 302 321 232 320 149 82 157 395 307 382 245 320 232 377 245 470 470 470 377 307 82 470 470 377 245 395 320 470 302 470 232 452 382 245 382 377 395 452 395 150 395 395 227 470 377 470 232 382 320 470 395 302 395 395 374 232 470 382 470 302 395 245 395 320 95 470 170 470 307 470 395 395 470 395 395 395 452 377 470 470 320 395 452 320 82 245 302 74 320 470 307 395 320 382 470 245 61 395 470 224 395 307 320 299 452 320 232 170 395 149 395 377 470 320 470 395 82 470 157 302 300 395 320 157 395 307 470 470 77 320 157 470 245 320 320 300 78 470 320 157 395 470 320 382 470 470 320 170 382 307 395 471 395 470 302 470 470 307 320 320 245 152 470 377 470 395 149 157 320 470 395 395 245 170 320 149 77 395 245 227 302 302 82 470 245 397 74 307 395 245 470 470 471 75 452 74 227 170 395 377 382 74 470 320 152 377 470 320 157 232 395 470 157 396 227 157 232 395 320 320 457 227 320 245 320 74 395 302 302 224 395 320 395 152 395 61 320 302 61 395 149 227 74 74 307 82 149 320 470 470 157 157 95 170 224 320 382 74 232 395 74 149 457 320 320 245 149 470 211 452 302 245 470 307 307 382 470 307 302 227 320 74 152 245 245 149 152 320 320 95 232 320 245 395 320 152 307 382 320 82 245 157 245 382 395 395 170 320 232 395 150 149 320 302 382 452 77 149 232 149 227 227 307 457 395 232 470 377 157 245 157 170 61 245 149 452 307 56 152 77 395 395 382 245 245 245 170 299 471 307 320 470 152 227 452 395 395 245 170 470 224 452 157 74 74 77 245 232 82 157 170 245 470 74 302 320 245 320 377 470 377 149 320 395 149 245 320 470 307 377 320 170 470 396 152 152 77 170 232 307 245 320 245 227 232 149 395 149 170 382 245 382 300 170 82 227 395 245 150 395 470 82 395 395 170 149 395 157 232 245 227 396 320 149 452 157 395 170 56 227 224 152 395 320 82 452 170 245 74 77 320 395 320 302 395 232 82 136 74 170 149 377 157 395 320 470 157 307 470 320 82 320 377 470 232 157 320 302 170 170 320 227 74 157 82 82 232 470 395 149 470 152 170 95 320 152 149 395 82 245 74 224 395 395 150 232 470 470 170 149 245 245 149 470 149 95 321 170 470 457 395 224 74 227 170 395 227 157 227 170 395 170 470 320 206 307 149 299 302 232 224 452 61 157 170 470 457 149 74 227 395 470 232 227 307 307 152 245 470 95 74 232 245 82 157 227 320 302 470 470 232 320 95 382 395 232 302 320 170 245 56 320 74 307 307 245 95 245 382 245 395 377 374 170 146 149 149 245 61 320 149 470 157 170 74 320 232 307 470 395 470 157 74 136 470 382 245 382 82 95 149 95 245 470 471 152 1 
c [Main] Lowest label SAT is set to 471.
c [Main] Kill higher label pid 472.
c [Label = 472] Encoding starts with target value = 75:
c [Label = 472] Encoding duration: 14241ms.
c [Label = 472] Number of clauses: 8393986.
c [Label = 472] Number of variables: 1035478.
c [Signal] Signal interruption. Caught signal: SIGTERM (15).
c [Label = 464] Minimize Makespan Labeling problem (X-can__715.mtx.rnd):
c [Main] Child pid 472 - 105872 terminated by signal 15.
c [Label = 463] Minimize Makespan Labeling problem (X-can__715.mtx.rnd):
c [Label = 470] Encoding starts with target value = 75:
c [Label = 470] Encoding duration: 14508ms.
c [Label = 470] Number of clauses: 8363035.
c [Label = 470] Number of variables: 1032618.
c [Label = 470] Solving duration: 34929 ms.
s [Label = 470] SAT (w = 75).
c [Label = 470] Label assignment: 469 469 169 469 469 469 469 469 394 394 469 469 469 394 469 469 469 469 394 469 469 469 394 394 74 394 394 319 394 394 394 469 469 469 394 394 469 469 319 469 319 469 469 469 395 319 319 469 469 74 319 469 394 469 394 74 319 394 394 469 319 469 469 469 319 469 469 469 319 319 244 469 469 394 319 169 394 394 394 469 469 469 469 394 394 469 469 150 319 94 319 319 149 449 395 469 75 394 244 319 74 394 244 469 469 469 394 469 74 469 469 319 244 394 244 469 319 469 319 319 469 244 394 299 394 469 394 319 394 394 244 469 394 469 394 394 319 469 394 374 394 394 320 319 469 469 469 469 394 394 394 244 94 394 169 469 319 469 394 394 469 394 394 394 469 394 469 469 224 394 469 319 394 244 319 244 319 394 394 394 319 319 469 244 470 394 469 224 394 225 319 226 469 244 149 169 394 244 394 394 469 319 469 319 244 469 244 469 244 394 319 74 394 244 469 469 299 319 244 469 244 319 244 244 169 469 319 394 320 469 319 75 469 469 244 169 469 319 394 469 394 469 319 469 469 74 244 319 299 169 469 394 469 394 244 319 74 469 394 394 244 169 319 469 299 394 94 319 169 319 74 469 244 396 94 319 394 169 469 469 469 94 169 94 394 169 169 469 74 74 469 319 169 319 469 319 244 169 394 469 74 394 244 170 319 319 319 319 320 149 319 244 319 74 319 319 319 224 394 244 244 319 394 394 319 319 75 394 244 169 394 319 319 470 149 394 469 469 244 469 94 169 169 94 394 394 319 394 244 319 94 319 224 244 149 469 150 469 319 244 469 320 74 470 469 244 394 394 319 94 224 169 244 244 244 319 319 94 74 244 319 394 319 169 319 469 319 319 319 169 94 470 394 394 169 169 74 394 244 319 319 319 74 469 94 244 245 169 244 244 244 320 394 74 469 169 469 244 319 319 469 319 319 469 320 469 244 74 94 394 394 149 319 244 394 299 469 244 319 469 244 394 469 319 394 244 169 469 224 469 244 225 94 94 244 394 225 169 224 319 469 74 244 319 244 244 394 469 394 394 319 394 244 244 319 469 319 299 319 169 394 394 169 169 169 319 169 319 244 319 319 169 74 244 394 319 244 75 244 469 244 244 244 244 394 244 394 394 469 74 394 394 169 149 394 244 320 74 319 394 319 244 150 244 394 244 169 149 244 169 244 169 74 469 149 169 169 94 169 394 319 244 394 244 170 244 169 244 169 394 244 245 319 469 394 394 469 244 169 319 394 469 319 244 319 244 169 169 319 149 74 169 169 74 469 469 319 150 469 224 169 94 74 224 244 244 394 244 74 319 394 169 244 244 469 469 244 244 244 319 94 469 244 94 319 319 469 469 394 224 319 469 244 394 244 244 149 244 394 94 469 319 470 244 149 225 394 394 395 469 469 74 169 469 150 469 149 244 394 469 319 244 319 319 244 169 469 94 94 169 244 319 94 394 319 224 469 469 244 319 169 394 394 244 319 94 169 94 74 319 94 244 319 169 94 244 469 244 394 394 75 244 169 244 169 169 245 319 394 469 320 94 94 94 95 94 469 394 469 395 319 395 469 394 244 319 169 94 169 169 244 469 469 149 1 
c [Label = 469] Encoding starts with target value = 75:
c [Label = 469] Encoding duration: 14423ms.
c [Label = 469] Number of clauses: 8347559.
c [Label = 469] Number of variables: 1031188.
c [Label = 469] Solving duration: 35095 ms.
s [Label = 469] SAT (w = 75).
c [Label = 469] Label assignment: 468 468 152 468 468 319 468 468 393 393 468 468 468 393 468 468 468 468 393 468 468 468 244 393 74 393 393 318 393 393 393 468 468 468 393 393 468 468 318 468 244 468 468 468 374 318 318 468 468 152 318 468 393 468 224 74 318 393 393 468 318 468 468 468 318 468 393 468 318 318 243 468 468 393 318 168 393 393 393 468 468 468 468 393 393 468 468 149 318 77 93 318 149 58 224 393 468 393 243 318 74 393 243 468 468 468 393 319 449 468 468 318 243 393 318 468 318 468 318 318 468 243 393 299 393 468 393 302 393 393 243 468 393 468 244 393 318 468 393 374 393 393 374 227 468 468 468 468 393 393 393 468 93 468 168 468 374 468 393 393 468 393 393 393 468 393 468 468 224 393 468 318 393 243 318 243 318 318 243 393 318 468 468 243 57 393 468 224 393 376 318 57 468 318 243 168 393 227 393 393 468 318 468 393 74 468 394 468 243 393 318 74 393 169 468 468 299 318 393 468 243 318 243 243 168 468 318 393 393 468 318 377 468 468 318 168 224 318 393 452 393 468 318 468 468 243 227 318 299 152 468 393 468 393 227 243 74 468 393 393 243 168 318 468 299 393 243 318 168 318 74 468 243 395 77 318 393 168 468 468 468 74 168 93 393 168 152 468 469 77 468 318 168 318 468 318 149 93 393 468 74 393 243 152 74 318 318 318 224 149 318 243 318 74 93 318 318 224 393 318 243 318 393 393 318 318 451 393 243 168 393 318 318 58 149 318 468 468 169 468 93 168 168 77 224 393 318 393 243 318 77 318 224 243 149 468 224 468 318 243 468 452 224 376 468 152 393 393 318 93 224 168 243 243 243 318 318 93 74 243 243 393 318 168 318 468 318 168 243 168 93 393 393 393 168 318 74 393 227 278 318 318 468 468 93 243 299 168 243 243 243 299 393 227 468 168 299 243 74 168 468 318 318 468 74 468 243 74 77 393 393 149 318 243 393 299 468 224 318 468 243 393 468 318 393 243 168 468 224 468 468 224 77 93 243 393 224 168 224 243 468 74 243 318 243 318 393 468 393 393 243 393 243 243 318 468 299 299 318 168 468 377 168 168 168 318 77 318 93 318 243 168 74 243 393 318 243 451 243 468 227 243 149 243 393 243 393 393 468 74 393 393 168 149 393 318 301 74 318 393 318 243 77 152 393 243 152 149 243 168 168 168 74 468 149 168 168 93 168 168 318 243 393 374 224 376 152 149 168 393 302 299 318 468 393 393 468 227 94 243 393 468 318 243 318 243 168 168 318 149 74 243 168 468 318 468 318 149 468 224 168 93 74 224 243 243 74 243 74 318 393 149 227 74 468 468 243 243 243 243 77 468 243 93 302 168 468 468 393 224 318 468 243 393 243 393 149 318 393 318 468 318 451 243 149 299 393 74 301 468 468 224 168 468 149 468 149 243 393 468 243 243 393 393 243 168 468 93 77 299 243 394 393 393 318 224 468 468 58 318 168 393 393 243 318 77 168 393 74 318 77 227 302 168 93 243 468 243 393 393 393 168 318 243 168 168 74 318 393 468 74 77 77 224 149 77 468 393 468 224 318 132 468 393 243 318 77 93 168 93 243 468 468 149 1 
c [Main] Lowest label SAT is set to 469.
c [Main] Kill higher label pid 470.
c [Label = 462] Minimize Makespan Labeling problem (X-can__715.mtx.rnd):
c [Label = 461] Minimize Makespan Labeling problem (X-can__715.mtx.rnd):
c [Label = 468] Encoding starts with target value = 75:
c [Label = 468] Encoding duration: 14123ms.
c [Label = 468] Number of clauses: 8332084.
c [Label = 468] Number of variables: 1029758.
c [Label = 468] Solving duration: 35311 ms.
s [Label = 468] SAT (w = 75).
c [Label = 468] Label assignment: 467 452 167 467 467 467 467 467 392 392 467 467 467 392 467 452 456 452 231 467 467 467 392 392 59 392 392 317 392 377 392 452 467 467 392 381 456 467 306 467 392 467 452 467 387 242 317 467 467 156 317 467 392 467 456 63 317 392 377 467 317 467 467 467 242 452 63 467 317 381 231 452 467 392 317 167 392 392 63 467 452 467 317 392 392 467 467 306 302 317 242 317 149 213 224 467 237 392 242 317 63 377 242 467 467 306 377 63 381 467 467 377 242 392 317 467 302 467 377 452 467 242 392 377 392 452 392 317 392 392 227 467 317 467 392 392 317 467 392 302 392 392 306 449 467 456 467 302 392 377 392 227 92 392 167 467 456 467 392 392 467 392 392 392 452 377 467 467 317 392 452 317 63 242 302 231 317 381 63 392 317 306 467 242 224 392 467 224 392 381 317 219 452 467 149 167 392 92 392 377 467 317 467 317 231 467 317 302 242 392 317 63 392 291 467 467 77 317 299 467 242 317 242 242 74 467 302 381 237 467 317 59 467 467 149 167 231 317 381 467 392 467 302 77 467 224 242 317 242 167 467 377 467 392 242 306 317 467 392 392 242 167 317 392 77 392 74 227 302 242 456 467 242 394 92 306 392 156 467 467 467 92 452 92 377 167 152 377 224 467 467 317 152 242 467 317 156 149 392 467 302 392 227 317 221 92 317 317 69 227 317 242 317 74 224 392 302 224 392 306 242 152 392 392 317 302 387 392 149 227 242 92 138 374 149 392 467 467 317 456 92 167 224 317 392 74 317 392 231 317 92 317 317 242 149 467 299 452 302 242 456 452 456 462 467 231 317 227 317 74 152 242 242 92 152 317 317 92 381 242 231 392 317 152 306 456 317 74 317 167 92 462 392 392 167 317 216 392 242 92 317 302 61 452 77 74 462 312 154 227 242 69 392 63 467 227 63 242 242 317 467 242 317 452 231 467 377 77 392 392 381 242 317 242 392 299 467 306 306 467 152 227 392 317 392 242 167 467 224 452 306 224 92 77 242 216 220 156 167 242 467 74 302 317 242 317 377 467 377 392 317 392 149 242 317 467 456 377 317 167 381 392 152 152 77 167 136 306 242 317 242 227 74 149 392 317 167 456 242 456 242 92 317 227 392 242 392 81 317 217 392 392 167 149 392 381 299 74 227 392 317 242 81 231 392 242 467 227 242 152 227 167 63 452 167 167 74 77 167 392 317 302 392 306 312 149 167 92 167 377 288 138 317 467 392 152 467 242 242 231 377 467 167 231 317 302 156 167 317 227 152 306 167 381 381 467 392 312 467 152 167 92 317 152 92 242 213 242 74 317 392 156 242 242 467 467 167 317 242 92 392 467 242 92 317 167 467 467 392 167 317 227 242 392 227 381 227 167 392 81 467 317 462 242 149 456 377 306 144 452 467 63 167 467 138 149 242 227 392 467 149 227 381 306 136 167 467 92 92 81 242 317 74 227 317 152 467 467 231 317 167 392 392 242 302 317 167 81 59 467 74 242 317 242 92 242 456 242 392 392 213 156 136 242 167 167 387 317 377 467 237 92 92 167 156 92 467 392 467 63 74 144 467 381 242 317 306 92 152 92 242 467 468 302 1 
c [Main] Lowest label SAT is set to 468.
c [Label = 460] Minimize Makespan Labeling problem (X-can__715.mtx.rnd):
c [Label = 467] Encoding starts with target value = 75:
c [Label = 467] Encoding duration: 14144ms.
c [Label = 467] Number of clauses: 8316608.
c [Label = 467] Number of variables: 1028328.
c [Label = 467] Solving duration: 35518 ms.
s [Label = 467] SAT (w = 75).
c [Label = 467] Label assignment: 466 452 166 466 466 466 466 466 391 391 466 466 466 391 466 452 466 452 391 466 466 466 391 391 60 391 391 316 391 377 391 452 466 466 391 391 466 466 316 466 316 466 452 466 391 316 316 466 466 91 316 466 391 466 466 241 316 391 377 466 316 466 466 466 316 452 466 466 316 316 241 452 466 391 316 166 391 391 391 466 452 466 166 391 391 466 466 74 302 91 316 316 91 241 391 391 152 241 241 316 241 377 241 466 466 466 377 391 466 466 466 377 241 391 241 466 302 466 316 452 391 241 391 377 391 452 391 316 391 391 227 466 316 466 316 391 316 466 391 302 391 391 166 241 466 466 466 302 391 241 391 466 91 466 166 466 241 466 391 391 466 391 391 391 452 377 466 466 316 391 452 316 241 241 302 241 316 466 241 391 316 316 466 241 466 391 466 224 391 149 316 227 452 316 241 166 391 391 391 377 466 316 466 391 241 466 166 302 91 391 316 241 391 166 466 466 77 316 391 466 241 316 241 91 91 466 316 391 152 466 316 149 466 466 316 166 391 316 391 466 391 466 302 316 466 166 241 316 241 152 466 377 466 391 241 316 316 466 391 391 241 166 316 466 77 391 152 227 302 241 241 466 241 393 91 316 391 166 466 466 466 91 452 91 227 166 152 377 241 466 466 316 152 377 466 316 77 241 391 466 166 391 227 91 316 391 316 316 74 227 316 241 316 74 77 391 302 224 391 316 166 152 391 391 316 302 152 391 149 227 316 316 316 466 149 316 466 466 166 466 91 166 224 91 391 74 316 391 241 316 466 316 316 241 149 466 377 452 302 241 466 316 166 452 466 392 241 227 316 74 152 166 241 241 152 316 316 91 241 241 241 391 316 152 316 466 316 91 241 166 91 466 391 391 166 316 241 391 241 241 316 302 149 452 77 241 466 391 166 227 241 302 391 166 466 227 316 241 316 241 91 316 241 452 316 466 377 77 391 391 391 241 316 241 391 299 466 166 316 466 152 227 452 316 391 241 166 466 224 452 166 166 241 77 241 91 166 166 166 316 466 166 302 316 241 316 377 466 377 241 316 166 149 241 316 466 302 377 316 166 466 391 152 152 77 166 74 316 166 316 316 227 316 149 391 316 166 224 241 466 241 241 166 227 391 241 391 391 466 166 391 391 166 74 391 391 307 166 227 391 316 241 466 241 391 241 77 227 241 152 91 391 241 452 166 241 74 77 91 391 316 302 391 227 241 227 166 241 166 377 391 166 316 466 391 391 466 241 241 316 377 466 316 241 316 302 166 166 316 227 152 166 166 391 391 466 466 377 466 152 166 91 316 152 241 241 466 241 74 316 391 391 241 241 466 466 241 316 241 241 391 466 241 91 316 166 466 466 391 166 316 227 91 391 227 391 227 166 391 91 466 316 466 241 149 241 302 166 302 452 316 166 166 466 74 149 91 227 391 466 316 227 316 316 152 166 466 91 391 166 241 166 166 227 316 152 466 466 241 316 166 391 391 241 302 91 91 166 60 316 91 241 316 241 166 241 391 241 391 391 316 241 467 241 166 166 227 316 316 391 166 91 91 91 91 91 466 391 466 391 74 74 466 391 241 316 91 91 152 91 241 466 467 302 1 
c [Main] Lowest label SAT is set to 467.
c [Label = 459] Minimize Makespan Labeling problem (X-can__715.mtx.rnd):
c [Label = 466] Encoding starts with target value = 75:
c [Label = 466] Encoding duration: 13744ms.
c [Label = 466] Number of clauses: 8301133.
c [Label = 466] Number of variables: 1026898.
c [Label = 466] Solving duration: 34803 ms.
s [Label = 466] SAT (w = 75).
c [Label = 466] Label assignment: 465 452 165 465 465 465 465 465 390 390 465 465 465 390 465 452 465 452 390 465 465 465 390 390 61 390 147 315 390 377 390 452 465 465 390 390 465 465 315 465 315 465 452 465 149 315 315 465 465 315 315 465 390 465 390 74 315 390 377 465 315 465 465 465 315 452 465 465 315 315 165 452 465 390 315 165 390 390 390 465 452 465 465 390 390 465 465 301 302 90 315 315 240 151 151 465 465 390 240 315 74 377 240 465 465 463 377 465 301 465 465 377 240 390 240 465 302 465 313 452 465 240 390 377 390 452 390 315 390 390 227 465 315 465 149 390 315 465 390 302 390 390 74 390 465 463 465 302 390 240 390 149 90 390 165 465 390 465 390 390 465 390 390 390 452 377 465 465 315 390 452 315 388 240 302 165 315 315 149 390 315 313 465 240 451 390 465 224 390 60 315 376 452 372 240 165 390 390 390 377 465 315 465 315 74 465 74 302 240 390 315 74 390 240 465 465 77 315 388 465 240 315 240 240 165 465 315 390 390 465 315 390 465 465 299 165 465 315 315 465 390 465 302 465 465 147 240 315 240 152 465 377 465 390 240 313 315 465 390 390 240 165 315 465 77 390 149 227 302 240 74 465 240 392 90 315 390 240 465 465 465 90 452 90 227 165 152 377 390 90 465 315 152 377 465 315 224 297 390 465 74 390 227 240 315 302 315 315 225 227 315 240 315 74 376 390 302 224 390 390 240 152 390 390 315 302 451 390 149 227 390 315 315 465 149 390 465 465 240 465 90 165 224 90 390 74 315 390 165 315 90 315 315 240 149 465 135 452 302 240 465 76 149 60 465 163 227 227 315 74 152 165 240 240 152 315 315 90 74 240 222 390 315 152 315 465 315 222 222 165 90 390 390 390 165 315 74 390 240 315 315 302 76 452 77 240 390 224 165 227 240 226 390 74 465 227 465 240 315 224 465 315 315 452 74 465 377 77 90 390 390 240 315 240 390 299 465 149 315 465 152 227 452 315 390 240 165 465 224 452 149 151 90 77 240 390 151 240 165 315 465 74 302 315 240 147 377 465 377 390 315 390 149 240 315 465 376 377 315 165 301 390 152 152 77 165 238 315 149 315 315 227 74 149 390 315 165 376 240 465 240 240 240 227 390 240 390 390 315 74 390 390 165 240 390 72 301 90 227 390 315 240 165 240 390 240 77 227 240 152 165 165 74 452 165 165 74 77 165 297 315 302 390 74 315 226 165 240 165 377 315 390 315 465 390 390 465 240 165 165 377 465 315 240 315 302 297 165 315 227 152 240 165 74 465 465 315 301 465 152 165 465 315 152 240 240 151 240 74 315 390 240 240 149 465 465 240 315 240 240 390 465 240 90 315 165 465 465 390 152 315 227 240 390 227 390 227 240 390 90 465 315 465 240 149 390 302 149 149 452 465 315 165 465 226 149 77 227 390 465 315 227 390 390 152 165 465 90 90 149 240 315 90 227 315 152 465 465 151 315 165 390 390 240 302 90 165 390 61 90 90 240 315 165 90 240 465 240 390 390 74 240 315 240 165 165 74 315 377 465 240 90 90 74 165 90 465 390 465 151 74 301 465 390 240 315 165 90 152 90 240 465 466 302 1 
c [Main] Lowest label SAT is set to 466.
c [Label = 458] Minimize Makespan Labeling problem (X-can__715.mtx.rnd):
c [Label = 465] Encoding starts with target value = 75:
c [Label = 465] Encoding duration: 14008ms.
c [Label = 465] Number of clauses: 8285657.
c [Label = 465] Number of variables: 1025468.
c [Label = 465] Solving duration: 35660 ms.
s [Label = 465] SAT (w = 75).
c [Label = 465] Label assignment: 464 464 164 464 464 150 464 464 389 389 464 464 464 389 464 464 389 464 149 464 464 464 464 389 74 389 389 314 389 389 390 464 464 464 389 389 464 464 224 464 464 464 464 464 374 314 314 464 464 75 314 464 389 149 465 149 314 389 389 464 314 464 464 464 314 464 224 464 314 464 164 464 464 389 314 164 389 389 464 464 464 464 464 389 389 464 464 299 314 89 314 314 239 450 74 389 464 389 239 314 149 389 239 464 464 464 389 225 450 464 464 389 239 389 239 464 314 464 224 464 464 239 389 389 389 464 389 314 389 389 239 464 389 464 75 389 314 464 389 314 389 389 225 389 464 464 464 314 389 389 389 149 89 464 164 464 225 464 389 389 464 389 389 389 464 389 464 464 314 389 464 314 389 239 314 164 314 314 464 389 314 224 464 239 62 389 464 224 389 452 314 451 464 164 314 164 389 239 389 389 464 314 464 389 74 464 389 464 239 389 314 389 389 314 464 464 89 314 74 464 239 314 239 239 164 464 314 389 224 464 314 149 464 464 74 164 375 314 389 465 389 464 314 314 464 149 239 314 239 164 464 389 464 389 239 224 314 464 389 389 239 164 314 464 89 389 224 314 314 314 74 464 239 391 314 314 389 239 464 464 465 89 164 89 389 164 164 464 465 464 464 314 164 314 464 314 149 239 389 464 74 390 239 299 74 389 314 314 226 149 314 239 239 74 149 239 314 224 389 239 239 314 389 389 314 314 61 389 239 164 314 314 224 464 149 314 464 464 389 464 89 164 164 239 225 89 314 389 164 89 89 314 314 239 149 164 224 464 314 239 464 375 149 136 464 149 239 239 314 89 224 239 239 239 239 314 314 89 149 239 314 389 314 164 314 464 314 314 314 164 89 149 389 389 164 314 74 389 239 239 314 314 74 464 89 89 149 299 239 239 239 376 389 74 464 389 75 239 149 314 464 314 74 464 224 89 239 89 389 389 389 149 314 239 389 299 465 224 314 464 164 239 464 314 389 239 164 464 224 464 389 74 89 89 239 164 74 239 164 314 464 74 239 314 239 239 389 464 389 389 314 389 89 239 314 464 149 389 314 164 464 390 164 164 89 164 299 224 239 89 314 224 314 149 239 314 239 149 239 464 239 239 314 239 389 239 240 389 464 149 389 389 164 239 389 74 224 89 239 390 314 239 314 149 389 239 164 239 239 164 389 164 74 464 164 164 389 89 164 389 314 314 389 224 299 299 164 239 164 389 224 149 314 464 389 74 464 239 164 164 389 464 314 239 314 164 89 164 314 164 314 239 164 390 464 464 464 301 464 164 164 89 314 164 239 239 149 239 74 314 389 239 239 150 464 464 164 464 239 314 389 464 89 89 315 164 464 464 389 164 314 464 239 389 239 74 239 89 389 89 464 314 62 239 149 150 389 150 376 464 464 224 164 464 300 314 314 239 389 464 89 239 375 389 239 164 464 89 89 314 239 390 89 239 314 314 464 464 150 314 164 389 389 239 314 89 164 389 74 314 239 239 314 239 89 239 464 314 389 389 74 239 314 74 164 164 74 239 89 389 224 89 89 74 149 89 464 389 464 375 314 299 464 389 239 314 74 89 149 89 239 464 464 464 1 
c [Main] Lowest label SAT is set to 465.
c [Label = 457] Minimize Makespan Labeling problem (X-can__715.mtx.rnd):
c [Label = 463] Encoding starts with target value = 75:
c [Label = 463] Encoding duration: 13744ms.
c [Label = 463] Number of clauses: 8254706.
c [Label = 463] Number of variables: 1022608.
c [Label = 463] Solving duration: 34624 ms.
s [Label = 463] SAT (w = 75).
c [Label = 463] Label assignment: 462 452 162 462 462 462 462 462 387 387 462 462 462 387 462 452 462 452 387 462 462 462 387 387 64 387 387 312 387 377 387 452 462 462 387 387 462 462 312 462 312 462 452 462 224 312 312 462 462 149 312 462 387 462 387 74 312 387 377 462 312 462 462 462 312 452 462 462 312 312 237 452 462 387 312 162 387 387 387 462 452 462 149 387 387 462 462 149 302 87 312 312 149 449 387 462 462 462 237 312 74 377 237 462 462 462 377 462 74 462 462 377 237 387 237 462 302 462 312 452 462 237 387 377 387 452 387 312 387 387 227 462 312 462 387 387 312 462 387 302 387 387 301 312 462 462 462 302 387 237 387 237 87 387 162 462 299 462 387 387 462 387 387 387 452 377 462 462 312 387 452 312 387 237 302 237 312 387 387 387 312 312 462 237 451 387 462 224 387 63 312 63 452 224 149 162 387 387 387 377 462 312 462 312 237 462 237 302 74 387 312 74 387 237 462 462 77 312 237 462 237 312 237 74 162 462 87 387 299 462 312 74 462 462 224 162 451 312 387 462 387 462 227 462 462 74 74 312 237 312 462 377 462 387 237 312 312 462 387 387 237 162 312 462 77 387 149 227 302 237 74 462 237 389 87 312 387 162 462 462 462 87 452 87 227 162 312 377 74 74 462 302 152 377 462 312 224 299 149 462 74 387 227 237 312 302 312 312 301 302 312 237 312 74 301 387 162 224 387 312 162 227 387 387 312 302 225 387 149 302 387 312 312 462 302 387 462 462 237 462 87 162 224 87 387 77 312 387 237 312 237 312 312 237 149 462 138 452 227 237 462 312 74 451 462 387 227 227 312 74 152 162 237 237 152 312 312 87 74 237 237 387 312 312 312 462 312 149 312 162 87 74 387 387 162 74 74 387 237 312 312 227 74 452 77 237 387 74 162 227 387 300 387 74 462 377 462 237 312 312 462 312 237 452 374 462 152 74 87 387 387 237 312 237 387 299 462 237 312 462 152 227 452 312 387 237 162 462 224 452 224 224 237 77 237 387 224 162 162 312 462 74 149 312 237 312 377 462 377 387 312 387 377 237 312 462 301 377 312 162 376 387 152 152 77 162 162 312 237 312 312 452 74 152 387 312 162 224 237 462 237 237 237 227 387 237 387 387 462 74 387 387 87 149 387 224 301 74 227 387 312 237 462 237 387 237 87 227 237 152 237 162 74 452 162 237 74 77 87 387 312 302 387 224 299 63 162 237 162 377 237 74 312 462 387 387 462 237 162 312 377 462 312 237 312 302 149 162 312 227 152 162 162 74 462 462 312 149 462 152 162 162 312 152 237 237 387 237 74 312 387 162 237 237 462 462 237 312 237 162 237 462 237 87 312 312 462 462 387 152 312 302 87 387 227 237 227 237 387 87 462 312 451 87 149 224 302 374 376 452 312 74 162 462 149 149 77 152 387 462 312 152 312 312 162 162 462 87 237 149 237 312 87 227 312 152 462 462 226 312 162 387 387 237 302 87 162 87 64 312 87 237 312 162 162 237 462 237 387 387 74 237 237 237 162 162 224 312 377 462 149 87 87 74 74 87 462 387 462 376 77 375 462 387 237 312 162 87 152 87 237 462 463 302 1 
c [Main] Lowest label SAT is set to 463.
c [Main] Kill higher label pid 464.
c [Label = 464] Encoding starts with target value = 75:
c [Label = 464] Encoding duration: 13816ms.
c [Label = 464] Number of clauses: 8270182.
c [Label = 464] Number of variables: 1024038.
c [Label = 464] Solving duration: 34910 ms.
s [Label = 464] SAT (w = 75).
c [Label = 464] Label assignment: 463 463 163 463 463 463 463 463 388 388 463 463 463 388 463 463 463 463 388 463 463 463 388 388 74 388 388 313 388 388 388 463 463 463 388 388 463 463 313 463 313 463 463 463 314 313 313 463 463 163 313 463 388 463 388 74 313 388 388 463 313 463 463 463 313 463 463 463 313 313 238 463 463 388 313 163 388 388 388 463 463 463 238 388 388 463 463 149 313 88 313 313 149 63 224 463 389 463 238 313 74 388 238 463 463 463 388 463 388 463 463 313 238 388 238 463 313 463 313 313 463 238 388 299 388 463 388 313 388 388 238 463 388 463 388 388 313 463 388 374 388 388 313 388 463 463 463 463 388 388 388 463 88 388 163 463 313 463 388 388 463 388 388 388 463 388 463 463 224 388 463 313 388 238 313 238 313 313 238 388 313 463 463 238 451 388 463 224 388 63 313 389 463 313 238 163 388 238 388 388 463 313 463 313 74 463 238 463 88 388 313 74 388 238 463 463 299 313 388 463 238 313 238 88 163 463 313 388 313 463 313 388 463 463 238 163 463 313 388 463 388 463 313 463 463 238 88 313 299 238 463 388 463 388 238 238 74 463 388 388 238 163 313 463 299 388 149 238 238 313 74 463 238 390 88 313 388 163 463 463 463 88 238 88 388 163 313 463 74 88 463 313 163 313 463 313 238 88 388 463 74 388 238 149 313 313 313 313 150 238 313 238 313 74 313 313 313 224 388 313 163 313 388 388 313 313 75 388 238 238 388 313 224 463 149 388 463 463 238 463 88 163 163 88 388 74 313 388 238 313 238 313 224 238 149 74 150 463 313 238 463 313 224 464 463 88 388 388 313 88 163 163 238 238 163 313 313 88 74 238 238 388 313 163 313 463 313 163 238 163 88 464 388 388 163 163 74 388 238 313 313 313 463 463 88 238 239 388 238 238 388 300 388 313 463 299 463 238 313 313 463 313 238 463 224 463 149 74 88 388 388 238 313 238 388 299 463 238 313 463 163 388 463 313 388 238 163 463 224 463 224 224 238 88 238 388 224 163 224 313 463 74 163 313 238 313 388 463 388 388 313 388 238 238 313 463 313 299 238 163 388 388 163 163 88 313 163 313 238 313 313 163 74 238 388 313 163 375 238 463 238 238 238 163 388 238 388 388 463 74 388 388 163 149 388 313 299 74 313 388 313 238 463 149 388 238 88 149 238 163 163 163 74 463 149 238 163 88 88 163 313 238 388 74 149 226 163 238 163 388 238 388 313 463 388 388 463 238 163 238 388 463 313 163 313 238 163 163 313 224 238 238 163 74 313 463 313 314 463 224 163 88 74 224 238 238 74 238 74 313 388 149 238 238 463 463 238 463 238 238 238 463 238 88 313 313 463 463 388 224 313 463 88 388 238 388 149 238 388 88 463 313 464 88 149 74 388 238 225 463 313 224 163 463 149 463 149 163 388 463 313 238 388 388 163 163 463 88 238 163 238 313 388 388 313 149 463 463 238 313 163 388 388 238 313 88 163 388 74 313 88 238 313 163 163 238 463 238 388 388 313 163 163 238 163 163 75 313 388 463 74 88 88 88 313 88 463 388 463 224 313 225 463 388 238 313 74 88 149 88 238 463 463 463 1 
c [Signal] Signal interruption. Caught signal: SIGTERM (15).
c [Label = 456] Minimize Makespan Labeling problem (X-can__715.mtx.rnd):
c [Main] Child pid 464 - 105893 terminated by signal 15.
c [Label = 455] Minimize Makespan Labeling problem (X-can__715.mtx.rnd):
c [Label = 462] Encoding starts with target value = 75:
c [Label = 462] Encoding duration: 14300ms.
c [Label = 462] Number of clauses: 8239231.
c [Label = 462] Number of variables: 1021178.
c [Label = 462] Solving duration: 35024 ms.
s [Label = 462] SAT (w = 75).
c [Label = 462] Label assignment: 461 452 149 461 461 299 461 461 386 386 461 386 461 386 461 452 449 452 224 461 461 461 449 386 65 386 386 311 236 377 386 452 451 461 386 386 461 461 299 461 449 461 452 461 449 311 311 461 461 149 311 461 386 149 374 149 311 386 377 386 311 461 461 461 311 452 299 461 311 449 224 452 461 386 311 161 386 386 374 461 452 461 461 386 386 461 386 139 302 224 374 311 74 149 214 386 374 386 236 311 149 377 236 461 461 374 377 449 139 461 461 377 236 386 299 386 302 461 299 452 461 236 386 377 386 452 386 311 311 386 227 461 377 386 224 386 311 461 386 302 386 236 301 376 461 374 461 302 386 236 386 149 86 461 161 461 299 461 386 386 461 386 386 386 452 377 461 461 311 386 452 311 449 236 302 311 311 299 374 386 311 224 461 236 374 386 461 224 386 451 311 289 452 461 74 161 386 386 386 377 461 311 461 386 451 461 149 302 236 386 311 376 386 311 461 461 77 311 224 461 236 311 236 236 74 461 311 224 386 461 311 376 461 461 299 161 376 311 386 461 386 236 302 364 461 149 236 311 236 152 461 377 461 386 74 226 311 461 386 386 236 161 311 461 77 386 149 227 302 152 149 461 236 388 224 299 386 236 461 461 461 74 452 161 227 161 152 377 374 236 461 311 152 377 461 311 224 224 386 461 224 386 227 224 224 386 311 86 64 227 311 236 311 461 374 302 302 224 461 311 236 152 386 386 311 302 451 386 149 227 311 311 74 451 149 311 461 461 224 451 86 161 224 236 376 77 311 461 149 311 74 311 311 236 149 227 139 452 302 236 461 301 149 374 461 149 236 227 311 74 152 236 236 74 152 311 311 86 149 236 236 386 311 152 301 451 149 74 311 161 86 449 386 386 161 311 224 386 236 74 311 302 451 452 77 74 299 224 227 227 236 64 386 301 461 227 451 236 299 224 461 311 311 452 311 461 377 77 386 386 376 236 311 236 386 299 461 299 74 311 152 227 452 311 386 236 161 461 224 452 374 224 74 77 311 214 224 74 161 224 461 149 302 311 236 311 377 461 377 386 311 386 149 386 311 461 299 377 311 161 461 386 152 152 77 161 74 301 149 311 224 227 149 149 149 311 161 289 236 449 236 236 149 152 386 236 386 386 461 149 386 386 224 299 386 299 139 224 227 386 236 74 74 224 386 236 77 227 86 152 449 86 139 452 161 161 74 77 161 386 311 302 386 451 86 224 149 149 236 377 226 386 311 461 386 74 461 236 386 224 377 461 74 74 311 302 161 161 311 227 77 289 161 149 301 461 461 214 236 152 161 149 311 152 74 311 151 461 74 224 236 65 226 299 461 227 161 461 86 74 386 461 74 86 311 161 461 461 386 161 311 227 236 161 227 224 227 74 386 161 461 311 214 236 149 376 302 224 139 452 461 226 149 386 64 149 311 227 386 461 224 227 376 376 152 161 461 86 74 74 236 149 149 227 311 152 386 461 226 311 161 386 386 236 302 224 149 386 65 74 302 236 301 236 86 236 451 236 386 386 301 74 74 74 461 161 299 311 77 386 161 74 74 224 236 74 461 461 236 214 74 214 74 376 236 311 149 86 149 86 386 461 462 302 1 
c [Label = 461] Encoding starts with target value = 75:
c [Label = 461] Encoding duration: 14262ms.
c [Label = 461] Number of clauses: 8223755.
c [Label = 461] Number of variables: 1019748.
c [Label = 461] Solving duration: 35245 ms.
s [Label = 461] SAT (w = 75).
c [Label = 461] Label assignment: 460 452 159 460 460 459 460 460 385 385 460 460 460 385 460 452 459 452 384 223 460 460 384 385 66 385 384 309 385 377 385 452 460 460 385 384 459 460 309 460 309 460 452 460 378 310 310 460 460 152 310 460 385 459 384 73 310 385 377 460 310 460 460 460 310 452 459 460 310 309 234 452 460 385 310 160 385 385 299 460 452 460 234 385 385 460 460 67 302 84 309 310 149 66 224 460 460 460 235 310 73 377 235 460 460 148 377 459 377 460 460 377 235 385 234 460 302 460 374 452 460 235 385 377 385 452 385 309 385 385 227 460 310 460 384 385 310 460 385 302 385 385 302 384 460 223 460 302 385 235 385 66 85 385 160 460 73 460 385 385 460 385 385 385 452 377 460 460 310 385 452 310 449 235 302 234 310 309 223 385 310 73 460 235 66 385 460 224 385 452 310 453 452 223 149 160 385 385 385 377 460 310 460 310 459 460 73 302 84 385 310 73 385 234 460 460 77 310 298 460 235 310 235 84 159 460 310 384 385 460 310 384 460 460 310 160 227 310 384 460 385 460 302 460 460 73 74 310 235 152 460 377 460 385 234 234 310 460 385 385 235 160 310 460 77 385 385 227 302 235 73 460 235 387 84 309 385 159 460 460 460 84 452 85 227 160 152 377 234 74 460 310 152 377 460 310 152 298 385 460 224 385 227 234 309 302 310 310 225 227 310 235 310 74 77 385 302 224 385 309 160 152 385 385 310 302 378 385 149 227 385 310 159 459 149 385 460 460 234 459 85 160 224 84 384 77 310 385 234 310 234 310 310 235 149 460 292 452 302 235 459 309 223 67 460 84 227 227 310 74 152 160 235 235 149 310 310 85 73 235 234 385 310 152 309 459 310 459 309 160 85 385 385 385 160 310 73 385 234 309 310 302 459 452 77 235 303 228 160 227 385 142 385 309 460 227 459 235 152 235 460 310 235 452 159 460 377 77 84 385 384 235 310 235 385 299 460 234 309 460 152 227 452 310 385 235 160 460 224 452 224 224 235 77 159 384 224 159 160 310 460 74 302 310 235 310 377 460 377 385 310 385 149 235 310 460 452 377 310 160 310 385 152 152 77 160 159 309 159 310 310 227 74 149 385 310 160 374 235 459 234 235 77 227 385 235 385 84 460 73 385 385 234 149 385 373 299 74 227 384 310 235 459 234 385 235 77 227 235 152 385 160 73 452 160 235 74 77 85 148 310 302 385 302 84 152 159 159 160 377 234 385 310 460 385 234 460 234 159 234 377 460 309 160 310 302 148 160 310 227 152 159 160 227 309 460 309 149 460 152 160 159 310 152 235 235 73 235 74 310 385 73 234 73 460 460 235 310 235 148 234 460 234 85 309 160 460 460 385 152 310 227 85 385 227 384 227 235 385 84 460 310 303 84 149 73 302 302 303 452 310 224 159 460 148 149 77 227 385 460 310 227 384 384 152 160 460 85 235 309 235 309 385 227 310 152 460 460 227 310 160 385 385 235 302 84 160 385 66 309 84 234 309 160 160 235 459 235 385 384 309 159 159 235 160 160 74 310 377 460 160 84 84 234 235 84 460 385 460 224 74 217 460 384 235 310 84 85 152 85 235 460 461 302 1 
c [Main] Lowest label SAT is set to 462.
c [Label = 454] Minimize Makespan Labeling problem (X-can__715.mtx.rnd):
c [Main] Lowest label SAT is set to 461.
c [Label = 453] Minimize Makespan Labeling problem (X-can__715.mtx.rnd):
c [Label = 460] Encoding starts with target value = 75:
c [Label = 460] Encoding duration: 14039ms.
c [Label = 460] Number of clauses: 8208280.
c [Label = 460] Number of variables: 1018318.
c [Label = 460] Solving duration: 38376 ms.
s [Label = 460] SAT (w = 75).
c [Label = 460] Label assignment: 459 452 159 459 459 227 459 459 384 384 459 459 459 384 459 452 224 452 302 459 459 459 459 384 67 384 384 309 384 377 384 452 459 459 384 309 459 459 459 459 152 459 452 459 449 309 309 459 459 309 309 459 384 77 227 74 309 384 377 459 309 459 459 459 309 452 302 459 309 459 152 452 459 384 309 159 384 384 459 459 452 459 309 384 384 459 459 149 302 84 384 309 227 67 302 459 224 459 234 309 74 377 234 459 459 459 377 152 149 459 459 377 234 384 309 459 302 459 299 452 459 234 234 377 384 452 309 309 384 384 227 459 309 459 77 384 309 459 384 302 384 384 74 227 459 459 459 302 384 234 384 149 84 384 159 459 302 459 384 384 459 384 384 384 452 377 459 459 309 384 452 309 224 234 302 152 309 384 459 384 309 67 459 234 452 384 459 224 384 226 309 67 452 149 227 159 384 384 384 377 459 309 459 309 142 459 302 302 234 384 309 67 234 309 309 459 77 309 152 459 234 309 234 74 152 459 309 309 152 459 309 149 459 459 227 159 452 309 384 459 384 459 302 459 459 74 234 309 234 152 459 377 459 384 234 302 309 459 384 384 234 159 309 459 77 384 302 227 302 234 227 459 234 386 74 384 384 234 459 459 459 84 452 84 227 159 152 377 459 77 459 309 152 377 459 309 227 224 384 459 74 384 227 309 152 384 309 309 142 227 309 234 309 74 142 384 302 224 384 152 159 152 384 384 309 302 217 384 149 227 309 84 384 452 149 384 459 459 152 459 84 159 224 234 152 74 309 384 159 459 384 309 309 234 149 459 302 452 302 234 459 224 299 452 459 384 234 227 309 74 152 159 234 234 152 309 309 84 302 234 309 384 309 152 384 452 234 299 309 159 84 452 384 384 159 309 459 384 234 234 309 302 152 452 77 84 374 384 159 227 234 377 384 152 459 227 459 234 309 152 459 309 309 452 227 459 377 77 384 384 302 234 159 234 384 299 459 152 384 459 152 227 452 309 384 234 159 459 224 452 77 152 234 77 459 384 149 227 159 234 159 74 302 309 234 234 377 459 377 234 309 159 149 234 309 459 227 377 309 159 377 384 152 152 77 159 74 227 234 309 234 227 77 149 77 309 159 67 234 74 234 234 77 227 384 234 384 152 309 77 384 384 309 459 384 149 149 84 227 384 309 234 459 77 384 234 77 227 159 152 152 384 459 452 159 234 74 77 84 384 309 302 384 67 152 67 159 84 234 377 302 384 84 459 384 384 459 234 234 149 377 459 384 84 309 302 74 159 309 227 152 227 159 152 452 459 84 377 459 152 159 459 309 152 234 234 77 234 74 309 384 224 234 77 459 459 234 309 234 227 384 234 309 84 309 159 459 459 384 159 309 227 84 384 227 302 227 159 384 77 459 309 302 84 149 227 302 227 301 452 234 227 159 459 377 149 84 227 384 459 227 227 227 302 152 159 459 84 384 74 234 302 74 227 309 152 459 459 227 309 159 384 384 234 302 84 159 299 67 234 84 234 309 234 159 234 459 234 384 384 152 74 74 234 234 159 67 309 309 459 234 84 84 159 384 84 459 384 459 302 74 142 309 302 234 309 159 84 152 84 234 459 460 302 1 
c [Main] Lowest label SAT is set to 460.
c [Label = 452] Minimize Makespan Labeling problem (X-can__715.mtx.rnd):
c [Label = 459] Encoding starts with target value = 75:
c [Label = 459] Encoding duration: 13869ms.
c [Label = 459] Number of clauses: 8192804.
c [Label = 459] Number of variables: 1016888.
c [Label = 459] Solving duration: 35423 ms.
s [Label = 459] SAT (w = 75).
c [Label = 459] Label assignment: 1 1 1 1 1 1 1 1 76 76 1 1 1 1 1 1 1 1 1 1 1 1 76 76 76 76 76 76 76 76 76 1 1 1 76 1 1 1 76 151 76 1 1 1 1 151 151 1 1 1 151 1 76 1 1 151 1 76 1 151 151 1 1 1 151 1 1 1 151 76 76 1 1 76 76 76 76 76 76 151 1 1 1 76 76 1 1 1 151 226 151 151 151 1 76 1 76 151 151 1 1 1 226 1 1 1 151 76 1 1 76 151 226 151 226 1 226 76 151 1 151 151 226 151 76 1 1 151 76 76 1 226 76 76 151 226 151 76 76 226 76 1 226 151 1 1 1 226 76 76 76 1 151 76 226 1 226 1 1 76 76 151 76 76 151 151 1 1 151 76 151 76 76 226 310 76 151 1 76 76 151 1 1 226 67 76 76 226 76 376 151 226 1 151 151 301 76 226 76 151 1 151 1 151 76 1 226 1 226 76 1 151 76 151 1 1 226 1 226 76 385 76 301 301 301 1 151 151 76 1 301 151 1 1 151 76 76 151 76 310 1 151 1 76 1 385 76 76 226 310 385 226 1 76 381 383 151 1 76 76 226 301 151 76 226 76 76 226 226 151 226 1 226 76 226 76 151 151 1 1 301 310 310 226 235 301 151 1 385 226 76 151 301 1 1 151 385 226 76 1 385 76 310 151 385 151 1 151 151 151 151 76 301 226 376 151 226 226 76 151 301 235 76 226 151 151 67 76 226 301 301 301 226 376 306 76 151 1 301 151 376 1 376 226 151 76 1 1 76 151 376 385 151 226 227 1 451 1 76 226 385 226 385 376 1 458 226 376 226 301 226 226 226 376 385 151 151 376 151 151 226 151 227 151 308 226 151 310 226 301 310 226 76 226 301 151 385 385 231 376 151 235 226 381 301 376 226 226 226 76 226 301 76 385 1 151 385 301 151 226 76 151 151 1 76 306 301 301 226 76 226 301 151 226 76 310 385 385 301 1 301 376 385 151 76 76 376 310 385 1 151 76 226 76 226 1 226 233 301 151 301 226 385 377 301 151 226 226 385 226 151 76 301 385 301 1 226 301 151 376 301 76 301 235 376 301 76 385 301 151 151 376 310 301 226 151 226 226 226 76 235 226 226 301 301 226 76 376 1 385 385 151 151 378 376 151 451 226 301 76 151 76 310 301 226 301 301 376 376 151 1 376 226 1 301 377 76 385 226 76 151 151 235 385 151 151 301 226 301 376 76 302 226 303 76 301 301 235 376 151 151 1 76 226 151 226 301 301 226 376 376 376 226 76 151 452 151 451 301 151 301 376 151 301 376 226 1 226 226 151 76 226 385 151 381 226 385 301 376 310 385 151 376 301 151 301 1 310 235 151 151 1 226 76 304 226 376 301 226 226 1 380 385 301 151 76 151 151 301 235 226 226 301 302 301 301 301 151 76 1 151 226 226 385 226 226 76 226 376 310 151 226 301 376 151 301 1 301 76 385 301 76 151 301 303 226 301 76 379 301 301 226 227 376 301 310 151 226 228 385 226 226 383 385 226 301 376 76 376 76 76 376 376 385 301 385 1 151 76 151 226 142 376 385 226 151 151 151 235 376 301 459 151 226 376 
c [Main] Lowest label SAT is set to 459.
c [Label = 451] Minimize Makespan Labeling problem (X-can__715.mtx.rnd):
c [Label = 458] Encoding starts with target value = 75:
c [Label = 458] Encoding duration: 14085ms.
c [Label = 458] Number of clauses: 8177329.
c [Label = 458] Number of variables: 1015458.
c [Label = 458] Solving duration: 35396 ms.
s [Label = 458] SAT (w = 75).
c [Label = 458] Label assignment: 1 1 1 1 1 1 1 1 76 76 1 1 1 1 1 1 1 1 1 1 1 1 76 76 76 76 76 76 76 76 76 1 1 1 76 1 1 1 76 151 76 1 1 1 1 151 151 1 1 1 151 1 76 1 1 151 1 76 1 151 151 1 1 1 151 1 1 1 151 76 76 1 1 76 76 76 76 76 76 151 1 1 1 76 76 1 1 1 151 226 151 151 151 1 76 1 76 151 151 1 1 1 226 1 1 1 151 76 1 1 76 151 226 151 226 1 226 76 151 1 151 151 226 151 76 1 1 151 76 76 1 226 76 76 151 226 151 76 76 226 76 1 233 158 1 1 1 226 76 76 76 1 151 76 226 1 233 1 1 76 76 151 76 76 151 151 1 1 151 76 151 76 76 226 309 76 151 1 76 76 151 1 1 226 75 76 76 226 76 383 151 233 1 151 151 301 76 226 76 151 1 151 1 151 76 1 226 1 226 76 1 157 76 151 1 1 226 1 226 76 384 76 301 301 301 1 151 151 76 1 301 151 1 1 151 76 83 151 76 309 1 151 1 76 1 384 76 76 226 309 384 226 1 76 381 383 151 1 76 76 226 301 151 76 226 76 384 226 226 151 226 1 226 76 226 76 151 151 1 1 301 309 309 226 234 301 151 1 384 226 76 151 301 1 1 151 158 226 76 1 384 76 309 151 384 151 1 151 308 151 151 76 301 226 75 151 226 226 76 151 301 234 76 226 151 151 383 76 226 301 301 301 226 383 306 76 151 1 301 157 376 1 376 226 157 76 1 1 76 151 376 384 151 226 227 1 308 1 76 226 384 226 384 75 1 458 226 376 226 301 226 226 226 376 384 151 151 376 157 151 226 151 227 151 308 232 151 309 226 301 309 383 76 226 301 151 384 384 231 376 151 234 233 381 301 376 226 308 226 76 226 158 76 384 1 151 384 301 151 226 76 151 151 1 76 306 301 301 226 76 232 301 151 226 76 309 384 384 301 1 301 376 384 151 76 76 376 309 384 1 151 76 226 76 226 1 232 233 301 151 301 226 384 377 301 151 226 226 384 226 151 76 301 384 301 1 233 301 151 376 309 76 301 234 376 301 76 384 301 151 151 376 309 301 226 151 226 233 226 76 234 226 226 301 301 226 76 376 1 384 384 151 151 378 376 151 458 226 301 76 151 76 309 301 226 301 301 376 376 151 1 376 232 1 301 377 76 384 226 76 151 151 234 384 151 158 301 226 301 376 76 302 226 303 76 301 301 234 376 151 151 1 76 226 151 226 301 301 226 376 376 376 226 76 157 452 151 158 301 151 301 376 151 301 376 226 1 226 226 151 76 226 384 151 381 226 384 301 376 309 384 151 376 301 151 301 1 309 234 151 151 1 226 76 304 232 376 301 226 226 1 380 384 301 151 83 151 158 458 234 226 232 301 302 308 301 301 151 76 1 151 226 232 384 226 226 76 226 376 309 151 232 301 376 151 301 1 301 82 384 301 76 151 301 303 226 301 76 379 301 301 226 232 376 301 309 151 226 228 384 233 226 383 384 226 301 233 76 376 76 76 376 376 384 301 384 1 151 76 158 226 458 376 384 226 151 151 151 234 376 301 458 151 226 376 
c [Main] Lowest label SAT is set to 458.
c [Label = 450] Minimize Makespan Labeling problem (X-can__715.mtx.rnd):
c [Label = 457] Encoding starts with target value = 75:
c [Label = 457] Encoding duration: 13894ms.
c [Label = 457] Number of clauses: 8161853.
c [Label = 457] Number of variables: 1014028.
c [Label = 457] Solving duration: 34713 ms.
s [Label = 457] SAT (w = 75).
c [Label = 457] Label assignment: 1 1 1 1 1 1 1 1 76 76 1 1 1 1 1 1 1 1 1 1 1 1 76 76 76 76 76 76 76 76 76 1 1 1 76 1 1 1 76 151 76 1 1 1 1 151 151 1 1 1 151 1 76 1 1 151 1 76 1 151 151 1 1 1 151 1 1 1 151 76 76 1 1 76 76 76 76 76 76 151 1 1 1 76 76 1 1 1 151 226 151 151 151 1 76 1 76 151 151 1 1 1 226 1 1 1 151 76 1 1 76 151 226 151 226 1 226 76 151 1 151 151 226 151 76 1 1 151 76 76 1 226 76 76 151 226 151 76 76 226 76 1 231 156 1 1 1 226 76 76 76 1 151 76 226 1 231 1 1 76 76 151 76 76 151 151 1 1 151 76 151 76 76 226 308 76 151 1 76 76 151 1 1 226 75 76 76 226 76 382 151 382 1 151 151 301 76 226 76 151 1 151 1 151 76 1 226 1 226 76 1 156 76 151 1 1 226 1 226 76 383 76 301 301 301 1 151 151 76 1 301 151 1 1 151 76 81 151 76 308 1 151 1 76 1 383 76 76 226 308 383 226 1 76 381 381 151 1 76 76 226 301 151 76 226 76 76 226 226 151 226 1 226 76 226 76 151 151 1 1 301 308 308 226 233 301 151 1 383 226 76 151 301 1 1 151 156 226 76 1 383 76 308 151 383 151 1 151 307 151 151 76 301 226 1 151 226 226 76 151 301 233 76 226 151 151 232 76 226 301 301 301 226 382 306 76 151 1 301 156 376 1 376 226 156 76 1 1 76 151 376 383 151 226 227 1 307 1 76 226 383 226 383 75 1 456 226 376 226 301 226 226 226 376 383 151 151 376 156 151 226 151 227 151 308 231 151 308 226 301 308 382 76 226 301 151 383 383 231 376 151 233 231 381 301 376 226 308 226 76 226 156 76 383 1 151 383 301 151 226 76 151 151 1 76 306 301 301 226 76 231 301 151 226 76 308 383 383 301 1 301 376 383 151 76 76 376 308 383 1 151 76 226 76 226 1 231 233 301 151 301 226 383 377 301 151 226 226 383 226 151 76 301 383 301 1 231 301 151 376 308 76 301 233 376 301 76 383 301 151 151 376 308 301 226 151 226 231 226 76 233 226 226 301 301 226 76 376 1 383 383 151 151 378 376 151 457 226 301 76 151 76 308 301 226 301 301 376 376 151 1 376 231 1 301 377 76 383 226 76 151 151 233 383 151 156 301 226 301 376 76 306 226 303 76 301 301 233 376 151 151 1 76 226 151 226 301 301 226 376 376 376 226 76 156 452 151 457 301 151 301 376 151 301 376 226 1 226 226 151 76 226 383 151 381 226 383 301 376 308 383 151 376 301 151 301 1 308 233 151 151 1 226 76 304 231 376 301 226 226 1 380 231 301 151 81 151 156 157 233 226 231 301 302 306 301 301 151 76 1 151 226 231 383 226 226 76 226 376 308 151 231 301 376 151 301 1 301 81 383 301 76 151 301 303 226 301 76 379 301 301 226 231 376 301 308 151 226 228 383 231 226 381 383 226 301 232 76 376 76 76 376 376 383 301 383 1 151 76 156 226 457 376 383 226 151 151 151 233 376 301 457 151 226 376 
c [Main] Lowest label SAT is set to 457.
c [Label = 449] Minimize Makespan Labeling problem (X-can__715.mtx.rnd):
c [Label = 455] Encoding starts with target value = 75:
c [Label = 455] Encoding duration: 14345ms.
c [Label = 455] Number of clauses: 8130902.
c [Label = 455] Number of variables: 1011168.
c [Label = 455] Solving duration: 33940 ms.
s [Label = 455] SAT (w = 75).
c [Label = 455] Label assignment: 1 1 1 1 1 1 1 1 76 76 1 1 1 1 1 1 1 1 1 1 1 1 76 76 76 76 76 76 76 76 76 1 1 1 76 1 1 1 76 151 76 1 1 1 1 151 151 1 1 1 151 1 76 1 1 151 1 76 1 151 151 1 1 1 151 1 1 1 151 76 76 1 1 76 76 76 76 76 76 151 1 1 1 76 76 1 1 1 151 226 151 151 151 1 76 1 76 151 151 1 1 1 226 1 1 1 151 76 1 1 76 151 226 151 226 1 226 76 151 1 151 151 226 151 76 1 1 151 76 76 1 226 76 76 151 226 151 76 76 226 76 1 230 155 1 1 1 226 76 76 76 1 151 76 226 1 230 1 1 76 76 151 76 76 151 151 1 1 151 76 151 76 76 226 306 76 151 1 76 76 151 1 1 226 80 76 76 226 76 230 151 80 1 151 151 301 76 226 76 151 1 151 1 151 76 1 226 1 226 76 1 154 76 151 1 1 226 1 226 76 381 76 301 301 301 1 151 151 76 1 301 381 1 1 151 76 80 151 76 306 1 151 1 76 1 381 76 76 226 306 381 226 1 76 381 380 151 1 76 76 226 301 151 76 226 76 76 226 226 151 226 1 226 76 226 76 151 151 1 1 301 306 306 226 231 301 151 1 381 226 76 151 301 1 1 151 155 226 76 1 381 76 306 306 381 151 1 151 305 151 151 76 301 226 1 151 226 226 76 151 301 231 76 226 151 151 380 76 226 301 301 301 226 230 306 76 151 1 301 154 376 1 376 226 154 76 1 1 76 151 376 381 151 226 227 1 305 1 76 226 381 155 381 230 1 455 226 376 226 301 226 226 226 376 381 151 151 376 154 151 226 151 227 151 306 229 151 306 226 301 306 380 76 226 301 151 381 381 231 376 151 231 230 381 301 376 226 305 226 76 226 155 76 381 1 151 381 301 151 226 76 151 151 1 76 306 301 301 226 76 229 301 151 226 76 306 381 381 301 1 301 376 381 151 76 76 376 306 381 1 151 76 226 76 226 1 229 231 301 151 301 226 381 377 301 151 226 226 381 226 151 76 301 381 301 1 230 301 151 376 306 76 301 231 376 301 76 381 301 151 151 376 306 301 226 151 226 380 226 76 231 226 226 301 301 226 76 376 1 381 381 151 151 378 376 151 1 226 301 76 151 76 306 301 226 301 301 376 376 151 1 376 229 1 301 377 76 381 226 76 151 151 231 381 151 155 301 226 301 376 80 381 226 303 76 301 301 231 376 151 151 1 76 226 151 226 301 301 226 376 376 376 226 76 154 452 151 455 301 151 301 376 151 301 376 226 1 226 226 151 76 226 381 151 381 226 381 301 376 306 381 151 376 301 151 301 1 306 231 151 151 1 226 76 304 229 376 301 226 226 1 380 230 301 151 80 151 155 155 231 226 229 301 302 305 301 301 151 76 1 151 226 229 381 226 226 76 226 376 306 151 229 301 376 151 301 1 301 79 381 301 76 151 301 303 226 301 76 379 301 301 226 229 376 301 306 151 226 228 381 381 226 306 381 226 301 230 76 376 76 76 376 376 381 301 381 1 151 76 155 226 5 376 381 226 151 151 151 231 376 301 455 151 226 376 
c [Main] Lowest label SAT is set to 455.
c [Main] Kill higher label pid 456.
c [Label = 456] Encoding starts with target value = 75:
c [Label = 456] Encoding duration: 14300ms.
c [Label = 456] Number of clauses: 8146378.
c [Label = 456] Number of variables: 1012598.
c [Label = 456] Solving duration: 34798 ms.
s [Label = 456] SAT (w = 75).
c [Label = 456] Label assignment: 455 455 155 455 455 455 455 455 380 380 455 455 455 380 455 455 455 455 380 455 455 455 380 380 74 380 380 305 380 380 380 455 455 455 380 380 455 455 305 455 305 455 455 455 449 305 305 455 455 305 305 455 380 455 381 230 305 380 380 455 305 455 455 455 305 455 455 455 305 305 230 455 455 380 305 155 380 380 380 455 455 455 305 380 380 455 455 81 305 80 305 305 80 155 306 381 231 455 230 305 230 380 230 455 455 455 380 305 381 455 455 380 230 380 155 455 305 455 305 455 455 230 230 380 380 455 380 305 380 380 230 455 380 455 230 380 305 455 380 305 380 380 155 380 455 455 455 305 380 380 380 455 80 306 155 455 231 455 380 380 455 380 380 380 455 380 455 455 305 380 455 305 380 230 305 230 305 305 380 380 305 455 455 230 156 380 455 224 380 231 305 156 455 305 230 155 380 230 380 380 455 305 455 231 155 455 155 455 230 380 305 230 380 155 455 455 80 305 155 455 230 305 230 74 80 455 305 380 306 455 305 381 455 455 231 155 306 305 380 455 380 455 305 305 455 230 230 305 230 155 455 380 455 380 230 230 305 455 380 380 230 155 305 455 80 380 306 305 305 305 230 455 230 382 80 305 380 155 455 455 455 80 155 80 380 155 155 455 380 80 455 305 155 305 455 305 156 155 380 455 155 380 230 80 305 380 305 305 81 149 305 230 305 74 156 305 305 224 380 305 155 305 380 380 305 305 231 380 230 155 305 305 305 150 149 380 455 455 155 455 80 155 80 80 380 230 305 380 230 305 380 305 305 230 149 155 306 455 305 230 455 456 230 6 455 155 230 230 305 155 224 155 230 230 230 305 305 80 230 230 230 380 305 155 305 455 305 80 230 155 80 156 380 380 155 155 230 380 230 230 305 305 455 455 80 230 374 81 155 230 74 381 380 230 455 230 456 230 230 156 455 305 230 455 156 455 380 80 380 380 380 149 305 230 380 299 455 155 305 455 155 230 455 305 380 230 155 455 224 455 155 155 230 80 230 80 155 155 155 305 455 155 230 305 230 305 380 455 380 230 305 155 155 230 305 455 231 380 305 155 456 380 155 155 80 155 80 305 80 80 305 230 305 149 380 305 230 456 230 455 230 230 80 230 380 230 380 380 455 230 380 380 155 74 380 305 381 155 230 380 305 230 80 155 380 230 155 230 230 155 455 380 230 455 155 230 380 80 80 155 305 305 380 456 231 381 155 80 155 380 305 231 305 455 380 380 455 230 230 230 380 455 305 230 305 155 155 155 305 155 80 155 155 306 305 455 455 306 455 155 155 80 305 155 230 230 155 230 74 74 380 80 230 230 455 455 230 455 230 80 380 455 230 80 305 305 455 455 380 155 305 455 80 380 230 155 230 155 380 80 455 305 306 80 149 456 380 156 381 455 305 230 230 455 75 305 305 230 380 455 230 230 380 380 230 155 455 80 380 80 230 155 380 230 305 305 455 455 230 305 155 380 380 230 305 80 80 380 74 305 80 230 305 230 155 230 455 305 380 380 225 155 80 230 155 155 456 305 230 380 156 80 80 155 81 80 455 380 455 306 305 81 455 380 230 305 80 80 149 155 230 455 455 455 1 
c [Signal] Signal interruption. Caught signal: SIGTERM (15).
c [Label = 448] Minimize Makespan Labeling problem (X-can__715.mtx.rnd):
c [Label = 454] Encoding starts with target value = 75:
c [Label = 454] Encoding duration: 14634ms.
c [Label = 454] Number of clauses: 8115427.
c [Label = 454] Number of variables: 1009738.
c [Label = 454] Solving duration: 32944 ms.
s [Label = 454] SAT (w = 75).
c [Label = 454] Label assignment: 1 1 1 1 1 1 1 1 76 76 1 1 1 1 1 1 1 1 1 1 1 1 76 76 76 76 76 76 76 76 76 1 1 1 76 1 1 1 76 151 76 1 1 1 1 151 151 1 1 1 151 1 76 1 1 151 1 76 1 151 151 1 1 1 151 1 1 1 151 76 76 1 1 76 76 76 76 76 76 151 1 1 1 76 76 1 1 1 151 226 151 151 151 1 76 1 76 151 151 1 1 1 226 1 1 1 151 76 1 1 76 151 226 151 226 1 226 76 151 1 151 151 226 151 76 1 1 151 76 76 1 226 76 76 151 226 151 76 76 226 76 1 226 151 1 1 1 226 76 76 76 1 151 76 226 1 226 1 1 76 76 151 76 76 151 151 1 1 151 76 151 76 76 226 305 76 151 1 76 76 151 1 1 226 72 76 76 226 76 376 151 226 1 151 151 301 76 226 76 151 1 151 1 151 76 1 226 1 226 76 1 151 76 151 1 1 226 1 226 76 380 76 301 301 301 1 151 151 76 1 301 151 1 1 151 76 76 151 76 305 1 151 1 76 1 380 76 76 226 305 380 226 1 76 380 378 151 1 76 76 226 301 151 76 226 76 380 226 226 151 226 1 226 76 226 76 151 151 1 1 301 305 305 226 230 301 151 1 380 226 76 151 301 1 1 151 151 226 76 1 380 76 305 151 380 151 1 151 151 151 151 76 301 226 73 151 226 226 76 151 301 230 76 226 151 151 376 76 226 301 301 301 226 376 305 76 151 1 301 151 376 1 376 226 151 76 1 1 76 151 376 380 151 226 227 1 451 1 76 226 380 226 380 72 1 453 226 376 226 301 226 226 226 376 380 151 151 376 151 151 226 151 227 151 305 226 151 305 226 301 305 226 76 226 301 151 380 380 230 376 151 230 226 380 301 376 226 226 226 76 226 301 76 380 1 151 380 301 151 226 76 151 151 1 76 305 301 301 226 76 226 301 151 226 76 305 380 380 301 1 301 376 380 151 76 76 376 305 380 1 151 76 226 76 226 1 226 230 301 151 301 226 380 377 301 151 226 226 380 226 151 76 301 380 301 1 226 301 151 376 305 76 301 230 376 301 76 380 301 151 151 376 305 301 226 151 226 226 226 76 230 226 226 301 301 226 76 376 1 380 380 151 151 378 376 151 451 226 301 76 151 76 305 301 226 301 301 376 376 151 1 376 226 1 301 377 76 380 226 76 151 151 230 380 151 151 301 226 301 376 76 302 226 303 76 301 301 230 376 151 151 1 76 226 151 226 301 301 226 376 376 376 226 76 151 452 151 451 301 151 301 376 151 301 376 226 1 226 226 151 76 226 380 151 380 226 380 301 376 305 380 151 376 301 151 301 1 305 230 151 151 1 226 76 304 226 376 301 226 226 1 380 380 301 151 76 151 151 301 230 226 226 301 302 301 301 301 151 76 1 151 226 226 380 226 226 76 226 376 305 151 226 301 376 151 301 1 301 76 380 301 76 151 301 303 226 301 76 379 301 301 226 227 376 301 305 151 226 228 380 226 226 378 380 226 301 376 76 376 76 76 376 376 380 301 380 1 151 76 151 226 147 376 380 226 151 151 151 230 376 301 454 151 226 376 
c [Main] Child pid 456 - 105915 terminated by signal 15.
c [Label = 447] Minimize Makespan Labeling problem (X-can__715.mtx.rnd):
c [Main] Lowest label SAT is set to 454.
c [Label = 446] Minimize Makespan Labeling problem (X-can__715.mtx.rnd):
c [Label = 453] Encoding starts with target value = 75:
c [Label = 453] Encoding duration: 14593ms.
c [Label = 453] Number of clauses: 8099951.
c [Label = 453] Number of variables: 1008308.
c [Label = 453] Solving duration: 33425 ms.
s [Label = 453] SAT (w = 75).
c [Label = 453] Label assignment: 1 1 1 1 1 1 1 1 76 76 1 1 1 1 1 1 1 1 1 1 1 1 76 76 76 76 76 76 76 76 76 1 1 1 76 1 1 1 76 151 76 1 1 1 1 151 151 1 1 1 151 1 76 1 1 151 1 76 1 151 151 1 1 1 151 1 1 1 151 76 76 1 1 76 76 76 76 76 76 151 1 1 1 76 76 1 1 1 151 226 151 151 151 1 76 1 76 151 151 1 1 1 226 1 1 1 151 76 1 1 76 151 226 151 226 1 226 76 151 1 151 151 226 151 76 1 1 151 76 76 1 226 76 76 151 226 151 76 76 226 76 1 228 153 1 1 1 226 76 76 76 1 151 76 226 1 228 1 1 76 76 151 76 76 151 151 1 1 151 76 151 76 76 226 304 76 151 1 76 76 151 1 1 226 78 76 76 226 76 378 151 228 1 151 151 301 76 226 76 151 1 151 1 151 76 1 226 1 226 76 1 152 76 151 1 1 226 1 226 76 379 76 301 301 301 1 151 151 76 1 301 151 1 1 151 76 78 151 76 304 1 151 1 76 1 379 76 76 226 304 379 226 1 76 379 378 151 1 76 76 226 301 151 76 226 76 76 226 226 151 226 1 226 76 226 76 151 151 1 1 301 304 304 226 229 301 151 1 379 226 76 151 301 1 1 151 153 226 76 1 379 76 304 151 379 151 1 151 303 151 151 76 301 226 378 151 226 226 76 151 301 229 76 226 151 151 78 76 226 301 301 301 226 378 304 76 151 1 301 152 376 1 376 226 152 76 1 1 76 151 376 379 151 226 227 1 303 1 76 226 379 226 379 378 1 453 226 376 226 301 226 226 226 376 379 151 151 376 152 151 226 151 227 151 304 227 151 304 226 301 304 378 76 226 301 151 379 379 229 376 151 229 228 379 301 376 226 303 226 76 226 153 76 379 1 151 379 301 151 226 76 151 151 1 76 304 301 301 226 76 227 301 151 226 76 304 379 379 301 1 301 376 379 151 76 76 376 304 379 1 151 76 226 76 226 1 227 229 301 151 301 226 379 377 301 151 226 226 379 226 151 76 301 379 301 1 228 301 151 376 303 76 301 229 376 301 76 379 301 151 151 376 304 301 226 151 226 228 226 76 229 226 226 301 301 226 76 376 1 379 379 151 151 378 376 151 453 226 301 76 151 76 304 301 226 301 301 376 376 151 1 376 227 1 301 377 76 379 226 76 151 151 229 379 151 153 301 226 301 376 76 302 226 303 76 301 301 229 376 151 151 1 76 226 151 226 301 301 226 376 376 376 226 76 152 452 151 153 301 151 301 376 151 301 376 226 1 226 226 151 76 226 379 151 379 226 379 301 376 304 379 151 376 301 151 301 1 304 229 151 151 1 226 76 304 227 376 301 226 226 1 379 379 301 151 78 151 153 453 229 226 227 301 302 303 301 301 151 76 1 151 226 227 379 226 226 76 226 376 304 151 227 301 376 151 301 1 301 77 379 301 76 151 301 303 226 301 76 379 301 301 226 227 376 301 304 151 226 228 379 228 226 378 379 226 301 228 76 376 76 76 376 376 379 301 379 1 151 76 153 226 3 376 379 226 151 151 151 229 376 301 453 151 226 376 
c [Main] Lowest label SAT is set to 453.
c [Label = 445] Minimize Makespan Labeling problem (X-can__715.mtx.rnd):
c [Label = 452] Encoding starts with target value = 75:
c [Label = 452] Encoding duration: 13267ms.
c [Label = 452] Number of clauses: 8084476.
c [Label = 452] Number of variables: 1006878.
c [Label = 452] Solving duration: 31176 ms.
s [Label = 452] SAT (w = 75).
c [Label = 452] Label assignment: 1 1 1 1 1 1 1 1 76 76 1 1 1 1 1 1 1 1 1 1 1 1 76 76 76 76 76 76 76 76 76 1 1 1 76 1 1 1 76 151 76 1 1 1 1 151 151 1 1 1 151 1 76 1 1 151 1 76 1 151 151 1 1 1 151 1 1 1 151 76 76 1 1 76 76 76 76 76 76 151 1 1 1 76 76 1 1 1 151 226 151 151 151 1 76 1 76 151 151 1 1 1 226 1 1 1 151 76 1 1 76 151 226 151 226 1 226 76 151 1 151 151 226 151 76 1 1 151 76 76 1 226 76 76 151 226 151 76 76 226 76 1 227 152 1 1 1 226 76 76 76 1 151 76 226 1 227 1 1 76 76 151 76 76 151 151 1 1 151 76 151 76 76 226 303 76 151 1 76 76 151 1 1 226 75 76 76 226 76 377 151 226 1 151 151 301 76 226 76 151 1 151 1 151 76 1 226 1 226 76 1 152 76 151 1 1 226 1 226 76 378 76 301 301 301 1 151 151 76 1 301 151 1 1 151 76 77 151 76 303 1 151 1 76 1 378 76 76 226 303 378 226 1 76 378 377 151 1 76 76 226 301 151 76 226 76 378 226 226 151 226 1 226 76 226 76 151 151 1 1 301 303 303 226 228 301 151 1 378 226 76 151 301 1 1 151 152 226 76 1 378 76 303 151 378 151 1 151 151 151 151 76 301 226 75 151 226 226 76 151 301 228 76 226 151 151 377 76 226 301 301 301 226 377 303 76 151 1 301 152 376 1 376 226 152 76 1 1 76 151 376 378 151 226 227 1 452 1 76 226 378 226 378 75 1 452 226 376 226 301 226 226 226 376 378 151 151 376 152 151 226 151 227 151 303 227 151 303 226 301 303 377 76 226 301 151 378 378 228 376 151 228 227 378 301 376 226 302 226 76 226 301 76 378 1 151 378 301 151 226 76 151 151 1 76 303 301 301 226 76 227 301 151 226 76 303 378 378 301 1 301 376 378 151 76 76 376 303 378 1 151 76 226 76 226 1 227 228 301 151 301 226 378 377 301 151 226 226 378 226 151 76 301 378 301 1 227 301 151 376 303 76 301 228 376 301 76 378 301 151 151 376 303 301 226 151 226 226 226 76 228 226 226 301 301 226 76 376 1 378 378 151 151 378 376 151 452 226 301 76 151 76 303 301 226 301 301 376 376 151 1 376 227 1 301 377 76 378 226 76 151 151 228 378 151 152 301 226 301 376 76 302 226 303 76 301 301 228 376 151 151 1 76 226 151 226 301 301 226 376 376 376 226 76 152 452 151 302 301 151 301 376 151 301 376 226 1 226 226 151 76 226 378 151 378 226 378 301 376 303 378 151 376 301 151 301 1 303 228 151 151 1 226 76 303 227 376 301 226 226 1 378 378 301 151 76 151 152 452 228 226 227 301 302 302 301 301 151 76 1 151 226 227 378 226 226 76 226 376 303 151 227 301 376 151 301 1 301 77 378 301 76 151 301 303 226 301 76 378 301 301 226 227 376 301 303 151 226 228 378 227 226 377 378 226 301 226 76 376 76 76 376 376 378 301 378 1 151 76 151 226 150 376 378 226 151 151 151 228 376 301 1 151 226 376 
c [Main] Lowest label SAT is set to 452.
c [Label = 444] Minimize Makespan Labeling problem (X-can__715.mtx.rnd):
c [Label = 451] Encoding starts with target value = 75:
c [Label = 451] Encoding duration: 12957ms.
c [Label = 451] Number of clauses: 7913130.
c [Label = 451] Number of variables: 953968.
c [Label = 451] Solving duration: 39510 ms.
s [Label = 451] SAT (w = 75).
c [Label = 451] Label assignment: 1 1 1 1 1 1 1 1 76 76 1 1 1 1 1 1 1 1 1 1 1 1 76 76 76 76 76 76 76 76 76 1 1 1 76 1 1 1 76 151 76 1 1 1 1 151 151 1 1 1 151 1 76 1 1 151 1 76 1 151 151 1 1 1 151 1 1 1 151 76 76 1 1 76 76 76 76 76 76 151 1 1 1 76 76 1 1 1 151 226 151 151 151 1 76 1 76 151 151 1 1 1 226 1 1 1 151 76 1 1 76 151 226 151 226 1 226 76 151 1 151 151 226 151 76 1 1 151 76 76 1 226 76 76 151 226 151 76 76 226 76 1 152 227 1 1 1 226 76 76 76 1 151 76 226 1 76 1 1 76 76 151 76 76 151 151 1 1 151 76 151 76 76 226 302 76 151 1 76 76 151 1 1 226 77 76 76 226 76 377 151 76 1 151 151 301 76 226 76 151 1 151 1 151 76 1 226 1 226 76 1 152 76 151 1 1 226 1 226 76 377 76 301 301 301 1 151 151 76 1 301 151 1 1 151 76 227 151 76 302 1 151 1 76 1 377 76 76 226 302 377 226 1 76 377 151 151 1 76 76 226 301 151 76 226 76 76 226 226 151 226 1 226 76 226 76 151 151 1 1 301 302 302 226 227 301 151 1 377 226 76 151 301 1 1 151 377 226 76 1 226 76 302 151 377 151 1 151 302 151 151 76 301 226 1 151 226 226 76 151 301 227 76 226 151 151 377 76 226 301 301 301 226 377 302 76 151 1 301 152 376 1 376 226 152 76 1 1 76 151 376 377 151 226 227 1 302 1 76 226 377 226 377 152 1 1 226 376 226 301 226 226 226 376 377 151 151 376 152 151 226 151 227 151 302 227 151 302 226 301 302 377 76 226 301 151 377 377 227 376 151 227 377 377 301 376 226 302 226 76 226 227 76 377 1 151 377 301 151 226 76 151 151 1 76 302 301 301 226 76 227 301 151 226 76 302 377 377 301 1 301 376 377 151 76 76 376 301 377 1 151 76 226 76 226 1 227 227 301 151 301 226 377 377 301 151 226 226 377 226 151 76 301 377 301 1 377 301 151 376 302 76 301 227 376 301 76 377 301 151 151 376 302 301 226 151 226 152 226 76 227 226 226 301 301 226 76 376 1 377 377 151 151 377 376 151 1 226 301 76 151 76 302 151 226 301 301 376 376 151 1 376 227 1 301 376 76 377 226 76 151 151 227 152 151 152 301 226 301 376 76 302 226 302 76 301 301 227 376 151 151 1 76 226 151 226 301 301 226 376 376 376 226 227 227 451 151 1 301 151 301 376 151 301 376 226 1 226 226 151 76 226 377 152 377 226 377 301 376 302 377 151 376 301 151 301 1 302 376 151 151 1 226 76 302 227 376 301 226 226 1 377 377 301 151 77 151 152 227 227 226 151 301 302 302 301 301 151 76 1 151 226 153 377 226 226 76 226 376 302 151 227 301 376 151 301 1 301 77 377 301 76 151 301 302 226 301 76 377 301 301 226 227 376 301 302 76 226 227 377 152 226 302 377 226 301 152 76 376 76 76 376 376 377 301 377 1 151 76 227 226 1 376 377 226 151 301 151 227 376 301 1 151 226 376 
c [Main] Lowest label SAT is set to 451.
c [Label = 443] Minimize Makespan Labeling problem (X-can__715.mtx.rnd):
c [Label = 450] Encoding starts with target value = 75:
c [Label = 450] Encoding duration: 13328ms.
c [Label = 450] Number of clauses: 7903005.
c [Label = 450] Number of variables: 952538.
c [Label = 450] Solving duration: 41648 ms.
s [Label = 450] SAT (w = 75).
c [Label = 450] Label assignment: 1 1 1 1 1 1 1 1 76 76 1 1 1 1 1 1 1 1 1 1 1 1 76 76 76 76 76 76 76 76 76 1 1 1 76 1 1 1 76 151 76 1 1 1 1 151 151 1 1 1 151 1 76 1 1 151 1 76 1 151 151 1 1 1 151 1 1 1 151 76 76 1 1 76 76 76 76 76 76 151 1 1 1 76 76 1 1 1 151 226 151 151 151 1 76 1 76 151 151 1 1 1 226 1 1 1 151 76 1 1 76 151 226 151 226 1 226 76 151 1 151 151 226 151 76 1 1 151 76 76 1 226 76 76 151 226 151 76 76 226 76 1 376 151 1 1 1 226 76 76 76 1 151 76 226 1 76 1 1 76 76 151 76 76 151 151 1 1 151 76 151 76 76 226 301 76 151 1 76 76 151 1 1 226 76 76 76 226 76 376 151 76 1 151 151 301 76 226 76 151 1 151 1 151 76 1 226 1 226 76 1 151 76 299 1 1 226 1 226 76 376 76 301 301 301 1 151 151 76 1 301 151 1 1 151 76 151 151 76 151 1 151 1 76 1 376 76 76 226 226 301 226 1 76 376 151 151 1 76 76 226 301 151 76 226 76 76 226 226 151 226 1 226 76 226 76 151 151 1 1 301 226 226 226 301 301 151 1 376 226 76 151 301 1 1 151 376 226 76 1 226 76 374 151 151 151 1 151 151 151 151 76 301 226 1 151 226 226 76 151 301 301 76 226 151 151 226 76 226 301 301 301 376 376 301 76 151 1 301 151 376 1 376 226 376 76 1 1 76 151 376 376 151 226 226 1 301 1 76 226 376 226 376 376 1 301 226 376 226 301 226 226 226 376 376 151 151 376 151 151 226 151 226 151 301 226 151 301 226 301 226 376 76 226 301 151 151 376 301 376 151 301 1 376 301 376 227 376 226 76 226 151 76 226 1 151 151 301 151 226 76 151 151 1 76 226 301 301 226 76 226 301 151 226 76 301 376 376 301 1 301 376 376 151 76 76 376 301 376 1 376 76 226 76 226 1 226 226 301 151 301 226 376 376 301 151 226 226 376 226 151 76 301 374 301 1 226 301 151 376 301 301 301 226 376 301 76 376 301 151 151 376 301 301 226 151 226 226 226 76 76 226 226 301 301 226 76 376 1 376 376 151 151 376 376 151 1 226 301 76 151 76 151 301 226 301 301 376 376 151 1 376 224 1 301 226 76 151 226 76 151 151 376 376 151 376 301 226 301 376 76 376 226 301 76 301 301 301 376 151 151 1 76 226 151 226 301 301 226 376 376 376 226 226 226 1 151 1 301 151 301 376 151 301 376 226 376 226 226 151 76 226 376 376 376 226 376 301 376 301 301 151 376 301 151 301 1 376 376 151 151 1 301 76 301 226 376 301 226 226 1 376 299 301 151 76 151 376 301 226 226 1 301 301 301 301 301 151 76 1 151 226 151 151 226 226 76 226 376 301 151 226 301 376 151 301 1 301 76 376 301 76 151 376 301 226 301 76 376 301 301 226 226 376 376 301 76 226 226 301 226 226 376 376 226 301 226 76 376 76 76 376 376 376 301 301 1 151 76 151 226 1 376 376 226 151 151 151 299 376 301 450 151 226 376 
c [Main] Lowest label SAT is set to 450.
c [Label = 442] Minimize Makespan Labeling problem (X-can__715.mtx.rnd):
c [Label = 449] Encoding starts with target value = 75:
c [Label = 449] Encoding duration: 13305ms.
c [Label = 449] Number of clauses: 7887529.
c [Label = 449] Number of variables: 951108.
c [Label = 449] Solving duration: 57849 ms.
s [Label = 449] UNSAT (w = 75).
c [Label = 442] Encoding starts with target value = 75:
c [Label = 442] Encoding duration: 12914ms.
c [Label = 442] Number of clauses: 7779201.
c [Label = 442] Number of variables: 941098.
c [Signal] Signal interruption. Caught signal: SIGTERM (15).
c [Label = 443] Encoding starts with target value = 75:
c [Label = 443] Encoding duration: 13125ms.
c [Label = 443] Number of clauses: 7794676.
c [Label = 443] Number of variables: 942528.
c [Signal] Signal interruption. Caught signal: SIGTERM (15).
c [Label = 444] Encoding starts with target value = 75:
c [Label = 444] Encoding duration: 13205ms.
c [Label = 444] Number of clauses: 7810152.
c [Label = 444] Number of variables: 943958.
c [Signal] Signal interruption. Caught signal: SIGTERM (15).
c [Label = 445] Encoding starts with target value = 75:
c [Label = 445] Encoding duration: 12941ms.
c [Label = 445] Number of clauses: 7825627.
c [Label = 445] Number of variables: 945388.
c [Signal] Signal interruption. Caught signal: SIGTERM (15).
c [Main] Highest label UNSAT is set to 449
c [Main] Kill lower label pid 442.
c [Main] Kill lower label pid 443.
c [Main] Kill lower label pid 444.
c [Main] Kill lower label pid 445.
c [Main] Kill lower label pid 446.
c [Main] Kill lower label pid 447.
c [Main] Kill lower label pid 448.
c [Label = 446] Encoding starts with target value = 75:
c [Label = 446] Encoding duration: 13408ms.
c [Label = 446] Number of clauses: 7841103.
c [Label = 446] Number of variables: 946818.
c [Signal] Signal interruption. Caught signal: SIGTERM (15).
c [Label = 447] Encoding starts with target value = 75:
c [Label = 447] Encoding duration: 13080ms.
c [Label = 447] Number of clauses: 7856578.
c [Label = 447] Number of variables: 948248.
c [Signal] Signal interruption. Caught signal: SIGTERM (15).
c [Label = 448] Encoding starts with target value = 75:
c [Label = 448] Encoding duration: 13547ms.
c [Label = 448] Number of clauses: 7872054.
c [Label = 448] Number of variables: 949678.
c [Signal] Signal interruption. Caught signal: SIGTERM (15).
c [Main] Child pid 442 - 106388 terminated by signal 15.
c [Main] Child pid 447 - 106372 terminated by signal 15.
c [Main] Child pid 446 - 106373 terminated by signal 15.
c [Main] Child pid 445 - 106374 terminated by signal 15.
c [Main] Child pid 448 - 106369 terminated by signal 15.
c [Main] Child pid 443 - 106387 terminated by signal 15.
c [Main] Child pid 444 - 106384 terminated by signal 15.
c [Signal] Signal interruption. Caught signal: SIGTERM (15).
c [Main] All children have completed.
r [Main] 
r [Main] Final results: 
r [Main] Lowest label SAT:  	450.
r [Main] Highest label UNSAT:	449.
r [Main] Total real time: 614365 ms.
r [Main] Total memory consumed: 21794.3 MB.
r [Main] 
