c [Version] Minimize Makespan Labeling Encoder version 1.0.0.
c [Param] Target value is set to 84.
c [Param] LB is predefined as 85.
c [Param] UB is predefined as 444.
c [Param] Target value is set to Antibandwidth.
c [Param] Vertices mode is set to Has hole.
c [Param] Result verification is ON.
c [Param] Memory limit is set to 30000.
c [Param] Real time limit is set to 1800.
c [Param] Max CNF size is set to 10.
c [Main] Search strategy: Incremental from upper bound.
c [Main] Encoding and solving for graph: T-dwt__592.mtx.rnd.
c [Incremental] Minimize Makespan Labeling problem (T-dwt__592.mtx.rnd):
c [Incremental] Encoding starts with target value = 84:
c [Incremental] Encoding duration: 5752ms.
c [Incremental] Number of clauses: 5071152.
c [Incremental] Number of variables: 716385.
c [Incremental] Solving for max label = 444:
c [Incremental] Solving duration: 13708 ms.
s [Incremental] SAT (label = 444).
c [Incremental] Label assignment: 1 1 1 1 1 1 1 1 1 1 1 1 1 85 1 85 1 1 85 85 1 1 85 85 1 85 85 1 1 1 1 1 1 85 1 1 1 85 1 1 1 1 1 1 1 1 1 1 1 85 169 1 85 1 85 85 1 85 85 85 1 169 85 1 85 85 85 1 85 1 85 1 85 1 1 1 1 85 85 1 85 1 85 1 85 85 1 1 85 85 85 85 169 85 1 85 1 1 169 1 85 85 253 85 169 1 169 85 85 85 85 1 169 85 1 1 169 1 169 85 1 85 169 85 1 85 253 85 1 169 85 169 169 169 169 1 169 1 1 169 85 85 169 169 1 169 85 253 85 169 1 1 1 85 253 85 169 169 85 1 85 169 169 1 253 85 1 85 169 253 1 1 169 85 169 1 169 169 1 85 85 169 85 85 169 253 1 253 1 85 85 85 85 169 1 169 85 169 1 169 85 253 169 169 253 169 253 85 169 169 253 169 253 1 169 253 85 169 85 1 169 85 85 1 253 1 85 169 85 85 1 1 1 1 1 337 85 253 85 85 169 169 169 85 169 169 169 253 169 337 169 253 253 337 85 1 85 169 253 253 1 253 253 253 85 1 169 253 253 85 169 169 337 1 169 253 169 169 253 169 253 169 85 169 169 85 169 1 337 1 253 1 85 169 169 253 253 337 337 253 253 169 337 1 169 85 169 253 253 169 169 1 169 337 337 85 1 169 337 85 1 253 1 253 85 253 85 253 85 337 337 169 253 169 421 1 253 253 253 85 253 444 276 253 337 253 85 253 253 169 1 253 85 1 253 337 253 253 253 337 421 85 1 337 337 337 337 337 85 337 253 253 169 85 337 1 421 253 337 337 169 169 169 421 253 85 1 421 253 337 337 421 169 421 253 421 253 421 444 1 85 337 253 1 169 253 421 169 337 169 253 337 421 169 169 253 337 253 421 337 253 253 169 337 421 169 169 337 253 337 421 337 337 337 253 421 85 169 253 337 253 1 337 337 253 253 253 360 337 421 253 337 253 337 421 337 85 337 444 253 337 169 337 337 253 337 169 253 337 253 253 360 85 337 337 169 360 337 253 1 421 421 253 421 421 253 169 253 169 421 421 421 421 169 1 169 337 337 253 253 421 337 1 337 169 169 337 85 421 337 337 253 169 337 421 421 360 169 253 421 337 253 253 169 421 337 253 253 169 85 253 253 169 253 169 85 169 253 337 337 421 421 337 169 253 421 421 337 253 444 253 253 421 1 421 169 1 421 421 253 337 421 337 421 253 85 337 85 253 337 421 337 421 85 253 85 85 421 337 85 253 253 253 421 421 421 169 85 337 337 85 337 
c [Incremental] Max used label: 444.
c [Incremental] Label 444 is removed from searching.
c [Incremental] Solving for max label = 443:
c [Incremental] Solving duration: 1334 ms.
s [Incremental] SAT (label = 443).
c [Incremental] Label assignment: 1 1 1 1 1 1 1 1 1 1 1 1 1 85 1 85 1 1 85 85 1 1 85 85 1 85 85 1 1 1 1 1 1 85 1 1 1 85 1 1 1 1 1 1 1 1 1 1 1 85 169 1 85 1 85 85 1 85 85 85 1 169 85 1 85 85 85 1 85 1 85 1 85 1 1 1 1 85 85 1 85 1 85 1 85 85 1 1 85 85 85 85 169 85 1 85 1 1 169 1 85 85 253 85 169 1 169 85 85 85 85 1 169 85 1 1 169 1 169 85 1 85 169 85 1 85 253 85 1 169 85 169 169 169 169 1 169 1 1 169 85 85 169 169 1 169 85 253 85 169 1 1 1 85 253 85 169 169 85 1 85 169 169 1 253 85 1 85 169 253 1 1 169 85 169 1 169 169 1 85 85 169 85 85 169 253 1 253 1 85 85 85 85 169 1 169 85 169 1 169 85 253 169 169 253 169 253 85 169 169 253 169 253 1 169 253 85 169 85 1 169 85 85 1 253 1 85 169 85 85 1 1 1 1 1 337 85 253 85 85 169 169 169 85 169 169 169 253 169 337 169 253 253 337 85 1 85 169 253 253 1 253 253 253 85 1 169 253 253 85 169 169 337 1 169 253 169 169 253 169 253 169 85 169 169 85 169 1 337 1 253 1 85 169 169 253 253 337 337 253 253 169 337 1 169 85 169 253 253 169 169 1 169 337 337 85 1 169 337 85 1 253 1 253 85 253 85 253 85 337 337 169 253 169 421 1 253 253 253 85 253 443 275 253 337 253 85 253 253 169 1 253 85 1 253 337 253 253 253 337 421 85 1 337 337 337 337 337 85 337 253 253 169 85 337 1 421 253 337 337 169 169 169 421 253 85 1 421 253 337 337 421 169 421 253 421 253 421 443 1 85 337 253 1 169 253 421 169 337 169 253 337 421 169 169 253 337 253 421 337 253 253 169 337 421 169 169 337 253 337 421 337 337 337 253 421 85 169 253 337 253 1 337 337 253 253 253 360 337 421 253 337 253 337 421 337 85 337 443 253 337 169 337 337 253 337 169 253 337 253 253 359 85 337 337 169 359 337 253 1 421 421 253 421 421 253 169 253 169 421 421 421 421 169 1 169 337 337 253 253 421 337 1 337 169 169 337 85 421 337 337 253 169 337 421 421 359 169 253 421 337 253 253 169 421 337 253 253 169 85 253 253 169 253 169 85 169 253 337 337 421 421 337 169 253 421 421 337 253 443 253 253 421 1 421 169 1 421 421 253 337 421 337 421 253 85 337 85 253 337 421 337 421 85 253 85 85 421 337 85 253 253 253 421 421 421 169 85 337 337 85 337 
c [Incremental] Max used label: 443.
c [Incremental] Label 443 is removed from searching.
c [Incremental] Solving for max label = 442:
c [Incremental] Solving duration: 1350 ms.
s [Incremental] SAT (label = 442).
c [Incremental] Label assignment: 1 1 1 1 1 1 1 1 1 1 1 1 1 85 1 85 1 1 85 85 1 1 85 85 1 85 85 1 1 1 1 1 1 85 1 1 1 85 1 1 1 1 1 1 1 1 1 1 1 85 169 1 85 1 85 85 1 85 85 85 1 169 85 1 85 85 85 1 85 1 85 1 85 1 1 1 1 85 85 1 85 1 85 1 85 85 1 1 85 85 85 85 169 85 1 85 1 1 169 1 85 85 253 85 169 1 169 85 85 85 85 1 169 85 1 1 169 1 169 85 1 85 169 85 1 85 253 85 1 169 85 169 169 169 169 1 169 1 1 169 85 85 169 169 1 169 85 253 85 169 1 1 1 85 253 85 169 169 85 1 85 169 169 1 253 85 1 85 169 253 1 1 169 85 169 1 169 169 1 85 85 169 85 85 169 253 1 253 1 85 85 85 85 169 1 169 85 169 1 169 85 253 169 169 253 169 253 85 169 169 253 169 253 1 169 253 85 169 85 1 169 85 85 1 253 1 85 169 85 85 1 1 1 1 1 337 85 253 85 85 169 169 169 85 169 169 169 253 169 337 169 253 253 337 85 1 85 169 253 253 1 253 253 253 85 1 169 253 253 85 169 169 337 1 169 253 169 169 253 169 253 169 85 169 169 85 169 1 337 1 253 1 85 169 169 253 253 337 337 253 253 169 337 1 169 85 169 253 253 169 169 1 169 337 337 85 1 169 337 85 1 253 1 253 85 253 85 253 85 337 337 169 253 169 421 1 253 253 253 85 253 442 274 253 337 253 85 253 253 169 1 253 85 1 253 337 253 253 253 337 421 85 1 337 337 337 337 337 85 337 253 253 169 85 337 1 421 253 337 337 169 169 169 421 253 85 1 421 253 337 337 421 169 421 253 421 253 421 442 1 85 337 253 1 169 253 421 169 337 169 253 337 421 169 169 253 337 253 421 337 253 253 169 337 421 169 169 337 253 337 421 337 337 337 253 421 85 169 253 337 253 1 337 337 253 253 253 360 337 421 253 337 253 337 421 337 85 337 442 253 337 169 337 337 253 337 169 253 337 253 253 358 85 337 337 169 358 337 253 1 421 421 253 421 421 253 169 253 169 421 421 421 421 169 1 169 337 337 253 253 421 337 1 337 169 169 337 85 421 337 337 253 169 337 421 421 358 169 253 421 337 253 253 169 421 337 253 253 169 85 253 253 169 253 169 85 169 253 337 337 421 421 337 169 253 421 421 337 253 442 253 253 421 1 421 169 1 421 421 253 337 421 337 421 253 85 337 85 253 337 421 337 421 85 253 85 85 421 337 85 253 253 253 421 421 421 169 85 337 337 85 337 
c [Incremental] Max used label: 442.
c [Incremental] Label 442 is removed from searching.
c [Incremental] Solving for max label = 441:
c [Incremental] Solving duration: 1329 ms.
s [Incremental] SAT (label = 441).
c [Incremental] Label assignment: 1 1 1 1 1 1 1 1 1 1 1 1 1 85 1 85 1 1 85 85 1 1 85 85 1 85 85 1 1 1 1 1 1 85 1 1 1 85 1 1 1 1 1 1 1 1 1 1 1 85 169 1 85 1 85 85 1 85 85 85 1 169 85 1 85 85 85 1 85 1 85 1 85 1 1 1 1 85 85 1 85 1 85 1 85 85 1 1 85 85 85 85 169 85 1 85 1 1 169 1 85 85 253 85 169 1 169 85 85 85 85 1 169 85 1 1 169 1 169 85 1 85 169 85 1 85 253 85 1 169 85 169 169 169 169 1 169 1 1 169 85 85 169 169 1 169 85 253 85 169 1 1 1 85 253 85 169 169 85 1 85 169 169 1 253 85 1 85 169 253 1 1 169 85 169 1 169 169 1 85 85 169 85 85 169 253 1 253 1 85 85 85 85 169 1 169 85 169 1 169 85 253 169 169 253 169 253 85 169 169 253 169 253 1 169 253 85 169 85 1 169 85 85 1 253 1 85 169 85 85 1 1 1 1 1 337 85 253 85 85 169 169 169 85 169 169 169 253 169 337 169 253 253 337 85 1 85 169 253 253 1 253 253 253 85 1 169 253 253 85 169 169 337 1 169 253 169 169 253 169 253 169 85 169 169 85 169 1 337 1 253 1 85 169 169 253 253 337 337 253 253 169 337 1 169 85 169 253 253 169 169 1 169 337 337 85 1 169 337 85 1 253 1 253 85 253 85 253 85 337 337 169 253 169 421 1 253 253 253 85 253 441 273 253 337 253 85 253 253 169 1 253 85 1 253 337 253 253 253 337 421 85 1 337 337 337 337 337 85 337 253 253 169 85 337 1 421 253 337 337 169 169 169 421 253 85 1 421 253 337 337 421 169 421 253 421 253 421 441 1 85 337 253 1 169 253 421 169 337 169 253 337 421 169 169 253 337 253 421 337 253 253 169 337 421 169 169 337 253 337 421 337 337 337 253 421 85 169 253 337 253 1 337 337 253 253 253 360 337 421 253 337 253 337 421 337 85 337 441 253 337 169 337 337 253 337 169 253 337 253 253 357 85 337 337 169 357 337 253 1 421 421 253 421 421 253 169 253 169 421 421 421 421 169 1 169 337 337 253 253 421 337 1 337 169 169 337 85 421 337 337 253 169 337 421 421 357 169 253 421 337 253 253 169 421 337 253 253 169 85 253 253 169 253 169 85 169 253 337 337 421 421 337 169 253 421 421 337 253 441 253 253 421 1 421 169 1 421 421 253 337 421 337 421 253 85 337 85 253 337 421 337 421 85 253 85 85 421 337 85 253 253 253 421 421 421 169 85 337 337 85 337 
c [Incremental] Max used label: 441.
c [Incremental] Label 441 is removed from searching.
c [Incremental] Solving for max label = 440:
c [Incremental] Solving duration: 1346 ms.
s [Incremental] SAT (label = 440).
c [Incremental] Label assignment: 1 1 1 1 1 1 1 1 1 1 1 1 1 85 1 85 1 1 85 85 1 1 85 85 1 85 85 1 1 1 1 1 1 85 1 1 1 85 1 1 1 1 1 1 1 1 1 1 1 85 169 1 85 1 85 85 1 85 85 85 1 169 85 1 85 85 85 1 85 1 85 1 85 1 1 1 1 85 85 1 85 1 85 1 85 85 1 1 85 85 85 85 169 85 1 85 1 1 169 1 85 85 253 85 169 1 169 85 85 85 85 1 169 85 1 1 169 1 169 85 1 85 169 85 1 85 253 85 1 169 85 169 169 169 169 1 169 1 1 169 85 85 169 169 1 169 85 253 85 169 1 1 1 85 253 85 169 169 85 1 85 169 169 1 253 85 1 85 169 253 1 1 169 85 169 1 169 169 1 85 85 169 85 85 169 253 1 253 1 85 85 85 85 169 1 169 85 169 1 169 85 253 169 169 253 169 253 85 169 169 253 169 253 1 169 253 85 169 85 1 169 85 85 1 253 1 85 169 85 85 1 1 1 1 1 337 85 253 85 85 169 169 169 85 169 169 169 253 169 337 169 253 253 337 85 1 85 169 253 253 1 253 253 253 85 1 169 253 253 85 169 169 337 1 169 253 169 169 253 169 253 169 85 169 169 85 169 1 337 1 253 1 85 169 169 253 253 337 337 253 253 169 337 1 169 85 169 253 253 169 169 1 169 337 337 85 1 169 337 85 1 253 1 253 85 253 85 253 85 337 337 169 253 169 421 1 253 253 253 85 253 440 272 253 337 253 85 253 253 169 1 253 85 1 253 337 253 253 253 337 421 85 1 337 337 337 337 337 85 337 253 253 169 85 337 1 421 253 337 337 169 169 169 421 253 85 1 421 253 337 337 421 169 421 253 421 253 421 440 1 85 337 253 1 169 253 421 169 337 169 253 337 421 169 169 253 337 253 421 337 253 253 169 337 421 169 169 337 253 337 421 337 337 337 253 421 85 169 253 337 253 1 337 337 253 253 253 360 337 421 253 337 253 337 421 337 85 337 440 253 337 169 337 337 253 337 169 253 337 253 253 356 85 337 337 169 356 337 253 1 421 421 253 421 421 253 169 253 169 421 421 421 421 169 1 169 337 337 253 253 421 337 1 337 169 169 337 85 421 337 337 253 169 337 421 421 356 169 253 421 337 253 253 169 421 337 253 253 169 85 253 253 169 253 169 85 169 253 337 337 421 421 337 169 253 421 421 337 253 440 253 253 421 1 421 169 1 421 421 253 337 421 337 421 253 85 337 85 253 337 421 337 421 85 253 85 85 421 337 85 253 253 253 421 421 421 169 85 337 337 85 337 
c [Incremental] Max used label: 440.
c [Incremental] Label 440 is removed from searching.
c [Incremental] Solving for max label = 439:
c [Incremental] Solving duration: 1339 ms.
s [Incremental] SAT (label = 439).
c [Incremental] Label assignment: 1 1 1 1 1 1 1 1 1 1 1 1 1 85 1 85 1 1 85 85 1 1 85 85 1 85 85 1 1 1 1 1 1 85 1 1 1 85 1 1 1 1 1 1 1 1 1 1 1 85 169 1 85 1 85 85 1 85 85 85 1 169 85 1 85 85 85 1 85 1 85 1 85 1 1 1 1 85 85 1 85 1 85 1 85 85 1 1 85 85 85 85 169 85 1 85 1 1 169 1 85 85 253 85 169 1 169 85 85 85 85 1 169 85 1 1 169 1 169 85 1 85 169 85 1 85 253 85 1 169 85 169 169 169 169 1 169 1 1 169 85 85 169 169 1 169 85 253 85 169 1 1 1 85 253 85 169 169 85 1 85 169 169 1 253 85 1 85 169 253 1 1 169 85 169 1 169 169 1 85 85 169 85 85 169 253 1 253 1 85 85 85 85 169 1 169 85 169 1 169 85 253 169 169 253 169 253 85 169 169 253 169 253 1 169 253 85 169 85 1 169 85 85 1 253 1 85 169 85 85 1 1 1 1 1 337 85 253 85 85 169 169 169 85 169 169 169 253 169 337 169 253 253 337 85 1 85 169 253 253 1 253 253 253 85 1 169 253 253 85 169 169 337 1 169 253 169 169 253 169 253 169 85 169 169 85 169 1 337 1 253 1 85 169 169 253 253 337 337 253 253 169 337 1 169 85 169 253 253 169 169 1 169 337 337 85 1 169 337 85 1 253 1 253 85 253 85 253 85 337 337 169 253 169 421 1 253 253 253 85 253 439 271 253 337 253 85 253 253 169 1 253 85 1 253 337 253 253 253 337 421 85 1 337 337 337 337 337 85 337 253 253 169 85 337 1 421 253 337 337 169 169 169 421 253 85 1 421 253 337 337 421 169 421 253 421 253 421 439 1 85 337 253 1 169 253 421 169 337 169 253 337 421 169 169 253 337 253 421 337 253 253 169 337 421 169 169 337 253 337 421 337 337 337 253 421 85 169 253 337 253 1 337 337 253 253 253 360 337 421 253 337 253 337 421 337 85 337 439 253 337 169 337 337 253 337 169 253 337 253 253 355 85 337 337 169 355 337 253 1 421 421 253 421 421 253 169 253 169 421 421 421 421 169 1 169 337 337 253 253 421 337 1 337 169 169 337 85 421 337 337 253 169 337 421 421 355 169 253 421 337 253 253 169 421 337 253 253 169 85 253 253 169 253 169 85 169 253 337 337 421 421 337 169 253 421 421 337 253 439 253 253 421 1 421 169 1 421 421 253 337 421 337 421 253 85 337 85 253 337 421 337 421 85 253 85 85 421 337 85 253 253 253 421 421 421 169 85 337 337 85 337 
c [Incremental] Max used label: 439.
c [Incremental] Label 439 is removed from searching.
c [Incremental] Solving for max label = 438:
c [Incremental] Solving duration: 1371 ms.
s [Incremental] SAT (label = 438).
c [Incremental] Label assignment: 1 1 1 1 1 1 1 1 1 1 1 1 1 85 1 85 1 1 85 85 1 1 85 85 1 85 85 1 1 1 1 1 1 85 1 1 1 85 1 1 1 1 1 1 1 1 1 1 1 85 169 1 85 1 85 85 1 85 85 85 1 169 85 1 85 85 85 1 85 1 85 1 85 1 1 1 1 85 85 1 85 1 85 1 85 85 1 1 85 85 85 85 169 85 1 85 1 1 169 1 85 85 253 85 169 1 169 85 85 85 85 1 169 85 1 1 169 1 169 85 1 85 169 85 1 85 253 85 1 169 85 169 169 169 169 1 169 1 1 169 85 85 169 169 1 169 85 253 85 169 1 1 1 85 253 85 169 169 85 1 85 169 169 1 253 85 1 85 169 253 1 1 169 85 169 1 169 169 1 85 85 169 85 85 169 253 1 253 1 85 85 85 85 169 1 169 85 169 1 169 85 253 169 169 253 169 253 85 169 169 253 169 253 1 169 253 85 169 85 1 169 85 85 1 253 1 85 169 85 85 1 1 1 1 1 337 85 253 85 85 169 169 169 85 169 169 169 253 169 337 169 253 253 337 85 1 85 169 253 253 1 253 253 253 85 1 169 253 253 85 169 169 337 1 169 253 169 169 253 169 253 169 85 169 169 85 169 1 337 1 253 1 85 169 169 253 253 337 337 253 253 169 337 1 169 85 169 253 253 169 169 1 169 337 337 85 1 169 337 85 1 253 1 253 85 253 85 253 85 337 337 169 253 169 421 1 253 253 253 85 253 438 270 253 337 253 85 253 253 169 1 253 85 1 253 337 253 253 253 337 421 85 1 337 337 337 337 337 85 337 253 253 169 85 337 1 421 253 337 337 169 169 169 421 253 85 1 421 253 337 337 421 169 421 253 421 253 421 438 1 85 337 253 1 169 253 421 169 337 169 253 337 421 169 169 253 337 253 421 337 253 253 169 337 421 169 169 337 253 337 421 337 337 337 253 421 85 169 253 337 253 1 337 337 253 253 253 360 337 421 253 337 253 337 421 337 85 337 438 253 337 169 337 337 253 337 169 253 337 253 253 354 85 337 337 169 354 337 253 1 421 421 253 421 421 253 169 253 169 421 421 421 421 169 1 169 337 337 253 253 421 337 1 337 169 169 337 85 421 337 337 253 169 337 421 421 354 169 253 421 337 253 253 169 421 337 253 253 169 85 253 253 169 253 169 85 169 253 337 337 421 421 337 169 253 421 421 337 253 438 253 253 421 1 421 169 1 421 421 253 337 421 337 421 253 85 337 85 253 337 421 337 421 85 253 85 85 421 337 85 253 253 253 421 421 421 169 85 337 337 85 337 
c [Incremental] Max used label: 438.
c [Incremental] Label 438 is removed from searching.
c [Incremental] Solving for max label = 437:
c [Incremental] Solving duration: 1362 ms.
s [Incremental] SAT (label = 437).
c [Incremental] Label assignment: 1 1 1 1 1 1 1 1 1 1 1 1 1 85 1 85 1 1 85 85 1 1 85 85 1 85 85 1 1 1 1 1 1 85 1 1 1 85 1 1 1 1 1 1 1 1 1 1 1 85 169 1 85 1 85 85 1 85 85 85 1 169 85 1 85 85 85 1 85 1 85 1 85 1 1 1 1 85 85 1 85 1 85 1 85 85 1 1 85 85 85 85 169 85 1 85 1 1 169 1 85 85 253 85 169 1 169 85 85 85 85 1 169 85 1 1 169 1 169 85 1 85 169 85 1 85 253 85 1 169 85 169 169 169 169 1 169 1 1 169 85 85 169 169 1 169 85 253 85 169 1 1 1 85 253 85 169 169 85 1 85 169 169 1 253 85 1 85 169 253 1 1 169 85 169 1 169 169 1 85 85 169 85 85 169 253 1 253 1 85 85 85 85 169 1 169 85 169 1 169 85 253 169 169 253 169 253 85 169 169 253 169 253 1 169 253 85 169 85 1 169 85 85 1 253 1 85 169 85 85 1 1 1 1 1 337 85 253 85 85 169 169 169 85 169 169 169 253 169 337 169 253 253 337 85 1 85 169 253 253 1 253 253 253 85 1 169 253 253 85 169 169 337 1 169 253 169 169 253 169 253 169 85 169 169 85 169 1 337 1 253 1 85 169 169 253 253 337 337 253 253 169 337 1 169 85 169 253 253 169 169 1 169 337 337 85 1 169 337 85 1 253 1 253 85 253 85 253 85 337 337 169 253 169 421 1 253 253 253 85 253 437 269 253 337 253 85 253 253 169 1 253 85 1 253 337 253 253 253 337 421 85 1 337 337 337 337 337 85 337 253 253 169 85 337 1 421 253 337 337 169 169 169 421 253 85 1 421 253 337 337 421 169 421 253 421 253 421 437 1 85 337 253 1 169 253 421 169 337 169 253 337 421 169 169 253 337 253 421 337 253 253 169 337 421 169 169 337 253 337 421 337 337 337 253 421 85 169 253 337 253 1 337 337 253 253 253 360 337 421 253 337 253 337 421 337 85 337 437 253 337 169 337 337 253 337 169 253 337 253 253 353 85 337 337 169 353 337 253 1 421 421 253 421 421 253 169 253 169 421 421 421 421 169 1 169 337 337 253 253 421 337 1 337 169 169 337 85 421 337 337 253 169 337 421 421 353 169 253 421 337 253 253 169 421 337 253 253 169 85 253 253 169 253 169 85 169 253 337 337 421 421 337 169 253 421 421 337 253 437 253 253 421 1 421 169 1 421 421 253 337 421 337 421 253 85 337 85 253 337 421 337 421 85 253 85 85 421 337 85 253 253 253 421 421 421 169 85 337 337 85 337 
c [Incremental] Max used label: 437.
c [Incremental] Label 437 is removed from searching.
c [Incremental] Solving for max label = 436:
c [Incremental] Solving duration: 1365 ms.
s [Incremental] SAT (label = 436).
c [Incremental] Label assignment: 1 1 1 1 1 1 1 1 1 1 1 1 1 85 1 85 1 1 85 85 1 1 85 85 1 85 85 1 1 1 1 1 1 85 1 1 1 85 1 1 1 1 1 1 1 1 1 1 1 85 169 1 85 1 85 85 1 85 85 85 1 169 85 1 85 85 85 1 85 1 85 1 85 1 1 1 1 85 85 1 85 1 85 1 85 85 1 1 85 85 85 85 169 85 1 85 1 1 169 1 85 85 253 85 169 1 169 85 85 85 85 1 169 85 1 1 169 1 169 85 1 85 169 85 1 85 253 85 1 169 85 169 169 169 169 1 169 1 1 169 85 85 169 169 1 169 85 253 85 169 1 1 1 85 253 85 169 169 85 1 85 169 169 1 253 85 1 85 169 253 1 1 169 85 169 1 169 169 1 85 85 169 85 85 169 253 1 253 1 85 85 85 85 169 1 169 85 169 1 169 85 253 169 169 253 169 253 85 169 169 253 169 253 1 169 253 85 169 85 1 169 85 85 1 253 1 85 169 85 85 1 1 1 1 1 337 85 253 85 85 169 169 169 85 169 169 169 253 169 337 169 253 253 337 85 1 85 169 253 253 1 253 253 253 85 1 169 253 253 85 169 169 337 1 169 253 169 169 253 169 253 169 85 169 169 85 169 1 337 1 253 1 85 169 169 253 253 337 337 253 253 169 337 1 169 85 169 253 253 169 169 1 169 337 337 85 1 169 337 85 1 253 1 253 85 253 85 253 85 337 337 169 253 169 421 1 253 253 253 85 253 436 268 253 337 253 85 253 253 169 1 253 85 1 253 337 253 253 253 337 421 85 1 337 337 337 337 337 85 337 253 253 169 85 337 1 421 253 337 337 169 169 169 421 253 85 1 421 253 337 337 421 169 421 253 421 253 421 436 1 85 337 253 1 169 253 421 169 337 169 253 337 421 169 169 253 337 253 421 337 253 253 169 337 421 169 169 337 253 337 421 337 337 337 253 421 85 169 253 337 253 1 337 337 253 253 253 360 337 421 253 337 253 337 421 337 85 337 436 253 337 169 337 337 253 337 169 253 337 253 253 352 85 337 337 169 352 337 253 1 421 421 253 421 421 253 169 253 169 421 421 421 421 169 1 169 337 337 253 253 421 337 1 337 169 169 337 85 421 337 337 253 169 337 421 421 352 169 253 421 337 253 253 169 421 337 253 253 169 85 253 253 169 253 169 85 169 253 337 337 421 421 337 169 253 421 421 337 253 436 253 253 421 1 421 169 1 421 421 253 337 421 337 421 253 85 337 85 253 337 421 337 421 85 253 85 85 421 337 85 253 253 253 421 421 421 169 85 337 337 85 337 
c [Incremental] Max used label: 436.
c [Incremental] Label 436 is removed from searching.
c [Incremental] Solving for max label = 435:
c [Incremental] Solving duration: 1349 ms.
s [Incremental] SAT (label = 435).
c [Incremental] Label assignment: 1 1 1 1 1 1 1 1 1 1 1 1 1 85 1 85 1 1 85 85 1 1 85 85 1 85 85 1 1 1 1 1 1 85 1 1 1 85 1 1 1 1 1 1 1 1 1 1 1 85 169 1 85 1 85 85 1 85 85 85 1 169 85 1 85 85 85 1 85 1 85 1 85 1 1 1 1 85 85 1 85 1 85 1 85 85 1 1 85 85 85 85 169 85 1 85 1 1 169 1 85 85 253 85 169 1 169 85 85 85 85 1 169 85 1 1 169 1 169 85 1 85 169 85 1 85 253 85 1 169 85 169 169 169 169 1 169 1 1 169 85 85 169 169 1 169 85 253 85 169 1 1 1 85 253 85 169 169 85 1 85 169 169 1 253 85 1 85 169 253 1 1 169 85 169 1 169 169 1 85 85 169 85 85 169 253 1 253 1 85 85 85 85 169 1 169 85 169 1 169 85 253 169 169 253 169 253 85 169 169 253 169 253 1 169 253 85 169 85 1 169 85 85 1 253 1 85 169 85 85 1 1 1 1 1 337 85 253 85 85 169 169 169 85 169 169 169 253 169 337 169 253 253 337 85 1 85 169 253 253 1 253 253 253 85 1 169 253 253 85 169 169 337 1 169 253 169 169 253 169 253 169 85 169 169 85 169 1 337 1 253 1 85 169 169 253 253 337 337 253 253 169 337 1 169 85 169 253 253 169 169 1 169 337 337 85 1 169 337 85 1 253 1 253 85 253 85 253 85 337 337 169 253 169 421 1 253 253 253 85 253 435 267 253 337 253 85 253 253 169 1 253 85 1 253 337 253 253 253 337 421 85 1 337 337 337 337 337 85 337 253 253 169 85 337 1 421 253 337 337 169 169 169 421 253 85 1 421 253 337 337 421 169 421 253 421 253 421 435 1 85 337 253 1 169 253 421 169 337 169 253 337 421 169 169 253 337 253 421 337 253 253 169 337 421 169 169 337 253 337 421 337 337 337 253 421 85 169 253 337 253 1 337 337 253 253 253 360 337 421 253 337 253 337 421 337 85 337 435 253 337 169 337 337 253 337 169 253 337 253 253 351 85 337 337 169 351 337 253 1 421 421 253 421 421 253 169 253 169 421 421 421 421 169 1 169 337 337 253 253 421 337 1 337 169 169 337 85 421 337 337 253 169 337 421 421 351 169 253 421 337 253 253 169 421 337 253 253 169 85 253 253 169 253 169 85 169 253 337 337 421 421 337 169 253 421 421 337 253 435 253 253 421 1 421 169 1 421 421 253 337 421 337 421 253 85 337 85 253 337 421 337 421 85 253 85 85 421 337 85 253 253 253 421 421 421 169 85 337 337 85 337 
c [Incremental] Max used label: 435.
c [Incremental] Label 435 is removed from searching.
c [Incremental] Solving for max label = 434:
c [Incremental] Solving duration: 1359 ms.
s [Incremental] SAT (label = 434).
c [Incremental] Label assignment: 1 1 1 1 1 1 1 1 1 1 1 1 1 85 1 85 1 1 85 85 1 1 85 85 1 85 85 1 1 1 1 1 1 85 1 1 1 85 1 1 1 1 1 1 1 1 1 1 1 85 169 1 85 1 85 85 1 85 85 85 1 169 85 1 85 85 85 1 85 1 85 1 85 1 1 1 1 85 85 1 85 1 85 1 85 85 1 1 85 85 85 85 169 85 1 85 1 1 169 1 85 85 253 85 169 1 169 85 85 85 85 1 169 85 1 1 169 1 169 85 1 85 169 85 1 85 253 85 1 169 85 169 169 169 169 1 169 1 1 169 85 85 169 169 1 169 85 253 85 169 1 1 1 85 253 85 169 169 85 1 85 169 169 1 253 85 1 85 169 253 1 1 169 85 169 1 169 169 1 85 85 169 85 85 169 253 1 253 1 85 85 85 85 169 1 169 85 169 1 169 85 253 169 169 253 169 253 85 169 169 253 169 253 1 169 253 85 169 85 1 169 85 85 1 253 1 85 169 85 85 1 1 1 1 1 337 85 253 85 85 169 169 169 85 169 169 169 253 169 337 169 253 253 337 85 1 85 169 253 253 1 253 253 253 85 1 169 253 253 85 169 169 337 1 169 253 169 169 253 169 253 169 85 169 169 85 169 1 337 1 253 1 85 169 169 253 253 337 337 253 253 169 337 1 169 85 169 253 253 169 169 1 169 337 337 85 1 169 337 85 1 253 1 253 85 253 85 253 85 337 337 169 253 169 421 1 253 253 253 85 253 434 266 253 337 253 85 253 253 169 1 253 85 1 253 337 253 253 253 337 421 85 1 337 337 337 337 337 85 337 253 253 169 85 337 1 421 253 337 337 169 169 169 421 253 85 1 421 253 337 337 421 169 421 253 421 253 421 434 1 85 337 253 1 169 253 421 169 337 169 253 337 421 169 169 253 337 253 421 337 253 253 169 337 421 169 169 337 253 337 421 337 337 337 253 421 85 169 253 337 253 1 337 337 253 253 253 360 337 421 253 337 253 337 421 337 85 337 434 253 337 169 337 337 253 337 169 253 337 253 253 350 85 337 337 169 350 337 253 1 421 421 253 421 421 253 169 253 169 421 421 421 421 169 1 169 337 337 253 253 421 337 1 337 169 169 337 85 421 337 337 253 169 337 421 421 350 169 253 421 337 253 253 169 421 337 253 253 169 85 253 253 169 253 169 85 169 253 337 337 421 421 337 169 253 421 421 337 253 434 253 253 421 1 421 169 1 421 421 253 337 421 337 421 253 85 337 85 253 337 421 337 421 85 253 85 85 421 337 85 253 253 253 421 421 421 169 85 337 337 85 337 
c [Incremental] Max used label: 434.
c [Incremental] Label 434 is removed from searching.
c [Incremental] Solving for max label = 433:
c [Incremental] Solving duration: 1340 ms.
s [Incremental] SAT (label = 433).
c [Incremental] Label assignment: 1 1 1 1 1 1 1 1 1 1 1 1 1 85 1 85 1 1 85 85 1 1 85 85 1 85 85 1 1 1 1 1 1 85 1 1 1 85 1 1 1 1 1 1 1 1 1 1 1 85 169 1 85 1 85 85 1 85 85 85 1 169 85 1 85 85 85 1 85 1 85 1 85 1 1 1 1 85 85 1 85 1 85 1 85 85 1 1 85 85 85 85 169 85 1 85 1 1 169 1 85 85 253 85 169 1 169 85 85 85 85 1 169 85 1 1 169 1 169 85 1 85 169 85 1 85 253 85 1 169 85 169 169 169 169 1 169 1 1 169 85 85 169 169 1 169 85 253 85 169 1 1 1 85 253 85 169 169 85 1 85 169 169 1 253 85 1 85 169 253 1 1 169 85 169 1 169 169 1 85 85 169 85 85 169 253 1 253 1 85 85 85 85 169 1 169 85 169 1 169 85 253 169 169 253 169 253 85 169 169 253 169 253 1 169 253 85 169 85 1 169 85 85 1 253 1 85 169 85 85 1 1 1 1 1 337 85 253 85 85 169 169 169 85 169 169 169 253 169 337 169 253 253 337 85 1 85 169 253 253 1 253 253 253 85 1 169 253 253 85 169 169 337 1 169 253 169 169 253 169 253 169 85 169 169 85 169 1 337 1 253 1 85 169 169 253 253 337 337 253 253 169 337 1 169 85 169 253 253 169 169 1 169 337 337 85 1 169 337 85 1 253 1 253 85 253 85 253 85 337 337 169 253 169 421 1 253 253 253 85 253 433 265 253 337 253 85 253 253 169 1 253 85 1 253 337 253 253 253 337 421 85 1 337 337 337 337 337 85 337 253 253 169 85 337 1 421 253 337 337 169 169 169 421 253 85 1 421 253 337 337 421 169 421 253 421 253 421 433 1 85 337 253 1 169 253 421 169 337 169 253 337 421 169 169 253 337 253 421 337 253 253 169 337 421 169 169 337 253 337 421 337 337 337 253 421 85 169 253 337 253 1 337 337 253 253 253 360 337 421 253 337 253 337 421 337 85 337 433 253 337 169 337 337 253 337 169 253 337 253 253 349 85 337 337 169 349 337 253 1 421 421 253 421 421 253 169 253 169 421 421 421 421 169 1 169 337 337 253 253 421 337 1 337 169 169 337 85 421 337 337 253 169 337 421 421 349 169 253 421 337 253 253 169 421 337 253 253 169 85 253 253 169 253 169 85 169 253 337 337 421 421 337 169 253 421 421 337 253 433 253 253 421 1 421 169 1 421 421 253 337 421 337 421 253 85 337 85 253 337 421 337 421 85 253 85 85 421 337 85 253 253 253 421 421 421 169 85 337 337 85 337 
c [Incremental] Max used label: 433.
c [Incremental] Label 433 is removed from searching.
c [Incremental] Solving for max label = 432:
c [Incremental] Solving duration: 1347 ms.
s [Incremental] SAT (label = 432).
c [Incremental] Label assignment: 1 1 1 1 1 1 1 1 1 1 1 1 1 85 1 85 1 1 85 85 1 1 85 85 1 85 85 1 1 1 1 1 1 85 1 1 1 85 1 1 1 1 1 1 1 1 1 1 1 85 169 1 85 1 85 85 1 85 85 85 1 169 85 1 85 85 85 1 85 1 85 1 85 1 1 1 1 85 85 1 85 1 85 1 85 85 1 1 85 85 85 85 169 85 1 85 1 1 169 1 85 85 253 85 169 1 169 85 85 85 85 1 169 85 1 1 169 1 169 85 1 85 169 85 1 85 253 85 1 169 85 169 169 169 169 1 169 1 1 169 85 85 169 169 1 169 85 253 85 169 1 1 1 85 253 85 169 169 85 1 85 169 169 1 253 85 1 85 169 253 1 1 169 85 169 1 169 169 1 85 85 169 85 85 169 253 1 253 1 85 85 85 85 169 1 169 85 169 1 169 85 253 169 169 253 169 253 85 169 169 253 169 253 1 169 253 85 169 85 1 169 85 85 1 253 1 85 169 85 85 1 1 1 1 1 337 85 253 85 85 169 169 169 85 169 169 169 253 169 337 169 253 253 337 85 1 85 169 253 253 1 253 253 253 85 1 169 253 253 85 169 169 337 1 169 253 169 169 253 169 253 169 85 169 169 85 169 1 337 1 253 1 85 169 169 253 253 337 337 253 253 169 337 1 169 85 169 253 253 169 169 1 169 337 337 85 1 169 337 85 1 253 1 253 85 253 85 253 85 337 337 169 253 169 421 1 253 253 253 85 253 432 264 253 337 253 85 253 253 169 1 253 85 1 253 337 253 253 253 337 421 85 1 337 337 337 337 337 85 337 253 253 169 85 337 1 421 253 337 337 169 169 169 421 253 85 1 421 253 337 337 421 169 421 253 421 253 421 432 1 85 337 253 1 169 253 421 169 337 169 253 337 421 169 169 253 337 253 421 337 253 253 169 337 421 169 169 337 253 337 421 337 337 337 253 421 85 169 253 337 253 1 337 337 253 253 253 360 337 421 253 337 253 337 421 337 85 337 432 253 337 169 337 337 253 337 169 253 337 253 253 348 85 337 337 169 348 337 253 1 421 421 253 421 421 253 169 253 169 421 421 421 421 169 1 169 337 337 253 253 421 337 1 337 169 169 337 85 421 337 337 253 169 337 421 421 348 169 253 421 337 253 253 169 421 337 253 253 169 85 253 253 169 253 169 85 169 253 337 337 421 421 337 169 253 421 421 337 253 432 253 253 421 1 421 169 1 421 421 253 337 421 337 421 253 85 337 85 253 337 421 337 421 85 253 85 85 421 337 85 253 253 253 421 421 421 169 85 337 337 85 337 
c [Incremental] Max used label: 432.
c [Incremental] Label 432 is removed from searching.
c [Incremental] Solving for max label = 431:
c [Incremental] Solving duration: 1348 ms.
s [Incremental] SAT (label = 431).
c [Incremental] Label assignment: 1 1 1 1 1 1 1 1 1 1 1 1 1 85 1 85 1 1 85 85 1 1 85 85 1 85 85 1 1 1 1 1 1 85 1 1 1 85 1 1 1 1 1 1 1 1 1 1 1 85 169 1 85 1 85 85 1 85 85 85 1 169 85 1 85 85 85 1 85 1 85 1 85 1 1 1 1 85 85 1 85 1 85 1 85 85 1 1 85 85 85 85 169 85 1 85 1 1 169 1 85 85 253 85 169 1 169 85 85 85 85 1 169 85 1 1 169 1 169 85 1 85 169 85 1 85 253 85 1 169 85 169 169 169 169 1 169 1 1 169 85 85 169 169 1 169 85 253 85 169 1 1 1 85 253 85 169 169 85 1 85 169 169 1 253 85 1 85 169 253 1 1 169 85 169 1 169 169 1 85 85 169 85 85 169 253 1 253 1 85 85 85 85 169 1 169 85 169 1 169 85 253 169 169 253 169 253 85 169 169 253 169 253 1 169 253 85 169 85 1 169 85 85 1 253 1 85 169 85 85 1 1 1 1 1 337 85 253 85 85 169 169 169 85 169 169 169 253 169 337 169 253 253 337 85 1 85 169 253 253 1 253 253 253 85 1 169 253 253 85 169 169 337 1 169 253 169 169 253 169 253 169 85 169 169 85 169 1 337 1 253 1 85 169 169 253 253 337 337 253 253 169 337 1 169 85 169 253 253 169 169 1 169 337 337 85 1 169 337 85 1 253 1 253 85 253 85 253 85 337 337 169 253 169 421 1 253 253 253 85 253 431 263 253 337 253 85 253 253 169 1 253 85 1 253 337 253 253 253 337 421 85 1 337 337 337 337 337 85 337 253 253 169 85 337 1 421 253 337 337 169 169 169 421 253 85 1 421 253 337 337 421 169 421 253 421 253 421 431 1 85 337 253 1 169 253 421 169 337 169 253 337 421 169 169 253 337 253 421 337 253 253 169 337 421 169 169 337 253 337 421 337 337 337 253 421 85 169 253 337 253 1 337 337 253 253 253 360 337 421 253 337 253 337 421 337 85 337 431 253 337 169 337 337 253 337 169 253 337 253 253 347 85 337 337 169 347 337 253 1 421 421 253 421 421 253 169 253 169 421 421 421 421 169 1 169 337 337 253 253 421 337 1 337 169 169 337 85 421 337 337 253 169 337 421 421 347 169 253 421 337 253 253 169 421 337 253 253 169 85 253 253 169 253 169 85 169 253 337 337 421 421 337 169 253 421 421 337 253 431 253 253 421 1 421 169 1 421 421 253 337 421 337 421 253 85 337 85 253 337 421 337 421 85 253 85 85 421 337 85 253 253 253 421 421 421 169 85 337 337 85 337 
c [Incremental] Max used label: 431.
c [Incremental] Label 431 is removed from searching.
c [Incremental] Solving for max label = 430:
c [Incremental] Solving duration: 1372 ms.
s [Incremental] SAT (label = 430).
c [Incremental] Label assignment: 1 1 1 1 1 1 1 1 1 1 1 1 1 85 1 85 1 1 85 85 1 1 85 85 1 85 85 1 1 1 1 1 1 85 1 1 1 85 1 1 1 1 1 1 1 1 1 1 1 85 169 1 85 1 85 85 1 85 85 85 1 169 85 1 85 85 85 1 85 1 85 1 85 1 1 1 1 85 85 1 85 1 85 1 85 85 1 1 85 85 85 85 169 85 1 85 1 1 169 1 85 85 253 85 169 1 169 85 85 85 85 1 169 85 1 1 169 1 169 85 1 85 169 85 1 85 253 85 1 169 85 169 169 169 169 1 169 1 1 169 85 85 169 169 1 169 85 253 85 169 1 1 1 85 253 85 169 169 85 1 85 169 169 1 253 85 1 85 169 253 1 1 169 85 169 1 169 169 1 85 85 169 85 85 169 253 1 253 1 85 85 85 85 169 1 169 85 169 1 169 85 253 169 169 253 169 253 85 169 169 253 169 253 1 169 253 85 169 85 1 169 85 85 1 253 1 85 169 85 85 1 1 1 1 1 337 85 253 85 85 169 169 169 85 169 169 169 253 169 337 169 253 253 337 85 1 85 169 253 253 1 253 253 253 85 1 169 253 253 85 169 169 337 1 169 253 169 169 253 169 253 169 85 169 169 85 169 1 337 1 253 1 85 169 169 253 253 337 337 253 253 169 337 1 169 85 169 253 253 169 169 1 169 337 337 85 1 169 337 85 1 253 1 253 85 253 85 253 85 337 337 169 253 169 421 1 253 253 253 85 253 430 262 253 337 253 85 253 253 169 1 253 85 1 253 337 253 253 253 337 421 85 1 337 337 337 337 337 85 337 253 253 169 85 337 1 421 253 337 337 169 169 169 421 253 85 1 421 253 337 337 421 169 421 253 421 253 421 430 1 85 337 253 1 169 253 421 169 337 169 253 337 421 169 169 253 337 253 421 337 253 253 169 337 421 169 169 337 253 337 421 337 337 337 253 421 85 169 253 337 253 1 337 337 253 253 253 360 337 421 253 337 253 337 421 337 85 337 430 253 337 169 337 337 253 337 169 253 337 253 253 346 85 337 337 169 346 337 253 1 421 421 253 421 421 253 169 253 169 421 421 421 421 169 1 169 337 337 253 253 421 337 1 337 169 169 337 85 421 337 337 253 169 337 421 421 346 169 253 421 337 253 253 169 421 337 253 253 169 85 253 253 169 253 169 85 169 253 337 337 421 421 337 169 253 421 421 337 253 430 253 253 421 1 421 169 1 421 421 253 337 421 337 421 253 85 337 85 253 337 421 337 421 85 253 85 85 421 337 85 253 253 253 421 421 421 169 85 337 337 85 337 
c [Incremental] Max used label: 430.
c [Incremental] Label 430 is removed from searching.
c [Incremental] Solving for max label = 429:
c [Incremental] Solving duration: 1359 ms.
s [Incremental] SAT (label = 429).
c [Incremental] Label assignment: 1 1 1 1 1 1 1 1 1 1 1 1 1 85 1 85 1 1 85 85 1 1 85 85 1 85 85 1 1 1 1 1 1 85 1 1 1 85 1 1 1 1 1 1 1 1 1 1 1 85 169 1 85 1 85 85 1 85 85 85 1 169 85 1 85 85 85 1 85 1 85 1 85 1 1 1 1 85 85 1 85 1 85 1 85 85 1 1 85 85 85 85 169 85 1 85 1 1 169 1 85 85 253 85 169 1 169 85 85 85 85 1 169 85 1 1 169 1 169 85 1 85 169 85 1 85 253 85 1 169 85 169 169 169 169 1 169 1 1 169 85 85 169 169 1 169 85 253 85 169 1 1 1 85 253 85 169 169 85 1 85 169 169 1 253 85 1 85 169 253 1 1 169 85 169 1 169 169 1 85 85 169 85 85 169 253 1 253 1 85 85 85 85 169 1 169 85 169 1 169 85 253 169 169 253 169 253 85 169 169 253 169 253 1 169 253 85 169 85 1 169 85 85 1 253 1 85 169 85 85 1 1 1 1 1 337 85 253 85 85 169 169 169 85 169 169 169 253 169 337 169 253 253 337 85 1 85 169 253 253 1 253 253 253 85 1 169 253 253 85 169 169 337 1 169 253 169 169 253 169 253 169 85 169 169 85 169 1 337 1 253 1 85 169 169 253 253 337 337 253 253 169 337 1 169 85 169 253 253 169 169 1 169 337 337 85 1 169 337 85 1 253 1 253 85 253 85 253 85 337 337 169 253 169 421 1 253 253 253 85 253 429 261 253 337 253 85 253 253 169 1 253 85 1 253 337 253 253 253 337 421 85 1 337 337 337 337 337 85 337 253 253 169 85 337 1 421 253 337 337 169 169 169 421 253 85 1 421 253 337 337 421 169 421 253 421 253 421 429 1 85 337 253 1 169 253 421 169 337 169 253 337 421 169 169 253 337 253 421 337 253 253 169 337 421 169 169 337 253 337 421 337 337 337 253 421 85 169 253 337 253 1 337 337 253 253 253 360 337 421 253 337 253 337 421 337 85 337 429 253 337 169 337 337 253 337 169 253 337 253 253 345 85 337 337 169 345 337 253 1 421 421 253 421 421 253 169 253 169 421 421 421 421 169 1 169 337 337 253 253 421 337 1 337 169 169 337 85 421 337 337 253 169 337 421 421 345 169 253 421 337 253 253 169 421 337 253 253 169 85 253 253 169 253 169 85 169 253 337 337 421 421 337 169 253 421 421 337 253 429 253 253 421 1 421 169 1 421 421 253 337 421 337 421 253 85 337 85 253 337 421 337 421 85 253 85 85 421 337 85 253 253 253 421 421 421 169 85 337 337 85 337 
c [Incremental] Max used label: 429.
c [Incremental] Label 429 is removed from searching.
c [Incremental] Solving for max label = 428:
c [Incremental] Solving duration: 1378 ms.
s [Incremental] SAT (label = 428).
c [Incremental] Label assignment: 1 1 1 1 1 1 1 1 1 1 1 1 1 85 1 85 1 1 85 85 1 1 85 85 1 85 85 1 1 1 1 1 1 85 1 1 1 85 1 1 1 1 1 1 1 1 1 1 1 85 169 1 85 1 85 85 1 85 85 85 1 169 85 1 85 85 85 1 85 1 85 1 85 1 1 1 1 85 85 1 85 1 85 1 85 85 1 1 85 85 85 85 169 85 1 85 1 1 169 1 85 85 253 85 169 1 169 85 85 85 85 1 169 85 1 1 169 1 169 85 1 85 169 85 1 85 253 85 1 169 85 169 169 169 169 1 169 1 1 169 85 85 169 169 1 169 85 253 85 169 1 1 1 85 253 85 169 169 85 1 85 169 169 1 253 85 1 85 169 253 1 1 169 85 169 1 169 169 1 85 85 169 85 85 169 253 1 253 1 85 85 85 85 169 1 169 85 169 1 169 85 253 169 169 253 169 253 85 169 169 253 169 253 1 169 253 85 169 85 1 169 85 85 1 253 1 85 169 85 85 1 1 1 1 1 337 85 253 85 85 169 169 169 85 169 169 169 253 169 337 169 253 253 337 85 1 85 169 253 253 1 253 253 253 85 1 169 253 253 85 169 169 337 1 169 253 169 169 253 169 253 169 85 169 169 85 169 1 337 1 253 1 85 169 169 253 253 337 337 253 253 169 337 1 169 85 169 253 253 169 169 1 169 337 337 85 1 169 337 85 1 253 1 253 85 253 85 253 85 337 337 169 253 169 421 1 253 253 253 85 253 428 260 253 337 253 85 253 253 169 1 253 85 1 253 337 253 253 253 337 421 85 1 337 337 337 337 337 85 337 253 253 169 85 337 1 421 253 337 337 169 169 169 421 253 85 1 421 253 337 337 421 169 421 253 421 253 421 428 1 85 337 253 1 169 253 421 169 337 169 253 337 421 169 169 253 337 253 421 337 253 253 169 337 421 169 169 337 253 337 421 337 337 337 253 421 85 169 253 337 253 1 337 337 253 253 253 360 337 421 253 337 253 337 421 337 85 337 428 253 337 169 337 337 253 337 169 253 337 253 253 344 85 337 337 169 344 337 253 1 421 421 253 421 421 253 169 253 169 421 421 421 421 169 1 169 337 337 253 253 421 337 1 337 169 169 337 85 421 337 337 253 169 337 421 421 344 169 253 421 337 253 253 169 421 337 253 253 169 85 253 253 169 253 169 85 169 253 337 337 421 421 337 169 253 421 421 337 253 428 253 253 421 1 421 169 1 421 421 253 337 421 337 421 253 85 337 85 253 337 421 337 421 85 253 85 85 421 337 85 253 253 253 421 421 421 169 85 337 337 85 337 
c [Incremental] Max used label: 428.
c [Incremental] Label 428 is removed from searching.
c [Incremental] Solving for max label = 427:
c [Incremental] Solving duration: 1367 ms.
s [Incremental] SAT (label = 427).
c [Incremental] Label assignment: 1 1 1 1 1 1 1 1 1 1 1 1 1 85 1 85 1 1 85 85 1 1 85 85 1 85 85 1 1 1 1 1 1 85 1 1 1 85 1 1 1 1 1 1 1 1 1 1 1 85 169 1 85 1 85 85 1 85 85 85 1 169 85 1 85 85 85 1 85 1 85 1 85 1 1 1 1 85 85 1 85 1 85 1 85 85 1 1 85 85 85 85 169 85 1 85 1 1 169 1 85 85 253 85 169 1 169 85 85 85 85 1 169 85 1 1 169 1 169 85 1 85 169 85 1 85 253 85 1 169 85 169 169 169 169 1 169 1 1 169 85 85 169 169 1 169 85 253 85 169 1 1 1 85 253 85 169 169 85 1 85 169 169 1 253 85 1 85 169 253 1 1 169 85 169 1 169 169 1 85 85 169 85 85 169 253 1 253 1 85 85 85 85 169 1 169 85 169 1 169 85 253 169 169 253 169 253 85 169 169 253 169 253 1 169 253 85 169 85 1 169 85 85 1 253 1 85 169 85 85 1 1 1 1 1 337 85 253 85 85 169 169 169 85 169 169 169 253 169 337 169 253 253 337 85 1 85 169 253 253 1 253 253 253 85 1 169 253 253 85 169 169 337 1 169 253 169 169 253 169 253 169 85 169 169 85 169 1 337 1 253 1 85 169 169 253 253 337 337 253 253 169 337 1 169 85 169 253 253 169 169 1 169 337 337 85 1 169 337 85 1 253 1 253 85 253 85 253 85 337 337 169 253 169 421 1 253 253 253 85 253 427 259 253 337 253 85 253 253 169 1 253 85 1 253 337 253 253 253 337 421 85 1 337 337 337 337 337 85 337 253 253 169 85 337 1 421 253 337 337 169 169 169 421 253 85 1 421 253 337 337 421 169 421 253 421 253 421 427 1 85 337 253 1 169 253 421 169 337 169 253 337 421 169 169 253 337 253 421 337 253 253 169 337 421 169 169 337 253 337 421 337 337 337 253 421 85 169 253 337 253 1 337 337 253 253 253 360 337 421 253 337 253 337 421 337 85 337 427 253 337 169 337 337 253 337 169 253 337 253 253 343 85 337 337 169 343 337 253 1 421 421 253 421 421 253 169 253 169 421 421 421 421 169 1 169 337 337 253 253 421 337 1 337 169 169 337 85 421 337 337 253 169 337 421 421 343 169 253 421 337 253 253 169 421 337 253 253 169 85 253 253 169 253 169 85 169 253 337 337 421 421 337 169 253 421 421 337 253 427 253 253 421 1 421 169 1 421 421 253 337 421 337 421 253 85 337 85 253 337 421 337 421 85 253 85 85 421 337 85 253 253 253 421 421 421 169 85 337 337 85 337 
c [Incremental] Max used label: 427.
c [Incremental] Label 427 is removed from searching.
c [Incremental] Solving for max label = 426:
c [Incremental] Solving duration: 1367 ms.
s [Incremental] SAT (label = 426).
c [Incremental] Label assignment: 1 1 1 1 1 1 1 1 1 1 1 1 1 85 1 85 1 1 85 85 1 1 85 85 1 85 85 1 1 1 1 1 1 85 1 1 1 85 1 1 1 1 1 1 1 1 1 1 1 85 169 1 85 1 85 85 1 85 85 85 1 169 85 1 85 85 85 1 85 1 85 1 85 1 1 1 1 85 85 1 85 1 85 1 85 85 1 1 85 85 85 85 169 85 1 85 1 1 169 1 85 85 253 85 169 1 169 85 85 85 85 1 169 85 1 1 169 1 169 85 1 85 169 85 1 85 253 85 1 169 85 169 169 169 169 1 169 1 1 169 85 85 169 169 1 169 85 253 85 169 1 1 1 85 253 85 169 169 85 1 85 169 169 1 253 85 1 85 169 253 1 1 169 85 169 1 169 169 1 85 85 169 85 85 169 253 1 253 1 85 85 85 85 169 1 169 85 169 1 169 85 253 169 169 253 169 253 85 169 169 253 169 253 1 169 253 85 169 85 1 169 85 85 1 253 1 85 169 85 85 1 1 1 1 1 337 85 253 85 85 169 169 169 85 169 169 169 253 169 337 169 253 253 337 85 1 85 169 253 253 1 253 253 253 85 1 169 253 253 85 169 169 337 1 169 253 169 169 253 169 253 169 85 169 169 85 169 1 337 1 253 1 85 169 169 253 253 337 337 253 253 169 337 1 169 85 169 253 253 169 169 1 169 337 337 85 1 169 337 85 1 253 1 253 85 253 85 253 85 337 337 169 253 169 421 1 253 253 253 85 253 426 258 253 337 253 85 253 253 169 1 253 85 1 253 337 253 253 253 337 421 85 1 337 337 337 337 337 85 337 253 253 169 85 337 1 421 253 337 337 169 169 169 421 253 85 1 421 253 337 337 421 169 421 253 421 253 421 426 1 85 337 253 1 169 253 421 169 337 169 253 337 421 169 169 253 337 253 421 337 253 253 169 337 421 169 169 337 253 337 421 337 337 337 253 421 85 169 253 337 253 1 337 337 253 253 253 360 337 421 253 337 253 337 421 337 85 337 426 253 337 169 337 337 253 337 169 253 337 253 253 342 85 337 337 169 342 337 253 1 421 421 253 421 421 253 169 253 169 421 421 421 421 169 1 169 337 337 253 253 421 337 1 337 169 169 337 85 421 337 337 253 169 337 421 421 342 169 253 421 337 253 253 169 421 337 253 253 169 85 253 253 169 253 169 85 169 253 337 337 421 421 337 169 253 421 421 337 253 426 253 253 421 1 421 169 1 421 421 253 337 421 337 421 253 85 337 85 253 337 421 337 421 85 253 85 85 421 337 85 253 253 253 421 421 421 169 85 337 337 85 337 
c [Incremental] Max used label: 426.
c [Incremental] Label 426 is removed from searching.
c [Incremental] Solving for max label = 425:
c [Incremental] Solving duration: 1363 ms.
s [Incremental] SAT (label = 425).
c [Incremental] Label assignment: 1 1 1 1 1 1 1 1 1 1 1 1 1 85 1 85 1 1 85 85 1 1 85 85 1 85 85 1 1 1 1 1 1 85 1 1 1 85 1 1 1 1 1 1 1 1 1 1 1 85 169 1 85 1 85 85 1 85 85 85 1 169 85 1 85 85 85 1 85 1 85 1 85 1 1 1 1 85 85 1 85 1 85 1 85 85 1 1 85 85 85 85 169 85 1 85 1 1 169 1 85 85 253 85 169 1 169 85 85 85 85 1 169 85 1 1 169 1 169 85 1 85 169 85 1 85 253 85 1 169 85 169 169 169 169 1 169 1 1 169 85 85 169 169 1 169 85 253 85 169 1 1 1 85 253 85 169 169 85 1 85 169 169 1 253 85 1 85 169 253 1 1 169 85 169 1 169 169 1 85 85 169 85 85 169 253 1 253 1 85 85 85 85 169 1 169 85 169 1 169 85 253 169 169 253 169 253 85 169 169 253 169 253 1 169 253 85 169 85 1 169 85 85 1 253 1 85 169 85 85 1 1 1 1 1 337 85 253 85 85 169 169 169 85 169 169 169 253 169 337 169 253 253 337 85 1 85 169 253 253 1 253 253 253 85 1 169 253 253 85 169 169 337 1 169 253 169 169 253 169 253 169 85 169 169 85 169 1 337 1 253 1 85 169 169 253 253 337 337 253 253 169 337 1 169 85 169 253 253 169 169 1 169 337 337 85 1 169 337 85 1 253 1 253 85 253 85 253 85 337 337 169 253 169 421 1 253 253 253 85 253 425 257 253 337 253 85 253 253 169 1 253 85 1 253 337 253 253 253 337 421 85 1 337 337 337 337 337 85 337 253 253 169 85 337 1 421 253 337 337 169 169 169 421 253 85 1 421 253 337 337 421 169 421 253 421 253 421 425 1 85 337 253 1 169 253 421 169 337 169 253 337 421 169 169 253 337 253 421 337 253 253 169 337 421 169 169 337 253 337 421 337 337 337 253 421 85 169 253 337 253 1 337 337 253 253 253 360 337 421 253 337 253 337 421 337 85 337 425 253 337 169 337 337 253 337 169 253 337 253 253 341 85 337 337 169 341 337 253 1 421 421 253 421 421 253 169 253 169 421 421 421 421 169 1 169 337 337 253 253 421 337 1 337 169 169 337 85 421 337 337 253 169 337 421 421 341 169 253 421 337 253 253 169 421 337 253 253 169 85 253 253 169 253 169 85 169 253 337 337 421 421 337 169 253 421 421 337 253 425 253 253 421 1 421 169 1 421 421 253 337 421 337 421 253 85 337 85 253 337 421 337 421 85 253 85 85 421 337 85 253 253 253 421 421 421 169 85 337 337 85 337 
c [Incremental] Max used label: 425.
c [Incremental] Label 425 is removed from searching.
c [Incremental] Solving for max label = 424:
c [Incremental] Solving duration: 1389 ms.
s [Incremental] SAT (label = 424).
c [Incremental] Label assignment: 1 1 1 1 1 1 1 1 1 1 1 1 1 85 1 85 1 1 85 85 1 1 85 85 1 85 85 1 1 1 1 1 1 85 1 1 1 85 1 1 1 1 1 1 1 1 1 1 1 85 169 1 85 1 85 85 1 85 85 85 1 169 85 1 85 85 85 1 85 1 85 1 85 1 1 1 1 85 85 1 85 1 85 1 85 85 1 1 85 85 85 85 169 85 1 85 1 1 169 1 85 85 253 85 169 1 169 85 85 85 85 1 169 85 1 1 169 1 169 85 1 85 169 85 1 85 253 85 1 169 85 169 169 169 169 1 169 1 1 169 85 85 169 169 1 169 85 253 85 169 1 1 1 85 253 85 169 169 85 1 85 169 169 1 253 85 1 85 169 253 1 1 169 85 169 1 169 169 1 85 85 169 85 85 169 253 1 253 1 85 85 85 85 169 1 169 85 169 1 169 85 253 169 169 253 169 253 85 169 169 253 169 253 1 169 253 85 169 85 1 169 85 85 1 253 1 85 169 85 85 1 1 1 1 1 337 85 253 85 85 169 169 169 85 169 169 169 253 169 337 169 253 253 337 85 1 85 169 253 253 1 253 253 253 85 1 169 253 253 85 169 169 337 1 169 253 169 169 253 169 253 169 85 169 169 85 169 1 337 1 253 1 85 169 169 253 253 337 337 253 253 169 337 1 169 85 169 253 253 169 169 1 169 337 337 85 1 169 337 85 1 253 1 253 85 253 85 253 85 337 337 169 253 169 421 1 253 253 253 85 253 424 256 253 337 253 85 253 253 169 1 253 85 1 253 337 253 253 253 337 421 85 1 337 337 337 337 337 85 337 253 253 169 85 337 1 421 253 337 337 169 169 169 421 253 85 1 421 253 337 337 421 169 421 253 421 253 421 424 1 85 337 253 1 169 253 421 169 337 169 253 337 421 169 169 253 337 253 421 337 253 253 169 337 421 169 169 337 253 337 421 337 337 337 253 421 85 169 253 337 253 1 337 337 253 253 253 360 337 421 253 337 253 337 421 337 85 337 424 253 337 169 337 337 253 337 169 253 337 253 253 340 85 337 337 169 340 337 253 1 421 421 253 421 421 253 169 253 169 421 421 421 421 169 1 169 337 337 253 253 421 337 1 337 169 169 337 85 421 337 337 253 169 337 421 421 340 169 253 421 337 253 253 169 421 337 253 253 169 85 253 253 169 253 169 85 169 253 337 337 421 421 337 169 253 421 421 337 253 424 253 253 421 1 421 169 1 421 421 253 337 421 337 421 253 85 337 85 253 337 421 337 421 85 253 85 85 421 337 85 253 253 253 421 421 421 169 85 337 337 85 337 
c [Incremental] Max used label: 424.
c [Incremental] Label 424 is removed from searching.
c [Incremental] Solving for max label = 423:
c [Incremental] Solving duration: 1369 ms.
s [Incremental] SAT (label = 423).
c [Incremental] Label assignment: 1 1 1 1 1 1 1 1 1 1 1 1 1 85 1 85 1 1 85 85 1 1 85 85 1 85 85 1 1 1 1 1 1 85 1 1 1 85 1 1 1 1 1 1 1 1 1 1 1 85 169 1 85 1 85 85 1 85 85 85 1 169 85 1 85 85 85 1 85 1 85 1 85 1 1 1 1 85 85 1 85 1 85 1 85 85 1 1 85 85 85 85 169 85 1 85 1 1 169 1 85 85 253 85 169 1 169 85 85 85 85 1 169 85 1 1 169 1 169 85 1 85 169 85 1 85 253 85 1 169 85 169 169 169 169 1 169 1 1 169 85 85 169 169 1 169 85 253 85 169 1 1 1 85 253 85 169 169 85 1 85 169 169 1 253 85 1 85 169 253 1 1 169 85 169 1 169 169 1 85 85 169 85 85 169 253 1 253 1 85 85 85 85 169 1 169 85 169 1 169 85 253 169 169 253 169 253 85 169 169 253 169 253 1 169 253 85 169 85 1 169 85 85 1 253 1 85 169 85 85 1 1 1 1 1 337 85 253 85 85 169 169 169 85 169 169 169 253 169 337 169 253 253 337 85 1 85 169 253 253 1 253 253 253 85 1 169 253 253 85 169 169 337 1 169 253 169 169 253 169 253 169 85 169 169 85 169 1 337 1 253 1 85 169 169 253 253 337 337 253 253 169 337 1 169 85 169 253 253 169 169 1 169 337 337 85 1 169 337 85 1 253 1 253 85 253 85 253 85 337 337 169 253 169 421 1 253 253 253 85 253 423 255 253 337 253 85 253 253 169 1 253 85 1 253 337 253 253 253 337 421 85 1 337 337 337 337 337 85 337 253 253 169 85 337 1 421 253 337 337 169 169 169 421 253 85 1 421 253 337 337 421 169 421 253 421 253 421 423 1 85 337 253 1 169 253 421 169 337 169 253 337 421 169 169 253 337 253 421 337 253 253 169 337 421 169 169 337 253 337 421 337 337 337 253 421 85 169 253 337 253 1 337 337 253 253 253 360 337 421 253 337 253 337 421 337 85 337 423 253 337 169 337 337 253 337 169 253 337 253 253 339 85 337 337 169 339 337 253 1 421 421 253 421 421 253 169 253 169 421 421 421 421 169 1 169 337 337 253 253 421 337 1 337 169 169 337 85 421 337 337 253 169 337 421 421 339 169 253 421 337 253 253 169 421 337 253 253 169 85 253 253 169 253 169 85 169 253 337 337 421 421 337 169 253 421 421 337 253 423 253 253 421 1 421 169 1 421 421 253 337 421 337 421 253 85 337 85 253 337 421 337 421 85 253 85 85 421 337 85 253 253 253 421 421 421 169 85 337 337 85 337 
c [Incremental] Max used label: 423.
c [Incremental] Label 423 is removed from searching.
c [Incremental] Solving for max label = 422:
c [Incremental] Solving duration: 1365 ms.
s [Incremental] SAT (label = 422).
c [Incremental] Label assignment: 1 1 1 1 1 1 1 1 1 1 1 1 1 85 1 85 1 1 85 85 1 1 85 85 1 85 85 1 1 1 1 1 1 85 1 1 1 85 1 1 1 1 1 1 1 1 1 1 1 85 169 1 85 1 85 85 1 85 85 85 1 169 85 1 85 85 85 1 85 1 85 1 85 1 1 1 1 85 85 1 85 1 85 1 85 85 1 1 85 85 85 85 169 85 1 85 1 1 169 1 85 85 253 85 169 1 169 85 85 85 85 1 169 85 1 1 169 1 169 85 1 85 169 85 1 85 253 85 1 169 85 169 169 169 169 1 169 1 1 169 85 85 169 169 1 169 85 253 85 169 1 1 1 85 253 85 169 169 85 1 85 169 169 1 253 85 1 85 169 253 1 1 169 85 169 1 169 169 1 85 85 169 85 85 169 253 1 253 1 85 85 85 85 169 1 169 85 169 1 169 85 253 169 169 253 169 253 85 169 169 253 169 253 1 169 253 85 169 85 1 169 85 85 1 253 1 85 169 85 85 1 1 1 1 1 337 85 253 85 85 169 169 169 85 169 169 169 253 169 337 169 253 253 337 85 1 85 169 253 253 1 253 253 253 85 1 169 253 253 85 169 169 337 1 169 253 169 169 253 169 253 169 85 169 169 85 169 1 337 1 253 1 85 169 169 253 253 337 337 253 253 169 337 1 169 85 169 253 253 169 169 1 169 337 337 85 1 169 337 85 1 253 1 253 85 253 85 253 85 337 337 169 253 169 421 1 253 253 253 85 253 422 254 253 337 253 85 253 253 169 1 253 85 1 253 337 253 253 253 337 421 85 1 337 337 337 337 337 85 337 253 253 169 85 337 1 421 253 337 337 169 169 169 421 253 85 1 421 253 337 337 421 169 421 253 421 253 421 422 1 85 337 253 1 169 253 421 169 337 169 253 337 421 169 169 253 337 253 421 337 253 253 169 337 421 169 169 337 253 337 421 337 337 337 253 421 85 169 253 337 253 1 337 337 253 253 253 360 337 421 253 337 253 337 421 337 85 337 422 253 337 169 337 337 253 337 169 253 337 253 253 338 85 337 337 169 338 337 253 1 421 421 253 421 421 253 169 253 169 421 421 421 421 169 1 169 337 337 253 253 421 337 1 337 169 169 337 85 421 337 337 253 169 337 421 421 338 169 253 421 337 253 253 169 421 337 253 253 169 85 253 253 169 253 169 85 169 253 337 337 421 421 337 169 253 421 421 337 253 422 253 253 421 1 421 169 1 421 421 253 337 421 337 421 253 85 337 85 253 337 421 337 421 85 253 85 85 421 337 85 253 253 253 421 421 421 169 85 337 337 85 337 
c [Incremental] Max used label: 422.
c [Incremental] Label 422 is removed from searching.
c [Incremental] Solving for max label = 421:
c [Incremental] Solving duration: 1260 ms.
s [Incremental] SAT (label = 421).
c [Incremental] Label assignment: 1 1 1 1 1 1 1 1 1 1 1 1 1 85 1 85 1 1 85 85 1 1 85 85 1 85 85 1 1 1 1 1 1 85 1 1 1 85 1 1 1 1 1 1 1 1 1 1 1 85 169 1 85 1 85 85 1 85 85 85 1 169 85 1 85 85 85 1 85 1 85 1 85 1 1 1 1 85 85 1 85 1 85 1 85 85 1 1 85 85 85 85 169 85 1 85 1 1 169 1 85 85 253 85 169 1 169 85 85 85 85 1 169 85 1 1 169 1 169 85 1 85 169 85 1 85 253 85 1 169 85 169 169 169 169 1 169 1 1 169 85 85 169 169 1 169 85 253 85 169 1 1 1 85 253 85 169 169 85 1 85 169 169 1 253 85 1 85 169 253 1 1 169 85 169 1 169 169 1 85 85 169 85 85 169 253 1 253 1 85 85 85 85 169 1 169 85 169 1 169 85 253 169 169 253 169 253 85 169 169 253 169 253 1 169 253 85 169 85 1 169 85 85 1 253 1 85 169 85 85 1 1 1 1 1 337 85 253 85 85 169 169 169 85 169 169 169 253 169 337 169 253 253 337 85 1 85 169 253 253 1 253 253 253 85 1 169 253 253 85 169 169 337 1 169 253 169 169 253 169 253 169 85 169 169 85 169 1 337 1 253 1 85 169 169 253 253 337 337 253 253 169 337 1 169 85 169 253 253 169 169 1 169 337 337 85 1 169 337 85 1 253 1 253 85 253 85 253 85 337 337 169 253 169 421 1 253 253 253 85 253 421 253 253 337 253 85 253 253 169 1 253 85 1 253 337 253 253 253 337 421 85 1 337 337 337 337 337 85 337 253 253 169 85 337 1 421 253 337 337 169 169 169 421 253 85 1 421 253 337 337 421 169 421 253 421 253 421 421 1 85 337 253 1 169 253 421 169 337 169 253 337 421 169 169 253 337 253 421 337 253 253 169 337 421 169 169 337 253 337 421 337 337 337 253 421 85 169 253 337 253 1 337 337 253 253 253 421 337 421 253 337 253 337 421 337 85 337 421 253 337 169 337 337 253 337 169 253 337 253 253 337 85 337 337 169 337 337 253 1 421 421 253 421 421 253 169 253 169 421 421 421 421 169 1 169 337 337 253 253 421 337 421 337 169 169 337 85 421 337 337 253 169 337 421 421 337 169 253 421 337 253 253 169 421 337 253 253 169 85 253 253 169 253 169 85 169 253 337 337 421 421 337 169 253 421 421 337 253 421 253 253 421 1 421 169 421 421 421 253 337 421 337 421 253 85 337 85 253 337 421 337 421 85 253 85 85 421 337 85 253 253 253 421 421 421 169 85 337 337 85 337 
c [Incremental] Max used label: 421.
c [Incremental] Label 421 is removed from searching.
c [Incremental] Solving for max label = 420:
c [Incremental] Solving duration: 1143 ms.
s [Incremental] SAT (label = 420).
c [Incremental] Label assignment: 1 251 1 1 1 1 1 1 1 1 1 1 1 85 1 85 1 1 85 85 1 1 85 85 1 85 420 1 1 1 1 1 1 85 1 1 1 85 1 1 1 1 1 1 1 1 1 1 1 85 420 1 85 1 85 85 1 85 85 420 1 169 85 1 85 85 85 251 85 420 85 1 85 251 1 1 1 85 85 1 85 1 85 1 85 85 1 1 85 85 85 85 335 85 1 420 1 1 169 1 85 85 253 85 169 1 169 85 85 85 85 1 169 85 1 1 169 1 169 335 1 85 169 85 420 83 253 420 251 169 85 169 169 169 169 251 169 1 1 169 85 251 167 169 420 335 85 253 251 335 1 1 1 335 253 85 169 169 85 335 85 169 420 1 253 85 1 85 169 420 1 335 169 251 335 1 169 420 251 85 85 167 85 85 420 253 251 251 1 85 85 85 335 169 1 169 335 169 1 420 420 335 169 169 253 169 420 85 169 169 251 169 335 1 335 335 85 169 85 1 420 335 85 335 420 1 85 169 85 420 1 251 1 1 1 335 85 253 85 85 420 420 169 251 169 169 335 167 169 419 169 253 335 419 335 1 251 335 420 251 85 420 251 251 85 1 169 85 420 85 169 169 335 335 169 253 169 335 335 169 420 251 85 169 420 85 169 1 1 335 85 1 85 335 420 335 335 85 335 253 85 169 335 420 169 85 85 251 85 169 169 1 169 419 337 85 420 420 419 420 1 420 1 253 335 251 85 420 85 419 1 1 251 420 335 1 420 1 335 85 253 85 251 420 419 253 85 420 253 169 1 1 85 1 251 251 253 420 1 419 420 85 1 419 419 419 335 85 85 337 1 251 335 85 419 1 335 253 337 169 335 335 420 169 251 420 85 85 85 419 419 420 420 1 253 335 420 335 85 1 85 1 253 1 335 253 253 169 1 169 251 419 169 169 335 420 337 251 420 419 251 420 169 419 169 335 169 335 253 251 335 251 335 337 335 85 420 335 1 337 253 420 337 419 251 420 253 360 419 335 1 335 1 337 335 419 85 335 251 169 337 169 419 337 85 169 169 420 335 167 253 419 85 419 419 169 335 335 253 1 420 335 253 169 251 85 169 85 169 251 420 335 253 1 1 169 335 335 253 420 420 1 1 251 169 169 1 420 335 337 419 420 335 337 420 420 335 251 251 335 85 85 253 335 253 335 335 420 335 85 335 1 420 420 169 335 169 251 419 169 335 335 419 169 253 167 169 335 253 167 253 253 420 1 169 420 1 167 1 335 419 85 419 1 251 253 419 420 420 1 251 419 169 85 251 85 85 420 337 85 85 1 335 251 420 420 169 85 419 1 85 335 
c [Incremental] Max used label: 420.
c [Incremental] Label 420 is removed from searching.
c [Incremental] Solving for max label = 419:
c [Incremental] Solving duration: 1006 ms.
s [Incremental] SAT (label = 419).
c [Incremental] Label assignment: 1 1 1 1 335 1 1 1 1 1 1 419 1 85 1 85 1 1 85 85 1 335 85 85 251 85 85 1 1 1 1 1 1 85 1 1 1 85 1 1 251 335 1 1 167 1 1 1 1 85 169 251 85 1 85 85 1 85 85 419 1 167 85 1 85 85 85 1 85 1 85 1 85 1 1 1 419 85 85 1 85 419 85 419 85 85 1 1 335 85 85 85 1 85 1 335 1 251 419 1 85 85 253 419 169 1 169 85 419 85 85 1 169 85 1 1 169 419 335 85 1 85 169 85 251 2 253 419 1 169 85 169 169 169 169 1 169 251 1 169 419 251 170 169 1 169 85 253 335 335 335 1 1 85 419 419 167 169 85 335 85 169 169 1 253 2 1 85 169 253 1 1 169 251 419 1 169 419 1 85 85 1 85 419 335 253 251 253 1 85 85 85 85 169 1 335 85 169 1 169 85 335 169 169 419 169 253 85 169 419 253 169 335 1 419 254 85 419 85 1 335 85 85 1 253 1 2 169 85 335 335 1 419 419 335 419 419 419 85 85 169 169 169 85 169 169 1 167 169 419 419 251 253 419 85 1 85 169 253 419 85 251 253 335 251 1 335 253 253 85 419 169 83 251 1 419 169 169 251 169 335 251 85 169 335 85 419 1 170 1 253 1 85 1 419 251 254 85 419 253 253 169 337 335 169 85 1 335 85 419 169 1 169 419 1 85 419 169 335 419 1 253 1 253 85 253 85 253 85 335 419 335 254 335 335 335 253 419 253 85 419 85 251 253 419 253 85 253 253 169 1 419 85 167 251 337 253 251 253 419 419 419 1 419 169 337 419 419 335 337 251 335 419 85 170 335 419 253 335 337 335 169 86 85 419 85 85 1 335 169 419 335 170 170 1 1 253 335 85 1 85 1 1 1 169 253 419 169 251 167 419 169 335 169 169 253 419 254 167 419 251 253 169 337 419 169 169 337 253 419 85 337 419 337 419 2 86 169 253 337 253 1 337 170 253 419 1 419 419 419 251 337 253 335 1 1 85 419 86 335 337 335 337 419 85 169 169 419 1 167 1 419 85 85 335 169 419 419 419 251 335 419 253 335 419 253 169 253 169 86 253 85 419 170 419 169 335 251 253 253 419 169 84 251 169 169 335 419 335 419 335 335 1 169 419 335 1 335 335 419 337 419 419 169 253 1 419 253 169 85 167 253 419 253 335 85 169 251 337 419 1 419 335 169 251 251 169 169 251 86 253 253 419 86 85 419 1 1 1 251 337 1 419 1 1 85 338 419 1 337 1 335 251 85 253 85 85 253 337 85 85 251 335 419 335 169 335 85 419 419 85 169 
c [Incremental] Max used label: 419.
c [Incremental] Label 419 is removed from searching.
c [Incremental] Solving for max label = 418:
c [Incremental] Solving duration: 1063 ms.
s [Incremental] SAT (label = 418).
c [Incremental] Label assignment: 1 1 250 1 334 1 1 1 334 1 1 1 418 85 1 85 1 1 85 85 250 1 85 2 1 85 85 1 1 1 1 1 1 85 250 1 1 85 1 1 1 334 1 1 1 1 1 250 1 85 418 166 85 418 85 85 1 418 85 85 1 170 85 418 85 85 85 1 85 1 85 418 85 1 334 1 167 85 85 1 2 418 85 1 85 85 1 1 85 85 85 85 169 85 1 334 1 334 169 1 85 2 254 85 169 1 169 85 85 85 85 1 1 85 1 1 169 1 170 85 250 85 1 85 418 85 253 85 1 169 82 169 169 169 169 1 170 250 1 418 418 85 418 169 1 169 85 418 85 169 418 1 418 334 86 418 169 169 85 1 85 169 169 1 253 250 1 82 169 253 1 1 169 85 169 1 169 169 1 85 85 166 250 85 169 253 1 334 1 85 85 85 85 169 1 169 85 169 418 166 85 334 169 169 1 169 418 1 169 250 334 334 418 1 418 250 418 166 418 166 418 85 1 1 253 166 85 334 2 334 250 1 1 334 1 418 85 334 85 2 169 170 169 250 169 418 169 253 169 250 418 253 254 334 1 1 85 169 253 253 166 254 418 1 85 334 169 250 418 418 169 250 337 418 169 253 334 169 254 169 334 169 334 418 418 85 250 418 334 1 253 1 85 169 169 418 250 418 86 254 253 418 418 1 169 85 169 1 85 169 169 1 169 418 1 85 418 418 418 334 250 253 1 250 1 334 85 253 85 334 334 334 253 169 334 250 253 254 334 85 418 85 276 253 338 253 1 334 418 166 418 253 85 334 334 337 253 254 253 418 1 85 170 334 418 337 334 85 334 250 253 253 169 85 418 1 85 253 1 337 169 169 169 1 250 85 1 1 334 334 418 86 169 85 334 1 418 86 85 1 85 334 418 1 169 253 418 169 334 170 418 334 1 170 418 334 418 334 1 418 250 166 169 337 1 169 1 334 254 170 85 337 418 337 334 1 85 334 253 337 418 1 1 418 253 418 334 360 334 418 253 337 253 337 1 86 85 337 334 334 337 169 338 85 418 1 169 418 418 334 254 418 334 85 418 418 418 418 418 85 418 418 253 418 334 418 169 253 169 334 334 85 418 1 1 169 337 337 253 334 169 337 84 418 169 169 334 85 86 418 337 334 169 334 85 250 418 169 250 418 418 253 418 418 253 250 250 334 1 85 418 253 250 253 169 334 1 1 418 1 1 334 334 169 418 254 418 1 253 85 418 253 418 85 85 169 1 1 334 334 166 1 418 250 250 85 418 418 254 418 1 169 334 85 250 85 85 169 337 85 253 334 253 85 253 85 166 85 418 338 85 1 
c [Incremental] Max used label: 418.
c [Incremental] Label 418 is removed from searching.
c [Incremental] Solving for max label = 417:
c [Incremental] Solving duration: 1735 ms.
s [Incremental] SAT (label = 417).
c [Incremental] Label assignment: 1 417 1 1 1 1 1 165 1 1 1 165 417 85 1 85 1 1 85 85 249 417 85 417 1 333 2 1 1 1 1 1 1 85 1 1 249 85 1 1 417 1 1 1 1 1 1 1 1 85 333 249 85 1 85 85 1 417 85 333 1 169 85 1 85 85 85 1 85 333 85 1 417 165 1 1 165 249 85 1 85 1 85 1 417 85 1 1 85 85 85 85 333 249 1 333 1 1 169 1 85 85 333 85 169 1 165 85 85 85 85 417 169 85 1 1 417 1 169 333 1 85 169 81 1 85 249 333 417 169 85 333 333 169 169 1 169 1 417 169 85 249 169 169 333 169 85 253 249 170 1 333 249 333 253 417 169 169 85 333 85 169 169 1 253 249 417 417 169 253 1 1 169 333 169 249 169 169 165 85 85 165 85 417 169 333 249 1 333 85 85 85 85 333 1 169 85 169 1 169 85 333 169 333 249 169 253 417 169 165 253 333 333 1 165 333 85 169 417 1 249 85 85 1 249 165 85 169 333 417 1 1 1 1 249 333 249 253 85 85 333 1 169 85 249 169 169 417 417 417 417 253 253 417 85 1 249 169 417 1 165 333 253 253 249 1 249 249 417 333 165 169 1 1 169 253 169 417 417 169 333 169 249 169 169 85 417 1 417 85 333 1 249 169 85 333 417 85 417 333 253 81 417 333 169 85 249 253 417 417 169 1 333 417 417 85 1 169 1 85 333 1 1 253 417 333 85 253 85 417 165 333 333 333 333 249 417 249 333 85 253 165 417 253 417 253 417 1 253 249 1 333 85 165 333 85 253 333 253 1 417 85 1 333 417 337 417 417 333 337 1 249 169 417 417 249 1 253 337 1 417 169 333 169 249 81 85 1 333 337 417 85 417 1 253 249 417 165 333 1 85 1 85 1 169 253 165 417 249 165 417 169 417 417 333 253 169 333 417 333 249 417 169 337 417 169 417 333 253 249 85 333 85 417 417 85 417 169 249 417 253 1 337 1 333 417 253 1 417 417 417 333 417 337 1 249 85 417 333 333 337 169 85 85 417 417 169 417 333 417 333 1 85 85 333 169 249 85 249 1 1 417 253 169 417 253 169 253 169 333 333 85 249 169 1 169 249 337 253 253 169 165 1 165 169 333 169 417 417 337 333 333 169 333 85 333 1 165 249 417 169 254 417 249 333 333 333 1 249 81 417 253 1 253 1 85 169 249 417 417 1 169 333 169 253 86 417 1 253 85 253 253 333 81 417 169 1 1 1 333 169 333 417 1 417 85 417 417 333 417 333 337 417 85 417 81 85 417 337 85 165 417 417 85 333 417 169 85 417 169 85 417 
c [Incremental] Max used label: 417.
c [Incremental] Label 417 is removed from searching.
c [Incremental] Solving for max label = 416:
c [Incremental] Solving duration: 1017 ms.
s [Incremental] SAT (label = 416).
c [Incremental] Label assignment: 1 1 332 1 248 1 1 332 332 1 1 164 1 85 1 80 332 1 85 85 1 332 85 332 1 416 332 1 164 416 1 1 1 85 1 1 1 85 1 1 1 1 1 1 332 416 1 1 1 2 416 1 85 1 85 85 1 85 85 416 1 169 80 1 85 85 85 1 85 1 85 1 85 416 1 1 1 85 85 1 85 1 85 332 85 85 1 1 24 85 85 85 1 332 1 332 1 1 332 1 85 85 416 85 169 1 169 85 251 85 248 416 1 85 1 1 332 1 416 85 416 85 169 85 416 85 1 85 248 416 85 416 416 169 169 1 169 1 416 169 85 248 1 169 332 332 85 253 85 164 1 416 1 85 253 416 1 1 85 1 85 416 332 1 253 85 1 416 169 335 1 1 169 248 1 1 169 169 1 85 85 169 2 332 164 253 1 248 416 85 85 85 85 169 1 164 248 332 332 169 416 253 169 416 1 2 416 86 169 170 253 169 253 1 169 248 85 169 85 1 170 85 85 1 253 1 85 416 85 332 1 164 416 1 416 416 85 253 85 85 416 169 169 85 248 169 1 332 169 337 169 416 332 332 85 1 85 164 253 416 416 248 253 248 85 1 169 253 253 85 169 169 164 1 169 416 169 416 253 169 332 416 85 169 416 85 416 1 332 1 1 332 85 1 169 1 248 169 332 332 253 169 169 248 169 85 248 248 85 169 169 416 169 416 416 85 416 416 1 416 1 1 1 248 85 248 85 253 85 416 416 170 253 416 248 1 1 416 332 85 416 85 276 332 248 253 248 416 253 164 416 416 85 1 416 248 253 248 253 416 416 85 1 416 337 337 332 416 332 337 332 253 169 85 332 1 85 253 337 248 169 332 170 169 332 80 85 86 332 337 86 85 416 86 253 332 416 164 85 1 85 332 332 1 169 416 164 416 332 164 248 416 1 416 332 253 416 248 332 337 254 416 169 337 332 169 248 337 253 416 85 248 416 332 332 85 416 169 253 332 253 1 337 416 253 253 253 360 416 164 253 337 253 332 1 248 85 416 108 332 337 332 85 248 248 332 169 253 332 80 1 360 85 85 337 169 416 85 169 1 248 169 253 1 248 253 169 332 169 332 332 85 253 332 1 169 337 85 253 253 416 337 1 416 169 169 169 416 332 416 416 416 192 337 248 332 169 169 332 86 169 416 248 1 416 332 1 416 169 85 1 253 416 416 332 85 169 253 337 332 332 169 416 169 253 416 416 169 332 85 253 253 416 1 416 416 1 332 169 248 169 332 416 169 1 85 416 85 1 169 248 332 253 85 416 80 85 253 337 85 253 1 254 416 85 248 169 85 416 416 85 332 
c [Incremental] Max used label: 416.
c [Incremental] Label 416 is removed from searching.
c [Incremental] Solving for max label = 415:
c [Incremental] Solving duration: 1041 ms.
s [Incremental] SAT (label = 415).
c [Incremental] Label assignment: 1 1 85 415 1 1 1 1 1 1 1 163 1 331 1 85 1 1 85 85 1 415 247 331 331 415 415 247 331 1 331 1 1 247 1 1 1 85 1 1 1 1 1 1 1 1 1 1 1 85 415 1 85 1 85 85 1 331 85 415 1 169 85 1 331 85 85 163 85 1 85 1 85 1 1 1 1 85 331 1 85 1 85 1 85 79 1 1 85 331 85 85 1 331 1 331 1 1 331 415 415 85 415 415 169 1 169 85 331 85 79 415 1 85 1 1 331 1 415 79 1 85 169 85 247 85 1 85 1 169 85 169 169 169 169 163 169 1 415 169 85 85 415 169 415 415 85 253 85 331 1 415 1 85 253 85 169 1 253 1 85 169 331 1 253 331 1 415 169 415 1 1 169 85 1 1 169 415 1 85 85 169 2 331 415 253 1 253 1 85 331 85 85 169 1 331 85 169 331 169 415 85 169 169 85 169 331 85 169 169 253 169 85 1 169 254 85 169 85 1 170 85 85 415 85 1 85 415 85 331 1 163 331 1 415 415 85 253 85 85 415 415 169 85 247 169 1 247 169 415 169 79 331 170 85 1 415 163 253 253 85 247 415 331 247 1 169 85 331 85 169 169 85 331 163 253 169 415 253 169 415 415 85 169 170 85 169 85 338 1 331 331 85 169 163 253 247 169 331 331 253 169 415 85 169 85 247 331 85 169 169 1 169 337 415 85 415 415 1 415 1 253 1 1 85 85 1 253 85 85 1 1 253 169 247 1 163 247 331 85 415 85 276 331 415 415 85 415 331 169 1 247 85 1 85 247 253 247 331 415 247 85 1 415 415 337 415 247 331 415 247 253 169 85 415 1 85 415 337 247 169 247 170 247 331 79 415 253 331 247 337 85 169 86 331 253 415 163 85 1 85 1 331 1 415 253 163 415 338 163 163 337 163 415 331 331 415 85 85 337 247 415 169 1 251 169 169 415 253 415 85 331 331 337 254 85 415 331 253 337 253 1 337 415 253 253 253 360 415 415 253 337 253 337 415 247 85 331 331 331 331 415 163 415 253 331 169 415 331 1 1 415 85 331 415 169 415 85 331 247 170 415 253 247 163 253 169 253 169 331 85 415 253 1 1 415 337 415 253 253 415 337 1 338 169 169 415 85 331 415 415 415 169 415 415 415 169 415 1 415 169 247 247 331 253 337 254 415 169 85 331 253 169 253 415 85 1 253 337 331 253 169 331 169 1 247 415 415 331 85 253 415 169 1 415 415 1 331 247 163 169 331 247 169 331 85 415 1 1 331 1 415 247 85 415 85 169 1 331 247 253 247 254 247 1 1 169 85 415 247 85 331 
c [Incremental] Max used label: 415.
c [Incremental] Label 415 is removed from searching.
c [Incremental] Solving for max label = 414:
c [Incremental] Solving duration: 1003 ms.
s [Incremental] SAT (label = 414).
c [Incremental] Label assignment: 1 414 1 169 1 330 1 1 1 1 1 1 1 330 162 85 1 1 85 414 1 414 2 85 414 414 85 1 1 1 1 1 1 85 1 1 1 85 1 414 1 1 1 1 1 1 1 1 1 85 330 162 85 1 414 85 1 78 85 414 1 169 85 1 414 85 85 162 85 1 85 1 85 414 1 1 1 85 330 1 85 1 85 1 85 85 1 246 85 330 85 85 169 85 1 330 1 1 169 414 246 85 253 85 169 162 169 85 330 85 78 414 162 85 1 1 330 1 414 1 1 85 169 85 1 85 1 85 1 2 85 169 169 169 169 414 169 1 1 330 85 85 414 169 330 169 85 253 246 246 414 414 1 1 253 85 169 1 85 162 85 169 330 1 253 330 1 85 169 414 1 1 169 85 169 1 169 170 246 85 85 169 85 85 169 253 1 246 1 1 85 85 85 169 1 330 85 169 330 169 85 330 169 162 85 169 253 85 169 246 253 169 330 330 169 253 85 169 85 1 330 85 85 414 85 1 85 1 85 330 414 162 1 1 1 330 85 253 85 85 414 169 169 85 169 246 169 253 169 85 169 86 330 169 85 1 85 162 253 253 85 253 253 253 85 1 169 253 330 85 169 169 85 414 169 330 169 169 253 169 330 414 85 169 169 85 169 1 1 330 330 246 85 330 85 253 246 169 169 253 253 414 414 1 169 85 169 253 162 169 170 1 169 414 85 85 246 169 337 246 1 253 1 330 85 246 85 253 85 414 1 1 253 169 246 1 253 253 253 86 414 85 246 330 414 414 85 414 330 330 1 330 85 1 85 246 253 253 253 414 330 414 1 1 1 337 414 85 330 414 254 253 169 85 414 1 85 254 337 246 330 1 169 85 330 85 414 1 253 414 414 414 414 1 1 330 414 414 162 169 85 330 414 1 246 253 414 169 414 414 414 246 414 1 330 330 337 246 414 246 246 414 169 1 414 169 169 414 253 169 85 337 414 337 253 85 414 246 330 338 253 1 337 414 253 330 253 360 246 414 253 337 253 85 414 169 85 338 330 253 338 169 337 1 162 414 169 414 330 330 253 414 85 1 1 169 414 337 330 254 330 414 253 414 414 414 169 253 169 330 162 414 253 1 1 169 337 414 253 253 414 337 1 414 169 169 414 246 414 85 414 414 1 414 414 246 330 169 253 414 337 330 246 414 254 414 246 414 169 85 414 253 246 253 169 85 414 414 337 169 330 253 330 169 330 330 414 414 253 85 253 254 169 1 1 246 1 330 246 246 246 330 414 414 330 414 414 1 253 338 1 414 414 85 414 85 169 85 338 85 85 330 330 1 1 414 169 85 414 1 85 330 
c [Incremental] Max used label: 414.
c [Incremental] Label 414 is removed from searching.
c [Incremental] Solving for max label = 413:
c [Incremental] Solving duration: 1037 ms.
s [Incremental] SAT (label = 413).
c [Incremental] Label assignment: 1 1 245 1 1 1 1 1 1 1 329 1 1 85 1 329 1 1 413 85 1 1 85 85 1 329 85 1 1 413 329 1 1 85 1 1 1 85 413 413 413 413 1 1 1 1 1 1 1 85 169 1 85 1 85 85 1 85 85 85 1 169 85 1 77 85 85 1 85 413 85 413 85 413 1 1 1 85 85 1 85 1 85 1 85 85 1 1 85 85 85 85 329 85 1 85 1 1 329 1 85 413 245 413 169 1 169 329 329 85 85 1 161 85 1 1 169 1 169 413 1 329 161 329 1 85 253 85 1 169 85 169 169 413 169 1 169 1 245 169 85 245 1 169 1 169 85 253 85 413 1 1 245 85 85 413 169 169 85 1 85 329 169 1 253 85 1 85 169 413 1 1 169 85 169 1 169 169 329 85 85 169 85 245 169 413 1 253 1 85 85 329 85 169 1 161 85 169 245 169 413 253 169 329 253 329 253 85 169 329 253 169 329 1 413 253 85 169 245 1 169 85 85 1 253 1 85 413 85 85 1 1 413 1 85 337 85 253 85 85 169 169 169 85 413 169 85 253 169 413 413 329 253 169 413 1 85 85 413 413 413 161 245 253 85 1 169 329 253 85 169 413 85 413 169 253 329 169 1 169 413 169 85 169 169 85 169 1 1 1 253 1 85 169 161 253 245 413 413 253 253 169 337 1 169 85 413 85 253 169 169 1 329 337 337 85 1 169 1 85 1 253 1 253 85 253 85 413 85 169 413 329 85 161 245 85 253 253 253 85 253 413 161 253 169 253 1 413 329 329 1 253 85 1 253 413 253 329 253 1 161 85 329 413 337 337 413 413 329 413 253 253 169 85 1 1 329 253 413 169 413 169 169 1 329 85 1 169 253 413 169 253 169 1 245 413 253 413 329 1 85 413 245 1 169 253 169 161 413 329 245 169 1 169 169 329 337 253 85 329 245 413 169 337 413 1 169 413 253 169 85 337 413 337 253 413 85 329 1 337 245 1 337 413 329 329 413 413 413 245 253 85 413 337 1 337 85 413 329 253 337 245 413 413 245 413 169 413 329 329 413 413 329 85 169 169 245 337 169 329 245 413 253 245 413 245 169 253 169 329 253 85 329 413 413 329 84 413 253 329 413 329 1 413 169 169 413 85 1 329 1 413 245 245 413 85 413 169 253 413 413 329 413 169 253 1 329 413 169 85 329 253 169 253 1 85 1 245 413 77 1 329 329 169 329 329 169 413 329 329 253 253 329 1 169 169 1 1 245 253 413 169 337 245 329 85 337 85 1 413 1 413 413 85 253 85 85 1 337 1 253 253 1 85 85 169 169 253 413 337 85 329 
c [Incremental] Max used label: 413.
c [Incremental] Label 413 is removed from searching.
c [Incremental] Solving for max label = 412:
c [Incremental] Solving duration: 982 ms.
s [Incremental] SAT (label = 412).
c [Incremental] Label assignment: 1 160 1 1 1 1 1 244 1 1 328 1 1 85 1 85 1 1 85 85 1 1 412 85 1 85 85 1 1 244 328 1 1 85 1 1 1 85 1 412 412 1 1 1 1 1 160 1 1 85 412 1 85 1 85 85 1 85 85 2 1 170 85 1 412 85 85 160 85 1 244 1 85 1 1 1 1 85 85 1 85 1 85 1 412 85 1 1 85 85 85 85 328 85 1 2 1 86 412 1 85 412 244 85 412 1 169 328 412 85 76 412 160 85 1 1 170 1 170 85 1 85 85 328 1 328 86 244 1 169 85 169 169 412 169 1 169 1 244 169 85 85 76 169 1 169 85 253 85 244 1 1 412 328 85 412 169 412 253 1 85 169 169 1 253 85 1 85 169 253 1 1 169 85 160 412 169 1 1 85 85 160 328 412 244 84 1 254 1 85 85 85 85 169 1 169 328 169 1 169 85 253 169 328 253 169 253 85 169 169 253 169 328 1 169 328 85 169 244 1 169 85 76 1 253 1 76 169 244 328 1 167 412 1 85 338 328 253 85 85 170 412 169 85 412 169 85 328 169 244 169 160 328 412 244 1 85 169 412 412 412 328 244 244 244 1 1 253 253 85 169 412 85 1 169 253 328 169 412 169 412 412 85 169 169 328 169 85 412 1 328 328 85 412 412 328 160 86 1 253 253 169 337 85 169 85 412 244 253 169 169 1 169 412 337 85 1 169 1 1 1 253 1 253 85 253 85 253 244 412 412 328 244 169 160 412 253 328 253 85 244 85 412 85 1 253 85 412 328 169 1 335 85 1 253 328 253 253 253 328 328 85 328 412 169 337 412 85 328 412 328 253 328 328 1 1 328 253 412 2 169 169 169 1 328 85 1 85 253 412 169 254 169 85 412 412 253 169 160 1 85 1 412 1 169 253 169 160 412 169 328 337 244 169 169 328 412 253 170 85 244 412 169 337 1 1 169 412 253 338 85 337 412 337 412 328 412 328 412 337 244 1 337 412 328 253 253 328 244 412 253 85 253 337 1 337 85 412 412 253 337 412 412 412 253 337 169 412 328 328 1 328 328 85 169 169 412 337 169 1 244 412 253 244 412 244 169 253 169 244 253 85 328 244 1 169 412 85 253 328 412 337 1 85 169 169 412 85 160 169 244 412 244 337 412 1 328 160 244 412 412 328 253 251 253 412 328 412 169 85 328 253 169 253 160 85 412 412 412 1 1 328 328 169 328 412 169 412 328 160 253 253 169 1 169 412 1 1 244 253 412 169 412 412 412 85 337 85 412 412 160 412 412 85 253 85 85 1 337 1 412 328 412 85 328 412 169 328 412 244 85 328 
c [Incremental] Max used label: 412.
c [Incremental] Label 412 is removed from searching.
c [Incremental] Solving for max label = 411:
c [Incremental] Solving duration: 1004 ms.
s [Incremental] SAT (label = 411).
c [Incremental] Label assignment: 1 1 1 1 1 1 327 1 1 1 1 1 411 85 1 85 1 1 85 85 243 1 411 85 411 327 85 1 1 1 327 1 1 85 1 1 243 85 1 411 1 1 1 1 1 1 1 1 1 85 411 1 327 411 85 85 1 85 85 327 1 169 85 1 411 243 85 1 85 1 85 1 327 159 1 1 411 243 85 1 85 1 85 1 243 85 1 1 85 85 85 85 159 85 1 243 1 85 169 1 85 411 1 85 169 1 159 327 243 85 85 1 159 85 1 1 169 1 169 85 1 85 169 327 1 85 85 243 1 169 85 169 169 411 169 1 169 1 243 169 85 85 169 159 1 169 85 253 327 327 1 1 411 327 85 411 159 85 253 1 85 169 169 1 253 85 327 85 169 327 1 411 169 85 169 1 169 169 159 85 85 169 85 75 169 411 1 327 1 85 85 85 85 169 1 169 85 169 243 169 85 253 169 327 253 411 253 85 169 411 253 169 327 1 169 327 85 411 243 1 243 85 2 1 253 1 243 169 243 85 1 1 411 1 243 411 327 253 85 85 243 411 169 85 411 169 85 327 169 85 169 85 254 411 2 1 85 159 243 327 411 253 243 253 243 1 169 253 253 327 169 411 75 411 169 253 327 169 411 169 253 411 85 169 169 411 169 1 75 1 327 1 85 169 327 253 411 85 1 253 253 327 337 85 169 85 411 253 159 169 169 1 1 411 337 85 1 169 1 85 1 253 1 411 85 253 85 253 85 337 411 327 1 169 411 411 253 327 253 85 253 169 327 327 170 253 85 411 327 327 1 411 327 1 253 411 253 253 253 159 327 1 327 327 411 337 337 85 327 411 253 243 159 85 411 1 327 253 411 243 169 169 243 85 253 85 1 169 253 411 169 327 169 1 411 411 253 1 411 1 85 1 411 1 169 253 169 159 1 159 243 85 1 169 169 327 411 253 1 337 243 411 169 337 327 1 169 411 253 411 85 337 411 337 327 1 411 327 411 337 243 1 337 327 327 253 253 411 243 411 253 411 243 337 1 337 85 337 327 253 337 159 411 327 159 327 169 411 327 327 411 1 327 85 169 169 411 337 169 253 411 411 253 411 411 243 169 253 169 1 253 85 85 243 1 169 411 411 253 327 411 1 1 159 169 169 411 411 86 85 337 243 169 411 411 243 169 159 1 411 411 243 85 327 253 411 327 159 243 85 327 253 169 253 86 85 327 253 411 169 1 327 327 169 327 411 169 411 243 243 85 253 327 1 169 169 84 1 243 253 411 169 411 411 327 85 337 85 411 411 1 411 411 85 253 85 411 1 337 1 253 327 411 85 1 411 169 85 411 170 253 327 
c [Incremental] Max used label: 411.
c [Incremental] Label 411 is removed from searching.
c [Incremental] Solving for max label = 410:
c [Incremental] Solving duration: 1007 ms.
s [Incremental] SAT (label = 410).
c [Incremental] Label assignment: 1 1 1 242 1 1 326 1 1 1 1 1 410 85 1 85 1 1 410 85 158 1 410 242 410 85 242 1 1 326 326 1 1 85 1 1 242 85 1 410 1 1 1 1 1 1 1 1 1 85 410 1 85 158 85 85 1 85 85 85 1 169 85 1 410 326 85 1 85 410 85 85 326 326 1 1 410 2 85 1 1 1 85 410 85 85 1 1 2 85 85 85 158 85 1 85 1 326 242 1 85 410 1 85 169 1 169 326 410 85 85 1 158 85 1 1 169 1 169 85 1 85 169 85 1 85 253 85 1 169 85 169 169 410 169 1 169 1 242 169 85 85 170 169 242 169 85 253 326 326 1 1 158 326 85 410 158 85 253 1 85 326 169 1 253 85 326 85 169 253 1 1 169 85 169 410 169 169 158 85 85 169 85 410 169 253 1 253 1 85 85 85 85 169 1 169 85 169 242 169 85 253 169 326 253 410 253 85 169 410 253 169 326 1 169 86 85 410 242 1 169 85 2 1 253 1 85 169 1 85 1 1 410 1 1 410 2 253 326 85 242 410 169 85 410 169 85 254 169 85 169 85 253 410 74 1 85 169 410 410 410 326 242 254 85 1 169 253 253 85 169 410 74 410 169 253 326 169 253 169 253 169 85 169 169 85 169 1 410 1 253 1 410 169 326 253 1 410 410 253 253 1 337 242 169 85 410 253 253 158 169 1 1 410 337 85 242 169 1 85 1 253 1 326 85 253 85 242 85 337 410 326 1 169 242 410 253 254 253 85 253 410 1 253 169 253 85 410 326 326 1 410 85 1 253 337 253 326 253 326 326 1 326 326 337 337 338 85 326 410 253 410 169 85 242 326 326 253 410 337 169 169 86 85 410 85 1 169 253 410 169 1 169 1 410 410 253 74 169 1 85 1 410 1 169 253 169 158 410 242 1 85 1 169 169 326 410 253 1 337 242 410 169 337 410 1 169 410 253 410 85 337 410 337 410 1 85 326 74 337 242 1 337 326 326 253 253 410 242 410 253 326 253 337 1 337 85 337 86 253 337 242 410 326 85 410 169 410 326 253 326 410 326 85 169 169 242 337 169 253 242 410 253 410 410 242 169 253 169 410 253 85 326 410 1 169 1 242 253 326 410 326 1 170 169 169 410 169 170 85 326 253 326 337 410 169 410 169 1 410 410 158 253 326 253 410 85 253 169 85 326 253 169 253 242 85 326 253 410 242 1 326 326 169 326 410 169 410 242 410 253 253 169 1 169 169 1 1 242 253 410 169 337 410 1 85 337 85 85 410 1 410 410 85 253 74 410 1 337 1 84 253 326 85 1 410 169 85 410 86 85 169 
c [Incremental] Max used label: 410.
c [Incremental] Label 410 is removed from searching.
c [Incremental] Solving for max label = 409:
c [Incremental] Solving duration: 1070 ms.
s [Incremental] SAT (label = 409).
c [Incremental] Label assignment: 1 1 1 241 1 1 325 241 1 1 1 1 409 85 1 85 157 1 85 85 1 409 409 325 409 409 241 1 325 1 325 1 1 85 1 1 1 85 1 409 325 1 1 1 1 1 1 1 1 85 409 1 85 409 85 85 1 85 85 85 1 169 85 1 409 85 85 1 85 409 409 1 85 1 1 1 409 85 85 1 241 1 85 1 85 85 1 1 85 85 85 85 169 85 1 85 1 325 1 1 85 409 241 85 169 1 169 325 409 85 85 409 157 85 1 1 169 1 157 85 1 85 169 85 325 85 1 85 1 169 85 169 169 409 169 1 169 1 241 169 85 85 409 169 157 169 85 253 241 325 1 325 409 325 85 409 157 1 85 1 85 169 157 1 253 85 1 85 169 253 1 1 169 85 1 409 169 169 1 85 85 169 2 85 169 325 1 253 1 85 85 85 85 169 1 241 85 169 241 169 85 253 169 325 253 409 253 85 169 409 253 169 325 1 169 241 85 409 241 1 325 85 325 1 253 1 2 169 85 85 1 1 409 1 409 409 85 253 85 85 169 409 169 85 409 169 85 253 169 85 169 85 253 325 2 1 85 241 409 253 409 254 241 241 241 1 1 253 253 85 169 409 73 409 169 253 325 169 325 169 253 169 85 169 170 85 169 1 338 1 1 1 85 409 325 325 254 409 2 253 253 1 337 85 169 85 409 241 253 169 169 1 325 409 337 85 409 409 1 409 1 253 1 169 85 253 85 253 85 409 409 325 241 169 157 409 253 254 253 85 253 169 276 325 169 253 325 409 325 85 1 409 85 1 253 1 253 86 253 409 325 85 325 325 169 337 409 85 325 409 253 409 86 241 337 1 1 253 409 325 169 169 170 1 241 85 409 169 253 409 169 85 169 86 409 409 253 241 169 1 85 325 409 1 169 253 169 157 338 169 1 337 1 169 169 325 337 253 169 337 241 409 169 337 253 1 169 409 253 409 85 337 409 337 254 409 85 325 253 337 241 1 337 409 325 253 253 360 241 409 253 325 253 337 1 337 85 337 170 253 337 170 409 325 325 325 169 409 325 1 253 360 325 85 169 169 409 337 169 85 254 409 253 409 409 241 169 253 169 170 253 85 325 1 1 169 1 241 253 325 409 337 1 338 169 169 409 169 170 85 409 253 1 409 409 169 85 169 1 409 409 86 325 325 253 409 170 253 169 241 1 253 169 253 170 85 325 253 409 1 1 325 325 169 325 409 169 409 241 325 253 253 169 1 169 169 241 1 241 325 409 169 409 409 253 85 337 85 325 409 1 409 409 85 253 85 409 1 337 1 253 253 254 85 1 409 169 85 409 86 85 169 
c [Incremental] Max used label: 409.
c [Incremental] Label 409 is removed from searching.
c [Incremental] Solving for max label = 408:
c [Incremental] Solving duration: 996 ms.
s [Incremental] SAT (label = 408).
c [Incremental] Label assignment: 1 1 1 240 1 1 324 240 1 1 1 1 408 85 1 240 156 1 85 85 1 85 408 324 408 408 240 1 324 1 324 1 1 85 1 1 1 85 1 408 1 1 1 1 1 1 1 1 1 85 408 1 85 408 85 85 1 85 85 85 1 169 85 1 408 1 85 1 85 408 85 1 85 1 1 1 408 85 85 1 240 1 85 1 85 85 1 1 85 85 85 85 169 85 1 85 1 324 1 1 85 408 240 85 169 1 169 324 408 85 85 408 156 85 1 1 169 1 156 85 1 85 169 85 324 85 1 85 1 169 85 169 169 408 169 1 169 1 240 169 85 240 408 169 1 169 85 253 85 324 1 324 408 324 85 408 156 324 253 1 85 169 156 1 253 85 1 85 169 253 1 324 169 85 1 408 169 169 1 85 85 169 2 85 169 253 1 253 1 85 85 240 85 169 1 240 85 169 240 169 85 253 169 324 253 408 253 85 169 408 253 169 324 1 169 240 85 408 240 1 324 85 324 1 253 1 85 169 85 85 1 1 408 1 408 408 85 253 85 85 169 408 169 85 408 169 85 253 169 85 169 85 253 324 2 1 85 240 408 253 408 254 240 240 85 1 1 253 253 85 169 408 72 408 169 253 324 169 324 169 253 169 85 169 170 85 169 1 338 1 1 1 85 408 324 324 240 408 2 253 253 169 337 1 169 85 408 156 253 169 169 1 324 408 337 85 240 169 1 85 1 253 1 324 85 253 85 408 85 408 408 324 156 156 240 408 253 254 253 85 253 169 324 324 169 253 324 408 324 169 1 408 85 1 253 1 253 86 253 408 324 85 324 324 169 337 408 85 324 408 253 408 240 85 408 1 1 253 408 324 169 169 170 1 324 85 1 169 253 408 169 85 169 86 408 408 253 240 169 1 85 408 408 1 169 253 169 156 408 169 1 85 1 169 169 324 337 253 169 337 240 408 169 337 408 1 169 408 253 408 85 337 408 337 254 408 85 324 253 337 240 1 337 408 324 253 253 408 240 324 1 324 408 337 1 337 85 337 324 253 337 170 408 324 253 408 169 408 324 1 253 408 324 85 169 169 408 337 169 85 254 408 253 408 408 240 169 253 169 324 253 85 324 1 1 169 324 240 253 324 408 1 1 338 169 169 408 85 170 85 408 253 1 408 408 85 408 169 1 408 408 86 324 169 253 408 170 253 169 85 324 253 169 253 170 85 324 253 408 1 1 324 324 169 324 408 169 408 240 324 253 253 240 1 169 169 240 1 240 324 408 169 408 408 324 85 337 85 324 408 1 408 408 85 253 85 408 1 337 1 253 253 254 85 1 408 169 240 408 86 85 169 
c [Incremental] Max used label: 408.
c [Incremental] Label 408 is removed from searching.
c [Incremental] Solving for max label = 407:
c [Incremental] Solving duration: 1026 ms.
s [Incremental] SAT (label = 407).
c [Incremental] Label assignment: 1 1 1 239 1 1 323 239 155 1 1 1 407 85 1 239 155 1 85 85 1 85 407 323 407 407 239 1 323 1 323 1 1 85 1 1 1 85 1 407 323 1 1 1 1 1 1 1 1 85 407 1 85 407 85 85 1 85 85 85 1 169 71 1 407 1 85 1 85 407 407 1 85 1 1 1 407 85 85 1 239 1 85 1 85 85 1 1 85 85 85 85 169 85 1 85 1 323 1 1 85 407 239 85 169 1 169 323 407 85 85 407 155 85 1 1 169 1 155 85 1 85 169 85 155 71 1 85 1 169 85 169 169 407 169 1 169 1 239 169 85 239 407 169 1 169 85 253 85 323 1 323 407 323 85 407 155 323 85 1 85 239 155 1 253 85 1 85 169 253 1 323 169 85 239 407 169 169 1 85 85 169 2 85 169 253 1 253 1 85 85 239 85 239 1 239 85 169 239 169 85 253 169 323 253 407 253 85 169 407 253 169 323 1 169 254 85 407 239 1 323 85 323 1 253 1 71 169 85 85 1 1 407 1 407 407 85 253 85 85 169 407 169 85 407 169 85 253 169 85 169 85 253 170 2 1 85 239 407 253 407 254 239 323 85 1 1 253 253 85 169 407 71 407 169 253 323 169 323 169 253 169 85 169 170 85 169 1 338 1 1 1 85 407 323 323 253 407 2 253 253 169 337 1 169 85 407 71 253 169 169 1 323 407 337 85 323 407 1 85 1 253 1 169 85 253 85 407 85 407 407 323 155 155 155 407 253 254 253 85 253 169 323 323 169 253 323 407 323 169 1 407 85 1 253 1 253 86 253 407 323 85 323 323 169 337 407 85 323 407 253 407 239 85 338 1 1 253 407 323 169 169 170 1 239 85 1 169 253 407 169 85 169 86 407 407 253 239 169 1 85 407 407 1 169 253 169 155 407 169 1 337 1 169 169 323 407 253 169 337 239 407 169 337 253 1 169 407 253 407 85 337 407 337 254 407 85 323 253 337 239 1 337 407 323 253 253 407 239 323 1 323 407 337 1 337 85 337 169 253 337 170 407 323 253 407 169 407 323 1 253 407 323 85 169 169 407 337 169 85 254 407 253 407 407 239 169 253 169 155 253 85 323 1 1 169 323 239 253 323 407 1 1 338 169 169 407 85 170 85 407 253 1 407 407 85 407 169 1 407 407 86 323 169 253 407 170 253 169 85 323 253 169 253 170 85 323 253 407 1 1 323 323 169 323 407 169 407 239 323 253 253 239 1 169 169 239 1 239 323 407 169 407 407 239 85 337 85 323 407 1 407 407 85 253 85 407 1 337 1 253 253 254 85 1 407 169 323 407 86 85 169 
c [Incremental] Max used label: 407.
c [Incremental] Label 407 is removed from searching.
c [Incremental] Solving for max label = 406:
c [Incremental] Solving duration: 1020 ms.
s [Incremental] SAT (label = 406).
c [Incremental] Label assignment: 1 1 1 238 1 1 322 238 154 1 1 1 406 85 1 238 154 1 85 85 1 85 406 322 406 406 238 1 322 1 322 1 1 85 1 1 1 85 1 406 322 1 1 1 1 1 1 1 1 85 406 1 85 406 85 85 1 85 85 85 1 169 70 1 406 1 85 1 85 406 406 1 85 1 1 1 406 85 85 1 238 1 85 1 85 85 1 1 85 85 85 85 169 85 1 85 1 322 1 1 85 406 238 85 169 1 169 322 406 85 85 406 154 85 1 1 169 1 154 85 1 85 169 85 154 70 1 85 1 169 85 169 169 406 169 1 169 1 238 169 85 238 406 169 1 169 85 253 85 322 1 322 406 322 85 406 154 322 85 1 85 238 154 1 253 85 1 85 169 253 1 322 169 85 238 406 169 169 1 85 85 169 2 85 169 253 1 253 1 85 85 238 85 238 1 238 85 169 238 169 85 253 169 322 253 406 253 85 169 406 253 169 322 1 169 254 85 406 238 1 322 85 322 1 253 1 70 169 85 85 1 1 406 1 406 406 85 253 85 85 169 406 169 85 406 169 85 253 169 85 169 85 253 170 2 1 85 238 406 253 406 254 238 322 85 1 1 253 253 85 169 406 70 406 169 253 322 169 322 169 253 169 85 169 170 85 169 1 338 1 1 1 85 406 322 322 253 406 2 253 253 169 337 1 169 85 406 70 253 169 169 1 322 406 337 85 322 406 1 85 1 253 1 169 85 253 85 406 85 406 406 322 154 154 154 406 253 254 253 85 253 169 322 322 169 253 322 406 322 169 1 406 85 1 253 1 253 86 253 406 322 85 322 322 169 337 406 85 322 406 253 406 238 85 338 1 1 253 406 322 169 169 170 1 238 85 1 169 253 406 169 85 169 86 406 406 253 238 169 1 85 406 406 1 169 253 169 154 406 169 1 337 1 169 169 322 406 253 169 337 238 406 169 337 253 1 169 406 253 406 85 337 406 337 254 406 85 322 253 337 238 1 337 406 322 253 253 406 238 322 1 322 406 337 1 337 85 337 169 253 337 170 406 322 253 406 169 406 322 1 253 406 322 85 169 169 406 337 169 85 254 406 253 406 406 238 169 253 169 154 253 85 322 1 1 169 322 238 253 322 406 1 1 338 169 169 406 85 170 85 406 253 1 406 406 85 406 169 1 406 406 86 322 169 253 406 170 253 169 85 322 253 169 253 170 85 322 253 406 1 1 322 322 169 322 406 169 406 238 322 253 253 238 1 169 169 238 1 238 322 406 169 406 406 238 85 337 85 322 406 1 406 406 85 253 85 406 1 337 1 253 253 254 85 1 406 169 322 406 86 85 169 
c [Incremental] Max used label: 406.
c [Incremental] Label 406 is removed from searching.
c [Incremental] Solving for max label = 405:
c [Incremental] Solving duration: 989 ms.
s [Incremental] SAT (label = 405).
c [Incremental] Label assignment: 1 1 1 237 1 1 321 237 153 1 1 1 405 85 1 237 153 1 85 85 1 85 405 321 405 405 237 1 321 1 321 1 1 85 1 1 1 85 1 405 321 1 1 1 1 1 1 1 1 85 405 1 85 405 85 85 1 85 85 85 1 169 69 1 405 1 85 1 85 405 405 1 85 1 1 1 405 85 85 1 237 1 85 1 85 85 1 1 85 85 85 85 169 85 1 85 1 321 1 1 85 405 237 85 169 1 169 321 405 85 85 405 153 85 1 1 169 1 153 85 1 85 169 85 153 69 1 85 1 169 85 169 169 405 169 1 169 1 237 169 85 237 405 169 1 169 85 253 85 321 1 321 405 321 85 405 153 321 85 1 85 237 153 1 253 85 1 85 169 253 1 321 169 85 237 405 169 169 1 85 85 169 2 85 169 253 1 253 1 85 85 237 85 237 1 237 85 169 237 169 85 253 169 321 253 405 253 85 169 405 253 169 321 1 169 254 85 405 237 1 321 85 321 1 253 1 69 169 85 85 1 1 405 1 405 405 85 253 85 85 169 405 169 85 405 169 85 253 169 85 169 85 253 170 2 1 85 237 405 253 405 254 237 321 85 1 1 253 253 85 169 405 69 405 169 253 321 169 321 169 253 169 85 169 170 85 169 1 338 1 1 1 85 405 321 321 253 405 2 253 253 169 337 1 169 85 405 69 253 169 169 1 321 405 337 85 321 405 1 85 1 253 1 169 85 253 85 405 85 405 405 321 153 153 153 405 253 254 253 85 253 169 321 321 169 253 321 405 321 169 1 405 85 1 253 1 253 86 253 405 321 85 321 321 169 337 405 85 321 405 253 405 237 85 338 1 1 253 405 321 169 169 170 1 237 85 1 169 253 405 169 85 169 86 405 405 253 237 169 1 85 405 405 1 169 253 169 153 405 169 1 337 1 169 169 321 405 253 169 337 237 405 169 337 253 1 169 405 253 405 85 337 405 337 254 405 85 321 253 337 237 1 337 405 321 253 253 405 237 321 1 321 405 337 1 337 85 337 169 253 337 170 405 321 253 405 169 405 321 1 253 405 321 85 169 169 405 337 169 85 254 405 253 405 405 237 169 253 169 153 253 85 321 1 1 169 321 237 253 321 405 1 1 338 169 169 405 85 170 85 405 253 1 405 405 85 405 169 1 405 405 86 321 169 253 405 170 253 169 85 321 253 169 253 170 85 321 253 405 1 1 321 321 169 321 405 169 405 237 321 253 253 237 1 169 169 237 1 237 321 405 169 405 405 237 85 337 85 321 405 1 405 405 85 253 85 405 1 337 1 253 253 254 85 1 405 169 321 405 86 85 169 
c [Incremental] Max used label: 405.
c [Incremental] Label 405 is removed from searching.
c [Incremental] Solving for max label = 404:
c [Incremental] Solving duration: 966 ms.
s [Incremental] SAT (label = 404).
c [Incremental] Label assignment: 1 1 1 236 1 1 320 236 152 1 1 1 404 85 1 236 152 1 85 85 1 85 404 320 404 404 236 1 320 1 320 1 1 85 1 1 1 85 1 404 320 1 1 1 1 1 1 1 1 85 404 1 85 404 85 85 1 85 85 85 1 169 68 1 404 1 85 1 85 404 404 1 85 1 1 1 404 85 85 1 236 1 85 1 85 85 1 1 85 85 85 85 169 85 1 85 1 320 1 1 85 404 236 85 169 1 169 320 404 85 85 404 152 85 1 1 169 1 152 85 1 85 169 85 152 68 1 85 1 169 85 169 169 404 169 1 169 1 236 169 85 236 404 169 1 169 85 253 85 320 1 320 404 320 85 404 152 320 85 1 85 236 152 1 253 85 1 85 169 253 1 320 169 85 236 404 169 169 1 85 85 169 2 85 169 253 1 253 1 85 85 236 85 236 1 236 85 169 236 169 85 253 169 320 253 404 253 85 169 404 253 169 320 1 169 254 85 404 236 1 320 85 320 1 253 1 68 169 85 85 1 1 404 1 404 404 85 253 85 85 169 404 169 85 404 169 85 253 169 85 169 85 253 170 2 1 85 236 404 253 404 254 236 320 85 1 1 253 253 85 169 404 68 404 169 253 320 169 320 169 253 169 85 169 170 85 169 1 338 1 1 1 85 404 320 320 253 404 2 253 253 169 337 1 169 85 404 68 253 169 169 1 320 404 337 85 320 404 1 85 1 253 1 169 85 253 85 404 85 404 404 320 152 152 152 404 253 254 253 85 253 169 320 320 169 253 320 404 320 169 1 404 85 1 253 1 253 86 253 404 320 85 320 320 169 337 404 85 320 404 253 404 236 85 338 1 1 253 404 320 169 169 170 1 236 85 1 169 253 404 169 85 169 86 404 404 253 236 169 1 85 404 404 1 169 253 169 152 404 169 1 337 1 169 169 320 404 253 169 337 236 404 169 337 253 1 169 404 253 404 85 337 404 337 254 404 85 320 253 337 236 1 337 404 320 253 253 404 236 320 1 320 404 337 1 337 85 337 169 253 337 170 404 320 253 404 169 404 320 1 253 404 320 85 169 169 404 337 169 85 254 404 253 404 404 236 169 253 169 152 253 85 320 1 1 169 320 236 253 320 404 1 1 338 169 169 404 85 170 85 404 253 1 404 404 85 404 169 1 404 404 86 320 169 253 404 170 253 169 85 320 253 169 253 170 85 320 253 404 1 1 320 320 169 320 404 169 404 236 320 253 253 236 1 169 169 236 1 236 320 404 169 404 404 236 85 337 85 320 404 1 404 404 85 253 85 404 1 337 1 253 253 254 85 1 404 169 320 404 86 85 169 
c [Incremental] Max used label: 404.
c [Incremental] Label 404 is removed from searching.
c [Incremental] Solving for max label = 403:
c [Incremental] Solving duration: 1004 ms.
s [Incremental] SAT (label = 403).
c [Incremental] Label assignment: 1 1 1 235 1 1 319 235 151 1 1 1 403 85 1 235 151 1 85 85 1 85 403 319 403 403 235 1 319 1 319 1 1 85 1 1 1 85 1 403 319 1 1 1 1 1 1 1 1 85 403 1 85 403 85 85 1 85 85 85 1 169 67 1 403 1 85 1 85 403 403 1 85 1 1 1 403 85 85 1 235 1 85 1 85 85 1 1 85 85 85 85 169 85 1 85 1 319 1 1 85 403 235 85 169 1 169 319 403 85 85 403 151 85 1 1 169 1 151 85 1 85 169 85 151 67 1 85 1 169 85 169 169 403 169 1 169 1 235 169 85 235 403 169 1 169 85 253 85 319 1 319 403 319 85 403 151 319 85 1 85 235 151 1 253 85 1 85 169 253 1 319 169 85 235 403 169 169 1 85 85 169 2 85 169 253 1 253 1 85 85 235 85 235 1 235 85 169 235 169 85 253 169 319 253 403 253 85 169 403 253 169 319 1 169 254 85 403 235 1 319 85 319 1 253 1 67 169 85 85 1 1 403 1 403 403 85 253 85 85 169 403 169 85 403 169 85 253 169 85 169 85 253 170 2 1 85 235 403 253 403 254 235 319 85 1 1 253 253 85 169 403 67 403 169 253 319 169 319 169 253 169 85 169 170 85 169 1 338 1 1 1 85 403 319 319 253 403 2 253 253 169 337 1 169 85 403 67 253 169 169 1 319 403 337 85 319 403 1 85 1 253 1 169 85 253 85 403 85 403 403 319 151 151 151 403 253 254 253 85 253 169 319 319 169 253 319 403 319 169 1 403 85 1 253 1 253 86 253 403 319 85 319 319 169 337 403 85 319 403 253 403 235 85 338 1 1 253 403 319 169 169 170 1 235 85 1 169 253 403 169 85 169 86 403 403 253 235 169 1 85 403 403 1 169 253 169 151 403 169 1 337 1 169 169 319 403 253 169 337 235 403 169 337 253 1 169 403 253 403 85 337 403 337 254 403 85 319 253 337 235 1 337 403 319 253 253 403 235 319 1 319 403 337 1 337 85 337 169 253 337 170 403 319 253 403 169 403 319 1 253 403 319 85 169 169 403 337 169 85 254 403 253 403 403 235 169 253 169 151 253 85 319 1 1 169 319 235 253 319 403 1 1 338 169 169 403 85 170 85 403 253 1 403 403 85 403 169 1 403 403 86 319 169 253 403 170 253 169 85 319 253 169 253 170 85 319 253 403 1 1 319 319 169 319 403 169 403 235 319 253 253 235 1 169 169 235 1 235 319 403 169 403 403 235 85 337 85 319 403 1 403 403 85 253 85 403 1 337 1 253 253 254 85 1 403 169 319 403 86 85 169 
c [Incremental] Max used label: 403.
c [Incremental] Label 403 is removed from searching.
c [Incremental] Solving for max label = 402:
c [Incremental] Solving duration: 970 ms.
s [Incremental] SAT (label = 402).
c [Incremental] Label assignment: 1 1 1 234 1 1 318 234 150 1 1 1 402 85 1 234 150 1 85 85 1 85 402 318 402 402 234 1 318 1 318 1 1 85 1 1 1 85 1 402 318 1 1 1 1 1 1 1 1 85 402 1 85 402 85 85 1 85 85 85 1 169 66 1 402 1 85 1 85 402 402 1 85 1 1 1 402 85 85 1 234 1 85 1 85 85 1 1 85 85 85 85 169 85 1 85 1 318 1 1 85 402 234 85 169 1 169 318 402 85 85 402 150 85 1 1 169 1 150 85 1 85 169 85 150 66 1 85 1 169 85 169 169 402 169 1 169 1 234 169 85 234 402 169 1 169 85 253 85 318 1 318 402 318 85 402 150 318 85 1 85 234 150 1 253 85 1 85 169 253 1 318 169 85 234 402 169 169 1 85 85 169 2 85 169 253 1 253 1 85 85 234 85 234 1 234 85 169 234 169 85 253 169 318 253 402 253 85 169 402 253 169 318 1 169 254 85 402 234 1 318 85 318 1 253 1 66 169 85 85 1 1 402 1 402 402 85 253 85 85 169 402 169 85 402 169 85 253 169 85 169 85 253 170 2 1 85 234 402 253 402 254 234 318 85 1 1 253 253 85 169 402 66 402 169 253 318 169 318 169 253 169 85 169 170 85 169 1 338 1 1 1 85 402 318 318 253 402 2 253 253 169 337 1 169 85 402 66 253 169 169 1 318 402 337 85 318 402 1 85 1 253 1 169 85 253 85 402 85 402 402 318 150 150 150 402 253 254 253 85 253 169 318 318 169 253 318 402 318 169 1 402 85 1 253 1 253 86 253 402 318 85 318 318 169 337 402 85 318 402 253 402 234 85 338 1 1 253 402 318 169 169 170 1 234 85 1 169 253 402 169 85 169 86 402 402 253 234 169 1 85 402 402 1 169 253 169 150 402 169 1 337 1 169 169 318 402 253 169 337 234 402 169 337 253 1 169 402 253 402 85 337 402 337 254 402 85 318 253 337 234 1 337 402 318 253 253 402 234 318 1 318 402 337 1 337 85 337 169 253 337 170 402 318 253 402 169 402 318 1 253 402 318 85 169 169 402 337 169 85 254 402 253 402 402 234 169 253 169 150 253 85 318 1 1 169 318 234 253 318 402 1 1 338 169 169 402 85 170 85 402 253 1 402 402 85 402 169 1 402 402 86 318 169 253 402 170 253 169 85 318 253 169 253 170 85 318 253 402 1 1 318 318 169 318 402 169 402 234 318 253 253 234 1 169 169 234 1 234 318 402 169 402 402 234 85 337 85 318 402 1 402 402 85 253 85 402 1 337 1 253 253 254 85 1 402 169 318 402 86 85 169 
c [Incremental] Max used label: 402.
c [Incremental] Label 402 is removed from searching.
c [Incremental] Solving for max label = 401:
c [Incremental] Solving duration: 990 ms.
s [Incremental] SAT (label = 401).
c [Incremental] Label assignment: 1 1 1 233 1 1 317 233 149 1 1 1 401 85 1 233 149 1 85 85 1 85 401 317 401 401 233 1 317 1 317 1 1 85 1 1 1 85 1 401 317 1 1 1 1 1 1 1 1 85 401 1 85 401 85 85 1 85 85 85 1 169 65 1 401 1 85 1 85 401 401 1 85 1 1 1 401 85 85 1 233 1 85 1 85 85 1 1 85 85 85 85 169 85 1 85 1 317 1 1 85 401 233 85 169 1 169 317 401 85 85 401 149 85 1 1 169 1 149 85 1 85 169 85 149 65 1 85 1 169 85 169 169 401 169 1 169 1 233 169 85 233 401 169 1 169 85 253 85 317 1 317 401 317 85 401 149 317 85 1 85 233 149 1 253 85 1 85 169 253 1 317 169 85 233 401 169 169 1 85 85 169 2 85 169 253 1 253 1 85 85 233 85 233 1 233 85 169 233 169 85 253 169 317 253 401 253 85 169 401 253 169 317 1 169 254 85 401 233 1 317 85 317 1 253 1 65 169 85 85 1 1 401 1 401 401 85 253 85 85 169 401 169 85 401 169 85 253 169 85 169 85 253 170 2 1 85 233 401 253 401 254 233 317 85 1 1 253 253 85 169 401 65 401 169 253 317 169 317 169 253 169 85 169 170 85 169 1 338 1 1 1 85 401 317 317 253 401 2 253 253 169 337 1 169 85 401 65 253 169 169 1 317 401 337 85 317 401 1 85 1 253 1 169 85 253 85 401 85 401 401 317 149 149 149 401 253 254 253 85 253 169 317 317 169 253 317 401 317 169 1 401 85 1 253 1 253 86 253 401 317 85 317 317 169 337 401 85 317 401 253 401 233 85 338 1 1 253 401 317 169 169 170 1 233 85 1 169 253 401 169 85 169 86 401 401 253 233 169 1 85 401 401 1 169 253 169 149 401 169 1 337 1 169 169 317 401 253 169 337 233 401 169 337 253 1 169 401 253 401 85 337 401 337 254 401 85 317 253 337 233 1 337 401 317 253 253 401 233 317 1 317 401 337 1 337 85 337 169 253 337 170 401 317 253 401 169 401 317 1 253 401 317 85 169 169 401 337 169 85 254 401 253 401 401 233 169 253 169 149 253 85 317 1 1 169 317 233 253 317 401 1 1 338 169 169 401 85 170 85 401 253 1 401 401 85 401 169 1 401 401 86 317 169 253 401 170 253 169 85 317 253 169 253 170 85 317 253 401 1 1 317 317 169 317 401 169 401 233 317 253 253 233 1 169 169 233 1 233 317 401 169 401 401 233 85 337 85 317 401 1 401 401 85 253 85 401 1 337 1 253 253 254 85 1 401 169 317 401 86 85 169 
c [Incremental] Max used label: 401.
c [Incremental] Label 401 is removed from searching.
c [Incremental] Solving for max label = 400:
c [Incremental] Solving duration: 971 ms.
s [Incremental] SAT (label = 400).
c [Incremental] Label assignment: 1 1 1 232 1 1 316 232 148 1 1 1 400 85 1 232 148 1 85 85 1 85 400 316 400 400 232 1 316 1 316 1 1 85 1 1 1 85 1 400 316 1 1 1 1 1 1 1 1 85 400 1 85 400 85 85 1 85 85 85 1 169 64 1 400 1 85 1 85 400 400 1 85 1 1 1 400 85 85 1 232 1 85 1 85 85 1 1 85 85 85 85 169 85 1 85 1 316 1 1 85 400 232 85 169 1 169 316 400 85 85 400 148 85 1 1 169 1 148 85 1 85 169 85 148 64 1 85 1 169 85 169 169 400 169 1 169 1 232 169 85 232 400 169 1 169 85 253 85 316 1 316 400 316 85 400 148 316 85 1 85 232 148 1 253 85 1 85 169 253 1 316 169 85 232 400 169 169 1 85 85 169 2 85 169 253 1 253 1 85 85 232 85 232 1 232 85 169 232 169 85 253 169 316 253 400 253 85 169 400 253 169 316 1 169 254 85 400 232 1 316 85 316 1 253 1 64 169 85 85 1 1 400 1 400 400 85 253 85 85 169 400 169 85 400 169 85 253 169 85 169 85 253 170 2 1 85 232 400 253 400 254 232 316 85 1 1 253 253 85 169 400 64 400 169 253 316 169 316 169 253 169 85 169 170 85 169 1 338 1 1 1 85 400 316 316 253 400 2 253 253 169 337 1 169 85 400 64 253 169 169 1 316 400 337 85 316 400 1 85 1 253 1 169 85 253 85 400 85 400 400 316 148 148 148 400 253 254 253 85 253 169 316 316 169 253 316 400 316 169 1 400 85 1 253 1 253 86 253 400 316 85 316 316 169 337 400 85 316 400 253 400 232 85 338 1 1 253 400 316 169 169 170 1 232 85 1 169 253 400 169 85 169 86 400 400 253 232 169 1 85 400 400 1 169 253 169 148 400 169 1 337 1 169 169 316 400 253 169 337 232 400 169 337 253 1 169 400 253 400 85 337 400 337 254 400 85 316 253 337 232 1 337 400 316 253 253 400 232 316 1 316 400 337 1 337 85 337 169 253 337 170 400 316 253 400 169 400 316 1 253 400 316 85 169 169 400 337 169 85 254 400 253 400 400 232 169 253 169 148 253 85 316 1 1 169 316 232 253 316 400 1 1 338 169 169 400 85 170 85 400 253 1 400 400 85 400 169 1 400 400 86 316 169 253 400 170 253 169 85 316 253 169 253 170 85 316 253 400 1 1 316 316 169 316 400 169 400 232 316 253 253 232 1 169 169 232 1 232 316 400 169 400 400 232 85 337 85 316 400 1 400 400 85 253 85 400 1 337 1 253 253 254 85 1 400 169 316 400 86 85 169 
c [Incremental] Max used label: 400.
c [Incremental] Label 400 is removed from searching.
c [Incremental] Solving for max label = 399:
c [Incremental] Solving duration: 967 ms.
s [Incremental] SAT (label = 399).
c [Incremental] Label assignment: 1 1 1 231 1 1 315 231 147 1 1 1 399 85 1 231 147 1 85 85 1 85 399 315 399 399 231 1 315 1 315 1 1 85 1 1 1 85 1 399 315 1 1 1 1 1 1 1 1 85 399 1 85 399 85 85 1 85 85 85 1 169 63 1 399 1 85 1 85 399 399 1 85 1 1 1 399 85 85 1 231 1 85 1 85 85 1 1 85 85 85 85 169 85 1 85 1 315 1 1 85 399 231 85 169 1 169 315 399 85 85 399 147 85 1 1 169 1 147 85 1 85 169 85 147 63 1 85 1 169 85 169 169 399 169 1 169 1 231 169 85 231 399 169 1 169 85 253 85 315 1 315 399 315 85 399 147 315 85 1 85 231 147 1 253 85 1 85 169 253 1 315 169 85 231 399 169 169 1 85 85 169 2 85 169 253 1 253 1 85 85 231 85 231 1 231 85 169 231 169 85 253 169 315 253 399 253 85 169 399 253 169 315 1 169 254 85 399 231 1 315 85 315 1 253 1 63 169 85 85 1 1 399 1 399 399 85 253 85 85 169 399 169 85 399 169 85 253 169 85 169 85 253 170 2 1 85 231 399 253 399 254 231 315 85 1 1 253 253 85 169 399 63 399 169 253 315 169 315 169 253 169 85 169 170 85 169 1 338 1 1 1 85 399 315 315 253 399 2 253 253 169 337 1 169 85 399 63 253 169 169 1 315 399 337 85 315 399 1 85 1 253 1 169 85 253 85 399 85 399 399 315 147 147 147 399 253 254 253 85 253 169 315 315 169 253 315 399 315 169 1 399 85 1 253 1 253 86 253 399 315 85 315 315 169 337 399 85 315 399 253 399 231 85 338 1 1 253 399 315 169 169 170 1 231 85 1 169 253 399 169 85 169 86 399 399 253 231 169 1 85 399 399 1 169 253 169 147 399 169 1 337 1 169 169 315 399 253 169 337 231 399 169 337 253 1 169 399 253 399 85 337 399 337 254 399 85 315 253 337 231 1 337 399 315 253 253 399 231 315 1 315 399 337 1 337 85 337 169 253 337 170 399 315 253 399 169 399 315 1 253 399 315 85 169 169 399 337 169 85 254 399 253 399 399 231 169 253 169 147 253 85 315 1 1 169 315 231 253 315 399 1 1 338 169 169 399 85 170 85 399 253 1 399 399 85 399 169 1 399 399 86 315 169 253 399 170 253 169 85 315 253 169 253 170 85 315 253 399 1 1 315 315 169 315 399 169 399 231 315 253 253 231 1 169 169 231 1 231 315 399 169 399 399 231 85 337 85 315 399 1 399 399 85 253 85 399 1 337 1 253 253 254 85 1 399 169 315 399 86 85 169 
c [Incremental] Max used label: 399.
c [Incremental] Label 399 is removed from searching.
c [Incremental] Solving for max label = 398:
c [Incremental] Solving duration: 952 ms.
s [Incremental] SAT (label = 398).
c [Incremental] Label assignment: 1 1 1 230 1 1 314 230 146 1 1 1 398 85 1 230 146 1 85 85 1 85 398 314 398 398 230 1 314 1 314 1 1 85 1 1 1 85 1 398 314 1 1 1 1 1 1 1 1 85 398 1 85 398 85 85 1 85 85 85 1 169 62 1 398 1 85 1 85 398 398 1 85 1 1 1 398 85 85 1 230 1 85 1 85 85 1 1 85 85 85 85 169 85 1 85 1 314 1 1 85 398 230 85 169 1 169 314 398 85 85 398 146 85 1 1 169 1 146 85 1 85 169 85 146 62 1 85 1 169 85 169 169 398 169 1 169 1 230 169 85 230 398 169 1 169 85 253 85 314 1 314 398 314 85 398 146 314 85 1 85 230 146 1 253 85 1 85 169 253 1 314 169 85 230 398 169 169 1 85 85 169 2 85 169 253 1 253 1 85 85 230 85 230 1 230 85 169 230 169 85 253 169 314 253 398 253 85 169 398 253 169 314 1 169 254 85 398 230 1 314 85 314 1 253 1 62 169 85 85 1 1 398 1 398 398 85 253 85 85 169 398 169 85 398 169 85 253 169 85 169 85 253 170 2 1 85 230 398 253 398 254 230 314 85 1 1 253 253 85 169 398 62 398 169 253 314 169 314 169 253 169 85 169 170 85 169 1 338 1 1 1 85 398 314 314 253 398 2 253 253 169 337 1 169 85 398 62 253 169 169 1 314 398 337 85 314 398 1 85 1 253 1 169 85 253 85 398 85 398 398 314 146 146 146 398 253 254 253 85 253 169 314 314 169 253 314 398 314 169 1 398 85 1 253 1 253 86 253 398 314 85 314 314 169 337 398 85 314 398 253 398 230 85 338 1 1 253 398 314 169 169 170 1 230 85 1 169 253 398 169 85 169 86 398 398 253 230 169 1 85 398 398 1 169 253 169 146 398 169 1 337 1 169 169 314 398 253 169 337 230 398 169 337 253 1 169 398 253 398 85 337 398 337 254 398 85 314 253 337 230 1 337 398 314 253 253 398 230 314 1 314 398 337 1 337 85 337 169 253 337 170 398 314 253 398 169 398 314 1 253 398 314 85 169 169 398 337 169 85 254 398 253 398 398 230 169 253 169 146 253 85 314 1 1 169 314 230 253 314 398 1 1 338 169 169 398 85 170 85 398 253 1 398 398 85 398 169 1 398 398 86 314 169 253 398 170 253 169 85 314 253 169 253 170 85 314 253 398 1 1 314 314 169 314 398 169 398 230 314 253 253 230 1 169 169 230 1 230 314 398 169 398 398 230 85 337 85 314 398 1 398 398 85 253 85 398 1 337 1 253 253 254 85 1 398 169 314 398 86 85 169 
c [Incremental] Max used label: 398.
c [Incremental] Label 398 is removed from searching.
c [Incremental] Solving for max label = 397:
c [Incremental] Solving duration: 952 ms.
s [Incremental] SAT (label = 397).
c [Incremental] Label assignment: 1 1 1 229 1 1 313 229 145 1 1 1 397 85 1 229 145 1 85 85 1 85 397 313 397 397 229 1 313 1 313 1 1 85 1 1 1 85 1 397 313 1 1 1 1 1 1 1 1 85 397 1 85 397 85 85 1 85 85 85 1 169 61 1 397 1 85 1 85 397 397 1 85 1 1 1 397 85 85 1 229 1 85 1 85 85 1 1 85 85 85 85 169 85 1 85 1 313 1 1 85 397 229 85 169 1 169 313 397 85 85 397 145 85 1 1 169 1 145 85 1 85 169 85 145 61 1 85 1 169 85 169 169 397 169 1 169 1 229 169 85 229 397 169 1 169 85 253 85 313 1 313 397 313 85 397 145 313 85 1 85 229 145 1 253 85 1 85 169 253 1 313 169 85 229 397 169 169 1 85 85 169 2 85 169 253 1 253 1 85 85 229 85 229 1 229 85 169 229 169 85 253 169 313 253 397 253 85 169 397 253 169 313 1 169 254 85 397 229 1 313 85 313 1 253 1 61 169 85 85 1 1 397 1 397 397 85 253 85 85 169 397 169 85 397 169 85 253 169 85 169 85 253 170 2 1 85 229 397 253 397 254 229 313 85 1 1 253 253 85 169 397 61 397 169 253 313 169 313 169 253 169 85 169 170 85 169 1 338 1 1 1 85 397 313 313 253 397 2 253 253 169 337 1 169 85 397 61 253 169 169 1 313 397 337 85 313 397 1 85 1 253 1 169 85 253 85 397 85 397 397 313 145 145 145 397 253 254 253 85 253 169 313 313 169 253 313 397 313 169 1 397 85 1 253 1 253 86 253 397 313 85 313 313 169 337 397 85 313 397 253 397 229 85 338 1 1 253 397 313 169 169 170 1 229 85 1 169 253 397 169 85 169 86 397 397 253 229 169 1 85 397 397 1 169 253 169 145 397 169 1 337 1 169 169 313 397 253 169 337 229 397 169 337 253 1 169 397 253 397 85 337 397 337 254 397 85 313 253 337 229 1 337 397 313 253 253 397 229 313 1 313 397 337 1 337 85 337 169 253 337 170 397 313 253 397 169 397 313 1 253 397 313 85 169 169 397 337 169 85 254 397 253 397 397 229 169 253 169 145 253 85 313 1 1 169 313 229 253 313 397 1 1 338 169 169 397 85 170 85 397 253 1 397 397 85 397 169 1 397 397 86 313 169 253 397 170 253 169 85 313 253 169 253 170 85 313 253 397 1 1 313 313 169 313 397 169 397 229 313 253 253 229 1 169 169 229 1 229 313 397 169 397 397 229 85 337 85 313 397 1 397 397 85 253 85 397 1 337 1 253 253 254 85 1 397 169 313 397 86 85 169 
c [Incremental] Max used label: 397.
c [Incremental] Label 397 is removed from searching.
c [Incremental] Solving for max label = 396:
c [Incremental] Solving duration: 964 ms.
s [Incremental] SAT (label = 396).
c [Incremental] Label assignment: 1 1 1 228 1 1 312 228 144 1 1 1 396 85 1 228 144 1 85 85 1 85 396 312 396 396 228 1 312 1 312 1 1 85 1 1 1 85 1 396 312 1 1 1 1 1 1 1 1 85 396 1 85 396 85 85 1 85 85 85 1 169 60 1 396 1 85 1 85 396 396 1 85 1 1 1 396 85 85 1 228 1 85 1 85 85 1 1 85 85 85 85 169 85 1 85 1 312 1 1 85 396 228 85 169 1 169 312 396 85 85 396 144 85 1 1 169 1 144 85 1 85 169 85 144 60 1 85 1 169 85 169 169 396 169 1 169 1 228 169 85 228 396 169 1 169 85 253 85 312 1 312 396 312 85 396 144 312 85 1 85 228 144 1 253 85 1 85 169 253 1 312 169 85 228 396 169 169 1 85 85 169 2 85 169 253 1 253 1 85 85 228 85 228 1 228 85 169 228 169 85 253 169 312 253 396 253 85 169 396 253 169 312 1 169 254 85 396 228 1 312 85 312 1 253 1 60 169 85 85 1 1 396 1 396 396 85 253 85 85 169 396 169 85 396 169 85 253 169 85 169 85 253 170 2 1 85 228 396 253 396 254 228 312 85 1 1 253 253 85 169 396 60 396 169 253 312 169 312 169 253 169 85 169 170 85 169 1 338 1 1 1 85 396 312 312 253 396 2 253 253 169 337 1 169 85 396 60 253 169 169 1 312 396 337 85 312 396 1 85 1 253 1 169 85 253 85 396 85 396 396 312 144 144 144 396 253 254 253 85 253 169 312 312 169 253 312 396 312 169 1 396 85 1 253 1 253 86 253 396 312 85 312 312 169 337 396 85 312 396 253 396 228 85 338 1 1 253 396 312 169 169 170 1 228 85 1 169 253 396 169 85 169 86 396 396 253 228 169 1 85 396 396 1 169 253 169 144 396 169 1 337 1 169 169 312 396 253 169 337 228 396 169 337 253 1 169 396 253 396 85 337 396 337 254 396 85 312 253 337 228 1 337 396 312 253 253 396 228 312 1 312 396 337 1 337 85 337 169 253 337 170 396 312 253 396 169 396 312 1 253 396 312 85 169 169 396 337 169 85 254 396 253 396 396 228 169 253 169 144 253 85 312 1 1 169 312 228 253 312 396 1 1 338 169 169 396 85 170 85 396 253 1 396 396 85 396 169 1 396 396 86 312 169 253 396 170 253 169 85 312 253 169 253 170 85 312 253 396 1 1 312 312 169 312 396 169 396 228 312 253 253 228 1 169 169 228 1 228 312 396 169 396 396 228 85 337 85 312 396 1 396 396 85 253 85 396 1 337 1 253 253 254 85 1 396 169 312 396 86 85 169 
c [Incremental] Max used label: 396.
c [Incremental] Label 396 is removed from searching.
c [Incremental] Solving for max label = 395:
c [Incremental] Solving duration: 986 ms.
s [Incremental] SAT (label = 395).
c [Incremental] Label assignment: 1 1 1 227 1 1 311 227 143 1 1 1 395 85 1 227 143 1 85 85 1 85 395 311 395 395 227 1 311 1 311 1 1 85 1 1 1 85 1 395 311 1 1 1 1 1 1 1 1 85 395 1 85 395 85 85 1 85 85 85 1 169 59 1 395 1 85 1 85 395 395 1 85 1 1 1 395 85 85 1 227 1 85 1 85 85 1 1 85 85 85 85 169 85 1 85 1 311 1 1 85 395 227 85 169 1 169 311 395 85 85 395 143 85 1 1 169 1 143 85 1 85 169 85 143 59 1 85 1 169 85 169 169 395 169 1 169 1 227 169 85 227 395 169 1 169 85 253 85 311 1 311 395 311 85 395 143 311 85 1 85 227 143 1 253 85 1 85 169 253 1 311 169 85 227 395 169 169 1 85 85 169 2 85 169 253 1 253 1 85 85 227 85 227 1 227 85 169 227 169 85 253 169 311 253 395 253 85 169 395 253 169 311 1 169 254 85 395 227 1 311 85 311 1 253 1 59 169 85 85 1 1 395 1 395 395 85 253 85 85 169 395 169 85 395 169 85 253 169 85 169 85 253 170 2 1 85 227 395 253 395 254 227 311 85 1 1 253 253 85 169 395 59 395 169 253 311 169 311 169 253 169 85 169 170 85 169 1 338 1 1 1 85 395 311 311 253 395 2 253 253 169 337 1 169 85 395 59 253 169 169 1 311 395 337 85 311 395 1 85 1 253 1 169 85 253 85 395 85 395 395 311 143 143 143 395 253 254 253 85 253 169 311 311 169 253 311 395 311 169 1 395 85 1 253 1 253 86 253 395 311 85 311 311 169 337 395 85 311 395 253 395 227 85 338 1 1 253 395 311 169 169 170 1 227 85 1 169 253 395 169 85 169 86 395 395 253 227 169 1 85 395 395 1 169 253 169 143 395 169 1 337 1 169 169 311 395 253 169 337 227 395 169 337 253 1 169 395 253 395 85 337 395 337 254 395 85 311 253 337 227 1 337 395 311 253 253 395 227 311 1 311 395 337 1 337 85 337 169 253 337 170 395 311 253 395 169 395 311 1 253 395 311 85 169 169 395 337 169 85 254 395 253 395 395 227 169 253 169 143 253 85 311 1 1 169 311 227 253 311 395 1 1 338 169 169 395 85 170 85 395 253 1 395 395 85 395 169 1 395 395 86 311 169 253 395 170 253 169 85 311 253 169 253 170 85 311 253 395 1 1 311 311 169 311 395 169 395 227 311 253 253 227 1 169 169 227 1 227 311 395 169 395 395 227 85 337 85 311 395 1 395 395 85 253 85 395 1 337 1 253 253 254 85 1 395 169 311 395 86 85 169 
c [Incremental] Max used label: 395.
c [Incremental] Label 395 is removed from searching.
c [Incremental] Solving for max label = 394:
c [Incremental] Solving duration: 984 ms.
s [Incremental] SAT (label = 394).
c [Incremental] Label assignment: 1 1 1 226 1 1 310 226 142 1 1 1 394 85 1 226 142 1 85 85 1 85 394 310 394 394 226 1 310 1 310 1 1 85 1 1 1 85 1 394 310 1 1 1 1 1 1 1 1 85 394 1 85 394 85 85 1 85 85 85 1 169 58 1 394 1 85 1 85 394 394 1 85 1 1 1 394 85 85 1 226 1 85 1 85 85 1 1 85 85 85 85 169 85 1 85 1 310 1 1 85 394 226 85 169 1 169 310 394 85 85 394 142 85 1 1 169 1 142 85 1 85 169 85 142 58 1 85 1 169 85 169 169 394 169 1 169 1 226 169 85 226 394 169 1 169 85 253 85 310 1 310 394 310 85 394 142 310 85 1 85 226 142 1 253 85 1 85 169 253 1 310 169 85 226 394 169 169 1 85 85 169 2 85 169 253 1 253 1 85 85 226 85 226 1 226 85 169 226 169 85 253 169 310 253 394 253 85 169 394 253 169 310 1 169 254 85 394 226 1 310 85 310 1 253 1 58 169 85 85 1 1 394 1 394 394 85 253 85 85 169 394 169 85 394 169 85 253 169 85 169 85 253 170 2 1 85 226 394 253 394 254 226 310 85 1 1 253 253 85 169 394 58 394 169 253 310 169 310 169 253 169 85 169 170 85 169 1 338 1 1 1 85 394 310 310 253 394 2 253 253 169 337 1 169 85 394 58 253 169 169 1 310 394 337 85 310 394 1 85 1 253 1 169 85 253 85 394 85 394 394 310 142 142 142 394 253 254 253 85 253 169 310 310 169 253 310 394 310 169 1 394 85 1 253 1 253 86 253 394 310 85 310 310 169 337 394 85 310 394 253 394 226 85 338 1 1 253 394 310 169 169 170 1 226 85 1 169 253 394 169 85 169 86 394 394 253 226 169 1 85 394 394 1 169 253 169 142 394 169 1 337 1 169 169 310 394 253 169 337 226 394 169 337 253 1 169 394 253 394 85 337 394 337 254 394 85 310 253 337 226 1 337 394 310 253 253 394 226 310 1 310 394 337 1 337 85 337 169 253 337 170 394 310 253 394 169 394 310 1 253 394 310 85 169 169 394 337 169 85 254 394 253 394 394 226 169 253 169 142 253 85 310 1 1 169 310 226 253 310 394 1 1 338 169 169 394 85 170 85 394 253 1 394 394 85 394 169 1 394 394 86 310 169 253 394 170 253 169 85 310 253 169 253 170 85 310 253 394 1 1 310 310 169 310 394 169 394 226 310 253 253 226 1 169 169 226 1 226 310 394 169 394 394 226 85 337 85 310 394 1 394 394 85 253 85 394 1 337 1 253 253 254 85 1 394 169 310 394 86 85 169 
c [Incremental] Max used label: 394.
c [Incremental] Label 394 is removed from searching.
c [Incremental] Solving for max label = 393:
c [Incremental] Solving duration: 982 ms.
s [Incremental] SAT (label = 393).
c [Incremental] Label assignment: 1 1 1 225 1 1 309 225 141 1 1 1 393 85 1 225 141 1 85 85 1 85 393 309 393 393 225 1 309 1 309 1 1 85 1 1 1 85 1 393 309 1 1 1 1 1 1 1 1 85 393 1 85 393 85 85 1 85 85 85 1 169 57 1 393 1 85 1 85 393 393 1 85 1 1 1 393 85 85 1 225 1 85 1 85 85 1 1 85 85 85 85 169 85 1 85 1 309 1 1 85 393 225 85 169 1 169 309 393 85 85 393 141 85 1 1 169 1 141 85 1 85 169 85 141 57 1 85 1 169 85 169 169 393 169 1 169 1 225 169 85 225 393 169 1 169 85 253 85 309 1 309 393 309 85 393 141 309 85 1 85 225 141 1 253 85 1 85 169 253 1 309 169 85 225 393 169 169 1 85 85 169 2 85 169 253 1 253 1 85 85 225 85 225 1 225 85 169 225 169 85 253 169 309 253 393 253 85 169 393 253 169 309 1 169 254 85 393 225 1 309 85 309 1 253 1 57 169 85 85 1 1 393 1 393 393 85 253 85 85 169 393 169 85 393 169 85 253 169 85 169 85 253 170 2 1 85 225 393 253 393 254 225 309 85 1 1 253 253 85 169 393 57 393 169 253 309 169 309 169 253 169 85 169 170 85 169 1 338 1 1 1 85 393 309 309 253 393 2 253 253 169 337 1 169 85 393 57 253 169 169 1 309 393 337 85 309 393 1 85 1 253 1 169 85 253 85 393 85 393 393 309 141 141 141 393 253 254 253 85 253 169 309 309 169 253 309 393 309 169 1 393 85 1 253 1 253 86 253 393 309 85 309 309 169 337 393 85 309 393 253 393 225 85 338 1 1 253 393 309 169 169 170 1 225 85 1 169 253 393 169 85 169 86 393 393 253 225 169 1 85 393 393 1 169 253 169 141 393 169 1 337 1 169 169 309 393 253 169 337 225 393 169 337 253 1 169 393 253 393 85 337 393 337 254 393 85 309 253 337 225 1 337 393 309 253 253 393 225 309 1 309 393 337 1 337 85 337 169 253 337 170 393 309 253 393 169 393 309 1 253 393 309 85 169 169 393 337 169 85 254 393 253 393 393 225 169 253 169 141 253 85 309 1 1 169 309 225 253 309 393 1 1 338 169 169 393 85 170 85 393 253 1 393 393 85 393 169 1 393 393 86 309 169 253 393 170 253 169 85 309 253 169 253 170 85 309 253 393 1 1 309 309 169 309 393 169 393 225 309 253 253 225 1 169 169 225 1 225 309 393 169 393 393 225 85 337 85 309 393 1 393 393 85 253 85 393 1 337 1 253 253 254 85 1 393 169 309 393 86 85 169 
c [Incremental] Max used label: 393.
c [Incremental] Label 393 is removed from searching.
c [Incremental] Solving for max label = 392:
c [Incremental] Solving duration: 1001 ms.
s [Incremental] SAT (label = 392).
c [Incremental] Label assignment: 1 1 1 224 1 1 308 224 140 1 1 1 392 85 1 224 140 1 85 85 1 85 392 308 392 392 224 1 308 1 308 1 1 85 1 1 1 85 1 392 308 1 1 1 1 1 1 1 1 85 392 1 85 392 85 85 1 85 85 85 1 169 56 1 392 1 85 1 85 392 392 1 85 1 1 1 392 85 85 1 224 1 85 1 85 85 1 1 85 85 85 85 169 85 1 85 1 308 1 1 85 392 224 85 169 1 169 308 392 85 85 392 140 85 1 1 169 1 140 85 1 85 169 85 140 56 1 85 1 169 85 169 169 392 169 1 169 1 224 169 85 224 392 169 1 169 85 253 85 308 1 308 392 308 85 392 140 308 85 1 85 224 140 1 253 85 1 85 169 253 1 308 169 85 224 392 169 169 1 85 85 169 2 85 169 253 1 253 1 85 85 224 85 224 1 224 85 169 224 169 85 253 169 308 253 392 253 85 169 392 253 169 308 1 169 254 85 392 224 1 308 85 308 1 253 1 56 169 85 85 1 1 392 1 392 392 85 253 85 85 169 392 169 85 392 169 85 253 169 85 169 85 253 170 2 1 85 224 392 253 392 254 224 308 85 1 1 253 253 85 169 392 56 392 169 253 308 169 308 169 253 169 85 169 170 85 169 1 338 1 1 1 85 392 308 308 253 392 2 253 253 169 337 1 169 85 392 56 253 169 169 1 308 392 337 85 308 392 1 85 1 253 1 169 85 253 85 392 85 392 392 308 140 140 140 392 253 254 253 85 253 169 308 308 169 253 308 392 308 169 1 392 85 1 253 1 253 86 253 392 308 85 308 308 169 337 392 85 308 392 253 392 224 85 338 1 1 253 392 308 169 169 170 1 224 85 1 169 253 392 169 85 169 86 392 392 253 224 169 1 85 392 392 1 169 253 169 140 392 169 1 337 1 169 169 308 392 253 169 337 224 392 169 337 253 1 169 392 253 392 85 337 392 337 254 392 85 308 253 337 224 1 337 392 308 253 253 392 224 308 1 308 392 337 1 337 85 337 169 253 337 170 392 308 253 392 169 392 308 1 253 392 308 85 169 169 392 337 169 85 254 392 253 392 392 224 169 253 169 140 253 85 308 1 1 169 308 224 253 308 392 1 1 338 169 169 392 85 170 85 392 253 1 392 392 85 392 169 1 392 392 86 308 169 253 392 170 253 169 85 308 253 169 253 170 85 308 253 392 1 1 308 308 169 308 392 169 392 224 308 253 253 224 1 169 169 224 1 224 308 392 169 392 392 224 85 337 85 308 392 1 392 392 85 253 85 392 1 337 1 253 253 254 85 1 392 169 308 392 86 85 169 
c [Incremental] Max used label: 392.
c [Incremental] Label 392 is removed from searching.
c [Incremental] Solving for max label = 391:
c [Incremental] Solving duration: 971 ms.
s [Incremental] SAT (label = 391).
c [Incremental] Label assignment: 1 1 1 223 1 1 307 223 139 1 1 1 391 85 1 223 139 1 85 85 1 85 391 307 391 391 223 1 307 1 307 1 1 85 1 1 1 85 1 391 307 1 1 1 1 1 1 1 1 85 391 1 85 391 85 85 1 85 85 85 1 169 55 1 391 1 85 1 85 391 391 1 85 1 1 1 391 85 85 1 223 1 85 1 85 85 1 1 85 85 85 85 169 85 1 85 1 307 1 1 85 391 223 85 169 1 169 307 391 85 85 391 139 85 1 1 169 1 139 85 1 85 169 85 139 55 1 85 1 169 85 169 169 391 169 1 169 1 223 169 85 223 391 169 1 169 85 253 85 307 1 307 391 307 85 391 139 307 85 1 85 223 139 1 253 85 1 85 169 253 1 307 169 85 223 391 169 169 1 85 85 169 2 85 169 253 1 253 1 85 85 223 85 223 1 223 85 169 223 169 85 253 169 307 253 391 253 85 169 391 253 169 307 1 169 254 85 391 223 1 307 85 307 1 253 1 55 169 85 85 1 1 391 1 391 391 85 253 85 85 169 391 169 85 391 169 85 253 169 85 169 85 253 170 2 1 85 223 391 253 391 254 223 307 85 1 1 253 253 85 169 391 55 391 169 253 307 169 307 169 253 169 85 169 170 85 169 1 338 1 1 1 85 391 307 307 253 391 2 253 253 169 337 1 169 85 391 55 253 169 169 1 307 391 337 85 307 391 1 85 1 253 1 169 85 253 85 391 85 391 391 307 139 139 139 391 253 254 253 85 253 169 307 307 169 253 307 391 307 169 1 391 85 1 253 1 253 86 253 391 307 85 307 307 169 337 391 85 307 391 253 391 223 85 338 1 1 253 391 307 169 169 170 1 223 85 1 169 253 391 169 85 169 86 391 391 253 223 169 1 85 391 391 1 169 253 169 139 391 169 1 337 1 169 169 307 391 253 169 337 223 391 169 337 253 1 169 391 253 391 85 337 391 337 254 391 85 307 253 337 223 1 337 391 307 253 253 391 223 307 1 307 391 337 1 337 85 337 169 253 337 170 391 307 253 391 169 391 307 1 253 391 307 85 169 169 391 337 169 85 254 391 253 391 391 223 169 253 169 139 253 85 307 1 1 169 307 223 253 307 391 1 1 338 169 169 391 85 170 85 391 253 1 391 391 85 391 169 1 391 391 86 307 169 253 391 170 253 169 85 307 253 169 253 170 85 307 253 391 1 1 307 307 169 307 391 169 391 223 307 253 253 223 1 169 169 223 1 223 307 391 169 391 391 223 85 337 85 307 391 1 391 391 85 253 85 391 1 337 1 253 253 254 85 1 391 169 307 391 86 85 169 
c [Incremental] Max used label: 391.
c [Incremental] Label 391 is removed from searching.
c [Incremental] Solving for max label = 390:
c [Incremental] Solving duration: 961 ms.
s [Incremental] SAT (label = 390).
c [Incremental] Label assignment: 1 1 1 222 1 1 306 222 138 1 1 1 390 85 1 222 138 1 85 85 1 85 390 306 390 390 222 1 306 1 306 1 1 85 1 1 1 85 1 390 306 1 1 1 1 1 1 1 1 85 390 1 85 390 85 85 1 85 85 85 1 169 54 1 390 1 85 1 85 390 390 1 85 1 1 1 390 85 85 1 222 1 85 1 85 85 1 1 85 85 85 85 169 85 1 85 1 306 1 1 85 390 222 85 169 1 169 306 390 85 85 390 138 85 1 1 169 1 138 85 1 85 169 85 138 54 1 85 1 169 85 169 169 390 169 1 169 1 222 169 85 222 390 169 1 169 85 253 85 306 1 306 390 306 85 390 138 306 85 1 85 222 138 1 253 85 1 85 169 253 1 306 169 85 222 390 169 169 1 85 85 169 2 85 169 253 1 253 1 85 85 222 85 222 1 222 85 169 222 169 85 253 169 306 253 390 253 85 169 390 253 169 306 1 169 254 85 390 222 1 306 85 306 1 253 1 54 169 85 85 1 1 390 1 390 390 85 253 85 85 169 390 169 85 390 169 85 253 169 85 169 85 253 170 2 1 85 222 390 253 390 254 222 306 85 1 1 253 253 85 169 390 54 390 169 253 306 169 306 169 253 169 85 169 170 85 169 1 338 1 1 1 85 390 306 306 253 390 2 253 253 169 337 1 169 85 390 54 253 169 169 1 306 390 337 85 306 390 1 85 1 253 1 169 85 253 85 390 85 390 390 306 138 138 138 390 253 254 253 85 253 169 306 306 169 253 306 390 306 169 1 390 85 1 253 1 253 86 253 390 306 85 306 306 169 337 390 85 306 390 253 390 222 85 338 1 1 253 390 306 169 169 170 1 222 85 1 169 253 390 169 85 169 86 390 390 253 222 169 1 85 390 390 1 169 253 169 138 390 169 1 337 1 169 169 306 390 253 169 337 222 390 169 337 253 1 169 390 253 390 85 337 390 337 254 390 85 306 253 337 222 1 337 390 306 253 253 390 222 306 1 306 390 337 1 337 85 337 169 253 337 170 390 306 253 390 169 390 306 1 253 390 306 85 169 169 390 337 169 85 254 390 253 390 390 222 169 253 169 138 253 85 306 1 1 169 306 222 253 306 390 1 1 338 169 169 390 85 170 85 390 253 1 390 390 85 390 169 1 390 390 86 306 169 253 390 170 253 169 85 306 253 169 253 170 85 306 253 390 1 1 306 306 169 306 390 169 390 222 306 253 253 222 1 169 169 222 1 222 306 390 169 390 390 222 85 337 85 306 390 1 390 390 85 253 85 390 1 337 1 253 253 254 85 1 390 169 306 390 86 85 169 
c [Incremental] Max used label: 390.
c [Incremental] Label 390 is removed from searching.
c [Incremental] Solving for max label = 389:
c [Incremental] Solving duration: 957 ms.
s [Incremental] SAT (label = 389).
c [Incremental] Label assignment: 1 1 1 221 1 1 305 221 137 1 1 1 389 85 1 221 137 1 85 85 1 85 389 305 389 389 221 1 305 1 305 1 1 85 1 1 1 85 1 389 305 1 1 1 1 1 1 1 1 85 389 1 85 389 85 85 1 85 85 85 1 169 53 1 389 1 85 1 85 389 389 1 85 1 1 1 389 85 85 1 221 1 85 1 85 85 1 1 85 85 85 85 169 85 1 85 1 305 1 1 85 389 221 85 169 1 169 305 389 85 85 389 137 85 1 1 169 1 137 85 1 85 169 85 137 53 1 85 1 169 85 169 169 389 169 1 169 1 221 169 85 221 389 169 1 169 85 253 85 305 1 305 389 305 85 389 137 305 85 1 85 221 137 1 253 85 1 85 169 253 1 305 169 85 221 389 169 169 1 85 85 169 2 85 169 253 1 253 1 85 85 221 85 221 1 221 85 169 221 169 85 253 169 305 253 389 253 85 169 389 253 169 305 1 169 254 85 389 221 1 305 85 305 1 253 1 53 169 85 85 1 1 389 1 389 389 85 253 85 85 169 389 169 85 389 169 85 253 169 85 169 85 253 170 2 1 85 221 389 253 389 254 221 305 85 1 1 253 253 85 169 389 53 389 169 253 305 169 305 169 253 169 85 169 170 85 169 1 338 1 1 1 85 389 305 305 253 389 2 253 253 169 337 1 169 85 389 53 253 169 169 1 305 389 337 85 305 389 1 85 1 253 1 169 85 253 85 389 85 389 389 305 137 137 137 389 253 254 253 85 253 169 305 305 169 253 305 389 305 169 1 389 85 1 253 1 253 86 253 389 305 85 305 305 169 337 389 85 305 389 253 389 221 85 338 1 1 253 389 305 169 169 170 1 221 85 1 169 253 389 169 85 169 86 389 389 253 221 169 1 85 389 389 1 169 253 169 137 389 169 1 337 1 169 169 305 389 253 169 337 221 389 169 337 253 1 169 389 253 389 85 337 389 337 254 389 85 305 253 337 221 1 337 389 305 253 253 389 221 305 1 305 389 337 1 337 85 337 169 253 337 170 389 305 253 389 169 389 305 1 253 389 305 85 169 169 389 337 169 85 254 389 253 389 389 221 169 253 169 137 253 85 305 1 1 169 305 221 253 305 389 1 1 338 169 169 389 85 170 85 389 253 1 389 389 85 389 169 1 389 389 86 305 169 253 389 170 253 169 85 305 253 169 253 170 85 305 253 389 1 1 305 305 169 305 389 169 389 221 305 253 253 221 1 169 169 221 1 221 305 389 169 389 389 221 85 337 85 305 389 1 389 389 85 253 85 389 1 337 1 253 253 254 85 1 389 169 305 389 86 85 169 
c [Incremental] Max used label: 389.
c [Incremental] Label 389 is removed from searching.
c [Incremental] Solving for max label = 388:
c [Incremental] Solving duration: 963 ms.
s [Incremental] SAT (label = 388).
c [Incremental] Label assignment: 1 1 1 220 1 1 304 220 136 1 1 1 388 85 1 220 136 1 85 85 1 85 388 304 388 388 220 1 304 1 304 1 1 85 1 1 1 85 1 388 304 1 1 1 1 1 1 1 1 85 388 1 85 388 85 85 1 85 85 85 1 169 52 1 388 1 85 1 85 388 388 1 85 1 1 1 388 85 85 1 220 1 85 1 85 85 1 1 85 85 85 85 169 85 1 85 1 304 1 1 85 388 220 85 169 1 169 304 388 85 85 388 136 85 1 1 169 1 136 85 1 85 169 85 136 52 1 85 1 169 85 169 169 388 169 1 169 1 220 169 85 220 388 169 1 169 85 253 85 304 1 304 388 304 85 388 136 304 85 1 85 220 136 1 253 85 1 85 169 253 1 304 169 85 220 388 169 169 1 85 85 169 2 85 169 253 1 253 1 85 85 220 85 220 1 220 85 169 220 169 85 253 169 304 253 388 253 85 169 388 253 169 304 1 169 254 85 388 220 1 304 85 304 1 253 1 52 169 85 85 1 1 388 1 388 388 85 253 85 85 169 388 169 85 388 169 85 253 169 85 169 85 253 170 2 1 85 220 388 253 388 254 220 304 85 1 1 253 253 85 169 388 52 388 169 253 304 169 304 169 253 169 85 169 170 85 169 1 338 1 1 1 85 388 304 304 253 388 2 253 253 169 337 1 169 85 388 52 253 169 169 1 304 388 337 85 304 388 1 85 1 253 1 169 85 253 85 388 85 388 388 304 136 136 136 388 253 254 253 85 253 169 304 304 169 253 304 388 304 169 1 388 85 1 253 1 253 86 253 388 304 85 304 304 169 337 388 85 304 388 253 388 220 85 338 1 1 253 388 304 169 169 170 1 220 85 1 169 253 388 169 85 169 86 388 388 253 220 169 1 85 388 388 1 169 253 169 136 388 169 1 337 1 169 169 304 388 253 169 337 220 388 169 337 253 1 169 388 253 388 85 337 388 337 254 388 85 304 253 337 220 1 337 388 304 253 253 388 220 304 1 304 388 337 1 337 85 337 169 253 337 170 388 304 253 388 169 388 304 1 253 388 304 85 169 169 388 337 169 85 254 388 253 388 388 220 169 253 169 136 253 85 304 1 1 169 304 220 253 304 388 1 1 338 169 169 388 85 170 85 388 253 1 388 388 85 388 169 1 388 388 86 304 169 253 388 170 253 169 85 304 253 169 253 170 85 304 253 388 1 1 304 304 169 304 388 169 388 220 304 253 253 220 1 169 169 220 1 220 304 388 169 388 388 220 85 337 85 304 388 1 388 388 85 253 85 388 1 337 1 253 253 254 85 1 388 169 304 388 86 85 169 
c [Incremental] Max used label: 388.
c [Incremental] Label 388 is removed from searching.
c [Incremental] Solving for max label = 387:
c [Incremental] Solving duration: 989 ms.
s [Incremental] SAT (label = 387).
c [Incremental] Label assignment: 1 1 1 219 1 1 303 219 135 1 1 1 387 85 1 219 135 1 85 85 1 85 387 303 387 387 219 1 303 1 303 1 1 85 1 1 1 85 1 387 303 1 1 1 1 1 1 1 1 85 387 1 85 387 85 85 1 85 85 85 1 169 51 1 387 1 85 1 85 387 387 1 85 1 1 1 387 85 85 1 219 1 85 1 85 85 1 1 85 85 85 85 169 85 1 85 1 303 1 1 85 387 219 85 169 1 169 303 387 85 85 387 135 85 1 1 169 1 135 85 1 85 169 85 135 51 1 85 1 169 85 169 169 387 169 1 169 1 219 169 85 219 387 169 1 169 85 253 85 303 1 303 387 303 85 387 135 303 85 1 85 219 135 1 253 85 1 85 169 253 1 303 169 85 219 387 169 169 1 85 85 169 2 85 169 253 1 253 1 85 85 219 85 219 1 219 85 169 219 169 85 253 169 303 253 387 253 85 169 387 253 169 303 1 169 254 85 387 219 1 303 85 303 1 253 1 51 169 85 85 1 1 387 1 387 387 85 253 85 85 169 387 169 85 387 169 85 253 169 85 169 85 253 170 2 1 85 219 387 253 387 254 219 303 85 1 1 253 253 85 169 387 51 387 169 253 303 169 303 169 253 169 85 169 170 85 169 1 338 1 1 1 85 387 303 303 253 387 2 253 253 169 337 1 169 85 387 51 253 169 169 1 303 387 337 85 303 387 1 85 1 253 1 169 85 253 85 387 85 387 387 303 135 135 135 387 253 254 253 85 253 169 303 303 169 253 303 387 303 169 1 387 85 1 253 1 253 86 253 387 303 85 303 303 169 337 387 85 303 387 253 387 219 85 338 1 1 253 387 303 169 169 170 1 219 85 1 169 253 387 169 85 169 86 387 387 253 219 169 1 85 387 387 1 169 253 169 135 387 169 1 337 1 169 169 303 387 253 169 337 219 387 169 337 253 1 169 387 253 387 85 337 387 337 254 387 85 303 253 337 219 1 337 387 303 253 253 387 219 303 1 303 387 337 1 337 85 337 169 253 337 170 387 303 253 387 169 387 303 1 253 387 303 85 169 169 387 337 169 85 254 387 253 387 387 219 169 253 169 135 253 85 303 1 1 169 303 219 253 303 387 1 1 338 169 169 387 85 170 85 387 253 1 387 387 85 387 169 1 387 387 86 303 169 253 387 170 253 169 85 303 253 169 253 170 85 303 253 387 1 1 303 303 169 303 387 169 387 219 303 253 253 219 1 169 169 219 1 219 303 387 169 387 387 219 85 337 85 303 387 1 387 387 85 253 85 387 1 337 1 253 253 254 85 1 387 169 303 387 86 85 169 
c [Incremental] Max used label: 387.
c [Incremental] Label 387 is removed from searching.
c [Incremental] Solving for max label = 386:
c [Incremental] Solving duration: 988 ms.
s [Incremental] SAT (label = 386).
c [Incremental] Label assignment: 1 1 1 218 1 1 302 218 134 1 1 1 386 85 1 218 134 1 85 85 1 85 386 302 386 386 218 1 302 1 302 1 1 85 1 1 1 85 1 386 302 1 1 1 1 1 1 1 1 85 386 1 85 386 85 85 1 85 85 85 1 169 50 1 386 1 85 1 85 386 386 1 85 1 1 1 386 85 85 1 218 1 85 1 85 85 1 1 85 85 85 85 169 85 1 85 1 302 1 1 85 386 218 85 169 1 169 302 386 85 85 386 134 85 1 1 169 1 134 85 1 85 169 85 134 50 1 85 1 169 85 169 169 386 169 1 169 1 218 169 85 218 386 169 1 169 85 253 85 302 1 302 386 302 85 386 134 302 85 1 85 218 134 1 253 85 1 85 169 253 1 302 169 85 218 386 169 169 1 85 85 169 2 85 169 253 1 253 1 85 85 218 85 218 1 218 85 169 218 169 85 253 169 302 253 386 253 85 169 386 253 169 302 1 169 254 85 386 218 1 302 85 302 1 253 1 50 169 85 85 1 1 386 1 386 386 85 253 85 85 169 386 169 85 386 169 85 253 169 85 169 85 253 170 2 1 85 218 386 253 386 254 218 302 85 1 1 253 253 85 169 386 50 386 169 253 302 169 302 169 253 169 85 169 170 85 169 1 338 1 1 1 85 386 302 302 253 386 2 253 253 169 337 1 169 85 386 50 253 169 169 1 302 386 337 85 302 386 1 85 1 253 1 169 85 253 85 386 85 386 386 302 134 134 134 386 253 254 253 85 253 169 302 302 169 253 302 386 302 169 1 386 85 1 253 1 253 86 253 386 302 85 302 302 169 337 386 85 302 386 253 386 218 85 338 1 1 253 386 302 169 169 170 1 218 85 1 169 253 386 169 85 169 86 386 386 253 218 169 1 85 386 386 1 169 253 169 134 386 169 1 337 1 169 169 302 386 253 169 337 218 386 169 337 253 1 169 386 253 386 85 337 386 337 254 386 85 302 253 337 218 1 337 386 302 253 253 386 218 302 1 302 386 337 1 337 85 337 169 253 337 170 386 302 253 386 169 386 302 1 253 386 302 85 169 169 386 337 169 85 254 386 253 386 386 218 169 253 169 134 253 85 302 1 1 169 302 218 253 302 386 1 1 338 169 169 386 85 170 85 386 253 1 386 386 85 386 169 1 386 386 86 302 169 253 386 170 253 169 85 302 253 169 253 170 85 302 253 386 1 1 302 302 169 302 386 169 386 218 302 253 253 218 1 169 169 218 1 218 302 386 169 386 386 218 85 337 85 302 386 1 386 386 85 253 85 386 1 337 1 253 253 254 85 1 386 169 302 386 86 85 169 
c [Incremental] Max used label: 386.
c [Incremental] Label 386 is removed from searching.
c [Incremental] Solving for max label = 385:
c [Incremental] Solving duration: 985 ms.
s [Incremental] SAT (label = 385).
c [Incremental] Label assignment: 1 1 1 217 1 1 301 217 133 1 1 1 385 85 1 217 133 1 85 85 1 85 385 301 385 385 217 1 301 1 301 1 1 85 1 1 1 85 1 385 301 1 1 1 1 1 1 1 1 85 385 1 85 385 85 85 1 85 85 85 1 169 49 1 385 1 85 1 85 385 385 1 85 1 1 1 385 85 85 1 217 1 85 1 85 85 1 1 85 85 85 85 169 85 1 85 1 301 1 1 85 385 217 85 169 1 169 301 385 85 85 385 133 85 1 1 169 1 133 85 1 85 169 85 133 49 1 85 1 169 85 169 169 385 169 1 169 1 217 169 85 217 385 169 1 169 85 253 85 301 1 301 385 301 85 385 133 301 85 1 85 217 133 1 253 85 1 85 169 253 1 301 169 85 217 385 169 169 1 85 85 169 2 85 169 253 1 253 1 85 85 217 85 217 1 217 85 169 217 169 85 253 169 301 253 385 253 85 169 385 253 169 301 1 169 254 85 385 217 1 301 85 301 1 253 1 49 169 85 85 1 1 385 1 385 385 85 253 85 85 169 385 169 85 385 169 85 253 169 85 169 85 253 170 2 1 85 217 385 253 385 254 217 301 85 1 1 253 253 85 169 385 49 385 169 253 301 169 301 169 253 169 85 169 170 85 169 1 338 1 1 1 85 385 301 301 253 385 2 253 253 169 337 1 169 85 385 49 253 169 169 1 301 385 337 85 301 385 1 85 1 253 1 169 85 253 85 385 85 385 385 301 133 133 133 385 253 254 253 85 253 169 301 301 169 253 301 385 301 169 1 385 85 1 253 1 253 86 253 385 301 85 301 301 169 337 385 85 301 385 253 385 217 85 338 1 1 253 385 301 169 169 170 1 217 85 1 169 253 385 169 85 169 86 385 385 253 217 169 1 85 385 385 1 169 253 169 133 385 169 1 337 1 169 169 301 385 253 169 337 217 385 169 337 253 1 169 385 253 385 85 337 385 337 254 385 85 301 253 337 217 1 337 385 301 253 253 385 217 301 1 301 385 337 1 337 85 337 169 253 337 170 385 301 253 385 169 385 301 1 253 385 301 85 169 169 385 337 169 85 254 385 253 385 385 217 169 253 169 133 253 85 301 1 1 169 301 217 253 301 385 1 1 338 169 169 385 85 170 85 385 253 1 385 385 85 385 169 1 385 385 86 301 169 253 385 170 253 169 85 301 253 169 253 170 85 301 253 385 1 1 301 301 169 301 385 169 385 217 301 253 253 217 1 169 169 217 1 217 301 385 169 385 385 217 85 337 85 301 385 1 385 385 85 253 85 385 1 337 1 253 253 254 85 1 385 169 301 385 86 85 169 
c [Incremental] Max used label: 385.
c [Incremental] Label 385 is removed from searching.
c [Incremental] Solving for max label = 384:
c [Incremental] Solving duration: 975 ms.
s [Incremental] SAT (label = 384).
c [Incremental] Label assignment: 1 1 1 216 1 1 300 216 132 1 1 1 384 85 1 216 132 1 85 85 1 85 384 300 384 384 216 1 300 1 300 1 1 85 1 1 1 85 1 384 300 1 1 1 1 1 1 1 1 85 384 1 85 384 85 85 1 85 85 85 1 169 48 1 384 1 85 1 85 384 384 1 85 1 1 1 384 85 85 1 216 1 85 1 85 85 1 1 85 85 85 85 169 85 1 85 1 300 1 1 85 384 216 85 169 1 169 300 384 85 85 384 132 85 1 1 169 1 132 85 1 85 169 85 132 48 1 85 1 169 85 169 169 384 169 1 169 1 216 169 85 216 384 169 1 169 85 253 85 300 1 300 384 300 85 384 132 300 85 1 85 216 132 1 253 85 1 85 169 253 1 300 169 85 216 384 169 169 1 85 85 169 2 85 169 253 1 253 1 85 85 216 85 216 1 216 85 169 216 169 85 253 169 300 253 384 253 85 169 384 253 169 300 1 169 254 85 384 216 1 300 85 300 1 253 1 48 169 85 85 1 1 384 1 384 384 85 253 85 85 169 384 169 85 384 169 85 253 169 85 169 85 253 170 2 1 85 216 384 253 384 254 216 300 85 1 1 253 253 85 169 384 48 384 169 253 300 169 300 169 253 169 85 169 170 85 169 1 338 1 1 1 85 384 300 300 253 384 2 253 253 169 337 1 169 85 384 48 253 169 169 1 300 384 337 85 300 384 1 85 1 253 1 169 85 253 85 384 85 384 384 300 132 132 132 384 253 254 253 85 253 169 300 300 169 253 300 384 300 169 1 384 85 1 253 1 253 86 253 384 300 85 300 300 169 337 384 85 300 384 253 384 216 85 338 1 1 253 384 300 169 169 170 1 216 85 1 169 253 384 169 85 169 86 384 384 253 216 169 1 85 384 384 1 169 253 169 132 384 169 1 337 1 169 169 300 384 253 169 337 216 384 169 337 253 1 169 384 253 384 85 337 384 337 254 384 85 300 253 337 216 1 337 384 300 253 253 384 216 300 1 300 384 337 1 337 85 337 169 253 337 170 384 300 253 384 169 384 300 1 253 384 300 85 169 169 384 337 169 85 254 384 253 384 384 216 169 253 169 132 253 85 300 1 1 169 300 216 253 300 384 1 1 338 169 169 384 85 170 85 384 253 1 384 384 85 384 169 1 384 384 86 300 169 253 384 170 253 169 85 300 253 169 253 170 85 300 253 384 1 1 300 300 169 300 384 169 384 216 300 253 253 216 1 169 169 216 1 216 300 384 169 384 384 216 85 337 85 300 384 1 384 384 85 253 85 384 1 337 1 253 253 254 85 1 384 169 300 384 86 85 169 
c [Incremental] Max used label: 384.
c [Incremental] Label 384 is removed from searching.
c [Incremental] Solving for max label = 383:
c [Incremental] Solving duration: 1007 ms.
s [Incremental] SAT (label = 383).
c [Incremental] Label assignment: 1 1 1 215 1 1 299 215 131 1 1 1 383 85 1 215 131 1 85 85 1 85 383 299 383 383 215 1 299 1 299 1 1 85 1 1 1 85 1 383 299 1 1 1 1 1 1 1 1 85 383 1 85 383 85 85 1 85 85 85 1 169 47 1 383 1 85 1 85 383 383 1 85 1 1 1 383 85 85 1 215 1 85 1 85 85 1 1 85 85 85 85 169 85 1 85 1 299 1 1 85 383 215 85 169 1 169 299 383 85 85 383 131 85 1 1 169 1 131 85 1 85 169 85 131 47 1 85 1 169 85 169 169 383 169 1 169 1 215 169 85 215 383 169 1 169 85 253 85 299 1 299 383 299 85 383 131 299 85 1 85 215 131 1 253 85 1 85 169 253 1 299 169 85 215 383 169 169 1 85 85 169 2 85 169 253 1 253 1 85 85 215 85 215 1 215 85 169 215 169 85 253 169 299 253 383 253 85 169 383 253 169 299 1 169 254 85 383 215 1 299 85 299 1 253 1 47 169 85 85 1 1 383 1 383 383 85 253 85 85 169 383 169 85 383 169 85 253 169 85 169 85 253 170 2 1 85 215 383 253 383 254 215 299 85 1 1 253 253 85 169 383 47 383 169 253 299 169 299 169 253 169 85 169 170 85 169 1 338 1 1 1 85 383 299 299 253 383 2 253 253 169 337 1 169 85 383 47 253 169 169 1 299 383 337 85 299 383 1 85 1 253 1 169 85 253 85 383 85 383 383 299 131 131 131 383 253 254 253 85 253 169 299 299 169 253 299 383 299 169 1 383 85 1 253 1 253 86 253 383 299 85 299 299 169 337 383 85 299 383 253 383 215 85 338 1 1 253 383 299 169 169 170 1 215 85 1 169 253 383 169 85 169 86 383 383 253 215 169 1 85 383 383 1 169 253 169 131 383 169 1 337 1 169 169 299 383 253 169 337 215 383 169 337 253 1 169 383 253 383 85 337 383 337 254 383 85 299 253 337 215 1 337 383 299 253 253 383 215 299 1 299 383 337 1 337 85 337 169 253 337 170 383 299 253 383 169 383 299 1 253 383 299 85 169 169 383 337 169 85 254 383 253 383 383 215 169 253 169 131 253 85 299 1 1 169 299 215 253 299 383 1 1 338 169 169 383 85 170 85 383 253 1 383 383 85 383 169 1 383 383 86 299 169 253 383 170 253 169 85 299 253 169 253 170 85 299 253 383 1 1 299 299 169 299 383 169 383 215 299 253 253 215 1 169 169 215 1 215 299 383 169 383 383 215 85 337 85 299 383 1 383 383 85 253 85 383 1 337 1 253 253 254 85 1 383 169 299 383 86 85 169 
c [Incremental] Max used label: 383.
c [Incremental] Label 383 is removed from searching.
c [Incremental] Solving for max label = 382:
c [Incremental] Solving duration: 991 ms.
s [Incremental] SAT (label = 382).
c [Incremental] Label assignment: 1 1 1 214 1 1 298 214 130 1 1 1 382 85 1 214 130 1 85 85 1 85 382 298 382 382 214 1 298 1 298 1 1 85 1 1 1 85 1 382 298 1 1 1 1 1 1 1 1 85 382 1 85 382 85 85 1 85 85 85 1 169 46 1 382 1 85 1 85 382 382 1 85 1 1 1 382 85 85 1 214 1 85 1 85 85 1 1 85 85 85 85 169 85 1 85 1 298 1 1 85 382 214 85 169 1 169 298 382 85 85 382 130 85 1 1 169 1 130 85 1 85 169 85 130 46 1 85 1 169 85 169 169 382 169 1 169 1 214 169 85 214 382 169 1 169 85 253 85 298 1 298 382 298 85 382 130 298 85 1 85 214 130 1 253 85 1 85 169 253 1 298 169 85 214 382 169 169 1 85 85 169 2 85 169 253 1 253 1 85 85 214 85 214 1 214 85 169 214 169 85 253 169 298 253 382 253 85 169 382 253 169 298 1 169 254 85 382 214 1 298 85 298 1 253 1 46 169 85 85 1 1 382 1 382 382 85 253 85 85 169 382 169 85 382 169 85 253 169 85 169 85 253 170 2 1 85 214 382 253 382 254 214 298 85 1 1 253 253 85 169 382 46 382 169 253 298 169 298 169 253 169 85 169 170 85 169 1 338 1 1 1 85 382 298 298 253 382 2 253 253 169 337 1 169 85 382 46 253 169 169 1 298 382 337 85 298 382 1 85 1 253 1 169 85 253 85 382 85 382 382 298 130 130 130 382 253 254 253 85 253 169 298 298 169 253 298 382 298 169 1 382 85 1 253 1 253 86 253 382 298 85 298 298 169 337 382 85 298 382 253 382 214 85 338 1 1 253 382 298 169 169 170 1 214 85 1 169 253 382 169 85 169 86 382 382 253 214 169 1 85 382 382 1 169 253 169 130 382 169 1 337 1 169 169 298 382 253 169 337 214 382 169 337 253 1 169 382 253 382 85 337 382 337 254 382 85 298 253 337 214 1 337 382 298 253 253 382 214 298 1 298 382 337 1 337 85 337 169 253 337 170 382 298 253 382 169 382 298 1 253 382 298 85 169 169 382 337 169 85 254 382 253 382 382 214 169 253 169 130 253 85 298 1 1 169 298 214 253 298 382 1 1 338 169 169 382 85 170 85 382 253 1 382 382 85 382 169 1 382 382 86 298 169 253 382 170 253 169 85 298 253 169 253 170 85 298 253 382 1 1 298 298 169 298 382 169 382 214 298 253 253 214 1 169 169 214 1 214 298 382 169 382 382 214 85 337 85 298 382 1 382 382 85 253 85 382 1 337 1 253 253 254 85 1 382 169 298 382 86 85 169 
c [Incremental] Max used label: 382.
c [Incremental] Label 382 is removed from searching.
c [Incremental] Solving for max label = 381:
c [Incremental] Solving duration: 981 ms.
s [Incremental] SAT (label = 381).
c [Incremental] Label assignment: 1 1 1 213 1 1 297 213 129 1 1 1 381 85 1 213 129 1 85 85 1 85 381 297 381 381 213 1 297 1 297 1 1 85 1 1 1 85 1 381 297 1 1 1 1 1 1 1 1 85 381 1 85 381 85 85 1 85 85 85 1 169 45 1 381 1 85 1 85 381 381 1 85 1 1 1 381 85 85 1 213 1 85 1 85 85 1 1 85 85 85 85 169 85 1 85 1 297 1 1 85 381 213 85 169 1 169 297 381 85 85 381 129 85 1 1 169 1 129 85 1 85 169 85 129 45 1 85 1 169 85 169 169 381 169 1 169 1 213 169 85 213 381 169 1 169 85 253 85 297 1 297 381 297 85 381 129 297 85 1 85 213 129 1 253 85 1 85 169 253 1 297 169 85 213 381 169 169 1 85 85 169 2 85 169 253 1 253 1 85 85 213 85 213 1 213 85 169 213 169 85 253 169 297 253 381 253 85 169 381 253 169 297 1 169 254 85 381 213 1 297 85 297 1 253 1 45 169 85 85 1 1 381 1 381 381 85 253 85 85 169 381 169 85 381 169 85 253 169 85 169 85 253 170 2 1 85 213 381 253 381 254 213 297 85 1 1 253 253 85 169 381 45 381 169 253 297 169 297 169 253 169 85 169 170 85 169 1 338 1 1 1 85 381 297 297 253 381 2 253 253 169 337 1 169 85 381 45 253 169 169 1 297 381 337 85 297 381 1 85 1 253 1 169 85 253 85 381 85 381 381 297 129 129 129 381 253 254 253 85 253 169 297 297 169 253 297 381 297 169 1 381 85 1 253 1 253 86 253 381 297 85 297 297 169 337 381 85 297 381 253 381 213 85 338 1 1 253 381 297 169 169 170 1 213 85 1 169 253 381 169 85 169 86 381 381 253 213 169 1 85 381 381 1 169 253 169 129 381 169 1 337 1 169 169 297 381 253 169 337 213 381 169 337 253 1 169 381 253 381 85 337 381 337 254 381 85 297 253 337 213 1 337 381 297 253 253 381 213 297 1 297 381 337 1 337 85 337 169 253 337 170 381 297 253 381 169 381 297 1 253 381 297 85 169 169 381 337 169 85 254 381 253 381 381 213 169 253 169 129 253 85 297 1 1 169 297 213 253 297 381 1 1 338 169 169 381 85 170 85 381 253 1 381 381 85 381 169 1 381 381 86 297 169 253 381 170 253 169 85 297 253 169 253 170 85 297 253 381 1 1 297 297 169 297 381 169 381 213 297 253 253 213 1 169 169 213 1 213 297 381 169 381 381 213 85 337 85 297 381 1 381 381 85 253 85 381 1 337 1 253 253 254 85 1 381 169 297 381 86 85 169 
c [Incremental] Max used label: 381.
c [Incremental] Label 381 is removed from searching.
c [Incremental] Solving for max label = 380:
c [Incremental] Solving duration: 977 ms.
s [Incremental] SAT (label = 380).
c [Incremental] Label assignment: 1 1 1 212 1 1 296 212 128 1 1 1 380 85 1 212 128 1 85 85 1 85 380 296 380 380 212 1 296 1 296 1 1 85 1 1 1 85 1 380 296 1 1 1 1 1 1 1 1 85 380 1 85 380 85 85 1 85 85 85 1 169 44 1 380 1 85 1 85 380 380 1 85 1 1 1 380 85 85 1 212 1 85 1 85 85 1 1 85 85 85 85 169 85 1 85 1 296 1 1 85 380 212 85 169 1 169 296 380 85 85 380 128 85 1 1 169 1 128 85 1 85 169 85 128 44 1 85 1 169 85 169 169 380 169 1 169 1 212 169 85 212 380 169 1 169 85 253 85 296 1 296 380 296 85 380 128 296 85 1 85 212 128 1 253 85 1 85 169 253 1 296 169 85 212 380 169 169 1 85 85 169 2 85 169 253 1 253 1 85 85 212 85 212 1 212 85 169 212 169 85 253 169 296 253 380 253 85 169 380 253 169 296 1 169 254 85 380 212 1 296 85 296 1 253 1 44 169 85 85 1 1 380 1 380 380 85 253 85 85 169 380 169 85 380 169 85 253 169 85 169 85 253 170 2 1 85 212 380 253 380 254 212 296 85 1 1 253 253 85 169 380 44 380 169 253 296 169 296 169 253 169 85 169 170 85 169 1 338 1 1 1 85 380 296 296 253 380 2 253 253 169 337 1 169 85 380 44 253 169 169 1 296 380 337 85 296 380 1 85 1 253 1 169 85 253 85 380 85 380 380 296 128 128 128 380 253 254 253 85 253 169 296 296 169 253 296 380 296 169 1 380 85 1 253 1 253 86 253 380 296 85 296 296 169 337 380 85 296 380 253 380 212 85 338 1 1 253 380 296 169 169 170 1 212 85 1 169 253 380 169 85 169 86 380 380 253 212 169 1 85 380 380 1 169 253 169 128 380 169 1 337 1 169 169 296 380 253 169 337 212 380 169 337 253 1 169 380 253 380 85 337 380 337 254 380 85 296 253 337 212 1 337 380 296 253 253 380 212 296 1 296 380 337 1 337 85 337 169 253 337 170 380 296 253 380 169 380 296 1 253 380 296 85 169 169 380 337 169 85 254 380 253 380 380 212 169 253 169 128 253 85 296 1 1 169 296 212 253 296 380 1 1 338 169 169 380 85 170 85 380 253 1 380 380 85 380 169 1 380 380 86 296 169 253 380 170 253 169 85 296 253 169 253 170 85 296 253 380 1 1 296 296 169 296 380 169 380 212 296 253 253 212 1 169 169 212 1 212 296 380 169 380 380 212 85 337 85 296 380 1 380 380 85 253 85 380 1 337 1 253 253 254 85 1 380 169 296 380 86 85 169 
c [Incremental] Max used label: 380.
c [Incremental] Label 380 is removed from searching.
c [Incremental] Solving for max label = 379:
c [Incremental] Solving duration: 963 ms.
s [Incremental] SAT (label = 379).
c [Incremental] Label assignment: 1 1 1 211 1 1 295 211 127 1 1 1 379 85 1 211 127 1 85 85 1 85 379 295 379 379 211 1 295 1 295 1 1 85 1 1 1 85 1 379 295 1 1 1 1 1 1 1 1 85 379 1 85 379 85 85 1 85 85 85 1 169 43 1 379 1 85 1 85 379 379 1 85 1 1 1 379 85 85 1 211 1 85 1 85 85 1 1 85 85 85 85 169 85 1 85 1 295 1 1 85 379 211 85 169 1 169 295 379 85 85 379 127 85 1 1 169 1 127 85 1 85 169 85 127 43 1 85 1 169 85 169 169 379 169 1 169 1 211 169 85 211 379 169 1 169 85 253 85 295 1 295 379 295 85 379 127 295 85 1 85 211 127 1 253 85 1 85 169 253 1 295 169 85 211 379 169 169 1 85 85 169 2 85 169 253 1 253 1 85 85 211 85 211 1 211 85 169 211 169 85 253 169 295 253 379 253 85 169 379 253 169 295 1 169 254 85 379 211 1 295 85 295 1 253 1 43 169 85 85 1 1 379 1 379 379 85 253 85 85 169 379 169 85 379 169 85 253 169 85 169 85 253 170 2 1 85 211 379 253 379 254 211 295 85 1 1 253 253 85 169 379 43 379 169 253 295 169 295 169 253 169 85 169 170 85 169 1 338 1 1 1 85 379 295 295 253 379 2 253 253 169 337 1 169 85 379 43 253 169 169 1 295 379 337 85 295 379 1 85 1 253 1 169 85 253 85 379 85 379 379 295 127 127 127 379 253 254 253 85 253 169 295 295 169 253 295 379 295 169 1 379 85 1 253 1 253 86 253 379 295 85 295 295 169 337 379 85 295 379 253 379 211 85 338 1 1 253 379 295 169 169 170 1 211 85 1 169 253 379 169 85 169 86 379 379 253 211 169 1 85 379 379 1 169 253 169 127 379 169 1 337 1 169 169 295 379 253 169 337 211 379 169 337 253 1 169 379 253 379 85 337 379 337 254 379 85 295 253 337 211 1 337 379 295 253 253 379 211 295 1 295 379 337 1 337 85 337 169 253 337 170 379 295 253 379 169 379 295 1 253 379 295 85 169 169 379 337 169 85 254 379 253 379 379 211 169 253 169 127 253 85 295 1 1 169 295 211 253 295 379 1 1 338 169 169 379 85 170 85 379 253 1 379 379 85 379 169 1 379 379 86 295 169 253 379 170 253 169 85 295 253 169 253 170 85 295 253 379 1 1 295 295 169 295 379 169 379 211 295 253 253 211 1 169 169 211 1 211 295 379 169 379 379 211 85 337 85 295 379 1 379 379 85 253 85 379 1 337 1 253 253 254 85 1 379 169 295 379 86 85 169 
c [Incremental] Max used label: 379.
c [Incremental] Label 379 is removed from searching.
c [Incremental] Solving for max label = 378:
c [Incremental] Solving duration: 978 ms.
s [Incremental] SAT (label = 378).
c [Incremental] Label assignment: 1 1 1 210 1 1 294 210 126 1 1 1 378 85 1 210 126 1 85 85 1 85 378 294 378 378 210 1 294 1 294 1 1 85 1 1 1 85 1 378 294 1 1 1 1 1 1 1 1 85 378 1 85 378 85 85 1 85 85 85 1 169 42 1 378 1 85 1 85 378 378 1 85 1 1 1 378 85 85 1 210 1 85 1 85 85 1 1 85 85 85 85 169 85 1 85 1 294 1 1 85 378 210 85 169 1 169 294 378 85 85 378 126 85 1 1 169 1 126 85 1 85 169 85 126 42 1 85 1 169 85 169 169 378 169 1 169 1 210 169 85 210 378 169 1 169 85 253 85 294 1 294 378 294 85 378 126 294 85 1 85 210 126 1 253 85 1 85 169 253 1 294 169 85 210 378 169 169 1 85 85 169 2 85 169 253 1 253 1 85 85 210 85 210 1 210 85 169 210 169 85 253 169 294 253 378 253 85 169 378 253 169 294 1 169 254 85 378 210 1 294 85 294 1 253 1 42 169 85 85 1 1 378 1 378 378 85 253 85 85 169 378 169 85 378 169 85 253 169 85 169 85 253 170 2 1 85 210 378 253 378 254 210 294 85 1 1 253 253 85 169 378 42 378 169 253 294 169 294 169 253 169 85 169 170 85 169 1 338 1 1 1 85 378 294 294 253 378 2 253 253 169 337 1 169 85 378 42 253 169 169 1 294 378 337 85 294 378 1 85 1 253 1 169 85 253 85 378 85 378 378 294 126 126 126 378 253 254 253 85 253 169 294 294 169 253 294 378 294 169 1 378 85 1 253 1 253 86 253 378 294 85 294 294 169 337 378 85 294 378 253 378 210 85 338 1 1 253 378 294 169 169 170 1 210 85 1 169 253 378 169 85 169 86 378 378 253 210 169 1 85 378 378 1 169 253 169 126 378 169 1 337 1 169 169 294 378 253 169 337 210 378 169 337 253 1 169 378 253 378 85 337 378 337 254 378 85 294 253 337 210 1 337 378 294 253 253 378 210 294 1 294 378 337 1 337 85 337 169 253 337 170 378 294 253 378 169 378 294 1 253 378 294 85 169 169 378 337 169 85 254 378 253 378 378 210 169 253 169 126 253 85 294 1 1 169 294 210 253 294 378 1 1 338 169 169 378 85 170 85 378 253 1 378 378 85 378 169 1 378 378 86 294 169 253 378 170 253 169 85 294 253 169 253 170 85 294 253 378 1 1 294 294 169 294 378 169 378 210 294 253 253 210 1 169 169 210 1 210 294 378 169 378 378 210 85 337 85 294 378 1 378 378 85 253 85 378 1 337 1 253 253 254 85 1 378 169 294 378 86 85 169 
c [Incremental] Max used label: 378.
c [Incremental] Label 378 is removed from searching.
c [Incremental] Solving for max label = 377:
c [Incremental] Solving duration: 985 ms.
s [Incremental] SAT (label = 377).
c [Incremental] Label assignment: 1 1 1 209 1 1 293 209 125 1 1 1 377 85 1 209 125 1 85 85 1 85 377 293 377 377 209 1 293 1 293 1 1 85 1 1 1 85 1 377 293 1 1 1 1 1 1 1 1 85 377 1 85 377 85 85 1 85 85 85 1 169 41 1 377 1 85 1 85 377 377 1 85 1 1 1 377 85 85 1 209 1 85 1 85 85 1 1 85 85 85 85 169 85 1 85 1 293 1 1 85 377 209 85 169 1 169 293 377 85 85 377 125 85 1 1 169 1 125 85 1 85 169 85 125 41 1 85 1 169 85 169 169 377 169 1 169 1 209 169 85 209 377 169 1 169 85 253 85 293 1 293 377 293 85 377 125 293 85 1 85 209 125 1 253 85 1 85 169 253 1 293 169 85 209 377 169 169 1 85 85 169 2 85 169 253 1 253 1 85 85 209 85 209 1 209 85 169 209 169 85 253 169 293 253 377 253 85 169 377 253 169 293 1 169 254 85 377 209 1 293 85 293 1 253 1 41 169 85 85 1 1 377 1 377 377 85 253 85 85 169 377 169 85 377 169 85 253 169 85 169 85 253 170 2 1 85 209 377 253 377 254 209 293 85 1 1 253 253 85 169 377 41 377 169 253 293 169 293 169 253 169 85 169 170 85 169 1 338 1 1 1 85 377 293 293 253 377 2 253 253 169 337 1 169 85 377 41 253 169 169 1 293 377 337 85 293 377 1 85 1 253 1 169 85 253 85 377 85 377 377 293 125 125 125 377 253 254 253 85 253 169 293 293 169 253 293 377 293 169 1 377 85 1 253 1 253 86 253 377 293 85 293 293 169 337 377 85 293 377 253 377 209 85 338 1 1 253 377 293 169 169 170 1 209 85 1 169 253 377 169 85 169 86 377 377 253 209 169 1 85 377 377 1 169 253 169 125 377 169 1 337 1 169 169 293 377 253 169 337 209 377 169 337 253 1 169 377 253 377 85 337 377 337 254 377 85 293 253 337 209 1 337 377 293 253 253 377 209 293 1 293 377 337 1 337 85 337 169 253 337 170 377 293 253 377 169 377 293 1 253 377 293 85 169 169 377 337 169 85 254 377 253 377 377 209 169 253 169 125 253 85 293 1 1 169 293 209 253 293 377 1 1 338 169 169 377 85 170 85 377 253 1 377 377 85 377 169 1 377 377 86 293 169 253 377 170 253 169 85 293 253 169 253 170 85 293 253 377 1 1 293 293 169 293 377 169 377 209 293 253 253 209 1 169 169 209 1 209 293 377 169 377 377 209 85 337 85 293 377 1 377 377 85 253 85 377 1 337 1 253 253 254 85 1 377 169 293 377 86 85 169 
c [Incremental] Max used label: 377.
c [Incremental] Label 377 is removed from searching.
c [Incremental] Solving for max label = 376:
c [Incremental] Solving duration: 979 ms.
s [Incremental] SAT (label = 376).
c [Incremental] Label assignment: 1 1 1 208 1 1 292 208 124 1 1 1 376 85 1 208 124 1 85 85 1 85 376 292 376 376 208 1 292 1 292 1 1 85 1 1 1 85 1 376 292 1 1 1 1 1 1 1 1 85 376 1 85 376 85 85 1 85 85 85 1 169 40 1 376 1 85 1 85 376 376 1 85 1 1 1 376 85 85 1 208 1 85 1 85 85 1 1 85 85 85 85 169 85 1 85 1 292 1 1 85 376 208 85 169 1 169 292 376 85 85 376 124 85 1 1 169 1 124 85 1 85 169 85 124 40 1 85 1 169 85 169 169 376 169 1 169 1 208 169 85 208 376 169 1 169 85 253 85 292 1 292 376 292 85 376 124 292 85 1 85 208 124 1 253 85 1 85 169 253 1 292 169 85 208 376 169 169 1 85 85 169 2 85 169 253 1 253 1 85 85 208 85 208 1 208 85 169 208 169 85 253 169 292 253 376 253 85 169 376 253 169 292 1 169 254 85 376 208 1 292 85 292 1 253 1 40 169 85 85 1 1 376 1 376 376 85 253 85 85 169 376 169 85 376 169 85 253 169 85 169 85 253 170 2 1 85 208 376 253 376 254 208 292 85 1 1 253 253 85 169 376 40 376 169 253 292 169 292 169 253 169 85 169 170 85 169 1 338 1 1 1 85 376 292 292 253 376 2 253 253 169 337 1 169 85 376 40 253 169 169 1 292 376 337 85 292 376 1 85 1 253 1 169 85 253 85 376 85 376 376 292 124 124 124 376 253 254 253 85 253 169 292 292 169 253 292 376 292 169 1 376 85 1 253 1 253 86 253 376 292 85 292 292 169 337 376 85 292 376 253 376 208 85 338 1 1 253 376 292 169 169 170 1 208 85 1 169 253 376 169 85 169 86 376 376 253 208 169 1 85 376 376 1 169 253 169 124 376 169 1 337 1 169 169 292 376 253 169 337 208 376 169 337 253 1 169 376 253 376 85 337 376 337 254 376 85 292 253 337 208 1 337 376 292 253 253 376 208 292 1 292 376 337 1 337 85 337 169 253 337 170 376 292 253 376 169 376 292 1 253 376 292 85 169 169 376 337 169 85 254 376 253 376 376 208 169 253 169 124 253 85 292 1 1 169 292 208 253 292 376 1 1 338 169 169 376 85 170 85 376 253 1 376 376 85 376 169 1 376 376 86 292 169 253 376 170 253 169 85 292 253 169 253 170 85 292 253 376 1 1 292 292 169 292 376 169 376 208 292 253 253 208 1 169 169 208 1 208 292 376 169 376 376 208 85 337 85 292 376 1 376 376 85 253 85 376 1 337 1 253 253 254 85 1 376 169 292 376 86 85 169 
c [Incremental] Max used label: 376.
c [Incremental] Label 376 is removed from searching.
c [Incremental] Solving for max label = 375:
c [Incremental] Solving duration: 962 ms.
s [Incremental] SAT (label = 375).
c [Incremental] Label assignment: 1 1 1 207 1 1 291 207 123 1 1 1 375 85 1 207 123 1 85 85 1 85 375 291 375 375 207 1 291 1 291 1 1 85 1 1 1 85 1 375 291 1 1 1 1 1 1 1 1 85 375 1 85 375 85 85 1 85 85 85 1 169 39 1 375 1 85 1 85 375 375 1 85 1 1 1 375 85 85 1 207 1 85 1 85 85 1 1 85 85 85 85 169 85 1 85 1 291 1 1 85 375 207 85 169 1 169 291 375 85 85 375 123 85 1 1 169 1 123 85 1 85 169 85 123 39 1 85 1 169 85 169 169 375 169 1 169 1 207 169 85 207 375 169 1 169 85 253 85 291 1 291 375 291 85 375 123 291 85 1 85 207 123 1 253 85 1 85 169 253 1 291 169 85 207 375 169 169 1 85 85 169 2 85 169 253 1 253 1 85 85 207 85 207 1 207 85 169 207 169 85 253 169 291 253 375 253 85 169 375 253 169 291 1 169 254 85 375 207 1 291 85 291 1 253 1 39 169 85 85 1 1 375 1 375 375 85 253 85 85 169 375 169 85 375 169 85 253 169 85 169 85 253 170 2 1 85 207 375 253 375 254 207 291 85 1 1 253 253 85 169 375 39 375 169 253 291 169 291 169 253 169 85 169 170 85 169 1 338 1 1 1 85 375 291 291 253 375 2 253 253 169 337 1 169 85 375 39 253 169 169 1 291 375 337 85 291 375 1 85 1 253 1 169 85 253 85 375 85 375 375 291 123 123 123 375 253 254 253 85 253 169 291 291 169 253 291 375 291 169 1 375 85 1 253 1 253 86 253 375 291 85 291 291 169 337 375 85 291 375 253 375 207 85 338 1 1 253 375 291 169 169 170 1 207 85 1 169 253 375 169 85 169 86 375 375 253 207 169 1 85 375 375 1 169 253 169 123 375 169 1 337 1 169 169 291 375 253 169 337 207 375 169 337 253 1 169 375 253 375 85 337 375 337 254 375 85 291 253 337 207 1 337 375 291 253 253 375 207 291 1 291 375 337 1 337 85 337 169 253 337 170 375 291 253 375 169 375 291 1 253 375 291 85 169 169 375 337 169 85 254 375 253 375 375 207 169 253 169 123 253 85 291 1 1 169 291 207 253 291 375 1 1 338 169 169 375 85 170 85 375 253 1 375 375 85 375 169 1 375 375 86 291 169 253 375 170 253 169 85 291 253 169 253 170 85 291 253 375 1 1 291 291 169 291 375 169 375 207 291 253 253 207 1 169 169 207 1 207 291 375 169 375 375 207 85 337 85 291 375 1 375 375 85 253 85 375 1 337 1 253 253 254 85 1 375 169 291 375 86 85 169 
c [Incremental] Max used label: 375.
c [Incremental] Label 375 is removed from searching.
c [Incremental] Solving for max label = 374:
c [Incremental] Solving duration: 955 ms.
s [Incremental] SAT (label = 374).
c [Incremental] Label assignment: 1 1 1 206 1 1 290 206 122 1 1 1 374 85 1 206 122 1 85 85 1 85 374 290 374 374 206 1 290 1 290 1 1 85 1 1 1 85 1 374 290 1 1 1 1 1 1 1 1 85 374 1 85 374 85 85 1 85 85 85 1 169 38 1 374 1 85 1 85 374 374 1 85 1 1 1 374 85 85 1 206 1 85 1 85 85 1 1 85 85 85 85 169 85 1 85 1 290 1 1 85 374 206 85 169 1 169 290 374 85 85 374 122 85 1 1 169 1 122 85 1 85 169 85 122 38 1 85 1 169 85 169 169 374 169 1 169 1 206 169 85 206 374 169 1 169 85 253 85 290 1 290 374 290 85 374 122 290 85 1 85 206 122 1 253 85 1 85 169 253 1 290 169 85 206 374 169 169 1 85 85 169 2 85 169 253 1 253 1 85 85 206 85 206 1 206 85 169 206 169 85 253 169 290 253 374 253 85 169 374 253 169 290 1 169 254 85 374 206 1 290 85 290 1 253 1 38 169 85 85 1 1 374 1 374 374 85 253 85 85 169 374 169 85 374 169 85 253 169 85 169 85 253 170 2 1 85 206 374 253 374 254 206 290 85 1 1 253 253 85 169 374 38 374 169 253 290 169 290 169 253 169 85 169 170 85 169 1 338 1 1 1 85 374 290 290 253 374 2 253 253 169 337 1 169 85 374 38 253 169 169 1 290 374 337 85 290 374 1 85 1 253 1 169 85 253 85 374 85 374 374 290 122 122 122 374 253 254 253 85 253 169 290 290 169 253 290 374 290 169 1 374 85 1 253 1 253 86 253 374 290 85 290 290 169 337 374 85 290 374 253 374 206 85 338 1 1 253 374 290 169 169 170 1 206 85 1 169 253 374 169 85 169 86 374 374 253 206 169 1 85 374 374 1 169 253 169 122 374 169 1 337 1 169 169 290 374 253 169 337 206 374 169 337 253 1 169 374 253 374 85 337 374 337 254 374 85 290 253 337 206 1 337 374 290 253 253 374 206 290 1 290 374 337 1 337 85 337 169 253 337 170 374 290 253 374 169 374 290 1 253 374 290 85 169 169 374 337 169 85 254 374 253 374 374 206 169 253 169 122 253 85 290 1 1 169 290 206 253 290 374 1 1 338 169 169 374 85 170 85 374 253 1 374 374 85 374 169 1 374 374 86 290 169 253 374 170 253 169 85 290 253 169 253 170 85 290 253 374 1 1 290 290 169 290 374 169 374 206 290 253 253 206 1 169 169 206 1 206 290 374 169 374 374 206 85 337 85 290 374 1 374 374 85 253 85 374 1 337 1 253 253 254 85 1 374 169 290 374 86 85 169 
c [Incremental] Max used label: 374.
c [Incremental] Label 374 is removed from searching.
c [Incremental] Solving for max label = 373:
c [Incremental] Solving duration: 936 ms.
s [Incremental] SAT (label = 373).
c [Incremental] Label assignment: 1 1 1 205 1 1 289 205 121 1 1 1 373 85 1 205 121 1 85 85 1 85 373 289 373 373 205 1 289 1 289 1 1 85 1 1 1 85 1 373 289 1 1 1 1 1 1 1 1 85 373 1 85 373 85 85 1 85 85 85 1 169 37 1 373 1 85 1 85 373 373 1 85 1 1 1 373 85 85 1 205 1 85 1 85 85 1 1 85 85 85 85 169 85 1 85 1 289 1 1 85 373 205 85 169 1 169 289 373 85 85 373 121 85 1 1 169 1 121 85 1 85 169 85 121 37 1 85 1 169 85 169 169 373 169 1 169 1 205 169 85 205 373 169 1 169 85 253 85 289 1 289 373 289 85 373 121 289 85 1 85 205 121 1 253 85 1 85 169 253 1 289 169 85 205 373 169 169 1 85 85 169 2 85 169 253 1 253 1 85 85 205 85 205 1 205 85 169 205 169 85 253 169 289 253 373 253 85 169 373 253 169 289 1 169 254 85 373 205 1 289 85 289 1 253 1 37 169 85 85 1 1 373 1 373 373 85 253 85 85 169 373 169 85 373 169 85 253 169 85 169 85 253 170 2 1 85 205 373 253 373 254 205 289 85 1 1 253 253 85 169 373 37 373 169 253 289 169 289 169 253 169 85 169 170 85 169 1 338 1 1 1 85 373 289 289 253 373 2 253 253 169 337 1 169 85 373 37 253 169 169 1 289 373 337 85 289 373 1 85 1 253 1 169 85 253 85 373 85 373 373 289 121 121 121 373 253 254 253 85 253 169 289 289 169 253 289 373 289 169 1 373 85 1 253 1 253 86 253 373 289 85 289 289 169 337 373 85 289 373 253 373 205 85 338 1 1 253 373 289 169 169 170 1 205 85 1 169 253 373 169 85 169 86 373 373 253 205 169 1 85 373 373 1 169 253 169 121 373 169 1 337 1 169 169 289 373 253 169 337 205 373 169 337 253 1 169 373 253 373 85 337 373 337 254 373 85 289 253 337 205 1 337 373 289 253 253 373 205 289 1 289 373 337 1 337 85 337 169 253 337 170 373 289 253 373 169 373 289 1 253 373 289 85 169 169 373 337 169 85 254 373 253 373 373 205 169 253 169 121 253 85 289 1 1 169 289 205 253 289 373 1 1 338 169 169 373 85 170 85 373 253 1 373 373 85 373 169 1 373 373 86 289 169 253 373 170 253 169 85 289 253 169 253 170 85 289 253 373 1 1 289 289 169 289 373 169 373 205 289 253 253 205 1 169 169 205 1 205 289 373 169 373 373 205 85 337 85 289 373 1 373 373 85 253 85 373 1 337 1 253 253 254 85 1 373 169 289 373 86 85 169 
c [Incremental] Max used label: 373.
c [Incremental] Label 373 is removed from searching.
c [Incremental] Solving for max label = 372:
c [Incremental] Solving duration: 953 ms.
s [Incremental] SAT (label = 372).
c [Incremental] Label assignment: 1 1 1 204 1 1 288 204 120 1 1 1 372 85 1 204 120 1 85 85 1 85 372 288 372 372 204 1 288 1 288 1 1 85 1 1 1 85 1 372 288 1 1 1 1 1 1 1 1 85 372 1 85 372 85 85 1 85 85 85 1 169 36 1 372 1 85 1 85 372 372 1 85 1 1 1 372 85 85 1 204 1 85 1 85 85 1 1 85 85 85 85 169 85 1 85 1 288 1 1 85 372 204 85 169 1 169 288 372 85 85 372 120 85 1 1 169 1 120 85 1 85 169 85 120 36 1 85 1 169 85 169 169 372 169 1 169 1 204 169 85 204 372 169 1 169 85 253 85 288 1 288 372 288 85 372 120 288 85 1 85 204 120 1 253 85 1 85 169 253 1 288 169 85 204 372 169 169 1 85 85 169 2 85 169 253 1 253 1 85 85 204 85 204 1 204 85 169 204 169 85 253 169 288 253 372 253 85 169 372 253 169 288 1 169 254 85 372 204 1 288 85 288 1 253 1 36 169 85 85 1 1 372 1 372 372 85 253 85 85 169 372 169 85 372 169 85 253 169 85 169 85 253 170 2 1 85 204 372 253 372 254 204 288 85 1 1 253 253 85 169 372 36 372 169 253 288 169 288 169 253 169 85 169 170 85 169 1 338 1 1 1 85 372 288 288 253 372 2 253 253 169 337 1 169 85 372 36 253 169 169 1 288 372 337 85 288 372 1 85 1 253 1 169 85 253 85 372 85 372 372 288 120 120 120 372 253 254 253 85 253 169 288 288 169 253 288 372 288 169 1 372 85 1 253 1 253 86 253 372 288 85 288 288 169 337 372 85 288 372 253 372 204 85 338 1 1 253 372 288 169 169 170 1 204 85 1 169 253 372 169 85 169 86 372 372 253 204 169 1 85 372 372 1 169 253 169 120 372 169 1 337 1 169 169 288 372 253 169 337 204 372 169 337 253 1 169 372 253 372 85 337 372 337 254 372 85 288 253 337 204 1 337 372 288 253 253 372 204 288 1 288 372 337 1 337 85 337 169 253 337 170 372 288 253 372 169 372 288 1 253 372 288 85 169 169 372 337 169 85 254 372 253 372 372 204 169 253 169 120 253 85 288 1 1 169 288 204 253 288 372 1 1 338 169 169 372 85 170 85 372 253 1 372 372 85 372 169 1 372 372 86 288 169 253 372 170 253 169 85 288 253 169 253 170 85 288 253 372 1 1 288 288 169 288 372 169 372 204 288 253 253 204 1 169 169 204 1 204 288 372 169 372 372 204 85 337 85 288 372 1 372 372 85 253 85 372 1 337 1 253 253 254 85 1 372 169 288 372 86 85 169 
c [Incremental] Max used label: 372.
c [Incremental] Label 372 is removed from searching.
c [Incremental] Solving for max label = 371:
c [Incremental] Solving duration: 959 ms.
s [Incremental] SAT (label = 371).
c [Incremental] Label assignment: 1 1 1 203 1 1 287 203 119 1 1 1 371 85 1 203 119 1 85 85 1 85 371 287 371 371 203 1 287 1 287 1 1 85 1 1 1 85 1 371 287 1 1 1 1 1 1 1 1 85 371 1 85 371 85 85 1 85 85 85 1 169 35 1 371 1 85 1 85 371 371 1 85 1 1 1 371 85 85 1 203 1 85 1 85 85 1 1 85 85 85 85 169 85 1 85 1 287 1 1 85 371 203 85 169 1 169 287 371 85 85 371 119 85 1 1 169 1 119 85 1 85 169 85 119 35 1 85 1 169 85 169 169 371 169 1 169 1 203 169 85 203 371 169 1 169 85 253 85 287 1 287 371 287 85 371 119 287 85 1 85 203 119 1 253 85 1 85 169 253 1 287 169 85 203 371 169 169 1 85 85 169 2 85 169 253 1 253 1 85 85 203 85 203 1 203 85 169 203 169 85 253 169 287 253 371 253 85 169 371 253 169 287 1 169 254 85 371 203 1 287 85 287 1 253 1 35 169 85 85 1 1 371 1 371 371 85 253 85 85 169 371 169 85 371 169 85 253 169 85 169 85 253 170 2 1 85 203 371 253 371 254 203 287 85 1 1 253 253 85 169 371 35 371 169 253 287 169 287 169 253 169 85 169 170 85 169 1 338 1 1 1 85 371 287 287 253 371 2 253 253 169 337 1 169 85 371 35 253 169 169 1 287 371 337 85 287 371 1 85 1 253 1 169 85 253 85 371 85 371 371 287 119 119 119 371 253 254 253 85 253 169 287 287 169 253 287 371 287 169 1 371 85 1 253 1 253 86 253 371 287 85 287 287 169 337 371 85 287 371 253 371 203 85 338 1 1 253 371 287 169 169 170 1 203 85 1 169 253 371 169 85 169 86 371 371 253 203 169 1 85 371 371 1 169 253 169 119 371 169 1 337 1 169 169 287 371 253 169 337 203 371 169 337 253 1 169 371 253 371 85 337 371 337 254 371 85 287 253 337 203 1 337 371 287 253 253 371 203 287 1 287 371 337 1 337 85 337 169 253 337 170 371 287 253 371 169 371 287 1 253 371 287 85 169 169 371 337 169 85 254 371 253 371 371 203 169 253 169 119 253 85 287 1 1 169 287 203 253 287 371 1 1 338 169 169 371 85 170 85 371 253 1 371 371 85 371 169 1 371 371 86 287 169 253 371 170 253 169 85 287 253 169 253 170 85 287 253 371 1 1 287 287 169 287 371 169 371 203 287 253 253 203 1 169 169 203 1 203 287 371 169 371 371 203 85 337 85 287 371 1 371 371 85 253 85 371 1 337 1 253 253 254 85 1 371 169 287 371 86 85 169 
c [Incremental] Max used label: 371.
c [Incremental] Label 371 is removed from searching.
c [Incremental] Solving for max label = 370:
c [Incremental] Solving duration: 946 ms.
s [Incremental] SAT (label = 370).
c [Incremental] Label assignment: 1 1 1 202 1 1 286 202 118 1 1 1 370 85 1 202 118 1 85 85 1 85 370 286 370 370 202 1 286 1 286 1 1 85 1 1 1 85 1 370 286 1 1 1 1 1 1 1 1 85 370 1 85 370 85 85 1 85 85 85 1 169 34 1 370 1 85 1 85 370 370 1 85 1 1 1 370 85 85 1 202 1 85 1 85 85 1 1 85 85 85 85 169 85 1 85 1 286 1 1 85 370 202 85 169 1 169 286 370 85 85 370 118 85 1 1 169 1 118 85 1 85 169 85 118 34 1 85 1 169 85 169 169 370 169 1 169 1 202 169 85 202 370 169 1 169 85 253 85 286 1 286 370 286 85 370 118 286 85 1 85 202 118 1 253 85 1 85 169 253 1 286 169 85 202 370 169 169 1 85 85 169 2 85 169 253 1 253 1 85 85 202 85 202 1 202 85 169 202 169 85 253 169 286 253 370 253 85 169 370 253 169 286 1 169 254 85 370 202 1 286 85 286 1 253 1 34 169 85 85 1 1 370 1 370 370 85 253 85 85 169 370 169 85 370 169 85 253 169 85 169 85 253 170 2 1 85 202 370 253 370 254 202 286 85 1 1 253 253 85 169 370 34 370 169 253 286 169 286 169 253 169 85 169 170 85 169 1 338 1 1 1 85 370 286 286 253 370 2 253 253 169 337 1 169 85 370 34 253 169 169 1 286 370 337 85 286 370 1 85 1 253 1 169 85 253 85 370 85 370 370 286 118 118 118 370 253 254 253 85 253 169 286 286 169 253 286 370 286 169 1 370 85 1 253 1 253 86 253 370 286 85 286 286 169 337 370 85 286 370 253 370 202 85 338 1 1 253 370 286 169 169 170 1 202 85 1 169 253 370 169 85 169 86 370 370 253 202 169 1 85 370 370 1 169 253 169 118 370 169 1 337 1 169 169 286 370 253 169 337 202 370 169 337 253 1 169 370 253 370 85 337 370 337 254 370 85 286 253 337 202 1 337 370 286 253 253 370 202 286 1 286 370 337 1 337 85 337 169 253 337 170 370 286 253 370 169 370 286 1 253 370 286 85 169 169 370 337 169 85 254 370 253 370 370 202 169 253 169 118 253 85 286 1 1 169 286 202 253 286 370 1 1 338 169 169 370 85 170 85 370 253 1 370 370 85 370 169 1 370 370 86 286 169 253 370 170 253 169 85 286 253 169 253 170 85 286 253 370 1 1 286 286 169 286 370 169 370 202 286 253 253 202 1 169 169 202 1 202 286 370 169 370 370 202 85 337 85 286 370 1 370 370 85 253 85 370 1 337 1 253 253 254 85 1 370 169 286 370 86 85 169 
c [Incremental] Max used label: 370.
c [Incremental] Label 370 is removed from searching.
c [Incremental] Solving for max label = 369:
c [Incremental] Solving duration: 947 ms.
s [Incremental] SAT (label = 369).
c [Incremental] Label assignment: 1 1 1 201 1 1 285 201 117 1 1 1 369 85 1 201 117 1 85 85 1 85 369 285 369 369 201 1 285 1 285 1 1 85 1 1 1 85 1 369 285 1 1 1 1 1 1 1 1 85 369 1 85 369 85 85 1 85 85 85 1 169 33 1 369 1 85 1 85 369 369 1 85 1 1 1 369 85 85 1 201 1 85 1 85 85 1 1 85 85 85 85 169 85 1 85 1 285 1 1 85 369 201 85 169 1 169 285 369 85 85 369 117 85 1 1 169 1 117 85 1 85 169 85 117 33 1 85 1 169 85 169 169 369 169 1 169 1 201 169 85 201 369 169 1 169 85 253 85 285 1 285 369 285 85 369 117 285 85 1 85 201 117 1 253 85 1 85 169 253 1 285 169 85 201 369 169 169 1 85 85 169 2 85 169 253 1 253 1 85 85 201 85 201 1 201 85 169 201 169 85 253 169 285 253 369 253 85 169 369 253 169 285 1 169 254 85 369 201 1 285 85 285 1 253 1 33 169 85 85 1 1 369 1 369 369 85 253 85 85 169 369 169 85 369 169 85 253 169 85 169 85 253 170 2 1 85 201 369 253 369 254 201 285 85 1 1 253 253 85 169 369 33 369 169 253 285 169 285 169 253 169 85 169 170 85 169 1 338 1 1 1 85 369 285 285 253 369 2 253 253 169 337 1 169 85 369 33 253 169 169 1 285 369 337 85 285 369 1 85 1 253 1 169 85 253 85 369 85 369 369 285 117 117 117 369 253 254 253 85 253 169 285 285 169 253 285 369 285 169 1 369 85 1 253 1 253 86 253 369 285 85 285 285 169 337 369 85 285 369 253 369 201 85 338 1 1 253 369 285 169 169 170 1 201 85 1 169 253 369 169 85 169 86 369 369 253 201 169 1 85 369 369 1 169 253 169 117 369 169 1 337 1 169 169 285 369 253 169 337 201 369 169 337 253 1 169 369 253 369 85 337 369 337 254 369 85 285 253 337 201 1 337 369 285 253 253 369 201 285 1 285 369 337 1 337 85 337 169 253 337 170 369 285 253 369 169 369 285 1 253 369 285 85 169 169 369 337 169 85 254 369 253 369 369 201 169 253 169 117 253 85 285 1 1 169 285 201 253 285 369 1 1 338 169 169 369 85 170 85 369 253 1 369 369 85 369 169 1 369 369 86 285 169 253 369 170 253 169 85 285 253 169 253 170 85 285 253 369 1 1 285 285 169 285 369 169 369 201 285 253 253 201 1 169 169 201 1 201 285 369 169 369 369 201 85 337 85 285 369 1 369 369 85 253 85 369 1 337 1 253 253 254 85 1 369 169 285 369 86 85 169 
c [Incremental] Max used label: 369.
c [Incremental] Label 369 is removed from searching.
c [Incremental] Solving for max label = 368:
c [Incremental] Solving duration: 953 ms.
s [Incremental] SAT (label = 368).
c [Incremental] Label assignment: 1 1 1 200 1 1 284 200 116 1 1 1 368 85 1 200 116 1 85 85 1 85 368 284 368 368 200 1 284 1 284 1 1 85 1 1 1 85 1 368 284 1 1 1 1 1 1 1 1 85 368 1 85 368 85 85 1 85 85 85 1 169 32 1 368 1 85 1 85 368 368 1 85 1 1 1 368 85 85 1 200 1 85 1 85 85 1 1 85 85 85 85 169 85 1 85 1 284 1 1 85 368 200 85 169 1 169 284 368 85 85 368 116 85 1 1 169 1 116 85 1 85 169 85 116 32 1 85 1 169 85 169 169 368 169 1 169 1 200 169 85 200 368 169 1 169 85 253 85 284 1 284 368 284 85 368 116 284 85 1 85 200 116 1 253 85 1 85 169 253 1 284 169 85 200 368 169 169 1 85 85 169 2 85 169 253 1 253 1 85 85 200 85 200 1 200 85 169 200 169 85 253 169 284 253 368 253 85 169 368 253 169 284 1 169 254 85 368 200 1 284 85 284 1 253 1 32 169 85 85 1 1 368 1 368 368 85 253 85 85 169 368 169 85 368 169 85 253 169 85 169 85 253 170 2 1 85 200 368 253 368 254 200 284 85 1 1 253 253 85 169 368 32 368 169 253 284 169 284 169 253 169 85 169 170 85 169 1 338 1 1 1 85 368 284 284 253 368 2 253 253 169 337 1 169 85 368 32 253 169 169 1 284 368 337 85 284 368 1 85 1 253 1 169 85 253 85 368 85 368 368 284 116 116 116 368 253 254 253 85 253 169 284 284 169 253 284 368 284 169 1 368 85 1 253 1 253 86 253 368 284 85 284 284 169 337 368 85 284 368 253 368 200 85 338 1 1 253 368 284 169 169 170 1 200 85 1 169 253 368 169 85 169 86 368 368 253 200 169 1 85 368 368 1 169 253 169 116 368 169 1 337 1 169 169 284 368 253 169 337 200 368 169 337 253 1 169 368 253 368 85 337 368 337 254 368 85 284 253 337 200 1 337 368 284 253 253 368 200 284 1 284 368 337 1 337 85 337 169 253 337 170 368 284 253 368 169 368 284 1 253 368 284 85 169 169 368 337 169 85 254 368 253 368 368 200 169 253 169 116 253 85 284 1 1 169 284 200 253 284 368 1 1 338 169 169 368 85 170 85 368 253 1 368 368 85 368 169 1 368 368 86 284 169 253 368 170 253 169 85 284 253 169 253 170 85 284 253 368 1 1 284 284 169 284 368 169 368 200 284 253 253 200 1 169 169 200 1 200 284 368 169 368 368 200 85 337 85 284 368 1 368 368 85 253 85 368 1 337 1 253 253 254 85 1 368 169 284 368 86 85 169 
c [Incremental] Max used label: 368.
c [Incremental] Label 368 is removed from searching.
c [Incremental] Solving for max label = 367:
c [Incremental] Solving duration: 949 ms.
s [Incremental] SAT (label = 367).
c [Incremental] Label assignment: 1 1 1 199 1 1 283 199 115 1 1 1 367 85 1 199 115 1 85 85 1 85 367 283 367 367 199 1 283 1 283 1 1 85 1 1 1 85 1 367 283 1 1 1 1 1 1 1 1 85 367 1 85 367 85 85 1 85 85 85 1 169 31 1 367 1 85 1 85 367 367 1 85 1 1 1 367 85 85 1 199 1 85 1 85 85 1 1 85 85 85 85 169 85 1 85 1 283 1 1 85 367 199 85 169 1 169 283 367 85 85 367 115 85 1 1 169 1 115 85 1 85 169 85 115 31 1 85 1 169 85 169 169 367 169 1 169 1 199 169 85 199 367 169 1 169 85 253 85 283 1 283 367 283 85 367 115 283 85 1 85 199 115 1 253 85 1 85 169 253 1 283 169 85 199 367 169 169 1 85 85 169 2 85 169 253 1 253 1 85 85 199 85 199 1 199 85 169 199 169 85 253 169 283 253 367 253 85 169 367 253 169 283 1 169 254 85 367 199 1 283 85 283 1 253 1 31 169 85 85 1 1 367 1 367 367 85 253 85 85 169 367 169 85 367 169 85 253 169 85 169 85 253 170 2 1 85 199 367 253 367 254 199 283 85 1 1 253 253 85 169 367 31 367 169 253 283 169 283 169 253 169 85 169 170 85 169 1 338 1 1 1 85 367 283 283 253 367 2 253 253 169 337 1 169 85 367 31 253 169 169 1 283 367 337 85 283 367 1 85 1 253 1 169 85 253 85 367 85 367 367 283 115 115 115 367 253 254 253 85 253 169 283 283 169 253 283 367 283 169 1 367 85 1 253 1 253 86 253 367 283 85 283 283 169 337 367 85 283 367 253 367 199 85 338 1 1 253 367 283 169 169 170 1 199 85 1 169 253 367 169 85 169 86 367 367 253 199 169 1 85 367 367 1 169 253 169 115 367 169 1 337 1 169 169 283 367 253 169 337 199 367 169 337 253 1 169 367 253 367 85 337 367 337 254 367 85 283 253 337 199 1 337 367 283 253 253 367 199 283 1 283 367 337 1 337 85 337 169 253 337 170 367 283 253 367 169 367 283 1 253 367 283 85 169 169 367 337 169 85 254 367 253 367 367 199 169 253 169 115 253 85 283 1 1 169 283 199 253 283 367 1 1 338 169 169 367 85 170 85 367 253 1 367 367 85 367 169 1 367 367 86 283 169 253 367 170 253 169 85 283 253 169 253 170 85 283 253 367 1 1 283 283 169 283 367 169 367 199 283 253 253 199 1 169 169 199 1 199 283 367 169 367 367 199 85 337 85 283 367 1 367 367 85 253 85 367 1 337 1 253 253 254 85 1 367 169 283 367 86 85 169 
c [Incremental] Max used label: 367.
c [Incremental] Label 367 is removed from searching.
c [Incremental] Solving for max label = 366:
c [Incremental] Solving duration: 951 ms.
s [Incremental] SAT (label = 366).
c [Incremental] Label assignment: 1 1 1 198 1 1 282 198 114 1 1 1 366 85 1 198 114 1 85 85 1 85 366 282 366 366 198 1 282 1 282 1 1 85 1 1 1 85 1 366 282 1 1 1 1 1 1 1 1 85 366 1 85 366 85 85 1 85 85 85 1 169 30 1 366 1 85 1 85 366 366 1 85 1 1 1 366 85 85 1 198 1 85 1 85 85 1 1 85 85 85 85 169 85 1 85 1 282 1 1 85 366 198 85 169 1 169 282 366 85 85 366 114 85 1 1 169 1 114 85 1 85 169 85 114 30 1 85 1 169 85 169 169 366 169 1 169 1 198 169 85 198 366 169 1 169 85 253 85 282 1 282 366 282 85 366 114 282 85 1 85 198 114 1 253 85 1 85 169 253 1 282 169 85 198 366 169 169 1 85 85 169 2 85 169 253 1 253 1 85 85 198 85 198 1 198 85 169 198 169 85 253 169 282 253 366 253 85 169 366 253 169 282 1 169 254 85 366 198 1 282 85 282 1 253 1 30 169 85 85 1 1 366 1 366 366 85 253 85 85 169 366 169 85 366 169 85 253 169 85 169 85 253 170 2 1 85 198 366 253 366 254 198 282 85 1 1 253 253 85 169 366 30 366 169 253 282 169 282 169 253 169 85 169 170 85 169 1 338 1 1 1 85 366 282 282 253 366 2 253 253 169 337 1 169 85 366 30 253 169 169 1 282 366 337 85 282 366 1 85 1 253 1 169 85 253 85 366 85 366 366 282 114 114 114 366 253 254 253 85 253 169 282 282 169 253 282 366 282 169 1 366 85 1 253 1 253 86 253 366 282 85 282 282 169 337 366 85 282 366 253 366 198 85 338 1 1 253 366 282 169 169 170 1 198 85 1 169 253 366 169 85 169 86 366 366 253 198 169 1 85 366 366 1 169 253 169 114 366 169 1 337 1 169 169 282 366 253 169 337 198 366 169 337 253 1 169 366 253 366 85 337 366 337 254 366 85 282 253 337 198 1 337 366 282 253 253 366 198 282 1 282 366 337 1 337 85 337 169 253 337 170 366 282 253 366 169 366 282 1 253 366 282 85 169 169 366 337 169 85 254 366 253 366 366 198 169 253 169 114 253 85 282 1 1 169 282 198 253 282 366 1 1 338 169 169 366 85 170 85 366 253 1 366 366 85 366 169 1 366 366 86 282 169 253 366 170 253 169 85 282 253 169 253 170 85 282 253 366 1 1 282 282 169 282 366 169 366 198 282 253 253 198 1 169 169 198 1 198 282 366 169 366 366 198 85 337 85 282 366 1 366 366 85 253 85 366 1 337 1 253 253 254 85 1 366 169 282 366 86 85 169 
c [Incremental] Max used label: 366.
c [Incremental] Label 366 is removed from searching.
c [Incremental] Solving for max label = 365:
c [Incremental] Solving duration: 942 ms.
s [Incremental] SAT (label = 365).
c [Incremental] Label assignment: 1 1 1 197 1 1 281 197 113 1 1 1 365 85 1 197 113 1 85 85 1 85 365 281 365 365 197 1 281 1 281 1 1 85 1 1 1 85 1 365 281 1 1 1 1 1 1 1 1 85 365 1 85 365 85 85 1 85 85 85 1 169 29 1 365 1 85 1 85 365 365 1 85 1 1 1 365 85 85 1 197 1 85 1 85 85 1 1 85 85 85 85 169 85 1 85 1 281 1 1 85 365 197 85 169 1 169 281 365 85 85 365 113 85 1 1 169 1 113 85 1 85 169 85 113 29 1 85 1 169 85 169 169 365 169 1 169 1 197 169 85 197 365 169 1 169 85 253 85 281 1 281 365 281 85 365 113 281 85 1 85 197 113 1 253 85 1 85 169 253 1 281 169 85 197 365 169 169 1 85 85 169 2 85 169 253 1 253 1 85 85 197 85 197 1 197 85 169 197 169 85 253 169 281 253 365 253 85 169 365 253 169 281 1 169 254 85 365 197 1 281 85 281 1 253 1 29 169 85 85 1 1 365 1 365 365 85 253 85 85 169 365 169 85 365 169 85 253 169 85 169 85 253 170 2 1 85 197 365 253 365 254 197 281 85 1 1 253 253 85 169 365 29 365 169 253 281 169 281 169 253 169 85 169 170 85 169 1 338 1 1 1 85 365 281 281 253 365 2 253 253 169 337 1 169 85 365 29 253 169 169 1 281 365 337 85 281 365 1 85 1 253 1 169 85 253 85 365 85 365 365 281 113 113 113 365 253 254 253 85 253 169 281 281 169 253 281 365 281 169 1 365 85 1 253 1 253 86 253 365 281 85 281 281 169 337 365 85 281 365 253 365 197 85 338 1 1 253 365 281 169 169 170 1 197 85 1 169 253 365 169 85 169 86 365 365 253 197 169 1 85 365 365 1 169 253 169 113 365 169 1 337 1 169 169 281 365 253 169 337 197 365 169 337 253 1 169 365 253 365 85 337 365 337 254 365 85 281 253 337 197 1 337 365 281 253 253 365 197 281 1 281 365 337 1 337 85 337 169 253 337 170 365 281 253 365 169 365 281 1 253 365 281 85 169 169 365 337 169 85 254 365 253 365 365 197 169 253 169 113 253 85 281 1 1 169 281 197 253 281 365 1 1 338 169 169 365 85 170 85 365 253 1 365 365 85 365 169 1 365 365 86 281 169 253 365 170 253 169 85 281 253 169 253 170 85 281 253 365 1 1 281 281 169 281 365 169 365 197 281 253 253 197 1 169 169 197 1 197 281 365 169 365 365 197 85 337 85 281 365 1 365 365 85 253 85 365 1 337 1 253 253 254 85 1 365 169 281 365 86 85 169 
c [Incremental] Max used label: 365.
c [Incremental] Label 365 is removed from searching.
c [Incremental] Solving for max label = 364:
c [Incremental] Solving duration: 938 ms.
s [Incremental] SAT (label = 364).
c [Incremental] Label assignment: 1 1 1 196 1 1 280 196 112 1 1 1 364 85 1 196 112 1 85 85 1 85 364 280 364 364 196 1 280 1 280 1 1 85 1 1 1 85 1 364 280 1 1 1 1 1 1 1 1 85 364 1 85 364 85 85 1 85 85 85 1 169 28 1 364 1 85 1 85 364 364 1 85 1 1 1 364 85 85 1 196 1 85 1 85 85 1 1 85 85 85 85 169 85 1 85 1 280 1 1 85 364 196 85 169 1 169 280 364 85 85 364 112 85 1 1 169 1 112 85 1 85 169 85 112 28 1 85 1 169 85 169 169 364 169 1 169 1 196 169 85 196 364 169 1 169 85 253 85 280 1 280 364 280 85 364 112 280 85 1 85 196 112 1 253 85 1 85 169 253 1 280 169 85 196 364 169 169 1 85 85 169 2 85 169 253 1 253 1 85 85 196 85 196 1 196 85 169 196 169 85 253 169 280 253 364 253 85 169 364 253 169 280 1 169 254 85 364 196 1 280 85 280 1 253 1 28 169 85 85 1 1 364 1 364 364 85 253 85 85 169 364 169 85 364 169 85 253 169 85 169 85 253 170 2 1 85 196 364 253 364 254 196 280 85 1 1 253 253 85 169 364 28 364 169 253 280 169 280 169 253 169 85 169 170 85 169 1 338 1 1 1 85 364 280 280 253 364 2 253 253 169 337 1 169 85 364 28 253 169 169 1 280 364 337 85 280 364 1 85 1 253 1 169 85 253 85 364 85 364 364 280 112 112 112 364 253 254 253 85 253 169 280 280 169 253 280 364 280 169 1 364 85 1 253 1 253 86 253 364 280 85 280 280 169 337 364 85 280 364 253 364 196 85 338 1 1 253 364 280 169 169 170 1 196 85 1 169 253 364 169 85 169 86 364 364 253 196 169 1 85 364 364 1 169 253 169 112 364 169 1 337 1 169 169 280 364 253 169 337 196 364 169 337 253 1 169 364 253 364 85 337 364 337 254 364 85 280 253 337 196 1 337 364 280 253 253 364 196 280 1 280 364 337 1 337 85 337 169 253 337 170 364 280 253 364 169 364 280 1 253 364 280 85 169 169 364 337 169 85 254 364 253 364 364 196 169 253 169 112 253 85 280 1 1 169 280 196 253 280 364 1 1 338 169 169 364 85 170 85 364 253 1 364 364 85 364 169 1 364 364 86 280 169 253 364 170 253 169 85 280 253 169 253 170 85 280 253 364 1 1 280 280 169 280 364 169 364 196 280 253 253 196 1 169 169 196 1 196 280 364 169 364 364 196 85 337 85 280 364 1 364 364 85 253 85 364 1 337 1 253 253 254 85 1 364 169 280 364 86 85 169 
c [Incremental] Max used label: 364.
c [Incremental] Label 364 is removed from searching.
c [Incremental] Solving for max label = 363:
c [Incremental] Solving duration: 966 ms.
s [Incremental] SAT (label = 363).
c [Incremental] Label assignment: 1 1 1 195 1 1 279 195 111 1 1 1 363 85 1 195 111 1 85 85 1 85 363 279 363 363 195 1 279 1 279 1 1 85 1 1 1 85 1 363 279 1 1 1 1 1 1 1 1 85 363 1 85 363 85 85 1 85 85 85 1 169 27 1 363 1 85 1 85 363 363 1 85 1 1 1 363 85 85 1 195 1 85 1 85 85 1 1 85 85 85 85 169 85 1 85 1 279 1 1 85 363 195 85 169 1 169 279 363 85 85 363 111 85 1 1 169 1 111 85 1 85 169 85 111 27 1 85 1 169 85 169 169 363 169 1 169 1 195 169 85 195 363 169 1 169 85 253 85 279 1 279 363 279 85 363 111 279 85 1 85 195 111 1 253 85 1 85 169 253 1 279 169 85 195 363 169 169 1 85 85 169 2 85 169 253 1 253 1 85 85 195 85 195 1 195 85 169 195 169 85 253 169 279 253 363 253 85 169 363 253 169 279 1 169 254 85 363 195 1 279 85 279 1 253 1 27 169 85 85 1 1 363 1 363 363 85 253 85 85 169 363 169 85 363 169 85 253 169 85 169 85 253 170 2 1 85 195 363 253 363 254 195 279 85 1 1 253 253 85 169 363 27 363 169 253 279 169 279 169 253 169 85 169 170 85 169 1 338 1 1 1 85 363 279 279 253 363 2 253 253 169 337 1 169 85 363 27 253 169 169 1 279 363 337 85 279 363 1 85 1 253 1 169 85 253 85 363 85 363 363 279 111 111 111 363 253 254 253 85 253 169 279 279 169 253 279 363 279 169 1 363 85 1 253 1 253 86 253 363 279 85 279 279 169 337 363 85 279 363 253 363 195 85 338 1 1 253 363 279 169 169 170 1 195 85 1 169 253 363 169 85 169 86 363 363 253 195 169 1 85 363 363 1 169 253 169 111 363 169 1 337 1 169 169 279 363 253 169 337 195 363 169 337 253 1 169 363 253 363 85 337 363 337 254 363 85 279 253 337 195 1 337 363 279 253 253 363 195 279 1 279 363 337 1 337 85 337 169 253 337 170 363 279 253 363 169 363 279 1 253 363 279 85 169 169 363 337 169 85 254 363 253 363 363 195 169 253 169 111 253 85 279 1 1 169 279 195 253 279 363 1 1 338 169 169 363 85 170 85 363 253 1 363 363 85 363 169 1 363 363 86 279 169 253 363 170 253 169 85 279 253 169 253 170 85 279 253 363 1 1 279 279 169 279 363 169 363 195 279 253 253 195 1 169 169 195 1 195 279 363 169 363 363 195 85 337 85 279 363 1 363 363 85 253 85 363 1 337 1 253 253 254 85 1 363 169 279 363 86 85 169 
c [Incremental] Max used label: 363.
c [Incremental] Label 363 is removed from searching.
c [Incremental] Solving for max label = 362:
c [Incremental] Solving duration: 956 ms.
s [Incremental] SAT (label = 362).
c [Incremental] Label assignment: 1 1 1 194 1 1 278 194 110 1 1 1 362 85 1 194 110 1 85 85 1 85 362 278 362 362 194 1 278 1 278 1 1 85 1 1 1 85 1 362 278 1 1 1 1 1 1 1 1 85 362 1 85 362 85 85 1 85 85 85 1 169 26 1 362 1 85 1 85 362 362 1 85 1 1 1 362 85 85 1 194 1 85 1 85 85 1 1 85 85 85 85 169 85 1 85 1 278 1 1 85 362 194 85 169 1 169 278 362 85 85 362 110 85 1 1 169 1 110 85 1 85 169 85 110 26 1 85 1 169 85 169 169 362 169 1 169 1 194 169 85 194 362 169 1 169 85 253 85 278 1 278 362 278 85 362 110 278 85 1 85 194 110 1 253 85 1 85 169 253 1 278 169 85 194 362 169 169 1 85 85 169 2 85 169 253 1 253 1 85 85 194 85 194 1 194 85 169 194 169 85 253 169 278 253 362 253 85 169 362 253 169 278 1 169 254 85 362 194 1 278 85 278 1 253 1 26 169 85 85 1 1 362 1 362 362 85 253 85 85 169 362 169 85 362 169 85 253 169 85 169 85 253 170 2 1 85 194 362 253 362 254 194 278 85 1 1 253 253 85 169 362 26 362 169 253 278 169 278 169 253 169 85 169 170 85 169 1 338 1 1 1 85 362 278 278 253 362 2 253 253 169 337 1 169 85 362 26 253 169 169 1 278 362 337 85 278 362 1 85 1 253 1 169 85 253 85 362 85 362 362 278 110 110 110 362 253 254 253 85 253 169 278 278 169 253 278 362 278 169 1 362 85 1 253 1 253 86 253 362 278 85 278 278 169 337 362 85 278 362 253 362 194 85 338 1 1 253 362 278 169 169 170 1 194 85 1 169 253 362 169 85 169 86 362 362 253 194 169 1 85 362 362 1 169 253 169 110 362 169 1 337 1 169 169 278 362 253 169 337 194 362 169 337 253 1 169 362 253 362 85 337 362 337 254 362 85 278 253 337 194 1 337 362 278 253 253 362 194 278 1 278 362 337 1 337 85 337 169 253 337 170 362 278 253 362 169 362 278 1 253 362 278 85 169 169 362 337 169 85 254 362 253 362 362 194 169 253 169 110 253 85 278 1 1 169 278 194 253 278 362 1 1 338 169 169 362 85 170 85 362 253 1 362 362 85 362 169 1 362 362 86 278 169 253 362 170 253 169 85 278 253 169 253 170 85 278 253 362 1 1 278 278 169 278 362 169 362 194 278 253 253 194 1 169 169 194 1 194 278 362 169 362 362 194 85 337 85 278 362 1 362 362 85 253 85 362 1 337 1 253 253 254 85 1 362 169 278 362 86 85 169 
c [Incremental] Max used label: 362.
c [Incremental] Label 362 is removed from searching.
c [Incremental] Solving for max label = 361:
c [Incremental] Solving duration: 934 ms.
s [Incremental] SAT (label = 361).
c [Incremental] Label assignment: 1 1 1 193 1 1 277 193 109 1 1 1 361 85 1 193 109 1 85 85 1 85 361 277 361 361 193 1 277 1 277 1 1 85 1 1 1 85 1 361 277 1 1 1 1 1 1 1 1 85 361 1 85 361 85 85 1 85 85 85 1 169 25 1 361 1 85 1 85 361 361 1 85 1 1 1 361 85 85 1 193 1 85 1 85 85 1 1 85 85 85 85 169 85 1 85 1 277 1 1 85 361 193 85 169 1 169 277 361 85 85 361 109 85 1 1 169 1 109 85 1 85 169 85 109 25 1 85 1 169 85 169 169 361 169 1 169 1 193 169 85 193 361 169 1 169 85 253 85 277 1 277 361 277 85 361 109 277 85 1 85 193 109 1 253 85 1 85 169 253 1 277 169 85 193 361 169 169 1 85 85 169 2 85 169 253 1 253 1 85 85 193 85 193 1 193 85 169 193 169 85 253 169 277 253 361 253 85 169 361 253 169 277 1 169 254 85 361 193 1 277 85 277 1 253 1 25 169 85 85 1 1 361 1 361 361 85 253 85 85 169 361 169 85 361 169 85 253 169 85 169 85 253 170 2 1 85 193 361 253 361 254 193 277 85 1 1 253 253 85 169 361 25 361 169 253 277 169 277 169 253 169 85 169 170 85 169 1 338 1 1 1 85 361 277 277 253 361 2 253 253 169 337 1 169 85 361 25 253 169 169 1 277 361 337 85 277 361 1 85 1 253 1 169 85 253 85 361 85 361 361 277 109 109 109 361 253 254 253 85 253 169 277 277 169 253 277 361 277 169 1 361 85 1 253 1 253 86 253 361 277 85 277 277 169 337 361 85 277 361 253 361 193 85 338 1 1 253 361 277 169 169 170 1 193 85 1 169 253 361 169 85 169 86 361 361 253 193 169 1 85 361 361 1 169 253 169 109 361 169 1 337 1 169 169 277 361 253 169 337 193 361 169 337 253 1 169 361 253 361 85 337 361 337 254 361 85 277 253 337 193 1 337 361 277 253 253 361 193 277 1 277 361 337 1 337 85 337 169 253 337 170 361 277 253 361 169 361 277 1 253 361 277 85 169 169 361 337 169 85 254 361 253 361 361 193 169 253 169 109 253 85 277 1 1 169 277 193 253 277 361 1 1 338 169 169 361 85 170 85 361 253 1 361 361 85 361 169 1 361 361 86 277 169 253 361 170 253 169 85 277 253 169 253 170 85 277 253 361 1 1 277 277 169 277 361 169 361 193 277 253 253 193 1 169 169 193 1 193 277 361 169 361 361 193 85 337 85 277 361 1 361 361 85 253 85 361 1 337 1 253 253 254 85 1 361 169 277 361 86 85 169 
c [Incremental] Max used label: 361.
c [Incremental] Label 361 is removed from searching.
c [Incremental] Solving for max label = 360:
c [Incremental] Solving duration: 938 ms.
s [Incremental] SAT (label = 360).
c [Incremental] Label assignment: 1 1 1 192 1 1 276 192 108 1 1 1 360 85 1 192 108 1 85 85 1 85 360 276 360 360 192 1 276 1 276 1 1 85 1 1 1 85 1 360 276 1 1 1 1 1 1 1 1 85 360 1 85 360 85 85 1 85 85 85 1 169 24 1 360 1 85 1 85 360 360 1 85 1 1 1 360 85 85 1 192 1 85 1 85 85 1 1 85 85 85 85 169 85 1 85 1 276 1 1 85 360 192 85 169 1 169 276 360 85 85 360 108 85 1 1 169 1 108 85 1 85 169 85 108 24 1 85 1 169 85 169 169 360 169 1 169 1 192 169 85 192 360 169 1 169 85 253 85 276 1 276 360 276 85 360 108 276 85 1 85 192 108 1 253 85 1 85 169 253 1 276 169 85 192 360 169 169 1 85 85 169 2 85 169 253 1 253 1 85 85 192 85 192 1 192 85 169 192 169 85 253 169 276 253 360 253 85 169 360 253 169 276 1 169 254 85 360 192 1 276 85 276 1 253 1 24 169 85 85 1 1 360 1 360 360 85 253 85 85 169 360 169 85 360 169 85 253 169 85 169 85 253 170 2 1 85 192 360 253 360 254 192 276 85 1 1 253 253 85 169 360 24 360 169 253 276 169 276 169 253 169 85 169 170 85 169 1 338 1 1 1 85 360 276 276 253 360 2 253 253 169 337 1 169 85 360 24 253 169 169 1 276 360 337 85 276 360 1 85 1 253 1 169 85 253 85 360 85 360 360 276 108 108 108 360 253 254 253 85 253 169 276 276 169 253 276 360 276 169 1 360 85 1 253 1 253 86 253 360 276 85 276 276 169 337 360 85 276 360 253 360 192 85 338 1 1 253 360 276 169 169 170 1 192 85 1 169 253 360 169 85 169 86 360 360 253 192 169 1 85 360 360 1 169 253 169 108 360 169 1 337 1 169 169 276 360 253 169 337 192 360 169 337 253 1 169 360 253 360 85 337 360 337 254 360 85 276 253 337 192 1 337 360 276 253 253 360 192 276 1 276 360 337 1 337 85 337 169 253 337 170 360 276 253 360 169 360 276 1 253 360 276 85 169 169 360 337 169 85 254 360 253 360 360 192 169 253 169 108 253 85 276 1 1 169 276 192 253 276 360 1 1 338 169 169 360 85 170 85 360 253 1 360 360 85 360 169 1 360 360 86 276 169 253 360 170 253 169 85 276 253 169 253 170 85 276 253 360 1 1 276 276 169 276 360 169 360 192 276 253 253 192 1 169 169 192 1 192 276 360 169 360 360 192 85 337 85 276 360 1 360 360 85 253 85 360 1 337 1 253 253 254 85 1 360 169 276 360 86 85 169 
c [Incremental] Max used label: 360.
c [Incremental] Label 360 is removed from searching.
c [Incremental] Solving for max label = 359:
c [Incremental] Solving duration: 963 ms.
s [Incremental] SAT (label = 359).
c [Incremental] Label assignment: 1 1 1 191 1 1 275 191 107 1 1 1 359 85 1 191 107 1 85 85 1 85 359 275 359 359 191 1 275 1 275 1 1 85 1 1 1 85 1 359 275 1 1 1 1 1 1 1 1 85 359 1 85 359 85 85 1 85 85 85 1 169 23 1 359 1 85 1 85 359 359 1 85 1 1 1 359 85 85 1 191 1 85 1 85 85 1 1 85 85 85 85 169 85 1 85 1 275 1 1 85 359 191 85 169 1 169 275 359 85 85 359 107 85 1 1 169 1 107 85 1 85 169 85 107 23 1 85 1 169 85 169 169 359 169 1 169 1 191 169 85 191 359 169 1 169 85 253 85 275 1 275 359 275 85 359 107 275 85 1 85 191 107 1 253 85 1 85 169 253 1 275 169 85 191 359 169 169 1 85 85 169 2 85 169 253 1 253 1 85 85 191 85 191 1 191 85 169 191 169 85 253 169 275 253 359 253 85 169 359 253 169 275 1 169 254 85 359 191 1 275 85 275 1 253 1 23 169 85 85 1 1 359 1 359 359 85 253 85 85 169 359 169 85 359 169 85 253 169 85 169 85 253 170 2 1 85 191 359 253 359 254 191 275 85 1 1 253 253 85 169 359 23 359 169 253 275 169 275 169 253 169 85 169 170 85 169 1 338 1 1 1 85 359 275 275 253 359 2 253 253 169 337 1 169 85 359 23 253 169 169 1 275 359 337 85 275 359 1 85 1 253 1 169 85 253 85 359 85 359 359 275 107 107 107 359 253 254 253 85 253 169 275 275 169 253 275 359 275 169 1 359 85 1 253 1 253 86 253 359 275 85 275 275 169 337 359 85 275 359 253 359 191 85 338 1 1 253 359 275 169 169 170 1 191 85 1 169 253 359 169 85 169 86 359 359 253 191 169 1 85 359 359 1 169 253 169 107 359 169 1 337 1 169 169 275 359 253 169 337 191 359 169 337 253 1 169 359 253 359 85 337 359 337 254 359 85 275 253 337 191 1 337 359 275 253 253 359 191 275 1 275 359 337 1 337 85 337 169 253 337 170 359 275 253 359 169 359 275 1 253 359 275 85 169 169 359 337 169 85 254 359 253 359 359 191 169 253 169 107 253 85 275 1 1 169 275 191 253 275 359 1 1 338 169 169 359 85 170 85 359 253 1 359 359 85 359 169 1 359 359 86 275 169 253 359 170 253 169 85 275 253 169 253 170 85 275 253 359 1 1 275 275 169 275 359 169 359 191 275 253 253 191 1 169 169 191 1 191 275 359 169 359 359 191 85 337 85 275 359 1 359 359 85 253 85 359 1 337 1 253 253 254 85 1 359 169 275 359 86 85 169 
c [Incremental] Max used label: 359.
c [Incremental] Label 359 is removed from searching.
c [Incremental] Solving for max label = 358:
c [Incremental] Solving duration: 928 ms.
s [Incremental] SAT (label = 358).
c [Incremental] Label assignment: 1 1 1 190 1 1 274 190 106 1 1 1 358 85 1 190 106 1 85 85 1 85 358 274 358 358 190 1 274 1 274 1 1 85 1 1 1 85 1 358 274 1 1 1 1 1 1 1 1 85 358 1 85 358 85 85 1 85 85 85 1 169 22 1 358 1 85 1 85 358 358 1 85 1 1 1 358 85 85 1 190 1 85 1 85 85 1 1 85 85 85 85 169 85 1 85 1 274 1 1 85 358 190 85 169 1 169 274 358 85 85 358 106 85 1 1 169 1 106 85 1 85 169 85 106 22 1 85 1 169 85 169 169 358 169 1 169 1 190 169 85 190 358 169 1 169 85 253 85 274 1 274 358 274 85 358 106 274 85 1 85 190 106 1 253 85 1 85 169 253 1 274 169 85 190 358 169 169 1 85 85 169 2 85 169 253 1 253 1 85 85 190 85 190 1 190 85 169 190 169 85 253 169 274 253 358 253 85 169 358 253 169 274 1 169 254 85 358 190 1 274 85 274 1 253 1 22 169 85 85 1 1 358 1 358 358 85 253 85 85 169 358 169 85 358 169 85 253 169 85 169 85 253 170 2 1 85 190 358 253 358 254 190 274 85 1 1 253 253 85 169 358 22 358 169 253 274 169 274 169 253 169 85 169 170 85 169 1 338 1 1 1 85 358 274 274 253 358 2 253 253 169 337 1 169 85 358 22 253 169 169 1 274 358 337 85 274 358 1 85 1 253 1 169 85 253 85 358 85 358 358 274 106 106 106 358 253 254 253 85 253 169 274 274 169 253 274 358 274 169 1 358 85 1 253 1 253 86 253 358 274 85 274 274 169 337 358 85 274 358 253 358 190 85 338 1 1 253 358 274 169 169 170 1 190 85 1 169 253 358 169 85 169 86 358 358 253 190 169 1 85 358 358 1 169 253 169 106 358 169 1 337 1 169 169 274 358 253 169 337 190 358 169 337 253 1 169 358 253 358 85 337 358 337 254 358 85 274 253 337 190 1 337 358 274 253 253 358 190 274 1 274 358 337 1 337 85 337 169 253 337 170 358 274 253 358 169 358 274 1 253 358 274 85 169 169 358 337 169 85 254 358 253 358 358 190 169 253 169 106 253 85 274 1 1 169 274 190 253 274 358 1 1 338 169 169 358 85 170 85 358 253 1 358 358 85 358 169 1 358 358 86 274 169 253 358 170 253 169 85 274 253 169 253 170 85 274 253 358 1 1 274 274 169 274 358 169 358 190 274 253 253 190 1 169 169 190 1 190 274 358 169 358 358 190 85 337 85 274 358 1 358 358 85 253 85 358 1 337 1 253 253 254 85 1 358 169 274 358 86 85 169 
c [Incremental] Max used label: 358.
c [Incremental] Label 358 is removed from searching.
c [Incremental] Solving for max label = 357:
c [Incremental] Solving duration: 945 ms.
s [Incremental] SAT (label = 357).
c [Incremental] Label assignment: 1 1 1 189 1 1 273 189 105 1 1 1 357 85 1 189 105 1 85 85 1 85 357 273 357 357 189 1 273 1 273 1 1 85 1 1 1 85 1 357 273 1 1 1 1 1 1 1 1 85 357 1 85 357 85 85 1 85 85 85 1 169 21 1 357 1 85 1 85 357 357 1 85 1 1 1 357 85 85 1 189 1 85 1 85 85 1 1 85 85 85 85 169 85 1 85 1 273 1 1 85 357 189 85 169 1 169 273 357 85 85 357 105 85 1 1 169 1 105 85 1 85 169 85 105 21 1 85 1 169 85 169 169 357 169 1 169 1 189 169 85 189 357 169 1 169 85 253 85 273 1 273 357 273 85 357 105 273 85 1 85 189 105 1 253 85 1 85 169 253 1 273 169 85 189 357 169 169 1 85 85 169 2 85 169 253 1 253 1 85 85 189 85 189 1 189 85 169 189 169 85 253 169 273 253 357 253 85 169 357 253 169 273 1 169 254 85 357 189 1 273 85 273 1 253 1 21 169 85 85 1 1 357 1 357 357 85 253 85 85 169 357 169 85 357 169 85 253 169 85 169 85 253 170 2 1 85 189 357 253 357 254 189 273 85 1 1 253 253 85 169 357 21 357 169 253 273 169 273 169 253 169 85 169 170 85 169 1 338 1 1 1 85 357 273 273 253 357 2 253 253 169 337 1 169 85 357 21 253 169 169 1 273 357 337 85 273 357 1 85 1 253 1 169 85 253 85 357 85 357 357 273 105 105 105 357 253 254 253 85 253 169 273 273 169 253 273 357 273 169 1 357 85 1 253 1 253 86 253 357 273 85 273 273 169 337 357 85 273 357 253 357 189 85 338 1 1 253 357 273 169 169 170 1 189 85 1 169 253 357 169 85 169 86 357 357 253 189 169 1 85 357 357 1 169 253 169 105 357 169 1 337 1 169 169 273 357 253 169 337 189 357 169 337 253 1 169 357 253 357 85 337 357 337 254 357 85 273 253 337 189 1 337 357 273 253 253 357 189 273 1 273 357 337 1 337 85 337 169 253 337 170 357 273 253 357 169 357 273 1 253 357 273 85 169 169 357 337 169 85 254 357 253 357 357 189 169 253 169 105 253 85 273 1 1 169 273 189 253 273 357 1 1 338 169 169 357 85 170 85 357 253 1 357 357 85 357 169 1 357 357 86 273 169 253 357 170 253 169 85 273 253 169 253 170 85 273 253 357 1 1 273 273 169 273 357 169 357 189 273 253 253 189 1 169 169 189 1 189 273 357 169 357 357 189 85 337 85 273 357 1 357 357 85 253 85 357 1 337 1 253 253 254 85 1 357 169 273 357 86 85 169 
c [Incremental] Max used label: 357.
c [Incremental] Label 357 is removed from searching.
c [Incremental] Solving for max label = 356:
c [Incremental] Solving duration: 934 ms.
s [Incremental] SAT (label = 356).
c [Incremental] Label assignment: 1 1 1 188 1 1 272 188 104 1 1 1 356 85 1 188 104 1 85 85 1 85 356 272 356 356 188 1 272 1 272 1 1 85 1 1 1 85 1 356 272 1 1 1 1 1 1 1 1 85 356 1 85 356 85 85 1 85 85 85 1 169 20 1 356 1 85 1 85 356 356 1 85 1 1 1 356 85 85 1 188 1 85 1 85 85 1 1 85 85 85 85 169 85 1 85 1 272 1 1 85 356 188 85 169 1 169 272 356 85 85 356 104 85 1 1 169 1 104 85 1 85 169 85 104 20 1 85 1 169 85 169 169 356 169 1 169 1 188 169 85 188 356 169 1 169 85 253 85 272 1 272 356 272 85 356 104 272 85 1 85 188 104 1 253 85 1 85 169 253 1 272 169 85 188 356 169 169 1 85 85 169 2 85 169 253 1 253 1 85 85 188 85 188 1 188 85 169 188 169 85 253 169 272 253 356 253 85 169 356 253 169 272 1 169 254 85 356 188 1 272 85 272 1 253 1 20 169 85 85 1 1 356 1 356 356 85 253 85 85 169 356 169 85 356 169 85 253 169 85 169 85 253 170 2 1 85 188 356 253 356 254 188 272 85 1 1 253 253 85 169 356 20 356 169 253 272 169 272 169 253 169 85 169 170 85 169 1 338 1 1 1 85 356 272 272 253 356 2 253 253 169 337 1 169 85 356 20 253 169 169 1 272 356 337 85 272 356 1 85 1 253 1 169 85 253 85 356 85 356 356 272 104 104 104 356 253 254 253 85 253 169 272 272 169 253 272 356 272 169 1 356 85 1 253 1 253 86 253 356 272 85 272 272 169 337 356 85 272 356 253 356 188 85 338 1 1 253 356 272 169 169 170 1 188 85 1 169 253 356 169 85 169 86 356 356 253 188 169 1 85 356 356 1 169 253 169 104 356 169 1 337 1 169 169 272 356 253 169 337 188 356 169 337 253 1 169 356 253 356 85 337 356 337 254 356 85 272 253 337 188 1 337 356 272 253 253 356 188 272 1 272 356 337 1 337 85 337 169 253 337 170 356 272 253 356 169 356 272 1 253 356 272 85 169 169 356 337 169 85 254 356 253 356 356 188 169 253 169 104 253 85 272 1 1 169 272 188 253 272 356 1 1 338 169 169 356 85 170 85 356 253 1 356 356 85 356 169 1 356 356 86 272 169 253 356 170 253 169 85 272 253 169 253 170 85 272 253 356 1 1 272 272 169 272 356 169 356 188 272 253 253 188 1 169 169 188 1 188 272 356 169 356 356 188 85 337 85 272 356 1 356 356 85 253 85 356 1 337 1 253 253 254 85 1 356 169 272 356 86 85 169 
c [Incremental] Max used label: 356.
c [Incremental] Label 356 is removed from searching.
c [Incremental] Solving for max label = 355:
c [Incremental] Solving duration: 944 ms.
s [Incremental] SAT (label = 355).
c [Incremental] Label assignment: 1 1 1 187 1 1 271 187 103 1 1 1 355 85 1 187 103 1 85 85 1 85 355 271 355 355 187 1 271 1 271 1 1 85 1 1 1 85 1 355 271 1 1 1 1 1 1 1 1 85 355 1 85 355 85 85 1 85 85 85 1 169 19 1 355 1 85 1 85 355 355 1 85 1 1 1 355 85 85 1 187 1 85 1 85 85 1 1 85 85 85 85 169 85 1 85 1 271 1 1 85 355 187 85 169 1 169 271 355 85 85 355 103 85 1 1 169 1 103 85 1 85 169 85 103 19 1 85 1 169 85 169 169 355 169 1 169 1 187 169 85 187 355 169 1 169 85 253 85 271 1 271 355 271 85 355 103 271 85 1 85 187 103 1 253 85 1 85 169 253 1 271 169 85 187 355 169 169 1 85 85 169 2 85 169 253 1 253 1 85 85 187 85 187 1 187 85 169 187 169 85 253 169 271 253 355 253 85 169 355 253 169 271 1 169 254 85 355 187 1 271 85 271 1 253 1 19 169 85 85 1 1 355 1 355 355 85 253 85 85 169 355 169 85 355 169 85 253 169 85 169 85 253 170 2 1 85 187 355 253 355 254 187 271 85 1 1 253 253 85 169 355 19 355 169 253 271 169 271 169 253 169 85 169 170 85 169 1 338 1 1 1 85 355 271 271 253 355 2 253 253 169 337 1 169 85 355 19 253 169 169 1 271 355 337 85 271 355 1 85 1 253 1 169 85 253 85 355 85 355 355 271 103 103 103 355 253 254 253 85 253 169 271 271 169 253 271 355 271 169 1 355 85 1 253 1 253 86 253 355 271 85 271 271 169 337 355 85 271 355 253 355 187 85 338 1 1 253 355 271 169 169 170 1 187 85 1 169 253 355 169 85 169 86 355 355 253 187 169 1 85 355 355 1 169 253 169 103 355 169 1 337 1 169 169 271 355 253 169 337 187 355 169 337 253 1 169 355 253 355 85 337 355 337 254 355 85 271 253 337 187 1 337 355 271 253 253 355 187 271 1 271 355 337 1 337 85 337 169 253 337 170 355 271 253 355 169 355 271 1 253 355 271 85 169 169 355 337 169 85 254 355 253 355 355 187 169 253 169 103 253 85 271 1 1 169 271 187 253 271 355 1 1 338 169 169 355 85 170 85 355 253 1 355 355 85 355 169 1 355 355 86 271 169 253 355 170 253 169 85 271 253 169 253 170 85 271 253 355 1 1 271 271 169 271 355 169 355 187 271 253 253 187 1 169 169 187 1 187 271 355 169 355 355 187 85 337 85 271 355 1 355 355 85 253 85 355 1 337 1 253 253 254 85 1 355 169 271 355 86 85 169 
c [Incremental] Max used label: 355.
c [Incremental] Label 355 is removed from searching.
c [Incremental] Solving for max label = 354:
c [Incremental] Solving duration: 939 ms.
s [Incremental] SAT (label = 354).
c [Incremental] Label assignment: 1 1 1 186 1 1 270 186 102 1 1 1 354 85 1 186 102 1 85 85 1 85 354 270 354 354 186 1 270 1 270 1 1 85 1 1 1 85 1 354 270 1 1 1 1 1 1 1 1 85 354 1 85 354 85 85 1 85 85 85 1 169 18 1 354 1 85 1 85 354 354 1 85 1 1 1 354 85 85 1 186 1 85 1 85 85 1 1 85 85 85 85 169 85 1 85 1 270 1 1 85 354 186 85 169 1 169 270 354 85 85 354 102 85 1 1 169 1 102 85 1 85 169 85 102 18 1 85 1 169 85 169 169 354 169 1 169 1 186 169 85 186 354 169 1 169 85 253 85 270 1 270 354 270 85 354 102 270 85 1 85 186 102 1 253 85 1 85 169 253 1 270 169 85 186 354 169 169 1 85 85 169 2 85 169 253 1 253 1 85 85 186 85 186 1 186 85 169 186 169 85 253 169 270 253 354 253 85 169 354 253 169 270 1 169 254 85 354 186 1 270 85 270 1 253 1 18 169 85 85 1 1 354 1 354 354 85 253 85 85 169 354 169 85 354 169 85 253 169 85 169 85 253 170 2 1 85 186 354 253 354 254 186 270 85 1 1 253 253 85 169 354 18 354 169 253 270 169 270 169 253 169 85 169 170 85 169 1 338 1 1 1 85 354 270 270 253 354 2 253 253 169 337 1 169 85 354 18 253 169 169 1 270 354 337 85 270 354 1 85 1 253 1 169 85 253 85 354 85 354 354 270 102 102 102 354 253 254 253 85 253 169 270 270 169 253 270 354 270 169 1 354 85 1 253 1 253 86 253 354 270 85 270 270 169 337 354 85 270 354 253 354 186 85 338 1 1 253 354 270 169 169 170 1 186 85 1 169 253 354 169 85 169 86 354 354 253 186 169 1 85 354 354 1 169 253 169 102 354 169 1 337 1 169 169 270 354 253 169 337 186 354 169 337 253 1 169 354 253 354 85 337 354 337 254 354 85 270 253 337 186 1 337 354 270 253 253 354 186 270 1 270 354 337 1 337 85 337 169 253 337 170 354 270 253 354 169 354 270 1 253 354 270 85 169 169 354 337 169 85 254 354 253 354 354 186 169 253 169 102 253 85 270 1 1 169 270 186 253 270 354 1 1 338 169 169 354 85 170 85 354 253 1 354 354 85 354 169 1 354 354 86 270 169 253 354 170 253 169 85 270 253 169 253 170 85 270 253 354 1 1 270 270 169 270 354 169 354 186 270 253 253 186 1 169 169 186 1 186 270 354 169 354 354 186 85 337 85 270 354 1 354 354 85 253 85 354 1 337 1 253 253 254 85 1 354 169 270 354 86 85 169 
c [Incremental] Max used label: 354.
c [Incremental] Label 354 is removed from searching.
c [Incremental] Solving for max label = 353:
c [Incremental] Solving duration: 928 ms.
s [Incremental] SAT (label = 353).
c [Incremental] Label assignment: 1 1 1 185 1 1 269 185 101 1 1 1 353 85 1 185 101 1 85 85 1 85 353 269 353 353 185 1 269 1 269 1 1 85 1 1 1 85 1 353 269 1 1 1 1 1 1 1 1 85 353 1 85 353 85 85 1 85 85 85 1 169 17 1 353 1 85 1 85 353 353 1 85 1 1 1 353 85 85 1 185 1 85 1 85 85 1 1 85 85 85 85 169 85 1 85 1 269 1 1 85 353 185 85 169 1 169 269 353 85 85 353 101 85 1 1 169 1 101 85 1 85 169 85 101 17 1 85 1 169 85 169 169 353 169 1 169 1 185 169 85 185 353 169 1 169 85 253 85 269 1 269 353 269 85 353 101 269 85 1 85 185 101 1 253 85 1 85 169 253 1 269 169 85 185 353 169 169 1 85 85 169 2 85 169 253 1 253 1 85 85 185 85 185 1 185 85 169 185 169 85 253 169 269 253 353 253 85 169 353 253 169 269 1 169 254 85 353 185 1 269 85 269 1 253 1 17 169 85 85 1 1 353 1 353 353 85 253 85 85 169 353 169 85 353 169 85 253 169 85 169 85 253 170 2 1 85 185 353 253 353 254 185 269 85 1 1 253 253 85 169 353 17 353 169 253 269 169 269 169 253 169 85 169 170 85 169 1 338 1 1 1 85 353 269 269 253 353 2 253 253 169 337 1 169 85 353 17 253 169 169 1 269 353 337 85 269 353 1 85 1 253 1 169 85 253 85 353 85 353 353 269 101 101 101 353 253 254 253 85 253 169 269 269 169 253 269 353 269 169 1 353 85 1 253 1 253 86 253 353 269 85 269 269 169 337 353 85 269 353 253 353 185 85 338 1 1 253 353 269 169 169 170 1 185 85 1 169 253 353 169 85 169 86 353 353 253 185 169 1 85 353 353 1 169 253 169 101 353 169 1 337 1 169 169 269 353 253 169 337 185 353 169 337 253 1 169 353 253 353 85 337 353 337 254 353 85 269 253 337 185 1 337 353 269 253 253 353 185 269 1 269 353 337 1 337 85 337 169 253 337 170 353 269 253 353 169 353 269 1 253 353 269 85 169 169 353 337 169 85 254 353 253 353 353 185 169 253 169 101 253 85 269 1 1 169 269 185 253 269 353 1 1 338 169 169 353 85 170 85 353 253 1 353 353 85 353 169 1 353 353 86 269 169 253 353 170 253 169 85 269 253 169 253 170 85 269 253 353 1 1 269 269 169 269 353 169 353 185 269 253 253 185 1 169 169 185 1 185 269 353 169 353 353 185 85 337 85 269 353 1 353 353 85 253 85 353 1 337 1 253 253 254 85 1 353 169 269 353 86 85 169 
c [Incremental] Max used label: 353.
c [Incremental] Label 353 is removed from searching.
c [Incremental] Solving for max label = 352:
c [Incremental] Solving duration: 926 ms.
s [Incremental] SAT (label = 352).
c [Incremental] Label assignment: 1 1 1 184 1 1 268 184 100 1 1 1 352 85 1 184 100 1 85 85 1 85 352 268 352 352 184 1 268 1 268 1 1 85 1 1 1 85 1 352 268 1 1 1 1 1 1 1 1 85 352 1 85 352 85 85 1 85 85 85 1 169 16 1 352 1 85 1 85 352 352 1 85 1 1 1 352 85 85 1 184 1 85 1 85 85 1 1 85 85 85 85 169 85 1 85 1 268 1 1 85 352 184 85 169 1 169 268 352 85 85 352 100 85 1 1 169 1 100 85 1 85 169 85 100 16 1 85 1 169 85 169 169 352 169 1 169 1 184 169 85 184 352 169 1 169 85 253 85 268 1 268 352 268 85 352 100 268 85 1 85 184 100 1 253 85 1 85 169 253 1 268 169 85 184 352 169 169 1 85 85 169 2 85 169 253 1 253 1 85 85 184 85 184 1 184 85 169 184 169 85 253 169 268 253 352 253 85 169 352 253 169 268 1 169 254 85 352 184 1 268 85 268 1 253 1 16 169 85 85 1 1 352 1 352 352 85 253 85 85 169 352 169 85 352 169 85 253 169 85 169 85 253 170 2 1 85 184 352 253 352 254 184 268 85 1 1 253 253 85 169 352 16 352 169 253 268 169 268 169 253 169 85 169 170 85 169 1 338 1 1 1 85 352 268 268 253 352 2 253 253 169 337 1 169 85 352 16 253 169 169 1 268 352 337 85 268 352 1 85 1 253 1 169 85 253 85 352 85 352 352 268 100 100 100 352 253 254 253 85 253 169 268 268 169 253 268 352 268 169 1 352 85 1 253 1 253 86 253 352 268 85 268 268 169 337 352 85 268 352 253 352 184 85 338 1 1 253 352 268 169 169 170 1 184 85 1 169 253 352 169 85 169 86 352 352 253 184 169 1 85 352 352 1 169 253 169 100 352 169 1 337 1 169 169 268 352 253 169 337 184 352 169 337 253 1 169 352 253 352 85 337 352 337 254 352 85 268 253 337 184 1 337 352 268 253 253 352 184 268 1 268 352 337 1 337 85 337 169 253 337 170 352 268 253 352 169 352 268 1 253 352 268 85 169 169 352 337 169 85 254 352 253 352 352 184 169 253 169 100 253 85 268 1 1 169 268 184 253 268 352 1 1 338 169 169 352 85 170 85 352 253 1 352 352 85 352 169 1 352 352 86 268 169 253 352 170 253 169 85 268 253 169 253 170 85 268 253 352 1 1 268 268 169 268 352 169 352 184 268 253 253 184 1 169 169 184 1 184 268 352 169 352 352 184 85 337 85 268 352 1 352 352 85 253 85 352 1 337 1 253 253 254 85 1 352 169 268 352 86 85 169 
c [Incremental] Max used label: 352.
c [Incremental] Label 352 is removed from searching.
c [Incremental] Solving for max label = 351:
c [Incremental] Solving duration: 941 ms.
s [Incremental] SAT (label = 351).
c [Incremental] Label assignment: 1 1 1 183 1 1 267 183 99 1 1 1 351 85 1 183 99 1 85 85 1 85 351 267 351 351 183 1 267 1 267 1 1 85 1 1 1 85 1 351 267 1 1 1 1 1 1 1 1 85 351 1 85 351 85 85 1 85 85 85 1 169 15 1 351 1 85 1 85 351 351 1 85 1 1 1 351 85 85 1 183 1 85 1 85 85 1 1 85 85 85 85 169 85 1 85 1 267 1 1 85 351 183 85 169 1 169 267 351 85 85 351 99 85 1 1 169 1 99 85 1 85 169 85 99 15 1 85 1 169 85 169 169 351 169 1 169 1 183 169 85 183 351 169 1 169 85 253 85 267 1 267 351 267 85 351 99 267 85 1 85 183 99 1 253 85 1 85 169 253 1 267 169 85 183 351 169 169 1 85 85 169 2 85 169 253 1 253 1 85 85 183 85 183 1 183 85 169 183 169 85 253 169 267 253 351 253 85 169 351 253 169 267 1 169 254 85 351 183 1 267 85 267 1 253 1 15 169 85 85 1 1 351 1 351 351 85 253 85 85 169 351 169 85 351 169 85 253 169 85 169 85 253 170 2 1 85 183 351 253 351 254 183 267 85 1 1 253 253 85 169 351 15 351 169 253 267 169 267 169 253 169 85 169 170 85 169 1 338 1 1 1 85 351 267 267 253 351 2 253 253 169 337 1 169 85 351 15 253 169 169 1 267 351 337 85 267 351 1 85 1 253 1 169 85 253 85 351 85 351 351 267 99 99 99 351 253 254 253 85 253 169 267 267 169 253 267 351 267 169 1 351 85 1 253 1 253 86 253 351 267 85 267 267 169 337 351 85 267 351 253 351 183 85 338 1 1 253 351 267 169 169 170 1 183 85 1 169 253 351 169 85 169 86 351 351 253 183 169 1 85 351 351 1 169 253 169 99 351 169 1 337 1 169 169 267 351 253 169 337 183 351 169 337 253 1 169 351 253 351 85 337 351 337 254 351 85 267 253 337 183 1 337 351 267 253 253 351 183 267 1 267 351 337 1 337 85 337 169 253 337 170 351 267 253 351 169 351 267 1 253 351 267 85 169 169 351 337 169 85 254 351 253 351 351 183 169 253 169 99 253 85 267 1 1 169 267 183 253 267 351 1 1 338 169 169 351 85 170 85 351 253 1 351 351 85 351 169 1 351 351 86 267 169 253 351 170 253 169 85 267 253 169 253 170 85 267 253 351 1 1 267 267 169 267 351 169 351 183 267 253 253 183 1 169 169 183 1 183 267 351 169 351 351 183 85 337 85 267 351 1 351 351 85 253 85 351 1 337 1 253 253 254 85 1 351 169 267 351 86 85 169 
c [Incremental] Max used label: 351.
c [Incremental] Label 351 is removed from searching.
c [Incremental] Solving for max label = 350:
c [Incremental] Solving duration: 925 ms.
s [Incremental] SAT (label = 350).
c [Incremental] Label assignment: 1 1 1 182 1 1 266 182 98 1 1 1 350 85 1 182 98 1 85 85 1 85 350 266 350 350 182 1 266 1 266 1 1 85 1 1 1 85 1 350 266 1 1 1 1 1 1 1 1 85 350 1 85 350 85 85 1 85 85 85 1 169 14 1 350 1 85 1 85 350 350 1 85 1 1 1 350 85 85 1 182 1 85 1 85 85 1 1 85 85 85 85 169 85 1 85 1 266 1 1 85 350 182 85 169 1 169 266 350 85 85 350 98 85 1 1 169 1 98 85 1 85 169 85 98 14 1 85 1 169 85 169 169 350 169 1 169 1 182 169 85 182 350 169 1 169 85 253 85 266 1 266 350 266 85 350 98 266 85 1 85 182 98 1 253 85 1 85 169 253 1 266 169 85 182 350 169 169 1 85 85 169 2 85 169 253 1 253 1 85 85 182 85 182 1 182 85 169 182 169 85 253 169 266 253 350 253 85 169 350 253 169 266 1 169 254 85 350 182 1 266 85 266 1 253 1 14 169 85 85 1 1 350 1 350 350 85 253 85 85 169 350 169 85 350 169 85 253 169 85 169 85 253 170 2 1 85 182 350 253 350 254 182 266 85 1 1 253 253 85 169 350 14 350 169 253 266 169 266 169 253 169 85 169 170 85 169 1 338 1 1 1 85 350 266 266 253 350 2 253 253 169 337 1 169 85 350 14 253 169 169 1 266 350 337 85 266 350 1 85 1 253 1 169 85 253 85 350 85 350 350 266 98 98 98 350 253 254 253 85 253 169 266 266 169 253 266 350 266 169 1 350 85 1 253 1 253 86 253 350 266 85 266 266 169 337 350 85 266 350 253 350 182 85 338 1 1 253 350 266 169 169 170 1 182 85 1 169 253 350 169 85 169 86 350 350 253 182 169 1 85 350 350 1 169 253 169 98 350 169 1 337 1 169 169 266 350 253 169 337 182 350 169 337 253 1 169 350 253 350 85 337 350 337 254 350 85 266 253 337 182 1 337 350 266 253 253 350 182 266 1 266 350 337 1 337 85 337 169 253 337 170 350 266 253 350 169 350 266 1 253 350 266 85 169 169 350 337 169 85 254 350 253 350 350 182 169 253 169 98 253 85 266 1 1 169 266 182 253 266 350 1 1 338 169 169 350 85 170 85 350 253 1 350 350 85 350 169 1 350 350 86 266 169 253 350 170 253 169 85 266 253 169 253 170 85 266 253 350 1 1 266 266 169 266 350 169 350 182 266 253 253 182 1 169 169 182 1 182 266 350 169 350 350 182 85 337 85 266 350 1 350 350 85 253 85 350 1 337 1 253 253 254 85 1 350 169 266 350 86 85 169 
c [Incremental] Max used label: 350.
c [Incremental] Label 350 is removed from searching.
c [Incremental] Solving for max label = 349:
c [Incremental] Solving duration: 936 ms.
s [Incremental] SAT (label = 349).
c [Incremental] Label assignment: 1 1 1 181 1 1 265 181 97 1 1 1 349 85 1 181 97 1 85 85 1 85 349 265 349 349 181 1 265 1 265 1 1 85 1 1 1 85 1 349 265 1 1 1 1 1 1 1 1 85 349 1 85 349 85 85 1 85 85 85 1 169 13 1 349 1 85 1 85 349 349 1 85 1 1 1 349 85 85 1 181 1 85 1 85 85 1 1 85 85 85 85 169 85 1 85 1 265 1 1 85 349 181 85 169 1 169 265 349 85 85 349 97 85 1 1 169 1 97 85 1 85 169 85 97 13 1 85 1 169 85 169 169 349 169 1 169 1 181 169 85 181 349 169 1 169 85 253 85 265 1 265 349 265 85 349 97 265 85 1 85 181 97 1 253 85 1 85 169 253 1 265 169 85 181 349 169 169 1 85 85 169 2 85 169 253 1 253 1 85 85 181 85 181 1 181 85 169 181 169 85 253 169 265 253 349 253 85 169 349 253 169 265 1 169 254 85 349 181 1 265 85 265 1 253 1 13 169 85 85 1 1 349 1 349 349 85 253 85 85 169 349 169 85 349 169 85 253 169 85 169 85 253 170 2 1 85 181 349 253 349 254 181 265 85 1 1 253 253 85 169 349 13 349 169 253 265 169 265 169 253 169 85 169 170 85 169 1 338 1 1 1 85 349 265 265 253 349 2 253 253 169 337 1 169 85 349 13 253 169 169 1 265 349 337 85 265 349 1 85 1 253 1 169 85 253 85 349 85 349 349 265 97 97 97 349 253 254 253 85 253 169 265 265 169 253 265 349 265 169 1 349 85 1 253 1 253 86 253 349 265 85 265 265 169 337 349 85 265 349 253 349 181 85 338 1 1 253 349 265 169 169 170 1 181 85 1 169 253 349 169 85 169 86 349 349 253 181 169 1 85 349 349 1 169 253 169 97 349 169 1 337 1 169 169 265 349 253 169 337 181 349 169 337 253 1 169 349 253 349 85 337 349 337 254 349 85 265 253 337 181 1 337 349 265 253 253 349 181 265 1 265 349 337 1 337 85 337 169 253 337 170 349 265 253 349 169 349 265 1 253 349 265 85 169 169 349 337 169 85 254 349 253 349 349 181 169 253 169 97 253 85 265 1 1 169 265 181 253 265 349 1 1 338 169 169 349 85 170 85 349 253 1 349 349 85 349 169 1 349 349 86 265 169 253 349 170 253 169 85 265 253 169 253 170 85 265 253 349 1 1 265 265 169 265 349 169 349 181 265 253 253 181 1 169 169 181 1 181 265 349 169 349 349 181 85 337 85 265 349 1 349 349 85 253 85 349 1 337 1 253 253 254 85 1 349 169 265 349 86 85 169 
c [Incremental] Max used label: 349.
c [Incremental] Label 349 is removed from searching.
c [Incremental] Solving for max label = 348:
c [Incremental] Solving duration: 937 ms.
s [Incremental] SAT (label = 348).
c [Incremental] Label assignment: 1 1 1 180 1 1 264 180 96 1 1 1 348 85 1 180 96 1 85 85 1 85 348 264 348 348 180 1 264 1 264 1 1 85 1 1 1 85 1 348 264 1 1 1 1 1 1 1 1 85 348 1 85 348 85 85 1 85 85 85 1 169 12 1 348 1 85 1 85 348 348 1 85 1 1 1 348 85 85 1 180 1 85 1 85 85 1 1 85 85 85 85 169 85 1 85 1 264 1 1 85 348 180 85 169 1 169 264 348 85 85 348 96 85 1 1 169 1 96 85 1 85 169 85 96 12 1 85 1 169 85 169 169 348 169 1 169 1 180 169 85 180 348 169 1 169 85 253 85 264 1 264 348 264 85 348 96 264 85 1 85 180 96 1 253 85 1 85 169 253 1 264 169 85 180 348 169 169 1 85 85 169 2 85 169 253 1 253 1 85 85 180 85 180 1 180 85 169 180 169 85 253 169 264 253 348 253 85 169 348 253 169 264 1 169 254 85 348 180 1 264 85 264 1 253 1 12 169 85 85 1 1 348 1 348 348 85 253 85 85 169 348 169 85 348 169 85 253 169 85 169 85 253 170 2 1 85 180 348 253 348 254 180 264 85 1 1 253 253 85 169 348 12 348 169 253 264 169 264 169 253 169 85 169 170 85 169 1 338 1 1 1 85 348 264 264 253 348 2 253 253 169 337 1 169 85 348 12 253 169 169 1 264 348 337 85 264 348 1 85 1 253 1 169 85 253 85 348 85 348 348 264 96 96 96 348 253 254 253 85 253 169 264 264 169 253 264 348 264 169 1 348 85 1 253 1 253 86 253 348 264 85 264 264 169 337 348 85 264 348 253 348 180 85 338 1 1 253 348 264 169 169 170 1 180 85 1 169 253 348 169 85 169 86 348 348 253 180 169 1 85 348 348 1 169 253 169 96 348 169 1 337 1 169 169 264 348 253 169 337 180 348 169 337 253 1 169 348 253 348 85 337 348 337 254 348 85 264 253 337 180 1 337 348 264 253 253 348 180 264 1 264 348 337 1 337 85 337 169 253 337 170 348 264 253 348 169 348 264 1 253 348 264 85 169 169 348 337 169 85 254 348 253 348 348 180 169 253 169 96 253 85 264 1 1 169 264 180 253 264 348 1 1 338 169 169 348 85 170 85 348 253 1 348 348 85 348 169 1 348 348 86 264 169 253 348 170 253 169 85 264 253 169 253 170 85 264 253 348 1 1 264 264 169 264 348 169 348 180 264 253 253 180 1 169 169 180 1 180 264 348 169 348 348 180 85 337 85 264 348 1 348 348 85 253 85 348 1 337 1 253 253 254 85 1 348 169 264 348 86 85 169 
c [Incremental] Max used label: 348.
c [Incremental] Label 348 is removed from searching.
c [Incremental] Solving for max label = 347:
c [Incremental] Solving duration: 927 ms.
s [Incremental] SAT (label = 347).
c [Incremental] Label assignment: 1 1 1 179 1 1 263 179 95 1 1 1 347 85 1 179 95 1 85 85 1 85 347 263 347 347 179 1 263 1 263 1 1 85 1 1 1 85 1 347 263 1 1 1 1 1 1 1 1 85 347 1 85 347 85 85 1 85 85 85 1 169 11 1 347 1 85 1 85 347 347 1 85 1 1 1 347 85 85 1 179 1 85 1 85 85 1 1 85 85 85 85 169 85 1 85 1 263 1 1 85 347 179 85 169 1 169 263 347 85 85 347 95 85 1 1 169 1 95 85 1 85 169 85 95 11 1 85 1 169 85 169 169 347 169 1 169 1 179 169 85 179 347 169 1 169 85 253 85 263 1 263 347 263 85 347 95 263 85 1 85 179 95 1 253 85 1 85 169 253 1 263 169 85 179 347 169 169 1 85 85 169 2 85 169 253 1 253 1 85 85 179 85 179 1 179 85 169 179 169 85 253 169 263 253 347 253 85 169 347 253 169 263 1 169 254 85 347 179 1 263 85 263 1 253 1 11 169 85 85 1 1 347 1 347 347 85 253 85 85 169 347 169 85 347 169 85 253 169 85 169 85 253 170 2 1 85 179 347 253 347 254 179 263 85 1 1 253 253 85 169 347 11 347 169 253 263 169 263 169 253 169 85 169 170 85 169 1 338 1 1 1 85 347 263 263 253 347 2 253 253 169 337 1 169 85 347 11 253 169 169 1 263 347 337 85 263 347 1 85 1 253 1 169 85 253 85 347 85 347 347 263 95 95 95 347 253 254 253 85 253 169 263 263 169 253 263 347 263 169 1 347 85 1 253 1 253 86 253 347 263 85 263 263 169 337 347 85 263 347 253 347 179 85 338 1 1 253 347 263 169 169 170 1 179 85 1 169 253 347 169 85 169 86 347 347 253 179 169 1 85 347 347 1 169 253 169 95 347 169 1 337 1 169 169 263 347 253 169 337 179 347 169 337 253 1 169 347 253 347 85 337 347 337 254 347 85 263 253 337 179 1 337 347 263 253 253 347 179 263 1 263 347 337 1 337 85 337 169 253 337 170 347 263 253 347 169 347 263 1 253 347 263 85 169 169 347 337 169 85 254 347 253 347 347 179 169 253 169 95 253 85 263 1 1 169 263 179 253 263 347 1 1 338 169 169 347 85 170 85 347 253 1 347 347 85 347 169 1 347 347 86 263 169 253 347 170 253 169 85 263 253 169 253 170 85 263 253 347 1 1 263 263 169 263 347 169 347 179 263 253 253 179 1 169 169 179 1 179 263 347 169 347 347 179 85 337 85 263 347 1 347 347 85 253 85 347 1 337 1 253 253 254 85 1 347 169 263 347 86 85 169 
c [Incremental] Max used label: 347.
c [Incremental] Label 347 is removed from searching.
c [Incremental] Solving for max label = 346:
c [Incremental] Solving duration: 940 ms.
s [Incremental] SAT (label = 346).
c [Incremental] Label assignment: 1 1 1 178 1 1 262 178 94 1 1 1 346 85 1 178 94 1 85 85 1 85 346 262 346 346 178 1 262 1 262 1 1 85 1 1 1 85 1 346 262 1 1 1 1 1 1 1 1 85 346 1 85 346 85 85 1 85 85 85 1 169 10 1 346 1 85 1 85 346 346 1 85 1 1 1 346 85 85 1 178 1 85 1 85 85 1 1 85 85 85 85 169 85 1 85 1 262 1 1 85 346 178 85 169 1 169 262 346 85 85 346 94 85 1 1 169 1 94 85 1 85 169 85 94 10 1 85 1 169 85 169 169 346 169 1 169 1 178 169 85 178 346 169 1 169 85 253 85 262 1 262 346 262 85 346 94 262 85 1 85 178 94 1 253 85 1 85 169 253 1 262 169 85 178 346 169 169 1 85 85 169 2 85 169 253 1 253 1 85 85 178 85 178 1 178 85 169 178 169 85 253 169 262 253 346 253 85 169 346 253 169 262 1 169 254 85 346 178 1 262 85 262 1 253 1 10 169 85 85 1 1 346 1 346 346 85 253 85 85 169 346 169 85 346 169 85 253 169 85 169 85 253 170 2 1 85 178 346 253 346 254 178 262 85 1 1 253 253 85 169 346 10 346 169 253 262 169 262 169 253 169 85 169 170 85 169 1 338 1 1 1 85 346 262 262 253 346 2 253 253 169 337 1 169 85 346 10 253 169 169 1 262 346 337 85 262 346 1 85 1 253 1 169 85 253 85 346 85 346 346 262 94 94 94 346 253 254 253 85 253 169 262 262 169 253 262 346 262 169 1 346 85 1 253 1 253 86 253 346 262 85 262 262 169 337 346 85 262 346 253 346 178 85 338 1 1 253 346 262 169 169 170 1 178 85 1 169 253 346 169 85 169 86 346 346 253 178 169 1 85 346 346 1 169 253 169 94 346 169 1 337 1 169 169 262 346 253 169 337 178 346 169 337 253 1 169 346 253 346 85 337 346 337 254 346 85 262 253 337 178 1 337 346 262 253 253 346 178 262 1 262 346 337 1 337 85 337 169 253 337 170 346 262 253 346 169 346 262 1 253 346 262 85 169 169 346 337 169 85 254 346 253 346 346 178 169 253 169 94 253 85 262 1 1 169 262 178 253 262 346 1 1 338 169 169 346 85 170 85 346 253 1 346 346 85 346 169 1 346 346 86 262 169 253 346 170 253 169 85 262 253 169 253 170 85 262 253 346 1 1 262 262 169 262 346 169 346 178 262 253 253 178 1 169 169 178 1 178 262 346 169 346 346 178 85 337 85 262 346 1 346 346 85 253 85 346 1 337 1 253 253 254 85 1 346 169 262 346 86 85 169 
c [Incremental] Max used label: 346.
c [Incremental] Label 346 is removed from searching.
c [Incremental] Solving for max label = 345:
c [Incremental] Solving duration: 935 ms.
s [Incremental] SAT (label = 345).
c [Incremental] Label assignment: 1 1 1 177 1 1 261 177 93 1 1 1 345 85 1 177 93 1 85 85 1 85 345 261 345 345 177 1 261 1 261 1 1 85 1 1 1 85 1 345 261 1 1 1 1 1 1 1 1 85 345 1 85 345 85 85 1 85 85 85 1 169 9 1 345 1 85 1 85 345 345 1 85 1 1 1 345 85 85 1 177 1 85 1 85 85 1 1 85 85 85 85 169 85 1 85 1 261 1 1 85 345 177 85 169 1 169 261 345 85 85 345 93 85 1 1 169 1 93 85 1 85 169 85 93 9 1 85 1 169 85 169 169 345 169 1 169 1 177 169 85 177 345 169 1 169 85 253 85 261 1 261 345 261 85 345 93 261 85 1 85 177 93 1 253 85 1 85 169 253 1 261 169 85 177 345 169 169 1 85 85 169 2 85 169 253 1 253 1 85 85 177 85 177 1 177 85 169 177 169 85 253 169 261 253 345 253 85 169 345 253 169 261 1 169 254 85 345 177 1 261 85 261 1 253 1 9 169 85 85 1 1 345 1 345 345 85 253 85 85 169 345 169 85 345 169 85 253 169 85 169 85 253 170 2 1 85 177 345 253 345 254 177 261 85 1 1 253 253 85 169 345 9 345 169 253 261 169 261 169 253 169 85 169 170 85 169 1 338 1 1 1 85 345 261 261 253 345 2 253 253 169 337 1 169 85 345 9 253 169 169 1 261 345 337 85 261 345 1 85 1 253 1 169 85 253 85 345 85 345 345 261 93 93 93 345 253 254 253 85 253 169 261 261 169 253 261 345 261 169 1 345 85 1 253 1 253 86 253 345 261 85 261 261 169 337 345 85 261 345 253 345 177 85 338 1 1 253 345 261 169 169 170 1 177 85 1 169 253 345 169 85 169 86 345 345 253 177 169 1 85 345 345 1 169 253 169 93 345 169 1 337 1 169 169 261 345 253 169 337 177 345 169 337 253 1 169 345 253 345 85 337 345 337 254 345 85 261 253 337 177 1 337 345 261 253 253 345 177 261 1 261 345 337 1 337 85 337 169 253 337 170 345 261 253 345 169 345 261 1 253 345 261 85 169 169 345 337 169 85 254 345 253 345 345 177 169 253 169 93 253 85 261 1 1 169 261 177 253 261 345 1 1 338 169 169 345 85 170 85 345 253 1 345 345 85 345 169 1 345 345 86 261 169 253 345 170 253 169 85 261 253 169 253 170 85 261 253 345 1 1 261 261 169 261 345 169 345 177 261 253 253 177 1 169 169 177 1 177 261 345 169 345 345 177 85 337 85 261 345 1 345 345 85 253 85 345 1 337 1 253 253 254 85 1 345 169 261 345 86 85 169 
c [Incremental] Max used label: 345.
c [Incremental] Label 345 is removed from searching.
c [Incremental] Solving for max label = 344:
c [Incremental] Solving duration: 938 ms.
s [Incremental] SAT (label = 344).
c [Incremental] Label assignment: 1 1 1 176 1 1 260 176 92 1 1 1 344 85 1 176 92 1 85 85 1 85 344 260 344 344 176 1 260 1 260 1 1 85 1 1 1 85 1 344 260 1 1 1 1 1 1 1 1 85 344 1 85 344 85 85 1 85 85 85 1 169 8 1 344 1 85 1 85 344 344 1 85 1 1 1 344 85 85 1 176 1 85 1 85 85 1 1 85 85 85 85 169 85 1 85 1 260 1 1 85 344 176 85 169 1 169 260 344 85 85 344 92 85 1 1 169 1 92 85 1 85 169 85 92 8 1 85 1 169 85 169 169 344 169 1 169 1 176 169 85 176 344 169 1 169 85 253 85 260 1 260 344 260 85 344 92 260 85 1 85 176 92 1 253 85 1 85 169 253 1 260 169 85 176 344 169 169 1 85 85 169 2 85 169 253 1 253 1 85 85 176 85 176 1 176 85 169 176 169 85 253 169 260 253 344 253 85 169 344 253 169 260 1 169 254 85 344 176 1 260 85 260 1 253 1 8 169 85 85 1 1 344 1 344 344 85 253 85 85 169 344 169 85 344 169 85 253 169 85 169 85 253 170 2 1 85 176 344 253 344 254 176 260 85 1 1 253 253 85 169 344 8 344 169 253 260 169 260 169 253 169 85 169 170 85 169 1 338 1 1 1 85 344 260 260 253 344 2 253 253 169 337 1 169 85 344 8 253 169 169 1 260 344 337 85 260 344 1 85 1 253 1 169 85 253 85 344 85 344 344 260 92 92 92 344 253 254 253 85 253 169 260 260 169 253 260 344 260 169 1 344 85 1 253 1 253 86 253 344 260 85 260 260 169 337 344 85 260 344 253 344 176 85 338 1 1 253 344 260 169 169 170 1 176 85 1 169 253 344 169 85 169 86 344 344 253 176 169 1 85 344 344 1 169 253 169 92 344 169 1 337 1 169 169 260 344 253 169 337 176 344 169 337 253 1 169 344 253 344 85 337 344 337 254 344 85 260 253 337 176 1 337 344 260 253 253 344 176 260 1 260 344 337 1 337 85 337 169 253 337 170 344 260 253 344 169 344 260 1 253 344 260 85 169 169 344 337 169 85 254 344 253 344 344 176 169 253 169 92 253 85 260 1 1 169 260 176 253 260 344 1 1 338 169 169 344 85 170 85 344 253 1 344 344 85 344 169 1 344 344 86 260 169 253 344 170 253 169 85 260 253 169 253 170 85 260 253 344 1 1 260 260 169 260 344 169 344 176 260 253 253 176 1 169 169 176 1 176 260 344 169 344 344 176 85 337 85 260 344 1 344 344 85 253 85 344 1 337 1 253 253 254 85 1 344 169 260 344 86 85 169 
c [Incremental] Max used label: 344.
c [Incremental] Label 344 is removed from searching.
c [Incremental] Solving for max label = 343:
c [Incremental] Solving duration: 940 ms.
s [Incremental] SAT (label = 343).
c [Incremental] Label assignment: 1 1 1 175 1 1 259 175 91 1 1 1 343 85 1 175 91 1 85 85 1 85 343 259 343 343 175 1 259 1 259 1 1 85 1 1 1 85 1 343 259 1 1 1 1 1 1 1 1 85 343 1 85 343 85 85 1 85 85 85 1 169 7 1 343 1 85 1 85 343 343 1 85 1 1 1 343 85 85 1 175 1 85 1 85 85 1 1 85 85 85 85 169 85 1 85 1 259 1 1 85 343 175 85 169 1 169 259 343 85 85 343 91 85 1 1 169 1 91 85 1 85 169 85 91 7 1 85 1 169 85 169 169 343 169 1 169 1 175 169 85 175 343 169 1 169 85 253 85 259 1 259 343 259 85 343 91 259 85 1 85 175 91 1 253 85 1 85 169 253 1 259 169 85 175 343 169 169 1 85 85 169 2 85 169 253 1 253 1 85 85 175 85 175 1 175 85 169 175 169 85 253 169 259 253 343 253 85 169 343 253 169 259 1 169 254 85 343 175 1 259 85 259 1 253 1 7 169 85 85 1 1 343 1 343 343 85 253 85 85 169 343 169 85 343 169 85 253 169 85 169 85 253 170 2 1 85 175 343 253 343 254 175 259 85 1 1 253 253 85 169 343 7 343 169 253 259 169 259 169 253 169 85 169 170 85 169 1 338 1 1 1 85 343 259 259 253 343 2 253 253 169 337 1 169 85 343 7 253 169 169 1 259 343 337 85 259 343 1 85 1 253 1 169 85 253 85 343 85 343 343 259 91 91 91 343 253 254 253 85 253 169 259 259 169 253 259 343 259 169 1 343 85 1 253 1 253 86 253 343 259 85 259 259 169 337 343 85 259 343 253 343 175 85 338 1 1 253 343 259 169 169 170 1 175 85 1 169 253 343 169 85 169 86 343 343 253 175 169 1 85 343 343 1 169 253 169 91 343 169 1 337 1 169 169 259 343 253 169 337 175 343 169 337 253 1 169 343 253 343 85 337 343 337 254 343 85 259 253 337 175 1 337 343 259 253 253 343 175 259 1 259 343 337 1 337 85 337 169 253 337 170 343 259 253 343 169 343 259 1 253 343 259 85 169 169 343 337 169 85 254 343 253 343 343 175 169 253 169 91 253 85 259 1 1 169 259 175 253 259 343 1 1 338 169 169 343 85 170 85 343 253 1 343 343 85 343 169 1 343 343 86 259 169 253 343 170 253 169 85 259 253 169 253 170 85 259 253 343 1 1 259 259 169 259 343 169 343 175 259 253 253 175 1 169 169 175 1 175 259 343 169 343 343 175 85 337 85 259 343 1 343 343 85 253 85 343 1 337 1 253 253 254 85 1 343 169 259 343 86 85 169 
c [Incremental] Max used label: 343.
c [Incremental] Label 343 is removed from searching.
c [Incremental] Solving for max label = 342:
c [Incremental] Solving duration: 929 ms.
s [Incremental] SAT (label = 342).
c [Incremental] Label assignment: 1 1 1 174 1 1 258 174 90 1 1 1 342 85 1 174 90 1 85 85 1 85 342 258 342 342 174 1 258 1 258 1 1 85 1 1 1 85 1 342 258 1 1 1 1 1 1 1 1 85 342 1 85 342 85 85 1 85 85 85 1 169 6 1 342 1 85 1 85 342 342 1 85 1 1 1 342 85 85 1 174 1 85 1 85 85 1 1 85 85 85 85 169 85 1 85 1 258 1 1 85 342 174 85 169 1 169 258 342 85 85 342 90 85 1 1 169 1 90 85 1 85 169 85 90 6 1 85 1 169 85 169 169 342 169 1 169 1 174 169 85 174 342 169 1 169 85 253 85 258 1 258 342 258 85 342 90 258 85 1 85 174 90 1 253 85 1 85 169 253 1 258 169 85 174 342 169 169 1 85 85 169 2 85 169 253 1 253 1 85 85 174 85 174 1 174 85 169 174 169 85 253 169 258 253 342 253 85 169 342 253 169 258 1 169 254 85 342 174 1 258 85 258 1 253 1 6 169 85 85 1 1 342 1 342 342 85 253 85 85 169 342 169 85 342 169 85 253 169 85 169 85 253 170 2 1 85 174 342 253 342 254 174 258 85 1 1 253 253 85 169 342 6 342 169 253 258 169 258 169 253 169 85 169 170 85 169 1 338 1 1 1 85 342 258 258 253 342 2 253 253 169 337 1 169 85 342 6 253 169 169 1 258 342 337 85 258 342 1 85 1 253 1 169 85 253 85 342 85 342 342 258 90 90 90 342 253 254 253 85 253 169 258 258 169 253 258 342 258 169 1 342 85 1 253 1 253 86 253 342 258 85 258 258 169 337 342 85 258 342 253 342 174 85 338 1 1 253 342 258 169 169 170 1 174 85 1 169 253 342 169 85 169 86 342 342 253 174 169 1 85 342 342 1 169 253 169 90 342 169 1 337 1 169 169 258 342 253 169 337 174 342 169 337 253 1 169 342 253 342 85 337 342 337 254 342 85 258 253 337 174 1 337 342 258 253 253 342 174 258 1 258 342 337 1 337 85 337 169 253 337 170 342 258 253 342 169 342 258 1 253 342 258 85 169 169 342 337 169 85 254 342 253 342 342 174 169 253 169 90 253 85 258 1 1 169 258 174 253 258 342 1 1 338 169 169 342 85 170 85 342 253 1 342 342 85 342 169 1 342 342 86 258 169 253 342 170 253 169 85 258 253 169 253 170 85 258 253 342 1 1 258 258 169 258 342 169 342 174 258 253 253 174 1 169 169 174 1 174 258 342 169 342 342 174 85 337 85 258 342 1 342 342 85 253 85 342 1 337 1 253 253 254 85 1 342 169 258 342 86 85 169 
c [Incremental] Max used label: 342.
c [Incremental] Label 342 is removed from searching.
c [Incremental] Solving for max label = 341:
c [Incremental] Solving duration: 943 ms.
s [Incremental] SAT (label = 341).
c [Incremental] Label assignment: 1 1 1 173 1 1 257 173 89 1 1 1 341 85 1 173 89 1 85 85 1 85 341 257 341 341 173 1 257 1 257 1 1 85 1 1 1 85 1 341 257 1 1 1 1 1 1 1 1 85 341 1 85 341 85 85 1 85 85 85 1 169 5 1 341 1 85 1 85 341 341 1 85 1 1 1 341 85 85 1 173 1 85 1 85 85 1 1 85 85 85 85 169 85 1 85 1 257 1 1 85 341 173 85 169 1 169 257 341 85 85 341 89 85 1 1 169 1 89 85 1 85 169 85 89 5 1 85 1 169 85 169 169 341 169 1 169 1 173 169 85 173 341 169 1 169 85 253 85 257 1 257 341 257 85 341 89 257 85 1 85 173 89 1 253 85 1 85 169 253 1 257 169 85 173 341 169 169 1 85 85 169 2 85 169 253 1 253 1 85 85 173 85 173 1 173 85 169 173 169 85 253 169 257 253 341 253 85 169 341 253 169 257 1 169 254 85 341 173 1 257 85 257 1 253 1 5 169 85 85 1 1 341 1 341 341 85 253 85 85 169 341 169 85 341 169 85 253 169 85 169 85 253 170 2 1 85 173 341 253 341 254 173 257 85 1 1 253 253 85 169 341 5 341 169 253 257 169 257 169 253 169 85 169 170 85 169 1 338 1 1 1 85 341 257 257 253 341 2 253 253 169 337 1 169 85 341 5 253 169 169 1 257 341 337 85 257 341 1 85 1 253 1 169 85 253 85 341 85 341 341 257 89 89 89 341 253 254 253 85 253 169 257 257 169 253 257 341 257 169 1 341 85 1 253 1 253 86 253 341 257 85 257 257 169 337 341 85 257 341 253 341 173 85 338 1 1 253 341 257 169 169 170 1 173 85 1 169 253 341 169 85 169 86 341 341 253 173 169 1 85 341 341 1 169 253 169 89 341 169 1 337 1 169 169 257 341 253 169 337 173 341 169 337 253 1 169 341 253 341 85 337 341 337 254 341 85 257 253 337 173 1 337 341 257 253 253 341 173 257 1 257 341 337 1 337 85 337 169 253 337 170 341 257 253 341 169 341 257 1 253 341 257 85 169 169 341 337 169 85 254 341 253 341 341 173 169 253 169 89 253 85 257 1 1 169 257 173 253 257 341 1 1 338 169 169 341 85 170 85 341 253 1 341 341 85 341 169 1 341 341 86 257 169 253 341 170 253 169 85 257 253 169 253 170 85 257 253 341 1 1 257 257 169 257 341 169 341 173 257 253 253 173 1 169 169 173 1 173 257 341 169 341 341 173 85 337 85 257 341 1 341 341 85 253 85 341 1 337 1 253 253 254 85 1 341 169 257 341 86 85 169 
c [Incremental] Max used label: 341.
c [Incremental] Label 341 is removed from searching.
c [Incremental] Solving for max label = 340:
c [Incremental] Solving duration: 937 ms.
s [Incremental] SAT (label = 340).
c [Incremental] Label assignment: 1 1 1 172 1 1 256 172 88 1 1 1 340 85 1 172 88 1 85 85 1 85 340 256 340 340 172 1 256 1 256 1 1 85 1 1 1 85 1 340 256 1 1 1 1 1 1 1 1 85 340 1 85 340 85 85 1 85 85 85 1 169 4 1 340 1 85 1 85 340 340 1 85 1 1 1 340 85 85 1 172 1 85 1 85 85 1 1 85 85 85 85 169 85 1 85 1 256 1 1 85 340 172 85 169 1 169 256 340 85 85 340 88 85 1 1 169 1 88 85 1 85 169 85 88 4 1 85 1 169 85 169 169 340 169 1 169 1 172 169 85 172 340 169 1 169 85 253 85 256 1 256 340 256 85 340 88 256 85 1 85 172 88 1 253 85 1 85 169 253 1 256 169 85 172 340 169 169 1 85 85 169 2 85 169 253 1 253 1 85 85 172 85 172 1 172 85 169 172 169 85 253 169 256 253 340 253 85 169 340 253 169 256 1 169 254 85 340 172 1 256 85 256 1 253 1 4 169 85 85 1 1 340 1 340 340 85 253 85 85 169 340 169 85 340 169 85 253 169 85 169 85 253 170 2 1 85 172 340 253 340 254 172 256 85 1 1 253 253 85 169 340 4 340 169 253 256 169 256 169 253 169 85 169 170 85 169 1 338 1 1 1 85 340 256 256 253 340 2 253 253 169 337 1 169 85 340 4 253 169 169 1 256 340 337 85 256 340 1 85 1 253 1 169 85 253 85 340 85 340 340 256 88 88 88 340 253 254 253 85 253 169 256 256 169 253 256 340 256 169 1 340 85 1 253 1 253 86 253 340 256 85 256 256 169 337 340 85 256 340 253 340 172 85 338 1 1 253 340 256 169 169 170 1 172 85 1 169 253 340 169 85 169 86 340 340 253 172 169 1 85 340 340 1 169 253 169 88 340 169 1 337 1 169 169 256 340 253 169 337 172 340 169 337 253 1 169 340 253 340 85 337 340 337 254 340 85 256 253 337 172 1 337 340 256 253 253 340 172 256 1 256 340 337 1 337 85 337 169 253 337 170 340 256 253 340 169 340 256 1 253 340 256 85 169 169 340 337 169 85 254 340 253 340 340 172 169 253 169 88 253 85 256 1 1 169 256 172 253 256 340 1 1 338 169 169 340 85 170 85 340 253 1 340 340 85 340 169 1 340 340 86 256 169 253 340 170 253 169 85 256 253 169 253 170 85 256 253 340 1 1 256 256 169 256 340 169 340 172 256 253 253 172 1 169 169 172 1 172 256 340 169 340 340 172 85 337 85 256 340 1 340 340 85 253 85 340 1 337 1 253 253 254 85 1 340 169 256 340 86 85 169 
c [Incremental] Max used label: 340.
c [Incremental] Label 340 is removed from searching.
c [Incremental] Solving for max label = 339:
c [Incremental] Solving duration: 937 ms.
s [Incremental] SAT (label = 339).
c [Incremental] Label assignment: 1 1 1 171 1 1 255 171 87 1 1 1 339 85 1 171 87 1 85 85 1 85 339 255 339 339 171 1 255 1 255 1 1 85 1 1 1 85 1 339 255 1 1 1 1 1 1 1 1 85 339 1 85 339 85 85 1 85 85 85 1 169 3 1 339 1 85 1 85 339 339 1 85 1 1 1 339 85 85 1 171 1 85 1 85 85 1 1 85 85 85 85 169 85 1 85 1 255 1 1 85 339 171 85 169 1 169 255 339 85 85 339 87 85 1 1 169 1 87 85 1 85 169 85 87 3 1 85 1 169 85 169 169 339 169 1 169 1 171 169 85 171 339 169 1 169 85 253 85 255 1 255 339 255 85 339 87 255 85 1 85 171 87 1 253 85 1 85 169 253 1 255 169 85 171 339 169 169 1 85 85 169 2 85 169 253 1 253 1 85 85 171 85 171 1 171 85 169 171 169 85 253 169 255 253 339 253 85 169 339 253 169 255 1 169 254 85 339 171 1 255 85 255 1 253 1 3 169 85 85 1 1 339 1 339 339 85 253 85 85 169 339 169 85 339 169 85 253 169 85 169 85 253 170 2 1 85 171 339 253 339 254 171 255 85 1 1 253 253 85 169 339 3 339 169 253 255 169 255 169 253 169 85 169 170 85 169 1 338 1 1 1 85 339 255 255 253 339 2 253 253 169 337 1 169 85 339 3 253 169 169 1 255 339 337 85 255 339 1 85 1 253 1 169 85 253 85 339 85 339 339 255 87 87 87 339 253 254 253 85 253 169 255 255 169 253 255 339 255 169 1 339 85 1 253 1 253 86 253 339 255 85 255 255 169 337 339 85 255 339 253 339 171 85 338 1 1 253 339 255 169 169 170 1 171 85 1 169 253 339 169 85 169 86 339 339 253 171 169 1 85 339 339 1 169 253 169 87 339 169 1 337 1 169 169 255 339 253 169 337 171 339 169 337 253 1 169 339 253 339 85 337 339 337 254 339 85 255 253 337 171 1 337 339 255 253 253 339 171 255 1 255 339 337 1 337 85 337 169 253 337 170 339 255 253 339 169 339 255 1 253 339 255 85 169 169 339 337 169 85 254 339 253 339 339 171 169 253 169 87 253 85 255 1 1 169 255 171 253 255 339 1 1 338 169 169 339 85 170 85 339 253 1 339 339 85 339 169 1 339 339 86 255 169 253 339 170 253 169 85 255 253 169 253 170 85 255 253 339 1 1 255 255 169 255 339 169 339 171 255 253 253 171 1 169 169 171 1 171 255 339 169 339 339 171 85 337 85 255 339 1 339 339 85 253 85 339 1 337 1 253 253 254 85 1 339 169 255 339 86 85 169 
c [Incremental] Max used label: 339.
c [Incremental] Label 339 is removed from searching.
c [Incremental] Solving for max label = 338:
c [Incremental] Solving duration: 928 ms.
s [Incremental] SAT (label = 338).
c [Incremental] Label assignment: 1 1 1 170 1 1 254 170 86 1 1 1 338 85 1 170 86 1 85 85 1 85 338 254 338 338 170 1 254 1 254 1 1 85 1 1 1 85 1 338 254 1 1 1 1 1 1 1 1 85 338 1 85 338 85 85 1 85 85 85 1 169 2 1 338 1 85 1 85 338 338 1 85 1 1 1 338 85 85 1 170 1 85 1 85 85 1 1 85 85 85 85 169 85 1 85 1 254 1 1 85 338 170 85 169 1 169 254 338 85 85 338 86 85 1 1 169 1 86 85 1 85 169 85 86 2 1 85 1 169 85 169 169 338 169 1 169 1 170 169 85 170 338 169 1 169 85 253 85 254 1 254 338 254 85 338 86 254 85 1 85 170 86 1 253 85 1 85 169 253 1 254 169 85 170 338 169 169 1 85 85 169 2 85 169 253 1 253 1 85 85 170 85 170 1 170 85 169 170 169 85 253 169 254 253 338 253 85 169 338 253 169 254 1 169 254 85 338 170 1 254 85 254 1 253 1 2 169 85 85 1 1 338 1 338 338 85 253 85 85 169 338 169 85 338 169 85 253 169 85 169 85 253 170 2 1 85 170 338 253 338 254 170 254 85 1 1 253 253 85 169 338 2 338 169 253 254 169 254 169 253 169 85 169 170 85 169 1 338 1 1 1 85 338 254 254 253 338 2 253 253 169 337 1 169 85 338 2 253 169 169 1 254 338 337 85 254 338 1 85 1 253 1 169 85 253 85 338 85 338 338 254 86 86 86 338 253 254 253 85 253 169 254 254 169 253 254 338 254 169 1 338 85 1 253 1 253 86 253 338 254 85 254 254 169 337 338 85 254 338 253 338 170 85 338 1 1 253 338 254 169 169 170 1 170 85 1 169 253 338 169 85 169 86 338 338 253 170 169 1 85 338 338 1 169 253 169 86 338 169 1 337 1 169 169 254 338 253 169 337 170 338 169 337 253 1 169 338 253 338 85 337 338 337 254 338 85 254 253 337 170 1 337 338 254 253 253 338 170 254 1 254 338 337 1 337 85 337 169 253 337 170 338 254 253 338 169 338 254 1 253 338 254 85 169 169 338 337 169 85 254 338 253 338 338 170 169 253 169 86 253 85 254 1 1 169 254 170 253 254 338 1 1 338 169 169 338 85 170 85 338 253 1 338 338 85 338 169 1 338 338 86 254 169 253 338 170 253 169 85 254 253 169 253 170 85 254 253 338 1 1 254 254 169 254 338 169 338 170 254 253 253 170 1 169 169 170 1 170 254 338 169 338 338 170 85 337 85 254 338 1 338 338 85 253 85 338 1 337 1 253 253 254 85 1 338 169 254 338 86 85 169 
c [Incremental] Max used label: 338.
c [Incremental] Label 338 is removed from searching.
c [Incremental] Solving for max label = 337:
c [Incremental] Solving duration: 802 ms.
s [Incremental] SAT (label = 337).
c [Incremental] Label assignment: 1 1 1 169 1 1 253 169 85 1 1 1 337 85 1 169 85 1 85 85 1 85 337 253 337 337 169 1 253 1 253 1 1 85 1 1 1 85 1 337 253 1 1 1 1 1 1 1 1 85 337 1 85 337 85 85 1 85 85 85 1 169 1 1 337 1 85 1 85 337 337 1 85 1 1 1 337 85 85 1 169 1 85 1 85 85 1 1 85 85 85 85 169 85 1 85 1 253 1 1 85 337 169 85 169 1 169 253 337 85 85 337 85 85 1 1 169 1 85 85 1 85 169 85 85 1 1 85 1 169 85 169 169 337 169 1 169 1 169 169 85 169 337 169 1 169 85 253 85 253 1 253 337 253 85 335 85 253 85 1 85 169 85 1 253 85 1 85 169 253 1 253 169 85 169 337 169 169 1 85 85 169 1 85 169 253 1 253 1 85 85 169 85 169 1 169 85 169 169 169 85 253 169 253 253 337 253 85 169 337 253 169 253 253 169 253 85 337 169 1 253 85 253 1 253 1 1 169 85 85 1 1 337 1 337 337 85 253 85 85 169 337 169 85 337 169 85 253 169 85 169 85 253 169 1 1 85 169 337 253 337 253 169 253 85 1 1 253 253 85 169 337 1 337 169 253 253 169 253 169 253 169 85 169 169 85 169 1 337 1 1 1 85 337 253 253 253 337 1 253 253 169 337 1 169 85 337 1 253 169 169 1 253 337 337 85 253 337 1 85 1 253 1 169 85 253 85 337 85 337 337 253 85 85 85 337 253 253 253 85 253 169 253 253 169 1 253 337 253 169 1 337 85 1 253 1 85 85 253 337 253 85 253 253 169 337 337 85 253 337 253 337 169 85 337 1 1 253 337 253 169 169 169 1 169 85 1 169 253 337 169 85 169 85 337 337 253 169 169 1 85 337 337 1 169 253 169 85 337 169 1 337 1 169 169 253 337 253 169 337 169 337 169 337 253 1 169 337 253 337 85 337 337 337 253 337 85 253 253 337 169 1 337 337 253 253 253 337 169 253 1 253 337 337 1 337 85 337 169 253 337 169 337 253 253 337 169 337 253 1 253 337 253 85 169 169 337 337 169 85 253 337 253 337 337 169 169 253 169 85 253 85 253 1 1 169 253 169 253 253 337 1 1 337 169 169 337 85 169 85 337 253 1 337 337 85 337 169 1 337 337 85 253 169 253 337 169 253 169 85 253 253 169 253 169 85 335 253 337 1 1 253 253 169 253 337 169 337 169 253 253 253 169 1 169 169 169 1 169 253 337 169 337 337 169 85 337 85 253 337 1 337 337 85 253 85 169 1 337 1 253 253 253 85 1 337 169 253 337 85 85 169 
c [Incremental] Max used label: 337.
c [Incremental] Label 337 is removed from searching.
c [Incremental] Solving for max label = 336:
c [Incremental] Solving duration: 597 ms.
s [Incremental] SAT (label = 336).
c [Incremental] Label assignment: 251 1 335 1 1 167 335 251 335 335 251 251 335 85 1 2 167 251 251 83 335 335 85 83 335 335 1 1 335 1 167 251 335 251 167 335 1 251 167 1 167 167 251 251 167 169 1 335 167 85 167 167 85 335 251 85 335 251 251 85 335 1 85 167 85 251 83 1 85 167 335 251 251 1 167 251 335 251 85 335 83 251 83 1 85 85 335 335 251 251 251 335 83 83 335 85 251 335 83 251 251 335 167 251 83 251 1 169 335 251 85 167 169 85 1 335 335 335 167 169 335 2 170 251 335 2 1 85 167 335 85 335 335 2 1 1 251 1 335 251 251 83 335 1 167 85 83 83 251 251 335 167 335 85 83 2 85 167 85 167 251 1 167 1 167 251 335 85 335 1 167 167 170 83 170 335 335 335 1 85 85 169 2 251 167 167 85 83 251 251 251 251 335 1 335 251 85 335 335 1 335 1 1 1 251 1 335 251 335 83 251 2 335 251 335 167 251 83 335 335 167 83 251 86 1 167 2 1 85 335 335 1 1 251 167 251 251 85 83 85 167 335 335 83 335 167 85 251 167 1 1 251 251 251 251 1 85 251 335 167 167 167 253 86 83 167 2 251 167 251 83 1 251 335 1 251 251 167 335 1 335 335 83 170 167 251 335 251 335 167 1 1 335 335 85 335 251 1 251 167 251 1 251 167 170 85 167 86 251 251 335 335 2 335 335 83 335 335 167 335 167 167 335 83 251 83 251 167 85 1 335 1 86 167 251 167 335 251 251 83 251 167 167 335 335 86 83 335 85 251 167 335 251 335 83 1 86 167 335 335 251 251 335 251 167 167 251 251 85 335 251 253 251 251 335 335 251 251 335 335 1 167 167 83 83 83 335 251 167 1 335 167 335 335 86 251 335 251 251 1 86 335 335 251 335 251 251 2 335 83 335 335 1 335 170 167 251 1 167 251 335 1 1 335 167 167 167 1 167 335 335 1 335 1 251 251 86 167 335 1 251 335 335 335 251 251 86 2 1 251 251 167 251 167 251 1 83 335 167 335 167 83 251 167 2 167 1 251 251 251 335 335 86 335 335 251 251 335 85 251 167 251 335 335 1 167 1 1 167 86 1 86 83 83 86 1 335 1 335 251 335 83 83 1 1 170 83 251 1 1 335 335 83 335 335 167 2 1 1 251 167 167 1 251 167 335 251 335 83 83 251 1 335 167 83 251 167 167 335 83 251 251 1 167 167 85 335 83 1 2 83 251 83 167 335 335 251 251 1 1 1 167 335 335 167 251 335 335 335 167 1 335 1 83 335 335 251 335 335 169 86 251 335 251 167 335 169 2 251 167 251 251 
c [Incremental] Max used label: 335.
c [Incremental] Label 336 is removed from searching.
c [Incremental] Label 335 is removed from searching.
c [Incremental] Solving for max label = 334:
c [Incremental] Solving duration: 621 ms.
s [Incremental] SAT (label = 334).
c [Incremental] Label assignment: 334 166 1 166 166 250 1 334 1 1 334 334 1 250 166 85 250 334 334 85 1 1 250 85 1 2 85 166 1 166 250 334 1 334 250 1 166 334 250 166 250 250 334 334 250 334 166 1 250 250 169 250 250 1 334 250 1 334 334 250 1 166 250 250 250 334 85 166 250 250 82 334 334 166 250 334 1 334 250 1 85 334 85 166 250 250 1 1 334 334 334 82 166 85 1 250 334 1 166 334 334 82 250 334 166 334 166 334 2 334 250 250 334 250 166 1 2 1 170 334 1 85 334 334 1 85 166 250 250 2 250 82 1 166 166 166 334 166 1 334 334 85 1 166 250 250 85 166 334 334 1 250 1 250 166 85 170 169 250 250 334 166 170 166 250 334 1 250 82 86 250 250 334 85 334 1 82 82 166 250 250 334 85 334 250 250 250 85 334 334 334 334 82 166 1 334 250 2 1 166 82 166 166 166 334 166 82 334 1 166 334 166 82 334 82 250 334 166 82 1 250 85 334 250 166 250 85 166 250 82 1 166 166 334 250 334 334 250 85 250 250 82 2 85 2 250 250 334 169 166 166 334 334 334 334 166 250 334 82 250 250 250 82 250 85 250 166 334 250 334 166 166 334 1 166 334 334 250 1 166 82 2 85 334 169 334 82 334 82 250 166 166 1 1 250 82 334 86 334 250 334 166 334 250 334 250 170 250 334 334 2 1 166 82 82 85 1 82 250 1 250 250 1 166 334 166 334 250 250 166 1 166 250 169 334 250 82 334 334 86 334 250 250 2 82 250 85 1 250 334 250 1 334 1 166 86 250 250 1 1 334 334 1 334 250 250 334 334 250 82 334 2 334 334 82 1 334 334 1 82 166 250 250 85 166 86 1 334 250 166 82 250 82 1 250 334 1 334 334 166 250 1 1 334 82 334 334 166 1 166 1 82 166 82 334 250 334 166 250 334 82 166 166 82 250 250 170 166 250 1 82 166 1 166 334 334 250 250 2 166 334 1 1 1 334 334 250 166 166 334 334 250 334 250 334 166 85 82 250 1 250 166 334 250 166 250 166 334 334 334 82 82 250 1 82 334 334 82 250 334 250 334 82 2 166 250 166 86 250 250 166 250 85 166 250 166 82 86 82 334 1 166 166 166 166 334 166 334 166 166 1 82 166 2 2 250 85 166 166 334 250 250 86 334 250 1 334 82 166 85 334 166 82 250 166 334 250 250 1 85 334 334 166 250 250 250 1 166 86 166 85 334 85 250 82 82 334 334 166 166 166 250 82 82 250 334 82 82 1 250 166 82 166 86 1 82 334 1 82 334 250 334 2 334 250 82 334 85 334 250 334 334 
c [Incremental] Max used label: 334.
c [Incremental] Label 334 is removed from searching.
c [Incremental] Solving for max label = 333:
c [Incremental] Solving duration: 604 ms.
s [Incremental] SAT (label = 333).
c [Incremental] Label assignment: 333 165 1 165 165 249 1 333 1 1 333 333 1 249 165 85 249 333 333 85 1 1 249 85 1 2 85 165 1 165 249 333 1 333 249 1 165 333 249 165 249 249 333 333 249 333 165 1 249 249 169 249 249 1 333 249 1 333 333 249 1 165 249 249 249 333 85 165 249 249 81 333 333 165 249 333 1 333 249 1 85 333 85 165 249 249 1 1 333 333 333 81 165 85 1 249 333 1 165 333 333 81 249 333 165 333 165 333 2 333 249 249 333 249 165 1 2 1 170 333 1 85 333 333 1 85 165 249 249 2 249 81 1 165 165 165 333 165 1 333 333 85 1 165 249 249 85 165 333 333 1 249 1 249 165 85 170 169 249 249 333 165 170 165 249 333 1 249 81 86 249 249 333 85 333 1 81 81 165 249 249 333 85 333 249 249 249 85 333 333 333 333 81 165 1 333 249 2 1 165 81 165 165 165 333 165 81 333 1 165 333 165 81 333 81 249 333 165 81 1 249 85 333 249 165 249 85 165 249 81 1 165 165 333 249 333 333 249 85 249 249 81 2 85 2 249 249 333 169 165 165 333 333 333 333 165 249 333 81 249 249 249 81 249 85 249 165 333 249 333 165 165 333 1 165 333 333 249 1 165 81 2 85 333 169 333 81 333 81 249 165 165 1 1 249 81 333 86 333 249 333 165 333 249 333 249 170 249 333 333 2 1 165 81 81 85 1 81 249 1 249 249 1 165 333 165 333 249 249 165 1 165 249 169 333 249 81 333 333 86 333 249 249 2 81 249 85 1 249 333 249 1 333 1 165 86 249 249 1 1 333 333 1 333 249 249 333 333 249 81 333 2 333 333 81 1 333 333 1 81 165 249 249 85 165 86 1 333 249 165 81 249 81 1 249 333 1 333 333 165 249 1 1 333 81 333 333 165 1 165 1 81 165 81 333 249 333 165 249 333 81 165 165 81 249 249 170 165 249 1 81 165 1 165 333 333 249 249 2 165 333 1 1 1 333 333 249 165 165 333 333 249 333 249 333 165 85 81 249 1 249 165 333 249 165 249 165 333 333 333 81 81 249 1 81 333 333 81 249 333 249 333 81 2 165 249 165 86 249 249 165 249 85 165 249 165 81 86 81 333 1 165 165 165 165 333 165 333 165 165 1 81 165 2 2 249 85 165 165 333 249 249 86 333 249 1 333 81 165 85 333 165 81 249 165 333 249 249 1 85 333 333 165 249 249 249 1 165 86 165 85 333 85 249 81 81 333 333 165 165 165 249 81 81 249 333 81 81 1 249 165 81 165 86 1 81 333 1 81 333 249 333 2 333 249 81 333 85 333 249 333 333 
c [Incremental] Max used label: 333.
c [Incremental] Label 333 is removed from searching.
c [Incremental] Solving for max label = 332:
c [Incremental] Solving duration: 618 ms.
s [Incremental] SAT (label = 332).
c [Incremental] Label assignment: 332 164 1 164 164 248 1 332 1 1 332 332 1 248 164 85 248 332 332 85 1 1 248 85 1 2 85 164 1 164 248 332 1 332 248 1 164 332 248 164 248 248 332 332 248 332 164 1 248 248 169 248 248 1 332 248 1 332 332 248 1 164 248 248 248 332 85 164 248 248 80 332 332 164 248 332 1 332 248 1 85 332 85 164 248 248 1 1 332 332 332 80 164 85 1 248 332 1 164 332 332 80 248 332 164 332 164 332 2 332 248 248 332 248 164 1 2 1 170 332 1 85 332 332 1 85 164 248 248 2 248 80 1 164 164 164 332 164 1 332 332 85 1 164 248 248 85 164 332 332 1 248 1 248 164 85 170 169 248 248 332 164 170 164 248 332 1 248 80 86 248 248 332 85 332 1 80 80 164 248 248 332 85 332 248 248 248 85 332 332 332 332 80 164 1 332 248 2 1 164 80 164 164 164 332 164 80 332 1 164 332 164 80 332 80 248 332 164 80 1 248 85 332 248 164 248 85 164 248 80 1 164 164 332 248 332 332 248 85 248 248 80 2 85 2 248 248 332 169 164 164 332 332 332 332 164 248 332 80 248 248 248 80 248 85 248 164 332 248 332 164 164 332 1 164 332 332 248 1 164 80 2 85 332 169 332 80 332 80 248 164 164 1 1 248 80 332 86 332 248 332 164 332 248 332 248 170 248 332 332 2 1 164 80 80 85 1 80 248 1 248 248 1 164 332 164 332 248 248 164 1 164 248 169 332 248 80 332 332 86 332 248 248 2 80 248 85 1 248 332 248 1 332 1 164 86 248 248 1 1 332 332 1 332 248 248 332 332 248 80 332 2 332 332 80 1 332 332 1 80 164 248 248 85 164 86 1 332 248 164 80 248 80 1 248 332 1 332 332 164 248 1 1 332 80 332 332 164 1 164 1 80 164 80 332 248 332 164 248 332 80 164 164 80 248 248 170 164 248 1 80 164 1 164 332 332 248 248 2 164 332 1 1 1 332 332 248 164 164 332 332 248 332 248 332 164 85 80 248 1 248 164 332 248 164 248 164 332 332 332 80 80 248 1 80 332 332 80 248 332 248 332 80 2 164 248 164 86 248 248 164 248 85 164 248 164 80 86 80 332 1 164 164 164 164 332 164 332 164 164 1 80 164 2 2 248 85 164 164 332 248 248 86 332 248 1 332 80 164 85 332 164 80 248 164 332 248 248 1 85 332 332 164 248 248 248 1 164 86 164 85 332 85 248 80 80 332 332 164 164 164 248 80 80 248 332 80 80 1 248 164 80 164 86 1 80 332 1 80 332 248 332 2 332 248 80 332 85 332 248 332 332 
c [Incremental] Max used label: 332.
c [Incremental] Label 332 is removed from searching.
c [Incremental] Solving for max label = 331:
c [Incremental] Solving duration: 609 ms.
s [Incremental] SAT (label = 331).
c [Incremental] Label assignment: 331 163 1 163 163 247 1 331 1 1 331 331 1 247 163 85 247 331 331 85 1 1 247 85 1 2 85 163 1 163 247 331 1 331 247 1 163 331 247 163 247 247 331 331 247 331 163 1 247 247 169 247 247 1 331 247 1 331 331 247 1 163 247 247 247 331 85 163 247 247 79 331 331 163 247 331 1 331 247 1 85 331 85 163 247 247 1 1 331 331 331 79 163 85 1 247 331 1 163 331 331 79 247 331 163 331 163 331 2 331 247 247 331 247 163 1 2 1 170 331 1 85 331 331 1 85 163 247 247 2 247 79 1 163 163 163 331 163 1 331 331 85 1 163 247 247 85 163 331 331 1 247 1 247 163 85 170 169 247 247 331 163 170 163 247 331 1 247 79 86 247 247 331 85 331 1 79 79 163 247 247 331 85 331 247 247 247 85 331 331 331 331 79 163 1 331 247 2 1 163 79 163 163 163 331 163 79 331 1 163 331 163 79 331 79 247 331 163 79 1 247 85 331 247 163 247 85 163 247 79 1 163 163 331 247 331 331 247 85 247 247 79 2 85 2 247 247 331 169 163 163 331 331 331 331 163 247 331 79 247 247 247 79 247 85 247 163 331 247 331 163 163 331 1 163 331 331 247 1 163 79 2 85 331 169 331 79 331 79 247 163 163 1 1 247 79 331 86 331 247 331 163 331 247 331 247 170 247 331 331 2 1 163 79 79 85 1 79 247 1 247 247 1 163 331 163 331 247 247 163 1 163 247 169 331 247 79 331 331 86 331 247 247 2 79 247 85 1 247 331 247 1 331 1 163 86 247 247 1 1 331 331 1 331 247 247 331 331 247 79 331 2 331 331 79 1 331 331 1 79 163 247 247 85 163 86 1 331 247 163 79 247 79 1 247 331 1 331 331 163 247 1 1 331 79 331 331 163 1 163 1 79 163 79 331 247 331 163 247 331 79 163 163 79 247 247 170 163 247 1 79 163 1 163 331 331 247 247 2 163 331 1 1 1 331 331 247 163 163 331 331 247 331 247 331 163 85 79 247 1 247 163 331 247 163 247 163 331 331 331 79 79 247 1 79 331 331 79 247 331 247 331 79 2 163 247 163 86 247 247 163 247 85 163 247 163 79 86 79 331 1 163 163 163 163 331 163 331 163 163 1 79 163 2 2 247 85 163 163 331 247 247 86 331 247 1 331 79 163 85 331 163 79 247 163 331 247 247 1 85 331 331 163 247 247 247 1 163 86 163 85 331 85 247 79 79 331 331 163 163 163 247 79 79 247 331 79 79 1 247 163 79 163 86 1 79 331 1 79 331 247 331 2 331 247 79 331 85 331 247 331 331 
c [Incremental] Max used label: 331.
c [Incremental] Label 331 is removed from searching.
c [Incremental] Solving for max label = 330:
c [Incremental] Solving duration: 600 ms.
s [Incremental] SAT (label = 330).
c [Incremental] Label assignment: 330 162 1 162 162 246 1 330 1 1 330 330 1 246 162 85 246 330 330 85 1 1 246 85 1 2 85 162 1 162 246 330 1 330 246 1 162 330 246 162 246 246 330 330 246 330 162 1 246 246 169 246 246 1 330 246 1 330 330 246 1 162 246 246 246 330 85 162 246 246 78 330 330 162 246 330 1 330 246 1 85 330 85 162 246 246 1 1 330 330 330 78 162 85 1 246 330 1 162 330 330 78 246 330 162 330 162 330 2 330 246 246 330 246 162 1 2 1 170 330 1 85 330 330 1 85 162 246 246 2 246 78 1 162 162 162 330 162 1 330 330 85 1 162 246 246 85 162 330 330 1 246 1 246 162 85 170 169 246 246 330 162 170 162 246 330 1 246 78 86 246 246 330 85 330 1 78 78 162 246 246 330 85 330 246 246 246 85 330 330 330 330 78 162 1 330 246 2 1 162 78 162 162 162 330 162 78 330 1 162 330 162 78 330 78 246 330 162 78 1 246 85 330 246 162 246 85 162 246 78 1 162 162 330 246 330 330 246 85 246 246 78 2 85 2 246 246 330 169 162 162 330 330 330 330 162 246 330 78 246 246 246 78 246 85 246 162 330 246 330 162 162 330 1 162 330 330 246 1 162 78 2 85 330 169 330 78 330 78 246 162 162 1 1 246 78 330 86 330 246 330 162 330 246 330 246 170 246 330 330 2 1 162 78 78 85 1 78 246 1 246 246 1 162 330 162 330 246 246 162 1 162 246 169 330 246 78 330 330 86 330 246 246 2 78 246 85 1 246 330 246 1 330 1 162 86 246 246 1 1 330 330 1 330 246 246 330 330 246 78 330 2 330 330 78 1 330 330 1 78 162 246 246 85 162 86 1 330 246 162 78 246 78 1 246 330 1 330 330 162 246 1 1 330 78 330 330 162 1 162 1 78 162 78 330 246 330 162 246 330 78 162 162 78 246 246 170 162 246 1 78 162 1 162 330 330 246 246 2 162 330 1 1 1 330 330 246 162 162 330 330 246 330 246 330 162 85 78 246 1 246 162 330 246 162 246 162 330 330 330 78 78 246 1 78 330 330 78 246 330 246 330 78 2 162 246 162 86 246 246 162 246 85 162 246 162 78 86 78 330 1 162 162 162 162 330 162 330 162 162 1 78 162 2 2 246 85 162 162 330 246 246 86 330 246 1 330 78 162 85 330 162 78 246 162 330 246 246 1 85 330 330 162 246 246 246 1 162 86 162 85 330 85 246 78 78 330 330 162 162 162 246 78 78 246 330 78 78 1 246 162 78 162 86 1 78 330 1 78 330 246 330 2 330 246 78 330 85 330 246 330 330 
c [Incremental] Max used label: 330.
c [Incremental] Label 330 is removed from searching.
c [Incremental] Solving for max label = 329:
c [Incremental] Solving duration: 597 ms.
s [Incremental] SAT (label = 329).
c [Incremental] Label assignment: 329 161 1 161 161 245 1 329 1 1 329 329 1 245 161 85 245 329 329 85 1 1 245 85 1 2 85 161 1 161 245 329 1 329 245 1 161 329 245 161 245 245 329 329 245 329 161 1 245 245 169 245 245 1 329 245 1 329 329 245 1 161 245 245 245 329 85 161 245 245 77 329 329 161 245 329 1 329 245 1 85 329 85 161 245 245 1 1 329 329 329 77 161 85 1 245 329 1 161 329 329 77 245 329 161 329 161 329 2 329 245 245 329 245 161 1 2 1 170 329 1 85 329 329 1 85 161 245 245 2 245 77 1 161 161 161 329 161 1 329 329 85 1 161 245 245 85 161 329 329 1 245 1 245 161 85 170 169 245 245 329 161 170 161 245 329 1 245 77 86 245 245 329 85 329 1 77 77 161 245 245 329 85 329 245 245 245 85 329 329 329 329 77 161 1 329 245 2 1 161 77 161 161 161 329 161 77 329 1 161 329 161 77 329 77 245 329 161 77 1 245 85 329 245 161 245 85 161 245 77 1 161 161 329 245 329 329 245 85 245 245 77 2 85 2 245 245 329 169 161 161 329 329 329 329 161 245 329 77 245 245 245 77 245 85 245 161 329 245 329 161 161 329 1 161 329 329 245 1 161 77 2 85 329 169 329 77 329 77 245 161 161 1 1 245 77 329 86 329 245 329 161 329 245 329 245 170 245 329 329 2 1 161 77 77 85 1 77 245 1 245 245 1 161 329 161 329 245 245 161 1 161 245 169 329 245 77 329 329 86 329 245 245 2 77 245 85 1 245 329 245 1 329 1 161 86 245 245 1 1 329 329 1 329 245 245 329 329 245 77 329 2 329 329 77 1 329 329 1 77 161 245 245 85 161 86 1 329 245 161 77 245 77 1 245 329 1 329 329 161 245 1 1 329 77 329 329 161 1 161 1 77 161 77 329 245 329 161 245 329 77 161 161 77 245 245 170 161 245 1 77 161 1 161 329 329 245 245 2 161 329 1 1 1 329 329 245 161 161 329 329 245 329 245 329 161 85 77 245 1 245 161 329 245 161 245 161 329 329 329 77 77 245 1 77 329 329 77 245 329 245 329 77 2 161 245 161 86 245 245 161 245 85 161 245 161 77 86 77 329 1 161 161 161 161 329 161 329 161 161 1 77 161 2 2 245 85 161 161 329 245 245 86 329 245 1 329 77 161 85 329 161 77 245 161 329 245 245 1 85 329 329 161 245 245 245 1 161 86 161 85 329 85 245 77 77 329 329 161 161 161 245 77 77 245 329 77 77 1 245 161 77 161 86 1 77 329 1 77 329 245 329 2 329 245 77 329 85 329 245 329 329 
c [Incremental] Max used label: 329.
c [Incremental] Label 329 is removed from searching.
c [Incremental] Solving for max label = 328:
c [Incremental] Solving duration: 592 ms.
s [Incremental] SAT (label = 328).
c [Incremental] Label assignment: 328 160 1 160 160 244 1 328 1 1 328 328 1 244 160 85 244 328 328 85 1 1 244 85 1 2 85 160 1 160 244 328 1 328 244 1 160 328 244 160 244 244 328 328 244 328 160 1 244 244 169 244 244 1 328 244 1 328 328 244 1 160 244 244 244 328 85 160 244 244 76 328 328 160 244 328 1 328 244 1 85 328 85 160 244 244 1 1 328 328 328 76 160 85 1 244 328 1 160 328 328 76 244 328 160 328 160 328 2 328 244 244 328 244 160 1 2 1 170 328 1 85 328 328 1 85 160 244 244 2 244 76 1 160 160 160 328 160 1 328 328 85 1 160 244 244 85 160 328 328 1 244 1 244 160 85 170 169 244 244 328 160 170 160 244 328 1 244 76 86 244 244 328 85 328 1 76 76 160 244 244 328 85 328 244 244 244 85 328 328 328 328 76 160 1 328 244 2 1 160 76 160 160 160 328 160 76 328 1 160 328 160 76 328 76 244 328 160 76 1 244 85 328 244 160 244 85 160 244 76 1 160 160 328 244 328 328 244 85 244 244 76 2 85 2 244 244 328 169 160 160 328 328 328 328 160 244 328 76 244 244 244 76 244 85 244 160 328 244 328 160 160 328 1 160 328 328 244 1 160 76 2 85 328 169 328 76 328 76 244 160 160 1 1 244 76 328 86 328 244 328 160 328 244 328 244 170 244 328 328 2 1 160 76 76 85 1 76 244 1 244 244 1 160 328 160 328 244 244 160 1 160 244 169 328 244 76 328 328 86 328 244 244 2 76 244 85 1 244 328 244 1 328 1 160 86 244 244 1 1 328 328 1 328 244 244 328 328 244 76 328 2 328 328 76 1 328 328 1 76 160 244 244 85 160 86 1 328 244 160 76 244 76 1 244 328 1 328 328 160 244 1 1 328 76 328 328 160 1 160 1 76 160 76 328 244 328 160 244 328 76 160 160 76 244 244 170 160 244 1 76 160 1 160 328 328 244 244 2 160 328 1 1 1 328 328 244 160 160 328 328 244 328 244 328 160 85 76 244 1 244 160 328 244 160 244 160 328 328 328 76 76 244 1 76 328 328 76 244 328 244 328 76 2 160 244 160 86 244 244 160 244 85 160 244 160 76 86 76 328 1 160 160 160 160 328 160 328 160 160 1 76 160 2 2 244 85 160 160 328 244 244 86 328 244 1 328 76 160 85 328 160 76 244 160 328 244 244 1 85 328 328 160 244 244 244 1 160 86 160 85 328 85 244 76 76 328 328 160 160 160 244 76 76 244 328 76 76 1 244 160 76 160 86 1 76 328 1 76 328 244 328 2 328 244 76 328 85 328 244 328 328 
c [Incremental] Max used label: 328.
c [Incremental] Label 328 is removed from searching.
c [Incremental] Solving for max label = 327:
c [Incremental] Solving duration: 600 ms.
s [Incremental] SAT (label = 327).
c [Incremental] Label assignment: 327 159 1 159 159 243 1 327 1 1 327 327 1 243 159 85 243 327 327 85 1 1 243 85 1 2 85 159 1 159 243 327 1 327 243 1 159 327 243 159 243 243 327 327 243 327 159 1 243 243 169 243 243 1 327 243 1 327 327 243 1 159 243 243 243 327 85 159 243 243 75 327 327 159 243 327 1 327 243 1 85 327 85 159 243 243 1 1 327 327 327 75 159 85 1 243 327 1 159 327 327 75 243 327 159 327 159 327 2 327 243 243 327 243 159 1 2 1 170 327 1 85 327 327 1 85 159 243 243 2 243 75 1 159 159 159 327 159 1 327 327 85 1 159 243 243 85 159 327 327 1 243 1 243 159 85 170 169 243 243 327 159 170 159 243 327 1 243 75 86 243 243 327 85 327 1 75 75 159 243 243 327 85 327 243 243 243 85 327 327 327 327 75 159 1 327 243 2 1 159 75 159 159 159 327 159 75 327 1 159 327 159 75 327 75 243 327 159 75 1 243 85 327 243 159 243 85 159 243 75 1 159 159 327 243 327 327 243 85 243 243 75 2 85 2 243 243 327 169 159 159 327 327 327 327 159 243 327 75 243 243 243 75 243 85 243 159 327 243 327 159 159 327 1 159 327 327 243 1 159 75 2 85 327 169 327 75 327 75 243 159 159 1 1 243 75 327 86 327 243 327 159 327 243 327 243 170 243 327 327 2 1 159 75 75 85 1 75 243 1 243 243 1 159 327 159 327 243 243 159 1 159 243 169 327 243 75 327 327 86 327 243 243 2 75 243 85 1 243 327 243 1 327 1 159 86 243 243 1 1 327 327 1 327 243 243 327 327 243 75 327 2 327 327 75 1 327 327 1 75 159 243 243 85 159 86 1 327 243 159 75 243 75 1 243 327 1 327 327 159 243 1 1 327 75 327 327 159 1 159 1 75 159 75 327 243 327 159 243 327 75 159 159 75 243 243 170 159 243 1 75 159 1 159 327 327 243 243 2 159 327 1 1 1 327 327 243 159 159 327 327 243 327 243 327 159 85 75 243 1 243 159 327 243 159 243 159 327 327 327 75 75 243 1 75 327 327 75 243 327 243 327 75 2 159 243 159 86 243 243 159 243 85 159 243 159 75 86 75 327 1 159 159 159 159 327 159 327 159 159 1 75 159 2 2 243 85 159 159 327 243 243 86 327 243 1 327 75 159 85 327 159 75 243 159 327 243 243 1 85 327 327 159 243 243 243 1 159 86 159 85 327 85 243 75 75 327 327 159 159 159 243 75 75 243 327 75 75 1 243 159 75 159 86 1 75 327 1 75 327 243 327 2 327 243 75 327 85 327 243 327 327 
c [Incremental] Max used label: 327.
c [Incremental] Label 327 is removed from searching.
c [Incremental] Solving for max label = 326:
c [Incremental] Solving duration: 585 ms.
s [Incremental] SAT (label = 326).
c [Incremental] Label assignment: 326 158 1 158 158 242 1 326 1 1 326 326 1 242 158 85 242 326 326 85 1 1 242 85 1 2 85 158 1 158 242 326 1 326 242 1 158 326 242 158 242 242 326 326 242 326 158 1 242 242 169 242 242 1 326 242 1 326 326 242 1 158 242 242 242 326 85 158 242 242 74 326 326 158 242 326 1 326 242 1 85 326 85 158 242 242 1 1 326 326 326 74 158 85 1 242 326 1 158 326 326 74 242 326 158 326 158 326 2 326 242 242 326 242 158 1 2 1 170 326 1 85 326 326 1 85 158 242 242 2 242 74 1 158 158 158 326 158 1 326 326 85 1 158 242 242 85 158 326 326 1 242 1 242 158 85 170 169 242 242 326 158 170 158 242 326 1 242 74 86 242 242 326 85 326 1 74 74 158 242 242 326 85 326 242 242 242 85 326 326 326 326 74 158 1 326 242 2 1 158 74 158 158 158 326 158 74 326 1 158 326 158 74 326 74 242 326 158 74 1 242 85 326 242 158 242 85 158 242 74 1 158 158 326 242 326 326 242 85 242 242 74 2 85 2 242 242 326 169 158 158 326 326 326 326 158 242 326 74 242 242 242 74 242 85 242 158 326 242 326 158 158 326 1 158 326 326 242 1 158 74 2 85 326 169 326 74 326 74 242 158 158 1 1 242 74 326 86 326 242 326 158 326 242 326 242 170 242 326 326 2 1 158 74 74 85 1 74 242 1 242 242 1 158 326 158 326 242 242 158 1 158 242 169 326 242 74 326 326 86 326 242 242 2 74 242 85 1 242 326 242 1 326 1 158 86 242 242 1 1 326 326 1 326 242 242 326 326 242 74 326 2 326 326 74 1 326 326 1 74 158 242 242 85 158 86 1 326 242 158 74 242 74 1 242 326 1 326 326 158 242 1 1 326 74 326 326 158 1 158 1 74 158 74 326 242 326 158 242 326 74 158 158 74 242 242 170 158 242 1 74 158 1 158 326 326 242 242 2 158 326 1 1 1 326 326 242 158 158 326 326 242 326 242 326 158 85 74 242 1 242 158 326 242 158 242 158 326 326 326 74 74 242 1 74 326 326 74 242 326 242 326 74 2 158 242 158 86 242 242 158 242 85 158 242 158 74 86 74 326 1 158 158 158 158 326 158 326 158 158 1 74 158 2 2 242 85 158 158 326 242 242 86 326 242 1 326 74 158 85 326 158 74 242 158 326 242 242 1 85 326 326 158 242 242 242 1 158 86 158 85 326 85 242 74 74 326 326 158 158 158 242 74 74 242 326 74 74 1 242 158 74 158 86 1 74 326 1 74 326 242 326 2 326 242 74 326 85 326 242 326 326 
c [Incremental] Max used label: 326.
c [Incremental] Label 326 is removed from searching.
c [Incremental] Solving for max label = 325:
c [Incremental] Solving duration: 600 ms.
s [Incremental] SAT (label = 325).
c [Incremental] Label assignment: 325 157 1 157 157 241 1 325 1 1 325 325 1 241 157 85 241 325 325 85 1 1 241 85 1 2 85 157 1 157 241 325 1 325 241 1 157 325 241 157 241 241 325 325 241 325 157 1 241 241 169 241 241 1 325 241 1 325 325 241 1 157 241 241 241 325 85 157 241 241 73 325 325 157 241 325 1 325 241 1 85 325 85 157 241 241 1 1 325 325 325 73 157 85 1 241 325 1 157 325 325 73 241 325 157 325 157 325 2 325 241 241 325 241 157 1 2 1 170 325 1 85 325 325 1 85 157 241 241 2 241 73 1 157 157 157 325 157 1 325 325 85 1 157 241 241 85 157 325 325 1 241 1 241 157 85 170 169 241 241 325 157 170 157 241 325 1 241 73 86 241 241 325 85 325 1 73 73 157 241 241 325 85 325 241 241 241 85 325 325 325 325 73 157 1 325 241 2 1 157 73 157 157 157 325 157 73 325 1 157 325 157 73 325 73 241 325 157 73 1 241 85 325 241 157 241 85 157 241 73 1 157 157 325 241 325 325 241 85 241 241 73 2 85 2 241 241 325 169 157 157 325 325 325 325 157 241 325 73 241 241 241 73 241 85 241 157 325 241 325 157 157 325 1 157 325 325 241 1 157 73 2 85 325 169 325 73 325 73 241 157 157 1 1 241 73 325 86 325 241 325 157 325 241 325 241 170 241 325 325 2 1 157 73 73 85 1 73 241 1 241 241 1 157 325 157 325 241 241 157 1 157 241 169 325 241 73 325 325 86 325 241 241 2 73 241 85 1 241 325 241 1 325 1 157 86 241 241 1 1 325 325 1 325 241 241 325 325 241 73 325 2 325 325 73 1 325 325 1 73 157 241 241 85 157 86 1 325 241 157 73 241 73 1 241 325 1 325 325 157 241 1 1 325 73 325 325 157 1 157 1 73 157 73 325 241 325 157 241 325 73 157 157 73 241 241 170 157 241 1 73 157 1 157 325 325 241 241 2 157 325 1 1 1 325 325 241 157 157 325 325 241 325 241 325 157 85 73 241 1 241 157 325 241 157 241 157 325 325 325 73 73 241 1 73 325 325 73 241 325 241 325 73 2 157 241 157 86 241 241 157 241 85 157 241 157 73 86 73 325 1 157 157 157 157 325 157 325 157 157 1 73 157 2 2 241 85 157 157 325 241 241 86 325 241 1 325 73 157 85 325 157 73 241 157 325 241 241 1 85 325 325 157 241 241 241 1 157 86 157 85 325 85 241 73 73 325 325 157 157 157 241 73 73 241 325 73 73 1 241 157 73 157 86 1 73 325 1 73 325 241 325 2 325 241 73 325 85 325 241 325 325 
c [Incremental] Max used label: 325.
c [Incremental] Label 325 is removed from searching.
c [Incremental] Solving for max label = 324:
c [Incremental] Solving duration: 584 ms.
s [Incremental] SAT (label = 324).
c [Incremental] Label assignment: 324 156 1 156 156 240 1 324 1 1 324 324 1 240 156 85 240 324 324 85 1 1 240 85 1 2 85 156 1 156 240 324 1 324 240 1 156 324 240 156 240 240 324 324 240 324 156 1 240 240 169 240 240 1 324 240 1 324 324 240 1 156 240 240 240 324 85 156 240 240 72 324 324 156 240 324 1 324 240 1 85 324 85 156 240 240 1 1 324 324 324 72 156 85 1 240 324 1 156 324 324 72 240 324 156 324 156 324 2 324 240 240 324 240 156 1 2 1 170 324 1 85 324 324 1 85 156 240 240 2 240 72 1 156 156 156 324 156 1 324 324 85 1 156 240 240 85 156 324 324 1 240 1 240 156 85 170 169 240 240 324 156 170 156 240 324 1 240 72 86 240 240 324 85 324 1 72 72 156 240 240 324 85 324 240 240 240 85 324 324 324 324 72 156 1 324 240 2 1 156 72 156 156 156 324 156 72 324 1 156 324 156 72 324 72 240 324 156 72 1 240 85 324 240 156 240 85 156 240 72 1 156 156 324 240 324 324 240 85 240 240 72 2 85 2 240 240 324 169 156 156 324 324 324 324 156 240 324 72 240 240 240 72 240 85 240 156 324 240 324 156 156 324 1 156 324 324 240 1 156 72 2 85 324 169 324 72 324 72 240 156 156 1 1 240 72 324 86 324 240 324 156 324 240 324 240 170 240 324 324 2 1 156 72 72 85 1 72 240 1 240 240 1 156 324 156 324 240 240 156 1 156 240 169 324 240 72 324 324 86 324 240 240 2 72 240 85 1 240 324 240 1 324 1 156 86 240 240 1 1 324 324 1 324 240 240 324 324 240 72 324 2 324 324 72 1 324 324 1 72 156 240 240 85 156 86 1 324 240 156 72 240 72 1 240 324 1 324 324 156 240 1 1 324 72 324 324 156 1 156 1 72 156 72 324 240 324 156 240 324 72 156 156 72 240 240 170 156 240 1 72 156 1 156 324 324 240 240 2 156 324 1 1 1 324 324 240 156 156 324 324 240 324 240 324 156 85 72 240 1 240 156 324 240 156 240 156 324 324 324 72 72 240 1 72 324 324 72 240 324 240 324 72 2 156 240 156 86 240 240 156 240 85 156 240 156 72 86 72 324 1 156 156 156 156 324 156 324 156 156 1 72 156 2 2 240 85 156 156 324 240 240 86 324 240 1 324 72 156 85 324 156 72 240 156 324 240 240 1 85 324 324 156 240 240 240 1 156 86 156 85 324 85 240 72 72 324 324 156 156 156 240 72 72 240 324 72 72 1 240 156 72 156 86 1 72 324 1 72 324 240 324 2 324 240 72 324 85 324 240 324 324 
c [Incremental] Max used label: 324.
c [Incremental] Label 324 is removed from searching.
c [Incremental] Solving for max label = 323:
c [Incremental] Solving duration: 608 ms.
s [Incremental] SAT (label = 323).
c [Incremental] Label assignment: 323 155 1 155 155 239 1 323 1 1 323 323 1 239 155 85 239 323 323 85 1 1 239 85 1 2 85 155 1 155 239 323 1 323 239 1 155 323 239 155 239 239 323 323 239 323 155 1 239 239 169 239 239 1 323 239 1 323 323 239 1 155 239 239 239 323 85 155 239 239 71 323 323 155 239 323 1 323 239 1 85 323 85 155 239 239 1 1 323 323 323 71 155 85 1 239 323 1 155 323 323 71 239 323 155 323 155 323 2 323 239 239 323 239 155 1 2 1 170 323 1 85 323 323 1 85 155 239 239 2 239 71 1 155 155 155 323 155 1 323 323 85 1 155 239 239 85 155 323 323 1 239 1 239 155 85 170 169 239 239 323 155 170 155 239 323 1 239 71 86 239 239 323 85 323 1 71 71 155 239 239 323 85 323 239 239 239 85 323 323 323 323 71 155 1 323 239 2 1 155 71 155 155 155 323 155 71 323 1 155 323 155 71 323 71 239 323 155 71 1 239 85 323 239 155 239 85 155 239 71 1 155 155 323 239 323 323 239 85 239 239 71 2 85 2 239 239 323 169 155 155 323 323 323 323 155 239 323 71 239 239 239 71 239 85 239 155 323 239 323 155 155 323 1 155 323 323 239 1 155 71 2 85 323 169 323 71 323 71 239 155 155 1 1 239 71 323 86 323 239 323 155 323 239 323 239 170 239 323 323 2 1 155 71 71 85 1 71 239 1 239 239 1 155 323 155 323 239 239 155 1 155 239 169 323 239 71 323 323 86 323 239 239 2 71 239 85 1 239 323 239 1 323 1 155 86 239 239 1 1 323 323 1 323 239 239 323 323 239 71 323 2 323 323 71 1 323 323 1 71 155 239 239 85 155 86 1 323 239 155 71 239 71 1 239 323 1 323 323 155 239 1 1 323 71 323 323 155 1 155 1 71 155 71 323 239 323 155 239 323 71 155 155 71 239 239 170 155 239 1 71 155 1 155 323 323 239 239 2 155 323 1 1 1 323 323 239 155 155 323 323 239 323 239 323 155 85 71 239 1 239 155 323 239 155 239 155 323 323 323 71 71 239 1 71 323 323 71 239 323 239 323 71 2 155 239 155 86 239 239 155 239 85 155 239 155 71 86 71 323 1 155 155 155 155 323 155 323 155 155 1 71 155 2 2 239 85 155 155 323 239 239 86 323 239 1 323 71 155 85 323 155 71 239 155 323 239 239 1 85 323 323 155 239 239 239 1 155 86 155 85 323 85 239 71 71 323 323 155 155 155 239 71 71 239 323 71 71 1 239 155 71 155 86 1 71 323 1 71 323 239 323 2 323 239 71 323 85 323 239 323 323 
c [Incremental] Max used label: 323.
c [Incremental] Label 323 is removed from searching.
c [Incremental] Solving for max label = 322:
c [Incremental] Solving duration: 599 ms.
s [Incremental] SAT (label = 322).
c [Incremental] Label assignment: 322 154 1 154 154 238 1 322 1 1 322 322 1 238 154 85 238 322 322 85 1 1 238 85 1 2 85 154 1 154 238 322 1 322 238 1 154 322 238 154 238 238 322 322 238 322 154 1 238 238 169 238 238 1 322 238 1 322 322 238 1 154 238 238 238 322 85 154 238 238 70 322 322 154 238 322 1 322 238 1 85 322 85 154 238 238 1 1 322 322 322 70 154 85 1 238 322 1 154 322 322 70 238 322 154 322 154 322 2 322 238 238 322 238 154 1 2 1 170 322 1 85 322 322 1 85 154 238 238 2 238 70 1 154 154 154 322 154 1 322 322 85 1 154 238 238 85 154 322 322 1 238 1 238 154 85 170 169 238 238 322 154 170 154 238 322 1 238 70 86 238 238 322 85 322 1 70 70 154 238 238 322 85 322 238 238 238 85 322 322 322 322 70 154 1 322 238 2 1 154 70 154 154 154 322 154 70 322 1 154 322 154 70 322 70 238 322 154 70 1 238 85 322 238 154 238 85 154 238 70 1 154 154 322 238 322 322 238 85 238 238 70 2 85 2 238 238 322 169 154 154 322 322 322 322 154 238 322 70 238 238 238 70 238 85 238 154 322 238 322 154 154 322 1 154 322 322 238 1 154 70 2 85 322 169 322 70 322 70 238 154 154 1 1 238 70 322 86 322 238 322 154 322 238 322 238 170 238 322 322 2 1 154 70 70 85 1 70 238 1 238 238 1 154 322 154 322 238 238 154 1 154 238 169 322 238 70 322 322 86 322 238 238 2 70 238 85 1 238 322 238 1 322 1 154 86 238 238 1 1 322 322 1 322 238 238 322 322 238 70 322 2 322 322 70 1 322 322 1 70 154 238 238 85 154 86 1 322 238 154 70 238 70 1 238 322 1 322 322 154 238 1 1 322 70 322 322 154 1 154 1 70 154 70 322 238 322 154 238 322 70 154 154 70 238 238 170 154 238 1 70 154 1 154 322 322 238 238 2 154 322 1 1 1 322 322 238 154 154 322 322 238 322 238 322 154 85 70 238 1 238 154 322 238 154 238 154 322 322 322 70 70 238 1 70 322 322 70 238 322 238 322 70 2 154 238 154 86 238 238 154 238 85 154 238 154 70 86 70 322 1 154 154 154 154 322 154 322 154 154 1 70 154 2 2 238 85 154 154 322 238 238 86 322 238 1 322 70 154 85 322 154 70 238 154 322 238 238 1 85 322 322 154 238 238 238 1 154 86 154 85 322 85 238 70 70 322 322 154 154 154 238 70 70 238 322 70 70 1 238 154 70 154 86 1 70 322 1 70 322 238 322 2 322 238 70 322 85 322 238 322 322 
c [Incremental] Max used label: 322.
c [Incremental] Label 322 is removed from searching.
c [Incremental] Solving for max label = 321:
c [Incremental] Solving duration: 589 ms.
s [Incremental] SAT (label = 321).
c [Incremental] Label assignment: 321 153 1 153 153 237 1 321 1 1 321 321 1 237 153 85 237 321 321 85 1 1 237 85 1 2 85 153 1 153 237 321 1 321 237 1 153 321 237 153 237 237 321 321 237 321 153 1 237 237 169 237 237 1 321 237 1 321 321 237 1 153 237 237 237 321 85 153 237 237 69 321 321 153 237 321 1 321 237 1 85 321 85 153 237 237 1 1 321 321 321 69 153 85 1 237 321 1 153 321 321 69 237 321 153 321 153 321 2 321 237 237 321 237 153 1 2 1 170 321 1 85 321 321 1 85 153 237 237 2 237 69 1 153 153 153 321 153 1 321 321 85 1 153 237 237 85 153 321 321 1 237 1 237 153 85 170 169 237 237 321 153 170 153 237 321 1 237 69 86 237 237 321 85 321 1 69 69 153 237 237 321 85 321 237 237 237 85 321 321 321 321 69 153 1 321 237 2 1 153 69 153 153 153 321 153 69 321 1 153 321 153 69 321 69 237 321 153 69 1 237 85 321 237 153 237 85 153 237 69 1 153 153 321 237 321 321 237 85 237 237 69 2 85 2 237 237 321 169 153 153 321 321 321 321 153 237 321 69 237 237 237 69 237 85 237 153 321 237 321 153 153 321 1 153 321 321 237 1 153 69 2 85 321 169 321 69 321 69 237 153 153 1 1 237 69 321 86 321 237 321 153 321 237 321 237 170 237 321 321 2 1 153 69 69 85 1 69 237 1 237 237 1 153 321 153 321 237 237 153 1 153 237 169 321 237 69 321 321 86 321 237 237 2 69 237 85 1 237 321 237 1 321 1 153 86 237 237 1 1 321 321 1 321 237 237 321 321 237 69 321 2 321 321 69 1 321 321 1 69 153 237 237 85 153 86 1 321 237 153 69 237 69 1 237 321 1 321 321 153 237 1 1 321 69 321 321 153 1 153 1 69 153 69 321 237 321 153 237 321 69 153 153 69 237 237 170 153 237 1 69 153 1 153 321 321 237 237 2 153 321 1 1 1 321 321 237 153 153 321 321 237 321 237 321 153 85 69 237 1 237 153 321 237 153 237 153 321 321 321 69 69 237 1 69 321 321 69 237 321 237 321 69 2 153 237 153 86 237 237 153 237 85 153 237 153 69 86 69 321 1 153 153 153 153 321 153 321 153 153 1 69 153 2 2 237 85 153 153 321 237 237 86 321 237 1 321 69 153 85 321 153 69 237 153 321 237 237 1 85 321 321 153 237 237 237 1 153 86 153 85 321 85 237 69 69 321 321 153 153 153 237 69 69 237 321 69 69 1 237 153 69 153 86 1 69 321 1 69 321 237 321 2 321 237 69 321 85 321 237 321 321 
c [Incremental] Max used label: 321.
c [Incremental] Label 321 is removed from searching.
c [Incremental] Solving for max label = 320:
c [Incremental] Solving duration: 602 ms.
s [Incremental] SAT (label = 320).
c [Incremental] Label assignment: 320 152 1 152 152 236 1 320 1 1 320 320 1 236 152 85 236 320 320 85 1 1 236 85 1 2 85 152 1 152 236 320 1 320 236 1 152 320 236 152 236 236 320 320 236 320 152 1 236 236 169 236 236 1 320 236 1 320 320 236 1 152 236 236 236 320 85 152 236 236 68 320 320 152 236 320 1 320 236 1 85 320 85 152 236 236 1 1 320 320 320 68 152 85 1 236 320 1 152 320 320 68 236 320 152 320 152 320 2 320 236 236 320 236 152 1 2 1 170 320 1 85 320 320 1 85 152 236 236 2 236 68 1 152 152 152 320 152 1 320 320 85 1 152 236 236 85 152 320 320 1 236 1 236 152 85 170 169 236 236 320 152 170 152 236 320 1 236 68 86 236 236 320 85 320 1 68 68 152 236 236 320 85 320 236 236 236 85 320 320 320 320 68 152 1 320 236 2 1 152 68 152 152 152 320 152 68 320 1 152 320 152 68 320 68 236 320 152 68 1 236 85 320 236 152 236 85 152 236 68 1 152 152 320 236 320 320 236 85 236 236 68 2 85 2 236 236 320 169 152 152 320 320 320 320 152 236 320 68 236 236 236 68 236 85 236 152 320 236 320 152 152 320 1 152 320 320 236 1 152 68 2 85 320 169 320 68 320 68 236 152 152 1 1 236 68 320 86 320 236 320 152 320 236 320 236 170 236 320 320 2 1 152 68 68 85 1 68 236 1 236 236 1 152 320 152 320 236 236 152 1 152 236 169 320 236 68 320 320 86 320 236 236 2 68 236 85 1 236 320 236 1 320 1 152 86 236 236 1 1 320 320 1 320 236 236 320 320 236 68 320 2 320 320 68 1 320 320 1 68 152 236 236 85 152 86 1 320 236 152 68 236 68 1 236 320 1 320 320 152 236 1 1 320 68 320 320 152 1 152 1 68 152 68 320 236 320 152 236 320 68 152 152 68 236 236 170 152 236 1 68 152 1 152 320 320 236 236 2 152 320 1 1 1 320 320 236 152 152 320 320 236 320 236 320 152 85 68 236 1 236 152 320 236 152 236 152 320 320 320 68 68 236 1 68 320 320 68 236 320 236 320 68 2 152 236 152 86 236 236 152 236 85 152 236 152 68 86 68 320 1 152 152 152 152 320 152 320 152 152 1 68 152 2 2 236 85 152 152 320 236 236 86 320 236 1 320 68 152 85 320 152 68 236 152 320 236 236 1 85 320 320 152 236 236 236 1 152 86 152 85 320 85 236 68 68 320 320 152 152 152 236 68 68 236 320 68 68 1 236 152 68 152 86 1 68 320 1 68 320 236 320 2 320 236 68 320 85 320 236 320 320 
c [Incremental] Max used label: 320.
c [Incremental] Label 320 is removed from searching.
c [Incremental] Solving for max label = 319:
c [Incremental] Solving duration: 613 ms.
s [Incremental] SAT (label = 319).
c [Incremental] Label assignment: 319 151 1 151 151 235 1 319 1 1 319 319 1 235 151 85 235 319 319 85 1 1 235 85 1 2 85 151 1 151 235 319 1 319 235 1 151 319 235 151 235 235 319 319 235 319 151 1 235 235 169 235 235 1 319 235 1 319 319 235 1 151 235 235 235 319 85 151 235 235 67 319 319 151 235 319 1 319 235 1 85 319 85 151 235 235 1 1 319 319 319 67 151 85 1 235 319 1 151 319 319 67 235 319 151 319 151 319 2 319 235 235 319 235 151 1 2 1 170 319 1 85 319 319 1 85 151 235 235 2 235 67 1 151 151 151 319 151 1 319 319 85 1 151 235 235 85 151 319 319 1 235 1 235 151 85 170 169 235 235 319 151 170 151 235 319 1 235 67 86 235 235 319 85 319 1 67 67 151 235 235 319 85 319 235 235 235 85 319 319 319 319 67 151 1 319 235 2 1 151 67 151 151 151 319 151 67 319 1 151 319 151 67 319 67 235 319 151 67 1 235 85 319 235 151 235 85 151 235 67 1 151 151 319 235 319 319 235 85 235 235 67 2 85 2 235 235 319 169 151 151 319 319 319 319 151 235 319 67 235 235 235 67 235 85 235 151 319 235 319 151 151 319 1 151 319 319 235 1 151 67 2 85 319 169 319 67 319 67 235 151 151 1 1 235 67 319 86 319 235 319 151 319 235 319 235 170 235 319 319 2 1 151 67 67 85 1 67 235 1 235 235 1 151 319 151 319 235 235 151 1 151 235 169 319 235 67 319 319 86 319 235 235 2 67 235 85 1 235 319 235 1 319 1 151 86 235 235 1 1 319 319 1 319 235 235 319 319 235 67 319 2 319 319 67 1 319 319 1 67 151 235 235 85 151 86 1 319 235 151 67 235 67 1 235 319 1 319 319 151 235 1 1 319 67 319 319 151 1 151 1 67 151 67 319 235 319 151 235 319 67 151 151 67 235 235 170 151 235 1 67 151 1 151 319 319 235 235 2 151 319 1 1 1 319 319 235 151 151 319 319 235 319 235 319 151 85 67 235 1 235 151 319 235 151 235 151 319 319 319 67 67 235 1 67 319 319 67 235 319 235 319 67 2 151 235 151 86 235 235 151 235 85 151 235 151 67 86 67 319 1 151 151 151 151 319 151 319 151 151 1 67 151 2 2 235 85 151 151 319 235 235 86 319 235 1 319 67 151 85 319 151 67 235 151 319 235 235 1 85 319 319 151 235 235 235 1 151 86 151 85 319 85 235 67 67 319 319 151 151 151 235 67 67 235 319 67 67 1 235 151 67 151 86 1 67 319 1 67 319 235 319 2 319 235 67 319 85 319 235 319 319 
c [Incremental] Max used label: 319.
c [Incremental] Label 319 is removed from searching.
c [Incremental] Solving for max label = 318:
c [Incremental] Solving duration: 582 ms.
s [Incremental] SAT (label = 318).
c [Incremental] Label assignment: 318 150 1 150 150 234 1 318 1 1 318 318 1 234 150 85 234 318 318 85 1 1 234 85 1 2 85 150 1 150 234 318 1 318 234 1 150 318 234 150 234 234 318 318 234 318 150 1 234 234 169 234 234 1 318 234 1 318 318 234 1 150 234 234 234 318 85 150 234 234 66 318 318 150 234 318 1 318 234 1 85 318 85 150 234 234 1 1 318 318 318 66 150 85 1 234 318 1 150 318 318 66 234 318 150 318 150 318 2 318 234 234 318 234 150 1 2 1 170 318 1 85 318 318 1 85 150 234 234 2 234 66 1 150 150 150 318 150 1 318 318 85 1 150 234 234 85 150 318 318 1 234 1 234 150 85 170 169 234 234 318 150 170 150 234 318 1 234 66 86 234 234 318 85 318 1 66 66 150 234 234 318 85 318 234 234 234 85 318 318 318 318 66 150 1 318 234 2 1 150 66 150 150 150 318 150 66 318 1 150 318 150 66 318 66 234 318 150 66 1 234 85 318 234 150 234 85 150 234 66 1 150 150 318 234 318 318 234 85 234 234 66 2 85 2 234 234 318 169 150 150 318 318 318 318 150 234 318 66 234 234 234 66 234 85 234 150 318 234 318 150 150 318 1 150 318 318 234 1 150 66 2 85 318 169 318 66 318 66 234 150 150 1 1 234 66 318 86 318 234 318 150 318 234 318 234 170 234 318 318 2 1 150 66 66 85 1 66 234 1 234 234 1 150 318 150 318 234 234 150 1 150 234 169 318 234 66 318 318 86 318 234 234 2 66 234 85 1 234 318 234 1 318 1 150 86 234 234 1 1 318 318 1 318 234 234 318 318 234 66 318 2 318 318 66 1 318 318 1 66 150 234 234 85 150 86 1 318 234 150 66 234 66 1 234 318 1 318 318 150 234 1 1 318 66 318 318 150 1 150 1 66 150 66 318 234 318 150 234 318 66 150 150 66 234 234 170 150 234 1 66 150 1 150 318 318 234 234 2 150 318 1 1 1 318 318 234 150 150 318 318 234 318 234 318 150 85 66 234 1 234 150 318 234 150 234 150 318 318 318 66 66 234 1 66 318 318 66 234 318 234 318 66 2 150 234 150 86 234 234 150 234 85 150 234 150 66 86 66 318 1 150 150 150 150 318 150 318 150 150 1 66 150 2 2 234 85 150 150 318 234 234 86 318 234 1 318 66 150 85 318 150 66 234 150 318 234 234 1 85 318 318 150 234 234 234 1 150 86 150 85 318 85 234 66 66 318 318 150 150 150 234 66 66 234 318 66 66 1 234 150 66 150 86 1 66 318 1 66 318 234 318 2 318 234 66 318 85 318 234 318 318 
c [Incremental] Max used label: 318.
c [Incremental] Label 318 is removed from searching.
c [Incremental] Solving for max label = 317:
c [Incremental] Solving duration: 600 ms.
s [Incremental] SAT (label = 317).
c [Incremental] Label assignment: 317 149 1 149 149 233 1 317 1 1 317 317 1 233 149 85 233 317 317 85 1 1 233 85 1 2 85 149 1 149 233 317 1 317 233 1 149 317 233 149 233 233 317 317 233 317 149 1 233 233 169 233 233 1 317 233 1 317 317 233 1 149 233 233 233 317 85 149 233 233 65 317 317 149 233 317 1 317 233 1 85 317 85 149 233 233 1 1 317 317 317 65 149 85 1 233 317 1 149 317 317 65 233 317 149 317 149 317 2 317 233 233 317 233 149 1 2 1 170 317 1 85 317 317 1 85 149 233 233 2 233 65 1 149 149 149 317 149 1 317 317 85 1 149 233 233 85 149 317 317 1 233 1 233 149 85 170 169 233 233 317 149 170 149 233 317 1 233 65 86 233 233 317 85 317 1 65 65 149 233 233 317 85 317 233 233 233 85 317 317 317 317 65 149 1 317 233 2 1 149 65 149 149 149 317 149 65 317 1 149 317 149 65 317 65 233 317 149 65 1 233 85 317 233 149 233 85 149 233 65 1 149 149 317 233 317 317 233 85 233 233 65 2 85 2 233 233 317 169 149 149 317 317 317 317 149 233 317 65 233 233 233 65 233 85 233 149 317 233 317 149 149 317 1 149 317 317 233 1 149 65 2 85 317 169 317 65 317 65 233 149 149 1 1 233 65 317 86 317 233 317 149 317 233 317 233 170 233 317 317 2 1 149 65 65 85 1 65 233 1 233 233 1 149 317 149 317 233 233 149 1 149 233 169 317 233 65 317 317 86 317 233 233 2 65 233 85 1 233 317 233 1 317 1 149 86 233 233 1 1 317 317 1 317 233 233 317 317 233 65 317 2 317 317 65 1 317 317 1 65 149 233 233 85 149 86 1 317 233 149 65 233 65 1 233 317 1 317 317 149 233 1 1 317 65 317 317 149 1 149 1 65 149 65 317 233 317 149 233 317 65 149 149 65 233 233 170 149 233 1 65 149 1 149 317 317 233 233 2 149 317 1 1 1 317 317 233 149 149 317 317 233 317 233 317 149 85 65 233 1 233 149 317 233 149 233 149 317 317 317 65 65 233 1 65 317 317 65 233 317 233 317 65 2 149 233 149 86 233 233 149 233 85 149 233 149 65 86 65 317 1 149 149 149 149 317 149 317 149 149 1 65 149 2 2 233 85 149 149 317 233 233 86 317 233 1 317 65 149 85 317 149 65 233 149 317 233 233 1 85 317 317 149 233 233 233 1 149 86 149 85 317 85 233 65 65 317 317 149 149 149 233 65 65 233 317 65 65 1 233 149 65 149 86 1 65 317 1 65 317 233 317 2 317 233 65 317 85 317 233 317 317 
c [Incremental] Max used label: 317.
c [Incremental] Label 317 is removed from searching.
c [Incremental] Solving for max label = 316:
c [Incremental] Solving duration: 607 ms.
s [Incremental] SAT (label = 316).
c [Incremental] Label assignment: 316 148 1 148 148 232 1 316 1 1 316 316 1 232 148 85 232 316 316 85 1 1 232 85 1 2 85 148 1 148 232 316 1 316 232 1 148 316 232 148 232 232 316 316 232 316 148 1 232 232 169 232 232 1 316 232 1 316 316 232 1 148 232 232 232 316 85 148 232 232 64 316 316 148 232 316 1 316 232 1 85 316 85 148 232 232 1 1 316 316 316 64 148 85 1 232 316 1 148 316 316 64 232 316 148 316 148 316 2 316 232 232 316 232 148 1 2 1 170 316 1 85 316 316 1 85 148 232 232 2 232 64 1 148 148 148 316 148 1 316 316 85 1 148 232 232 85 148 316 316 1 232 1 232 148 85 170 169 232 232 316 148 170 148 232 316 1 232 64 86 232 232 316 85 316 1 64 64 148 232 232 316 85 316 232 232 232 85 316 316 316 316 64 148 1 316 232 2 1 148 64 148 148 148 316 148 64 316 1 148 316 148 64 316 64 232 316 148 64 1 232 85 316 232 148 232 85 148 232 64 1 148 148 316 232 316 316 232 85 232 232 64 2 85 2 232 232 316 169 148 148 316 316 316 316 148 232 316 64 232 232 232 64 232 85 232 148 316 232 316 148 148 316 1 148 316 316 232 1 148 64 2 85 316 169 316 64 316 64 232 148 148 1 1 232 64 316 86 316 232 316 148 316 232 316 232 170 232 316 316 2 1 148 64 64 85 1 64 232 1 232 232 1 148 316 148 316 232 232 148 1 148 232 169 316 232 64 316 316 86 316 232 232 2 64 232 85 1 232 316 232 1 316 1 148 86 232 232 1 1 316 316 1 316 232 232 316 316 232 64 316 2 316 316 64 1 316 316 1 64 148 232 232 85 148 86 1 316 232 148 64 232 64 1 232 316 1 316 316 148 232 1 1 316 64 316 316 148 1 148 1 64 148 64 316 232 316 148 232 316 64 148 148 64 232 232 170 148 232 1 64 148 1 148 316 316 232 232 2 148 316 1 1 1 316 316 232 148 148 316 316 232 316 232 316 148 85 64 232 1 232 148 316 232 148 232 148 316 316 316 64 64 232 1 64 316 316 64 232 316 232 316 64 2 148 232 148 86 232 232 148 232 85 148 232 148 64 86 64 316 1 148 148 148 148 316 148 316 148 148 1 64 148 2 2 232 85 148 148 316 232 232 86 316 232 1 316 64 148 85 316 148 64 232 148 316 232 232 1 85 316 316 148 232 232 232 1 148 86 148 85 316 85 232 64 64 316 316 148 148 148 232 64 64 232 316 64 64 1 232 148 64 148 86 1 64 316 1 64 316 232 316 2 316 232 64 316 85 316 232 316 316 
c [Incremental] Max used label: 316.
c [Incremental] Label 316 is removed from searching.
c [Incremental] Solving for max label = 315:
c [Incremental] Solving duration: 585 ms.
s [Incremental] SAT (label = 315).
c [Incremental] Label assignment: 315 147 1 147 147 231 1 315 1 1 315 315 1 231 147 85 231 315 315 85 1 1 231 85 1 2 85 147 1 147 231 315 1 315 231 1 147 315 231 147 231 231 315 315 231 315 147 1 231 231 169 231 231 1 315 231 1 315 315 231 1 147 231 231 231 315 85 147 231 231 63 315 315 147 231 315 1 315 231 1 85 315 85 147 231 231 1 1 315 315 315 63 147 85 1 231 315 1 147 315 315 63 231 315 147 315 147 315 2 315 231 231 315 231 147 1 2 1 170 315 1 85 315 315 1 85 147 231 231 2 231 63 1 147 147 147 315 147 1 315 315 85 1 147 231 231 85 147 315 315 1 231 1 231 147 85 170 169 231 231 315 147 170 147 231 315 1 231 63 86 231 231 315 85 315 1 63 63 147 231 231 315 85 315 231 231 231 85 315 315 315 315 63 147 1 315 231 2 1 147 63 147 147 147 315 147 63 315 1 147 315 147 63 315 63 231 315 147 63 1 231 85 315 231 147 231 85 147 231 63 1 147 147 315 231 315 315 231 85 231 231 63 2 85 2 231 231 315 169 147 147 315 315 315 315 147 231 315 63 231 231 231 63 231 85 231 147 315 231 315 147 147 315 1 147 315 315 231 1 147 63 2 85 315 169 315 63 315 63 231 147 147 1 1 231 63 315 86 315 231 315 147 315 231 315 231 170 231 315 315 2 1 147 63 63 85 1 63 231 1 231 231 1 147 315 147 315 231 231 147 1 147 231 169 315 231 63 315 315 86 315 231 231 2 63 231 85 1 231 315 231 1 315 1 147 86 231 231 1 1 315 315 1 315 231 231 315 315 231 63 315 2 315 315 63 1 315 315 1 63 147 231 231 85 147 86 1 315 231 147 63 231 63 1 231 315 1 315 315 147 231 1 1 315 63 315 315 147 1 147 1 63 147 63 315 231 315 147 231 315 63 147 147 63 231 231 170 147 231 1 63 147 1 147 315 315 231 231 2 147 315 1 1 1 315 315 231 147 147 315 315 231 315 231 315 147 85 63 231 1 231 147 315 231 147 231 147 315 315 315 63 63 231 1 63 315 315 63 231 315 231 315 63 2 147 231 147 86 231 231 147 231 85 147 231 147 63 86 63 315 1 147 147 147 147 315 147 315 147 147 1 63 147 2 2 231 85 147 147 315 231 231 86 315 231 1 315 63 147 85 315 147 63 231 147 315 231 231 1 85 315 315 147 231 231 231 1 147 86 147 85 315 85 231 63 63 315 315 147 147 147 231 63 63 231 315 63 63 1 231 147 63 147 86 1 63 315 1 63 315 231 315 2 315 231 63 315 85 315 231 315 315 
c [Incremental] Max used label: 315.
c [Incremental] Label 315 is removed from searching.
c [Incremental] Solving for max label = 314:
c [Incremental] Solving duration: 598 ms.
s [Incremental] SAT (label = 314).
c [Incremental] Label assignment: 314 146 1 146 146 230 1 314 1 1 314 314 1 230 146 85 230 314 314 85 1 1 230 85 1 2 85 146 1 146 230 314 1 314 230 1 146 314 230 146 230 230 314 314 230 314 146 1 230 230 169 230 230 1 314 230 1 314 314 230 1 146 230 230 230 314 85 146 230 230 62 314 314 146 230 314 1 314 230 1 85 314 85 146 230 230 1 1 314 314 314 62 146 85 1 230 314 1 146 314 314 62 230 314 146 314 146 314 2 314 230 230 314 230 146 1 2 1 170 314 1 85 314 314 1 85 146 230 230 2 230 62 1 146 146 146 314 146 1 314 314 85 1 146 230 230 85 146 314 314 1 230 1 230 146 85 170 169 230 230 314 146 170 146 230 314 1 230 62 86 230 230 314 85 314 1 62 62 146 230 230 314 85 314 230 230 230 85 314 314 314 314 62 146 1 314 230 2 1 146 62 146 146 146 314 146 62 314 1 146 314 146 62 314 62 230 314 146 62 1 230 85 314 230 146 230 85 146 230 62 1 146 146 314 230 314 314 230 85 230 230 62 2 85 2 230 230 314 169 146 146 314 314 314 314 146 230 314 62 230 230 230 62 230 85 230 146 314 230 314 146 146 314 1 146 314 314 230 1 146 62 2 85 314 169 314 62 314 62 230 146 146 1 1 230 62 314 86 314 230 314 146 314 230 314 230 170 230 314 314 2 1 146 62 62 85 1 62 230 1 230 230 1 146 314 146 314 230 230 146 1 146 230 169 314 230 62 314 314 86 314 230 230 2 62 230 85 1 230 314 230 1 314 1 146 86 230 230 1 1 314 314 1 314 230 230 314 314 230 62 314 2 314 314 62 1 314 314 1 62 146 230 230 85 146 86 1 314 230 146 62 230 62 1 230 314 1 314 314 146 230 1 1 314 62 314 314 146 1 146 1 62 146 62 314 230 314 146 230 314 62 146 146 62 230 230 170 146 230 1 62 146 1 146 314 314 230 230 2 146 314 1 1 1 314 314 230 146 146 314 314 230 314 230 314 146 85 62 230 1 230 146 314 230 146 230 146 314 314 314 62 62 230 1 62 314 314 62 230 314 230 314 62 2 146 230 146 86 230 230 146 230 85 146 230 146 62 86 62 314 1 146 146 146 146 314 146 314 146 146 1 62 146 2 2 230 85 146 146 314 230 230 86 314 230 1 314 62 146 85 314 146 62 230 146 314 230 230 1 85 314 314 146 230 230 230 1 146 86 146 85 314 85 230 62 62 314 314 146 146 146 230 62 62 230 314 62 62 1 230 146 62 146 86 1 62 314 1 62 314 230 314 2 314 230 62 314 85 314 230 314 314 
c [Incremental] Max used label: 314.
c [Incremental] Label 314 is removed from searching.
c [Incremental] Solving for max label = 313:
c [Incremental] Solving duration: 598 ms.
s [Incremental] SAT (label = 313).
c [Incremental] Label assignment: 313 145 1 145 145 229 1 313 1 1 313 313 1 229 145 85 229 313 313 85 1 1 229 85 1 2 85 145 1 145 229 313 1 313 229 1 145 313 229 145 229 229 313 313 229 313 145 1 229 229 169 229 229 1 313 229 1 313 313 229 1 145 229 229 229 313 85 145 229 229 61 313 313 145 229 313 1 313 229 1 85 313 85 145 229 229 1 1 313 313 313 61 145 85 1 229 313 1 145 313 313 61 229 313 145 313 145 313 2 313 229 229 313 229 145 1 2 1 170 313 1 85 313 313 1 85 145 229 229 2 229 61 1 145 145 145 313 145 1 313 313 85 1 145 229 229 85 145 313 313 1 229 1 229 145 85 170 169 229 229 313 145 170 145 229 313 1 229 61 86 229 229 313 85 313 1 61 61 145 229 229 313 85 313 229 229 229 85 313 313 313 313 61 145 1 313 229 2 1 145 61 145 145 145 313 145 61 313 1 145 313 145 61 313 61 229 313 145 61 1 229 85 313 229 145 229 85 145 229 61 1 145 145 313 229 313 313 229 85 229 229 61 2 85 2 229 229 313 169 145 145 313 313 313 313 145 229 313 61 229 229 229 61 229 85 229 145 313 229 313 145 145 313 1 145 313 313 229 1 145 61 2 85 313 169 313 61 313 61 229 145 145 1 1 229 61 313 86 313 229 313 145 313 229 313 229 170 229 313 313 2 1 145 61 61 85 1 61 229 1 229 229 1 145 313 145 313 229 229 145 1 145 229 169 313 229 61 313 313 86 313 229 229 2 61 229 85 1 229 313 229 1 313 1 145 86 229 229 1 1 313 313 1 313 229 229 313 313 229 61 313 2 313 313 61 1 313 313 1 61 145 229 229 85 145 86 1 313 229 145 61 229 61 1 229 313 1 313 313 145 229 1 1 313 61 313 313 145 1 145 1 61 145 61 313 229 313 145 229 313 61 145 145 61 229 229 170 145 229 1 61 145 1 145 313 313 229 229 2 145 313 1 1 1 313 313 229 145 145 313 313 229 313 229 313 145 85 61 229 1 229 145 313 229 145 229 145 313 313 313 61 61 229 1 61 313 313 61 229 313 229 313 61 2 145 229 145 86 229 229 145 229 85 145 229 145 61 86 61 313 1 145 145 145 145 313 145 313 145 145 1 61 145 2 2 229 85 145 145 313 229 229 86 313 229 1 313 61 145 85 313 145 61 229 145 313 229 229 1 85 313 313 145 229 229 229 1 145 86 145 85 313 85 229 61 61 313 313 145 145 145 229 61 61 229 313 61 61 1 229 145 61 145 86 1 61 313 1 61 313 229 313 2 313 229 61 313 85 313 229 313 313 
c [Incremental] Max used label: 313.
c [Incremental] Label 313 is removed from searching.
c [Incremental] Solving for max label = 312:
c [Incremental] Solving duration: 596 ms.
s [Incremental] SAT (label = 312).
c [Incremental] Label assignment: 312 144 1 144 144 228 1 312 1 1 312 312 1 228 144 85 228 312 312 85 1 1 228 85 1 2 85 144 1 144 228 312 1 312 228 1 144 312 228 144 228 228 312 312 228 312 144 1 228 228 169 228 228 1 312 228 1 312 312 228 1 144 228 228 228 312 85 144 228 228 60 312 312 144 228 312 1 312 228 1 85 312 85 144 228 228 1 1 312 312 312 60 144 85 1 228 312 1 144 312 312 60 228 312 144 312 144 312 2 312 228 228 312 228 144 1 2 1 170 312 1 85 312 312 1 85 144 228 228 2 228 60 1 144 144 144 312 144 1 312 312 85 1 144 228 228 85 144 312 312 1 228 1 228 144 85 170 169 228 228 312 144 170 144 228 312 1 228 60 86 228 228 312 85 312 1 60 60 144 228 228 312 85 312 228 228 228 85 312 312 312 312 60 144 1 312 228 2 1 144 60 144 144 144 312 144 60 312 1 144 312 144 60 312 60 228 312 144 60 1 228 85 312 228 144 228 85 144 228 60 1 144 144 312 228 312 312 228 85 228 228 60 2 85 2 228 228 312 169 144 144 312 312 312 312 144 228 312 60 228 228 228 60 228 85 228 144 312 228 312 144 144 312 1 144 312 312 228 1 144 60 2 85 312 169 312 60 312 60 228 144 144 1 1 228 60 312 86 312 228 312 144 312 228 312 228 170 228 312 312 2 1 144 60 60 85 1 60 228 1 228 228 1 144 312 144 312 228 228 144 1 144 228 169 312 228 60 312 312 86 312 228 228 2 60 228 85 1 228 312 228 1 312 1 144 86 228 228 1 1 312 312 1 312 228 228 312 312 228 60 312 2 312 312 60 1 312 312 1 60 144 228 228 85 144 86 1 312 228 144 60 228 60 1 228 312 1 312 312 144 228 1 1 312 60 312 312 144 1 144 1 60 144 60 312 228 312 144 228 312 60 144 144 60 228 228 170 144 228 1 60 144 1 144 312 312 228 228 2 144 312 1 1 1 312 312 228 144 144 312 312 228 312 228 312 144 85 60 228 1 228 144 312 228 144 228 144 312 312 312 60 60 228 1 60 312 312 60 228 312 228 312 60 2 144 228 144 86 228 228 144 228 85 144 228 144 60 86 60 312 1 144 144 144 144 312 144 312 144 144 1 60 144 2 2 228 85 144 144 312 228 228 86 312 228 1 312 60 144 85 312 144 60 228 144 312 228 228 1 85 312 312 144 228 228 228 1 144 86 144 85 312 85 228 60 60 312 312 144 144 144 228 60 60 228 312 60 60 1 228 144 60 144 86 1 60 312 1 60 312 228 312 2 312 228 60 312 85 312 228 312 312 
c [Incremental] Max used label: 312.
c [Incremental] Label 312 is removed from searching.
c [Incremental] Solving for max label = 311:
c [Incremental] Solving duration: 596 ms.
s [Incremental] SAT (label = 311).
c [Incremental] Label assignment: 311 143 1 143 143 227 1 311 1 1 311 311 1 227 143 85 227 311 311 85 1 1 227 85 1 2 85 143 1 143 227 311 1 311 227 1 143 311 227 143 227 227 311 311 227 311 143 1 227 227 169 227 227 1 311 227 1 311 311 227 1 143 227 227 227 311 85 143 227 227 59 311 311 143 227 311 1 311 227 1 85 311 85 143 227 227 1 1 311 311 311 59 143 85 1 227 311 1 143 311 311 59 227 311 143 311 143 311 2 311 227 227 311 227 143 1 2 1 170 311 1 85 311 311 1 85 143 227 227 2 227 59 1 143 143 143 311 143 1 311 311 85 1 143 227 227 85 143 311 311 1 227 1 227 143 85 170 169 227 227 311 143 170 143 227 311 1 227 59 86 227 227 311 85 311 1 59 59 143 227 227 311 85 311 227 227 227 85 311 311 311 311 59 143 1 311 227 2 1 143 59 143 143 143 311 143 59 311 1 143 311 143 59 311 59 227 311 143 59 1 227 85 311 227 143 227 85 143 227 59 1 143 143 311 227 311 311 227 85 227 227 59 2 85 2 227 227 311 169 143 143 311 311 311 311 143 227 311 59 227 227 227 59 227 85 227 143 311 227 311 143 143 311 1 143 311 311 227 1 143 59 2 85 311 169 311 59 311 59 227 143 143 1 1 227 59 311 86 311 227 311 143 311 227 311 227 170 227 311 311 2 1 143 59 59 85 1 59 227 1 227 227 1 143 311 143 311 227 227 143 1 143 227 169 311 227 59 311 311 86 311 227 227 2 59 227 85 1 227 311 227 1 311 1 143 86 227 227 1 1 311 311 1 311 227 227 311 311 227 59 311 2 311 311 59 1 311 311 1 59 143 227 227 85 143 86 1 311 227 143 59 227 59 1 227 311 1 311 311 143 227 1 1 311 59 311 311 143 1 143 1 59 143 59 311 227 311 143 227 311 59 143 143 59 227 227 170 143 227 1 59 143 1 143 311 311 227 227 2 143 311 1 1 1 311 311 227 143 143 311 311 227 311 227 311 143 85 59 227 1 227 143 311 227 143 227 143 311 311 311 59 59 227 1 59 311 311 59 227 311 227 311 59 2 143 227 143 86 227 227 143 227 85 143 227 143 59 86 59 311 1 143 143 143 143 311 143 311 143 143 1 59 143 2 2 227 85 143 143 311 227 227 86 311 227 1 311 59 143 85 311 143 59 227 143 311 227 227 1 85 311 311 143 227 227 227 1 143 86 143 85 311 85 227 59 59 311 311 143 143 143 227 59 59 227 311 59 59 1 227 143 59 143 86 1 59 311 1 59 311 227 311 2 311 227 59 311 85 311 227 311 311 
c [Incremental] Max used label: 311.
c [Incremental] Label 311 is removed from searching.
c [Incremental] Solving for max label = 310:
c [Incremental] Solving duration: 587 ms.
s [Incremental] SAT (label = 310).
c [Incremental] Label assignment: 310 142 1 142 142 226 1 310 1 1 310 310 1 226 142 85 226 310 310 85 1 1 226 85 1 2 85 142 1 142 226 310 1 310 226 1 142 310 226 142 226 226 310 310 226 310 142 1 226 226 169 226 226 1 310 226 1 310 310 226 1 142 226 226 226 310 85 142 226 226 58 310 310 142 226 310 1 310 226 1 85 310 85 142 226 226 1 1 310 310 310 58 142 85 1 226 310 1 142 310 310 58 226 310 142 310 142 310 2 310 226 226 310 226 142 1 2 1 170 310 1 85 310 310 1 85 142 226 226 2 226 58 1 142 142 142 310 142 1 310 310 85 1 142 226 226 85 142 310 310 1 226 1 226 142 85 170 169 226 226 310 142 170 142 226 310 1 226 58 86 226 226 310 85 310 1 58 58 142 226 226 310 85 310 226 226 226 85 310 310 310 310 58 142 1 310 226 2 1 142 58 142 142 142 310 142 58 310 1 142 310 142 58 310 58 226 310 142 58 1 226 85 310 226 142 226 85 142 226 58 1 142 142 310 226 310 310 226 85 226 226 58 2 85 2 226 226 310 169 142 142 310 310 310 310 142 226 310 58 226 226 226 58 226 85 226 142 310 226 310 142 142 310 1 142 310 310 226 1 142 58 2 85 310 169 310 58 310 58 226 142 142 1 1 226 58 310 86 310 226 310 142 310 226 310 226 170 226 310 310 2 1 142 58 58 85 1 58 226 1 226 226 1 142 310 142 310 226 226 142 1 142 226 169 310 226 58 310 310 86 310 226 226 2 58 226 85 1 226 310 226 1 310 1 142 86 226 226 1 1 310 310 1 310 226 226 310 310 226 58 310 2 310 310 58 1 310 310 1 58 142 226 226 85 142 86 1 310 226 142 58 226 58 1 226 310 1 310 310 142 226 1 1 310 58 310 310 142 1 142 1 58 142 58 310 226 310 142 226 310 58 142 142 58 226 226 170 142 226 1 58 142 1 142 310 310 226 226 2 142 310 1 1 1 310 310 226 142 142 310 310 226 310 226 310 142 85 58 226 1 226 142 310 226 142 226 142 310 310 310 58 58 226 1 58 310 310 58 226 310 226 310 58 2 142 226 142 86 226 226 142 226 85 142 226 142 58 86 58 310 1 142 142 142 142 310 142 310 142 142 1 58 142 2 2 226 85 142 142 310 226 226 86 310 226 1 310 58 142 85 310 142 58 226 142 310 226 226 1 85 310 310 142 226 226 226 1 142 86 142 85 310 85 226 58 58 310 310 142 142 142 226 58 58 226 310 58 58 1 226 142 58 142 86 1 58 310 1 58 310 226 310 2 310 226 58 310 85 310 226 310 310 
c [Incremental] Max used label: 310.
c [Incremental] Label 310 is removed from searching.
c [Incremental] Solving for max label = 309:
c [Incremental] Solving duration: 603 ms.
s [Incremental] SAT (label = 309).
c [Incremental] Label assignment: 309 141 1 141 141 225 1 309 1 1 309 309 1 225 141 85 225 309 309 85 1 1 225 85 1 2 85 141 1 141 225 309 1 309 225 1 141 309 225 141 225 225 309 309 225 309 141 1 225 225 169 225 225 1 309 225 1 309 309 225 1 141 225 225 225 309 85 141 225 225 57 309 309 141 225 309 1 309 225 1 85 309 85 141 225 225 1 1 309 309 309 57 141 85 1 225 309 1 141 309 309 57 225 309 141 309 141 309 2 309 225 225 309 225 141 1 2 1 170 309 1 85 309 309 1 85 141 225 225 2 225 57 1 141 141 141 309 141 1 309 309 85 1 141 225 225 85 141 309 309 1 225 1 225 141 85 170 169 225 225 309 141 170 141 225 309 1 225 57 86 225 225 309 85 309 1 57 57 141 225 225 309 85 309 225 225 225 85 309 309 309 309 57 141 1 309 225 2 1 141 57 141 141 141 309 141 57 309 1 141 309 141 57 309 57 225 309 141 57 1 225 85 309 225 141 225 85 141 225 57 1 141 141 309 225 309 309 225 85 225 225 57 2 85 2 225 225 309 169 141 141 309 309 309 309 141 225 309 57 225 225 225 57 225 85 225 141 309 225 309 141 141 309 1 141 309 309 225 1 141 57 2 85 309 169 309 57 309 57 225 141 141 1 1 225 57 309 86 309 225 309 141 309 225 309 225 170 225 309 309 2 1 141 57 57 85 1 57 225 1 225 225 1 141 309 141 309 225 225 141 1 141 225 169 309 225 57 309 309 86 309 225 225 2 57 225 85 1 225 309 225 1 309 1 141 86 225 225 1 1 309 309 1 309 225 225 309 309 225 57 309 2 309 309 57 1 309 309 1 57 141 225 225 85 141 86 1 309 225 141 57 225 57 1 225 309 1 309 309 141 225 1 1 309 57 309 309 141 1 141 1 57 141 57 309 225 309 141 225 309 57 141 141 57 225 225 170 141 225 1 57 141 1 141 309 309 225 225 2 141 309 1 1 1 309 309 225 141 141 309 309 225 309 225 309 141 85 57 225 1 225 141 309 225 141 225 141 309 309 309 57 57 225 1 57 309 309 57 225 309 225 309 57 2 141 225 141 86 225 225 141 225 85 141 225 141 57 86 57 309 1 141 141 141 141 309 141 309 141 141 1 57 141 2 2 225 85 141 141 309 225 225 86 309 225 1 309 57 141 85 309 141 57 225 141 309 225 225 1 85 309 309 141 225 225 225 1 141 86 141 85 309 85 225 57 57 309 309 141 141 141 225 57 57 225 309 57 57 1 225 141 57 141 86 1 57 309 1 57 309 225 309 2 309 225 57 309 85 309 225 309 309 
c [Incremental] Max used label: 309.
c [Incremental] Label 309 is removed from searching.
c [Incremental] Solving for max label = 308:
c [Incremental] Solving duration: 587 ms.
s [Incremental] SAT (label = 308).
c [Incremental] Label assignment: 308 140 1 140 140 224 1 308 1 1 308 308 1 224 140 85 224 308 308 85 1 1 224 85 1 2 85 140 1 140 224 308 1 308 224 1 140 308 224 140 224 224 308 308 224 308 140 1 224 224 169 224 224 1 308 224 1 308 308 224 1 140 224 224 224 308 85 140 224 224 56 308 308 140 224 308 1 308 224 1 85 308 85 140 224 224 1 1 308 308 308 56 140 85 1 224 308 1 140 308 308 56 224 308 140 308 140 308 2 308 224 224 308 224 140 1 2 1 170 308 1 85 308 308 1 85 140 224 224 2 224 56 1 140 140 140 308 140 1 308 308 85 1 140 224 224 85 140 308 308 1 224 1 224 140 85 170 169 224 224 308 140 170 140 224 308 1 224 56 86 224 224 308 85 308 1 56 56 140 224 224 308 85 308 224 224 224 85 308 308 308 308 56 140 1 308 224 2 1 140 56 140 140 140 308 140 56 308 1 140 308 140 56 308 56 224 308 140 56 1 224 85 308 224 140 224 85 140 224 56 1 140 140 308 224 308 308 224 85 224 224 56 2 85 2 224 224 308 169 140 140 308 308 308 308 140 224 308 56 224 224 224 56 224 85 224 140 308 224 308 140 140 308 1 140 308 308 224 1 140 56 2 85 308 169 308 56 308 56 224 140 140 1 1 224 56 308 86 308 224 308 140 308 224 308 224 170 224 308 308 2 1 140 56 56 85 1 56 224 1 224 224 1 140 308 140 308 224 224 140 1 140 224 169 308 224 56 308 308 86 308 224 224 2 56 224 85 1 224 308 224 1 308 1 140 86 224 224 1 1 308 308 1 308 224 224 308 308 224 56 308 2 308 308 56 1 308 308 1 56 140 224 224 85 140 86 1 308 224 140 56 224 56 1 224 308 1 308 308 140 224 1 1 308 56 308 308 140 1 140 1 56 140 56 308 224 308 140 224 308 56 140 140 56 224 224 170 140 224 1 56 140 1 140 308 308 224 224 2 140 308 1 1 1 308 308 224 140 140 308 308 224 308 224 308 140 85 56 224 1 224 140 308 224 140 224 140 308 308 308 56 56 224 1 56 308 308 56 224 308 224 308 56 2 140 224 140 86 224 224 140 224 85 140 224 140 56 86 56 308 1 140 140 140 140 308 140 308 140 140 1 56 140 2 2 224 85 140 140 308 224 224 86 308 224 1 308 56 140 85 308 140 56 224 140 308 224 224 1 85 308 308 140 224 224 224 1 140 86 140 85 308 85 224 56 56 308 308 140 140 140 224 56 56 224 308 56 56 1 224 140 56 140 86 1 56 308 1 56 308 224 308 2 308 224 56 308 85 308 224 308 308 
c [Incremental] Max used label: 308.
c [Incremental] Label 308 is removed from searching.
c [Incremental] Solving for max label = 307:
c [Incremental] Solving duration: 597 ms.
s [Incremental] SAT (label = 307).
c [Incremental] Label assignment: 307 139 1 139 139 223 1 307 1 1 307 307 1 223 139 85 223 307 307 85 1 1 223 85 1 2 85 139 1 139 223 307 1 307 223 1 139 307 223 139 223 223 307 307 223 307 139 1 223 223 169 223 223 1 307 223 1 307 307 223 1 139 223 223 223 307 85 139 223 223 55 307 307 139 223 307 1 307 223 1 85 307 85 139 223 223 1 1 307 307 307 55 139 85 1 223 307 1 139 307 307 55 223 307 139 307 139 307 2 307 223 223 307 223 139 1 2 1 170 307 1 85 307 307 1 85 139 223 223 2 223 55 1 139 139 139 307 139 1 307 307 85 1 139 223 223 85 139 307 307 1 223 1 223 139 85 170 169 223 223 307 139 170 139 223 307 1 223 55 86 223 223 307 85 307 1 55 55 139 223 223 307 85 307 223 223 223 85 307 307 307 307 55 139 1 307 223 2 1 139 55 139 139 139 307 139 55 307 1 139 307 139 55 307 55 223 307 139 55 1 223 85 307 223 139 223 85 139 223 55 1 139 139 307 223 307 307 223 85 223 223 55 2 85 2 223 223 307 169 139 139 307 307 307 307 139 223 307 55 223 223 223 55 223 85 223 139 307 223 307 139 139 307 1 139 307 307 223 1 139 55 2 85 307 169 307 55 307 55 223 139 139 1 1 223 55 307 86 307 223 307 139 307 223 307 223 170 223 307 307 2 1 139 55 55 85 1 55 223 1 223 223 1 139 307 139 307 223 223 139 1 139 223 169 307 223 55 307 307 86 307 223 223 2 55 223 85 1 223 307 223 1 307 1 139 86 223 223 1 1 307 307 1 307 223 223 307 307 223 55 307 2 307 307 55 1 307 307 1 55 139 223 223 85 139 86 1 307 223 139 55 223 55 1 223 307 1 307 307 139 223 1 1 307 55 307 307 139 1 139 1 55 139 55 307 223 307 139 223 307 55 139 139 55 223 223 170 139 223 1 55 139 1 139 307 307 223 223 2 139 307 1 1 1 307 307 223 139 139 307 307 223 307 223 307 139 85 55 223 1 223 139 307 223 139 223 139 307 307 307 55 55 223 1 55 307 307 55 223 307 223 307 55 2 139 223 139 86 223 223 139 223 85 139 223 139 55 86 55 307 1 139 139 139 139 307 139 307 139 139 1 55 139 2 2 223 85 139 139 307 223 223 86 307 223 1 307 55 139 85 307 139 55 223 139 307 223 223 1 85 307 307 139 223 223 223 1 139 86 139 85 307 85 223 55 55 307 307 139 139 139 223 55 55 223 307 55 55 1 223 139 55 139 86 1 55 307 1 55 307 223 307 2 307 223 55 307 85 307 223 307 307 
c [Incremental] Max used label: 307.
c [Incremental] Label 307 is removed from searching.
c [Incremental] Solving for max label = 306:
c [Incremental] Solving duration: 586 ms.
s [Incremental] SAT (label = 306).
c [Incremental] Label assignment: 306 138 1 138 138 222 1 306 1 1 306 306 1 222 138 85 222 306 306 85 1 1 222 85 1 2 85 138 1 138 222 306 1 306 222 1 138 306 222 138 222 222 306 306 222 306 138 1 222 222 169 222 222 1 306 222 1 306 306 222 1 138 222 222 222 306 85 138 222 222 54 306 306 138 222 306 1 306 222 1 85 306 85 138 222 222 1 1 306 306 306 54 138 85 1 222 306 1 138 306 306 54 222 306 138 306 138 306 2 306 222 222 306 222 138 1 2 1 170 306 1 85 306 306 1 85 138 222 222 2 222 54 1 138 138 138 306 138 1 306 306 85 1 138 222 222 85 138 306 306 1 222 1 222 138 85 170 169 222 222 306 138 170 138 222 306 1 222 54 86 222 222 306 85 306 1 54 54 138 222 222 306 85 306 222 222 222 85 306 306 306 306 54 138 1 306 222 2 1 138 54 138 138 138 306 138 54 306 1 138 306 138 54 306 54 222 306 138 54 1 222 85 306 222 138 222 85 138 222 54 1 138 138 306 222 306 306 222 85 222 222 54 2 85 2 222 222 306 169 138 138 306 306 306 306 138 222 306 54 222 222 222 54 222 85 222 138 306 222 306 138 138 306 1 138 306 306 222 1 138 54 2 85 306 169 306 54 306 54 222 138 138 1 1 222 54 306 86 306 222 306 138 306 222 306 222 170 222 306 306 2 1 138 54 54 85 1 54 222 1 222 222 1 138 306 138 306 222 222 138 1 138 222 169 306 222 54 306 306 86 306 222 222 2 54 222 85 1 222 306 222 1 306 1 138 86 222 222 1 1 306 306 1 306 222 222 306 306 222 54 306 2 306 306 54 1 306 306 1 54 138 222 222 85 138 86 1 306 222 138 54 222 54 1 222 306 1 306 306 138 222 1 1 306 54 306 306 138 1 138 1 54 138 54 306 222 306 138 222 306 54 138 138 54 222 222 170 138 222 1 54 138 1 138 306 306 222 222 2 138 306 1 1 1 306 306 222 138 138 306 306 222 306 222 306 138 85 54 222 1 222 138 306 222 138 222 138 306 306 306 54 54 222 1 54 306 306 54 222 306 222 306 54 2 138 222 138 86 222 222 138 222 85 138 222 138 54 86 54 306 1 138 138 138 138 306 138 306 138 138 1 54 138 2 2 222 85 138 138 306 222 222 86 306 222 1 306 54 138 85 306 138 54 222 138 306 222 222 1 85 306 306 138 222 222 222 1 138 86 138 85 306 85 222 54 54 306 306 138 138 138 222 54 54 222 306 54 54 1 222 138 54 138 86 1 54 306 1 54 306 222 306 2 306 222 54 306 85 306 222 306 306 
c [Incremental] Max used label: 306.
c [Incremental] Label 306 is removed from searching.
c [Incremental] Solving for max label = 305:
c [Incremental] Solving duration: 594 ms.
s [Incremental] SAT (label = 305).
c [Incremental] Label assignment: 305 137 1 137 137 221 1 305 1 1 305 305 1 221 137 85 221 305 305 85 1 1 221 85 1 2 85 137 1 137 221 305 1 305 221 1 137 305 221 137 221 221 305 305 221 305 137 1 221 221 169 221 221 1 305 221 1 305 305 221 1 137 221 221 221 305 85 137 221 221 53 305 305 137 221 305 1 305 221 1 85 305 85 137 221 221 1 1 305 305 305 53 137 85 1 221 305 1 137 305 305 53 221 305 137 305 137 305 2 305 221 221 305 221 137 1 2 1 170 305 1 85 305 305 1 85 137 221 221 2 221 53 1 137 137 137 305 137 1 305 305 85 1 137 221 221 85 137 305 305 1 221 1 221 137 85 170 169 221 221 305 137 170 137 221 305 1 221 53 86 221 221 305 85 305 1 53 53 137 221 221 305 85 305 221 221 221 85 305 305 305 305 53 137 1 305 221 2 1 137 53 137 137 137 305 137 53 305 1 137 305 137 53 305 53 221 305 137 53 1 221 85 305 221 137 221 85 137 221 53 1 137 137 305 221 305 305 221 85 221 221 53 2 85 2 221 221 305 169 137 137 305 305 305 305 137 221 305 53 221 221 221 53 221 85 221 137 305 221 305 137 137 305 1 137 305 305 221 1 137 53 2 85 305 169 305 53 305 53 221 137 137 1 1 221 53 305 86 305 221 305 137 305 221 305 221 170 221 305 305 2 1 137 53 53 85 1 53 221 1 221 221 1 137 305 137 305 221 221 137 1 137 221 169 305 221 53 305 305 86 305 221 221 2 53 221 85 1 221 305 221 1 305 1 137 86 221 221 1 1 305 305 1 305 221 221 305 305 221 53 305 2 305 305 53 1 305 305 1 53 137 221 221 85 137 86 1 305 221 137 53 221 53 1 221 305 1 305 305 137 221 1 1 305 53 305 305 137 1 137 1 53 137 53 305 221 305 137 221 305 53 137 137 53 221 221 170 137 221 1 53 137 1 137 305 305 221 221 2 137 305 1 1 1 305 305 221 137 137 305 305 221 305 221 305 137 85 53 221 1 221 137 305 221 137 221 137 305 305 305 53 53 221 1 53 305 305 53 221 305 221 305 53 2 137 221 137 86 221 221 137 221 85 137 221 137 53 86 53 305 1 137 137 137 137 305 137 305 137 137 1 53 137 2 2 221 85 137 137 305 221 221 86 305 221 1 305 53 137 85 305 137 53 221 137 305 221 221 1 85 305 305 137 221 221 221 1 137 86 137 85 305 85 221 53 53 305 305 137 137 137 221 53 53 221 305 53 53 1 221 137 53 137 86 1 53 305 1 53 305 221 305 2 305 221 53 305 85 305 221 305 305 
c [Incremental] Max used label: 305.
c [Incremental] Label 305 is removed from searching.
c [Incremental] Solving for max label = 304:
c [Incremental] Solving duration: 596 ms.
s [Incremental] SAT (label = 304).
c [Incremental] Label assignment: 304 136 1 136 136 220 1 304 1 1 304 304 1 220 136 85 220 304 304 85 1 1 220 85 1 2 85 136 1 136 220 304 1 304 220 1 136 304 220 136 220 220 304 304 220 304 136 1 220 220 169 220 220 1 304 220 1 304 304 220 1 136 220 220 220 304 85 136 220 220 52 304 304 136 220 304 1 304 220 1 85 304 85 136 220 220 1 1 304 304 304 52 136 85 1 220 304 1 136 304 304 52 220 304 136 304 136 304 2 304 220 220 304 220 136 1 2 1 170 304 1 85 304 304 1 85 136 220 220 2 220 52 1 136 136 136 304 136 1 304 304 85 1 136 220 220 85 136 304 304 1 220 1 220 136 85 170 169 220 220 304 136 170 136 220 304 1 220 52 86 220 220 304 85 304 1 52 52 136 220 220 304 85 304 220 220 220 85 304 304 304 304 52 136 1 304 220 2 1 136 52 136 136 136 304 136 52 304 1 136 304 136 52 304 52 220 304 136 52 1 220 85 304 220 136 220 85 136 220 52 1 136 136 304 220 304 304 220 85 220 220 52 2 85 2 220 220 304 169 136 136 304 304 304 304 136 220 304 52 220 220 220 52 220 85 220 136 304 220 304 136 136 304 1 136 304 304 220 1 136 52 2 85 304 169 304 52 304 52 220 136 136 1 1 220 52 304 86 304 220 304 136 304 220 304 220 170 220 304 304 2 1 136 52 52 85 1 52 220 1 220 220 1 136 304 136 304 220 220 136 1 136 220 169 304 220 52 304 304 86 304 220 220 2 52 220 85 1 220 304 220 1 304 1 136 86 220 220 1 1 304 304 1 304 220 220 304 304 220 52 304 2 304 304 52 1 304 304 1 52 136 220 220 85 136 86 1 304 220 136 52 220 52 1 220 304 1 304 304 136 220 1 1 304 52 304 304 136 1 136 1 52 136 52 304 220 304 136 220 304 52 136 136 52 220 220 170 136 220 1 52 136 1 136 304 304 220 220 2 136 304 1 1 1 304 304 220 136 136 304 304 220 304 220 304 136 85 52 220 1 220 136 304 220 136 220 136 304 304 304 52 52 220 1 52 304 304 52 220 304 220 304 52 2 136 220 136 86 220 220 136 220 85 136 220 136 52 86 52 304 1 136 136 136 136 304 136 304 136 136 1 52 136 2 2 220 85 136 136 304 220 220 86 304 220 1 304 52 136 85 304 136 52 220 136 304 220 220 1 85 304 304 136 220 220 220 1 136 86 136 85 304 85 220 52 52 304 304 136 136 136 220 52 52 220 304 52 52 1 220 136 52 136 86 1 52 304 1 52 304 220 304 2 304 220 52 304 85 304 220 304 304 
c [Incremental] Max used label: 304.
c [Incremental] Label 304 is removed from searching.
c [Incremental] Solving for max label = 303:
c [Incremental] Solving duration: 583 ms.
s [Incremental] SAT (label = 303).
c [Incremental] Label assignment: 303 135 1 135 135 219 1 303 1 1 303 303 1 219 135 85 219 303 303 85 1 1 219 85 1 2 85 135 1 135 219 303 1 303 219 1 135 303 219 135 219 219 303 303 219 303 135 1 219 219 169 219 219 1 303 219 1 303 303 219 1 135 219 219 219 303 85 135 219 219 51 303 303 135 219 303 1 303 219 1 85 303 85 135 219 219 1 1 303 303 303 51 135 85 1 219 303 1 135 303 303 51 219 303 135 303 135 303 2 303 219 219 303 219 135 1 2 1 170 303 1 85 303 303 1 85 135 219 219 2 219 51 1 135 135 135 303 135 1 303 303 85 1 135 219 219 85 135 303 303 1 219 1 219 135 85 170 169 219 219 303 135 170 135 219 303 1 219 51 86 219 219 303 85 303 1 51 51 135 219 219 303 85 303 219 219 219 85 303 303 303 303 51 135 1 303 219 2 1 135 51 135 135 135 303 135 51 303 1 135 303 135 51 303 51 219 303 135 51 1 219 85 303 219 135 219 85 135 219 51 1 135 135 303 219 303 303 219 85 219 219 51 2 85 2 219 219 303 169 135 135 303 303 303 303 135 219 303 51 219 219 219 51 219 85 219 135 303 219 303 135 135 303 1 135 303 303 219 1 135 51 2 85 303 169 303 51 303 51 219 135 135 1 1 219 51 303 86 303 219 303 135 303 219 303 219 170 219 303 303 2 1 135 51 51 85 1 51 219 1 219 219 1 135 303 135 303 219 219 135 1 135 219 169 303 219 51 303 303 86 303 219 219 2 51 219 85 1 219 303 219 1 303 1 135 86 219 219 1 1 303 303 1 303 219 219 303 303 219 51 303 2 303 303 51 1 303 303 1 51 135 219 219 85 135 86 1 303 219 135 51 219 51 1 219 303 1 303 303 135 219 1 1 303 51 303 303 135 1 135 1 51 135 51 303 219 303 135 219 303 51 135 135 51 219 219 170 135 219 1 51 135 1 135 303 303 219 219 2 135 303 1 1 1 303 303 219 135 135 303 303 219 303 219 303 135 85 51 219 1 219 135 303 219 135 219 135 303 303 303 51 51 219 1 51 303 303 51 219 303 219 303 51 2 135 219 135 86 219 219 135 219 85 135 219 135 51 86 51 303 1 135 135 135 135 303 135 303 135 135 1 51 135 2 2 219 85 135 135 303 219 219 86 303 219 1 303 51 135 85 303 135 51 219 135 303 219 219 1 85 303 303 135 219 219 219 1 135 86 135 85 303 85 219 51 51 303 303 135 135 135 219 51 51 219 303 51 51 1 219 135 51 135 86 1 51 303 1 51 303 219 303 2 303 219 51 303 85 303 219 303 303 
c [Incremental] Max used label: 303.
c [Incremental] Label 303 is removed from searching.
c [Incremental] Solving for max label = 302:
c [Incremental] Solving duration: 584 ms.
s [Incremental] SAT (label = 302).
c [Incremental] Label assignment: 302 134 1 134 134 218 1 302 1 1 302 302 1 218 134 85 218 302 302 85 1 1 218 85 1 2 85 134 1 134 218 302 1 302 218 1 134 302 218 134 218 218 302 302 218 302 134 1 218 218 169 218 218 1 302 218 1 302 302 218 1 134 218 218 218 302 85 134 218 218 50 302 302 134 218 302 1 302 218 1 85 302 85 134 218 218 1 1 302 302 302 50 134 85 1 218 302 1 134 302 302 50 218 302 134 302 134 302 2 302 218 218 302 218 134 1 2 1 170 302 1 85 302 302 1 85 134 218 218 2 218 50 1 134 134 134 302 134 1 302 302 85 1 134 218 218 85 134 302 302 1 218 1 218 134 85 170 169 218 218 302 134 170 134 218 302 1 218 50 86 218 218 302 85 302 1 50 50 134 218 218 302 85 302 218 218 218 85 302 302 302 302 50 134 1 302 218 2 1 134 50 134 134 134 302 134 50 302 1 134 302 134 50 302 50 218 302 134 50 1 218 85 302 218 134 218 85 134 218 50 1 134 134 302 218 302 302 218 85 218 218 50 2 85 2 218 218 302 169 134 134 302 302 302 302 134 218 302 50 218 218 218 50 218 85 218 134 302 218 302 134 134 302 1 134 302 302 218 1 134 50 2 85 302 169 302 50 302 50 218 134 134 1 1 218 50 302 86 302 218 302 134 302 218 302 218 170 218 302 302 2 1 134 50 50 85 1 50 218 1 218 218 1 134 302 134 302 218 218 134 1 134 218 169 302 218 50 302 302 86 302 218 218 2 50 218 85 1 218 302 218 1 302 1 134 86 218 218 1 1 302 302 1 302 218 218 302 302 218 50 302 2 302 302 50 1 302 302 1 50 134 218 218 85 134 86 1 302 218 134 50 218 50 1 218 302 1 302 302 134 218 1 1 302 50 302 302 134 1 134 1 50 134 50 302 218 302 134 218 302 50 134 134 50 218 218 170 134 218 1 50 134 1 134 302 302 218 218 2 134 302 1 1 1 302 302 218 134 134 302 302 218 302 218 302 134 85 50 218 1 218 134 302 218 134 218 134 302 302 302 50 50 218 1 50 302 302 50 218 302 218 302 50 2 134 218 134 86 218 218 134 218 85 134 218 134 50 86 50 302 1 134 134 134 134 302 134 302 134 134 1 50 134 2 2 218 85 134 134 302 218 218 86 302 218 1 302 50 134 85 302 134 50 218 134 302 218 218 1 85 302 302 134 218 218 218 1 134 86 134 85 302 85 218 50 50 302 302 134 134 134 218 50 50 218 302 50 50 1 218 134 50 134 86 1 50 302 1 50 302 218 302 2 302 218 50 302 85 302 218 302 302 
c [Incremental] Max used label: 302.
c [Incremental] Label 302 is removed from searching.
c [Incremental] Solving for max label = 301:
c [Incremental] Solving duration: 573 ms.
s [Incremental] SAT (label = 301).
c [Incremental] Label assignment: 301 133 1 133 133 217 1 301 1 1 301 301 1 217 133 85 217 301 301 85 1 1 217 85 1 2 85 133 1 133 217 301 1 301 217 1 133 301 217 133 217 217 301 301 217 301 133 1 217 217 169 217 217 1 301 217 1 301 301 217 1 133 217 217 217 301 85 133 217 217 49 301 301 133 217 301 1 301 217 1 85 301 85 133 217 217 1 1 301 301 301 49 133 85 1 217 301 1 133 301 301 49 217 301 133 301 133 301 2 301 217 217 301 217 133 1 2 1 170 301 1 85 301 301 1 85 133 217 217 2 217 49 1 133 133 133 301 133 1 301 301 85 1 133 217 217 85 133 301 301 1 217 1 217 133 85 170 169 217 217 301 133 170 133 217 301 1 217 49 86 217 217 301 85 301 1 49 49 133 217 217 301 85 301 217 217 217 85 301 301 301 301 49 133 1 301 217 2 1 133 49 133 133 133 301 133 49 301 1 133 301 133 49 301 49 217 301 133 49 1 217 85 301 217 133 217 85 133 217 49 1 133 133 301 217 301 301 217 85 217 217 49 2 85 2 217 217 301 169 133 133 301 301 301 301 133 217 301 49 217 217 217 49 217 85 217 133 301 217 301 133 133 301 1 133 301 301 217 1 133 49 2 85 301 169 301 49 301 49 217 133 133 1 1 217 49 301 86 301 217 301 133 301 217 301 217 170 217 301 301 2 1 133 49 49 85 1 49 217 1 217 217 1 133 301 133 301 217 217 133 1 133 217 169 301 217 49 301 301 86 301 217 217 2 49 217 85 1 217 301 217 1 301 1 133 86 217 217 1 1 301 301 1 301 217 217 301 301 217 49 301 2 301 301 49 1 301 301 1 49 133 217 217 85 133 86 1 301 217 133 49 217 49 1 217 301 1 301 301 133 217 1 1 301 49 301 301 133 1 133 1 49 133 49 301 217 301 133 217 301 49 133 133 49 217 217 170 133 217 1 49 133 1 133 301 301 217 217 2 133 301 1 1 1 301 301 217 133 133 301 301 217 301 217 301 133 85 49 217 1 217 133 301 217 133 217 133 301 301 301 49 49 217 1 49 301 301 49 217 301 217 301 49 2 133 217 133 86 217 217 133 217 85 133 217 133 49 86 49 301 1 133 133 133 133 301 133 301 133 133 1 49 133 2 2 217 85 133 133 301 217 217 86 301 217 1 301 49 133 85 301 133 49 217 133 301 217 217 1 85 301 301 133 217 217 217 1 133 86 133 85 301 85 217 49 49 301 301 133 133 133 217 49 49 217 301 49 49 1 217 133 49 133 86 1 49 301 1 49 301 217 301 2 301 217 49 301 85 301 217 301 301 
c [Incremental] Max used label: 301.
c [Incremental] Label 301 is removed from searching.
c [Incremental] Solving for max label = 300:
c [Incremental] Solving duration: 574 ms.
s [Incremental] SAT (label = 300).
c [Incremental] Label assignment: 300 132 1 132 132 216 1 300 1 1 300 300 1 216 132 85 216 300 300 85 1 1 216 85 1 2 85 132 1 132 216 300 1 300 216 1 132 300 216 132 216 216 300 300 216 300 132 1 216 216 169 216 216 1 300 216 1 300 300 216 1 132 216 216 216 300 85 132 216 216 48 300 300 132 216 300 1 300 216 1 85 300 85 132 216 216 1 1 300 300 300 48 132 85 1 216 300 1 132 300 300 48 216 300 132 300 132 300 2 300 216 216 300 216 132 1 2 1 170 300 1 85 300 300 1 85 132 216 216 2 216 48 1 132 132 132 300 132 1 300 300 85 1 132 216 216 85 132 300 300 1 216 1 216 132 85 170 169 216 216 300 132 170 132 216 300 1 216 48 86 216 216 300 85 300 1 48 48 132 216 216 300 85 300 216 216 216 85 300 300 300 300 48 132 1 300 216 2 1 132 48 132 132 132 300 132 48 300 1 132 300 132 48 300 48 216 300 132 48 1 216 85 300 216 132 216 85 132 216 48 1 132 132 300 216 300 300 216 85 216 216 48 2 85 2 216 216 300 169 132 132 300 300 300 300 132 216 300 48 216 216 216 48 216 85 216 132 300 216 300 132 132 300 1 132 300 300 216 1 132 48 2 85 300 169 300 48 300 48 216 132 132 1 1 216 48 300 86 300 216 300 132 300 216 300 216 170 216 300 300 2 1 132 48 48 85 1 48 216 1 216 216 1 132 300 132 300 216 216 132 1 132 216 169 300 216 48 300 300 86 300 216 216 2 48 216 85 1 216 300 216 1 300 1 132 86 216 216 1 1 300 300 1 300 216 216 300 300 216 48 300 2 300 300 48 1 300 300 1 48 132 216 216 85 132 86 1 300 216 132 48 216 48 1 216 300 1 300 300 132 216 1 1 300 48 300 300 132 1 132 1 48 132 48 300 216 300 132 216 300 48 132 132 48 216 216 170 132 216 1 48 132 1 132 300 300 216 216 2 132 300 1 1 1 300 300 216 132 132 300 300 216 300 216 300 132 85 48 216 1 216 132 300 216 132 216 132 300 300 300 48 48 216 1 48 300 300 48 216 300 216 300 48 2 132 216 132 86 216 216 132 216 85 132 216 132 48 86 48 300 1 132 132 132 132 300 132 300 132 132 1 48 132 2 2 216 85 132 132 300 216 216 86 300 216 1 300 48 132 85 300 132 48 216 132 300 216 216 1 85 300 300 132 216 216 216 1 132 86 132 85 300 85 216 48 48 300 300 132 132 132 216 48 48 216 300 48 48 1 216 132 48 132 86 1 48 300 1 48 300 216 300 2 300 216 48 300 85 300 216 300 300 
c [Incremental] Max used label: 300.
c [Incremental] Label 300 is removed from searching.
c [Incremental] Solving for max label = 299:
c [Incremental] Solving duration: 575 ms.
s [Incremental] SAT (label = 299).
c [Incremental] Label assignment: 299 131 1 131 131 215 1 299 1 1 299 299 1 215 131 85 215 299 299 85 1 1 215 85 1 2 85 131 1 131 215 299 1 299 215 1 131 299 215 131 215 215 299 299 215 299 131 1 215 215 169 215 215 1 299 215 1 299 299 215 1 131 215 215 215 299 85 131 215 215 47 299 299 131 215 299 1 299 215 1 85 299 85 131 215 215 1 1 299 299 299 47 131 85 1 215 299 1 131 299 299 47 215 299 131 299 131 299 2 299 215 215 299 215 131 1 2 1 170 299 1 85 299 299 1 85 131 215 215 2 215 47 1 131 131 131 299 131 1 299 299 85 1 131 215 215 85 131 299 299 1 215 1 215 131 85 170 169 215 215 299 131 170 131 215 299 1 215 47 86 215 215 299 85 299 1 47 47 131 215 215 299 85 299 215 215 215 85 299 299 299 299 47 131 1 299 215 2 1 131 47 131 131 131 299 131 47 299 1 131 299 131 47 299 47 215 299 131 47 1 215 85 299 215 131 215 85 131 215 47 1 131 131 299 215 299 299 215 85 215 215 47 2 85 2 215 215 299 169 131 131 299 299 299 299 131 215 299 47 215 215 215 47 215 85 215 131 299 215 299 131 131 299 1 131 299 299 215 1 131 47 2 85 299 169 299 47 299 47 215 131 131 1 1 215 47 299 86 299 215 299 131 299 215 299 215 170 215 299 299 2 1 131 47 47 85 1 47 215 1 215 215 1 131 299 131 299 215 215 131 1 131 215 169 299 215 47 299 299 86 299 215 215 2 47 215 85 1 215 299 215 1 299 1 131 86 215 215 1 1 299 299 1 299 215 215 299 299 215 47 299 2 299 299 47 1 299 299 1 47 131 215 215 85 131 86 1 299 215 131 47 215 47 1 215 299 1 299 299 131 215 1 1 299 47 299 299 131 1 131 1 47 131 47 299 215 299 131 215 299 47 131 131 47 215 215 170 131 215 1 47 131 1 131 299 299 215 215 2 131 299 1 1 1 299 299 215 131 131 299 299 215 299 215 299 131 85 47 215 1 215 131 299 215 131 215 131 299 299 299 47 47 215 1 47 299 299 47 215 299 215 299 47 2 131 215 131 86 215 215 131 215 85 131 215 131 47 86 47 299 1 131 131 131 131 299 131 299 131 131 1 47 131 2 2 215 85 131 131 299 215 215 86 299 215 1 299 47 131 85 299 131 47 215 131 299 215 215 1 85 299 299 131 215 215 215 1 131 86 131 85 299 85 215 47 47 299 299 131 131 131 215 47 47 215 299 47 47 1 215 131 47 131 86 1 47 299 1 47 299 215 299 2 299 215 47 299 85 299 215 299 299 
c [Incremental] Max used label: 299.
c [Incremental] Label 299 is removed from searching.
c [Incremental] Solving for max label = 298:
c [Incremental] Solving duration: 580 ms.
s [Incremental] SAT (label = 298).
c [Incremental] Label assignment: 298 130 1 130 130 214 1 298 1 1 298 298 1 214 130 85 214 298 298 85 1 1 214 85 1 2 85 130 1 130 214 298 1 298 214 1 130 298 214 130 214 214 298 298 214 298 130 1 214 214 169 214 214 1 298 214 1 298 298 214 1 130 214 214 214 298 85 130 214 214 46 298 298 130 214 298 1 298 214 1 85 298 85 130 214 214 1 1 298 298 298 46 130 85 1 214 298 1 130 298 298 46 214 298 130 298 130 298 2 298 214 214 298 214 130 1 2 1 170 298 1 85 298 298 1 85 130 214 214 2 214 46 1 130 130 130 298 130 1 298 298 85 1 130 214 214 85 130 298 298 1 214 1 214 130 85 170 169 214 214 298 130 170 130 214 298 1 214 46 86 214 214 298 85 298 1 46 46 130 214 214 298 85 298 214 214 214 85 298 298 298 298 46 130 1 298 214 2 1 130 46 130 130 130 298 130 46 298 1 130 298 130 46 298 46 214 298 130 46 1 214 85 298 214 130 214 85 130 214 46 1 130 130 298 214 298 298 214 85 214 214 46 2 85 2 214 214 298 169 130 130 298 298 298 298 130 214 298 46 214 214 214 46 214 85 214 130 298 214 298 130 130 298 1 130 298 298 214 1 130 46 2 85 298 169 298 46 298 46 214 130 130 1 1 214 46 298 86 298 214 298 130 298 214 298 214 170 214 298 298 2 1 130 46 46 85 1 46 214 1 214 214 1 130 298 130 298 214 214 130 1 130 214 169 298 214 46 298 298 86 298 214 214 2 46 214 85 1 214 298 214 1 298 1 130 86 214 214 1 1 298 298 1 298 214 214 298 298 214 46 298 2 298 298 46 1 298 298 1 46 130 214 214 85 130 86 1 298 214 130 46 214 46 1 214 298 1 298 298 130 214 1 1 298 46 298 298 130 1 130 1 46 130 46 298 214 298 130 214 298 46 130 130 46 214 214 170 130 214 1 46 130 1 130 298 298 214 214 2 130 298 1 1 1 298 298 214 130 130 298 298 214 298 214 298 130 85 46 214 1 214 130 298 214 130 214 130 298 298 298 46 46 214 1 46 298 298 46 214 298 214 298 46 2 130 214 130 86 214 214 130 214 85 130 214 130 46 86 46 298 1 130 130 130 130 298 130 298 130 130 1 46 130 2 2 214 85 130 130 298 214 214 86 298 214 1 298 46 130 85 298 130 46 214 130 298 214 214 1 85 298 298 130 214 214 214 1 130 86 130 85 298 85 214 46 46 298 298 130 130 130 214 46 46 214 298 46 46 1 214 130 46 130 86 1 46 298 1 46 298 214 298 2 298 214 46 298 85 298 214 298 298 
c [Incremental] Max used label: 298.
c [Incremental] Label 298 is removed from searching.
c [Incremental] Solving for max label = 297:
c [Incremental] Solving duration: 579 ms.
s [Incremental] SAT (label = 297).
c [Incremental] Label assignment: 297 129 1 129 129 213 1 297 1 1 297 297 1 213 129 85 213 297 297 85 1 1 213 85 1 2 85 129 1 129 213 297 1 297 213 1 129 297 213 129 213 213 297 297 213 297 129 1 213 213 169 213 213 1 297 213 1 297 297 213 1 129 213 213 213 297 85 129 213 213 45 297 297 129 213 297 1 297 213 1 85 297 85 129 213 213 1 1 297 297 297 45 129 85 1 213 297 1 129 297 297 45 213 297 129 297 129 297 2 297 213 213 297 213 129 1 2 1 170 297 1 85 297 297 1 85 129 213 213 2 213 45 1 129 129 129 297 129 1 297 297 85 1 129 213 213 85 129 297 297 1 213 1 213 129 85 170 169 213 213 297 129 170 129 213 297 1 213 45 86 213 213 297 85 297 1 45 45 129 213 213 297 85 297 213 213 213 85 297 297 297 297 45 129 1 297 213 2 1 129 45 129 129 129 297 129 45 297 1 129 297 129 45 297 45 213 297 129 45 1 213 85 297 213 129 213 85 129 213 45 1 129 129 297 213 297 297 213 85 213 213 45 2 85 2 213 213 297 169 129 129 297 297 297 297 129 213 297 45 213 213 213 45 213 85 213 129 297 213 297 129 129 297 1 129 297 297 213 1 129 45 2 85 297 169 297 45 297 45 213 129 129 1 1 213 45 297 86 297 213 297 129 297 213 297 213 170 213 297 297 2 1 129 45 45 85 1 45 213 1 213 213 1 129 297 129 297 213 213 129 1 129 213 169 297 213 45 297 297 86 297 213 213 2 45 213 85 1 213 297 213 1 297 1 129 86 213 213 1 1 297 297 1 297 213 213 297 297 213 45 297 2 297 297 45 1 297 297 1 45 129 213 213 85 129 86 1 297 213 129 45 213 45 1 213 297 1 297 297 129 213 1 1 297 45 297 297 129 1 129 1 45 129 45 297 213 297 129 213 297 45 129 129 45 213 213 170 129 213 1 45 129 1 129 297 297 213 213 2 129 297 1 1 1 297 297 213 129 129 297 297 213 297 213 297 129 85 45 213 1 213 129 297 213 129 213 129 297 297 297 45 45 213 1 45 297 297 45 213 297 213 297 45 2 129 213 129 86 213 213 129 213 85 129 213 129 45 86 45 297 1 129 129 129 129 297 129 297 129 129 1 45 129 2 2 213 85 129 129 297 213 213 86 297 213 1 297 45 129 85 297 129 45 213 129 297 213 213 1 85 297 297 129 213 213 213 1 129 86 129 85 297 85 213 45 45 297 297 129 129 129 213 45 45 213 297 45 45 1 213 129 45 129 86 1 45 297 1 45 297 213 297 2 297 213 45 297 85 297 213 297 297 
c [Incremental] Max used label: 297.
c [Incremental] Label 297 is removed from searching.
c [Incremental] Solving for max label = 296:
c [Incremental] Solving duration: 585 ms.
s [Incremental] SAT (label = 296).
c [Incremental] Label assignment: 296 128 1 128 128 212 1 296 1 1 296 296 1 212 128 85 212 296 296 85 1 1 212 85 1 2 85 128 1 128 212 296 1 296 212 1 128 296 212 128 212 212 296 296 212 296 128 1 212 212 169 212 212 1 296 212 1 296 296 212 1 128 212 212 212 296 85 128 212 212 44 296 296 128 212 296 1 296 212 1 85 296 85 128 212 212 1 1 296 296 296 44 128 85 1 212 296 1 128 296 296 44 212 296 128 296 128 296 2 296 212 212 296 212 128 1 2 1 170 296 1 85 296 296 1 85 128 212 212 2 212 44 1 128 128 128 296 128 1 296 296 85 1 128 212 212 85 128 296 296 1 212 1 212 128 85 170 169 212 212 296 128 170 128 212 296 1 212 44 86 212 212 296 85 296 1 44 44 128 212 212 296 85 296 212 212 212 85 296 296 296 296 44 128 1 296 212 2 1 128 44 128 128 128 296 128 44 296 1 128 296 128 44 296 44 212 296 128 44 1 212 85 296 212 128 212 85 128 212 44 1 128 128 296 212 296 296 212 85 212 212 44 2 85 2 212 212 296 169 128 128 296 296 296 296 128 212 296 44 212 212 212 44 212 85 212 128 296 212 296 128 128 296 1 128 296 296 212 1 128 44 2 85 296 169 296 44 296 44 212 128 128 1 1 212 44 296 86 296 212 296 128 296 212 296 212 170 212 296 296 2 1 128 44 44 85 1 44 212 1 212 212 1 128 296 128 296 212 212 128 1 128 212 169 296 212 44 296 296 86 296 212 212 2 44 212 85 1 212 296 212 1 296 1 128 86 212 212 1 1 296 296 1 296 212 212 296 296 212 44 296 2 296 296 44 1 296 296 1 44 128 212 212 85 128 86 1 296 212 128 44 212 44 1 212 296 1 296 296 128 212 1 1 296 44 296 296 128 1 128 1 44 128 44 296 212 296 128 212 296 44 128 128 44 212 212 170 128 212 1 44 128 1 128 296 296 212 212 2 128 296 1 1 1 296 296 212 128 128 296 296 212 296 212 296 128 85 44 212 1 212 128 296 212 128 212 128 296 296 296 44 44 212 1 44 296 296 44 212 296 212 296 44 2 128 212 128 86 212 212 128 212 85 128 212 128 44 86 44 296 1 128 128 128 128 296 128 296 128 128 1 44 128 2 2 212 85 128 128 296 212 212 86 296 212 1 296 44 128 85 296 128 44 212 128 296 212 212 1 85 296 296 128 212 212 212 1 128 86 128 85 296 85 212 44 44 296 296 128 128 128 212 44 44 212 296 44 44 1 212 128 44 128 86 1 44 296 1 44 296 212 296 2 296 212 44 296 85 296 212 296 296 
c [Incremental] Max used label: 296.
c [Incremental] Label 296 is removed from searching.
c [Incremental] Solving for max label = 295:
c [Incremental] Solving duration: 583 ms.
s [Incremental] SAT (label = 295).
c [Incremental] Label assignment: 295 127 1 127 127 211 1 295 1 1 295 295 1 211 127 85 211 295 295 85 1 1 211 85 1 2 85 127 1 127 211 295 1 295 211 1 127 295 211 127 211 211 295 295 211 295 127 1 211 211 169 211 211 1 295 211 1 295 295 211 1 127 211 211 211 295 85 127 211 211 43 295 295 127 211 295 1 295 211 1 85 295 85 127 211 211 1 1 295 295 295 43 127 85 1 211 295 1 127 295 295 43 211 295 127 295 127 295 2 295 211 211 295 211 127 1 2 1 170 295 1 85 295 295 1 85 127 211 211 2 211 43 1 127 127 127 295 127 1 295 295 85 1 127 211 211 85 127 295 295 1 211 1 211 127 85 170 169 211 211 295 127 170 127 211 295 1 211 43 86 211 211 295 85 295 1 43 43 127 211 211 295 85 295 211 211 211 85 295 295 295 295 43 127 1 295 211 2 1 127 43 127 127 127 295 127 43 295 1 127 295 127 43 295 43 211 295 127 43 1 211 85 295 211 127 211 85 127 211 43 1 127 127 295 211 295 295 211 85 211 211 43 2 85 2 211 211 295 169 127 127 295 295 295 295 127 211 295 43 211 211 211 43 211 85 211 127 295 211 295 127 127 295 1 127 295 295 211 1 127 43 2 85 295 169 295 43 295 43 211 127 127 1 1 211 43 295 86 295 211 295 127 295 211 295 211 170 211 295 295 2 1 127 43 43 85 1 43 211 1 211 211 1 127 295 127 295 211 211 127 1 127 211 169 295 211 43 295 295 86 295 211 211 2 43 211 85 1 211 295 211 1 295 1 127 86 211 211 1 1 295 295 1 295 211 211 295 295 211 43 295 2 295 295 43 1 295 295 1 43 127 211 211 85 127 86 1 295 211 127 43 211 43 1 211 295 1 295 295 127 211 1 1 295 43 295 295 127 1 127 1 43 127 43 295 211 295 127 211 295 43 127 127 43 211 211 170 127 211 1 43 127 1 127 295 295 211 211 2 127 295 1 1 1 295 295 211 127 127 295 295 211 295 211 295 127 85 43 211 1 211 127 295 211 127 211 127 295 295 295 43 43 211 1 43 295 295 43 211 295 211 295 43 2 127 211 127 86 211 211 127 211 85 127 211 127 43 86 43 295 1 127 127 127 127 295 127 295 127 127 1 43 127 2 2 211 85 127 127 295 211 211 86 295 211 1 295 43 127 85 295 127 43 211 127 295 211 211 1 85 295 295 127 211 211 211 1 127 86 127 85 295 85 211 43 43 295 295 127 127 127 211 43 43 211 295 43 43 1 211 127 43 127 86 1 43 295 1 43 295 211 295 2 295 211 43 295 85 295 211 295 295 
c [Incremental] Max used label: 295.
c [Incremental] Label 295 is removed from searching.
c [Incremental] Solving for max label = 294:
c [Incremental] Solving duration: 572 ms.
s [Incremental] SAT (label = 294).
c [Incremental] Label assignment: 294 126 1 126 126 210 1 294 1 1 294 294 1 210 126 85 210 294 294 85 1 1 210 85 1 2 85 126 1 126 210 294 1 294 210 1 126 294 210 126 210 210 294 294 210 294 126 1 210 210 169 210 210 1 294 210 1 294 294 210 1 126 210 210 210 294 85 126 210 210 42 294 294 126 210 294 1 294 210 1 85 294 85 126 210 210 1 1 294 294 294 42 126 85 1 210 294 1 126 294 294 42 210 294 126 294 126 294 2 294 210 210 294 210 126 1 2 1 170 294 1 85 294 294 1 85 126 210 210 2 210 42 1 126 126 126 294 126 1 294 294 85 1 126 210 210 85 126 294 294 1 210 1 210 126 85 170 169 210 210 294 126 170 126 210 294 1 210 42 86 210 210 294 85 294 1 42 42 126 210 210 294 85 294 210 210 210 85 294 294 294 294 42 126 1 294 210 2 1 126 42 126 126 126 294 126 42 294 1 126 294 126 42 294 42 210 294 126 42 1 210 85 294 210 126 210 85 126 210 42 1 126 126 294 210 294 294 210 85 210 210 42 2 85 2 210 210 294 169 126 126 294 294 294 294 126 210 294 42 210 210 210 42 210 85 210 126 294 210 294 126 126 294 1 126 294 294 210 1 126 42 2 85 294 169 294 42 294 42 210 126 126 1 1 210 42 294 86 294 210 294 126 294 210 294 210 170 210 294 294 2 1 126 42 42 85 1 42 210 1 210 210 1 126 294 126 294 210 210 126 1 126 210 169 294 210 42 294 294 86 294 210 210 2 42 210 85 1 210 294 210 1 294 1 126 86 210 210 1 1 294 294 1 294 210 210 294 294 210 42 294 2 294 294 42 1 294 294 1 42 126 210 210 85 126 86 1 294 210 126 42 210 42 1 210 294 1 294 294 126 210 1 1 294 42 294 294 126 1 126 1 42 126 42 294 210 294 126 210 294 42 126 126 42 210 210 170 126 210 1 42 126 1 126 294 294 210 210 2 126 294 1 1 1 294 294 210 126 126 294 294 210 294 210 294 126 85 42 210 1 210 126 294 210 126 210 126 294 294 294 42 42 210 1 42 294 294 42 210 294 210 294 42 2 126 210 126 86 210 210 126 210 85 126 210 126 42 86 42 294 1 126 126 126 126 294 126 294 126 126 1 42 126 2 2 210 85 126 126 294 210 210 86 294 210 1 294 42 126 85 294 126 42 210 126 294 210 210 1 85 294 294 126 210 210 210 1 126 86 126 85 294 85 210 42 42 294 294 126 126 126 210 42 42 210 294 42 42 1 210 126 42 126 86 1 42 294 1 42 294 210 294 2 294 210 42 294 85 294 210 294 294 
c [Incremental] Max used label: 294.
c [Incremental] Label 294 is removed from searching.
c [Incremental] Solving for max label = 293:
c [Incremental] Solving duration: 564 ms.
s [Incremental] SAT (label = 293).
c [Incremental] Label assignment: 293 125 1 125 125 209 1 293 1 1 293 293 1 209 125 85 209 293 293 85 1 1 209 85 1 2 85 125 1 125 209 293 1 293 209 1 125 293 209 125 209 209 293 293 209 293 125 1 209 209 169 209 209 1 293 209 1 293 293 209 1 125 209 209 209 293 85 125 209 209 41 293 293 125 209 293 1 293 209 1 85 293 85 125 209 209 1 1 293 293 293 41 125 85 1 209 293 1 125 293 293 41 209 293 125 293 125 293 2 293 209 209 293 209 125 1 2 1 170 293 1 85 293 293 1 85 125 209 209 2 209 41 1 125 125 125 293 125 1 293 293 85 1 125 209 209 85 125 293 293 1 209 1 209 125 85 170 169 209 209 293 125 170 125 209 293 1 209 41 86 209 209 293 85 293 1 41 41 125 209 209 293 85 293 209 209 209 85 293 293 293 293 41 125 1 293 209 2 1 125 41 125 125 125 293 125 41 293 1 125 293 125 41 293 41 209 293 125 41 1 209 85 293 209 125 209 85 125 209 41 1 125 125 293 209 293 293 209 85 209 209 41 2 85 2 209 209 293 169 125 125 293 293 293 293 125 209 293 41 209 209 209 41 209 85 209 125 293 209 293 125 125 293 1 125 293 293 209 1 125 41 2 85 293 169 293 41 293 41 209 125 125 1 1 209 41 293 86 293 209 293 125 293 209 293 209 170 209 293 293 2 1 125 41 41 85 1 41 209 1 209 209 1 125 293 125 293 209 209 125 1 125 209 169 293 209 41 293 293 86 293 209 209 2 41 209 85 1 209 293 209 1 293 1 125 86 209 209 1 1 293 293 1 293 209 209 293 293 209 41 293 2 293 293 41 1 293 293 1 41 125 209 209 85 125 86 1 293 209 125 41 209 41 1 209 293 1 293 293 125 209 1 1 293 41 293 293 125 1 125 1 41 125 41 293 209 293 125 209 293 41 125 125 41 209 209 170 125 209 1 41 125 1 125 293 293 209 209 2 125 293 1 1 1 293 293 209 125 125 293 293 209 293 209 293 125 85 41 209 1 209 125 293 209 125 209 125 293 293 293 41 41 209 1 41 293 293 41 209 293 209 293 41 2 125 209 125 86 209 209 125 209 85 125 209 125 41 86 41 293 1 125 125 125 125 293 125 293 125 125 1 41 125 2 2 209 85 125 125 293 209 209 86 293 209 1 293 41 125 85 293 125 41 209 125 293 209 209 1 85 293 293 125 209 209 209 1 125 86 125 85 293 85 209 41 41 293 293 125 125 125 209 41 41 209 293 41 41 1 209 125 41 125 86 1 41 293 1 41 293 209 293 2 293 209 41 293 85 293 209 293 293 
c [Incremental] Max used label: 293.
c [Incremental] Label 293 is removed from searching.
c [Incremental] Solving for max label = 292:
c [Incremental] Solving duration: 588 ms.
s [Incremental] SAT (label = 292).
c [Incremental] Label assignment: 292 124 1 124 124 208 1 292 1 1 292 292 1 208 124 85 208 292 292 85 1 1 208 85 1 2 85 124 1 124 208 292 1 292 208 1 124 292 208 124 208 208 292 292 208 292 124 1 208 208 169 208 208 1 292 208 1 292 292 208 1 124 208 208 208 292 85 124 208 208 40 292 292 124 208 292 1 292 208 1 85 292 85 124 208 208 1 1 292 292 292 40 124 85 1 208 292 1 124 292 292 40 208 292 124 292 124 292 2 292 208 208 292 208 124 1 2 1 170 292 1 85 292 292 1 85 124 208 208 2 208 40 1 124 124 124 292 124 1 292 292 85 1 124 208 208 85 124 292 292 1 208 1 208 124 85 170 169 208 208 292 124 170 124 208 292 1 208 40 86 208 208 292 85 292 1 40 40 124 208 208 292 85 292 208 208 208 85 292 292 292 292 40 124 1 292 208 2 1 124 40 124 124 124 292 124 40 292 1 124 292 124 40 292 40 208 292 124 40 1 208 85 292 208 124 208 85 124 208 40 1 124 124 292 208 292 292 208 85 208 208 40 2 85 2 208 208 292 169 124 124 292 292 292 292 124 208 292 40 208 208 208 40 208 85 208 124 292 208 292 124 124 292 1 124 292 292 208 1 124 40 2 85 292 169 292 40 292 40 208 124 124 1 1 208 40 292 86 292 208 292 124 292 208 292 208 170 208 292 292 2 1 124 40 40 85 1 40 208 1 208 208 1 124 292 124 292 208 208 124 1 124 208 169 292 208 40 292 292 86 292 208 208 2 40 208 85 1 208 292 208 1 292 1 124 86 208 208 1 1 292 292 1 292 208 208 292 292 208 40 292 2 292 292 40 1 292 292 1 40 124 208 208 85 124 86 1 292 208 124 40 208 40 1 208 292 1 292 292 124 208 1 1 292 40 292 292 124 1 124 1 40 124 40 292 208 292 124 208 292 40 124 124 40 208 208 170 124 208 1 40 124 1 124 292 292 208 208 2 124 292 1 1 1 292 292 208 124 124 292 292 208 292 208 292 124 85 40 208 1 208 124 292 208 124 208 124 292 292 292 40 40 208 1 40 292 292 40 208 292 208 292 40 2 124 208 124 86 208 208 124 208 85 124 208 124 40 86 40 292 1 124 124 124 124 292 124 292 124 124 1 40 124 2 2 208 85 124 124 292 208 208 86 292 208 1 292 40 124 85 292 124 40 208 124 292 208 208 1 85 292 292 124 208 208 208 1 124 86 124 85 292 85 208 40 40 292 292 124 124 124 208 40 40 208 292 40 40 1 208 124 40 124 86 1 40 292 1 40 292 208 292 2 292 208 40 292 85 292 208 292 292 
c [Incremental] Max used label: 292.
c [Incremental] Label 292 is removed from searching.
c [Incremental] Solving for max label = 291:
c [Incremental] Solving duration: 572 ms.
s [Incremental] SAT (label = 291).
c [Incremental] Label assignment: 291 123 1 123 123 207 1 291 1 1 291 291 1 207 123 85 207 291 291 85 1 1 207 85 1 2 85 123 1 123 207 291 1 291 207 1 123 291 207 123 207 207 291 291 207 291 123 1 207 207 169 207 207 1 291 207 1 291 291 207 1 123 207 207 207 291 85 123 207 207 39 291 291 123 207 291 1 291 207 1 85 291 85 123 207 207 1 1 291 291 291 39 123 85 1 207 291 1 123 291 291 39 207 291 123 291 123 291 2 291 207 207 291 207 123 1 2 1 170 291 1 85 291 291 1 85 123 207 207 2 207 39 1 123 123 123 291 123 1 291 291 85 1 123 207 207 85 123 291 291 1 207 1 207 123 85 170 169 207 207 291 123 170 123 207 291 1 207 39 86 207 207 291 85 291 1 39 39 123 207 207 291 85 291 207 207 207 85 291 291 291 291 39 123 1 291 207 2 1 123 39 123 123 123 291 123 39 291 1 123 291 123 39 291 39 207 291 123 39 1 207 85 291 207 123 207 85 123 207 39 1 123 123 291 207 291 291 207 85 207 207 39 2 85 2 207 207 291 169 123 123 291 291 291 291 123 207 291 39 207 207 207 39 207 85 207 123 291 207 291 123 123 291 1 123 291 291 207 1 123 39 2 85 291 169 291 39 291 39 207 123 123 1 1 207 39 291 86 291 207 291 123 291 207 291 207 170 207 291 291 2 1 123 39 39 85 1 39 207 1 207 207 1 123 291 123 291 207 207 123 1 123 207 169 291 207 39 291 291 86 291 207 207 2 39 207 85 1 207 291 207 1 291 1 123 86 207 207 1 1 291 291 1 291 207 207 291 291 207 39 291 2 291 291 39 1 291 291 1 39 123 207 207 85 123 86 1 291 207 123 39 207 39 1 207 291 1 291 291 123 207 1 1 291 39 291 291 123 1 123 1 39 123 39 291 207 291 123 207 291 39 123 123 39 207 207 170 123 207 1 39 123 1 123 291 291 207 207 2 123 291 1 1 1 291 291 207 123 123 291 291 207 291 207 291 123 85 39 207 1 207 123 291 207 123 207 123 291 291 291 39 39 207 1 39 291 291 39 207 291 207 291 39 2 123 207 123 86 207 207 123 207 85 123 207 123 39 86 39 291 1 123 123 123 123 291 123 291 123 123 1 39 123 2 2 207 85 123 123 291 207 207 86 291 207 1 291 39 123 85 291 123 39 207 123 291 207 207 1 85 291 291 123 207 207 207 1 123 86 123 85 291 85 207 39 39 291 291 123 123 123 207 39 39 207 291 39 39 1 207 123 39 123 86 1 39 291 1 39 291 207 291 2 291 207 39 291 85 291 207 291 291 
c [Incremental] Max used label: 291.
c [Incremental] Label 291 is removed from searching.
c [Incremental] Solving for max label = 290:
c [Incremental] Solving duration: 584 ms.
s [Incremental] SAT (label = 290).
c [Incremental] Label assignment: 290 122 1 122 122 206 1 290 1 1 290 290 1 206 122 85 206 290 290 85 1 1 206 85 1 2 85 122 1 122 206 290 1 290 206 1 122 290 206 122 206 206 290 290 206 290 122 1 206 206 169 206 206 1 290 206 1 290 290 206 1 122 206 206 206 290 85 122 206 206 38 290 290 122 206 290 1 290 206 1 85 290 85 122 206 206 1 1 290 290 290 38 122 85 1 206 290 1 122 290 290 38 206 290 122 290 122 290 2 290 206 206 290 206 122 1 2 1 170 290 1 85 290 290 1 85 122 206 206 2 206 38 1 122 122 122 290 122 1 290 290 85 1 122 206 206 85 122 290 290 1 206 1 206 122 85 170 169 206 206 290 122 170 122 206 290 1 206 38 86 206 206 290 85 290 1 38 38 122 206 206 290 85 290 206 206 206 85 290 290 290 290 38 122 1 290 206 2 1 122 38 122 122 122 290 122 38 290 1 122 290 122 38 290 38 206 290 122 38 1 206 85 290 206 122 206 85 122 206 38 1 122 122 290 206 290 290 206 85 206 206 38 2 85 2 206 206 290 169 122 122 290 290 290 290 122 206 290 38 206 206 206 38 206 85 206 122 290 206 290 122 122 290 1 122 290 290 206 1 122 38 2 85 290 169 290 38 290 38 206 122 122 1 1 206 38 290 86 290 206 290 122 290 206 290 206 170 206 290 290 2 1 122 38 38 85 1 38 206 1 206 206 1 122 290 122 290 206 206 122 1 122 206 169 290 206 38 290 290 86 290 206 206 2 38 206 85 1 206 290 206 1 290 1 122 86 206 206 1 1 290 290 1 290 206 206 290 290 206 38 290 2 290 290 38 1 290 290 1 38 122 206 206 85 122 86 1 290 206 122 38 206 38 1 206 290 1 290 290 122 206 1 1 290 38 290 290 122 1 122 1 38 122 38 290 206 290 122 206 290 38 122 122 38 206 206 170 122 206 1 38 122 1 122 290 290 206 206 2 122 290 1 1 1 290 290 206 122 122 290 290 206 290 206 290 122 85 38 206 1 206 122 290 206 122 206 122 290 290 290 38 38 206 1 38 290 290 38 206 290 206 290 38 2 122 206 122 86 206 206 122 206 85 122 206 122 38 86 38 290 1 122 122 122 122 290 122 290 122 122 1 38 122 2 2 206 85 122 122 290 206 206 86 290 206 1 290 38 122 85 290 122 38 206 122 290 206 206 1 85 290 290 122 206 206 206 1 122 86 122 85 290 85 206 38 38 290 290 122 122 122 206 38 38 206 290 38 38 1 206 122 38 122 86 1 38 290 1 38 290 206 290 2 290 206 38 290 85 290 206 290 290 
c [Incremental] Max used label: 290.
c [Incremental] Label 290 is removed from searching.
c [Incremental] Solving for max label = 289:
c [Incremental] Solving duration: 577 ms.
s [Incremental] SAT (label = 289).
c [Incremental] Label assignment: 289 121 1 121 121 205 1 289 1 1 289 289 1 205 121 85 205 289 289 85 1 1 205 85 1 2 85 121 1 121 205 289 1 289 205 1 121 289 205 121 205 205 289 289 205 289 121 1 205 205 169 205 205 1 289 205 1 289 289 205 1 121 205 205 205 289 85 121 205 205 37 289 289 121 205 289 1 289 205 1 85 289 85 121 205 205 1 1 289 289 289 37 121 85 1 205 289 1 121 289 289 37 205 289 121 289 121 289 2 289 205 205 289 205 121 1 2 1 170 289 1 85 289 289 1 85 121 205 205 2 205 37 1 121 121 121 289 121 1 289 289 85 1 121 205 205 85 121 289 289 1 205 1 205 121 85 170 169 205 205 289 121 170 121 205 289 1 205 37 86 205 205 289 85 289 1 37 37 121 205 205 289 85 289 205 205 205 85 289 289 289 289 37 121 1 289 205 2 1 121 37 121 121 121 289 121 37 289 1 121 289 121 37 289 37 205 289 121 37 1 205 85 289 205 121 205 85 121 205 37 1 121 121 289 205 289 289 205 85 205 205 37 2 85 2 205 205 289 169 121 121 289 289 289 289 121 205 289 37 205 205 205 37 205 85 205 121 289 205 289 121 121 289 1 121 289 289 205 1 121 37 2 85 289 169 289 37 289 37 205 121 121 1 1 205 37 289 86 289 205 289 121 289 205 289 205 170 205 289 289 2 1 121 37 37 85 1 37 205 1 205 205 1 121 289 121 289 205 205 121 1 121 205 169 289 205 37 289 289 86 289 205 205 2 37 205 85 1 205 289 205 1 289 1 121 86 205 205 1 1 289 289 1 289 205 205 289 289 205 37 289 2 289 289 37 1 289 289 1 37 121 205 205 85 121 86 1 289 205 121 37 205 37 1 205 289 1 289 289 121 205 1 1 289 37 289 289 121 1 121 1 37 121 37 289 205 289 121 205 289 37 121 121 37 205 205 170 121 205 1 37 121 1 121 289 289 205 205 2 121 289 1 1 1 289 289 205 121 121 289 289 205 289 205 289 121 85 37 205 1 205 121 289 205 121 205 121 289 289 289 37 37 205 1 37 289 289 37 205 289 205 289 37 2 121 205 121 86 205 205 121 205 85 121 205 121 37 86 37 289 1 121 121 121 121 289 121 289 121 121 1 37 121 2 2 205 85 121 121 289 205 205 86 289 205 1 289 37 121 85 289 121 37 205 121 289 205 205 1 85 289 289 121 205 205 205 1 121 86 121 85 289 85 205 37 37 289 289 121 121 121 205 37 37 205 289 37 37 1 205 121 37 121 86 1 37 289 1 37 289 205 289 2 289 205 37 289 85 289 205 289 289 
c [Incremental] Max used label: 289.
c [Incremental] Label 289 is removed from searching.
c [Incremental] Solving for max label = 288:
c [Incremental] Solving duration: 582 ms.
s [Incremental] SAT (label = 288).
c [Incremental] Label assignment: 288 120 1 120 120 204 1 288 1 1 288 288 1 204 120 85 204 288 288 85 1 1 204 85 1 2 85 120 1 120 204 288 1 288 204 1 120 288 204 120 204 204 288 288 204 288 120 1 204 204 169 204 204 1 288 204 1 288 288 204 1 120 204 204 204 288 85 120 204 204 36 288 288 120 204 288 1 288 204 1 85 288 85 120 204 204 1 1 288 288 288 36 120 85 1 204 288 1 120 288 288 36 204 288 120 288 120 288 2 288 204 204 288 204 120 1 2 1 170 288 1 85 288 288 1 85 120 204 204 2 204 36 1 120 120 120 288 120 1 288 288 85 1 120 204 204 85 120 288 288 1 204 1 204 120 85 170 169 204 204 288 120 170 120 204 288 1 204 36 86 204 204 288 85 288 1 36 36 120 204 204 288 85 288 204 204 204 85 288 288 288 288 36 120 1 288 204 2 1 120 36 120 120 120 288 120 36 288 1 120 288 120 36 288 36 204 288 120 36 1 204 85 288 204 120 204 85 120 204 36 1 120 120 288 204 288 288 204 85 204 204 36 2 85 2 204 204 288 169 120 120 288 288 288 288 120 204 288 36 204 204 204 36 204 85 204 120 288 204 288 120 120 288 1 120 288 288 204 1 120 36 2 85 288 169 288 36 288 36 204 120 120 1 1 204 36 288 86 288 204 288 120 288 204 288 204 170 204 288 288 2 1 120 36 36 85 1 36 204 1 204 204 1 120 288 120 288 204 204 120 1 120 204 169 288 204 36 288 288 86 288 204 204 2 36 204 85 1 204 288 204 1 288 1 120 86 204 204 1 1 288 288 1 288 204 204 288 288 204 36 288 2 288 288 36 1 288 288 1 36 120 204 204 85 120 86 1 288 204 120 36 204 36 1 204 288 1 288 288 120 204 1 1 288 36 288 288 120 1 120 1 36 120 36 288 204 288 120 204 288 36 120 120 36 204 204 170 120 204 1 36 120 1 120 288 288 204 204 2 120 288 1 1 1 288 288 204 120 120 288 288 204 288 204 288 120 85 36 204 1 204 120 288 204 120 204 120 288 288 288 36 36 204 1 36 288 288 36 204 288 204 288 36 2 120 204 120 86 204 204 120 204 85 120 204 120 36 86 36 288 1 120 120 120 120 288 120 288 120 120 1 36 120 2 2 204 85 120 120 288 204 204 86 288 204 1 288 36 120 85 288 120 36 204 120 288 204 204 1 85 288 288 120 204 204 204 1 120 86 120 85 288 85 204 36 36 288 288 120 120 120 204 36 36 204 288 36 36 1 204 120 36 120 86 1 36 288 1 36 288 204 288 2 288 204 36 288 85 288 204 288 288 
c [Incremental] Max used label: 288.
c [Incremental] Label 288 is removed from searching.
c [Incremental] Solving for max label = 287:
c [Incremental] Solving duration: 561 ms.
s [Incremental] SAT (label = 287).
c [Incremental] Label assignment: 287 119 1 119 119 203 1 287 1 1 287 287 1 203 119 85 203 287 287 85 1 1 203 85 1 2 85 119 1 119 203 287 1 287 203 1 119 287 203 119 203 203 287 287 203 287 119 1 203 203 169 203 203 1 287 203 1 287 287 203 1 119 203 203 203 287 85 119 203 203 35 287 287 119 203 287 1 287 203 1 85 287 85 119 203 203 1 1 287 287 287 35 119 85 1 203 287 1 119 287 287 35 203 287 119 287 119 287 2 287 203 203 287 203 119 1 2 1 170 287 1 85 287 287 1 85 119 203 203 2 203 35 1 119 119 119 287 119 1 287 287 85 1 119 203 203 85 119 287 287 1 203 1 203 119 85 170 169 203 203 287 119 170 119 203 287 1 203 35 86 203 203 287 85 287 1 35 35 119 203 203 287 85 287 203 203 203 85 287 287 287 287 35 119 1 287 203 2 1 119 35 119 119 119 287 119 35 287 1 119 287 119 35 287 35 203 287 119 35 1 203 85 287 203 119 203 85 119 203 35 1 119 119 287 203 287 287 203 85 203 203 35 2 85 2 203 203 287 169 119 119 287 287 287 287 119 203 287 35 203 203 203 35 203 85 203 119 287 203 287 119 119 287 1 119 287 287 203 1 119 35 2 85 287 169 287 35 287 35 203 119 119 1 1 203 35 287 86 287 203 287 119 287 203 287 203 170 203 287 287 2 1 119 35 35 85 1 35 203 1 203 203 1 119 287 119 287 203 203 119 1 119 203 169 287 203 35 287 287 86 287 203 203 2 35 203 85 1 203 287 203 1 287 1 119 86 203 203 1 1 287 287 1 287 203 203 287 287 203 35 287 2 287 287 35 1 287 287 1 35 119 203 203 85 119 86 1 287 203 119 35 203 35 1 203 287 1 287 287 119 203 1 1 287 35 287 287 119 1 119 1 35 119 35 287 203 287 119 203 287 35 119 119 35 203 203 170 119 203 1 35 119 1 119 287 287 203 203 2 119 287 1 1 1 287 287 203 119 119 287 287 203 287 203 287 119 85 35 203 1 203 119 287 203 119 203 119 287 287 287 35 35 203 1 35 287 287 35 203 287 203 287 35 2 119 203 119 86 203 203 119 203 85 119 203 119 35 86 35 287 1 119 119 119 119 287 119 287 119 119 1 35 119 2 2 203 85 119 119 287 203 203 86 287 203 1 287 35 119 85 287 119 35 203 119 287 203 203 1 85 287 287 119 203 203 203 1 119 86 119 85 287 85 203 35 35 287 287 119 119 119 203 35 35 203 287 35 35 1 203 119 35 119 86 1 35 287 1 35 287 203 287 2 287 203 35 287 85 287 203 287 287 
c [Incremental] Max used label: 287.
c [Incremental] Label 287 is removed from searching.
c [Incremental] Solving for max label = 286:
c [Incremental] Solving duration: 572 ms.
s [Incremental] SAT (label = 286).
c [Incremental] Label assignment: 286 118 1 118 118 202 1 286 1 1 286 286 1 202 118 85 202 286 286 85 1 1 202 85 1 2 85 118 1 118 202 286 1 286 202 1 118 286 202 118 202 202 286 286 202 286 118 1 202 202 169 202 202 1 286 202 1 286 286 202 1 118 202 202 202 286 85 118 202 202 34 286 286 118 202 286 1 286 202 1 85 286 85 118 202 202 1 1 286 286 286 34 118 85 1 202 286 1 118 286 286 34 202 286 118 286 118 286 2 286 202 202 286 202 118 1 2 1 170 286 1 85 286 286 1 85 118 202 202 2 202 34 1 118 118 118 286 118 1 286 286 85 1 118 202 202 85 118 286 286 1 202 1 202 118 85 170 169 202 202 286 118 170 118 202 286 1 202 34 86 202 202 286 85 286 1 34 34 118 202 202 286 85 286 202 202 202 85 286 286 286 286 34 118 1 286 202 2 1 118 34 118 118 118 286 118 34 286 1 118 286 118 34 286 34 202 286 118 34 1 202 85 286 202 118 202 85 118 202 34 1 118 118 286 202 286 286 202 85 202 202 34 2 85 2 202 202 286 169 118 118 286 286 286 286 118 202 286 34 202 202 202 34 202 85 202 118 286 202 286 118 118 286 1 118 286 286 202 1 118 34 2 85 286 169 286 34 286 34 202 118 118 1 1 202 34 286 86 286 202 286 118 286 202 286 202 170 202 286 286 2 1 118 34 34 85 1 34 202 1 202 202 1 118 286 118 286 202 202 118 1 118 202 169 286 202 34 286 286 86 286 202 202 2 34 202 85 1 202 286 202 1 286 1 118 86 202 202 1 1 286 286 1 286 202 202 286 286 202 34 286 2 286 286 34 1 286 286 1 34 118 202 202 85 118 86 1 286 202 118 34 202 34 1 202 286 1 286 286 118 202 1 1 286 34 286 286 118 1 118 1 34 118 34 286 202 286 118 202 286 34 118 118 34 202 202 170 118 202 1 34 118 1 118 286 286 202 202 2 118 286 1 1 1 286 286 202 118 118 286 286 202 286 202 286 118 85 34 202 1 202 118 286 202 118 202 118 286 286 286 34 34 202 1 34 286 286 34 202 286 202 286 34 2 118 202 118 86 202 202 118 202 85 118 202 118 34 86 34 286 1 118 118 118 118 286 118 286 118 118 1 34 118 2 2 202 85 118 118 286 202 202 86 286 202 1 286 34 118 85 286 118 34 202 118 286 202 202 1 85 286 286 118 202 202 202 1 118 86 118 85 286 85 202 34 34 286 286 118 118 118 202 34 34 202 286 34 34 1 202 118 34 118 86 1 34 286 1 34 286 202 286 2 286 202 34 286 85 286 202 286 286 
c [Incremental] Max used label: 286.
c [Incremental] Label 286 is removed from searching.
c [Incremental] Solving for max label = 285:
c [Incremental] Solving duration: 563 ms.
s [Incremental] SAT (label = 285).
c [Incremental] Label assignment: 285 117 1 117 117 201 1 285 1 1 285 285 1 201 117 85 201 285 285 85 1 1 201 85 1 2 85 117 1 117 201 285 1 285 201 1 117 285 201 117 201 201 285 285 201 285 117 1 201 201 169 201 201 1 285 201 1 285 285 201 1 117 201 201 201 285 85 117 201 201 33 285 285 117 201 285 1 285 201 1 85 285 85 117 201 201 1 1 285 285 285 33 117 85 1 201 285 1 117 285 285 33 201 285 117 285 117 285 2 285 201 201 285 201 117 1 2 1 170 285 1 85 285 285 1 85 117 201 201 2 201 33 1 117 117 117 285 117 1 285 285 85 1 117 201 201 85 117 285 285 1 201 1 201 117 85 170 169 201 201 285 117 170 117 201 285 1 201 33 86 201 201 285 85 285 1 33 33 117 201 201 285 85 285 201 201 201 85 285 285 285 285 33 117 1 285 201 2 1 117 33 117 117 117 285 117 33 285 1 117 285 117 33 285 33 201 285 117 33 1 201 85 285 201 117 201 85 117 201 33 1 117 117 285 201 285 285 201 85 201 201 33 2 85 2 201 201 285 169 117 117 285 285 285 285 117 201 285 33 201 201 201 33 201 85 201 117 285 201 285 117 117 285 1 117 285 285 201 1 117 33 2 85 285 169 285 33 285 33 201 117 117 1 1 201 33 285 86 285 201 285 117 285 201 285 201 170 201 285 285 2 1 117 33 33 85 1 33 201 1 201 201 1 117 285 117 285 201 201 117 1 117 201 169 285 201 33 285 285 86 285 201 201 2 33 201 85 1 201 285 201 1 285 1 117 86 201 201 1 1 285 285 1 285 201 201 285 285 201 33 285 2 285 285 33 1 285 285 1 33 117 201 201 85 117 86 1 285 201 117 33 201 33 1 201 285 1 285 285 117 201 1 1 285 33 285 285 117 1 117 1 33 117 33 285 201 285 117 201 285 33 117 117 33 201 201 170 117 201 1 33 117 1 117 285 285 201 201 2 117 285 1 1 1 285 285 201 117 117 285 285 201 285 201 285 117 85 33 201 1 201 117 285 201 117 201 117 285 285 285 33 33 201 1 33 285 285 33 201 285 201 285 33 2 117 201 117 86 201 201 117 201 85 117 201 117 33 86 33 285 1 117 117 117 117 285 117 285 117 117 1 33 117 2 2 201 85 117 117 285 201 201 86 285 201 1 285 33 117 85 285 117 33 201 117 285 201 201 1 85 285 285 117 201 201 201 1 117 86 117 85 285 85 201 33 33 285 285 117 117 117 201 33 33 201 285 33 33 1 201 117 33 117 86 1 33 285 1 33 285 201 285 2 285 201 33 285 85 285 201 285 285 
c [Incremental] Max used label: 285.
c [Incremental] Label 285 is removed from searching.
c [Incremental] Solving for max label = 284:
c [Incremental] Solving duration: 571 ms.
s [Incremental] SAT (label = 284).
c [Incremental] Label assignment: 284 116 1 116 116 200 1 284 1 1 284 284 1 200 116 85 200 284 284 85 1 1 200 85 1 2 85 116 1 116 200 284 1 284 200 1 116 284 200 116 200 200 284 284 200 284 116 1 200 200 169 200 200 1 284 200 1 284 284 200 1 116 200 200 200 284 85 116 200 200 32 284 284 116 200 284 1 284 200 1 85 284 85 116 200 200 1 1 284 284 284 32 116 85 1 200 284 1 116 284 284 32 200 284 116 284 116 284 2 284 200 200 284 200 116 1 2 1 170 284 1 85 284 284 1 85 116 200 200 2 200 32 1 116 116 116 284 116 1 284 284 85 1 116 200 200 85 116 284 284 1 200 1 200 116 85 170 169 200 200 284 116 170 116 200 284 1 200 32 86 200 200 284 85 284 1 32 32 116 200 200 284 85 284 200 200 200 85 284 284 284 284 32 116 1 284 200 2 1 116 32 116 116 116 284 116 32 284 1 116 284 116 32 284 32 200 284 116 32 1 200 85 284 200 116 200 85 116 200 32 1 116 116 284 200 284 284 200 85 200 200 32 2 85 2 200 200 284 169 116 116 284 284 284 284 116 200 284 32 200 200 200 32 200 85 200 116 284 200 284 116 116 284 1 116 284 284 200 1 116 32 2 85 284 169 284 32 284 32 200 116 116 1 1 200 32 284 86 284 200 284 116 284 200 284 200 170 200 284 284 2 1 116 32 32 85 1 32 200 1 200 200 1 116 284 116 284 200 200 116 1 116 200 169 284 200 32 284 284 86 284 200 200 2 32 200 85 1 200 284 200 1 284 1 116 86 200 200 1 1 284 284 1 284 200 200 284 284 200 32 284 2 284 284 32 1 284 284 1 32 116 200 200 85 116 86 1 284 200 116 32 200 32 1 200 284 1 284 284 116 200 1 1 284 32 284 284 116 1 116 1 32 116 32 284 200 284 116 200 284 32 116 116 32 200 200 170 116 200 1 32 116 1 116 284 284 200 200 2 116 284 1 1 1 284 284 200 116 116 284 284 200 284 200 284 116 85 32 200 1 200 116 284 200 116 200 116 284 284 284 32 32 200 1 32 284 284 32 200 284 200 284 32 2 116 200 116 86 200 200 116 200 85 116 200 116 32 86 32 284 1 116 116 116 116 284 116 284 116 116 1 32 116 2 2 200 85 116 116 284 200 200 86 284 200 1 284 32 116 85 284 116 32 200 116 284 200 200 1 85 284 284 116 200 200 200 1 116 86 116 85 284 85 200 32 32 284 284 116 116 116 200 32 32 200 284 32 32 1 200 116 32 116 86 1 32 284 1 32 284 200 284 2 284 200 32 284 85 284 200 284 284 
c [Incremental] Max used label: 284.
c [Incremental] Label 284 is removed from searching.
c [Incremental] Solving for max label = 283:
c [Incremental] Solving duration: 556 ms.
s [Incremental] SAT (label = 283).
c [Incremental] Label assignment: 283 115 1 115 115 199 1 283 1 1 283 283 1 199 115 85 199 283 283 85 1 1 199 85 1 2 85 115 1 115 199 283 1 283 199 1 115 283 199 115 199 199 283 283 199 283 115 1 199 199 169 199 199 1 283 199 1 283 283 199 1 115 199 199 199 283 85 115 199 199 31 283 283 115 199 283 1 283 199 1 85 283 85 115 199 199 1 1 283 283 283 31 115 85 1 199 283 1 115 283 283 31 199 283 115 283 115 283 2 283 199 199 283 199 115 1 2 1 170 283 1 85 283 283 1 85 115 199 199 2 199 31 1 115 115 115 283 115 1 283 283 85 1 115 199 199 85 115 283 283 1 199 1 199 115 85 170 169 199 199 283 115 170 115 199 283 1 199 31 86 199 199 283 85 283 1 31 31 115 199 199 283 85 283 199 199 199 85 283 283 283 283 31 115 1 283 199 2 1 115 31 115 115 115 283 115 31 283 1 115 283 115 31 283 31 199 283 115 31 1 199 85 283 199 115 199 85 115 199 31 1 115 115 283 199 283 283 199 85 199 199 31 2 85 2 199 199 283 169 115 115 283 283 283 283 115 199 283 31 199 199 199 31 199 85 199 115 283 199 283 115 115 283 1 115 283 283 199 1 115 31 2 85 283 169 283 31 283 31 199 115 115 1 1 199 31 283 86 283 199 283 115 283 199 283 199 170 199 283 283 2 1 115 31 31 85 1 31 199 1 199 199 1 115 283 115 283 199 199 115 1 115 199 169 283 199 31 283 283 86 283 199 199 2 31 199 85 1 199 283 199 1 283 1 115 86 199 199 1 1 283 283 1 283 199 199 283 283 199 31 283 2 283 283 31 1 283 283 1 31 115 199 199 85 115 86 1 283 199 115 31 199 31 1 199 283 1 283 283 115 199 1 1 283 31 283 283 115 1 115 1 31 115 31 283 199 283 115 199 283 31 115 115 31 199 199 170 115 199 1 31 115 1 115 283 283 199 199 2 115 283 1 1 1 283 283 199 115 115 283 283 199 283 199 283 115 85 31 199 1 199 115 283 199 115 199 115 283 283 283 31 31 199 1 31 283 283 31 199 283 199 283 31 2 115 199 115 86 199 199 115 199 85 115 199 115 31 86 31 283 1 115 115 115 115 283 115 283 115 115 1 31 115 2 2 199 85 115 115 283 199 199 86 283 199 1 283 31 115 85 283 115 31 199 115 283 199 199 1 85 283 283 115 199 199 199 1 115 86 115 85 283 85 199 31 31 283 283 115 115 115 199 31 31 199 283 31 31 1 199 115 31 115 86 1 31 283 1 31 283 199 283 2 283 199 31 283 85 283 199 283 283 
c [Incremental] Max used label: 283.
c [Incremental] Label 283 is removed from searching.
c [Incremental] Solving for max label = 282:
c [Incremental] Solving duration: 565 ms.
s [Incremental] SAT (label = 282).
c [Incremental] Label assignment: 282 114 1 114 114 198 1 282 1 1 282 282 1 198 114 85 198 282 282 85 1 1 198 85 1 2 85 114 1 114 198 282 1 282 198 1 114 282 198 114 198 198 282 282 198 282 114 1 198 198 169 198 198 1 282 198 1 282 282 198 1 114 198 198 198 282 85 114 198 198 30 282 282 114 198 282 1 282 198 1 85 282 85 114 198 198 1 1 282 282 282 30 114 85 1 198 282 1 114 282 282 30 198 282 114 282 114 282 2 282 198 198 282 198 114 1 2 1 170 282 1 85 282 282 1 85 114 198 198 2 198 30 1 114 114 114 282 114 1 282 282 85 1 114 198 198 85 114 282 282 1 198 1 198 114 85 170 169 198 198 282 114 170 114 198 282 1 198 30 86 198 198 282 85 282 1 30 30 114 198 198 282 85 282 198 198 198 85 282 282 282 282 30 114 1 282 198 2 1 114 30 114 114 114 282 114 30 282 1 114 282 114 30 282 30 198 282 114 30 1 198 85 282 198 114 198 85 114 198 30 1 114 114 282 198 282 282 198 85 198 198 30 2 85 2 198 198 282 169 114 114 282 282 282 282 114 198 282 30 198 198 198 30 198 85 198 114 282 198 282 114 114 282 1 114 282 282 198 1 114 30 2 85 282 169 282 30 282 30 198 114 114 1 1 198 30 282 86 282 198 282 114 282 198 282 198 170 198 282 282 2 1 114 30 30 85 1 30 198 1 198 198 1 114 282 114 282 198 198 114 1 114 198 169 282 198 30 282 282 86 282 198 198 2 30 198 85 1 198 282 198 1 282 1 114 86 198 198 1 1 282 282 1 282 198 198 282 282 198 30 282 2 282 282 30 1 282 282 1 30 114 198 198 85 114 86 1 282 198 114 30 198 30 1 198 282 1 282 282 114 198 1 1 282 30 282 282 114 1 114 1 30 114 30 282 198 282 114 198 282 30 114 114 30 198 198 170 114 198 1 30 114 1 114 282 282 198 198 2 114 282 1 1 1 282 282 198 114 114 282 282 198 282 198 282 114 85 30 198 1 198 114 282 198 114 198 114 282 282 282 30 30 198 1 30 282 282 30 198 282 198 282 30 2 114 198 114 86 198 198 114 198 85 114 198 114 30 86 30 282 1 114 114 114 114 282 114 282 114 114 1 30 114 2 2 198 85 114 114 282 198 198 86 282 198 1 282 30 114 85 282 114 30 198 114 282 198 198 1 85 282 282 114 198 198 198 1 114 86 114 85 282 85 198 30 30 282 282 114 114 114 198 30 30 198 282 30 30 1 198 114 30 114 86 1 30 282 1 30 282 198 282 2 282 198 30 282 85 282 198 282 282 
c [Incremental] Max used label: 282.
c [Incremental] Label 282 is removed from searching.
c [Incremental] Solving for max label = 281:
c [Incremental] Solving duration: 564 ms.
s [Incremental] SAT (label = 281).
c [Incremental] Label assignment: 281 113 1 113 113 197 1 281 1 1 281 281 1 197 113 85 197 281 281 85 1 1 197 85 1 2 85 113 1 113 197 281 1 281 197 1 113 281 197 113 197 197 281 281 197 281 113 1 197 197 169 197 197 1 281 197 1 281 281 197 1 113 197 197 197 281 85 113 197 197 29 281 281 113 197 281 1 281 197 1 85 281 85 113 197 197 1 1 281 281 281 29 113 85 1 197 281 1 113 281 281 29 197 281 113 281 113 281 2 281 197 197 281 197 113 1 2 1 170 281 1 85 281 281 1 85 113 197 197 2 197 29 1 113 113 113 281 113 1 281 281 85 1 113 197 197 85 113 281 281 1 197 1 197 113 85 170 169 197 197 281 113 170 113 197 281 1 197 29 86 197 197 281 85 281 1 29 29 113 197 197 281 85 281 197 197 197 85 281 281 281 281 29 113 1 281 197 2 1 113 29 113 113 113 281 113 29 281 1 113 281 113 29 281 29 197 281 113 29 1 197 85 281 197 113 197 85 113 197 29 1 113 113 281 197 281 281 197 85 197 197 29 2 85 2 197 197 281 169 113 113 281 281 281 281 113 197 281 29 197 197 197 29 197 85 197 113 281 197 281 113 113 281 1 113 281 281 197 1 113 29 2 85 281 169 281 29 281 29 197 113 113 1 1 197 29 281 86 281 197 281 113 281 197 281 197 170 197 281 281 2 1 113 29 29 85 1 29 197 1 197 197 1 113 281 113 281 197 197 113 1 113 197 169 281 197 29 281 281 86 281 197 197 2 29 197 85 1 197 281 197 1 281 1 113 86 197 197 1 1 281 281 1 281 197 197 281 281 197 29 281 2 281 281 29 1 281 281 1 29 113 197 197 85 113 86 1 281 197 113 29 197 29 1 197 281 1 281 281 113 197 1 1 281 29 281 281 113 1 113 1 29 113 29 281 197 281 113 197 281 29 113 113 29 197 197 170 113 197 1 29 113 1 113 281 281 197 197 2 113 281 1 1 1 281 281 197 113 113 281 281 197 281 197 281 113 85 29 197 1 197 113 281 197 113 197 113 281 281 281 29 29 197 1 29 281 281 29 197 281 197 281 29 2 113 197 113 86 197 197 113 197 85 113 197 113 29 86 29 281 1 113 113 113 113 281 113 281 113 113 1 29 113 2 2 197 85 113 113 281 197 197 86 281 197 1 281 29 113 85 281 113 29 197 113 281 197 197 1 85 281 281 113 197 197 197 1 113 86 113 85 281 85 197 29 29 281 281 113 113 113 197 29 29 197 281 29 29 1 197 113 29 113 86 1 29 281 1 29 281 197 281 2 281 197 29 281 85 281 197 281 281 
c [Incremental] Max used label: 281.
c [Incremental] Label 281 is removed from searching.
c [Incremental] Solving for max label = 280:
c [Incremental] Solving duration: 565 ms.
s [Incremental] SAT (label = 280).
c [Incremental] Label assignment: 280 112 1 112 112 196 1 280 1 1 280 280 1 196 112 85 196 280 280 85 1 1 196 85 1 2 85 112 1 112 196 280 1 280 196 1 112 280 196 112 196 196 280 280 196 280 112 1 196 196 169 196 196 1 280 196 1 280 280 196 1 112 196 196 196 280 85 112 196 196 28 280 280 112 196 280 1 280 196 1 85 280 85 112 196 196 1 1 280 280 280 28 112 85 1 196 280 1 112 280 280 28 196 280 112 280 112 280 2 280 196 196 280 196 112 1 2 1 170 280 1 85 280 280 1 85 112 196 196 2 196 28 1 112 112 112 280 112 1 280 280 85 1 112 196 196 85 112 280 280 1 196 1 196 112 85 170 169 196 196 280 112 170 112 196 280 1 196 28 86 196 196 280 85 280 1 28 28 112 196 196 280 85 280 196 196 196 85 280 280 280 280 28 112 1 280 196 2 1 112 28 112 112 112 280 112 28 280 1 112 280 112 28 280 28 196 280 112 28 1 196 85 280 196 112 196 85 112 196 28 1 112 112 280 196 280 280 196 85 196 196 28 2 85 2 196 196 280 169 112 112 280 280 280 280 112 196 280 28 196 196 196 28 196 85 196 112 280 196 280 112 112 280 1 112 280 280 196 1 112 28 2 85 280 169 280 28 280 28 196 112 112 1 1 196 28 280 86 280 196 280 112 280 196 280 196 170 196 280 280 2 1 112 28 28 85 1 28 196 1 196 196 1 112 280 112 280 196 196 112 1 112 196 169 280 196 28 280 280 86 280 196 196 2 28 196 85 1 196 280 196 1 280 1 112 86 196 196 1 1 280 280 1 280 196 196 280 280 196 28 280 2 280 280 28 1 280 280 1 28 112 196 196 85 112 86 1 280 196 112 28 196 28 1 196 280 1 280 280 112 196 1 1 280 28 280 280 112 1 112 1 28 112 28 280 196 280 112 196 280 28 112 112 28 196 196 170 112 196 1 28 112 1 112 280 280 196 196 2 112 280 1 1 1 280 280 196 112 112 280 280 196 280 196 280 112 85 28 196 1 196 112 280 196 112 196 112 280 280 280 28 28 196 1 28 280 280 28 196 280 196 280 28 2 112 196 112 86 196 196 112 196 85 112 196 112 28 86 28 280 1 112 112 112 112 280 112 280 112 112 1 28 112 2 2 196 85 112 112 280 196 196 86 280 196 1 280 28 112 85 280 112 28 196 112 280 196 196 1 85 280 280 112 196 196 196 1 112 86 112 85 280 85 196 28 28 280 280 112 112 112 196 28 28 196 280 28 28 1 196 112 28 112 86 1 28 280 1 28 280 196 280 2 280 196 28 280 85 280 196 280 280 
c [Incremental] Max used label: 280.
c [Incremental] Label 280 is removed from searching.
c [Incremental] Solving for max label = 279:
c [Incremental] Solving duration: 569 ms.
s [Incremental] SAT (label = 279).
c [Incremental] Label assignment: 279 111 1 111 111 195 1 279 1 1 279 279 1 195 111 85 195 279 279 85 1 1 195 85 1 2 85 111 1 111 195 279 1 279 195 1 111 279 195 111 195 195 279 279 195 279 111 1 195 195 169 195 195 1 279 195 1 279 279 195 1 111 195 195 195 279 85 111 195 195 27 279 279 111 195 279 1 279 195 1 85 279 85 111 195 195 1 1 279 279 279 27 111 85 1 195 279 1 111 279 279 27 195 279 111 279 111 279 2 279 195 195 279 195 111 1 2 1 170 279 1 85 279 279 1 85 111 195 195 2 195 27 1 111 111 111 279 111 1 279 279 85 1 111 195 195 85 111 279 279 1 195 1 195 111 85 170 169 195 195 279 111 170 111 195 279 1 195 27 86 195 195 279 85 279 1 27 27 111 195 195 279 85 279 195 195 195 85 279 279 279 279 27 111 1 279 195 2 1 111 27 111 111 111 279 111 27 279 1 111 279 111 27 279 27 195 279 111 27 1 195 85 279 195 111 195 85 111 195 27 1 111 111 279 195 279 279 195 85 195 195 27 2 85 2 195 195 279 169 111 111 279 279 279 279 111 195 279 27 195 195 195 27 195 85 195 111 279 195 279 111 111 279 1 111 279 279 195 1 111 27 2 85 279 169 279 27 279 27 195 111 111 1 1 195 27 279 86 279 195 279 111 279 195 279 195 170 195 279 279 2 1 111 27 27 85 1 27 195 1 195 195 1 111 279 111 279 195 195 111 1 111 195 169 279 195 27 279 279 86 279 195 195 2 27 195 85 1 195 279 195 1 279 1 111 86 195 195 1 1 279 279 1 279 195 195 279 279 195 27 279 2 279 279 27 1 279 279 1 27 111 195 195 85 111 86 1 279 195 111 27 195 27 1 195 279 1 279 279 111 195 1 1 279 27 279 279 111 1 111 1 27 111 27 279 195 279 111 195 279 27 111 111 27 195 195 170 111 195 1 27 111 1 111 279 279 195 195 2 111 279 1 1 1 279 279 195 111 111 279 279 195 279 195 279 111 85 27 195 1 195 111 279 195 111 195 111 279 279 279 27 27 195 1 27 279 279 27 195 279 195 279 27 2 111 195 111 86 195 195 111 195 85 111 195 111 27 86 27 279 1 111 111 111 111 279 111 279 111 111 1 27 111 2 2 195 85 111 111 279 195 195 86 279 195 1 279 27 111 85 279 111 27 195 111 279 195 195 1 85 279 279 111 195 195 195 1 111 86 111 85 279 85 195 27 27 279 279 111 111 111 195 27 27 195 279 27 27 1 195 111 27 111 86 1 27 279 1 27 279 195 279 2 279 195 27 279 85 279 195 279 279 
c [Incremental] Max used label: 279.
c [Incremental] Label 279 is removed from searching.
c [Incremental] Solving for max label = 278:
c [Incremental] Solving duration: 570 ms.
s [Incremental] SAT (label = 278).
c [Incremental] Label assignment: 278 110 1 110 110 194 1 278 1 1 278 278 1 194 110 85 194 278 278 85 1 1 194 85 1 2 85 110 1 110 194 278 1 278 194 1 110 278 194 110 194 194 278 278 194 278 110 1 194 194 169 194 194 1 278 194 1 278 278 194 1 110 194 194 194 278 85 110 194 194 26 278 278 110 194 278 1 278 194 1 85 278 85 110 194 194 1 1 278 278 278 26 110 85 1 194 278 1 110 278 278 26 194 278 110 278 110 278 2 278 194 194 278 194 110 1 2 1 170 278 1 85 278 278 1 85 110 194 194 2 194 26 1 110 110 110 278 110 1 278 278 85 1 110 194 194 85 110 278 278 1 194 1 194 110 85 170 169 194 194 278 110 170 110 194 278 1 194 26 86 194 194 278 85 278 1 26 26 110 194 194 278 85 278 194 194 194 85 278 278 278 278 26 110 1 278 194 2 1 110 26 110 110 110 278 110 26 278 1 110 278 110 26 278 26 194 278 110 26 1 194 85 278 194 110 194 85 110 194 26 1 110 110 278 194 278 278 194 85 194 194 26 2 85 2 194 194 278 169 110 110 278 278 278 278 110 194 278 26 194 194 194 26 194 85 194 110 278 194 278 110 110 278 1 110 278 278 194 1 110 26 2 85 278 169 278 26 278 26 194 110 110 1 1 194 26 278 86 278 194 278 110 278 194 278 194 170 194 278 278 2 1 110 26 26 85 1 26 194 1 194 194 1 110 278 110 278 194 194 110 1 110 194 169 278 194 26 278 278 86 278 194 194 2 26 194 85 1 194 278 194 1 278 1 110 86 194 194 1 1 278 278 1 278 194 194 278 278 194 26 278 2 278 278 26 1 278 278 1 26 110 194 194 85 110 86 1 278 194 110 26 194 26 1 194 278 1 278 278 110 194 1 1 278 26 278 278 110 1 110 1 26 110 26 278 194 278 110 194 278 26 110 110 26 194 194 170 110 194 1 26 110 1 110 278 278 194 194 2 110 278 1 1 1 278 278 194 110 110 278 278 194 278 194 278 110 85 26 194 1 194 110 278 194 110 194 110 278 278 278 26 26 194 1 26 278 278 26 194 278 194 278 26 2 110 194 110 86 194 194 110 194 85 110 194 110 26 86 26 278 1 110 110 110 110 278 110 278 110 110 1 26 110 2 2 194 85 110 110 278 194 194 86 278 194 1 278 26 110 85 278 110 26 194 110 278 194 194 1 85 278 278 110 194 194 194 1 110 86 110 85 278 85 194 26 26 278 278 110 110 110 194 26 26 194 278 26 26 1 194 110 26 110 86 1 26 278 1 26 278 194 278 2 278 194 26 278 85 278 194 278 278 
c [Incremental] Max used label: 278.
c [Incremental] Label 278 is removed from searching.
c [Incremental] Solving for max label = 277:
c [Incremental] Solving duration: 555 ms.
s [Incremental] SAT (label = 277).
c [Incremental] Label assignment: 277 109 1 109 109 193 1 277 1 1 277 277 1 193 109 85 193 277 277 85 1 1 193 85 1 2 85 109 1 109 193 277 1 277 193 1 109 277 193 109 193 193 277 277 193 277 109 1 193 193 169 193 193 1 277 193 1 277 277 193 1 109 193 193 193 277 85 109 193 193 25 277 277 109 193 277 1 277 193 1 85 277 85 109 193 193 1 1 277 277 277 25 109 85 1 193 277 1 109 277 277 25 193 277 109 277 109 277 2 277 193 193 277 193 109 1 2 1 170 277 1 85 277 277 1 85 109 193 193 2 193 25 1 109 109 109 277 109 1 277 277 85 1 109 193 193 85 109 277 277 1 193 1 193 109 85 170 169 193 193 277 109 170 109 193 277 1 193 25 86 193 193 277 85 277 1 25 25 109 193 193 277 85 277 193 193 193 85 277 277 277 277 25 109 1 277 193 2 1 109 25 109 109 109 277 109 25 277 1 109 277 109 25 277 25 193 277 109 25 1 193 85 277 193 109 193 85 109 193 25 1 109 109 277 193 277 277 193 85 193 193 25 2 85 2 193 193 277 169 109 109 277 277 277 277 109 193 277 25 193 193 193 25 193 85 193 109 277 193 277 109 109 277 1 109 277 277 193 1 109 25 2 85 277 169 277 25 277 25 193 109 109 1 1 193 25 277 86 277 193 277 109 277 193 277 193 170 193 277 277 2 1 109 25 25 85 1 25 193 1 193 193 1 109 277 109 277 193 193 109 1 109 193 169 277 193 25 277 277 86 277 193 193 2 25 193 85 1 193 277 193 1 277 1 109 86 193 193 1 1 277 277 1 277 193 193 277 277 193 25 277 2 277 277 25 1 277 277 1 25 109 193 193 85 109 86 1 277 193 109 25 193 25 1 193 277 1 277 277 109 193 1 1 277 25 277 277 109 1 109 1 25 109 25 277 193 277 109 193 277 25 109 109 25 193 193 170 109 193 1 25 109 1 109 277 277 193 193 2 109 277 1 1 1 277 277 193 109 109 277 277 193 277 193 277 109 85 25 193 1 193 109 277 193 109 193 109 277 277 277 25 25 193 1 25 277 277 25 193 277 193 277 25 2 109 193 109 86 193 193 109 193 85 109 193 109 25 86 25 277 1 109 109 109 109 277 109 277 109 109 1 25 109 2 2 193 85 109 109 277 193 193 86 277 193 1 277 25 109 85 277 109 25 193 109 277 193 193 1 85 277 277 109 193 193 193 1 109 86 109 85 277 85 193 25 25 277 277 109 109 109 193 25 25 193 277 25 25 1 193 109 25 109 86 1 25 277 1 25 277 193 277 2 277 193 25 277 85 277 193 277 277 
c [Incremental] Max used label: 277.
c [Incremental] Label 277 is removed from searching.
c [Incremental] Solving for max label = 276:
c [Incremental] Solving duration: 567 ms.
s [Incremental] SAT (label = 276).
c [Incremental] Label assignment: 276 108 1 108 108 192 1 276 1 1 276 276 1 192 108 85 192 276 276 85 1 1 192 85 1 2 85 108 1 108 192 276 1 276 192 1 108 276 192 108 192 192 276 276 192 276 108 1 192 192 169 192 192 1 276 192 1 276 276 192 1 108 192 192 192 276 85 108 192 192 24 276 276 108 192 276 1 276 192 1 85 276 85 108 192 192 1 1 276 276 276 24 108 85 1 192 276 1 108 276 276 24 192 276 108 276 108 276 2 276 192 192 276 192 108 1 2 1 170 276 1 85 276 276 1 85 108 192 192 2 192 24 1 108 108 108 276 108 1 276 276 85 1 108 192 192 85 108 276 276 1 192 1 192 108 85 170 169 192 192 276 108 170 108 192 276 1 192 24 86 192 192 276 85 276 1 24 24 108 192 192 276 85 276 192 192 192 85 276 276 276 276 24 108 1 276 192 2 1 108 24 108 108 108 276 108 24 276 1 108 276 108 24 276 24 192 276 108 24 1 192 85 276 192 108 192 85 108 192 24 1 108 108 276 192 276 276 192 85 192 192 24 2 85 2 192 192 276 169 108 108 276 276 276 276 108 192 276 24 192 192 192 24 192 85 192 108 276 192 276 108 108 276 1 108 276 276 192 1 108 24 2 85 276 169 276 24 276 24 192 108 108 1 1 192 24 276 86 276 192 276 108 276 192 276 192 170 192 276 276 2 1 108 24 24 85 1 24 192 1 192 192 1 108 276 108 276 192 192 108 1 108 192 169 276 192 24 276 276 86 276 192 192 2 24 192 85 1 192 276 192 1 276 1 108 86 192 192 1 1 276 276 1 276 192 192 276 276 192 24 276 2 276 276 24 1 276 276 1 24 108 192 192 85 108 86 1 276 192 108 24 192 24 1 192 276 1 276 276 108 192 1 1 276 24 276 276 108 1 108 1 24 108 24 276 192 276 108 192 276 24 108 108 24 192 192 170 108 192 1 24 108 1 108 276 276 192 192 2 108 276 1 1 1 276 276 192 108 108 276 276 192 276 192 276 108 85 24 192 1 192 108 276 192 108 192 108 276 276 276 24 24 192 1 24 276 276 24 192 276 192 276 24 2 108 192 108 86 192 192 108 192 85 108 192 108 24 86 24 276 1 108 108 108 108 276 108 276 108 108 1 24 108 2 2 192 85 108 108 276 192 192 86 276 192 1 276 24 108 85 276 108 24 192 108 276 192 192 1 85 276 276 108 192 192 192 1 108 86 108 85 276 85 192 24 24 276 276 108 108 108 192 24 24 192 276 24 24 1 192 108 24 108 86 1 24 276 1 24 276 192 276 2 276 192 24 276 85 276 192 276 276 
c [Incremental] Max used label: 276.
c [Incremental] Label 276 is removed from searching.
c [Incremental] Solving for max label = 275:
c [Incremental] Solving duration: 572 ms.
s [Incremental] SAT (label = 275).
c [Incremental] Label assignment: 275 107 1 107 107 191 1 275 1 1 275 275 1 191 107 85 191 275 275 85 1 1 191 85 1 2 85 107 1 107 191 275 1 275 191 1 107 275 191 107 191 191 275 275 191 275 107 1 191 191 169 191 191 1 275 191 1 275 275 191 1 107 191 191 191 275 85 107 191 191 23 275 275 107 191 275 1 275 191 1 85 275 85 107 191 191 1 1 275 275 275 23 107 85 1 191 275 1 107 275 275 23 191 275 107 275 107 275 2 275 191 191 275 191 107 1 2 1 170 275 1 85 275 275 1 85 107 191 191 2 191 23 1 107 107 107 275 107 1 275 275 85 1 107 191 191 85 107 275 275 1 191 1 191 107 85 170 169 191 191 275 107 170 107 191 275 1 191 23 86 191 191 275 85 275 1 23 23 107 191 191 275 85 275 191 191 191 85 275 275 275 275 23 107 1 275 191 2 1 107 23 107 107 107 275 107 23 275 1 107 275 107 23 275 23 191 275 107 23 1 191 85 275 191 107 191 85 107 191 23 1 107 107 275 191 275 275 191 85 191 191 23 2 85 2 191 191 275 169 107 107 275 275 275 275 107 191 275 23 191 191 191 23 191 85 191 107 275 191 275 107 107 275 1 107 275 275 191 1 107 23 2 85 275 169 275 23 275 23 191 107 107 1 1 191 23 275 86 275 191 275 107 275 191 275 191 170 191 275 275 2 1 107 23 23 85 1 23 191 1 191 191 1 107 275 107 275 191 191 107 1 107 191 169 275 191 23 275 275 86 275 191 191 2 23 191 85 1 191 275 191 1 275 1 107 86 191 191 1 1 275 275 1 275 191 191 275 275 191 23 275 2 275 275 23 1 275 275 1 23 107 191 191 85 107 86 1 275 191 107 23 191 23 1 191 275 1 275 275 107 191 1 1 275 23 275 275 107 1 107 1 23 107 23 275 191 275 107 191 275 23 107 107 23 191 191 170 107 191 1 23 107 1 107 275 275 191 191 2 107 275 1 1 1 275 275 191 107 107 275 275 191 275 191 275 107 85 23 191 1 191 107 275 191 107 191 107 275 275 275 23 23 191 1 23 275 275 23 191 275 191 275 23 2 107 191 107 86 191 191 107 191 85 107 191 107 23 86 23 275 1 107 107 107 107 275 107 275 107 107 1 23 107 2 2 191 85 107 107 275 191 191 86 275 191 1 275 23 107 85 275 107 23 191 107 275 191 191 1 85 275 275 107 191 191 191 1 107 86 107 85 275 85 191 23 23 275 275 107 107 107 191 23 23 191 275 23 23 1 191 107 23 107 86 1 23 275 1 23 275 191 275 2 275 191 23 275 85 275 191 275 275 
c [Incremental] Max used label: 275.
c [Incremental] Label 275 is removed from searching.
c [Incremental] Solving for max label = 274:
c [Incremental] Solving duration: 576 ms.
s [Incremental] SAT (label = 274).
c [Incremental] Label assignment: 274 106 1 106 106 190 1 274 1 1 274 274 1 190 106 85 190 274 274 85 1 1 190 85 1 2 85 106 1 106 190 274 1 274 190 1 106 274 190 106 190 190 274 274 190 274 106 1 190 190 169 190 190 1 274 190 1 274 274 190 1 106 190 190 190 274 85 106 190 190 22 274 274 106 190 274 1 274 190 1 85 274 85 106 190 190 1 1 274 274 274 22 106 85 1 190 274 1 106 274 274 22 190 274 106 274 106 274 2 274 190 190 274 190 106 1 2 1 170 274 1 85 274 274 1 85 106 190 190 2 190 22 1 106 106 106 274 106 1 274 274 85 1 106 190 190 85 106 274 274 1 190 1 190 106 85 170 169 190 190 274 106 170 106 190 274 1 190 22 86 190 190 274 85 274 1 22 22 106 190 190 274 85 274 190 190 190 85 274 274 274 274 22 106 1 274 190 2 1 106 22 106 106 106 274 106 22 274 1 106 274 106 22 274 22 190 274 106 22 1 190 85 274 190 106 190 85 106 190 22 1 106 106 274 190 274 274 190 85 190 190 22 2 85 2 190 190 274 169 106 106 274 274 274 274 106 190 274 22 190 190 190 22 190 85 190 106 274 190 274 106 106 274 1 106 274 274 190 1 106 22 2 85 274 169 274 22 274 22 190 106 106 1 1 190 22 274 86 274 190 274 106 274 190 274 190 170 190 274 274 2 1 106 22 22 85 1 22 190 1 190 190 1 106 274 106 274 190 190 106 1 106 190 169 274 190 22 274 274 86 274 190 190 2 22 190 85 1 190 274 190 1 274 1 106 86 190 190 1 1 274 274 1 274 190 190 274 274 190 22 274 2 274 274 22 1 274 274 1 22 106 190 190 85 106 86 1 274 190 106 22 190 22 1 190 274 1 274 274 106 190 1 1 274 22 274 274 106 1 106 1 22 106 22 274 190 274 106 190 274 22 106 106 22 190 190 170 106 190 1 22 106 1 106 274 274 190 190 2 106 274 1 1 1 274 274 190 106 106 274 274 190 274 190 274 106 85 22 190 1 190 106 274 190 106 190 106 274 274 274 22 22 190 1 22 274 274 22 190 274 190 274 22 2 106 190 106 86 190 190 106 190 85 106 190 106 22 86 22 274 1 106 106 106 106 274 106 274 106 106 1 22 106 2 2 190 85 106 106 274 190 190 86 274 190 1 274 22 106 85 274 106 22 190 106 274 190 190 1 85 274 274 106 190 190 190 1 106 86 106 85 274 85 190 22 22 274 274 106 106 106 190 22 22 190 274 22 22 1 190 106 22 106 86 1 22 274 1 22 274 190 274 2 274 190 22 274 85 274 190 274 274 
c [Incremental] Max used label: 274.
c [Incremental] Label 274 is removed from searching.
c [Incremental] Solving for max label = 273:
c [Incremental] Solving duration: 568 ms.
s [Incremental] SAT (label = 273).
c [Incremental] Label assignment: 273 105 1 105 105 189 1 273 1 1 273 273 1 189 105 85 189 273 273 85 1 1 189 85 1 2 85 105 1 105 189 273 1 273 189 1 105 273 189 105 189 189 273 273 189 273 105 1 189 189 169 189 189 1 273 189 1 273 273 189 1 105 189 189 189 273 85 105 189 189 21 273 273 105 189 273 1 273 189 1 85 273 85 105 189 189 1 1 273 273 273 21 105 85 1 189 273 1 105 273 273 21 189 273 105 273 105 273 2 273 189 189 273 189 105 1 2 1 170 273 1 85 273 273 1 85 105 189 189 2 189 21 1 105 105 105 273 105 1 273 273 85 1 105 189 189 85 105 273 273 1 189 1 189 105 85 170 169 189 189 273 105 170 105 189 273 1 189 21 86 189 189 273 85 273 1 21 21 105 189 189 273 85 273 189 189 189 85 273 273 273 273 21 105 1 273 189 2 1 105 21 105 105 105 273 105 21 273 1 105 273 105 21 273 21 189 273 105 21 1 189 85 273 189 105 189 85 105 189 21 1 105 105 273 189 273 273 189 85 189 189 21 2 85 2 189 189 273 169 105 105 273 273 273 273 105 189 273 21 189 189 189 21 189 85 189 105 273 189 273 105 105 273 1 105 273 273 189 1 105 21 2 85 273 169 273 21 273 21 189 105 105 1 1 189 21 273 86 273 189 273 105 273 189 273 189 170 189 273 273 2 1 105 21 21 85 1 21 189 1 189 189 1 105 273 105 273 189 189 105 1 105 189 169 273 189 21 273 273 86 273 189 189 2 21 189 85 1 189 273 189 1 273 1 105 86 189 189 1 1 273 273 1 273 189 189 273 273 189 21 273 2 273 273 21 1 273 273 1 21 105 189 189 85 105 86 1 273 189 105 21 189 21 1 189 273 1 273 273 105 189 1 1 273 21 273 273 105 1 105 1 21 105 21 273 189 273 105 189 273 21 105 105 21 189 189 170 105 189 1 21 105 1 105 273 273 189 189 2 105 273 1 1 1 273 273 189 105 105 273 273 189 273 189 273 105 85 21 189 1 189 105 273 189 105 189 105 273 273 273 21 21 189 1 21 273 273 21 189 273 189 273 21 2 105 189 105 86 189 189 105 189 85 105 189 105 21 86 21 273 1 105 105 105 105 273 105 273 105 105 1 21 105 2 2 189 85 105 105 273 189 189 86 273 189 1 273 21 105 85 273 105 21 189 105 273 189 189 1 85 273 273 105 189 189 189 1 105 86 105 85 273 85 189 21 21 273 273 105 105 105 189 21 21 189 273 21 21 1 189 105 21 105 86 1 21 273 1 21 273 189 273 2 273 189 21 273 85 273 189 273 273 
c [Incremental] Max used label: 273.
c [Incremental] Label 273 is removed from searching.
c [Incremental] Solving for max label = 272:
c [Incremental] Solving duration: 577 ms.
s [Incremental] SAT (label = 272).
c [Incremental] Label assignment: 272 104 1 104 104 188 1 272 1 1 272 272 1 188 104 85 188 272 272 85 1 1 188 85 1 2 85 104 1 104 188 272 1 272 188 1 104 272 188 104 188 188 272 272 188 272 104 1 188 188 169 188 188 1 272 188 1 272 272 188 1 104 188 188 188 272 85 104 188 188 20 272 272 104 188 272 1 272 188 1 85 272 85 104 188 188 1 1 272 272 272 20 104 85 1 188 272 1 104 272 272 20 188 272 104 272 104 272 2 272 188 188 272 188 104 1 2 1 170 272 1 85 272 272 1 85 104 188 188 2 188 20 1 104 104 104 272 104 1 272 272 85 1 104 188 188 85 104 272 272 1 188 1 188 104 85 170 169 188 188 272 104 170 104 188 272 1 188 20 86 188 188 272 85 272 1 20 20 104 188 188 272 85 272 188 188 188 85 272 272 272 272 20 104 1 272 188 2 1 104 20 104 104 104 272 104 20 272 1 104 272 104 20 272 20 188 272 104 20 1 188 85 272 188 104 188 85 104 188 20 1 104 104 272 188 272 272 188 85 188 188 20 2 85 2 188 188 272 169 104 104 272 272 272 272 104 188 272 20 188 188 188 20 188 85 188 104 272 188 272 104 104 272 1 104 272 272 188 1 104 20 2 85 272 169 272 20 272 20 188 104 104 1 1 188 20 272 86 272 188 272 104 272 188 272 188 170 188 272 272 2 1 104 20 20 85 1 20 188 1 188 188 1 104 272 104 272 188 188 104 1 104 188 169 272 188 20 272 272 86 272 188 188 2 20 188 85 1 188 272 188 1 272 1 104 86 188 188 1 1 272 272 1 272 188 188 272 272 188 20 272 2 272 272 20 1 272 272 1 20 104 188 188 85 104 86 1 272 188 104 20 188 20 1 188 272 1 272 272 104 188 1 1 272 20 272 272 104 1 104 1 20 104 20 272 188 272 104 188 272 20 104 104 20 188 188 170 104 188 1 20 104 1 104 272 272 188 188 2 104 272 1 1 1 272 272 188 104 104 272 272 188 272 188 272 104 85 20 188 1 188 104 272 188 104 188 104 272 272 272 20 20 188 1 20 272 272 20 188 272 188 272 20 2 104 188 104 86 188 188 104 188 85 104 188 104 20 86 20 272 1 104 104 104 104 272 104 272 104 104 1 20 104 2 2 188 85 104 104 272 188 188 86 272 188 1 272 20 104 85 272 104 20 188 104 272 188 188 1 85 272 272 104 188 188 188 1 104 86 104 85 272 85 188 20 20 272 272 104 104 104 188 20 20 188 272 20 20 1 188 104 20 104 86 1 20 272 1 20 272 188 272 2 272 188 20 272 85 272 188 272 272 
c [Incremental] Max used label: 272.
c [Incremental] Label 272 is removed from searching.
c [Incremental] Solving for max label = 271:
c [Incremental] Solving duration: 568 ms.
s [Incremental] SAT (label = 271).
c [Incremental] Label assignment: 271 103 1 103 103 187 1 271 1 1 271 271 1 187 103 85 187 271 271 85 1 1 187 85 1 2 85 103 1 103 187 271 1 271 187 1 103 271 187 103 187 187 271 271 187 271 103 1 187 187 169 187 187 1 271 187 1 271 271 187 1 103 187 187 187 271 85 103 187 187 19 271 271 103 187 271 1 271 187 1 85 271 85 103 187 187 1 1 271 271 271 19 103 85 1 187 271 1 103 271 271 19 187 271 103 271 103 271 2 271 187 187 271 187 103 1 2 1 170 271 1 85 271 271 1 85 103 187 187 2 187 19 1 103 103 103 271 103 1 271 271 85 1 103 187 187 85 103 271 271 1 187 1 187 103 85 170 169 187 187 271 103 170 103 187 271 1 187 19 86 187 187 271 85 271 1 19 19 103 187 187 271 85 271 187 187 187 85 271 271 271 271 19 103 1 271 187 2 1 103 19 103 103 103 271 103 19 271 1 103 271 103 19 271 19 187 271 103 19 1 187 85 271 187 103 187 85 103 187 19 1 103 103 271 187 271 271 187 85 187 187 19 2 85 2 187 187 271 169 103 103 271 271 271 271 103 187 271 19 187 187 187 19 187 85 187 103 271 187 271 103 103 271 1 103 271 271 187 1 103 19 2 85 271 169 271 19 271 19 187 103 103 1 1 187 19 271 86 271 187 271 103 271 187 271 187 170 187 271 271 2 1 103 19 19 85 1 19 187 1 187 187 1 103 271 103 271 187 187 103 1 103 187 169 271 187 19 271 271 86 271 187 187 2 19 187 85 1 187 271 187 1 271 1 103 86 187 187 1 1 271 271 1 271 187 187 271 271 187 19 271 2 271 271 19 1 271 271 1 19 103 187 187 85 103 86 1 271 187 103 19 187 19 1 187 271 1 271 271 103 187 1 1 271 19 271 271 103 1 103 1 19 103 19 271 187 271 103 187 271 19 103 103 19 187 187 170 103 187 1 19 103 1 103 271 271 187 187 2 103 271 1 1 1 271 271 187 103 103 271 271 187 271 187 271 103 85 19 187 1 187 103 271 187 103 187 103 271 271 271 19 19 187 1 19 271 271 19 187 271 187 271 19 2 103 187 103 86 187 187 103 187 85 103 187 103 19 86 19 271 1 103 103 103 103 271 103 271 103 103 1 19 103 2 2 187 85 103 103 271 187 187 86 271 187 1 271 19 103 85 271 103 19 187 103 271 187 187 1 85 271 271 103 187 187 187 1 103 86 103 85 271 85 187 19 19 271 271 103 103 103 187 19 19 187 271 19 19 1 187 103 19 103 86 1 19 271 1 19 271 187 271 2 271 187 19 271 85 271 187 271 271 
c [Incremental] Max used label: 271.
c [Incremental] Label 271 is removed from searching.
c [Incremental] Solving for max label = 270:
c [Incremental] Solving duration: 560 ms.
s [Incremental] SAT (label = 270).
c [Incremental] Label assignment: 270 102 1 102 102 186 1 270 1 1 270 270 1 186 102 85 186 270 270 85 1 1 186 85 1 2 85 102 1 102 186 270 1 270 186 1 102 270 186 102 186 186 270 270 186 270 102 1 186 186 169 186 186 1 270 186 1 270 270 186 1 102 186 186 186 270 85 102 186 186 18 270 270 102 186 270 1 270 186 1 85 270 85 102 186 186 1 1 270 270 270 18 102 85 1 186 270 1 102 270 270 18 186 270 102 270 102 270 2 270 186 186 270 186 102 1 2 1 170 270 1 85 270 270 1 85 102 186 186 2 186 18 1 102 102 102 270 102 1 270 270 85 1 102 186 186 85 102 270 270 1 186 1 186 102 85 170 169 186 186 270 102 170 102 186 270 1 186 18 86 186 186 270 85 270 1 18 18 102 186 186 270 85 270 186 186 186 85 270 270 270 270 18 102 1 270 186 2 1 102 18 102 102 102 270 102 18 270 1 102 270 102 18 270 18 186 270 102 18 1 186 85 270 186 102 186 85 102 186 18 1 102 102 270 186 270 270 186 85 186 186 18 2 85 2 186 186 270 169 102 102 270 270 270 270 102 186 270 18 186 186 186 18 186 85 186 102 270 186 270 102 102 270 1 102 270 270 186 1 102 18 2 85 270 169 270 18 270 18 186 102 102 1 1 186 18 270 86 270 186 270 102 270 186 270 186 170 186 270 270 2 1 102 18 18 85 1 18 186 1 186 186 1 102 270 102 270 186 186 102 1 102 186 169 270 186 18 270 270 86 270 186 186 2 18 186 85 1 186 270 186 1 270 1 102 86 186 186 1 1 270 270 1 270 186 186 270 270 186 18 270 2 270 270 18 1 270 270 1 18 102 186 186 85 102 86 1 270 186 102 18 186 18 1 186 270 1 270 270 102 186 1 1 270 18 270 270 102 1 102 1 18 102 18 270 186 270 102 186 270 18 102 102 18 186 186 170 102 186 1 18 102 1 102 270 270 186 186 2 102 270 1 1 1 270 270 186 102 102 270 270 186 270 186 270 102 85 18 186 1 186 102 270 186 102 186 102 270 270 270 18 18 186 1 18 270 270 18 186 270 186 270 18 2 102 186 102 86 186 186 102 186 85 102 186 102 18 86 18 270 1 102 102 102 102 270 102 270 102 102 1 18 102 2 2 186 85 102 102 270 186 186 86 270 186 1 270 18 102 85 270 102 18 186 102 270 186 186 1 85 270 270 102 186 186 186 1 102 86 102 85 270 85 186 18 18 270 270 102 102 102 186 18 18 186 270 18 18 1 186 102 18 102 86 1 18 270 1 18 270 186 270 2 270 186 18 270 85 270 186 270 270 
c [Incremental] Max used label: 270.
c [Incremental] Label 270 is removed from searching.
c [Incremental] Solving for max label = 269:
c [Incremental] Solving duration: 562 ms.
s [Incremental] SAT (label = 269).
c [Incremental] Label assignment: 269 101 1 101 101 185 1 269 1 1 269 269 1 185 101 85 185 269 269 85 1 1 185 85 1 2 85 101 1 101 185 269 1 269 185 1 101 269 185 101 185 185 269 269 185 269 101 1 185 185 169 185 185 1 269 185 1 269 269 185 1 101 185 185 185 269 85 101 185 185 17 269 269 101 185 269 1 269 185 1 85 269 85 101 185 185 1 1 269 269 269 17 101 85 1 185 269 1 101 269 269 17 185 269 101 269 101 269 2 269 185 185 269 185 101 1 2 1 170 269 1 85 269 269 1 85 101 185 185 2 185 17 1 101 101 101 269 101 1 269 269 85 1 101 185 185 85 101 269 269 1 185 1 185 101 85 170 169 185 185 269 101 170 101 185 269 1 185 17 86 185 185 269 85 269 1 17 17 101 185 185 269 85 269 185 185 185 85 269 269 269 269 17 101 1 269 185 2 1 101 17 101 101 101 269 101 17 269 1 101 269 101 17 269 17 185 269 101 17 1 185 85 269 185 101 185 85 101 185 17 1 101 101 269 185 269 269 185 85 185 185 17 2 85 2 185 185 269 169 101 101 269 269 269 269 101 185 269 17 185 185 185 17 185 85 185 101 269 185 269 101 101 269 1 101 269 269 185 1 101 17 2 85 269 169 269 17 269 17 185 101 101 1 1 185 17 269 86 269 185 269 101 269 185 269 185 170 185 269 269 2 1 101 17 17 85 1 17 185 1 185 185 1 101 269 101 269 185 185 101 1 101 185 169 269 185 17 269 269 86 269 185 185 2 17 185 85 1 185 269 185 1 269 1 101 86 185 185 1 1 269 269 1 269 185 185 269 269 185 17 269 2 269 269 17 1 269 269 1 17 101 185 185 85 101 86 1 269 185 101 17 185 17 1 185 269 1 269 269 101 185 1 1 269 17 269 269 101 1 101 1 17 101 17 269 185 269 101 185 269 17 101 101 17 185 185 170 101 185 1 17 101 1 101 269 269 185 185 2 101 269 1 1 1 269 269 185 101 101 269 269 185 269 185 269 101 85 17 185 1 185 101 269 185 101 185 101 269 269 269 17 17 185 1 17 269 269 17 185 269 185 269 17 2 101 185 101 86 185 185 101 185 85 101 185 101 17 86 17 269 1 101 101 101 101 269 101 269 101 101 1 17 101 2 2 185 85 101 101 269 185 185 86 269 185 1 269 17 101 85 269 101 17 185 101 269 185 185 1 85 269 269 101 185 185 185 1 101 86 101 85 269 85 185 17 17 269 269 101 101 101 185 17 17 185 269 17 17 1 185 101 17 101 86 1 17 269 1 17 269 185 269 2 269 185 17 269 85 269 185 269 269 
c [Incremental] Max used label: 269.
c [Incremental] Label 269 is removed from searching.
c [Incremental] Solving for max label = 268:
c [Incremental] Solving duration: 577 ms.
s [Incremental] SAT (label = 268).
c [Incremental] Label assignment: 268 100 1 100 100 184 1 268 1 1 268 268 1 184 100 85 184 268 268 85 1 1 184 85 1 2 85 100 1 100 184 268 1 268 184 1 100 268 184 100 184 184 268 268 184 268 100 1 184 184 169 184 184 1 268 184 1 268 268 184 1 100 184 184 184 268 85 100 184 184 16 268 268 100 184 268 1 268 184 1 85 268 85 100 184 184 1 1 268 268 268 16 100 85 1 184 268 1 100 268 268 16 184 268 100 268 100 268 2 268 184 184 268 184 100 1 2 1 170 268 1 85 268 268 1 85 100 184 184 2 184 16 1 100 100 100 268 100 1 268 268 85 1 100 184 184 85 100 268 268 1 184 1 184 100 85 170 169 184 184 268 100 170 100 184 268 1 184 16 86 184 184 268 85 268 1 16 16 100 184 184 268 85 268 184 184 184 85 268 268 268 268 16 100 1 268 184 2 1 100 16 100 100 100 268 100 16 268 1 100 268 100 16 268 16 184 268 100 16 1 184 85 268 184 100 184 85 100 184 16 1 100 100 268 184 268 268 184 85 184 184 16 2 85 2 184 184 268 169 100 100 268 268 268 268 100 184 268 16 184 184 184 16 184 85 184 100 268 184 268 100 100 268 1 100 268 268 184 1 100 16 2 85 268 169 268 16 268 16 184 100 100 1 1 184 16 268 86 268 184 268 100 268 184 268 184 170 184 268 268 2 1 100 16 16 85 1 16 184 1 184 184 1 100 268 100 268 184 184 100 1 100 184 169 268 184 16 268 268 86 268 184 184 2 16 184 85 1 184 268 184 1 268 1 100 86 184 184 1 1 268 268 1 268 184 184 268 268 184 16 268 2 268 268 16 1 268 268 1 16 100 184 184 85 100 86 1 268 184 100 16 184 16 1 184 268 1 268 268 100 184 1 1 268 16 268 268 100 1 100 1 16 100 16 268 184 268 100 184 268 16 100 100 16 184 184 170 100 184 1 16 100 1 100 268 268 184 184 2 100 268 1 1 1 268 268 184 100 100 268 268 184 268 184 268 100 85 16 184 1 184 100 268 184 100 184 100 268 268 268 16 16 184 1 16 268 268 16 184 268 184 268 16 2 100 184 100 86 184 184 100 184 85 100 184 100 16 86 16 268 1 100 100 100 100 268 100 268 100 100 1 16 100 2 2 184 85 100 100 268 184 184 86 268 184 1 268 16 100 85 268 100 16 184 100 268 184 184 1 85 268 268 100 184 184 184 1 100 86 100 85 268 85 184 16 16 268 268 100 100 100 184 16 16 184 268 16 16 1 184 100 16 100 86 1 16 268 1 16 268 184 268 2 268 184 16 268 85 268 184 268 268 
c [Incremental] Max used label: 268.
c [Incremental] Label 268 is removed from searching.
c [Incremental] Solving for max label = 267:
c [Incremental] Solving duration: 572 ms.
s [Incremental] SAT (label = 267).
c [Incremental] Label assignment: 267 99 1 99 99 183 1 267 1 1 267 267 1 183 99 85 183 267 267 85 1 1 183 85 1 2 85 99 1 99 183 267 1 267 183 1 99 267 183 99 183 183 267 267 183 267 99 1 183 183 169 183 183 1 267 183 1 267 267 183 1 99 183 183 183 267 85 99 183 183 15 267 267 99 183 267 1 267 183 1 85 267 85 99 183 183 1 1 267 267 267 15 99 85 1 183 267 1 99 267 267 15 183 267 99 267 99 267 2 267 183 183 267 183 99 1 2 1 170 267 1 85 267 267 1 85 99 183 183 2 183 15 1 99 99 99 267 99 1 267 267 85 1 99 183 183 85 99 267 267 1 183 1 183 99 85 170 169 183 183 267 99 170 99 183 267 1 183 15 86 183 183 267 85 267 1 15 15 99 183 183 267 85 267 183 183 183 85 267 267 267 267 15 99 1 267 183 2 1 99 15 99 99 99 267 99 15 267 1 99 267 99 15 267 15 183 267 99 15 1 183 85 267 183 99 183 85 99 183 15 1 99 99 267 183 267 267 183 85 183 183 15 2 85 2 183 183 267 169 99 99 267 267 267 267 99 183 267 15 183 183 183 15 183 85 183 99 267 183 267 99 99 267 1 99 267 267 183 1 99 15 2 85 267 169 267 15 267 15 183 99 99 1 1 183 15 267 86 267 183 267 99 267 183 267 183 170 183 267 267 2 1 99 15 15 85 1 15 183 1 183 183 1 99 267 99 267 183 183 99 1 99 183 169 267 183 15 267 267 86 267 183 183 2 15 183 85 1 183 267 183 1 267 1 99 86 183 183 1 1 267 267 1 267 183 183 267 267 183 15 267 2 267 267 15 1 267 267 1 15 99 183 183 85 99 86 1 267 183 99 15 183 15 1 183 267 1 267 267 99 183 1 1 267 15 267 267 99 1 99 1 15 99 15 267 183 267 99 183 267 15 99 99 15 183 183 170 99 183 1 15 99 1 99 267 267 183 183 2 99 267 1 1 1 267 267 183 99 99 267 267 183 267 183 267 99 85 15 183 1 183 99 267 183 99 183 99 267 267 267 15 15 183 1 15 267 267 15 183 267 183 267 15 2 99 183 99 86 183 183 99 183 85 99 183 99 15 86 15 267 1 99 99 99 99 267 99 267 99 99 1 15 99 2 2 183 85 99 99 267 183 183 86 267 183 1 267 15 99 85 267 99 15 183 99 267 183 183 1 85 267 267 99 183 183 183 1 99 86 99 85 267 85 183 15 15 267 267 99 99 99 183 15 15 183 267 15 15 1 183 99 15 99 86 1 15 267 1 15 267 183 267 2 267 183 15 267 85 267 183 267 267 
c [Incremental] Max used label: 267.
c [Incremental] Label 267 is removed from searching.
c [Incremental] Solving for max label = 266:
c [Incremental] Solving duration: 565 ms.
s [Incremental] SAT (label = 266).
c [Incremental] Label assignment: 266 98 1 98 98 182 1 266 1 1 266 266 1 182 98 85 182 266 266 85 1 1 182 85 1 2 85 98 1 98 182 266 1 266 182 1 98 266 182 98 182 182 266 266 182 266 98 1 182 182 169 182 182 1 266 182 1 266 266 182 1 98 182 182 182 266 85 98 182 182 14 266 266 98 182 266 1 266 182 1 85 266 85 98 182 182 1 1 266 266 266 14 98 85 1 182 266 1 98 266 266 14 182 266 98 266 98 266 2 266 182 182 266 182 98 1 2 1 170 266 1 85 266 266 1 85 98 182 182 2 182 14 1 98 98 98 266 98 1 266 266 85 1 98 182 182 85 98 266 266 1 182 1 182 98 85 170 169 182 182 266 98 170 98 182 266 1 182 14 86 182 182 266 85 266 1 14 14 98 182 182 266 85 266 182 182 182 85 266 266 266 266 14 98 1 266 182 2 1 98 14 98 98 98 266 98 14 266 1 98 266 98 14 266 14 182 266 98 14 1 182 85 266 182 98 182 85 98 182 14 1 98 98 266 182 266 266 182 85 182 182 14 2 85 2 182 182 266 169 98 98 266 266 266 266 98 182 266 14 182 182 182 14 182 85 182 98 266 182 266 98 98 266 1 98 266 266 182 1 98 14 2 85 266 169 266 14 266 14 182 98 98 1 1 182 14 266 86 266 182 266 98 266 182 266 182 170 182 266 266 2 1 98 14 14 85 1 14 182 1 182 182 1 98 266 98 266 182 182 98 1 98 182 169 266 182 14 266 266 86 266 182 182 2 14 182 85 1 182 266 182 1 266 1 98 86 182 182 1 1 266 266 1 266 182 182 266 266 182 14 266 2 266 266 14 1 266 266 1 14 98 182 182 85 98 86 1 266 182 98 14 182 14 1 182 266 1 266 266 98 182 1 1 266 14 266 266 98 1 98 1 14 98 14 266 182 266 98 182 266 14 98 98 14 182 182 170 98 182 1 14 98 1 98 266 266 182 182 2 98 266 1 1 1 266 266 182 98 98 266 266 182 266 182 266 98 85 14 182 1 182 98 266 182 98 182 98 266 266 266 14 14 182 1 14 266 266 14 182 266 182 266 14 2 98 182 98 86 182 182 98 182 85 98 182 98 14 86 14 266 1 98 98 98 98 266 98 266 98 98 1 14 98 2 2 182 85 98 98 266 182 182 86 266 182 1 266 14 98 85 266 98 14 182 98 266 182 182 1 85 266 266 98 182 182 182 1 98 86 98 85 266 85 182 14 14 266 266 98 98 98 182 14 14 182 266 14 14 1 182 98 14 98 86 1 14 266 1 14 266 182 266 2 266 182 14 266 85 266 182 266 266 
c [Incremental] Max used label: 266.
c [Incremental] Label 266 is removed from searching.
c [Incremental] Solving for max label = 265:
c [Incremental] Solving duration: 563 ms.
s [Incremental] SAT (label = 265).
c [Incremental] Label assignment: 265 97 1 97 97 181 1 265 1 1 265 265 1 181 97 85 181 265 265 85 1 1 181 85 1 2 85 97 1 97 181 265 1 265 181 1 97 265 181 97 181 181 265 265 181 265 97 1 181 181 169 181 181 1 265 181 1 265 265 181 1 97 181 181 181 265 85 97 181 181 13 265 265 97 181 265 1 265 181 1 85 265 85 97 181 181 1 1 265 265 265 13 97 85 1 181 265 1 97 265 265 13 181 265 97 265 97 265 2 265 181 181 265 181 97 1 2 1 170 265 1 85 265 265 1 85 97 181 181 2 181 13 1 97 97 97 265 97 1 265 265 85 1 97 181 181 85 97 265 265 1 181 1 181 97 85 170 169 181 181 265 97 170 97 181 265 1 181 13 86 181 181 265 85 265 1 13 13 97 181 181 265 85 265 181 181 181 85 265 265 265 265 13 97 1 265 181 2 1 97 13 97 97 97 265 97 13 265 1 97 265 97 13 265 13 181 265 97 13 1 181 85 265 181 97 181 85 97 181 13 1 97 97 265 181 265 265 181 85 181 181 13 2 85 2 181 181 265 169 97 97 265 265 265 265 97 181 265 13 181 181 181 13 181 85 181 97 265 181 265 97 97 265 1 97 265 265 181 1 97 13 2 85 265 169 265 13 265 13 181 97 97 1 1 181 13 265 86 265 181 265 97 265 181 265 181 170 181 265 265 2 1 97 13 13 85 1 13 181 1 181 181 1 97 265 97 265 181 181 97 1 97 181 169 265 181 13 265 265 86 265 181 181 2 13 181 85 1 181 265 181 1 265 1 97 86 181 181 1 1 265 265 1 265 181 181 265 265 181 13 265 2 265 265 13 1 265 265 1 13 97 181 181 85 97 86 1 265 181 97 13 181 13 1 181 265 1 265 265 97 181 1 1 265 13 265 265 97 1 97 1 13 97 13 265 181 265 97 181 265 13 97 97 13 181 181 170 97 181 1 13 97 1 97 265 265 181 181 2 97 265 1 1 1 265 265 181 97 97 265 265 181 265 181 265 97 85 13 181 1 181 97 265 181 97 181 97 265 265 265 13 13 181 1 13 265 265 13 181 265 181 265 13 2 97 181 97 86 181 181 97 181 85 97 181 97 13 86 13 265 1 97 97 97 97 265 97 265 97 97 1 13 97 2 2 181 85 97 97 265 181 181 86 265 181 1 265 13 97 85 265 97 13 181 97 265 181 181 1 85 265 265 97 181 181 181 1 97 86 97 85 265 85 181 13 13 265 265 97 97 97 181 13 13 181 265 13 13 1 181 97 13 97 86 1 13 265 1 13 265 181 265 2 265 181 13 265 85 265 181 265 265 
c [Incremental] Max used label: 265.
c [Incremental] Label 265 is removed from searching.
c [Incremental] Solving for max label = 264:
c [Incremental] Solving duration: 547 ms.
s [Incremental] SAT (label = 264).
c [Incremental] Label assignment: 264 96 1 96 96 180 1 264 1 1 264 264 1 180 96 85 180 264 264 85 1 1 180 85 1 2 85 96 1 96 180 264 1 264 180 1 96 264 180 96 180 180 264 264 180 264 96 1 180 180 169 180 180 1 264 180 1 264 264 180 1 96 180 180 180 264 85 96 180 180 12 264 264 96 180 264 1 264 180 1 85 264 85 96 180 180 1 1 264 264 264 12 96 85 1 180 264 1 96 264 264 12 180 264 96 264 96 264 2 264 180 180 264 180 96 1 2 1 170 264 1 85 264 264 1 85 96 180 180 2 180 12 1 96 96 96 264 96 1 264 264 85 1 96 180 180 85 96 264 264 1 180 1 180 96 85 170 169 180 180 264 96 170 96 180 264 1 180 12 86 180 180 264 85 264 1 12 12 96 180 180 264 85 264 180 180 180 85 264 264 264 264 12 96 1 264 180 2 1 96 12 96 96 96 264 96 12 264 1 96 264 96 12 264 12 180 264 96 12 1 180 85 264 180 96 180 85 96 180 12 1 96 96 264 180 264 264 180 85 180 180 12 2 85 2 180 180 264 169 96 96 264 264 264 264 96 180 264 12 180 180 180 12 180 85 180 96 264 180 264 96 96 264 1 96 264 264 180 1 96 12 2 85 264 169 264 12 264 12 180 96 96 1 1 180 12 264 86 264 180 264 96 264 180 264 180 170 180 264 264 2 1 96 12 12 85 1 12 180 1 180 180 1 96 264 96 264 180 180 96 1 96 180 169 264 180 12 264 264 86 264 180 180 2 12 180 85 1 180 264 180 1 264 1 96 86 180 180 1 1 264 264 1 264 180 180 264 264 180 12 264 2 264 264 12 1 264 264 1 12 96 180 180 85 96 86 1 264 180 96 12 180 12 1 180 264 1 264 264 96 180 1 1 264 12 264 264 96 1 96 1 12 96 12 264 180 264 96 180 264 12 96 96 12 180 180 170 96 180 1 12 96 1 96 264 264 180 180 2 96 264 1 1 1 264 264 180 96 96 264 264 180 264 180 264 96 85 12 180 1 180 96 264 180 96 180 96 264 264 264 12 12 180 1 12 264 264 12 180 264 180 264 12 2 96 180 96 86 180 180 96 180 85 96 180 96 12 86 12 264 1 96 96 96 96 264 96 264 96 96 1 12 96 2 2 180 85 96 96 264 180 180 86 264 180 1 264 12 96 85 264 96 12 180 96 264 180 180 1 85 264 264 96 180 180 180 1 96 86 96 85 264 85 180 12 12 264 264 96 96 96 180 12 12 180 264 12 12 1 180 96 12 96 86 1 12 264 1 12 264 180 264 2 264 180 12 264 85 264 180 264 264 
c [Incremental] Max used label: 264.
c [Incremental] Label 264 is removed from searching.
c [Incremental] Solving for max label = 263:
c [Incremental] Solving duration: 554 ms.
s [Incremental] SAT (label = 263).
c [Incremental] Label assignment: 263 95 1 95 95 179 1 263 1 1 263 263 1 179 95 85 179 263 263 85 1 1 179 85 1 2 85 95 1 95 179 263 1 263 179 1 95 263 179 95 179 179 263 263 179 263 95 1 179 179 169 179 179 1 263 179 1 263 263 179 1 95 179 179 179 263 85 95 179 179 11 263 263 95 179 263 1 263 179 1 85 263 85 95 179 179 1 1 263 263 263 11 95 85 1 179 263 1 95 263 263 11 179 263 95 263 95 263 2 263 179 179 263 179 95 1 2 1 170 263 1 85 263 263 1 85 95 179 179 2 179 11 1 95 95 95 263 95 1 263 263 85 1 95 179 179 85 95 263 263 1 179 1 179 95 85 170 169 179 179 263 95 170 95 179 263 1 179 11 86 179 179 263 85 263 1 11 11 95 179 179 263 85 263 179 179 179 85 263 263 263 263 11 95 1 263 179 2 1 95 11 95 95 95 263 95 11 263 1 95 263 95 11 263 11 179 263 95 11 1 179 85 263 179 95 179 85 95 179 11 1 95 95 263 179 263 263 179 85 179 179 11 2 85 2 179 179 263 169 95 95 263 263 263 263 95 179 263 11 179 179 179 11 179 85 179 95 263 179 263 95 95 263 1 95 263 263 179 1 95 11 2 85 263 169 263 11 263 11 179 95 95 1 1 179 11 263 86 263 179 263 95 263 179 263 179 170 179 263 263 2 1 95 11 11 85 1 11 179 1 179 179 1 95 263 95 263 179 179 95 1 95 179 169 263 179 11 263 263 86 263 179 179 2 11 179 85 1 179 263 179 1 263 1 95 86 179 179 1 1 263 263 1 263 179 179 263 263 179 11 263 2 263 263 11 1 263 263 1 11 95 179 179 85 95 86 1 263 179 95 11 179 11 1 179 263 1 263 263 95 179 1 1 263 11 263 263 95 1 95 1 11 95 11 263 179 263 95 179 263 11 95 95 11 179 179 170 95 179 1 11 95 1 95 263 263 179 179 2 95 263 1 1 1 263 263 179 95 95 263 263 179 263 179 263 95 85 11 179 1 179 95 263 179 95 179 95 263 263 263 11 11 179 1 11 263 263 11 179 263 179 263 11 2 95 179 95 86 179 179 95 179 85 95 179 95 11 86 11 263 1 95 95 95 95 263 95 263 95 95 1 11 95 2 2 179 85 95 95 263 179 179 86 263 179 1 263 11 95 85 263 95 11 179 95 263 179 179 1 85 263 263 95 179 179 179 1 95 86 95 85 263 85 179 11 11 263 263 95 95 95 179 11 11 179 263 11 11 1 179 95 11 95 86 1 11 263 1 11 263 179 263 2 263 179 11 263 85 263 179 263 263 
c [Incremental] Max used label: 263.
c [Incremental] Label 263 is removed from searching.
c [Incremental] Solving for max label = 262:
c [Incremental] Solving duration: 555 ms.
s [Incremental] SAT (label = 262).
c [Incremental] Label assignment: 262 94 1 94 94 178 1 262 1 1 262 262 1 178 94 85 178 262 262 85 1 1 178 85 1 2 85 94 1 94 178 262 1 262 178 1 94 262 178 94 178 178 262 262 178 262 94 1 178 178 169 178 178 1 262 178 1 262 262 178 1 94 178 178 178 262 85 94 178 178 10 262 262 94 178 262 1 262 178 1 85 262 85 94 178 178 1 1 262 262 262 10 94 85 1 178 262 1 94 262 262 10 178 262 94 262 94 262 2 262 178 178 262 178 94 1 2 1 170 262 1 85 262 262 1 85 94 178 178 2 178 10 1 94 94 94 262 94 1 262 262 85 1 94 178 178 85 94 262 262 1 178 1 178 94 85 170 169 178 178 262 94 170 94 178 262 1 178 10 86 178 178 262 85 262 1 10 10 94 178 178 262 85 262 178 178 178 85 262 262 262 262 10 94 1 262 178 2 1 94 10 94 94 94 262 94 10 262 1 94 262 94 10 262 10 178 262 94 10 1 178 85 262 178 94 178 85 94 178 10 1 94 94 262 178 262 262 178 85 178 178 10 2 85 2 178 178 262 169 94 94 262 262 262 262 94 178 262 10 178 178 178 10 178 85 178 94 262 178 262 94 94 262 1 94 262 262 178 1 94 10 2 85 262 169 262 10 262 10 178 94 94 1 1 178 10 262 86 262 178 262 94 262 178 262 178 170 178 262 262 2 1 94 10 10 85 1 10 178 1 178 178 1 94 262 94 262 178 178 94 1 94 178 169 262 178 10 262 262 86 262 178 178 2 10 178 85 1 178 262 178 1 262 1 94 86 178 178 1 1 262 262 1 262 178 178 262 262 178 10 262 2 262 262 10 1 262 262 1 10 94 178 178 85 94 86 1 262 178 94 10 178 10 1 178 262 1 262 262 94 178 1 1 262 10 262 262 94 1 94 1 10 94 10 262 178 262 94 178 262 10 94 94 10 178 178 170 94 178 1 10 94 1 94 262 262 178 178 2 94 262 1 1 1 262 262 178 94 94 262 262 178 262 178 262 94 85 10 178 1 178 94 262 178 94 178 94 262 262 262 10 10 178 1 10 262 262 10 178 262 178 262 10 2 94 178 94 86 178 178 94 178 85 94 178 94 10 86 10 262 1 94 94 94 94 262 94 262 94 94 1 10 94 2 2 178 85 94 94 262 178 178 86 262 178 1 262 10 94 85 262 94 10 178 94 262 178 178 1 85 262 262 94 178 178 178 1 94 86 94 85 262 85 178 10 10 262 262 94 94 94 178 10 10 178 262 10 10 1 178 94 10 94 86 1 10 262 1 10 262 178 262 2 262 178 10 262 85 262 178 262 262 
c [Incremental] Max used label: 262.
c [Incremental] Label 262 is removed from searching.
c [Incremental] Solving for max label = 261:
c [Incremental] Solving duration: 549 ms.
s [Incremental] SAT (label = 261).
c [Incremental] Label assignment: 261 93 1 93 93 177 1 261 1 1 261 261 1 177 93 85 177 261 261 85 1 1 177 85 1 2 85 93 1 93 177 261 1 261 177 1 93 261 177 93 177 177 261 261 177 261 93 1 177 177 169 177 177 1 261 177 1 261 261 177 1 93 177 177 177 261 85 93 177 177 9 261 261 93 177 261 1 261 177 1 85 261 85 93 177 177 1 1 261 261 261 9 93 85 1 177 261 1 93 261 261 9 177 261 93 261 93 261 2 261 177 177 261 177 93 1 2 1 170 261 1 85 261 261 1 85 93 177 177 2 177 9 1 93 93 93 261 93 1 261 261 85 1 93 177 177 85 93 261 261 1 177 1 177 93 85 170 169 177 177 261 93 170 93 177 261 1 177 9 86 177 177 261 85 261 1 9 9 93 177 177 261 85 261 177 177 177 85 261 261 261 261 9 93 1 261 177 2 1 93 9 93 93 93 261 93 9 261 1 93 261 93 9 261 9 177 261 93 9 1 177 85 261 177 93 177 85 93 177 9 1 93 93 261 177 261 261 177 85 177 177 9 2 85 2 177 177 261 169 93 93 261 261 261 261 93 177 261 9 177 177 177 9 177 85 177 93 261 177 261 93 93 261 1 93 261 261 177 1 93 9 2 85 261 169 261 9 261 9 177 93 93 1 1 177 9 261 86 261 177 261 93 261 177 261 177 170 177 261 261 2 1 93 9 9 85 1 9 177 1 177 177 1 93 261 93 261 177 177 93 1 93 177 169 261 177 9 261 261 86 261 177 177 2 9 177 85 1 177 261 177 1 261 1 93 86 177 177 1 1 261 261 1 261 177 177 261 261 177 9 261 2 261 261 9 1 261 261 1 9 93 177 177 85 93 86 1 261 177 93 9 177 9 1 177 261 1 261 261 93 177 1 1 261 9 261 261 93 1 93 1 9 93 9 261 177 261 93 177 261 9 93 93 9 177 177 170 93 177 1 9 93 1 93 261 261 177 177 2 93 261 1 1 1 261 261 177 93 93 261 261 177 261 177 261 93 85 9 177 1 177 93 261 177 93 177 93 261 261 261 9 9 177 1 9 261 261 9 177 261 177 261 9 2 93 177 93 86 177 177 93 177 85 93 177 93 9 86 9 261 1 93 93 93 93 261 93 261 93 93 1 9 93 2 2 177 85 93 93 261 177 177 86 261 177 1 261 9 93 85 261 93 9 177 93 261 177 177 1 85 261 261 93 177 177 177 1 93 86 93 85 261 85 177 9 9 261 261 93 93 93 177 9 9 177 261 9 9 1 177 93 9 93 86 1 9 261 1 9 261 177 261 2 261 177 9 261 85 261 177 261 261 
c [Incremental] Max used label: 261.
c [Incremental] Label 261 is removed from searching.
c [Incremental] Solving for max label = 260:
c [Incremental] Solving duration: 558 ms.
s [Incremental] SAT (label = 260).
c [Incremental] Label assignment: 260 92 1 92 92 176 1 260 1 1 260 260 1 176 92 85 176 260 260 85 1 1 176 85 1 2 85 92 1 92 176 260 1 260 176 1 92 260 176 92 176 176 260 260 176 260 92 1 176 176 169 176 176 1 260 176 1 260 260 176 1 92 176 176 176 260 85 92 176 176 8 260 260 92 176 260 1 260 176 1 85 260 85 92 176 176 1 1 260 260 260 8 92 85 1 176 260 1 92 260 260 8 176 260 92 260 92 260 2 260 176 176 260 176 92 1 2 1 170 260 1 85 260 260 1 85 92 176 176 2 176 8 1 92 92 92 260 92 1 260 260 85 1 92 176 176 85 92 260 260 1 176 1 176 92 85 170 169 176 176 260 92 170 92 176 260 1 176 8 86 176 176 260 85 260 1 8 8 92 176 176 260 85 260 176 176 176 85 260 260 260 260 8 92 1 260 176 2 1 92 8 92 92 92 260 92 8 260 1 92 260 92 8 260 8 176 260 92 8 1 176 85 260 176 92 176 85 92 176 8 1 92 92 260 176 260 260 176 85 176 176 8 2 85 2 176 176 260 169 92 92 260 260 260 260 92 176 260 8 176 176 176 8 176 85 176 92 260 176 260 92 92 260 1 92 260 260 176 1 92 8 2 85 260 169 260 8 260 8 176 92 92 1 1 176 8 260 86 260 176 260 92 260 176 260 176 170 176 260 260 2 1 92 8 8 85 1 8 176 1 176 176 1 92 260 92 260 176 176 92 1 92 176 169 260 176 8 260 260 86 260 176 176 2 8 176 85 1 176 260 176 1 260 1 92 86 176 176 1 1 260 260 1 260 176 176 260 260 176 8 260 2 260 260 8 1 260 260 1 8 92 176 176 85 92 86 1 260 176 92 8 176 8 1 176 260 1 260 260 92 176 1 1 260 8 260 260 92 1 92 1 8 92 8 260 176 260 92 176 260 8 92 92 8 176 176 170 92 176 1 8 92 1 92 260 260 176 176 2 92 260 1 1 1 260 260 176 92 92 260 260 176 260 176 260 92 85 8 176 1 176 92 260 176 92 176 92 260 260 260 8 8 176 1 8 260 260 8 176 260 176 260 8 2 92 176 92 86 176 176 92 176 85 92 176 92 8 86 8 260 1 92 92 92 92 260 92 260 92 92 1 8 92 2 2 176 85 92 92 260 176 176 86 260 176 1 260 8 92 85 260 92 8 176 92 260 176 176 1 85 260 260 92 176 176 176 1 92 86 92 85 260 85 176 8 8 260 260 92 92 92 176 8 8 176 260 8 8 1 176 92 8 92 86 1 8 260 1 8 260 176 260 2 260 176 8 260 85 260 176 260 260 
c [Incremental] Max used label: 260.
c [Incremental] Label 260 is removed from searching.
c [Incremental] Solving for max label = 259:
c [Incremental] Solving duration: 543 ms.
s [Incremental] SAT (label = 259).
c [Incremental] Label assignment: 259 91 1 91 91 175 1 259 1 1 259 259 1 175 91 85 175 259 259 85 1 1 175 85 1 2 85 91 1 91 175 259 1 259 175 1 91 259 175 91 175 175 259 259 175 259 91 1 175 175 169 175 175 1 259 175 1 259 259 175 1 91 175 175 175 259 85 91 175 175 7 259 259 91 175 259 1 259 175 1 85 259 85 91 175 175 1 1 259 259 259 7 91 85 1 175 259 1 91 259 259 7 175 259 91 259 91 259 2 259 175 175 259 175 91 1 2 1 170 259 1 85 259 259 1 85 91 175 175 2 175 7 1 91 91 91 259 91 1 259 259 85 1 91 175 175 85 91 259 259 1 175 1 175 91 85 170 169 175 175 259 91 170 91 175 259 1 175 7 86 175 175 259 85 259 1 7 7 91 175 175 259 85 259 175 175 175 85 259 259 259 259 7 91 1 259 175 2 1 91 7 91 91 91 259 91 7 259 1 91 259 91 7 259 7 175 259 91 7 1 175 85 259 175 91 175 85 91 175 7 1 91 91 259 175 259 259 175 85 175 175 7 2 85 2 175 175 259 169 91 91 259 259 259 259 91 175 259 7 175 175 175 7 175 85 175 91 259 175 259 91 91 259 1 91 259 259 175 1 91 7 2 85 259 169 259 7 259 7 175 91 91 1 1 175 7 259 86 259 175 259 91 259 175 259 175 170 175 259 259 2 1 91 7 7 85 1 7 175 1 175 175 1 91 259 91 259 175 175 91 1 91 175 169 259 175 7 259 259 86 259 175 175 2 7 175 85 1 175 259 175 1 259 1 91 86 175 175 1 1 259 259 1 259 175 175 259 259 175 7 259 2 259 259 7 1 259 259 1 7 91 175 175 85 91 86 1 259 175 91 7 175 7 1 175 259 1 259 259 91 175 1 1 259 7 259 259 91 1 91 1 7 91 7 259 175 259 91 175 259 7 91 91 7 175 175 170 91 175 1 7 91 1 91 259 259 175 175 2 91 259 1 1 1 259 259 175 91 91 259 259 175 259 175 259 91 85 7 175 1 175 91 259 175 91 175 91 259 259 259 7 7 175 1 7 259 259 7 175 259 175 259 7 2 91 175 91 86 175 175 91 175 85 91 175 91 7 86 7 259 1 91 91 91 91 259 91 259 91 91 1 7 91 2 2 175 85 91 91 259 175 175 86 259 175 1 259 7 91 85 259 91 7 175 91 259 175 175 1 85 259 259 91 175 175 175 1 91 86 91 85 259 85 175 7 7 259 259 91 91 91 175 7 7 175 259 7 7 1 175 91 7 91 86 1 7 259 1 7 259 175 259 2 259 175 7 259 85 259 175 259 259 
c [Incremental] Max used label: 259.
c [Incremental] Label 259 is removed from searching.
c [Incremental] Solving for max label = 258:
c [Incremental] Solving duration: 551 ms.
s [Incremental] SAT (label = 258).
c [Incremental] Label assignment: 258 90 1 90 90 174 1 258 1 1 258 258 1 174 90 85 174 258 258 85 1 1 174 85 1 2 85 90 1 90 174 258 1 258 174 1 90 258 174 90 174 174 258 258 174 258 90 1 174 174 169 174 174 1 258 174 1 258 258 174 1 90 174 174 174 258 85 90 174 174 6 258 258 90 174 258 1 258 174 1 85 258 85 90 174 174 1 1 258 258 258 6 90 85 1 174 258 1 90 258 258 6 174 258 90 258 90 258 2 258 174 174 258 174 90 1 2 1 170 258 1 85 258 258 1 85 90 174 174 2 174 6 1 90 90 90 258 90 1 258 258 85 1 90 174 174 85 90 258 258 1 174 1 174 90 85 170 169 174 174 258 90 170 90 174 258 1 174 6 86 174 174 258 85 258 1 6 6 90 174 174 258 85 258 174 174 174 85 258 258 258 258 6 90 1 258 174 2 1 90 6 90 90 90 258 90 6 258 1 90 258 90 6 258 6 174 258 90 6 1 174 85 258 174 90 174 85 90 174 6 1 90 90 258 174 258 258 174 85 174 174 6 2 85 2 174 174 258 169 90 90 258 258 258 258 90 174 258 6 174 174 174 6 174 85 174 90 258 174 258 90 90 258 1 90 258 258 174 1 90 6 2 85 258 169 258 6 258 6 174 90 90 1 1 174 6 258 86 258 174 258 90 258 174 258 174 170 174 258 258 2 1 90 6 6 85 1 6 174 1 174 174 1 90 258 90 258 174 174 90 1 90 174 169 258 174 6 258 258 86 258 174 174 2 6 174 85 1 174 258 174 1 258 1 90 86 174 174 1 1 258 258 1 258 174 174 258 258 174 6 258 2 258 258 6 1 258 258 1 6 90 174 174 85 90 86 1 258 174 90 6 174 6 1 174 258 1 258 258 90 174 1 1 258 6 258 258 90 1 90 1 6 90 6 258 174 258 90 174 258 6 90 90 6 174 174 170 90 174 1 6 90 1 90 258 258 174 174 2 90 258 1 1 1 258 258 174 90 90 258 258 174 258 174 258 90 85 6 174 1 174 90 258 174 90 174 90 258 258 258 6 6 174 1 6 258 258 6 174 258 174 258 6 2 90 174 90 86 174 174 90 174 85 90 174 90 6 86 6 258 1 90 90 90 90 258 90 258 90 90 1 6 90 2 2 174 85 90 90 258 174 174 86 258 174 1 258 6 90 85 258 90 6 174 90 258 174 174 1 85 258 258 90 174 174 174 1 90 86 90 85 258 85 174 6 6 258 258 90 90 90 174 6 6 174 258 6 6 1 174 90 6 90 86 1 6 258 1 6 258 174 258 2 258 174 6 258 85 258 174 258 258 
c [Incremental] Max used label: 258.
c [Incremental] Label 258 is removed from searching.
c [Incremental] Solving for max label = 257:
c [Incremental] Solving duration: 547 ms.
s [Incremental] SAT (label = 257).
c [Incremental] Label assignment: 257 89 1 89 89 173 1 257 1 1 257 257 1 173 89 85 173 257 257 85 1 1 173 85 1 2 85 89 1 89 173 257 1 257 173 1 89 257 173 89 173 173 257 257 173 257 89 1 173 173 169 173 173 1 257 173 1 257 257 173 1 89 173 173 173 257 85 89 173 173 5 257 257 89 173 257 1 257 173 1 85 257 85 89 173 173 1 1 257 257 257 5 89 85 1 173 257 1 89 257 257 5 173 257 89 257 89 257 2 257 173 173 257 173 89 1 2 1 170 257 1 85 257 257 1 85 89 173 173 2 173 5 1 89 89 89 257 89 1 257 257 85 1 89 173 173 85 89 257 257 1 173 1 173 89 85 170 169 173 173 257 89 170 89 173 257 1 173 5 86 173 173 257 85 257 1 5 5 89 173 173 257 85 257 173 173 173 85 257 257 257 257 5 89 1 257 173 2 1 89 5 89 89 89 257 89 5 257 1 89 257 89 5 257 5 173 257 89 5 1 173 85 257 173 89 173 85 89 173 5 1 89 89 257 173 257 257 173 85 173 173 5 2 85 2 173 173 257 169 89 89 257 257 257 257 89 173 257 5 173 173 173 5 173 85 173 89 257 173 257 89 89 257 1 89 257 257 173 1 89 5 2 85 257 169 257 5 257 5 173 89 89 1 1 173 5 257 86 257 173 257 89 257 173 257 173 170 173 257 257 2 1 89 5 5 85 1 5 173 1 173 173 1 89 257 89 257 173 173 89 1 89 173 169 257 173 5 257 257 86 257 173 173 2 5 173 85 1 173 257 173 1 257 1 89 86 173 173 1 1 257 257 1 257 173 173 257 257 173 5 257 2 257 257 5 1 257 257 1 5 89 173 173 85 89 86 1 257 173 89 5 173 5 1 173 257 1 257 257 89 173 1 1 257 5 257 257 89 1 89 1 5 89 5 257 173 257 89 173 257 5 89 89 5 173 173 170 89 173 1 5 89 1 89 257 257 173 173 2 89 257 1 1 1 257 257 173 89 89 257 257 173 257 173 257 89 85 5 173 1 173 89 257 173 89 173 89 257 257 257 5 5 173 1 5 257 257 5 173 257 173 257 5 2 89 173 89 86 173 173 89 173 85 89 173 89 5 86 5 257 1 89 89 89 89 257 89 257 89 89 1 5 89 2 2 173 85 89 89 257 173 173 86 257 173 1 257 5 89 85 257 89 5 173 89 257 173 173 1 85 257 257 89 173 173 173 1 89 86 89 85 257 85 173 5 5 257 257 89 89 89 173 5 5 173 257 5 5 1 173 89 5 89 86 1 5 257 1 5 257 173 257 2 257 173 5 257 85 257 173 257 257 
c [Incremental] Max used label: 257.
c [Incremental] Label 257 is removed from searching.
c [Incremental] Solving for max label = 256:
c [Incremental] Solving duration: 541 ms.
s [Incremental] SAT (label = 256).
c [Incremental] Label assignment: 256 88 1 88 88 172 1 256 1 1 256 256 1 172 88 85 172 256 256 85 1 1 172 85 1 2 85 88 1 88 172 256 1 256 172 1 88 256 172 88 172 172 256 256 172 256 88 1 172 172 169 172 172 1 256 172 1 256 256 172 1 88 172 172 172 256 85 88 172 172 4 256 256 88 172 256 1 256 172 1 85 256 85 88 172 172 1 1 256 256 256 4 88 85 1 172 256 1 88 256 256 4 172 256 88 256 88 256 2 256 172 172 256 172 88 1 2 1 170 256 1 85 256 256 1 85 88 172 172 2 172 4 1 88 88 88 256 88 1 256 256 85 1 88 172 172 85 88 256 256 1 172 1 172 88 85 170 169 172 172 256 88 170 88 172 256 1 172 4 86 172 172 256 85 256 1 4 4 88 172 172 256 85 256 172 172 172 85 256 256 256 256 4 88 1 256 172 2 1 88 4 88 88 88 256 88 4 256 1 88 256 88 4 256 4 172 256 88 4 1 172 85 256 172 88 172 85 88 172 4 1 88 88 256 172 256 256 172 85 172 172 4 2 85 2 172 172 256 169 88 88 256 256 256 256 88 172 256 4 172 172 172 4 172 85 172 88 256 172 256 88 88 256 1 88 256 256 172 1 88 4 2 85 256 169 256 4 256 4 172 88 88 1 1 172 4 256 86 256 172 256 88 256 172 256 172 170 172 256 256 2 1 88 4 4 85 1 4 172 1 172 172 1 88 256 88 256 172 172 88 1 88 172 169 256 172 4 256 256 86 256 172 172 2 4 172 85 1 172 256 172 1 256 1 88 86 172 172 1 1 256 256 1 256 172 172 256 256 172 4 256 2 256 256 4 1 256 256 1 4 88 172 172 85 88 86 1 256 172 88 4 172 4 1 172 256 1 256 256 88 172 1 1 256 4 256 256 88 1 88 1 4 88 4 256 172 256 88 172 256 4 88 88 4 172 172 170 88 172 1 4 88 1 88 256 256 172 172 2 88 256 1 1 1 256 256 172 88 88 256 256 172 256 172 256 88 85 4 172 1 172 88 256 172 88 172 88 256 256 256 4 4 172 1 4 256 256 4 172 256 172 256 4 2 88 172 88 86 172 172 88 172 85 88 172 88 4 86 4 256 1 88 88 88 88 256 88 256 88 88 1 4 88 2 2 172 85 88 88 256 172 172 86 256 172 1 256 4 88 85 256 88 4 172 88 256 172 172 1 85 256 256 88 172 172 172 1 88 86 88 85 256 85 172 4 4 256 256 88 88 88 172 4 4 172 256 4 4 1 172 88 4 88 86 1 4 256 1 4 256 172 256 2 256 172 4 256 85 256 172 256 256 
c [Incremental] Max used label: 256.
c [Incremental] Label 256 is removed from searching.
c [Incremental] Solving for max label = 255:
c [Incremental] Solving duration: 553 ms.
s [Incremental] SAT (label = 255).
c [Incremental] Label assignment: 255 87 1 87 87 171 1 255 1 1 255 255 1 171 87 85 171 255 255 85 1 1 171 85 1 2 85 87 1 87 171 255 1 255 171 1 87 255 171 87 171 171 255 255 171 255 87 1 171 171 169 171 171 1 255 171 1 255 255 171 1 87 171 171 171 255 85 87 171 171 3 255 255 87 171 255 1 255 171 1 85 255 85 87 171 171 1 1 255 255 255 3 87 85 1 171 255 1 87 255 255 3 171 255 87 255 87 255 2 255 171 171 255 171 87 1 2 1 170 255 1 85 255 255 1 85 87 171 171 2 171 3 1 87 87 87 255 87 1 255 255 85 1 87 171 171 85 87 255 255 1 171 1 171 87 85 170 169 171 171 255 87 170 87 171 255 1 171 3 86 171 171 255 85 255 1 3 3 87 171 171 255 85 255 171 171 171 85 255 255 255 255 3 87 1 255 171 2 1 87 3 87 87 87 255 87 3 255 1 87 255 87 3 255 3 171 255 87 3 1 171 85 255 171 87 171 85 87 171 3 1 87 87 255 171 255 255 171 85 171 171 3 2 85 2 171 171 255 169 87 87 255 255 255 255 87 171 255 3 171 171 171 3 171 85 171 87 255 171 255 87 87 255 1 87 255 255 171 1 87 3 2 85 255 169 255 3 255 3 171 87 87 1 1 171 3 255 86 255 171 255 87 255 171 255 171 170 171 255 255 2 1 87 3 3 85 1 3 171 1 171 171 1 87 255 87 255 171 171 87 1 87 171 169 255 171 3 255 255 86 255 171 171 2 3 171 85 1 171 255 171 1 255 1 87 86 171 171 1 1 255 255 1 255 171 171 255 255 171 3 255 2 255 255 3 1 255 255 1 3 87 171 171 85 87 86 1 255 171 87 3 171 3 1 171 255 1 255 255 87 171 1 1 255 3 255 255 87 1 87 1 3 87 3 255 171 255 87 171 255 3 87 87 3 171 171 170 87 171 1 3 87 1 87 255 255 171 171 2 87 255 1 1 1 255 255 171 87 87 255 255 171 255 171 255 87 85 3 171 1 171 87 255 171 87 171 87 255 255 255 3 3 171 1 3 255 255 3 171 255 171 255 3 2 87 171 87 86 171 171 87 171 85 87 171 87 3 86 3 255 1 87 87 87 87 255 87 255 87 87 1 3 87 2 2 171 85 87 87 255 171 171 86 255 171 1 255 3 87 85 255 87 3 171 87 255 171 171 1 85 255 255 87 171 171 171 1 87 86 87 85 255 85 171 3 3 255 255 87 87 87 171 3 3 171 255 3 3 1 171 87 3 87 86 1 3 255 1 3 255 171 255 2 255 171 3 255 85 255 171 255 255 
c [Incremental] Max used label: 255.
c [Incremental] Label 255 is removed from searching.
c [Incremental] Solving for max label = 254:
c [Incremental] Solving duration: 529 ms.
s [Incremental] SAT (label = 254).
c [Incremental] Label assignment: 254 86 1 86 86 170 1 254 1 1 254 254 1 170 86 85 170 254 254 85 1 1 170 85 1 2 85 86 1 86 170 254 1 254 170 1 86 254 170 86 170 170 254 254 170 254 86 1 170 170 169 170 170 1 254 170 1 254 254 170 1 86 170 170 170 254 85 86 170 170 2 254 254 86 170 254 1 254 170 1 85 254 85 86 170 170 1 1 254 254 254 2 86 85 1 170 254 1 86 254 254 2 170 254 86 254 86 254 2 254 170 170 254 170 86 1 2 1 170 254 1 85 254 254 1 85 86 170 170 2 170 2 1 86 86 86 254 86 1 254 254 85 1 86 170 170 85 86 254 254 1 170 1 170 86 85 170 169 170 170 254 86 170 86 170 254 1 170 2 86 170 170 254 85 254 1 2 2 86 170 170 254 85 254 170 170 170 85 254 254 254 254 2 86 1 254 170 2 1 86 2 86 86 86 254 86 2 254 1 86 254 86 2 254 2 170 254 86 2 1 170 85 254 170 86 170 85 86 170 2 1 86 86 254 170 254 254 170 85 170 170 2 2 85 2 170 170 254 169 86 86 254 254 254 254 86 170 254 2 170 170 170 2 170 85 170 86 254 170 254 86 86 254 1 86 254 254 170 1 86 2 2 85 254 169 254 2 254 2 170 86 86 1 1 170 2 254 86 254 170 254 86 254 170 254 170 170 170 254 254 2 1 86 2 2 85 1 2 170 1 170 170 1 86 254 86 254 170 170 86 1 86 170 169 254 170 2 254 254 86 254 170 170 2 2 170 85 1 170 254 170 1 254 1 86 86 170 170 1 1 254 254 1 254 170 170 254 254 170 2 254 2 254 254 2 1 254 254 1 2 86 170 170 85 86 86 1 254 170 86 2 170 2 1 170 254 1 254 254 86 170 1 1 254 2 254 254 86 1 86 1 2 86 2 254 170 254 86 170 254 2 86 86 2 170 170 170 86 170 1 2 86 1 86 254 254 170 170 2 86 254 1 1 1 254 254 170 86 86 254 254 170 254 170 254 86 85 2 170 1 170 86 254 170 86 170 86 254 254 254 2 2 170 1 2 254 254 2 170 254 170 254 2 2 86 170 86 86 170 170 86 170 85 86 170 86 2 86 2 254 1 86 86 86 86 254 86 254 86 86 1 2 86 2 2 170 85 86 86 254 170 170 86 254 170 1 254 2 86 85 254 86 2 170 86 254 170 170 1 85 254 254 86 170 170 170 1 86 86 86 85 254 85 170 2 2 254 254 86 86 86 170 2 2 170 254 2 2 1 170 86 2 86 86 1 2 254 1 2 254 170 254 2 254 170 2 254 85 254 170 254 254 
c [Incremental] Max used label: 254.
c [Incremental] Label 254 is removed from searching.
c [Incremental] Solving for max label = 253:
c [Incremental] Solving duration: 506 ms.
s [Incremental] SAT (label = 253).
c [Incremental] Label assignment: 253 85 1 85 85 169 1 253 1 1 253 253 1 169 85 85 169 253 253 85 1 1 169 85 1 1 85 85 1 85 169 253 1 253 169 1 85 253 169 85 169 169 253 253 169 253 85 1 169 169 169 169 169 1 253 169 1 253 253 169 1 85 169 169 169 253 85 85 169 169 1 253 253 85 169 253 1 253 169 1 85 253 85 85 169 169 1 1 253 253 253 1 85 85 1 169 253 1 85 253 253 1 169 253 85 253 85 253 1 253 169 169 253 169 85 1 1 1 169 253 1 85 253 253 1 85 85 169 169 1 169 1 1 85 85 85 253 85 1 253 253 85 1 85 169 169 85 85 253 253 1 169 1 169 85 85 169 169 169 169 253 85 169 85 169 253 1 169 1 85 169 169 253 85 253 1 1 1 85 169 169 253 85 253 169 169 169 85 253 253 253 253 1 85 1 253 169 1 1 85 1 85 85 85 253 85 1 253 1 85 253 85 1 253 1 169 253 85 1 1 169 85 253 169 85 169 85 85 169 1 1 85 85 253 169 253 253 169 85 169 169 1 1 85 1 169 169 253 169 85 85 253 253 253 253 85 169 253 1 169 169 169 1 169 85 169 85 253 169 253 85 85 253 1 85 253 253 169 1 85 1 1 85 253 169 253 1 253 1 169 85 85 1 1 169 1 253 85 253 169 253 85 253 169 253 169 169 169 253 253 1 1 85 1 1 85 1 1 169 1 169 169 1 85 253 85 253 169 169 85 1 85 169 169 253 169 1 253 253 85 253 169 169 1 1 169 85 1 169 253 169 1 253 1 85 85 169 169 1 1 253 253 1 253 169 169 253 253 169 1 253 1 253 253 1 1 253 253 1 1 85 169 169 85 85 85 1 253 169 85 1 169 1 1 169 253 1 253 253 85 169 1 1 253 1 253 253 85 1 85 1 1 85 1 253 169 253 85 169 253 1 85 85 1 169 169 169 85 169 1 1 85 1 85 253 253 169 169 1 85 253 1 1 1 253 253 169 85 85 253 253 169 253 169 253 85 85 1 169 1 169 85 253 169 85 169 85 253 253 253 1 1 169 1 1 253 253 1 169 253 169 253 1 1 85 169 85 85 169 169 85 169 85 85 169 85 1 85 1 253 1 85 85 85 85 253 85 253 85 85 1 1 85 1 1 169 85 85 85 253 169 169 85 253 169 1 253 1 85 85 253 85 1 169 85 253 169 169 1 85 253 253 85 169 169 169 1 85 85 85 85 253 85 169 1 1 253 253 85 85 85 169 1 1 169 253 1 1 1 169 85 1 85 85 1 1 253 1 1 253 169 253 1 253 169 1 253 85 253 169 253 253 
c [Incremental] Max used label: 253.
c [Incremental] Label 253 is removed from searching.
c [Incremental] Solving for max label = 252:
c [Incremental] Solving duration: 223 ms.
s [Incremental] UNSAT (label = 252).
c [Signal] Signal interruption. Caught signal: SIGTERM (15).
c [Main] Work pid ends with result: 0.
r [Main] 
r [Main] Final results: 
r [Main] Total real time: 191749 ms.
r [Main] Total memory consumed: 1507.7 MB.
r [Main] 
