c [Version] Minimize Makespan Labeling Encoder version 1.0.0.
c [Param] LB is predefined as 59.
c [Param] UB is predefined as 357.
c [Param] Memory limit is set to 30000.
c [Param] Real time limit is set to 1800.
c [Main] Search strategy: Incremental from upper bound.
c [Main] Encoding and solving for graph: X-can__715.mtx.rnd.
c [Incremental] Minimize Makespan Labeling Antibandwidth problem (X-can__715.mtx.rnd):
c [Incremental] Encoding starts with target value = 58:
c [Incremental] Encoding duration: 4224ms.
c [Incremental] Number of clauses: 5610861.
c [Incremental] Number of variables: 706062.
c [Incremental] Solving for max label = 357:
c [Incremental] Solving duration: 472199 ms.
s [Incremental] SAT (label = 357).
Label assignment: 179 235 1 23 275 3 29 117 236 233 1 153 159 56 2 118 119 44 2 171 30 37 257 269 356 85 112 180 119 239 117 118 344 66 105 357 357 5 338 241 299 100 253 235 33 291 293 49 34 3 327 1 119 177 257 257 356 3 2 177 62 35 181 234 59 3 131 258 346 61 59 72 276 149 357 196 340 62 60 318 189 73 7 118 212 31 177 182 177 356 15 294 199 356 123 357 120 299 334 248 330 235 138 133 331 248 176 32 119 61 194 3 224 52 260 114 234 119 2 2 117 307 62 2 92 240 7 299 88 284 235 294 183 76 94 59 66 114 357 216 357 251 61 315 342 119 2 290 297 145 309 117 357 61 227 227 59 4 38 357 175 1 306 196 108 243 254 28 147 55 293 167 251 132 198 123 40 248 357 118 168 61 42 235 119 281 150 183 304 1 206 120 274 18 1 165 177 235 88 1 61 169 22 146 308 41 357 235 109 202 16 257 3 1 357 45 275 2 294 59 184 1 357 178 143 125 305 357 156 256 89 277 80 328 233 357 315 284 64 177 357 269 236 61 57 60 176 294 248 118 60 291 78 115 59 322 351 335 39 82 357 121 244 235 293 357 59 255 129 357 299 84 142 190 119 199 176 8 67 357 175 177 2 299 245 25 118 60 293 235 299 175 60 1 271 9 217 311 59 203 314 235 298 292 71 60 252 179 355 176 60 278 60 357 352 357 50 235 354 293 1 60 290 69 60 350 62 158 357 176 142 118 230 3 177 295 292 207 357 257 63 259 249 235 119 195 345 332 125 61 357 87 186 294 154 299 250 235 357 173 141 64 119 4 232 177 119 119 2 116 2 294 152 59 118 349 2 234 282 283 357 191 235 102 257 61 234 229 301 4 295 294 204 235 357 299 61 60 119 237 210 234 72 293 177 59 236 294 61 69 59 315 97 77 118 293 1 119 197 131 130 347 298 226 120 177 60 297 200 357 59 214 7 178 222 235 61 130 183 53 61 202 61 289 281 299 166 357 75 60 357 1 60 316 14 161 1 1 190 165 100 1 60 3 310 112 10 183 2 59 343 193 317 60 46 263 59 298 97 299 151 119 11 60 267 229 13 119 3 280 9 1 286 60 164 262 1 61 246 341 61 225 136 71 125 163 119 74 357 61 224 2 140 299 188 2 337 357 60 110 146 357 174 170 219 125 300 1 118 60 126 65 61 260 329 128 357 357 348 205 355 119 235 1 178 1 1 223 241 298 135 3 93 124 54 3 20 239 12 353 90 279 70 155 5 298 170 353 357 287 241 220 207 357 3 357 299 178 252 60 313 6 157 60 59 299 257 357 237 209 281 185 247 91 293 104 67 178 113 231 357 241 357 26 357 36 325 241 187 177 333 272 268 299 177 3 129 223 357 285 65 58 254 299 24 357 213 257 236 298 103 127 339 61 193 61 302 295 264 336 201 21 19 68 235 67 323 111 120 139 282 357 106 215 172 72 288 160 261 81 320 137 233 265 17 233 99 108 95 221 266 79 324 60 8 1 326 148 276 357 77 43 238 296 47 218 48 61 1 83 107 211 357 319 303 122 27 162 208 270 177 192 178 101 242 273 321 312 51 96 134 98 228 144 86 
c [Incremental] Max used label: 357.
c [Incremental] Label 357 is removed from searching.
c [Incremental] Solving for max label = 356:
c [Incremental] Solving duration: 34171 ms.
s [Incremental] SAT (label = 356).
Label assignment: 179 235 1 23 275 3 29 117 236 233 1 1 159 56 2 118 119 44 2 171 30 37 257 269 356 85 112 177 149 237 117 118 344 86 105 1 150 5 338 287 289 100 262 235 33 291 293 49 34 3 327 163 119 177 257 257 356 3 2 61 62 35 172 234 59 119 131 258 346 61 356 72 276 149 5 211 340 62 60 318 189 73 7 118 212 39 181 182 177 356 15 294 199 356 123 356 120 299 334 248 330 235 138 133 331 248 176 32 119 61 194 204 224 352 260 104 234 119 2 226 117 307 62 158 92 239 7 293 88 284 235 294 1 76 94 59 66 114 297 216 3 251 61 315 342 119 2 290 297 145 309 117 352 61 241 186 59 225 38 356 119 1 306 196 103 243 153 28 116 55 293 167 251 132 198 123 58 248 355 351 6 61 42 248 119 281 150 183 305 1 206 120 274 18 1 165 177 246 88 131 61 169 22 139 308 60 356 235 109 202 3 257 3 1 181 45 275 2 294 59 184 1 147 152 143 125 305 352 156 256 89 277 80 328 233 356 315 284 64 177 293 269 236 61 57 60 176 353 248 118 60 3 78 191 59 322 188 335 25 31 355 111 244 235 293 190 59 255 1 177 268 296 142 190 119 355 176 292 67 353 175 177 1 353 245 25 118 294 293 235 299 176 60 1 271 9 217 311 59 203 314 235 296 288 71 60 252 16 355 176 60 278 227 356 352 61 36 235 354 293 121 60 290 69 60 350 62 158 118 176 142 118 230 3 177 295 292 208 351 257 50 259 249 234 119 356 345 332 355 296 240 82 185 294 154 299 250 237 296 2 141 64 119 4 232 177 119 119 2 356 2 294 152 59 105 349 20 234 282 283 232 191 356 102 257 61 239 229 301 4 295 294 153 235 119 299 61 60 119 237 210 234 72 293 177 59 236 294 61 69 59 315 107 77 118 293 1 119 197 148 182 347 298 273 120 177 41 297 200 299 59 214 3 144 222 235 61 130 229 53 61 2 61 289 281 299 166 356 81 60 349 1 84 316 14 161 1 1 190 165 100 83 60 3 310 112 10 354 2 59 343 269 317 60 46 263 59 298 97 356 151 119 228 60 267 354 13 119 3 280 9 1 286 60 284 298 1 61 106 341 61 225 136 59 125 163 119 74 95 61 224 2 296 297 168 2 337 113 60 110 146 192 174 170 219 125 312 1 119 61 126 65 61 260 329 356 3 354 348 195 355 119 235 1 178 1 1 223 240 297 135 3 76 124 54 3 7 353 128 353 90 279 70 155 5 298 170 353 241 287 241 220 207 349 3 1 292 178 252 60 313 6 157 60 59 300 257 162 237 209 281 11 247 91 354 356 67 178 118 231 297 171 350 27 356 133 325 235 187 177 333 253 137 298 177 3 129 223 219 26 65 40 254 354 24 350 213 257 236 298 94 127 339 62 193 61 302 119 264 336 201 43 19 69 235 67 323 101 211 122 282 355 115 2 52 87 242 164 261 75 320 154 233 265 17 233 247 108 95 221 266 96 324 285 8 1 326 140 272 355 68 173 238 296 47 12 48 61 1 79 99 218 215 319 303 118 21 134 205 270 177 180 61 98 248 355 321 304 51 63 93 190 160 146 86 
c [Incremental] Max used label: 356.
c [Incremental] Label 356 is removed from searching.
c [Incremental] Solving for max label = 355:
c [Incremental] Solving duration: 1078 ms.
s [Incremental] SAT (label = 355).
Label assignment: 179 235 1 23 275 3 29 117 236 233 1 1 159 56 2 118 119 44 2 171 30 37 257 269 355 85 112 177 149 237 117 118 344 86 105 1 150 5 338 287 289 100 262 235 33 291 293 49 34 3 327 163 119 177 257 257 355 3 2 61 62 35 172 234 59 119 131 258 346 61 355 72 276 149 5 211 340 62 60 318 189 73 7 118 212 39 181 182 177 355 15 294 199 355 123 355 120 299 334 248 330 235 138 133 331 248 176 32 119 61 194 204 224 352 260 104 234 119 2 226 117 307 62 158 92 239 7 293 88 284 235 294 1 76 94 59 66 114 297 216 3 251 61 315 342 119 2 290 297 145 309 117 352 61 241 186 59 225 38 355 119 1 306 196 103 243 153 28 116 55 293 167 251 132 198 123 58 248 355 351 6 61 42 248 119 281 150 183 305 1 206 120 274 18 1 165 177 246 88 131 61 169 22 139 308 60 355 235 109 202 3 257 3 1 181 45 275 2 294 59 184 1 147 152 143 125 305 352 156 256 89 277 80 328 233 355 315 284 64 177 293 269 236 61 57 60 176 353 248 118 60 3 78 191 59 322 188 335 25 31 355 111 244 235 293 190 59 255 1 177 268 296 142 190 119 355 176 292 67 353 175 177 1 353 245 25 118 294 293 235 299 176 60 1 271 9 217 311 59 203 314 235 296 288 71 60 252 16 355 176 60 278 227 355 352 61 36 235 354 293 121 60 290 69 60 350 62 158 118 176 142 118 230 3 177 295 292 208 351 257 50 259 249 234 119 355 345 332 355 296 239 82 185 294 154 299 250 237 296 2 141 64 119 4 232 177 119 119 2 355 2 294 152 59 105 349 20 234 282 283 232 191 355 102 257 61 239 229 301 4 295 294 153 235 119 299 61 60 119 237 210 234 72 293 177 59 236 294 61 69 59 315 107 77 118 293 1 119 197 148 181 347 297 273 120 177 41 297 200 299 59 214 3 144 222 235 61 130 229 53 61 2 61 289 281 299 166 355 81 60 349 1 84 316 14 161 1 1 190 165 100 83 60 3 310 112 10 298 2 59 343 269 317 60 46 263 59 297 97 355 151 119 228 60 267 354 13 119 3 280 9 1 286 60 284 297 1 61 106 341 61 225 136 59 125 163 119 74 95 61 224 2 296 297 168 2 337 113 60 110 146 192 174 170 219 125 312 1 119 61 126 65 61 260 329 355 3 354 348 195 355 119 235 1 178 1 1 223 239 297 135 3 76 124 54 3 7 353 128 353 90 279 70 155 5 297 170 353 241 287 241 220 207 349 3 1 292 178 252 60 313 6 157 60 59 300 257 162 237 209 281 11 247 91 354 355 67 178 118 231 297 171 350 27 355 133 325 235 187 177 333 253 137 297 177 3 129 223 219 26 65 40 240 354 24 350 213 254 236 297 94 127 339 62 193 61 302 119 264 336 201 43 19 69 235 67 323 101 211 122 282 355 115 2 52 87 242 164 261 75 320 154 233 265 17 233 247 108 95 221 266 96 324 285 8 1 326 140 272 355 68 173 238 296 47 12 48 61 1 79 99 218 215 319 303 118 21 134 205 270 177 180 61 98 248 355 321 304 51 63 93 190 160 146 86 
c [Incremental] Max used label: 355.
c [Incremental] Label 355 is removed from searching.
c [Incremental] Solving for max label = 354:
c [Incremental] Solving duration: 1103 ms.
s [Incremental] SAT (label = 354).
Label assignment: 179 235 1 23 275 3 29 117 236 233 1 1 159 56 2 118 119 44 2 171 30 37 257 269 354 85 112 177 149 237 117 118 344 86 105 1 150 5 338 287 289 100 262 235 33 291 293 49 34 3 327 163 119 177 257 257 354 3 2 61 62 35 172 234 59 119 131 258 346 61 354 72 276 149 5 211 340 62 60 318 189 73 7 118 212 39 180 182 177 354 15 294 199 354 123 354 120 299 334 248 330 235 138 133 331 248 176 32 119 61 194 204 224 352 260 104 234 119 2 226 117 307 62 158 92 238 7 293 88 284 235 294 1 76 94 59 66 114 297 216 3 251 61 315 342 119 2 290 296 145 309 117 352 61 241 186 59 225 38 354 119 1 306 196 103 243 153 28 116 55 293 167 251 132 198 123 58 248 354 351 6 61 42 248 119 281 150 183 305 1 206 120 274 18 1 165 177 246 88 131 61 169 22 139 308 60 354 235 109 202 3 257 3 1 180 45 275 2 294 59 184 1 147 152 143 125 305 352 156 256 89 277 80 328 233 354 315 284 64 177 293 269 236 61 57 60 176 353 248 118 60 3 78 191 59 322 188 335 25 31 354 111 244 235 293 190 59 255 1 177 268 296 142 190 119 354 176 292 67 353 175 177 1 353 245 25 118 294 293 235 299 176 60 1 271 9 217 311 59 203 314 235 296 288 71 60 252 16 354 176 60 278 227 354 352 61 36 235 354 293 121 60 290 69 60 350 62 158 118 176 142 118 230 3 177 295 292 208 351 257 50 259 249 234 119 354 345 332 354 296 238 82 185 294 154 299 250 237 296 2 141 64 119 4 232 177 119 119 2 354 2 294 152 59 105 349 20 234 282 283 232 191 354 102 257 61 238 229 301 4 295 294 153 235 119 299 61 60 119 237 210 234 72 293 177 59 236 294 61 69 59 315 107 77 118 293 1 119 197 148 180 347 296 273 120 177 41 296 200 299 59 214 3 144 222 235 61 130 229 53 61 2 61 289 281 299 166 354 81 60 349 1 84 316 14 161 1 1 190 165 100 83 60 3 310 112 10 298 2 59 343 269 317 60 46 263 59 296 97 354 151 119 228 60 267 354 13 119 3 280 9 1 286 60 284 296 1 61 106 341 61 225 136 59 125 163 119 74 95 61 224 2 296 296 168 2 337 113 60 110 146 192 174 170 219 125 312 1 119 61 126 65 61 260 329 354 3 354 348 195 354 119 235 1 178 1 1 223 238 296 135 3 76 124 54 3 7 353 128 353 90 279 70 155 5 296 170 353 241 287 241 220 207 349 3 1 292 178 252 60 313 6 157 60 59 300 257 162 237 209 281 11 247 91 354 354 67 178 118 231 296 171 350 27 354 133 325 235 187 177 333 253 137 296 177 3 129 223 219 26 65 40 240 354 24 350 213 254 236 296 94 127 339 62 193 61 302 119 264 336 201 43 19 69 235 67 323 101 211 122 282 354 115 2 52 87 242 164 261 75 320 154 233 265 17 233 247 108 95 221 266 96 324 285 8 1 326 140 272 354 68 173 239 296 47 12 48 61 1 79 99 218 215 319 303 118 21 134 205 270 177 181 61 98 248 354 321 304 51 63 93 190 160 146 86 
c [Incremental] Max used label: 354.
c [Incremental] Label 354 is removed from searching.
c [Incremental] Solving for max label = 353:
c [Incremental] Solving duration: 1181 ms.
s [Incremental] SAT (label = 353).
Label assignment: 179 235 1 23 275 3 29 117 236 233 1 1 159 56 2 118 119 44 2 171 30 37 257 269 353 85 112 177 149 237 117 118 344 86 105 1 150 5 338 287 289 100 262 235 33 291 293 49 34 3 327 163 119 177 257 257 353 3 2 61 62 35 172 234 59 119 131 258 346 61 353 72 276 149 5 211 340 62 60 318 189 73 7 118 212 39 179 182 177 353 15 294 199 353 123 353 120 299 334 248 330 235 138 133 331 248 176 32 119 61 194 204 224 352 260 104 234 119 2 226 117 307 62 158 92 237 7 293 88 284 235 294 1 76 94 59 66 114 297 216 3 251 61 315 342 119 2 290 295 145 309 117 352 61 241 186 59 225 38 353 119 1 306 196 103 243 153 28 116 55 293 167 251 132 198 123 58 248 353 351 6 61 42 248 119 281 150 183 305 1 206 120 274 18 1 165 177 246 88 131 61 169 22 139 308 60 353 235 109 202 3 257 3 1 179 45 275 2 294 59 184 1 147 152 143 125 305 352 156 256 89 277 80 328 233 353 315 284 64 177 293 269 236 61 57 60 176 353 248 118 60 3 78 191 59 322 188 335 25 31 353 111 244 235 293 190 59 255 1 177 268 295 142 190 119 353 176 292 67 353 175 177 1 353 245 25 118 294 293 235 299 176 60 1 271 9 217 311 59 203 314 235 295 288 71 60 252 16 353 176 60 278 227 353 352 61 36 235 353 298 121 60 290 69 60 350 62 158 118 176 142 118 230 3 177 295 292 208 351 257 50 259 249 234 119 353 345 332 353 295 237 82 185 294 154 299 250 237 295 2 141 64 119 4 232 177 119 119 2 353 2 294 152 59 105 349 20 234 282 283 232 191 353 102 257 61 237 229 301 4 295 294 153 235 119 299 61 60 119 237 210 234 72 293 177 59 236 294 61 69 59 315 107 77 118 293 1 119 197 148 179 347 295 273 120 177 41 295 200 299 59 214 3 144 222 235 61 130 229 53 61 2 61 289 281 299 166 353 81 60 349 1 84 316 14 161 1 1 190 165 100 83 60 3 310 112 10 296 2 59 343 269 317 60 46 263 59 295 97 353 151 119 228 60 267 353 13 119 3 280 9 1 286 60 284 295 1 61 106 341 61 225 136 59 125 163 119 74 95 61 224 2 295 295 168 2 337 113 60 110 146 192 174 170 209 125 312 1 119 61 126 65 61 260 329 353 3 353 348 195 353 119 235 1 178 1 1 223 237 295 135 3 76 124 54 3 7 353 128 353 90 279 70 155 5 295 170 353 241 287 241 220 207 349 3 1 292 178 252 60 313 6 157 60 59 300 257 162 237 187 281 11 239 91 353 353 67 178 118 231 295 171 350 27 353 133 325 235 181 177 333 253 137 295 177 3 129 223 219 26 65 40 240 353 24 350 213 254 236 295 94 127 339 62 193 61 302 119 264 336 201 43 19 69 235 67 323 101 211 122 282 353 115 2 52 87 242 164 261 75 320 154 233 265 17 233 247 108 95 221 266 96 324 285 8 1 326 140 272 353 68 173 238 295 47 12 48 61 1 79 99 218 215 319 303 118 21 134 205 270 177 180 61 98 248 353 321 304 51 63 93 190 160 146 86 
c [Incremental] Max used label: 353.
c [Incremental] Label 353 is removed from searching.
c [Incremental] Solving for max label = 352:
c [Incremental] Solving duration: 1208 ms.
s [Incremental] SAT (label = 352).
Label assignment: 178 235 1 23 275 3 29 117 236 233 1 1 159 56 2 118 119 44 2 171 30 37 257 269 352 85 112 177 149 236 117 118 344 86 105 1 150 5 294 287 289 100 262 235 33 291 293 49 34 3 327 163 119 177 257 352 352 3 2 61 62 35 172 234 59 119 131 258 346 61 352 72 276 149 5 211 340 62 60 318 189 73 7 118 212 39 178 182 177 352 15 294 199 348 123 352 120 299 334 248 330 235 138 133 331 248 176 32 119 61 194 204 224 352 260 104 234 119 2 226 117 307 62 158 92 236 7 293 88 284 235 294 1 76 94 59 66 114 297 216 3 251 61 315 342 119 2 290 294 145 309 117 352 61 241 186 59 225 38 352 119 1 306 196 103 243 153 28 116 55 293 167 251 132 198 123 58 248 352 351 6 61 42 248 119 281 150 183 305 1 206 120 274 18 1 165 177 246 88 131 61 169 22 139 308 60 352 235 109 202 3 257 3 1 178 45 275 2 294 59 184 1 147 152 143 125 305 352 156 256 89 277 80 328 233 352 315 284 64 177 293 269 236 61 57 60 176 352 248 118 60 3 78 191 59 322 188 335 25 31 352 111 244 235 293 190 59 290 1 177 268 294 142 190 119 238 176 292 67 352 175 177 1 352 245 25 118 294 293 235 299 176 60 1 271 9 217 311 59 203 314 235 294 288 71 60 252 16 352 176 60 278 352 352 352 61 36 235 178 293 121 60 290 69 60 350 62 158 118 176 142 118 230 3 177 295 292 208 351 257 50 259 249 234 119 232 345 332 352 296 240 82 185 294 154 299 250 236 294 2 141 64 119 4 232 177 119 119 2 352 2 294 152 59 105 349 20 234 282 283 232 179 352 102 257 61 236 229 301 4 294 294 153 235 119 299 61 60 119 237 210 234 72 293 177 59 236 294 61 69 59 315 107 77 118 293 1 119 197 148 181 347 294 273 120 177 41 294 200 299 59 214 3 144 222 235 61 130 229 53 61 2 61 280 281 299 166 352 81 60 349 1 84 316 14 161 1 1 190 165 100 83 60 3 310 112 10 352 2 59 343 269 317 60 46 263 59 294 97 352 151 119 228 60 267 352 13 119 3 280 9 1 286 60 284 298 1 61 106 341 61 225 136 59 125 163 119 74 95 61 224 2 296 294 168 2 337 113 60 110 146 192 174 170 227 125 312 1 119 61 126 65 61 260 329 352 3 352 338 195 352 119 235 1 178 1 1 223 236 294 135 3 76 124 54 3 7 352 128 352 90 279 70 155 5 294 170 352 241 294 241 220 207 349 3 1 292 178 252 60 313 6 157 60 59 300 257 162 237 209 281 11 247 91 352 352 67 178 118 231 297 171 350 27 352 133 325 235 187 177 333 253 137 294 177 3 129 223 219 26 65 40 254 352 24 350 213 255 236 294 94 127 339 62 193 61 302 119 264 336 201 43 19 69 235 67 323 101 211 122 282 352 115 2 52 87 242 164 261 75 320 154 233 265 17 233 247 108 95 221 266 96 324 285 8 1 326 140 272 352 68 173 239 294 47 12 48 61 1 79 99 218 215 319 303 118 21 134 205 270 177 180 61 98 248 352 321 304 51 63 93 190 160 146 86 
c [Incremental] Max used label: 352.
c [Incremental] Label 352 is removed from searching.
c [Incremental] Solving for max label = 351:
c [Incremental] Solving duration: 66677 ms.
s [Incremental] SAT (label = 351).
Label assignment: 351 235 1 23 275 1 29 117 233 233 1 1 159 56 176 21 59 60 59 232 30 37 257 269 351 85 112 177 118 233 117 118 344 87 105 1 196 5 338 287 117 100 279 235 33 291 293 49 34 293 327 163 235 177 257 256 345 3 100 59 62 35 122 234 59 61 10 258 346 117 117 72 274 148 5 118 340 62 1 318 60 73 167 118 212 22 177 182 113 351 131 294 177 350 252 349 117 299 334 238 293 235 153 159 348 235 4 6 59 61 194 214 224 92 260 104 239 291 117 59 117 307 62 291 102 233 59 293 88 284 235 294 125 204 65 59 99 114 297 1 3 194 117 315 342 351 2 213 297 145 309 59 322 61 241 196 351 225 65 177 119 1 306 216 84 243 180 28 116 36 293 167 235 158 80 91 58 235 233 351 6 59 43 248 117 281 150 183 305 1 232 117 233 18 117 165 177 246 88 231 61 169 19 139 293 60 351 240 109 202 1 270 3 351 177 45 275 2 291 59 184 1 147 152 198 125 305 14 156 253 89 1 80 328 233 95 117 284 127 11 293 180 284 61 53 59 176 351 248 118 60 233 99 191 59 293 193 335 39 31 12 172 244 235 293 190 128 255 139 349 265 296 148 296 117 119 176 292 70 94 175 134 124 326 245 81 118 293 293 238 299 176 119 25 271 9 217 311 59 203 314 291 291 288 117 60 254 16 175 59 60 287 227 351 1 59 26 235 351 293 121 65 290 69 60 350 59 158 118 149 137 118 230 117 119 295 292 349 351 235 50 238 249 234 117 1 345 332 1 291 240 82 185 294 177 299 250 233 296 351 351 59 117 1 232 154 155 3 238 350 181 294 152 59 1 349 20 234 282 283 232 191 207 64 235 117 239 172 301 4 295 291 153 233 118 293 59 60 233 237 223 235 59 293 177 77 236 304 3 3 59 315 107 59 160 293 1 103 141 3 182 347 298 289 120 175 60 297 197 299 76 2 1 161 220 235 61 351 175 44 75 1 83 289 278 299 166 175 1 68 351 17 66 343 97 179 117 351 190 136 1 59 187 261 310 86 226 341 172 351 339 268 317 60 2 263 351 293 106 351 59 192 61 233 290 13 1 351 216 280 336 123 286 181 277 298 165 59 3 1 69 225 199 1 125 163 290 38 351 351 224 2 296 297 168 1 337 117 2 110 157 320 228 170 219 132 312 1 119 1 180 74 276 233 329 349 200 140 348 195 113 174 235 1 178 189 1 222 235 291 240 1 59 59 51 122 129 351 130 321 61 281 72 164 324 293 171 351 241 233 241 351 206 59 351 1 292 351 259 60 313 27 205 61 59 300 1 162 237 209 278 48 250 117 3 183 67 175 60 59 297 233 350 32 350 133 96 235 235 8 331 262 135 293 175 1 119 218 229 24 76 1 251 351 101 351 119 266 233 293 94 235 201 60 175 126 302 7 114 333 138 1 117 107 208 71 323 215 210 1 351 351 111 3 115 63 242 151 235 59 319 119 233 264 119 233 247 108 42 221 267 61 325 93 41 1 330 142 272 351 54 173 238 296 40 15 46 59 177 79 98 211 177 285 303 118 146 125 180 273 182 188 59 52 248 78 316 308 55 57 47 186 143 144 90 
c [Incremental] Max used label: 351.
c [Incremental] Label 351 is removed from searching.
c [Incremental] Solving for max label = 350:
c [Incremental] Solving duration: 1292 ms.
s [Incremental] SAT (label = 350).
Label assignment: 350 234 1 23 275 1 29 117 233 233 1 146 159 56 176 2 59 60 59 232 30 37 257 269 118 85 112 176 118 233 117 350 344 87 105 1 197 5 338 287 117 100 279 235 33 291 291 49 34 292 327 163 234 177 257 256 345 3 60 59 62 35 122 234 59 60 10 258 346 117 117 60 274 148 5 118 340 62 1 318 60 73 167 118 212 22 176 182 350 350 131 294 176 350 252 349 117 299 334 238 292 233 153 159 348 234 181 6 59 61 194 214 224 92 260 104 239 291 117 59 117 307 62 291 102 233 59 292 88 284 234 294 118 204 65 59 99 114 297 1 2 194 117 315 342 350 350 213 297 145 309 59 322 61 241 196 350 225 65 174 118 1 306 216 59 243 180 28 116 36 293 166 234 158 60 91 58 234 233 350 6 59 43 248 117 281 150 183 305 1 232 117 233 18 117 164 176 246 88 231 61 169 25 141 292 60 350 240 109 202 1 270 3 350 176 45 275 2 291 59 184 1 147 152 198 125 305 14 156 253 89 1 80 328 233 95 117 284 139 11 291 180 284 60 53 59 176 350 248 118 60 233 99 191 59 292 193 335 39 42 26 171 244 235 291 190 128 255 350 349 265 296 149 296 117 118 176 292 66 94 175 134 350 326 245 84 118 292 291 242 299 176 350 2 271 9 217 311 59 203 314 291 292 288 117 60 254 16 175 59 60 287 227 350 1 59 1 235 350 293 121 60 290 70 60 350 59 158 118 350 137 118 230 117 60 295 292 349 350 234 50 238 249 234 117 1 345 332 1 291 240 83 185 291 176 292 250 234 291 350 350 59 117 1 232 154 140 2 238 350 181 294 152 59 1 349 20 234 282 283 232 191 207 64 234 117 239 172 301 124 295 291 153 233 2 292 59 60 233 237 220 234 59 292 177 77 236 304 2 3 59 315 107 59 160 292 1 103 141 3 182 347 298 289 120 175 60 297 197 299 76 2 1 155 218 234 67 350 180 44 60 1 60 289 278 299 165 175 1 60 350 17 75 343 97 179 117 350 187 127 1 59 12 261 310 86 226 341 292 350 339 268 317 60 2 263 350 292 106 350 59 192 68 233 290 19 1 350 216 280 336 1 286 60 277 298 161 59 8 1 69 225 199 1 123 163 290 38 350 350 222 7 296 297 168 1 337 119 2 110 157 320 228 170 219 132 312 1 118 1 184 74 276 233 329 349 200 142 348 195 113 176 234 1 178 189 1 223 234 292 240 1 59 59 51 126 129 350 130 321 350 281 72 164 324 292 173 350 241 233 234 350 206 59 350 4 292 350 259 60 313 27 205 60 59 300 1 162 237 209 278 48 250 117 2 176 63 175 60 81 292 238 350 32 350 133 96 234 234 2 331 262 135 292 175 1 350 13 229 24 82 1 251 350 101 350 350 266 233 350 94 234 201 60 175 350 302 2 113 333 136 1 117 107 208 71 323 215 210 1 350 350 111 2 115 60 242 151 234 59 319 118 233 264 60 233 247 108 2 221 267 60 325 93 41 1 330 138 272 350 54 31 238 300 40 15 46 59 176 79 98 211 176 285 303 118 21 118 180 273 144 188 59 52 248 78 316 308 55 57 47 186 143 350 90 
c [Incremental] Max used label: 350.
c [Incremental] Label 350 is removed from searching.
c [Incremental] Solving for max label = 349:
c [Incremental] Solving duration: 1682 ms.
s [Incremental] SAT (label = 349).
Label assignment: 349 349 1 23 284 1 29 117 349 233 15 1 159 56 176 21 59 59 59 230 30 37 257 269 233 85 112 175 118 233 117 117 318 87 105 1 196 5 338 287 117 100 63 240 33 291 291 49 34 291 327 163 233 177 258 256 345 3 100 59 62 35 122 234 59 61 10 263 346 117 117 72 274 148 349 117 340 82 1 291 60 73 167 118 212 22 349 182 113 349 131 294 175 349 252 349 117 313 343 238 291 349 153 159 232 233 291 6 59 61 194 349 224 92 260 104 175 291 117 59 117 307 62 291 102 349 59 291 88 284 1 291 125 175 65 59 99 114 297 1 3 203 117 315 342 349 59 175 291 145 323 59 326 61 241 197 349 225 65 182 117 1 322 215 84 349 175 28 116 36 293 167 233 157 80 91 58 233 233 291 6 59 43 248 117 281 150 183 305 1 349 117 349 18 117 165 177 233 88 349 61 169 19 139 291 60 349 59 109 202 1 270 3 349 175 45 275 2 291 59 184 349 147 152 198 125 291 14 156 253 89 1 80 328 233 95 117 284 127 11 291 349 349 59 53 59 175 349 248 117 59 233 99 191 59 291 193 335 39 31 12 172 244 233 300 190 128 349 139 291 266 296 148 296 117 117 175 292 70 94 175 134 117 334 175 81 117 291 291 233 299 176 117 1 271 9 217 311 59 204 312 291 291 288 117 59 254 16 175 59 60 287 227 184 1 59 26 235 349 293 121 349 290 69 60 349 59 158 118 149 137 117 228 117 119 295 291 208 349 233 50 238 249 233 117 1 345 291 1 291 240 83 185 294 59 299 247 349 291 349 349 59 117 1 232 154 155 3 233 349 181 291 152 59 1 349 20 233 282 283 232 191 213 64 233 117 239 172 309 4 295 291 153 233 2 291 59 59 233 237 223 349 59 291 177 77 236 304 3 3 59 314 107 59 160 293 1 103 141 3 182 347 291 291 120 175 59 302 205 306 76 2 1 161 220 1 61 344 175 44 75 1 349 289 278 299 166 175 175 349 349 17 67 291 97 179 117 349 187 142 1 59 1 261 310 86 291 341 172 349 339 268 317 59 1 262 349 293 106 349 59 192 68 349 290 13 1 349 216 280 336 1 286 349 277 298 165 59 3 1 69 225 199 1 125 163 290 38 349 349 224 2 296 297 168 1 337 117 2 110 157 320 231 170 219 132 291 1 119 349 175 74 276 349 329 349 200 140 348 195 113 174 233 1 178 189 1 222 274 291 242 1 59 59 51 117 129 349 130 321 349 281 72 164 324 291 171 349 241 349 241 349 207 59 349 1 291 349 259 59 291 27 206 66 59 301 1 162 243 209 279 48 250 117 3 349 25 180 59 59 297 233 349 32 349 133 96 233 233 70 331 349 135 332 175 1 124 218 229 24 76 1 251 349 101 349 123 267 233 291 94 233 201 59 175 126 291 1 114 333 140 1 117 107 349 71 323 226 210 1 349 349 111 8 115 63 245 151 233 59 319 117 233 265 117 233 246 108 42 221 233 59 325 93 41 1 330 138 272 349 54 173 255 291 40 7 46 59 175 79 98 211 175 285 303 117 146 117 175 273 136 188 214 52 264 78 316 308 55 57 47 186 143 144 90 
c [Incremental] Max used label: 349.
c [Incremental] Label 349 is removed from searching.
c [Incremental] Solving for max label = 348:
c [Incremental] Solving duration: 47715 ms.
s [Incremental] SAT (label = 348).
Label assignment: 233 235 1 23 290 60 29 5 290 175 1 1 159 56 176 233 119 59 60 175 30 36 177 117 175 85 108 184 118 167 289 117 25 62 105 61 238 5 338 287 118 237 59 235 33 291 293 57 34 293 327 1 119 237 175 61 345 3 111 59 75 35 183 216 59 59 344 2 346 119 295 233 169 89 172 119 331 177 1 171 233 201 287 118 211 22 193 73 59 233 119 327 119 131 342 290 117 345 348 238 305 59 153 159 348 235 1 59 348 61 204 235 224 19 260 77 59 291 59 1 59 307 59 347 228 233 61 347 69 257 235 348 191 118 177 60 273 80 297 1 148 119 117 59 342 177 119 59 297 176 309 182 348 1 241 158 1 225 64 177 118 1 306 220 117 1 192 28 87 38 293 122 119 156 59 232 97 258 1 345 64 3 43 227 348 348 141 183 83 1 239 133 233 18 263 165 290 246 98 117 345 169 60 119 119 117 2 59 59 102 1 119 72 295 61 45 275 2 117 60 184 118 147 232 61 125 305 84 135 253 166 61 14 328 228 95 189 162 117 235 285 61 1 59 58 1 177 343 248 247 117 149 242 235 117 347 193 322 39 31 12 110 219 117 293 348 3 341 1 1 177 296 109 296 146 119 176 292 196 269 175 177 235 348 1 81 3 293 330 123 299 106 233 235 113 9 131 311 164 203 329 291 291 284 119 59 214 194 251 235 237 2 262 252 134 264 1 180 204 293 3 345 290 69 244 2 1 299 175 235 175 118 209 1 117 295 292 283 61 119 49 215 40 240 118 117 345 319 178 348 125 236 185 294 59 206 59 233 296 177 3 189 177 325 251 280 177 1 250 345 59 294 101 117 117 288 218 229 60 279 226 290 180 64 235 177 179 234 301 1 295 309 145 100 41 293 176 250 119 59 116 13 186 293 169 60 175 304 117 243 266 267 155 68 208 293 59 161 117 143 222 315 348 348 131 197 234 297 234 309 177 1 7 142 95 1 61 2 3 44 59 117 117 290 78 299 96 205 235 276 2 61 348 323 238 1 177 177 190 119 121 177 61 187 310 86 59 272 117 61 313 17 317 32 2 256 131 293 103 286 61 119 63 1 180 74 8 2 61 212 333 259 290 335 3 59 179 131 3 118 60 199 254 117 60 150 278 3 91 348 223 2 296 237 152 61 61 345 59 117 157 320 202 130 26 138 312 1 61 233 183 75 176 24 329 348 151 1 348 79 107 117 59 21 282 274 1 237 128 291 340 15 60 59 54 1 232 270 217 321 1 295 277 163 303 293 168 94 174 59 332 241 207 339 61 232 299 59 118 59 314 27 139 59 82 300 127 136 6 233 133 48 334 117 238 132 231 88 177 47 348 119 181 55 59 112 92 261 124 59 324 336 160 310 170 177 117 140 173 4 213 1 191 348 249 59 117 129 193 293 67 337 20 60 247 59 302 117 175 16 119 1 189 188 1 71 326 230 137 59 281 1 144 1 104 271 298 114 177 290 318 124 2 265 117 59 255 190 42 180 60 66 50 76 37 52 10 93 268 118 120 46 1 322 3 11 1 65 177 117 99 210 198 177 221 126 154 245 90 189 200 195 70 1 123 290 316 308 1 53 3 1 115 51 147 
c [Incremental] Max used label: 348.
c [Incremental] Label 348 is removed from searching.
c [Incremental] Solving for max label = 347:
c [Incremental] Solving duration: 1142 ms.
s [Incremental] SAT (label = 347).
Label assignment: 233 235 1 23 289 60 29 5 289 175 1 1 159 56 176 233 119 59 60 175 30 36 177 117 175 85 108 184 118 167 289 117 25 62 105 61 238 5 338 287 118 237 59 235 33 291 293 57 34 293 327 1 119 237 175 61 345 3 111 59 75 35 183 216 59 59 344 2 346 119 295 233 169 89 172 119 331 177 1 171 233 201 287 118 211 22 193 73 59 233 119 327 119 131 342 290 117 345 347 238 305 59 153 159 347 235 1 59 347 61 204 235 224 19 260 77 59 291 59 1 59 307 59 347 228 233 61 347 69 257 235 347 191 118 177 60 273 80 297 1 148 119 117 59 342 177 119 59 297 176 309 182 347 1 241 158 1 225 64 177 118 1 306 220 117 1 192 28 87 38 293 122 119 156 59 232 97 258 1 345 64 3 43 227 347 347 141 183 83 1 239 133 233 18 263 165 289 246 98 117 345 169 60 119 119 117 2 59 59 102 1 119 72 295 61 45 275 2 117 60 184 118 147 231 61 125 305 84 135 253 166 61 14 328 228 95 189 162 117 235 285 61 1 59 58 1 177 343 248 247 117 149 242 235 117 347 193 322 39 31 12 110 219 117 293 347 3 341 1 1 177 296 109 296 146 119 176 292 196 269 175 177 235 347 1 81 3 293 330 123 299 106 233 235 113 9 131 311 164 203 329 291 291 284 119 59 214 194 251 235 237 2 262 252 134 264 1 180 204 293 3 345 290 69 244 2 1 299 175 235 175 118 209 1 117 295 292 283 61 119 49 215 40 240 118 117 345 319 178 347 125 236 185 294 59 206 59 233 296 177 3 189 177 325 251 280 177 1 250 345 59 294 101 117 117 288 218 229 60 279 226 290 180 64 235 177 179 234 301 1 295 309 145 100 41 293 176 250 119 59 116 13 186 293 169 60 175 304 117 243 266 267 155 68 208 293 59 161 117 143 222 315 347 347 131 197 234 297 234 309 177 1 7 142 95 1 61 2 3 44 59 117 117 289 78 299 96 205 235 276 2 61 347 323 238 1 177 177 190 119 121 177 61 187 310 86 59 272 117 61 313 17 317 32 2 256 131 293 103 286 61 119 63 1 180 74 8 2 61 212 333 259 290 335 3 59 179 131 3 118 60 199 254 117 60 150 278 3 91 347 223 2 296 237 152 61 61 345 59 117 157 320 202 130 26 138 312 1 61 233 183 75 176 24 329 347 151 1 347 79 107 117 59 21 282 274 1 237 128 291 340 15 60 59 54 1 231 270 217 321 1 295 277 163 303 293 168 94 174 59 332 241 207 339 61 231 299 59 118 59 314 27 139 59 82 300 127 136 6 233 133 48 334 117 238 132 231 88 177 47 347 119 181 55 59 112 92 261 124 59 324 336 160 310 170 177 117 140 173 4 213 1 191 347 249 59 117 129 193 293 67 337 20 60 247 59 302 117 175 16 119 1 189 188 1 71 326 230 137 59 281 1 144 1 104 271 298 114 177 289 318 124 2 265 117 59 255 190 42 180 60 66 50 76 37 52 10 93 268 118 120 46 1 322 3 11 1 65 177 117 99 210 198 177 221 126 154 245 90 189 200 195 70 1 123 290 316 308 1 53 3 1 115 51 147 
c [Incremental] Max used label: 347.
c [Incremental] Label 347 is removed from searching.
c [Incremental] Solving for max label = 346:
c [Incremental] Solving duration: 1157 ms.
s [Incremental] SAT (label = 346).
Label assignment: 233 235 1 23 288 60 29 5 288 175 1 1 159 56 176 233 119 59 60 175 30 36 177 117 175 85 108 184 118 167 289 117 25 62 105 61 238 5 338 287 118 237 59 235 33 291 293 57 34 293 327 1 119 237 175 61 345 3 111 59 75 35 183 216 59 59 61 2 346 119 295 233 169 89 172 133 331 177 1 171 233 201 287 118 211 22 187 73 59 233 119 327 119 131 342 290 117 345 346 238 305 59 153 159 346 235 1 59 346 61 204 235 224 19 260 77 59 291 59 1 59 307 59 346 228 233 61 346 69 257 235 346 191 118 177 60 273 80 297 1 148 133 117 59 342 177 119 59 297 176 309 182 75 1 241 158 1 225 64 177 118 1 306 220 117 1 192 28 87 38 293 122 119 156 59 232 97 258 1 345 64 3 43 227 346 346 141 183 83 1 239 133 233 18 263 165 288 246 98 117 345 169 60 119 119 117 2 59 59 102 1 119 72 295 61 45 275 2 117 60 184 118 147 230 61 125 305 84 135 253 166 61 14 328 228 95 189 162 117 235 285 61 1 59 58 1 177 343 248 247 117 149 242 235 117 346 193 322 39 31 12 110 219 117 293 346 3 341 1 1 177 296 109 296 146 119 176 292 196 269 175 177 235 346 1 81 3 293 330 123 299 106 233 235 113 9 131 311 164 203 329 291 291 284 119 59 214 194 251 235 237 2 262 252 134 264 1 180 204 293 3 345 290 69 244 2 1 299 175 235 175 118 209 1 117 295 292 283 346 119 49 215 40 240 118 117 345 319 178 346 125 236 185 294 59 206 59 233 296 177 3 189 177 325 251 280 177 1 250 345 59 294 101 117 117 288 218 229 60 279 226 290 180 64 235 177 179 234 301 1 295 309 145 100 41 293 176 250 119 59 116 13 186 293 169 60 175 304 117 243 266 267 155 68 208 293 59 161 117 143 222 315 346 346 131 197 234 297 234 309 177 1 7 142 95 1 61 2 3 44 59 117 117 288 78 299 96 205 235 276 2 61 346 323 238 1 177 177 190 119 121 177 61 194 310 86 59 272 117 61 313 17 317 32 2 256 131 293 103 286 61 119 63 1 180 74 8 2 61 212 333 259 290 335 52 59 179 131 3 118 60 199 254 117 60 150 278 3 91 346 223 2 296 237 152 61 61 345 59 117 157 320 202 130 26 138 312 1 61 233 183 75 176 24 329 346 151 1 346 79 107 117 59 21 282 274 1 237 128 291 340 15 60 59 54 1 231 270 217 321 1 295 277 163 303 293 168 94 174 59 332 241 207 339 61 230 299 59 118 59 314 27 139 59 82 300 127 136 6 233 128 48 334 117 238 132 230 88 193 47 344 119 181 55 59 112 92 261 124 59 324 336 160 310 170 177 117 140 173 4 213 1 191 346 249 59 117 129 193 293 67 337 20 60 247 59 302 117 175 16 119 1 189 188 1 71 326 230 137 59 281 1 144 1 104 271 298 114 177 290 318 124 2 265 117 59 255 190 42 180 60 66 50 76 37 17 10 93 268 118 120 46 1 322 3 11 1 65 177 117 99 210 198 177 221 126 154 245 90 189 200 195 70 1 123 290 316 308 1 53 3 1 115 51 147 
c [Incremental] Max used label: 346.
c [Incremental] Label 346 is removed from searching.
c [Incremental] Solving for max label = 345:
c [Incremental] Solving duration: 35002 ms.
s [Incremental] SAT (label = 345).
Label assignment: 233 235 1 23 287 60 29 5 287 175 1 1 159 56 176 233 119 59 60 175 30 36 177 117 175 85 108 195 118 167 289 117 25 62 105 61 238 5 338 287 118 237 59 235 33 291 293 57 34 293 327 1 119 237 175 61 345 3 111 59 75 35 183 216 59 59 344 2 344 119 295 236 169 89 172 119 331 177 1 171 233 201 287 118 211 22 193 70 59 233 119 327 119 131 342 286 117 345 203 238 305 59 153 159 1 235 1 59 3 61 204 235 224 19 260 77 59 291 59 1 59 307 59 338 228 233 61 334 69 257 235 345 191 118 177 60 273 80 304 1 148 119 119 59 342 177 119 59 297 176 309 182 345 1 345 158 73 225 64 177 118 1 306 220 117 1 192 28 87 38 293 122 119 156 59 231 97 258 1 345 64 3 43 227 3 334 141 183 83 188 239 133 233 18 263 165 285 246 98 117 345 169 60 119 119 117 2 59 59 102 1 119 72 295 61 45 275 2 117 60 184 118 147 229 61 125 305 84 135 253 166 61 14 230 228 95 189 162 117 235 285 61 1 59 58 1 177 343 248 247 117 149 242 235 117 342 193 16 39 31 12 110 219 117 293 340 3 341 1 1 177 296 109 296 146 119 176 292 196 269 175 177 235 345 1 81 3 293 330 123 299 106 233 235 113 9 131 311 164 203 325 291 291 284 119 59 214 194 251 235 237 2 262 252 134 264 1 180 204 293 3 345 290 69 244 2 1 299 175 235 175 118 209 1 117 339 292 283 61 119 49 215 40 240 118 117 345 319 178 345 125 173 185 294 59 206 67 233 296 177 3 189 177 193 251 280 177 1 250 345 59 241 101 117 117 288 218 229 60 279 226 290 180 64 235 177 179 234 301 1 295 175 145 100 41 293 176 250 119 59 116 13 186 293 169 60 175 286 117 243 266 267 155 68 208 293 328 161 117 143 222 315 345 313 131 197 234 297 234 309 177 1 7 142 95 1 61 2 3 44 59 117 117 290 78 232 96 205 235 276 2 61 345 323 238 1 177 177 190 119 121 177 61 187 310 86 59 272 117 61 313 17 317 32 2 256 131 293 103 286 344 119 63 1 180 74 8 2 61 212 333 259 290 335 3 59 179 128 3 118 60 199 254 117 60 150 278 3 91 315 223 2 296 237 152 61 61 345 59 117 157 320 202 130 26 138 312 1 61 233 183 75 176 24 329 343 151 1 221 79 107 117 59 73 282 274 1 237 128 291 340 12 60 59 54 1 193 270 217 321 1 295 277 163 303 293 168 94 174 59 332 241 207 15 61 225 299 59 118 59 314 27 139 59 82 300 127 136 6 233 126 48 334 117 238 132 345 88 177 47 343 119 181 55 59 112 92 261 124 59 324 336 160 310 170 177 117 140 344 4 213 1 191 345 249 61 117 131 344 293 67 337 20 60 247 59 302 117 175 21 119 1 189 188 1 71 326 345 137 345 281 1 144 1 104 271 298 114 177 286 318 124 2 265 117 59 255 190 42 180 60 66 50 76 37 52 10 93 268 118 120 46 1 322 3 11 1 65 177 117 99 210 198 177 221 129 154 245 90 345 200 342 70 1 123 290 316 308 1 53 3 1 115 51 147 
c [Incremental] Max used label: 345.
c [Incremental] Label 345 is removed from searching.
c [Incremental] Solving for max label = 344:
c [Incremental] Solving duration: 972 ms.
s [Incremental] SAT (label = 344).
Label assignment: 233 235 1 23 286 60 29 5 286 175 1 1 159 56 176 233 119 59 60 175 30 36 177 117 175 85 108 195 118 167 289 117 25 62 105 61 238 5 338 286 118 237 59 235 33 291 293 57 34 293 327 1 119 237 175 61 344 3 111 59 75 35 183 216 59 59 344 2 344 119 295 236 169 89 172 119 331 177 1 93 233 201 286 118 211 22 193 70 59 233 119 327 119 131 342 286 117 344 203 238 305 59 153 159 1 235 1 59 3 61 204 235 224 19 260 77 59 291 59 1 59 307 59 338 228 233 61 334 69 257 235 344 191 118 177 60 273 80 304 1 148 119 119 59 342 177 119 59 297 176 309 182 344 1 344 158 73 225 64 177 118 1 306 220 117 1 192 28 87 38 293 122 119 156 59 231 97 258 1 344 64 3 43 227 3 334 141 183 83 188 239 133 233 18 263 165 285 246 98 117 344 169 60 119 119 117 2 59 59 102 1 119 72 295 61 45 275 2 117 60 184 118 147 228 61 125 305 84 135 253 166 61 14 230 228 95 189 162 117 235 285 61 1 59 58 1 177 343 248 247 117 149 242 235 117 342 193 16 39 31 12 110 219 117 293 340 3 341 1 1 177 296 109 296 146 119 176 292 196 269 175 177 235 344 1 81 3 293 330 123 299 106 233 235 113 9 131 311 164 203 325 291 291 284 119 59 214 194 251 235 237 2 262 252 134 264 1 180 204 293 3 344 290 69 244 2 1 299 175 235 175 118 209 1 117 339 292 283 61 119 49 215 40 240 118 117 344 319 178 344 125 173 185 294 59 206 67 233 296 177 3 189 177 193 251 280 177 1 250 344 59 241 101 117 117 288 218 229 60 279 226 290 180 64 235 177 171 234 301 1 295 175 145 100 41 293 176 250 119 59 116 13 186 293 169 60 175 286 117 243 266 267 155 68 208 293 328 161 117 143 222 315 344 313 131 197 234 297 234 309 177 1 7 142 95 1 61 2 3 44 59 117 117 290 78 232 96 205 235 276 2 61 344 323 238 1 177 177 190 119 3 177 61 187 310 86 59 272 117 61 313 17 317 32 2 256 131 293 103 286 344 119 63 1 180 74 8 2 61 212 333 259 290 335 3 59 179 128 3 118 60 199 254 117 60 150 278 3 91 315 223 2 296 237 152 61 61 344 59 117 157 320 202 130 26 138 312 1 61 233 183 75 176 24 329 343 151 1 221 79 107 117 59 73 282 274 1 237 128 291 340 12 60 59 54 1 193 270 217 321 1 295 277 163 303 293 168 94 174 59 332 241 207 15 61 225 299 59 118 59 314 27 139 59 82 300 127 136 6 233 126 48 334 117 238 132 344 88 177 47 343 119 181 55 59 112 92 261 124 59 324 336 160 310 170 177 117 140 344 4 213 1 191 344 249 61 117 131 344 293 67 337 20 60 247 59 302 117 175 21 119 1 189 188 1 71 326 344 137 344 281 1 144 1 104 271 298 114 177 286 318 124 2 265 117 59 255 190 42 180 60 66 50 76 37 52 10 93 268 120 129 46 1 322 3 11 1 65 177 117 99 210 198 177 221 121 154 245 90 344 200 342 70 1 123 287 316 308 1 53 3 1 115 51 147 
c [Incremental] Max used label: 344.
c [Incremental] Label 344 is removed from searching.
c [Incremental] Solving for max label = 343:
c [Incremental] Solving duration: 35217 ms.
s [Incremental] SAT (label = 343).
Label assignment: 18 155 179 343 10 194 132 164 63 343 70 172 10 236 343 68 68 124 343 209 119 261 10 288 284 343 285 119 312 201 61 1 32 268 285 183 10 145 343 61 285 308 23 343 178 1 26 119 343 61 49 285 299 179 68 203 227 165 343 3 5 149 285 127 1 343 252 70 12 194 3 343 65 285 68 343 7 9 343 5 70 9 343 5 201 285 285 260 226 59 343 283 61 270 197 2 285 61 271 343 194 1 67 343 66 343 343 197 343 10 62 343 343 285 67 343 179 93 194 343 246 10 3 5 343 343 3 3 10 86 68 343 2 287 338 282 343 285 148 226 227 343 284 14 227 329 194 167 44 248 141 335 119 200 1 62 17 285 2 227 1 103 69 10 59 343 285 272 285 220 194 292 271 82 226 3 240 343 10 285 10 343 149 298 255 46 343 232 10 343 343 343 94 113 60 84 10 306 343 343 285 193 1 10 194 10 70 158 3 340 185 194 10 61 183 183 68 174 268 1 161 1 285 121 229 283 183 177 285 68 68 11 79 280 343 3 235 343 291 226 3 285 343 119 180 70 119 61 225 60 119 151 337 115 252 61 285 147 343 343 343 227 90 343 227 293 283 70 226 228 12 34 227 24 243 112 98 343 343 343 119 61 220 107 343 260 285 343 12 249 247 227 109 190 231 222 106 9 104 343 2 252 134 68 343 61 343 258 3 187 63 343 61 109 78 343 130 118 119 30 285 97 146 289 343 10 285 47 285 188 119 248 343 256 226 186 1 37 182 343 285 227 343 336 343 191 119 109 181 343 305 59 343 285 132 285 197 15 285 300 343 343 70 78 343 227 272 221 227 43 119 327 343 256 35 230 54 105 3 343 223 119 61 10 119 270 274 343 38 285 61 78 53 194 192 57 3 108 119 296 250 116 285 343 143 245 70 219 60 87 61 139 166 10 56 343 194 285 10 89 63 28 334 55 343 310 131 12 303 196 285 285 215 99 12 74 3 78 123 290 122 226 343 212 266 133 281 2 2 173 77 3 343 227 116 119 277 275 48 269 216 242 128 184 114 10 117 68 343 5 267 218 285 169 169 322 68 68 22 85 343 119 209 10 285 210 119 73 321 279 208 25 328 83 70 3 5 78 326 202 309 285 343 81 301 42 295 333 304 330 320 251 175 332 268 194 11 242 8 238 256 119 170 278 244 10 70 343 224 16 189 339 3 343 52 160 10 318 91 263 163 217 294 10 12 10 102 331 343 135 198 10 266 10 276 307 207 119 4 61 2 121 311 80 176 36 343 319 27 343 227 61 214 317 3 343 249 204 324 126 58 88 33 152 245 95 343 96 234 343 39 262 297 10 60 61 175 5 10 117 3 65 61 285 3 242 29 61 255 10 3 45 40 10 253 264 10 325 265 206 258 152 70 242 2 3 19 75 136 151 3 252 125 254 136 140 213 31 159 150 137 343 69 64 12 129 6 211 63 258 13 257 171 343 254 110 316 343 3 61 41 315 233 111 342 314 101 3 60 233 119 119 61 144 273 195 194 138 71 237 72 119 154 120 156 153 343 313 286 1 259 162 241 142 157 341 199 1 302 194 100 20 5 21 205 239 200 50 76 63 51 142 323 168 92 
c [Incremental] Max used label: 343.
c [Incremental] Label 343 is removed from searching.
c [Incremental] Solving for max label = 342:
c [Incremental] Solving duration: 1009 ms.
s [Incremental] SAT (label = 342).
Label assignment: 18 155 179 286 10 194 132 164 63 342 70 172 10 236 342 68 68 124 342 209 119 261 10 288 284 342 284 119 312 201 61 1 32 268 284 183 10 145 342 61 284 308 23 342 178 1 26 119 342 61 49 284 299 179 68 203 226 165 342 3 5 149 284 127 1 342 252 70 12 194 3 342 65 284 68 342 7 9 342 5 70 9 342 5 201 284 284 260 226 59 342 283 61 270 197 2 284 61 271 342 194 1 67 342 66 342 342 197 342 10 62 342 342 284 67 342 179 93 194 342 246 10 3 5 342 342 3 3 10 86 68 342 2 287 338 282 342 284 148 226 226 342 284 14 226 329 194 167 44 248 141 335 119 200 1 62 17 284 2 226 1 103 69 10 59 342 284 272 284 220 194 292 271 82 226 3 240 342 10 284 10 342 149 298 255 46 342 230 10 342 342 342 94 113 60 84 10 306 342 342 284 193 1 10 194 10 70 158 3 340 185 194 10 61 183 183 68 174 268 1 161 1 284 121 229 283 183 177 284 68 68 11 79 280 342 3 235 342 291 226 3 284 342 119 180 70 119 61 225 60 119 151 337 115 252 61 284 147 342 342 342 226 90 342 226 293 283 70 226 228 12 34 226 24 243 112 98 342 342 342 119 61 220 107 342 260 285 342 12 249 247 226 109 190 231 222 106 9 104 342 2 252 134 68 342 61 342 258 3 187 63 342 61 109 78 342 130 118 119 30 284 97 146 289 342 10 284 47 284 188 119 248 342 256 226 186 1 37 182 342 284 226 342 336 342 191 119 109 181 342 305 59 342 284 132 284 197 15 284 300 342 342 70 78 342 226 272 221 226 43 119 327 342 256 35 227 54 105 3 342 223 119 61 10 119 270 274 342 38 284 61 78 53 194 192 57 3 108 119 296 250 116 284 342 143 245 70 219 60 87 61 139 166 10 56 342 194 284 10 89 63 28 334 55 342 310 131 12 303 196 284 284 215 99 12 74 3 78 123 290 122 226 342 212 266 133 281 2 2 173 77 3 342 226 116 119 277 275 48 269 216 242 128 184 114 10 117 68 342 5 267 218 284 168 169 322 68 68 22 85 342 119 209 10 284 210 119 73 321 279 208 25 328 83 70 3 5 78 326 202 309 284 342 81 301 42 295 333 304 330 320 232 175 332 268 194 11 242 8 238 251 119 170 278 244 10 70 342 224 16 189 339 3 342 52 160 10 318 91 263 163 217 294 10 12 10 102 331 342 135 198 10 266 10 276 307 207 119 4 61 2 121 311 80 176 36 342 319 27 342 226 61 214 317 3 342 249 204 324 126 58 88 33 152 245 95 342 96 234 342 39 262 297 10 60 61 175 5 10 117 3 65 61 284 3 242 29 61 255 10 3 45 40 10 253 264 10 325 265 206 258 152 70 242 2 3 19 75 136 151 3 252 125 254 136 140 213 31 159 150 137 342 69 64 12 129 6 211 63 258 13 257 171 342 254 110 316 342 3 61 41 315 233 111 342 314 101 3 60 233 119 119 61 144 273 195 194 138 71 237 72 119 154 120 156 153 342 313 286 1 259 162 241 142 157 341 199 1 302 194 100 20 5 21 205 239 200 50 76 63 51 142 323 168 92 
c [Incremental] Max used label: 342.
c [Incremental] Label 342 is removed from searching.
c [Incremental] Solving for max label = 341:
c [Incremental] Solving duration: 1023 ms.
s [Incremental] SAT (label = 341).
Label assignment: 18 155 179 285 10 194 132 164 63 341 70 172 10 236 341 68 68 124 341 209 119 261 10 288 283 341 283 119 312 201 61 1 32 268 283 183 10 145 341 61 283 308 23 341 178 1 26 119 341 61 49 283 299 179 68 203 225 165 341 3 5 149 283 127 1 341 252 70 12 194 3 341 65 283 68 341 7 9 341 5 70 9 341 5 201 283 283 260 225 59 341 283 61 270 197 2 283 61 271 341 194 1 67 341 66 341 341 197 341 10 62 341 341 283 67 341 179 93 194 341 246 10 3 5 341 341 3 3 10 86 68 341 2 287 338 282 341 283 148 225 225 341 283 14 225 329 194 167 44 248 141 335 119 200 1 62 17 283 2 225 1 103 69 10 59 341 283 272 283 220 194 292 271 82 225 3 240 341 10 283 10 341 149 298 255 46 341 227 10 341 341 341 94 113 60 84 10 306 341 341 283 193 1 10 194 10 70 158 3 340 185 194 10 61 183 183 68 174 268 1 161 1 283 121 229 283 183 177 283 68 68 11 79 280 341 3 235 341 291 225 3 283 341 119 180 70 119 61 225 60 119 151 337 115 252 61 283 147 341 341 341 225 90 341 225 293 283 70 225 226 12 34 225 24 243 112 98 341 341 341 119 61 220 107 341 260 284 341 12 249 247 225 109 190 231 222 106 9 104 341 2 252 134 68 341 61 341 258 3 187 63 341 61 109 78 341 130 118 119 30 283 97 146 289 341 10 283 47 283 188 119 248 341 256 225 186 1 37 182 341 283 225 341 336 341 191 119 109 181 341 305 59 341 283 132 283 197 15 283 300 341 341 70 78 341 225 272 221 225 43 119 327 341 256 35 230 54 105 3 341 223 119 61 10 119 270 274 341 38 283 61 78 53 194 192 57 3 108 119 296 250 111 283 341 143 245 70 219 60 87 61 139 166 10 56 341 194 283 10 89 63 28 334 55 341 310 131 12 303 196 283 283 215 99 12 74 3 78 123 290 122 225 341 212 266 133 281 2 2 173 77 3 341 225 116 119 277 275 48 269 216 242 128 184 114 10 117 68 341 5 267 218 283 167 169 322 68 68 22 85 168 119 209 10 283 210 119 73 321 279 208 25 328 83 70 3 5 78 326 202 309 283 341 81 301 42 295 333 304 330 320 228 175 332 268 194 11 242 8 238 251 119 170 278 244 10 70 341 224 16 189 339 3 341 52 160 10 318 91 263 163 217 294 10 12 10 102 331 341 135 198 10 266 10 276 307 207 119 4 61 2 121 311 80 176 36 341 319 27 341 225 61 214 317 3 341 249 204 324 126 58 88 33 152 245 95 341 96 234 341 39 262 297 10 60 61 175 5 10 117 3 65 61 283 3 242 29 61 232 10 3 45 40 10 253 264 10 325 265 206 258 152 70 242 2 3 19 75 136 151 3 252 125 254 136 140 213 31 159 150 137 341 69 64 12 129 6 211 63 258 13 257 171 341 254 109 316 341 3 61 41 315 233 110 341 314 101 3 60 233 119 119 61 144 273 195 194 138 71 237 72 119 154 120 156 153 341 313 286 1 259 162 241 142 157 341 199 1 302 194 100 20 5 21 205 239 200 50 76 63 51 142 323 167 92 
c [Incremental] Max used label: 341.
c [Incremental] Label 341 is removed from searching.
c [Incremental] Solving for max label = 340:
c [Incremental] Solving duration: 27569 ms.
s [Incremental] SAT (label = 340).
Label assignment: 117 340 118 22 233 11 244 234 60 2 71 109 185 299 222 224 14 11 14 33 246 115 166 43 130 39 291 60 21 59 297 340 1 19 19 166 14 299 282 282 224 283 271 282 112 293 245 235 32 78 309 116 234 136 282 224 175 192 13 235 2 148 55 233 340 222 224 293 116 166 340 13 29 82 51 175 284 303 340 2 224 274 195 146 257 140 25 59 13 234 19 116 108 15 1 293 233 2 291 316 282 3 175 154 155 224 71 340 340 116 60 331 115 299 196 266 12 175 282 334 2 140 224 340 11 203 340 60 14 292 224 333 150 200 153 340 183 1 293 282 340 1 232 15 241 14 299 13 117 115 207 15 59 145 179 164 282 16 307 97 320 305 340 314 340 70 326 223 19 1 282 20 340 123 13 306 14 323 166 282 14 224 53 116 166 302 247 1 268 282 1 175 14 14 147 178 282 41 175 340 19 116 127 293 15 340 340 224 254 230 117 282 291 63 165 120 241 116 340 193 59 2 176 270 103 177 241 224 291 1 23 224 11 335 224 291 166 60 290 165 1 1 282 290 255 166 235 122 239 149 300 116 340 197 60 166 14 288 27 133 175 233 20 176 305 190 115 241 65 2 282 224 233 258 1 107 60 224 201 315 176 176 282 340 69 1 116 222 282 232 180 6 247 222 250 143 14 76 182 16 212 60 340 175 282 252 101 119 291 1 340 189 176 340 282 220 282 113 59 166 118 1 141 293 318 233 117 172 64 223 60 311 233 282 340 171 293 1 340 15 291 2 261 2 340 301 67 59 282 338 340 14 319 69 10 131 1 71 116 57 15 340 163 233 79 260 116 61 117 134 204 253 321 60 340 308 291 327 282 256 22 252 234 282 224 166 282 224 81 2 174 117 282 4 116 135 282 267 304 2 7 59 340 68 29 176 31 1 282 291 243 340 173 340 158 199 161 90 13 24 282 170 337 1 282 180 28 340 234 151 166 29 1 251 2 218 2 340 108 121 237 71 340 314 325 95 324 206 71 340 340 340 211 129 107 282 162 26 89 138 46 282 11 117 213 80 66 306 71 2 340 234 124 265 117 93 282 221 286 249 224 297 30 282 74 285 108 224 87 298 100 322 50 222 158 37 102 224 339 340 234 112 142 7 174 125 17 340 289 224 38 62 169 224 106 282 340 166 282 297 88 59 20 77 94 85 282 280 104 282 2 152 160 264 84 292 139 282 209 227 233 1 2 224 340 340 310 13 177 340 159 117 328 233 132 144 126 296 282 157 282 236 58 225 233 272 233 35 34 224 336 86 9 340 282 176 215 1 188 36 75 231 128 72 176 279 224 208 99 313 269 92 52 15 224 60 114 278 248 108 177 49 60 60 239 294 167 1 273 282 59 340 44 40 98 340 340 216 332 96 231 59 1 2 277 137 317 15 59 340 186 340 42 176 73 3 45 340 59 287 13 224 282 156 340 275 292 111 60 83 298 219 329 189 21 13 281 240 15 263 184 187 330 249 340 235 48 18 214 47 262 248 224 38 105 117 8 238 117 312 340 228 91 295 181 202 175 60 194 340 229 59 2 208 110 191 217 1 1 5 54 59 276 340 138 210 137 56 259 168 263 242 205 226 198 
c [Incremental] Max used label: 340.
c [Incremental] Label 340 is removed from searching.
c [Incremental] Solving for max label = 339:
c [Incremental] Solving duration: 1610 ms.
s [Incremental] SAT (label = 339).
Label assignment: 117 339 118 22 233 11 244 234 60 2 71 109 185 299 222 223 14 11 14 33 246 115 165 43 130 39 291 60 21 59 297 339 1 19 19 165 14 299 281 281 223 283 271 281 112 293 245 235 32 78 309 116 234 136 281 223 175 192 13 235 2 148 55 233 339 222 223 293 116 165 339 13 29 82 51 175 284 303 339 2 223 274 195 146 257 140 25 59 13 234 19 116 107 15 1 293 233 2 291 316 281 3 175 154 155 224 71 339 339 116 60 331 115 299 196 266 12 175 281 334 2 140 223 339 11 203 339 60 14 292 223 333 150 200 153 339 183 1 293 281 339 1 232 15 241 223 299 13 117 115 207 15 59 145 179 164 281 16 307 97 320 305 339 314 339 70 326 223 19 1 281 20 339 123 13 306 14 323 165 281 14 223 53 116 165 302 247 1 268 281 1 175 14 14 147 178 281 41 175 339 19 116 127 293 15 339 339 223 254 230 117 281 291 63 165 120 241 116 339 193 59 2 176 270 103 177 241 223 291 1 23 223 11 335 223 291 165 60 290 165 1 1 281 290 255 165 235 122 239 149 300 116 339 197 60 165 14 288 27 133 175 233 20 176 305 190 115 241 65 2 281 223 233 258 1 107 60 223 201 315 176 176 281 339 69 1 116 222 281 232 180 6 247 222 250 143 14 76 182 16 212 60 339 175 281 252 101 119 291 1 339 189 176 339 281 220 281 113 59 166 118 1 141 293 318 233 117 172 64 223 60 311 233 281 339 171 293 1 339 15 291 2 261 2 339 301 67 59 281 338 339 14 319 69 10 131 1 71 116 57 15 339 163 233 79 260 116 61 117 134 204 253 321 60 339 308 291 327 281 256 22 252 234 281 223 165 281 224 81 2 174 117 281 4 116 135 281 267 304 2 7 59 339 68 29 176 31 1 281 291 243 339 173 339 158 199 161 90 13 24 281 170 337 1 281 180 28 339 234 151 165 29 1 251 2 218 2 339 107 121 237 71 339 314 325 95 324 206 71 339 339 339 211 129 107 281 162 26 89 138 46 281 11 117 213 80 66 306 71 2 339 234 124 265 117 93 281 221 286 249 223 297 30 281 74 285 107 223 87 298 100 322 49 222 158 37 102 223 339 339 234 112 142 7 174 125 17 339 289 223 35 62 169 223 106 15 339 165 281 297 88 59 20 77 94 85 281 280 104 281 2 152 160 264 84 292 139 281 209 227 233 1 2 223 339 339 310 13 177 339 159 117 328 233 132 144 126 296 281 157 281 236 58 225 233 272 233 40 34 223 336 86 9 339 281 176 215 1 188 36 75 231 128 72 176 279 223 208 99 313 269 92 52 15 223 60 114 278 248 108 177 49 60 60 239 294 167 1 273 277 59 339 44 50 98 339 339 216 332 96 231 59 1 2 277 137 317 15 59 339 186 339 42 176 73 3 45 339 59 287 13 223 281 156 339 275 292 111 60 83 298 219 329 189 21 13 282 240 15 263 184 187 330 249 339 235 48 18 214 47 262 248 223 38 105 117 8 238 117 312 339 228 91 295 181 202 175 60 194 339 229 59 2 208 110 191 217 1 1 5 54 59 276 339 138 210 137 56 259 168 263 242 205 226 198 
c [Incremental] Max used label: 339.
c [Incremental] Label 339 is removed from searching.
c [Incremental] Solving for max label = 338:
c [Incremental] Solving duration: 1909 ms.
s [Incremental] SAT (label = 338).
Label assignment: 117 224 118 22 280 11 244 2 60 222 71 109 185 338 1 222 14 11 14 33 255 115 161 60 161 39 291 60 21 59 297 338 288 19 19 164 14 338 280 282 222 283 239 256 112 293 245 235 168 78 309 122 236 136 282 222 175 192 13 280 2 148 55 4 280 7 222 338 104 161 338 13 29 82 51 122 284 303 222 338 338 267 123 146 257 140 7 59 11 2 19 116 106 15 1 293 241 2 338 316 280 280 175 154 155 224 280 222 152 241 60 3 115 338 196 280 222 175 280 338 2 140 222 222 11 69 164 60 333 292 222 338 222 200 338 2 183 248 299 280 326 1 332 217 242 222 328 13 117 115 207 15 59 145 179 150 282 16 307 97 338 306 223 316 8 70 338 116 19 253 280 20 338 123 13 305 308 338 158 338 14 222 53 26 164 302 247 222 262 280 1 175 14 14 322 178 282 41 139 221 19 116 194 293 15 254 222 222 201 222 222 280 291 63 164 120 280 116 338 193 59 280 280 268 100 205 211 222 299 338 23 338 11 280 113 291 210 60 290 164 1 1 280 290 255 161 2 246 263 149 328 116 334 196 60 166 14 287 147 133 175 233 7 219 197 164 203 59 65 161 280 222 233 258 1 106 60 222 201 315 176 176 338 222 69 1 119 1 280 232 180 6 280 222 251 143 14 76 69 16 132 60 338 114 280 280 96 1 299 338 222 59 176 338 282 280 222 111 59 165 338 1 141 317 338 233 117 172 64 338 60 311 222 280 338 171 338 1 338 15 291 2 312 2 338 301 67 59 280 222 338 1 321 69 10 66 1 71 106 52 42 222 163 233 79 275 161 61 195 134 204 130 318 60 222 315 291 327 338 258 22 252 214 282 222 164 280 224 81 2 174 117 282 28 116 135 280 280 304 241 27 59 338 68 164 189 31 1 282 291 243 338 173 338 266 222 212 90 13 24 280 164 335 338 237 180 1 338 2 151 164 280 1 35 2 219 2 338 106 121 279 71 103 314 325 95 324 206 71 21 338 338 2 129 106 5 162 38 81 138 46 280 1 198 213 80 66 338 79 2 208 338 127 265 222 93 269 103 286 249 122 297 30 280 74 285 108 222 87 337 92 338 48 54 150 185 102 222 336 280 2 101 142 298 164 125 37 338 289 222 43 62 169 222 107 15 338 338 280 299 88 59 272 77 94 85 338 280 65 280 2 153 160 281 89 280 139 280 209 227 233 1 270 329 331 59 310 13 123 219 159 298 323 1 132 144 126 296 280 157 280 338 58 226 233 278 233 40 34 59 124 86 9 143 280 164 215 1 188 36 75 231 128 72 280 276 15 208 99 313 280 92 50 15 222 60 222 222 280 107 177 48 60 60 238 261 167 259 264 282 60 222 44 59 98 338 222 32 338 92 231 59 1 2 273 210 317 15 59 338 186 216 34 274 73 220 45 280 59 225 13 222 218 156 280 25 294 190 60 83 295 131 320 338 18 1 271 280 15 280 184 187 338 250 338 234 49 17 214 47 280 319 222 150 105 222 280 230 240 330 338 228 60 338 181 202 182 60 103 300 229 91 2 208 110 191 116 1 1 12 57 59 338 338 142 210 137 56 277 170 260 84 164 226 199 
c [Incremental] Max used label: 338.
c [Incremental] Label 338 is removed from searching.
c [Incremental] Solving for max label = 337:
c [Incremental] Solving duration: 26518 ms.
s [Incremental] SAT (label = 337).
Label assignment: 190 68 1 123 221 1 59 221 279 121 32 325 122 301 279 59 95 184 200 337 34 41 84 298 242 39 174 337 194 296 279 126 38 221 337 123 337 174 337 194 337 62 123 13 33 337 157 169 221 335 129 176 279 15 198 7 230 150 118 61 205 2 120 279 121 117 23 221 12 320 337 310 105 1 62 63 163 174 337 59 64 337 337 337 332 174 63 1 126 194 155 5 62 337 59 122 192 143 279 59 337 184 160 221 10 221 184 1 198 333 62 59 1 141 40 2 337 176 200 324 279 223 279 184 97 314 154 123 122 290 1 59 59 59 59 59 221 131 194 2 243 121 140 20 337 59 1 126 1 279 236 337 179 221 1 113 140 152 193 232 77 288 300 232 126 44 121 337 87 337 1 135 123 105 118 221 61 209 327 126 123 1 175 3 337 21 66 70 31 200 159 337 337 337 194 279 60 217 96 123 103 188 59 90 140 337 337 337 279 174 337 337 173 221 116 71 2 337 142 59 67 1 337 337 279 279 1 279 116 124 287 1 337 337 2 100 337 174 26 62 8 179 4 59 231 1 64 337 17 279 337 1 123 86 221 59 279 132 85 210 130 68 290 332 337 279 319 59 337 279 84 98 94 168 337 279 122 279 337 260 59 64 61 265 337 24 221 331 198 337 59 337 68 184 30 93 62 279 94 140 37 337 1 279 200 274 47 207 250 68 202 156 123 121 189 183 1 271 279 279 48 126 29 266 178 71 131 50 158 313 122 295 12 318 59 323 59 279 279 3 337 282 221 216 198 1 337 121 337 221 203 1 221 10 59 1 72 184 122 144 4 151 59 192 337 276 62 337 5 92 269 221 78 279 126 174 116 283 11 102 112 221 123 233 244 127 221 84 116 43 42 134 116 1 10 302 80 312 279 279 178 184 337 117 63 59 91 261 184 279 118 279 337 197 101 184 337 162 90 64 337 8 200 1 161 82 311 166 279 215 127 49 207 165 279 184 122 22 6 337 183 1 123 104 27 59 229 121 337 65 142 185 118 62 279 163 195 186 337 107 337 186 122 1 337 280 184 106 1 278 337 19 279 316 337 334 140 184 147 336 247 212 337 321 337 164 1 69 6 115 172 10 337 68 53 59 120 137 246 329 270 130 290 182 284 256 228 52 108 36 221 201 110 279 169 337 1 214 184 337 6 337 204 286 51 18 1 10 198 337 279 83 8 317 337 111 253 227 220 267 224 315 211 17 293 14 337 232 1 6 79 219 59 1 35 123 1 337 171 116 184 281 337 279 109 122 28 265 225 60 241 221 245 1 200 337 285 73 279 337 268 170 222 119 337 208 137 275 251 289 257 297 272 59 1 125 163 59 5 213 279 64 135 1 145 4 45 191 259 309 129 308 277 60 234 153 61 264 263 25 252 129 99 128 74 16 307 59 15 60 81 328 262 59 258 180 199 3 248 240 114 291 12 9 59 206 337 4 146 292 13 140 57 10 54 118 64 239 1 322 226 304 299 187 126 133 306 55 330 337 337 64 139 177 46 5 70 56 337 59 138 273 218 255 140 294 326 63 10 59 149 136 181 148 45 254 58 196 249 75 68 14 89 76 4 88 113 235 68 62 237 238 167 305 303 
c [Incremental] Max used label: 337.
c [Incremental] Label 337 is removed from searching.
c [Incremental] Solving for max label = 336:
c [Incremental] Solving duration: 59784 ms.
s [Incremental] SAT (label = 336).
Label assignment: 233 253 11 23 61 60 29 5 277 195 1 1 159 43 176 233 136 59 60 202 30 36 177 137 175 92 144 203 136 167 289 117 32 234 103 60 257 5 336 278 118 14 59 235 33 314 293 57 34 293 327 1 137 237 175 75 336 3 111 78 78 35 193 177 78 59 333 2 331 119 336 59 113 89 172 119 331 193 1 115 233 201 195 118 209 22 194 66 59 253 119 336 119 124 330 278 117 330 203 238 312 59 278 159 1 253 1 59 3 13 195 235 224 2 260 73 59 291 59 297 78 307 78 241 181 233 61 334 69 257 235 336 191 118 177 81 273 80 304 1 137 136 119 59 336 177 297 59 297 1 309 194 336 12 336 1 62 225 64 177 136 1 306 211 117 1 278 174 110 38 293 122 119 153 59 231 90 200 1 336 192 3 56 227 3 334 141 162 83 182 239 133 334 18 263 161 232 254 102 117 336 163 60 128 119 117 2 117 78 183 1 119 72 295 61 45 275 2 117 336 184 136 149 217 61 125 336 84 135 253 157 61 6 125 217 96 180 153 117 235 285 61 1 336 58 1 177 28 248 235 136 150 242 235 134 3 193 282 39 31 25 109 297 136 298 331 15 59 1 1 177 296 107 296 136 136 195 118 196 98 195 195 235 336 1 85 1 293 330 136 137 106 1 235 165 9 122 336 166 203 325 291 291 273 119 78 214 9 264 235 237 334 253 252 146 253 1 180 195 336 278 59 299 78 251 21 1 299 175 235 195 118 206 1 117 332 312 245 61 119 49 215 40 253 118 136 336 319 296 336 136 217 67 123 59 195 63 233 296 177 2 182 177 193 216 136 1 117 217 335 59 278 105 136 117 288 223 229 60 278 226 258 195 71 253 177 179 262 301 16 312 175 176 100 41 293 176 217 132 78 204 59 194 293 164 78 200 74 117 243 266 259 155 66 222 293 328 160 117 151 220 315 335 59 140 192 234 297 253 309 178 1 9 156 95 1 70 2 2 44 334 117 117 290 2 101 88 194 235 279 2 61 335 323 240 1 195 195 190 135 121 177 117 194 310 168 59 244 117 78 313 210 317 26 2 270 122 293 99 286 336 137 86 1 180 65 252 2 70 175 333 255 290 335 2 78 143 124 19 126 78 199 256 117 231 123 280 3 122 315 219 250 336 237 171 61 61 179 59 136 170 320 2 138 97 186 312 1 11 233 195 67 184 24 329 336 236 1 221 76 108 117 78 64 278 249 1 268 136 294 336 8 78 59 54 1 11 272 208 134 1 295 271 158 303 1 82 94 159 68 332 253 207 4 61 11 78 59 136 59 314 20 239 59 93 300 127 145 6 246 336 48 308 117 238 114 336 78 185 47 78 119 195 55 70 116 87 261 136 59 324 305 269 310 169 195 117 60 159 59 213 1 198 336 247 61 117 120 322 292 78 188 77 78 253 59 336 1 175 230 129 1 187 312 117 67 336 311 152 336 281 1 192 117 104 299 228 276 177 217 302 147 2 265 117 70 283 336 42 180 326 79 50 118 37 52 7 112 267 136 130 46 1 316 91 10 1 78 195 136 142 212 205 189 218 139 173 253 154 321 197 318 78 17 131 284 274 336 1 53 3 27 287 51 148 
c [Incremental] Max used label: 336.
c [Incremental] Label 336 is removed from searching.
c [Incremental] Solving for max label = 335:
c [Incremental] Solving duration: 816 ms.
s [Incremental] SAT (label = 335).
Label assignment: 233 253 11 23 61 60 29 5 277 195 1 1 159 43 176 233 136 59 60 202 30 36 177 137 175 92 144 203 136 167 289 117 32 234 103 60 257 5 335 277 118 14 59 235 33 314 293 57 34 293 327 1 137 237 175 75 335 3 111 78 78 35 193 177 78 59 333 2 331 119 335 59 113 89 172 119 331 193 1 115 233 201 195 118 209 22 194 66 59 253 119 335 119 124 330 277 117 330 203 238 312 59 277 159 1 253 1 59 3 13 195 235 224 2 260 73 59 291 59 297 78 307 78 241 181 233 61 334 69 257 235 335 191 118 177 81 273 80 304 1 137 136 119 59 335 177 297 59 297 1 309 194 335 12 335 1 62 225 64 177 136 1 306 211 117 1 277 174 110 38 293 122 119 153 59 220 90 200 1 335 192 3 56 227 3 334 141 162 83 182 239 133 334 18 263 161 232 254 102 117 335 163 60 128 119 117 2 117 78 183 1 119 72 295 61 45 278 2 117 335 184 136 149 217 61 125 335 84 135 253 157 61 6 125 217 96 180 153 117 235 285 61 1 335 58 1 177 28 248 235 136 150 242 235 134 3 193 282 39 31 25 109 297 136 298 331 15 59 1 1 177 296 107 296 136 136 195 118 196 98 195 195 235 335 1 85 1 293 330 136 137 106 1 235 165 9 122 335 166 203 325 291 291 273 119 78 214 9 264 235 237 334 253 252 146 253 1 180 195 335 277 59 299 78 251 21 1 299 175 235 195 118 206 1 117 332 312 245 61 119 49 215 40 253 118 136 335 319 296 335 136 217 67 123 59 195 63 233 296 177 2 182 177 193 216 136 1 117 217 335 59 277 105 136 117 288 223 229 60 277 226 258 195 71 253 177 179 262 301 16 312 175 176 100 41 293 176 217 132 78 204 59 194 293 164 78 200 74 117 243 266 259 155 66 222 293 328 160 117 151 219 315 335 59 140 192 234 297 253 309 178 1 9 156 95 1 70 2 2 44 334 117 117 290 2 101 88 194 235 279 2 61 335 323 240 1 195 195 190 135 121 177 117 194 310 168 59 244 117 78 313 210 317 26 2 270 122 293 99 286 335 137 86 1 180 65 252 2 70 175 333 255 290 335 2 78 143 124 19 126 78 199 256 117 231 123 280 3 122 315 219 250 335 237 171 61 61 179 59 136 170 320 2 138 97 186 312 1 11 233 195 67 184 24 329 335 236 1 221 76 108 117 78 64 276 249 1 268 136 294 335 8 78 59 54 1 11 272 208 134 1 295 271 158 303 1 82 94 159 68 332 253 207 4 61 11 78 59 136 59 314 20 239 59 93 300 127 145 6 246 335 48 308 117 238 114 335 78 185 47 78 119 195 55 70 116 87 261 136 59 324 305 269 310 169 195 117 60 159 59 213 1 198 335 247 61 117 120 322 292 78 188 77 78 253 59 335 1 175 230 129 1 187 312 117 67 335 311 152 335 281 1 192 117 104 299 228 275 177 217 302 147 2 265 117 70 283 335 42 180 326 79 50 118 37 52 7 112 267 136 130 46 1 316 91 10 1 78 195 136 142 212 205 189 218 139 173 253 154 321 197 318 78 17 131 284 274 335 1 53 3 27 287 51 148 
c [Incremental] Max used label: 335.
c [Incremental] Label 335 is removed from searching.
c [Incremental] Solving for max label = 334:
c [Incremental] Solving duration: 876 ms.
s [Incremental] SAT (label = 334).
Label assignment: 233 253 11 23 61 60 29 5 276 195 1 1 159 43 176 233 136 59 60 202 30 36 177 137 175 92 144 203 136 167 289 117 32 234 102 60 257 5 334 276 118 14 59 235 33 314 282 57 34 293 327 1 137 237 175 75 334 3 111 78 78 35 193 177 78 59 333 2 331 119 334 59 113 89 172 119 331 193 1 115 233 201 195 118 209 22 194 66 59 253 119 334 119 124 330 276 117 330 203 238 312 59 276 159 1 253 1 59 3 13 195 235 224 2 260 73 59 291 59 297 78 307 78 241 181 233 61 334 69 257 235 334 191 118 177 81 273 80 304 1 137 136 119 59 334 177 297 59 297 1 309 194 334 12 334 1 62 225 64 177 136 1 306 211 117 1 276 174 110 38 293 122 119 153 59 223 90 200 1 334 192 3 56 227 3 334 141 162 83 182 239 133 334 18 263 160 232 254 103 117 334 163 60 128 119 117 2 117 78 183 1 119 72 295 61 44 280 2 117 334 184 136 149 217 61 125 334 84 135 253 161 61 6 125 217 96 180 153 117 235 285 61 1 334 58 1 177 28 248 235 136 150 242 235 134 3 222 278 39 31 25 109 297 136 298 331 15 59 1 1 177 296 107 296 136 136 195 118 196 98 195 195 235 334 1 85 1 293 330 136 137 106 1 235 165 9 122 334 166 203 325 291 291 273 119 78 214 9 264 235 237 334 253 252 146 253 1 180 195 334 276 59 299 78 251 21 1 299 175 235 195 118 206 1 117 332 312 245 61 119 49 215 40 253 118 136 334 319 296 334 136 217 67 123 59 195 63 233 296 177 2 182 177 193 216 136 1 117 217 334 59 276 105 136 117 288 220 229 60 276 226 258 195 71 253 177 179 262 301 16 312 175 176 100 41 293 176 217 132 78 204 59 194 293 164 78 200 74 117 243 266 259 155 66 219 293 328 157 117 151 218 315 334 59 140 192 234 297 253 309 178 1 9 156 95 1 70 2 2 45 334 117 117 290 2 101 88 194 235 279 2 61 334 323 240 1 195 195 190 135 121 177 117 194 310 168 59 244 117 78 313 210 317 26 2 270 122 293 99 286 334 137 86 1 180 65 252 2 70 175 333 255 290 334 2 78 143 124 19 126 78 199 256 117 231 123 277 3 122 315 218 250 334 237 171 61 61 179 59 136 170 320 2 138 97 186 312 1 11 233 195 67 184 24 329 334 236 1 221 76 108 117 78 64 276 249 1 268 136 294 334 8 78 59 54 1 11 272 208 134 1 295 271 158 303 1 82 94 159 68 332 253 207 4 61 11 78 59 136 59 314 20 239 59 93 300 127 145 6 246 334 48 308 117 238 114 334 78 185 47 78 119 195 55 70 116 87 261 136 59 324 305 269 310 169 195 117 60 159 59 213 1 198 334 247 61 117 120 322 292 78 188 77 78 253 59 334 1 175 230 129 1 187 312 117 67 334 311 152 334 281 1 192 117 104 299 228 275 177 217 302 147 2 265 117 70 283 334 42 180 326 79 50 118 37 52 7 112 267 136 130 46 1 316 91 10 1 78 195 136 142 212 205 189 218 139 173 253 154 321 197 318 78 17 131 284 274 334 1 53 3 27 287 51 148 
c [Incremental] Max used label: 334.
c [Incremental] Label 334 is removed from searching.
c [Incremental] Solving for max label = 333:
c [Incremental] Solving duration: 54182 ms.
s [Incremental] SAT (label = 333).
Label assignment: 233 253 11 23 61 60 29 5 274 195 1 1 159 43 176 233 136 59 60 202 30 36 177 137 175 92 144 203 136 167 289 117 32 234 103 60 257 5 333 275 118 14 59 235 33 314 293 57 34 293 327 1 137 237 175 75 333 3 111 78 78 35 193 161 78 59 333 2 331 119 333 59 113 89 172 119 331 193 1 115 233 201 195 118 161 22 194 66 59 253 119 219 119 124 330 333 117 330 203 238 312 59 278 159 1 253 1 59 3 13 195 235 224 2 260 73 59 291 59 297 78 307 78 241 181 233 61 331 69 257 235 333 191 118 177 81 273 80 304 1 137 136 119 59 333 177 297 59 297 1 309 194 333 12 333 1 62 225 64 177 136 1 306 211 117 1 215 174 110 38 293 122 119 153 59 231 90 200 1 331 192 3 56 227 3 333 141 162 83 182 239 133 331 18 263 161 232 254 102 117 82 163 60 128 119 117 2 117 78 183 1 119 332 295 61 45 275 2 117 332 184 136 149 215 61 125 332 84 135 253 157 61 6 125 217 96 333 153 117 235 285 61 1 331 58 1 177 28 248 235 136 150 242 235 134 3 193 282 39 31 25 109 297 136 298 331 15 59 1 1 177 296 107 296 136 136 195 118 196 98 195 195 235 333 1 85 1 293 330 136 137 106 1 235 165 9 122 332 166 203 325 291 291 273 119 78 214 9 264 235 237 332 253 252 146 253 1 180 195 329 272 59 299 78 251 21 1 299 175 235 195 118 206 1 117 332 312 245 61 119 49 215 40 253 118 136 333 331 296 333 136 217 67 123 59 195 63 233 223 177 2 182 177 193 216 136 1 117 273 327 59 275 103 136 117 288 228 229 60 270 226 258 195 71 253 177 179 262 301 16 325 175 176 100 41 293 176 274 132 78 220 59 194 293 164 72 200 74 117 243 266 259 154 66 222 293 328 160 117 151 212 315 333 59 140 204 234 297 253 309 178 1 9 156 95 1 70 2 2 44 319 117 117 290 2 101 88 194 235 279 2 61 333 323 240 1 195 195 190 135 121 177 117 194 310 168 59 244 117 78 313 210 317 26 2 270 122 277 99 286 208 137 86 1 180 65 252 2 70 175 333 255 290 324 2 78 143 124 19 126 78 199 256 117 250 123 280 3 122 315 219 266 324 237 171 61 61 179 59 136 170 320 2 138 97 186 312 1 11 233 195 67 184 24 329 331 236 1 221 76 108 117 78 64 278 268 1 268 136 294 333 8 78 59 54 1 11 272 173 134 1 295 271 158 303 1 82 94 159 68 332 253 207 4 61 11 78 59 136 59 314 20 239 59 93 300 127 145 6 246 321 48 308 117 287 114 333 78 185 47 78 119 195 55 70 116 87 261 136 59 324 305 269 310 169 195 117 60 159 59 213 1 198 333 247 61 117 120 322 292 78 188 77 78 253 59 325 1 175 230 129 1 187 312 117 67 320 311 152 249 281 1 192 117 104 299 284 275 177 273 302 147 2 265 117 70 283 333 42 180 326 79 50 118 37 52 7 112 267 136 130 46 1 316 105 10 1 78 195 136 142 209 205 189 218 139 155 253 91 321 197 318 78 17 131 276 274 333 1 53 3 27 332 51 148 
c [Incremental] Max used label: 333.
c [Incremental] Label 333 is removed from searching.
c [Incremental] Solving for max label = 332:
c [Incremental] Solving duration: 961 ms.
s [Incremental] SAT (label = 332).
Label assignment: 233 253 11 23 61 60 29 5 274 195 1 1 159 43 176 233 136 59 60 202 30 36 177 137 175 92 144 203 136 167 289 117 32 234 103 60 257 5 332 274 118 14 59 235 33 314 293 57 34 293 327 1 137 237 175 75 332 3 111 78 78 35 193 161 78 59 332 2 331 119 332 59 113 89 172 119 331 193 1 115 233 201 195 118 161 22 194 66 59 253 119 219 119 124 330 332 117 330 203 238 312 59 278 159 1 253 1 59 3 13 195 235 224 2 260 73 59 291 59 297 78 307 78 241 181 233 61 331 69 257 235 332 191 205 177 81 273 80 304 1 137 136 119 59 332 177 297 59 297 1 309 194 332 12 332 1 62 225 64 177 136 1 306 211 117 1 215 174 110 38 293 122 119 153 59 231 90 200 1 331 192 3 56 227 3 332 141 162 83 182 239 133 331 18 263 161 232 254 102 117 82 163 154 128 119 117 2 117 78 183 1 119 332 60 61 45 275 2 117 154 184 136 149 215 61 125 332 84 135 253 157 61 6 125 217 96 332 153 117 235 285 332 1 331 58 1 177 28 248 235 136 150 242 235 134 3 193 282 39 31 25 109 297 136 298 331 15 59 1 1 177 296 107 296 136 136 332 118 196 98 195 195 235 332 1 85 1 293 330 136 137 106 1 266 165 9 122 332 166 203 325 291 291 273 119 332 214 9 264 235 237 332 253 252 146 253 1 180 195 329 272 59 299 78 251 21 1 299 175 235 78 212 206 1 117 332 312 245 61 119 49 215 40 273 118 136 332 216 296 332 136 217 67 123 59 195 63 233 223 177 2 182 177 193 216 136 207 117 274 327 59 78 103 136 117 288 228 229 60 270 226 274 195 71 253 177 179 262 301 16 325 175 176 100 41 293 176 274 132 332 220 59 194 332 164 196 200 74 117 243 266 259 154 66 222 293 328 160 117 151 212 315 332 59 140 204 234 297 254 309 178 1 9 156 95 1 70 2 2 44 319 117 117 290 2 159 88 194 235 279 2 61 332 323 240 1 195 195 190 135 121 177 117 194 310 168 59 244 117 78 313 210 317 26 2 270 122 277 99 286 208 137 86 1 180 65 252 2 70 175 332 255 290 324 2 78 143 124 19 126 78 199 256 117 250 123 280 3 122 315 219 266 324 237 171 61 61 179 59 136 170 332 2 138 97 186 332 1 11 233 195 67 184 24 329 331 236 1 221 76 108 117 78 64 278 268 1 268 136 294 332 8 215 59 54 1 11 272 173 134 1 295 271 158 303 1 82 94 101 68 332 253 207 4 61 11 137 59 136 59 314 20 239 59 137 300 127 145 6 246 321 48 308 117 287 114 332 78 61 47 78 119 78 55 70 116 87 261 136 59 324 305 269 310 169 195 117 60 93 59 213 1 198 332 247 61 117 148 322 292 78 188 77 78 253 59 1 1 175 230 129 1 185 311 117 67 138 302 152 249 281 1 192 117 104 320 284 101 177 273 316 139 2 265 117 70 283 332 42 180 332 79 50 118 37 35 7 112 267 136 120 46 258 332 105 10 1 78 195 195 130 209 197 187 218 142 155 273 91 318 189 326 72 17 131 276 274 332 1 53 51 27 332 52 147 
c [Incremental] Max used label: 332.
c [Incremental] Label 332 is removed from searching.
c [Incremental] Solving for max label = 331:
c [Incremental] Solving duration: 912 ms.
s [Incremental] SAT (label = 331).
Label assignment: 233 253 11 23 61 60 29 5 273 195 1 1 159 41 176 233 136 59 60 202 30 36 177 137 175 92 144 203 136 167 289 117 32 234 103 60 257 5 331 273 118 14 59 235 33 314 293 57 34 293 327 1 137 237 175 75 331 3 111 78 78 35 193 161 78 59 331 2 331 119 331 59 113 89 172 119 331 193 1 115 233 201 195 118 161 22 194 66 59 253 119 219 119 124 330 331 117 330 203 238 312 59 278 159 1 253 1 59 3 13 195 235 224 2 260 73 59 291 59 297 78 307 78 241 181 233 61 331 69 257 235 331 191 118 177 81 273 80 304 1 137 136 119 59 331 177 297 59 297 1 309 194 331 12 331 1 62 225 64 177 136 1 306 211 117 1 215 174 110 38 293 122 119 153 59 231 90 200 1 331 192 3 56 227 3 331 141 162 83 182 239 133 331 18 263 161 232 254 102 117 82 163 60 128 119 117 2 117 78 183 1 119 331 295 61 45 275 2 117 331 184 136 149 215 61 125 331 84 135 253 157 61 6 125 217 96 331 153 117 235 287 61 1 331 58 1 173 28 248 235 136 150 242 235 134 3 193 283 39 31 25 109 297 136 298 331 15 59 1 1 177 296 107 296 136 136 195 118 196 98 195 195 235 331 1 85 1 293 330 136 137 106 1 235 168 9 122 331 166 203 325 291 291 273 119 78 230 9 264 235 237 331 253 252 146 253 1 180 195 329 272 59 299 78 251 21 1 299 175 235 195 118 206 1 117 331 312 245 61 119 49 215 40 253 118 136 331 331 296 331 136 215 67 123 59 195 63 233 216 177 2 182 177 193 214 136 1 117 273 327 59 273 100 136 117 288 228 229 60 270 223 258 195 71 253 177 179 262 301 16 325 175 176 101 41 293 176 273 132 78 220 59 194 293 158 72 200 74 117 243 266 259 154 66 222 293 328 160 117 151 212 315 331 59 140 204 234 297 253 309 178 1 9 156 95 1 70 2 2 44 319 117 117 290 2 99 88 194 235 279 2 61 331 323 240 1 195 195 190 135 121 177 117 194 310 165 59 244 117 78 313 210 317 26 2 270 122 277 98 286 208 137 86 1 180 65 252 2 70 175 331 255 290 324 2 78 143 124 19 126 78 199 256 117 250 123 280 3 122 315 219 266 324 237 171 61 61 179 59 136 170 320 2 138 97 186 312 1 11 233 195 67 184 24 329 331 236 1 221 76 108 117 78 64 282 268 1 268 136 294 331 8 78 59 54 1 20 272 164 134 1 295 271 156 303 1 82 94 159 68 331 253 207 4 61 11 78 59 136 59 314 42 239 59 93 300 127 145 6 246 321 48 308 117 274 114 331 78 185 47 78 119 195 55 70 116 87 261 136 59 324 305 269 310 169 195 117 60 157 59 213 1 198 331 247 61 117 120 322 292 78 188 77 78 253 59 325 1 175 226 129 1 187 312 117 67 320 311 152 249 281 1 192 117 104 299 284 273 177 273 302 147 2 265 117 70 285 331 43 180 326 79 50 118 37 52 7 112 267 136 130 46 1 316 105 10 1 78 195 136 142 209 205 189 218 139 155 253 91 321 197 318 78 17 131 276 273 331 1 53 3 27 331 51 148 
c [Incremental] Max used label: 331.
c [Incremental] Label 331 is removed from searching.
c [Incremental] Solving for max label = 330:
c [Incremental] Solving duration: 921 ms.
s [Incremental] SAT (label = 330).
Label assignment: 233 253 11 23 61 60 29 5 272 195 1 1 159 38 176 233 136 59 60 202 30 36 177 137 175 92 144 203 136 167 275 117 32 234 103 60 257 5 330 272 118 14 59 235 33 314 293 57 34 293 327 1 137 237 175 75 330 3 111 78 78 35 193 161 78 59 330 2 330 119 330 59 113 89 172 119 330 193 1 115 233 201 195 118 157 22 194 66 59 253 119 219 119 124 330 330 117 330 203 238 312 59 278 159 1 253 1 59 3 13 195 235 224 2 260 73 59 291 59 297 78 307 78 241 181 233 61 330 69 257 235 330 191 118 177 81 272 80 304 1 137 136 119 59 330 177 297 59 297 1 309 194 330 12 330 1 62 225 64 177 136 1 306 211 117 1 214 174 110 35 293 122 119 153 59 231 90 200 1 330 192 3 56 227 3 330 141 162 83 182 239 133 330 18 263 161 232 254 102 117 82 163 60 128 119 117 2 117 78 183 1 119 330 295 61 45 274 2 117 330 184 136 149 214 61 125 330 84 135 253 157 61 6 125 217 94 330 153 117 235 285 61 1 330 58 1 158 28 248 235 136 150 242 235 134 3 193 282 39 31 25 109 297 136 298 330 15 59 1 1 177 296 107 296 136 136 195 118 196 93 195 195 235 330 1 85 1 293 330 136 137 106 1 235 165 9 122 330 166 203 325 291 291 272 119 78 216 9 264 235 237 330 253 252 146 253 1 180 195 329 272 59 299 78 251 21 1 299 175 235 195 118 206 1 117 330 312 245 61 119 49 214 40 253 118 136 330 330 296 330 136 214 67 123 59 195 63 233 223 177 2 182 177 193 214 136 1 117 272 327 59 272 99 136 117 288 228 229 60 270 226 258 195 71 253 177 179 262 301 16 325 175 176 101 41 293 176 272 132 78 220 59 194 293 164 72 200 74 117 243 273 259 154 66 222 293 328 160 117 151 212 315 330 59 140 204 234 297 253 309 178 1 9 156 95 1 70 2 2 44 319 117 117 290 2 96 88 194 235 279 2 61 330 323 240 1 195 195 190 135 121 177 117 194 310 168 59 244 117 78 313 210 317 26 2 270 122 277 98 286 208 137 86 1 180 65 252 2 70 175 330 255 290 324 2 78 143 124 19 126 78 199 256 117 250 123 280 3 122 315 219 266 324 237 171 61 61 179 59 136 170 320 2 138 97 186 312 1 11 233 195 67 184 24 329 330 236 1 221 76 108 117 78 64 289 268 1 268 136 294 330 8 78 59 54 1 20 272 173 134 1 295 271 156 303 1 82 215 159 68 330 253 207 4 61 11 78 59 136 59 314 42 239 59 100 300 127 145 6 246 321 48 308 117 287 114 330 78 185 47 78 119 195 55 70 116 87 261 136 59 324 305 269 310 169 195 117 60 156 59 213 1 198 330 247 61 117 120 322 292 78 188 77 78 253 59 325 1 175 230 129 1 187 312 117 67 320 311 152 249 281 1 192 117 104 299 284 272 177 272 302 147 2 265 117 70 283 330 43 180 326 79 50 118 37 52 7 112 267 136 130 46 1 316 105 10 1 78 195 136 142 209 205 189 218 139 155 253 91 321 197 318 78 17 131 276 272 330 1 53 3 27 330 51 148 
c [Incremental] Max used label: 330.
c [Incremental] Label 330 is removed from searching.
c [Incremental] Solving for max label = 329:
c [Incremental] Solving duration: 910 ms.
s [Incremental] SAT (label = 329).
Label assignment: 233 253 9 23 61 60 29 5 271 195 1 1 159 43 176 233 136 59 60 202 30 36 177 137 175 92 144 203 136 167 275 117 32 234 103 60 257 5 329 271 118 14 59 235 33 314 293 57 34 293 327 1 137 237 175 75 329 3 111 78 78 35 193 161 78 59 329 2 329 119 329 59 113 89 172 119 329 193 1 115 233 201 195 118 161 22 194 66 59 253 119 219 119 124 329 329 117 329 203 238 312 59 278 159 1 253 1 59 3 13 195 235 224 2 273 73 59 291 59 297 78 307 78 241 181 233 61 329 69 257 235 329 191 118 177 81 271 80 304 1 137 125 119 59 329 177 297 59 297 1 309 194 329 12 329 1 62 225 64 177 136 1 306 211 117 1 212 174 110 38 293 122 119 153 59 216 90 200 1 329 192 3 56 227 3 329 141 162 83 182 239 133 329 18 263 161 232 254 102 117 82 163 60 128 119 117 2 117 78 183 1 119 329 295 61 45 274 2 117 329 184 136 149 212 61 125 329 84 135 253 157 61 6 125 217 96 329 153 117 235 285 61 1 329 58 1 177 28 248 235 136 150 242 235 134 3 193 282 39 31 25 109 297 136 298 329 15 59 1 1 177 296 107 296 136 136 195 118 196 98 195 195 235 329 1 85 1 293 329 136 137 106 1 235 165 9 122 329 166 203 325 291 291 271 119 78 214 9 264 235 237 329 253 252 146 253 1 180 195 329 271 59 299 78 251 21 1 299 175 235 195 118 206 1 117 329 312 245 61 119 49 212 40 253 118 136 329 329 296 329 136 212 67 123 59 195 63 233 223 177 2 182 177 193 36 136 1 117 271 327 59 271 103 136 117 288 228 229 60 270 226 258 195 71 253 177 179 262 301 16 325 175 176 100 41 293 176 271 132 78 220 59 194 293 164 72 200 74 117 243 272 259 154 66 222 293 328 160 117 151 213 315 329 59 140 204 234 297 253 309 178 1 9 156 95 1 70 2 2 44 319 117 117 290 2 101 88 194 235 279 2 61 329 323 240 19 195 195 190 135 121 177 117 194 310 168 59 244 117 78 313 210 317 26 2 270 122 277 99 286 208 137 86 1 180 65 252 2 70 175 138 255 290 324 2 78 143 124 24 126 78 199 256 117 231 123 280 3 122 315 219 266 324 237 171 61 61 179 59 136 170 320 2 138 97 186 312 1 20 233 195 67 184 47 329 329 236 1 221 76 108 117 78 64 289 268 1 268 136 294 329 8 67 59 55 1 183 271 173 134 1 295 250 158 303 1 82 94 159 68 329 253 207 4 61 11 78 59 136 59 314 46 239 59 93 300 127 145 6 246 321 48 308 117 287 114 329 78 185 54 78 119 195 51 70 116 87 261 136 59 324 305 269 310 169 195 117 60 2 59 215 1 198 329 247 61 117 120 322 292 78 188 77 67 253 59 325 1 175 230 129 1 187 312 117 67 320 311 152 249 281 1 192 117 104 299 284 271 177 271 302 147 2 265 117 70 283 329 42 180 326 79 50 118 37 61 7 112 267 136 130 212 260 316 105 10 1 78 195 136 142 209 205 189 218 139 155 253 91 321 197 318 78 17 131 276 271 329 1 53 3 27 329 52 148 
c [Incremental] Max used label: 329.
c [Incremental] Label 329 is removed from searching.
c [Incremental] Solving for max label = 328:
c [Incremental] Solving duration: 22527 ms.
s [Incremental] SAT (label = 328).
Label assignment: 139 328 149 328 12 17 113 59 328 1 297 179 16 117 251 328 1 2 212 328 105 1 328 220 118 164 241 212 207 59 212 241 286 182 174 212 42 241 78 328 288 212 53 299 59 212 116 299 219 117 254 207 328 69 328 299 117 241 212 14 1 116 83 12 22 212 212 59 117 291 71 2 117 171 191 313 1 44 59 25 60 94 118 112 299 107 297 117 186 328 16 128 151 78 59 16 270 25 160 110 78 241 70 142 328 212 328 17 78 182 1 183 328 119 297 299 2 117 328 60 277 328 270 183 295 278 212 270 1 232 60 85 328 328 214 25 232 2 16 60 149 72 252 270 1 78 121 2 270 328 282 77 14 249 271 163 212 117 232 16 328 224 16 123 60 232 80 179 173 70 1 1 16 299 212 92 328 201 78 117 83 212 87 170 78 16 17 312 231 194 153 270 309 304 328 246 1 212 1 212 230 17 176 65 270 1 78 59 270 255 130 17 328 127 328 115 115 116 16 85 308 195 212 270 226 32 117 232 16 10 252 270 62 328 241 299 16 59 218 1 111 14 270 18 200 212 212 169 299 328 270 59 1 130 328 212 299 97 90 59 328 212 290 212 176 280 175 2 328 2 15 268 221 240 212 100 328 13 172 12 88 212 257 290 199 205 270 2 284 85 328 29 299 59 299 137 328 16 109 36 212 85 1 172 270 22 299 174 328 193 192 60 85 72 35 59 183 59 328 34 266 1 157 328 222 256 212 174 328 328 270 2 16 194 299 7 82 146 152 328 95 93 229 207 305 116 46 255 71 270 85 118 182 2 181 212 136 60 108 319 328 1 76 78 143 147 328 60 138 96 328 60 227 270 60 237 1 116 328 242 299 325 40 238 270 328 13 124 16 183 232 96 122 314 59 258 213 159 328 11 2 315 16 1 299 1 117 299 60 81 26 328 267 232 117 2 17 223 190 116 328 117 31 2 1 270 328 236 328 16 17 2 126 233 117 328 15 78 270 184 270 241 262 1 296 183 48 91 60 43 75 212 85 162 101 211 212 158 178 106 275 13 60 130 67 41 2 10 270 207 1 125 169 197 139 264 252 2 298 104 116 59 328 60 1 120 328 270 307 1 17 227 16 60 245 328 60 252 79 64 328 301 105 270 253 47 328 218 28 270 174 103 160 129 198 300 1 13 270 244 194 328 194 92 203 68 117 299 167 1 148 9 4 60 115 324 225 117 294 144 188 202 45 194 311 317 180 216 232 2 328 306 2 39 150 206 247 73 89 323 239 118 303 85 273 2 165 187 293 2 131 269 318 270 328 59 328 7 66 177 290 99 234 2 212 272 78 114 292 38 8 134 321 212 166 265 133 1 197 102 328 328 265 182 1 55 6 84 270 204 210 2 197 5 59 212 235 185 326 279 243 99 209 27 232 2 289 328 154 60 212 212 230 265 136 316 86 189 58 37 168 2 3 19 263 215 63 250 328 132 54 78 74 60 322 328 287 56 194 155 161 328 274 49 320 30 140 33 135 276 61 19 136 59 59 217 290 283 248 20 60 201 328 327 228 98 212 24 145 69 1 285 208 7 156 270 59 207 23 310 302 18 57 18 141 21 259 22 281 260 196 261 50 52 51 
c [Incremental] Max used label: 328.
c [Incremental] Label 328 is removed from searching.
c [Incremental] Solving for max label = 327:
c [Incremental] Solving duration: 1157 ms.
s [Incremental] SAT (label = 327).
Label assignment: 139 327 149 327 12 17 113 59 327 1 297 179 16 117 251 327 1 2 211 327 105 1 327 220 118 164 241 211 207 59 211 241 286 182 174 211 42 241 78 327 288 212 53 299 59 211 116 299 219 117 254 207 327 69 327 299 117 241 212 14 1 116 83 12 22 211 211 59 117 291 71 2 117 171 191 313 1 46 59 25 60 94 118 112 299 107 297 117 186 327 16 128 151 78 59 16 269 25 157 110 78 241 70 142 327 211 327 17 78 182 1 183 327 119 297 299 2 117 327 60 277 327 269 183 295 278 211 269 1 232 60 85 327 327 214 25 232 2 16 60 149 72 252 269 1 78 121 2 269 327 282 77 14 249 271 163 211 117 232 16 327 224 16 123 60 232 80 179 173 70 1 1 16 299 211 92 327 201 78 117 83 211 87 170 78 16 17 312 231 194 153 269 309 304 327 246 1 211 1 211 230 17 176 65 269 1 78 59 269 255 130 17 327 127 327 115 115 116 16 85 308 195 211 269 226 32 117 232 16 10 252 269 62 327 241 299 16 59 218 1 111 14 269 18 200 212 211 169 299 327 269 59 1 130 327 211 299 97 90 59 327 211 287 211 176 280 175 2 327 2 15 268 221 240 211 100 327 13 172 12 88 211 257 290 199 205 269 2 284 85 327 29 299 59 299 137 327 16 109 36 211 85 1 172 269 22 299 174 327 193 192 60 85 72 34 59 183 59 327 44 266 1 160 327 222 256 211 161 327 327 269 2 16 194 299 7 82 146 152 327 95 93 229 207 305 116 45 255 71 269 85 118 182 2 181 211 136 60 108 319 327 1 76 78 143 147 327 60 138 96 327 60 227 269 60 237 1 116 327 242 299 325 40 238 269 327 13 124 16 183 232 95 122 314 59 258 213 159 327 11 2 315 16 1 299 1 117 299 60 81 26 327 267 232 117 2 17 223 190 116 327 117 31 2 1 269 327 236 327 16 17 2 126 233 117 327 15 78 269 184 269 241 262 1 296 183 48 91 60 43 75 211 85 162 101 211 211 158 178 106 275 13 60 130 67 41 2 10 269 207 1 125 169 197 139 264 252 2 298 104 116 59 327 60 1 120 327 269 307 1 17 227 16 60 245 327 60 252 79 64 327 301 105 269 253 47 327 218 28 269 174 103 160 129 198 300 1 13 269 244 194 327 194 92 203 68 117 299 167 1 148 9 4 60 115 324 225 117 294 144 188 202 39 194 311 317 180 216 232 2 327 306 2 38 150 206 247 73 89 323 239 118 303 85 273 2 165 187 293 2 131 269 318 269 327 59 327 7 66 177 290 102 234 2 211 272 78 114 292 35 8 134 321 211 166 265 133 1 197 102 327 327 265 182 1 55 6 84 269 204 210 2 197 5 59 210 235 185 326 279 243 99 209 27 232 2 289 327 153 60 211 208 230 265 136 316 86 189 58 37 168 2 3 19 263 215 63 250 327 132 54 78 74 60 322 327 281 56 194 155 156 327 274 49 320 30 140 33 135 276 61 19 136 59 59 217 290 283 248 20 60 201 327 327 228 98 211 24 145 69 1 285 208 7 154 269 59 207 23 310 302 18 57 18 141 21 259 22 270 260 196 261 50 52 51 
c [Incremental] Max used label: 327.
c [Incremental] Label 327 is removed from searching.
c [Incremental] Solving for max label = 326:
c [Incremental] Solving duration: 31998 ms.
s [Incremental] SAT (label = 326).
Label assignment: 1 249 179 326 326 59 1 297 121 59 90 17 110 118 59 326 174 59 59 11 1 281 118 59 181 297 116 326 239 159 118 1 1 326 194 1 174 299 326 242 181 1 1 290 326 304 1 184 174 299 59 182 256 19 118 96 77 1 118 1 59 247 174 250 297 297 59 1 232 326 326 59 326 174 1 268 116 262 326 59 118 118 1 326 59 163 151 326 1 239 300 1 183 326 1 1 152 118 193 116 326 123 118 1 150 89 118 59 326 10 295 59 275 153 1 133 59 4 1 297 59 276 59 299 174 295 326 326 110 174 326 1 234 279 191 118 174 297 299 117 123 297 137 59 299 145 1 60 91 232 59 122 114 59 59 1 1 326 105 232 254 148 102 116 297 1 326 16 59 130 326 297 326 234 62 326 285 1 326 1 167 88 1 227 326 126 311 99 218 142 326 152 59 174 239 59 85 118 59 59 174 159 225 297 326 173 1 244 60 113 181 326 83 239 131 252 118 1 204 245 12 215 238 302 59 62 1 67 298 282 59 59 326 234 230 59 76 174 97 197 117 92 122 255 18 87 118 59 1 259 326 125 326 108 326 59 181 1 143 1 280 213 156 1 310 65 297 59 239 176 125 59 82 309 237 297 59 65 267 188 1 118 1 169 118 217 208 59 118 313 1 163 1 297 141 299 134 232 221 326 62 297 59 232 326 121 14 15 268 1 173 284 297 326 165 121 65 174 74 174 1 59 222 261 1 62 326 219 290 239 59 121 1 326 259 117 1 149 186 128 22 47 1 316 132 1 174 152 1 304 1 43 283 86 123 211 68 117 190 289 125 125 147 210 291 178 239 297 210 232 64 299 326 117 297 269 115 33 78 291 32 1 297 7 268 125 73 301 4 1 315 326 129 174 231 166 326 109 239 297 162 123 120 1 288 121 210 101 117 318 119 268 59 59 104 59 207 27 1 158 277 1 1 123 1 1 326 1 326 232 62 248 297 299 111 259 59 1 123 26 1 118 1 172 2 192 160 297 25 1 1 4 1 232 297 59 20 37 201 326 14 62 318 177 239 100 64 123 123 62 326 1 303 93 210 224 139 312 84 169 226 1 260 253 243 28 239 187 216 59 326 1 258 299 24 61 314 200 318 326 59 233 321 123 157 98 264 236 80 116 223 117 30 189 202 29 66 59 1 121 232 239 196 291 174 5 59 123 21 326 3 71 123 241 209 232 146 1 305 63 214 239 59 198 112 1 175 31 239 59 199 59 121 326 1 136 181 1 125 164 59 103 324 23 59 1 278 212 45 241 46 195 232 59 206 297 1 94 297 59 263 292 232 240 121 170 326 296 44 81 79 232 325 323 1 294 59 317 6 308 266 267 59 174 59 42 144 1 181 320 319 59 171 73 235 38 1 205 116 232 57 40 210 121 116 70 59 140 36 4 59 1 60 119 265 239 180 307 59 75 202 65 1 59 123 161 1 95 239 220 322 1 306 118 107 56 168 293 69 50 72 59 118 127 251 246 1 106 58 155 118 257 260 41 49 174 124 229 135 118 138 48 287 59 286 51 210 121 55 121 54 1 121 154 274 59 52 1 273 8 59 9 13 203 271 120 185 35 297 228 34 39 270 272 53 
c [Incremental] Max used label: 326.
c [Incremental] Label 326 is removed from searching.
c [Incremental] Solving for max label = 325:
c [Incremental] Solving duration: 1056 ms.
s [Incremental] SAT (label = 325).
Label assignment: 1 249 179 325 325 59 1 297 121 59 92 270 110 118 59 325 174 59 59 13 1 281 118 59 181 297 116 325 239 159 118 241 11 325 194 1 174 299 325 242 181 1 1 290 325 304 1 184 174 299 59 182 256 19 118 96 77 1 118 1 59 247 174 250 297 297 59 1 232 325 325 59 268 174 1 267 116 262 325 59 118 118 1 325 59 163 3 325 1 239 300 1 183 325 1 1 151 118 193 116 325 123 118 1 150 89 118 59 325 26 295 59 275 153 1 254 59 4 1 297 59 276 59 299 174 295 325 325 110 174 325 1 234 1 191 118 174 297 299 1 123 297 137 59 299 145 1 60 91 232 59 122 114 59 59 1 1 325 105 232 254 148 102 115 297 1 208 16 59 130 325 297 325 234 62 325 285 1 325 1 167 88 12 227 325 126 311 99 218 142 325 151 59 174 2 59 85 118 59 59 174 159 225 297 325 173 1 244 60 113 181 325 83 239 131 252 1 1 204 245 18 215 238 302 59 62 1 67 288 267 81 59 325 234 230 59 76 174 97 197 117 61 122 2 20 87 118 59 1 259 325 125 287 108 325 59 181 21 143 1 280 213 156 1 310 65 297 59 239 176 125 59 82 309 237 297 59 65 267 188 1 118 1 169 118 217 208 59 118 313 1 163 1 297 141 299 134 232 221 325 62 297 59 232 325 121 14 3 267 1 173 284 297 119 165 121 65 174 74 174 1 59 222 261 1 62 325 219 279 239 59 121 1 325 259 117 1 149 186 128 22 47 1 316 132 1 174 152 1 304 1 43 283 86 123 211 68 117 190 289 125 125 147 209 291 178 239 297 325 221 64 299 325 117 297 269 109 33 78 291 32 1 297 7 267 125 73 301 4 1 315 325 129 174 231 166 325 133 239 297 162 123 120 1 286 121 209 101 117 318 119 267 59 65 104 90 207 27 1 158 277 1 1 123 1 1 325 1 325 210 62 248 297 299 111 259 59 1 125 273 1 118 1 172 2 192 160 297 25 23 1 4 1 232 297 59 17 37 201 325 14 62 318 177 239 100 64 123 123 62 325 1 303 94 325 224 139 312 84 169 226 1 260 253 243 28 239 187 216 59 325 1 258 299 31 61 314 200 318 325 59 233 321 123 157 98 264 236 80 116 223 117 30 189 202 29 67 66 1 121 229 62 196 292 174 5 59 123 325 325 253 71 123 241 209 232 146 1 305 63 214 239 59 198 112 1 175 34 239 59 199 59 121 325 1 136 181 1 125 164 59 103 324 24 59 1 278 212 45 241 46 195 232 59 206 297 255 93 298 59 263 294 232 240 121 170 325 313 44 79 61 232 325 323 1 296 59 317 3 308 266 267 60 174 59 42 144 1 181 320 319 59 171 61 235 38 123 205 116 232 57 40 209 121 116 70 59 140 35 4 59 1 60 4 265 239 180 307 59 75 202 65 6 59 123 161 1 95 239 220 322 1 306 118 107 56 168 293 69 50 72 59 118 127 251 246 8 106 58 155 118 257 260 41 49 325 124 229 135 118 138 48 282 62 267 51 209 121 55 121 54 1 121 154 274 59 52 238 267 9 59 10 15 203 271 120 185 36 297 228 3 39 267 272 53 
c [Incremental] Max used label: 325.
c [Incremental] Label 325 is removed from searching.
c [Incremental] Solving for max label = 324:
c [Incremental] Solving duration: 940 ms.
s [Incremental] SAT (label = 324).
Label assignment: 1 249 179 324 324 59 1 297 121 59 90 17 110 118 59 324 174 59 59 11 1 281 118 59 181 297 116 324 239 159 118 1 1 324 194 1 174 299 324 242 181 1 1 290 324 304 1 184 174 299 59 182 256 19 118 96 77 1 118 1 59 247 174 250 297 297 59 1 232 324 324 59 324 174 1 266 116 262 324 59 118 118 1 324 59 163 148 324 1 239 300 1 183 324 1 1 150 118 193 116 324 123 118 1 150 89 118 59 324 10 295 59 275 153 1 133 59 4 1 297 59 276 59 299 174 295 324 324 110 174 324 1 234 279 191 118 174 297 299 117 123 297 137 59 299 145 1 60 93 232 59 122 114 59 59 1 1 324 105 232 254 151 102 116 297 1 324 16 59 130 324 297 324 234 62 324 285 1 324 1 167 88 1 227 324 126 311 99 218 142 324 150 59 174 239 59 85 118 59 59 174 159 225 297 324 173 1 244 60 113 181 324 83 239 131 252 118 1 204 245 12 215 238 302 59 62 1 67 298 267 75 59 324 234 230 59 76 174 97 197 117 90 122 255 18 87 118 59 1 259 324 125 288 108 324 59 181 1 143 1 280 213 156 1 310 65 297 59 239 176 125 59 82 309 237 297 59 65 266 188 1 118 1 169 118 217 208 59 118 313 1 163 1 297 141 299 134 232 221 154 62 297 59 232 324 121 14 15 266 1 173 284 297 324 165 121 65 174 74 174 1 59 222 261 1 62 324 219 287 239 59 121 1 324 259 117 1 149 186 128 22 47 1 316 132 1 174 149 1 304 1 43 283 86 123 211 68 117 190 289 125 125 147 208 291 178 239 297 208 229 64 299 324 117 297 269 115 35 78 291 36 1 297 7 266 125 73 301 4 1 315 324 129 174 231 166 324 109 239 297 162 123 120 1 286 121 208 101 117 318 119 266 59 59 104 59 207 27 1 158 277 1 1 123 1 1 324 1 324 210 62 248 297 299 111 259 59 1 123 26 1 118 1 172 2 192 160 297 25 1 1 4 1 232 297 59 20 37 201 324 14 62 318 177 239 100 64 123 123 62 324 1 303 91 208 224 139 312 84 169 226 1 260 253 243 28 239 187 216 59 324 1 258 299 24 61 314 200 318 324 59 233 321 123 157 98 264 236 80 116 223 117 30 189 202 29 66 59 1 121 230 239 196 291 174 5 59 123 21 324 3 71 123 241 209 232 146 1 305 63 214 239 59 198 112 1 175 31 239 59 199 59 121 324 1 136 181 1 125 164 59 103 324 23 59 1 278 212 45 241 46 195 232 59 206 297 1 92 297 59 263 292 232 240 121 170 324 296 44 81 79 232 324 323 1 294 59 317 6 308 266 266 59 174 59 42 144 1 181 320 319 59 171 73 235 38 1 205 116 232 57 40 208 121 116 70 59 140 34 4 59 1 60 119 265 239 180 307 59 94 202 65 1 59 123 161 1 95 239 220 322 1 306 118 107 56 168 293 69 50 72 59 118 127 251 246 1 106 58 155 118 257 260 41 49 174 124 229 135 118 138 48 282 59 268 51 208 121 55 121 54 1 121 152 274 59 52 1 273 8 59 9 13 203 271 120 185 33 297 228 32 39 270 272 53 
c [Incremental] Max used label: 324.
c [Incremental] Label 324 is removed from searching.
c [Incremental] Solving for max label = 323:
c [Incremental] Solving duration: 18837 ms.
s [Incremental] SAT (label = 323).
Label assignment: 323 265 118 25 246 323 149 207 207 323 5 79 174 227 321 137 1 232 323 323 323 263 1 60 323 116 5 236 323 265 265 265 284 11 21 265 27 207 239 323 205 38 65 207 290 207 321 321 291 9 323 265 178 323 323 148 321 149 76 265 323 116 230 323 207 205 323 2 149 130 127 71 23 207 123 323 280 321 257 60 132 323 176 181 205 100 176 59 207 2 265 147 207 289 312 191 119 60 106 116 149 181 89 116 323 101 112 126 1 207 279 202 225 188 11 323 193 11 315 7 178 283 2 2 1 38 320 236 207 6 228 60 265 1 252 178 222 104 143 131 323 86 176 323 9 251 250 118 125 87 165 257 144 323 287 166 251 271 155 10 248 238 28 323 9 161 16 219 91 220 234 96 1 116 201 7 293 207 213 263 223 260 216 235 175 27 180 311 158 233 265 182 261 176 199 166 9 265 38 218 310 265 168 249 323 321 147 205 2 277 60 201 9 38 185 108 281 323 1 190 170 123 2 265 205 207 323 314 56 118 83 1 246 110 323 205 175 116 127 118 122 149 249 187 214 176 323 238 149 116 207 318 207 38 180 316 136 94 323 212 207 29 321 265 261 1 38 174 4 323 191 173 153 279 2 243 323 323 299 286 323 60 265 149 174 114 113 207 1 2 265 265 176 205 208 7 117 264 74 32 140 265 64 80 207 190 162 265 61 118 9 323 60 1 182 60 239 319 176 185 265 11 217 176 38 174 240 203 116 81 323 248 207 254 110 191 207 318 129 207 323 1 207 2 244 323 207 1 139 270 323 227 38 304 110 207 323 122 11 215 11 138 202 124 274 221 9 260 207 323 308 51 63 265 2 191 37 323 150 149 323 60 2 163 69 141 262 116 323 265 265 240 166 259 152 273 126 265 180 265 107 60 1 11 93 207 232 124 116 9 11 1 165 138 167 207 118 207 265 265 195 122 323 126 231 323 11 323 265 116 323 103 234 78 323 17 2 1 203 278 68 265 265 22 232 169 15 60 176 265 265 265 2 104 20 323 323 323 265 229 121 323 9 207 187 159 176 118 75 2 282 234 135 265 265 265 233 9 19 33 323 323 99 6 10 60 160 1 14 10 105 265 77 9 188 186 242 117 36 241 178 64 67 123 62 133 269 116 92 145 31 122 185 8 307 322 1 262 73 200 265 323 236 265 272 176 323 132 255 259 82 292 146 205 267 30 176 6 265 118 253 207 2 117 18 116 2 119 323 265 196 1 2 232 90 305 206 303 70 323 168 300 256 209 176 142 265 26 323 198 323 8 265 193 134 88 247 3 211 191 95 24 118 197 60 13 258 114 276 53 323 265 265 1 226 2 181 265 207 243 178 66 306 210 2 157 245 60 2 194 237 171 176 172 317 301 72 12 34 224 85 174 120 60 35 118 265 309 298 142 2 193 164 265 59 84 102 143 149 151 263 297 1 1 145 266 60 47 176 42 237 184 43 60 39 128 49 55 302 265 5 295 285 179 50 60 98 54 154 275 183 178 57 108 118 207 323 107 45 294 1 204 118 192 109 323 182 268 40 189 156 296 41 177 97 2 48 60 113 313 44 59 60 1 288 60 116 112 6 46 265 115 111 52 58 
c [Incremental] Max used label: 323.
c [Incremental] Label 323 is removed from searching.
c [Incremental] Solving for max label = 322:
c [Incremental] Solving duration: 1028 ms.
s [Incremental] SAT (label = 322).
Label assignment: 322 264 118 25 246 321 144 206 205 322 5 79 171 227 321 137 1 232 321 321 322 263 1 60 322 110 5 236 322 264 263 264 284 11 21 264 1 206 239 322 205 38 65 206 290 206 321 321 291 9 322 263 178 322 321 149 321 148 76 263 321 116 230 321 205 205 322 2 148 130 127 71 23 206 123 322 280 321 257 60 132 322 176 181 205 86 176 59 206 2 264 147 206 289 312 191 119 60 106 116 148 181 89 116 322 101 112 126 1 205 279 202 225 188 11 322 193 11 315 7 178 283 2 2 1 38 321 236 205 6 228 60 263 1 252 178 222 100 143 131 321 86 176 321 9 251 250 118 125 87 165 257 144 321 287 166 251 271 155 10 248 238 28 322 9 161 16 219 90 220 234 96 1 116 201 7 293 206 213 263 223 260 216 235 175 27 180 311 158 233 264 182 261 206 199 166 9 263 38 218 310 264 168 249 322 321 147 205 2 277 60 201 9 38 185 108 281 321 1 190 170 123 2 263 205 206 321 314 56 118 83 1 206 110 321 205 175 116 263 118 122 148 249 187 214 176 321 238 148 116 205 318 205 38 180 316 136 94 322 212 206 29 321 263 261 1 38 174 4 322 191 173 153 279 2 243 321 322 299 286 322 60 264 146 174 114 113 206 1 2 263 264 176 205 208 7 117 264 74 32 140 263 64 80 205 190 162 263 61 118 9 322 60 1 182 60 239 319 176 147 263 11 275 176 38 174 240 205 116 81 321 248 206 254 101 191 205 318 129 206 322 1 206 2 244 321 206 1 139 270 321 227 51 304 101 205 321 122 11 215 11 138 202 124 274 221 9 260 206 322 308 53 63 264 2 191 50 322 150 148 205 60 2 163 69 141 263 86 148 264 263 240 166 259 152 273 126 264 180 263 107 60 1 11 93 205 232 124 116 9 11 1 165 138 167 206 118 205 263 263 195 122 321 126 231 321 11 322 263 116 322 103 234 78 321 17 2 1 203 278 68 264 263 22 229 169 15 60 176 264 263 264 2 104 20 321 321 321 264 226 121 322 9 206 187 147 176 118 75 2 282 234 135 264 264 125 233 9 19 33 320 322 99 6 10 60 160 1 14 10 105 264 77 9 188 186 242 117 36 241 178 64 67 123 62 133 269 86 82 145 31 122 321 8 307 322 1 262 73 200 263 322 236 264 272 176 321 132 255 259 82 292 146 205 267 30 148 6 263 264 253 206 2 117 18 116 2 119 321 264 196 1 2 232 90 305 204 303 70 322 159 300 256 209 176 142 265 26 322 198 321 8 264 193 134 88 247 3 211 191 91 24 118 197 60 13 258 114 276 54 322 264 264 1 217 2 181 263 206 59 178 66 306 210 2 157 245 60 2 194 237 171 176 172 317 301 72 12 34 224 85 174 120 60 35 118 264 309 298 142 2 193 164 264 59 84 102 143 148 151 263 297 1 1 145 266 60 47 176 42 237 184 43 60 39 128 37 55 302 264 5 295 285 179 43 60 98 57 154 147 183 178 41 108 118 206 322 86 45 294 1 207 118 192 109 95 182 268 40 189 156 296 49 177 97 2 48 60 113 313 44 59 60 1 288 60 116 111 6 46 264 115 92 52 58 
c [Incremental] Max used label: 322.
c [Incremental] Label 322 is removed from searching.
c [Incremental] Solving for max label = 321:
c [Incremental] Solving duration: 1028 ms.
s [Incremental] SAT (label = 321).
Label assignment: 321 263 118 25 246 321 144 205 205 321 5 79 171 227 321 137 1 232 321 321 321 263 1 60 321 110 5 236 321 263 263 263 284 11 21 263 1 205 239 321 205 38 65 205 290 205 321 321 291 9 321 263 178 321 321 156 321 147 76 263 321 116 230 321 205 205 321 2 147 130 127 71 23 205 123 321 280 321 257 60 132 321 176 181 205 86 176 59 205 2 263 147 205 289 312 191 119 60 106 116 147 181 89 116 321 83 112 126 1 205 279 202 225 188 11 321 193 11 315 7 178 283 2 2 1 38 321 236 205 6 228 60 263 1 252 178 222 100 143 131 321 86 176 321 9 257 250 118 125 87 165 257 144 321 287 166 251 271 155 10 248 238 28 321 9 161 16 219 82 220 234 96 1 116 201 7 293 147 213 263 223 260 216 235 175 27 180 311 158 233 263 182 261 149 199 166 9 263 38 218 310 263 168 249 321 321 147 205 2 277 60 201 9 38 185 108 281 321 1 190 170 123 2 263 205 205 321 314 56 118 83 1 236 110 321 205 175 116 263 118 122 147 249 187 214 199 321 238 147 116 205 318 205 38 180 316 136 91 321 212 205 51 321 263 261 1 32 174 4 321 191 173 153 275 2 243 321 321 299 286 321 60 263 146 174 114 113 205 1 2 263 263 176 205 208 7 117 264 74 29 140 263 64 80 205 190 162 263 61 118 9 321 60 1 182 60 239 319 176 147 263 11 276 176 37 174 240 205 116 81 321 248 205 254 101 191 205 318 129 205 321 1 205 2 244 321 205 1 139 274 321 227 53 304 101 205 321 122 11 215 11 138 202 124 237 221 9 260 205 321 308 54 63 263 2 191 50 321 150 147 205 60 2 163 69 141 263 83 207 263 263 240 166 259 152 273 126 263 180 263 107 60 1 11 93 205 209 124 116 9 11 1 165 138 167 205 118 205 263 263 195 122 321 126 206 321 11 321 263 111 321 103 234 78 321 17 2 1 203 278 68 263 263 22 229 169 15 60 176 263 263 263 2 104 20 321 321 321 263 226 95 321 9 205 187 147 176 118 75 2 282 234 135 263 263 125 255 9 19 33 320 321 99 6 10 60 160 1 14 10 105 263 77 9 188 186 242 117 36 241 178 64 67 123 62 133 269 86 82 148 31 121 321 8 307 141 1 262 73 200 263 321 236 263 272 176 321 132 253 259 82 292 146 205 267 30 176 6 263 294 231 205 2 117 18 94 2 119 321 263 196 1 2 232 86 305 204 303 70 205 159 300 256 179 176 142 265 26 321 198 321 8 263 193 134 88 247 3 211 191 90 24 118 197 60 13 258 114 270 57 321 263 263 1 217 2 181 263 205 59 178 66 306 210 2 157 245 60 2 194 237 171 176 172 317 301 72 12 34 224 85 174 120 60 35 118 263 309 298 142 2 193 164 263 59 84 102 143 147 151 263 297 1 1 145 266 60 47 176 42 237 184 25 60 39 128 39 55 302 263 5 295 285 179 43 60 98 28 154 147 183 178 41 108 118 205 321 107 45 294 1 295 118 192 109 97 182 268 40 189 151 296 49 177 93 2 48 60 113 313 44 59 60 1 288 60 86 112 6 46 263 115 92 52 58 
c [Incremental] Max used label: 321.
c [Incremental] Label 321 is removed from searching.
c [Incremental] Solving for max label = 320:
c [Incremental] Solving duration: 1286 ms.
s [Incremental] SAT (label = 320).
Label assignment: 320 17 118 25 246 320 149 207 203 304 5 79 174 227 320 137 1 142 320 320 320 84 1 60 320 116 5 236 320 232 262 1 284 11 23 262 38 203 239 320 204 32 65 207 290 207 320 320 291 9 320 262 178 320 320 148 320 149 76 262 320 91 230 320 251 203 320 2 149 130 127 251 28 207 123 320 280 320 257 60 132 320 176 181 263 100 176 59 204 1 262 5 204 289 312 191 119 60 106 17 146 181 174 116 307 78 74 126 1 203 279 202 225 188 11 320 193 11 315 251 178 283 2 2 1 21 320 236 204 6 228 60 262 1 252 178 222 102 143 131 320 1 176 320 9 252 250 130 125 77 165 257 144 320 287 166 251 271 155 10 254 238 27 320 9 251 1 219 86 220 234 96 1 116 201 7 293 204 213 262 223 260 216 235 175 37 180 311 158 233 232 182 261 136 199 166 9 2 51 218 310 231 168 249 320 320 146 203 2 277 60 201 9 1 185 101 281 320 1 190 170 123 2 262 204 203 320 314 56 118 83 1 252 116 320 252 175 146 127 118 122 146 249 187 214 194 320 238 145 2 207 318 207 53 180 316 136 94 320 211 1 59 320 193 261 1 47 132 4 320 191 173 153 286 2 243 320 320 299 69 320 2 132 146 60 114 1 207 1 2 262 11 188 203 208 54 117 264 74 33 140 262 64 80 204 2 162 262 61 118 9 320 60 1 182 60 239 319 176 185 262 262 217 176 39 174 240 203 116 81 320 248 203 254 110 191 203 318 129 204 320 1 207 60 244 320 207 1 139 270 320 227 57 312 110 203 320 122 11 215 11 138 202 124 274 221 320 260 232 320 308 55 63 59 2 191 46 320 150 149 320 60 2 163 69 141 262 78 320 69 120 240 166 259 152 273 126 262 180 59 107 60 1 11 93 183 232 124 79 9 60 1 165 138 167 207 118 207 262 262 204 122 320 126 212 320 59 320 262 116 320 103 234 320 320 16 60 1 203 278 68 71 262 22 232 169 15 60 171 262 262 262 2 104 20 320 320 320 262 229 121 320 191 204 179 159 176 118 75 2 282 234 135 174 262 265 233 251 19 34 320 320 99 6 10 60 160 1 14 135 105 1 77 251 188 192 242 117 36 241 178 64 67 123 62 133 269 116 92 147 25 2 185 8 306 136 1 262 73 200 11 320 236 262 272 176 135 132 255 259 82 292 146 205 267 29 193 6 149 194 253 204 60 117 18 116 238 128 320 262 196 1 260 232 90 305 202 303 70 136 168 300 256 209 176 142 254 26 320 198 320 8 11 193 134 88 247 3 2 191 95 24 118 197 60 149 258 114 276 52 320 262 262 1 226 2 181 262 204 243 178 66 318 210 60 157 245 60 2 195 237 262 176 172 317 301 72 12 31 224 85 174 120 60 35 118 262 309 298 142 2 193 164 262 59 11 79 1 146 151 262 297 1 1 262 266 2 41 176 42 237 184 20 60 49 131 320 58 302 262 5 295 285 161 50 1 98 43 154 275 196 178 48 108 87 204 320 77 45 294 1 206 118 189 109 89 182 268 137 177 156 296 40 186 97 2 44 60 113 313 59 59 60 1 288 60 116 112 6 30 59 115 111 13 91 
c [Incremental] Max used label: 320.
c [Incremental] Label 320 is removed from searching.
c [Incremental] Solving for max label = 319:
c [Incremental] Solving duration: 23918 ms.
s [Incremental] SAT (label = 319).
Label assignment: 241 256 179 17 252 122 241 215 61 121 175 14 103 319 279 241 136 60 1 216 261 299 199 296 1 231 274 121 121 11 319 261 26 125 60 183 123 296 10 241 319 282 69 260 8 61 183 35 145 125 2 1 61 122 194 319 159 1 145 312 238 166 205 11 118 241 125 208 289 196 7 76 127 299 319 132 232 234 319 317 203 222 115 221 15 1 64 7 171 238 291 82 241 8 125 5 203 240 313 106 6 60 183 319 203 233 145 4 7 195 295 203 299 133 12 59 319 296 194 145 61 176 61 145 157 243 59 121 269 95 238 296 8 59 319 299 311 233 30 319 163 150 65 185 180 1 180 203 227 2 77 1 319 192 203 299 319 9 64 201 120 11 296 122 204 287 192 6 143 145 210 173 117 45 125 125 162 228 1 122 212 1 206 238 7 165 261 11 107 203 285 203 86 1 191 241 64 276 203 87 3 217 82 117 125 318 20 319 299 296 3 319 168 238 125 305 11 3 59 69 100 310 120 120 126 315 180 59 1 186 118 319 160 180 254 241 154 3 299 183 1 319 296 59 288 319 2 126 1 238 61 7 147 94 63 188 145 262 230 148 155 97 225 2 19 126 189 59 145 178 319 319 79 218 120 11 1 241 6 314 2 238 238 180 122 96 238 296 187 296 61 319 82 234 263 104 74 59 199 111 59 296 299 296 319 296 291 1 319 120 64 141 249 195 1 237 264 1 61 59 296 71 47 296 280 65 59 278 32 118 121 296 232 7 118 176 296 223 11 319 7 149 258 238 4 175 183 190 183 3 3 319 155 4 118 40 261 241 180 153 125 202 319 1 110 127 60 131 250 200 44 144 229 319 180 18 152 285 39 241 183 237 296 11 299 183 183 117 59 299 182 12 299 159 220 219 180 316 25 296 167 61 319 176 122 59 127 319 112 7 296 319 241 174 296 59 133 6 271 125 119 37 2 261 130 238 117 10 1 168 183 156 3 224 238 60 121 125 299 273 319 319 296 296 236 24 43 307 268 209 59 64 239 146 65 122 194 207 129 105 125 65 296 255 36 299 60 184 319 61 181 296 102 308 1 109 65 199 1 2 248 31 125 65 21 244 246 122 296 12 151 261 1 203 93 61 6 65 22 319 299 319 114 299 135 99 3 272 183 319 88 299 183 241 261 175 319 1 261 60 23 5 241 11 261 300 176 141 6 203 119 122 180 59 59 180 70 183 108 233 169 141 296 319 66 319 164 296 122 319 116 67 296 251 304 177 79 1 241 291 296 319 183 226 203 68 125 73 193 59 161 238 116 11 59 122 296 140 121 83 213 241 319 203 61 296 1 172 293 142 137 13 299 319 238 91 38 298 253 1 60 125 1 299 121 33 89 238 128 139 121 72 238 267 7 198 261 16 199 34 235 193 261 299 101 183 292 75 261 261 309 203 297 63 261 261 197 180 1 266 303 265 319 319 294 29 301 49 3 132 158 62 175 261 270 245 113 261 319 5 84 28 203 242 59 261 319 170 277 125 302 306 241 92 50 257 90 281 42 27 319 51 52 1 283 211 80 59 53 58 214 319 247 56 284 46 85 238 132 124 41 138 275 78 135 286 290 54 81 259 57 55 134 98 48 
c [Incremental] Max used label: 319.
c [Incremental] Label 319 is removed from searching.
c [Incremental] Solving for max label = 318:
c [Incremental] Solving duration: 1099 ms.
s [Incremental] SAT (label = 318).
Label assignment: 241 256 179 17 252 122 241 215 61 3 175 14 103 318 279 241 136 60 1 216 260 299 199 296 1 231 274 121 121 11 318 260 26 125 60 183 123 296 10 241 318 282 69 260 8 61 183 35 145 125 2 1 61 122 194 318 159 1 144 312 238 166 205 125 118 241 125 208 286 196 7 76 127 299 318 132 228 234 318 317 202 222 115 221 15 1 64 7 171 238 291 299 241 8 125 5 202 240 313 106 6 60 183 318 202 233 144 4 7 195 295 202 299 133 12 59 318 296 194 144 61 176 61 144 157 243 59 121 269 1 238 296 8 59 318 299 311 233 30 318 163 150 65 185 180 1 180 202 227 2 77 1 318 203 202 299 318 9 64 201 120 11 296 122 204 287 192 6 143 2 210 173 117 45 125 125 164 226 1 122 212 1 206 238 7 165 261 59 107 202 285 202 84 1 191 241 64 276 202 86 3 217 82 117 125 318 20 318 299 296 3 318 168 238 125 305 11 3 59 69 100 310 120 120 126 315 180 59 1 186 118 318 162 180 254 241 154 3 299 183 118 314 296 59 288 318 2 1 1 238 61 7 147 94 60 188 144 262 230 148 155 97 225 2 19 126 189 59 144 178 318 318 79 218 120 11 1 241 6 116 2 238 238 180 122 96 238 296 187 296 61 318 85 234 263 104 74 59 199 111 59 296 299 296 318 296 291 1 318 120 64 141 249 195 1 237 264 1 61 59 296 70 47 296 280 65 59 278 32 118 121 296 232 7 118 176 296 223 11 318 7 149 258 238 4 175 183 190 183 3 3 318 155 4 118 40 260 241 180 153 125 202 318 1 110 127 60 131 250 200 44 144 60 318 180 18 152 285 39 241 183 237 296 11 299 182 183 117 59 299 183 12 299 160 220 219 180 316 63 296 167 61 318 176 122 59 127 318 112 7 296 318 241 174 296 59 133 6 271 125 119 155 2 260 130 238 117 10 1 170 183 156 3 224 238 60 121 124 299 273 318 318 296 296 236 24 43 307 268 209 59 64 239 146 65 122 194 207 129 105 125 65 296 255 36 299 60 184 318 61 181 296 102 308 1 109 65 199 1 2 248 31 125 65 21 244 246 122 296 13 151 260 1 202 93 61 6 65 22 318 299 95 114 299 135 99 3 272 183 318 88 299 183 241 260 175 318 1 260 60 29 5 241 28 260 300 176 141 6 202 119 122 180 59 59 180 71 183 108 233 169 141 296 318 66 318 2 296 122 318 116 67 296 251 304 177 79 1 241 291 296 318 183 229 202 68 125 73 193 59 161 238 116 11 59 122 296 140 121 83 213 241 318 202 61 296 1 172 293 142 137 23 299 318 238 91 37 298 253 1 60 125 1 299 121 33 89 238 128 139 121 72 238 267 7 198 260 16 199 34 235 193 260 299 101 183 292 75 260 260 309 202 297 63 260 260 197 180 1 266 303 265 318 318 294 27 301 49 3 132 158 62 175 260 270 245 113 260 318 5 118 25 202 242 59 260 318 168 277 125 302 306 241 92 50 257 90 281 42 38 318 51 52 1 283 211 80 59 53 58 214 176 247 56 289 46 87 238 132 124 41 138 275 78 135 284 290 54 81 259 57 55 134 98 48 
c [Incremental] Max used label: 318.
c [Incremental] Label 318 is removed from searching.
c [Incremental] Solving for max label = 317:
c [Incremental] Solving duration: 6428 ms.
s [Incremental] SAT (label = 317).
Label assignment: 97 256 3 314 117 6 317 85 317 259 3 14 175 172 98 167 16 144 317 292 176 174 317 317 60 1 59 73 65 225 298 317 266 1 176 143 259 240 311 315 143 137 214 284 59 182 116 17 140 60 118 315 317 8 203 143 317 225 317 201 122 312 259 174 160 256 21 127 317 143 317 174 35 60 1 59 106 65 143 232 159 65 38 232 265 45 182 1 2 64 239 36 84 143 201 209 139 233 1 2 143 259 116 159 159 59 1 8 143 221 232 275 39 175 123 6 256 109 259 317 240 183 132 317 117 229 201 85 146 143 259 233 317 74 290 159 194 112 4 2 7 119 201 259 64 143 82 149 162 15 317 143 1 4 63 5 203 95 259 63 317 170 139 6 2 221 119 198 121 113 256 317 317 300 2 201 233 75 317 303 259 143 237 317 201 105 110 1 5 143 88 117 148 175 316 317 133 311 118 317 1 169 2 151 1 37 143 234 145 175 259 258 127 66 22 20 179 136 9 292 54 1 64 64 7 239 86 131 59 94 118 23 118 59 306 310 7 317 175 2 1 1 152 317 108 201 145 59 181 12 159 317 9 166 159 201 60 169 115 160 13 221 7 256 317 16 1 256 2 3 201 31 219 116 70 317 135 63 6 174 240 232 309 274 241 285 314 238 203 83 221 56 234 174 297 1 85 292 117 104 201 317 317 59 201 119 228 65 317 317 19 119 259 123 59 174 169 192 317 1 256 165 46 227 29 41 175 34 224 317 317 226 201 143 317 212 122 91 130 259 28 48 317 61 203 96 68 123 317 259 317 61 111 1 317 304 317 241 201 99 8 259 201 243 193 27 21 1 317 166 89 315 232 317 2 57 317 90 299 129 242 61 125 81 259 200 259 117 256 190 250 259 121 315 232 293 317 317 142 124 55 158 143 2 1 201 197 117 162 101 155 59 264 259 122 256 24 195 87 151 64 201 255 214 147 232 174 191 64 134 201 162 214 308 127 2 75 10 259 33 150 2 251 69 64 230 176 196 174 231 259 317 138 317 107 317 201 85 305 184 317 201 174 317 254 175 222 317 317 157 180 188 176 1 295 7 259 173 42 59 317 290 224 236 1 176 85 20 92 294 181 317 259 168 2 218 237 259 103 143 145 27 145 151 59 263 312 174 174 143 58 1 18 85 166 1 317 143 232 182 67 61 317 317 30 156 100 2 65 256 12 1 201 252 53 59 60 93 11 316 221 2 291 317 313 117 259 273 7 317 317 317 316 202 1 201 235 143 71 215 120 317 260 296 279 154 314 32 72 248 47 80 189 145 259 1 259 59 257 249 277 114 59 259 185 186 26 278 117 49 7 290 124 280 62 116 253 246 181 79 213 27 141 187 66 40 43 317 25 119 78 244 117 208 174 201 317 268 317 286 301 262 206 204 50 259 247 302 1 172 175 317 269 258 85 217 178 2 290 164 287 143 201 201 245 261 259 307 317 267 259 145 117 1 76 153 7 312 282 177 52 143 163 289 2 77 270 134 116 272 257 259 66 51 276 259 143 223 126 217 201 283 317 317 281 271 201 257 61 201 1 317 201 209 209 220 207 199 210 27 102 1 128 27 201 216 8 201 161 171 205 44 3 211 288 
c [Incremental] Max used label: 317.
c [Incremental] Label 317 is removed from searching.
c [Incremental] Solving for max label = 316:
c [Incremental] Solving duration: 1038 ms.
s [Incremental] SAT (label = 316).
Label assignment: 97 256 3 314 117 6 316 83 316 258 3 14 175 172 98 167 16 144 316 292 176 174 316 316 60 1 59 73 65 225 298 316 266 1 176 142 258 240 311 315 141 137 214 284 59 182 116 17 140 60 118 315 316 8 203 142 316 225 316 200 122 259 258 174 160 256 21 127 316 141 316 174 35 60 1 59 106 65 142 232 159 65 38 232 265 45 182 1 2 64 239 36 84 141 199 209 139 233 1 2 142 258 116 159 159 59 1 8 141 221 232 275 39 175 123 6 256 109 258 316 240 183 132 316 117 229 199 83 146 142 258 233 316 74 290 159 194 112 4 2 7 119 199 257 64 142 82 149 162 15 316 141 1 4 63 5 203 95 258 63 316 170 139 6 2 221 119 198 121 113 256 316 316 300 2 200 233 75 316 303 258 141 237 316 199 105 110 1 5 141 88 117 148 175 316 316 133 311 118 316 1 169 2 151 1 37 141 234 145 175 258 258 127 66 22 20 179 136 9 292 54 1 64 64 7 239 86 131 59 94 118 23 118 59 306 310 7 316 175 2 1 1 152 316 108 200 145 59 181 12 159 316 9 166 159 199 60 169 115 160 29 221 7 256 316 28 1 256 2 3 199 31 219 116 70 316 135 63 6 174 240 232 309 274 241 285 314 238 203 83 221 56 234 174 297 1 85 292 117 104 200 316 316 59 199 119 228 65 316 316 19 119 258 123 59 174 169 192 316 1 256 165 46 227 27 41 175 34 224 316 316 226 199 141 316 212 122 91 130 258 30 48 316 61 202 96 68 123 316 258 316 61 111 1 316 304 316 241 200 99 8 257 199 243 193 24 21 1 316 166 89 315 232 316 2 57 316 90 299 129 242 61 125 81 258 200 257 117 256 190 250 258 121 315 232 293 316 316 142 124 55 158 141 2 1 200 197 117 162 101 155 59 264 257 122 256 24 195 87 151 64 200 255 214 147 232 174 191 64 134 200 162 214 308 127 2 75 10 258 33 150 2 251 69 64 230 176 196 174 231 257 316 138 316 107 316 200 83 305 184 316 200 174 316 254 175 222 316 316 157 180 188 176 1 295 7 257 173 42 59 316 290 224 236 1 176 83 20 92 294 181 316 258 168 2 218 237 257 103 141 145 25 145 151 59 263 312 174 174 142 58 1 18 83 166 1 316 141 232 182 67 61 316 316 26 156 100 2 65 256 12 1 199 252 53 59 60 93 11 316 221 2 291 316 313 117 258 273 7 316 316 316 316 201 1 200 235 142 71 215 120 316 260 296 279 154 314 32 72 248 47 80 189 145 257 1 258 59 257 249 277 114 59 258 185 186 24 278 117 49 7 290 124 280 62 116 253 246 181 79 213 25 141 187 66 40 43 316 25 119 78 244 117 208 174 200 316 268 316 286 301 262 206 204 50 257 247 302 1 172 175 316 269 258 83 217 178 2 290 164 287 142 199 199 245 261 258 307 316 267 258 143 117 1 76 153 7 312 282 177 52 142 163 289 2 77 270 134 116 272 257 258 66 51 276 258 141 223 126 217 199 283 316 316 281 271 200 257 61 200 1 316 200 209 209 220 207 199 210 25 102 1 128 25 200 216 13 200 161 171 205 44 3 211 288 
c [Incremental] Max used label: 316.
c [Incremental] Label 316 is removed from searching.
c [Incremental] Solving for max label = 315:
c [Incremental] Solving duration: 41509 ms.
s [Incremental] SAT (label = 315).
Label assignment: 177 247 179 234 290 239 237 124 299 1 65 202 315 58 1 245 183 188 257 214 122 20 181 61 117 244 129 121 5 119 5 251 283 118 299 187 199 18 315 289 176 234 59 293 1 315 143 153 173 2 176 239 297 1 181 125 241 164 183 121 5 110 4 299 315 59 298 217 278 60 256 24 169 12 32 5 37 156 66 46 299 155 187 306 294 117 181 125 59 121 240 176 13 196 64 204 257 63 167 166 199 1 118 241 299 305 59 65 315 145 63 1 85 152 37 221 315 125 241 185 5 299 1 251 181 260 135 121 88 63 1 63 251 63 123 63 244 315 87 181 297 2 181 254 124 125 144 1 10 252 175 67 148 299 212 315 181 299 312 134 59 125 189 1 315 33 257 172 229 117 315 254 183 184 1 81 57 241 125 150 40 241 286 254 299 1 67 5 99 183 240 297 59 247 272 241 36 15 297 59 173 315 315 7 183 222 299 315 2 82 63 199 102 118 198 63 76 183 66 241 31 315 121 237 97 291 130 21 203 139 151 254 190 299 263 241 59 182 7 239 207 136 1 241 223 299 315 125 165 72 315 309 211 1 314 125 181 98 6 209 257 116 199 56 239 315 59 312 183 315 199 241 91 28 1 257 1 23 93 30 256 1 175 315 251 25 254 1 181 117 16 222 59 59 284 140 117 189 103 213 125 241 1 1 59 299 41 27 60 232 241 182 63 315 176 121 59 125 297 65 8 1 103 48 233 60 239 168 164 252 239 60 257 183 313 84 299 1 22 315 299 114 280 119 181 162 117 197 257 239 298 78 44 315 257 63 65 200 230 127 71 315 124 181 171 185 241 191 315 47 174 257 49 59 315 64 181 174 315 197 277 2 63 315 315 315 77 7 187 59 54 199 297 312 299 285 60 124 299 60 94 59 65 194 75 59 174 1 188 154 63 5 266 67 297 315 239 257 123 1 240 265 59 257 315 63 1 45 117 43 257 112 5 281 66 1 117 141 315 95 315 315 183 8 159 141 19 117 59 275 118 141 121 114 17 2 257 1 227 215 267 129 1 241 109 219 59 142 187 113 107 63 161 139 73 34 147 59 111 133 264 297 2 315 149 108 274 83 146 132 218 220 257 1 315 5 299 241 157 199 63 183 6 315 158 282 63 138 288 315 299 183 315 12 299 66 125 196 241 315 5 299 253 160 299 236 124 192 123 59 183 131 315 193 104 141 1 177 170 308 79 59 249 216 115 1 1 292 239 1 125 257 241 299 59 3 90 239 248 180 59 11 80 231 38 250 3 201 269 59 1 125 296 304 299 199 61 1 86 315 29 161 1 1 59 128 195 307 39 105 14 9 59 123 1 63 100 238 257 137 5 70 299 262 121 69 96 245 183 59 121 287 1 163 241 67 246 35 8 178 224 225 199 63 183 117 315 123 118 261 1 125 276 121 1 59 117 243 1 277 241 172 257 67 310 52 297 228 295 50 123 297 92 311 258 1 205 270 65 315 197 303 199 235 186 120 26 301 53 226 121 63 123 239 302 66 315 74 89 315 315 113 126 279 300 273 315 59 1 299 259 268 1 234 44 1 242 1 255 59 51 123 63 62 101 55 42 199 271 206 68 315 210 208 106 
c [Incremental] Max used label: 315.
c [Incremental] Label 315 is removed from searching.
c [Incremental] Solving for max label = 314:
c [Incremental] Solving duration: 1290 ms.
s [Incremental] SAT (label = 314).
Label assignment: 177 247 179 234 290 239 237 124 299 1 65 202 314 58 1 245 183 188 256 214 122 20 181 61 117 244 129 121 5 119 5 251 283 118 299 187 198 18 314 289 176 234 59 293 1 314 143 153 173 2 176 239 297 1 181 125 241 164 183 121 5 110 4 299 314 59 298 217 278 60 256 24 169 12 32 5 37 156 66 46 299 155 187 306 294 117 181 125 59 121 240 176 13 196 64 204 256 63 167 166 198 1 118 241 299 305 59 65 314 145 63 1 85 152 37 221 314 125 241 185 5 299 1 251 181 260 135 121 88 63 1 63 251 63 123 63 244 314 87 181 297 2 181 254 124 125 144 1 10 252 175 67 148 299 212 314 181 299 312 134 59 125 189 1 314 33 256 172 229 117 314 254 183 184 1 81 57 241 125 150 40 241 286 254 299 1 67 5 99 183 240 297 59 247 272 241 36 15 297 59 173 314 314 7 183 222 299 314 2 82 63 198 102 118 198 63 76 183 66 241 31 314 121 237 97 291 130 21 203 141 151 254 190 299 263 241 59 182 7 239 207 136 1 241 223 299 314 125 165 72 314 309 211 1 314 125 181 93 6 209 256 116 198 56 239 314 59 312 183 314 198 241 91 28 1 256 1 23 83 30 256 1 175 314 251 25 254 1 181 117 16 222 59 59 284 140 117 189 100 213 125 241 1 1 59 299 41 27 60 232 241 182 63 314 176 121 59 125 297 65 8 1 103 48 233 60 239 168 164 252 239 60 256 183 313 84 299 1 22 314 299 114 280 119 181 162 117 197 256 239 298 78 45 314 256 63 65 200 230 127 71 314 124 181 171 185 241 191 314 47 174 256 49 59 314 64 181 174 314 197 277 2 63 314 314 314 77 7 187 59 54 198 297 312 299 285 60 124 299 60 94 59 65 194 75 59 174 1 188 154 63 5 266 67 297 314 239 256 123 1 240 265 59 256 314 63 1 40 117 43 256 112 5 257 66 1 117 140 314 95 314 314 183 8 159 140 19 117 59 275 118 140 121 114 17 2 256 1 227 215 267 129 1 241 109 219 59 142 187 113 107 63 161 139 73 34 147 59 111 133 264 297 2 314 149 108 274 82 146 132 218 220 256 1 314 5 299 241 157 198 63 183 6 314 158 282 63 138 288 314 299 183 314 12 299 66 125 196 241 314 5 299 253 160 299 236 124 192 123 59 183 131 314 193 104 140 1 177 170 308 79 59 249 216 115 1 1 292 239 1 125 256 241 299 59 3 90 239 248 180 59 11 80 231 38 250 3 201 269 59 1 125 296 304 299 198 61 1 86 314 29 161 1 1 59 128 195 307 39 105 14 9 59 123 1 63 98 238 256 137 5 70 299 262 121 69 96 245 183 59 121 287 1 163 241 67 246 35 8 178 224 225 198 63 183 117 314 123 118 261 1 125 276 121 1 59 117 243 1 281 241 172 256 67 310 52 297 228 295 50 123 297 92 311 258 1 205 270 65 314 199 303 198 235 186 120 26 301 53 226 121 63 123 239 302 66 314 74 89 314 314 113 126 279 300 273 314 59 1 299 259 268 1 234 44 1 242 1 255 59 51 123 63 62 101 55 42 198 271 206 68 314 210 208 106 
c [Incremental] Max used label: 314.
c [Incremental] Label 314 is removed from searching.
c [Incremental] Solving for max label = 313:
c [Incremental] Solving duration: 1063 ms.
s [Incremental] SAT (label = 313).
Label assignment: 177 247 179 234 290 239 237 124 299 1 65 202 313 58 1 245 183 188 255 214 122 20 181 61 117 244 129 121 5 119 5 251 283 118 299 187 197 18 313 289 176 234 59 293 1 313 143 153 173 2 176 239 297 1 181 125 241 163 183 121 5 110 4 299 313 59 298 217 278 60 255 24 166 12 32 5 37 156 66 46 299 155 187 306 294 117 181 125 59 121 240 176 13 196 64 204 255 63 167 164 197 1 118 241 299 305 59 65 313 145 63 1 85 152 37 224 313 125 241 185 5 299 1 251 181 260 135 121 88 63 1 63 251 63 123 63 244 313 87 181 297 2 181 254 124 125 144 1 10 252 175 67 148 299 212 313 181 299 312 134 59 125 189 1 313 33 255 172 229 117 313 254 183 184 1 82 57 241 125 150 40 241 286 254 299 1 67 5 99 183 240 297 59 247 265 241 36 15 297 59 173 313 313 7 183 222 299 313 2 81 63 197 102 118 197 63 76 183 66 241 31 313 121 237 97 291 130 21 203 133 151 254 198 299 263 241 59 182 7 239 207 136 1 241 223 299 313 125 165 72 313 309 211 1 313 125 181 98 6 209 255 115 197 56 239 313 59 312 183 313 197 241 91 28 1 255 1 23 93 30 255 1 175 313 251 25 254 1 181 117 16 221 59 59 284 140 117 189 103 213 125 241 1 1 59 299 41 27 60 232 241 182 63 313 176 121 59 125 297 65 8 1 103 48 233 60 239 168 163 252 239 60 255 183 313 84 299 1 22 313 299 114 280 119 181 162 117 197 255 239 298 78 44 313 255 63 65 200 230 127 71 313 124 181 171 185 241 191 313 47 174 252 49 59 313 64 181 174 313 197 277 2 63 313 313 313 77 7 187 59 54 197 297 312 299 285 60 124 299 60 94 59 65 194 83 59 169 1 188 154 63 5 266 67 297 313 239 255 123 1 240 257 59 255 313 63 1 45 117 43 255 112 5 271 66 1 116 139 313 95 313 313 183 8 159 136 19 117 59 275 118 139 121 114 17 2 255 1 227 215 267 129 1 241 109 219 59 142 187 113 107 63 161 75 73 34 147 59 111 141 264 297 2 313 149 108 274 81 146 132 218 220 255 1 313 5 299 241 157 197 63 183 6 313 158 282 63 138 288 313 299 183 313 12 299 66 125 196 241 313 5 299 253 160 299 236 124 192 123 59 183 131 313 193 104 139 1 177 170 308 79 59 249 216 111 1 1 292 239 1 125 255 241 299 59 3 90 239 248 180 59 11 80 281 38 250 3 201 269 59 1 125 296 304 299 197 61 1 86 313 29 161 1 1 59 128 195 307 39 105 14 9 59 123 1 63 100 238 255 137 5 70 299 262 121 69 96 245 183 59 121 287 1 163 241 67 246 35 8 178 231 225 197 63 183 117 313 123 118 256 1 125 276 121 1 59 117 243 1 273 241 172 255 67 310 52 297 228 295 50 123 297 92 311 258 1 205 270 65 313 199 303 194 235 186 120 26 301 53 226 121 63 123 239 302 66 313 74 89 313 313 113 126 279 300 272 313 59 1 299 259 268 1 234 44 1 242 1 255 59 51 123 63 62 101 55 42 190 261 206 68 313 210 208 106 
c [Incremental] Max used label: 313.
c [Incremental] Label 313 is removed from searching.
c [Incremental] Solving for max label = 312:
c [Incremental] Solving duration: 1206 ms.
s [Incremental] SAT (label = 312).
Label assignment: 177 247 179 234 290 239 237 124 299 1 65 202 312 58 1 245 183 188 254 214 122 20 181 61 117 244 129 121 5 119 5 251 283 118 299 187 196 18 312 289 176 234 59 293 1 312 143 153 173 2 176 239 297 1 181 125 241 164 183 121 5 110 4 299 312 59 298 217 278 60 254 24 169 12 32 5 37 156 66 46 299 155 187 306 260 117 181 125 59 121 240 176 13 196 64 204 254 63 167 166 196 1 118 241 299 305 59 65 312 145 63 1 85 152 37 221 312 125 241 185 5 299 1 251 181 264 135 121 88 63 1 82 251 63 123 63 244 312 87 181 297 2 181 254 124 125 144 1 10 252 175 67 139 299 212 312 181 299 312 134 59 125 189 1 312 33 254 172 229 117 312 254 183 184 1 81 57 241 125 150 40 241 286 254 299 1 67 5 99 183 240 297 59 247 272 241 36 15 297 59 173 312 5 7 183 222 299 312 2 80 63 196 102 118 196 63 76 183 66 241 31 5 239 237 97 291 130 17 203 133 151 254 198 299 263 241 59 182 7 239 207 136 1 241 223 299 312 125 165 72 312 309 211 21 312 125 181 98 6 209 254 116 196 56 239 312 59 312 183 312 196 241 91 28 1 254 121 23 93 30 254 1 175 312 251 25 254 1 181 117 121 222 59 59 284 140 117 189 103 213 125 241 1 1 59 299 41 27 60 232 241 182 63 312 176 121 59 125 297 65 8 1 103 48 233 60 239 168 164 252 239 63 254 183 294 84 299 1 16 312 299 114 280 1 181 162 117 196 254 121 298 78 44 312 254 63 65 200 230 148 71 312 124 181 171 185 241 191 312 47 174 257 49 59 312 64 181 174 312 197 277 121 63 312 312 312 77 7 187 59 54 196 297 312 299 285 60 127 299 60 94 59 65 194 86 63 174 1 188 154 63 5 266 67 297 312 239 254 123 1 240 256 59 254 312 63 1 45 121 43 254 112 5 281 66 1 117 138 312 95 312 312 183 8 159 138 19 117 59 275 118 138 121 114 17 2 254 1 227 215 267 129 1 241 109 219 59 142 187 113 107 63 161 83 73 34 141 59 111 147 265 297 2 312 149 108 274 80 146 132 218 220 254 1 312 5 299 241 157 196 63 183 6 312 158 282 63 138 288 300 299 183 312 11 299 66 125 196 241 312 5 299 253 160 299 236 124 192 123 59 183 131 312 193 104 138 1 177 170 308 79 59 249 216 115 1 1 292 239 1 125 254 241 299 59 3 63 239 248 180 59 22 75 231 38 250 3 201 269 59 1 125 296 304 299 196 61 1 63 312 29 161 1 1 59 128 195 307 39 105 14 9 59 123 1 63 100 238 254 137 5 70 299 262 121 90 96 245 183 59 121 287 1 163 241 67 246 35 254 178 224 225 196 63 183 117 312 123 118 261 1 125 276 121 1 59 117 243 1 277 241 172 254 67 310 52 297 228 295 50 123 297 92 311 258 1 205 270 65 312 210 303 199 235 186 120 26 301 53 226 121 63 123 239 302 69 312 74 89 312 312 113 126 279 255 273 312 59 1 299 259 268 1 234 44 1 242 1 254 59 51 123 63 62 101 55 42 190 271 206 68 312 196 208 106 
c [Incremental] Max used label: 312.
c [Incremental] Label 312 is removed from searching.
c [Incremental] Solving for max label = 311:
c [Incremental] Solving duration: 1595 ms.
s [Incremental] SAT (label = 311).
Label assignment: 194 240 179 234 286 239 237 124 63 63 65 202 311 58 1 252 183 188 252 214 122 20 181 40 117 244 129 121 5 127 5 251 283 118 299 187 199 18 311 289 175 234 59 281 1 5 143 153 173 1 174 226 297 233 181 125 241 164 183 121 121 110 4 299 311 59 298 217 275 59 253 24 169 46 32 5 41 156 59 5 299 155 187 306 294 117 181 125 59 121 240 176 13 193 64 204 252 63 167 166 193 1 118 241 299 305 59 65 311 145 63 1 85 152 37 221 311 125 241 185 5 299 1 251 181 254 128 121 80 63 1 298 251 255 123 63 244 311 87 181 297 2 181 252 124 125 144 1 10 252 175 66 148 299 212 311 181 299 311 134 240 125 189 1 311 33 252 8 223 117 311 252 183 184 1 82 57 241 125 150 36 241 288 252 299 1 67 5 99 183 240 297 59 247 272 241 181 15 297 59 173 311 124 7 183 222 299 311 2 11 63 194 101 117 195 63 76 183 66 240 31 5 5 237 97 291 130 20 203 139 151 252 198 299 263 241 59 182 70 239 207 136 1 240 223 299 311 125 165 72 311 311 8 25 311 125 181 290 6 209 252 112 28 56 239 311 59 311 183 311 194 65 91 27 1 257 63 23 93 30 252 1 175 311 251 7 230 1 181 117 16 222 59 59 284 140 117 189 103 211 124 241 1 1 59 121 55 22 60 232 241 182 63 311 176 121 59 125 297 311 298 1 102 48 233 60 239 161 164 252 239 1 252 183 296 84 299 1 17 311 299 115 280 298 175 162 117 194 252 239 298 66 44 256 252 63 65 200 229 145 71 311 124 181 171 185 240 191 311 47 172 258 49 311 311 64 181 170 311 197 252 298 63 311 311 311 7 7 187 59 54 194 297 311 299 285 59 124 299 1 98 59 65 194 75 121 168 1 182 154 63 5 266 67 297 311 239 252 123 1 240 252 311 252 311 63 1 45 63 43 252 114 63 267 66 1 116 136 311 95 311 311 182 194 159 141 19 121 59 274 117 135 121 113 79 233 252 1 227 215 265 129 1 241 109 311 59 142 182 121 107 233 161 81 73 34 147 59 111 133 264 297 2 311 149 108 252 77 146 132 218 220 252 1 311 5 299 241 157 175 63 183 6 311 158 282 63 137 278 311 299 183 1 65 293 66 125 194 241 311 138 299 253 160 299 236 124 192 123 59 182 131 311 180 104 141 1 194 8 308 86 59 249 216 110 1 1 292 239 1 125 252 240 299 59 59 90 239 248 178 59 21 78 231 38 250 12 201 269 59 1 117 295 304 299 5 1 1 121 311 29 161 1 1 5 213 194 307 39 105 14 9 59 123 1 63 100 238 252 137 5 7 59 262 121 83 96 245 183 59 121 287 69 163 241 67 246 35 8 177 224 225 194 63 183 120 311 119 118 261 1 125 276 121 1 59 298 243 1 277 241 171 252 67 310 52 5 228 63 50 123 297 92 309 260 1 205 270 59 311 196 303 199 235 190 88 26 301 53 219 121 63 117 239 302 66 311 74 89 311 311 113 126 279 300 273 311 59 1 59 259 268 3 234 43 1 242 1 252 62 51 123 121 61 94 5 42 186 271 206 68 311 210 208 106 
c [Incremental] Max used label: 311.
c [Incremental] Label 311 is removed from searching.
c [Incremental] Solving for max label = 310:
c [Incremental] Solving duration: 49368 ms.
s [Incremental] SAT (label = 310).
Label assignment: 2 310 136 234 98 132 63 76 1 252 125 165 81 208 310 307 251 310 310 309 273 174 191 195 1 252 17 3 310 60 310 65 139 298 121 1 307 252 130 63 12 87 224 252 59 194 310 307 244 72 310 289 77 136 9 189 194 194 234 194 252 6 252 305 253 227 310 118 176 191 127 196 193 210 218 310 58 302 192 196 222 310 27 252 290 9 310 118 194 20 250 162 190 252 306 310 175 252 193 90 131 252 232 306 252 60 247 130 252 281 209 157 5 160 117 95 188 169 310 159 284 5 204 117 153 286 310 310 223 310 234 194 13 197 6 310 310 288 49 310 142 287 12 176 65 252 136 59 307 2 310 193 224 1 277 1 13 29 149 161 198 60 33 210 136 252 28 85 310 1 297 231 14 123 249 117 151 310 130 1 242 270 80 310 188 249 1 243 292 1 35 194 189 310 252 252 304 195 136 141 252 176 170 202 2 136 308 131 310 119 135 193 105 78 310 63 22 310 1 194 2 189 67 310 43 117 126 194 1 219 268 130 168 305 117 40 310 310 125 136 136 229 310 194 203 194 57 1 194 194 64 2 126 266 252 310 194 114 261 117 249 191 136 194 7 310 1 310 285 140 132 118 176 15 73 75 1 59 108 96 78 194 310 9 252 310 252 252 246 59 11 310 217 201 310 220 195 252 106 206 134 75 133 310 11 310 138 310 117 194 131 42 252 1 264 310 310 1 15 189 188 189 109 252 102 106 1 310 18 194 252 310 193 14 176 9 194 59 74 194 93 200 194 78 252 83 310 1 129 199 72 228 252 278 59 1 118 71 31 12 250 194 194 252 310 32 52 299 108 136 44 88 59 310 78 1 97 87 134 65 310 252 74 107 59 131 2 78 250 135 194 1 158 248 194 104 194 178 254 310 145 136 234 118 226 310 283 175 78 187 194 59 252 135 22 230 130 233 189 221 12 136 252 79 194 194 167 48 59 235 310 194 205 265 1 176 12 2 187 112 227 275 308 310 310 150 194 310 117 295 252 1 59 194 252 252 14 1 59 191 148 310 64 101 155 173 252 1 118 252 98 186 22 180 154 305 1 164 51 15 137 252 252 60 310 34 119 252 144 1 240 310 267 130 2 1 12 248 39 194 5 252 67 98 310 213 269 133 179 191 98 136 191 68 310 136 130 10 59 241 303 1 136 47 245 147 119 280 194 60 310 84 136 212 54 60 92 191 86 110 25 310 252 130 1 59 194 67 77 136 310 38 194 135 124 252 100 252 310 239 300 73 252 174 41 82 115 94 271 225 156 24 5 291 135 122 310 310 70 222 301 252 95 252 310 184 14 37 310 78 252 120 310 207 89 217 30 214 69 249 310 252 1 296 6 183 99 194 23 237 4 143 2 252 1 8 103 171 294 216 287 26 256 262 59 194 259 194 59 310 194 310 36 211 72 217 111 66 128 93 188 310 194 194 60 37 194 21 45 113 182 310 2 310 55 59 146 88 194 163 196 252 293 185 175 16 234 181 117 50 78 62 53 274 252 105 252 257 252 252 252 114 116 1 61 56 236 194 19 194 172 258 4 260 310 252 282 276 279 310 252 310 263 272 177 194 252 238 252 255 166 91 46 215 152 
c [Incremental] Max used label: 310.
c [Incremental] Label 310 is removed from searching.
c [Incremental] Solving for max label = 309:
c [Incremental] Solving duration: 944 ms.
s [Incremental] SAT (label = 309).
Label assignment: 2 309 135 234 98 132 63 76 1 251 125 165 81 208 309 307 251 309 309 309 273 174 191 195 1 251 17 3 309 60 309 65 139 298 121 1 307 251 130 63 12 87 224 251 59 193 309 307 244 72 309 289 77 135 9 189 193 193 234 193 251 6 251 305 253 227 309 118 176 191 127 196 193 210 218 309 58 302 192 196 222 309 27 251 290 9 309 118 193 18 250 162 190 251 306 309 175 251 193 90 131 251 232 306 251 60 247 130 251 281 209 157 5 160 117 95 188 169 309 159 284 5 204 117 153 286 309 309 223 309 234 193 13 197 6 309 309 288 49 309 142 287 12 176 65 251 135 59 307 2 309 193 224 1 277 1 13 29 149 161 198 60 33 210 135 251 28 85 309 1 297 231 14 123 249 117 151 309 130 1 242 270 80 309 188 249 1 243 292 1 35 193 189 192 251 251 304 195 135 141 251 176 170 202 2 135 308 131 309 119 135 193 105 77 309 63 22 309 1 193 2 189 67 309 43 117 126 193 1 219 268 130 168 305 117 40 309 309 125 135 135 229 309 193 203 193 57 1 193 193 64 2 126 266 251 309 193 114 261 117 249 191 135 193 7 309 1 309 285 140 132 118 176 15 73 75 1 59 108 96 77 193 309 9 251 309 251 251 246 59 11 309 217 201 309 220 195 252 106 206 134 75 133 309 11 309 138 309 117 193 131 42 251 1 264 309 309 1 15 189 188 189 109 251 102 106 1 309 18 193 251 309 193 14 176 9 193 59 74 193 93 200 193 77 251 83 309 1 129 199 72 228 251 278 59 1 118 71 31 12 250 193 194 251 309 32 52 299 108 135 44 88 59 309 77 1 97 87 134 65 309 251 74 107 59 131 2 77 250 136 194 1 158 248 193 104 193 178 254 309 145 135 234 118 226 309 283 175 77 187 193 59 251 135 22 230 130 233 189 221 12 135 251 79 193 193 167 48 59 235 309 193 205 265 1 176 12 2 187 112 227 275 308 309 309 150 193 309 117 295 251 1 59 193 251 251 14 1 59 191 148 309 64 101 155 173 251 1 118 251 98 186 22 180 154 305 1 164 51 15 137 251 251 60 309 34 119 251 144 1 240 309 267 130 2 1 12 248 39 193 5 251 67 98 309 213 269 133 179 191 98 135 191 68 309 135 130 10 59 241 303 1 135 47 245 147 119 280 193 60 309 84 135 212 54 60 94 191 86 110 25 309 251 130 1 59 193 67 77 135 309 38 193 135 124 251 100 251 309 239 300 73 251 174 41 82 115 20 271 225 156 24 5 291 135 122 309 309 70 222 301 251 95 251 309 184 14 37 309 77 251 120 309 207 89 217 30 214 69 249 309 251 1 296 6 183 99 193 23 237 4 143 2 251 1 8 103 171 294 216 287 26 256 262 59 193 259 193 59 309 193 309 36 211 72 217 111 66 128 78 188 309 193 193 60 37 193 21 45 113 182 309 2 309 55 59 146 91 193 163 196 251 293 185 175 16 234 181 117 50 77 62 53 274 251 105 251 257 251 251 251 114 116 1 61 56 236 193 19 193 172 258 4 260 309 251 282 276 279 309 251 309 263 272 177 193 251 238 251 255 166 92 46 215 152 
c [Incremental] Max used label: 309.
c [Incremental] Label 309 is removed from searching.
c [Incremental] Solving for max label = 308:
c [Incremental] Solving duration: 1170 ms.
s [Incremental] SAT (label = 308).
Label assignment: 2 308 134 234 98 132 63 76 1 250 125 165 81 208 308 307 250 308 308 308 273 174 191 195 1 250 17 3 308 60 308 65 139 298 121 1 307 250 130 63 12 87 224 250 59 192 308 307 244 72 308 289 76 134 9 189 192 192 234 192 250 6 250 305 253 227 308 118 176 191 127 196 192 210 218 308 58 302 192 196 222 308 27 250 290 9 308 118 192 18 250 162 190 250 306 308 175 250 192 90 131 250 232 306 250 60 247 130 250 281 209 157 5 160 117 95 188 169 308 159 284 5 204 117 153 286 308 308 223 308 234 192 13 197 6 308 308 288 49 308 142 287 12 176 65 250 134 59 307 2 308 192 224 1 277 1 13 29 149 161 198 60 33 210 134 250 28 85 308 1 297 231 14 136 249 117 151 308 130 1 242 270 80 308 188 249 1 243 292 1 35 192 189 193 250 250 304 195 134 141 250 176 170 202 2 134 308 131 308 119 134 192 105 76 308 63 22 308 1 192 2 189 67 308 43 117 126 192 1 219 268 130 168 305 117 40 308 308 125 134 134 229 308 192 203 192 57 1 192 192 64 2 126 266 250 308 192 114 261 117 249 191 134 192 7 308 1 308 285 140 132 118 176 15 73 75 1 59 108 96 76 192 308 9 250 308 250 250 246 59 11 308 217 201 308 220 195 252 106 206 134 75 133 308 11 308 138 308 117 192 131 42 250 1 264 308 308 1 15 189 188 189 109 250 102 110 1 308 18 192 250 308 192 14 176 9 192 59 74 192 93 200 192 76 250 83 308 1 129 199 72 228 250 278 59 1 118 71 31 12 250 192 194 250 308 32 52 299 108 134 44 88 59 308 76 1 97 87 134 65 308 250 74 107 59 131 2 76 251 135 194 1 158 248 192 104 192 178 254 308 145 134 234 118 226 308 283 175 76 187 192 59 250 134 22 230 130 233 189 221 12 134 250 79 192 192 167 48 59 235 308 192 205 265 1 176 12 2 187 112 227 275 308 308 308 150 192 308 117 295 250 1 59 192 250 250 14 1 59 191 148 308 64 101 155 173 250 1 118 250 98 186 22 180 154 305 1 164 51 19 137 250 250 60 308 34 119 250 144 1 240 308 267 130 2 1 12 248 39 192 5 250 67 98 308 213 269 133 179 191 98 123 191 68 308 134 130 10 59 241 303 1 134 47 245 147 119 280 192 60 308 84 134 212 54 60 94 191 86 78 25 308 250 130 1 59 192 67 76 134 308 38 192 134 124 250 100 250 308 239 300 73 250 174 41 82 115 20 271 225 156 24 5 291 134 122 308 308 70 222 301 250 95 250 308 184 14 37 308 76 250 120 308 207 89 217 30 214 69 249 308 250 1 296 6 183 99 192 23 237 4 143 2 250 1 8 103 171 294 216 287 26 256 262 59 192 259 192 59 308 192 308 36 211 72 217 111 66 128 77 188 308 192 192 60 37 192 21 45 113 182 308 2 308 55 59 146 91 192 163 196 250 293 185 175 16 234 181 117 50 76 62 53 274 250 105 250 257 250 250 250 114 116 1 61 56 236 192 18 192 172 258 4 260 308 250 282 276 279 308 250 308 263 272 177 192 250 238 250 255 166 92 46 215 152 
c [Incremental] Max used label: 308.
c [Incremental] Label 308 is removed from searching.
c [Incremental] Solving for max label = 307:
c [Incremental] Solving duration: 70233 ms.
s [Incremental] SAT (label = 307).
Label assignment: 307 307 11 23 307 60 228 307 274 191 1 40 159 209 297 307 129 59 60 250 7 36 187 133 177 92 117 75 130 167 284 59 32 234 100 60 261 5 307 275 118 299 307 235 3 307 293 57 34 191 307 1 127 249 175 2 10 3 249 188 216 35 307 169 75 119 60 307 26 119 180 263 199 89 172 133 58 196 307 213 307 195 2 118 161 1 176 2 108 249 119 21 119 124 64 304 117 249 191 238 307 59 278 174 252 249 1 59 188 13 143 117 7 114 254 101 117 307 59 249 239 307 217 59 181 307 61 69 241 249 235 158 307 133 307 213 273 114 304 1 59 133 119 190 95 177 301 117 297 1 42 307 60 12 17 1 62 201 64 177 133 286 6 211 117 294 2 174 110 307 307 122 119 153 92 231 90 203 191 181 206 3 56 224 3 210 122 162 100 182 48 133 307 1 249 222 232 249 102 117 8 163 75 128 119 117 2 117 191 46 1 119 280 17 60 17 275 2 117 307 200 133 88 73 61 125 307 93 135 249 157 307 47 138 227 96 4 307 134 3 12 72 304 307 122 1 158 285 248 1 127 150 242 253 132 191 191 282 41 49 45 109 297 133 249 116 15 117 1 249 179 296 107 296 73 118 191 140 20 98 191 185 235 307 117 103 1 293 179 132 133 106 307 249 165 211 139 307 175 25 191 291 249 66 119 75 219 183 249 235 239 14 249 249 146 247 1 180 307 1 249 307 83 229 249 27 1 83 189 235 191 133 205 3 117 208 307 257 2 119 202 215 1 249 124 59 75 14 296 155 307 217 67 123 59 307 63 307 223 177 249 182 177 191 222 16 191 1 273 307 59 275 111 133 1 288 232 229 60 270 226 249 72 79 2 177 2 191 262 16 251 175 22 109 1 44 307 274 127 75 220 59 307 307 164 72 191 76 39 256 166 249 154 8 77 293 307 163 117 152 82 16 216 307 149 204 235 307 249 307 178 181 18 156 24 119 69 2 2 55 59 1 1 221 259 75 85 133 1 3 2 61 131 178 255 191 191 249 190 137 144 307 59 2 307 168 59 249 249 166 265 19 307 198 307 270 122 277 99 283 207 127 91 29 193 246 75 2 70 197 136 244 290 307 61 225 123 124 30 126 249 191 266 59 233 123 267 176 141 1 164 8 60 238 171 61 307 179 59 133 170 307 61 145 86 307 307 1 2 31 2 80 307 289 307 191 307 33 279 119 108 117 243 307 278 268 307 268 101 236 66 306 75 75 191 191 191 272 173 61 1 302 271 160 28 307 59 94 151 305 1 249 17 4 61 97 115 59 133 117 264 298 65 117 84 303 132 300 6 247 118 307 307 117 287 189 71 189 191 192 237 119 191 37 69 113 88 307 17 61 75 295 269 43 169 60 59 3 133 81 12 1 75 159 240 307 117 120 307 307 158 191 78 191 249 59 249 1 194 230 121 1 191 3 117 52 307 249 307 245 281 1 184 1 104 117 38 275 61 276 53 133 2 249 117 74 258 3 51 2 75 249 191 142 116 212 68 112 260 133 132 164 74 307 60 111 1 191 191 307 133 221 191 186 218 133 155 249 105 61 59 307 214 60 148 248 87 75 50 54 191 292 9 249 147 
c [Incremental] Max used label: 307.
c [Incremental] Label 307 is removed from searching.
c [Incremental] Solving for max label = 306:
c [Incremental] Solving duration: 15366 ms.
s [Incremental] SAT (label = 306).
Label assignment: 178 59 179 61 167 118 132 179 121 238 290 2 71 121 1 233 304 1 118 179 281 74 59 304 306 232 243 306 1 291 121 117 286 296 287 234 5 156 180 100 304 130 63 111 4 304 4 280 30 306 2 304 248 118 117 243 89 273 117 248 4 133 246 14 1 59 118 239 17 176 117 67 114 304 109 306 285 149 243 42 76 113 122 59 304 256 64 10 175 59 176 72 304 243 248 153 74 4 102 2 233 1 226 2 85 299 59 243 123 16 2 123 66 13 234 123 1 304 185 123 27 70 246 132 71 59 118 306 83 248 15 63 239 304 304 247 186 4 133 233 169 306 65 239 289 63 175 248 3 63 188 243 132 234 242 293 243 142 185 216 1 160 172 92 59 207 14 4 40 138 175 243 127 34 175 90 231 301 63 159 249 268 161 13 74 164 241 104 3 306 143 69 1 91 165 132 74 121 221 1 19 230 179 128 117 217 242 233 63 187 63 233 119 235 251 190 293 60 121 63 282 179 306 306 1 272 304 1 203 74 8 65 96 3 269 132 65 1 121 166 124 129 233 243 87 266 241 246 98 117 1 1 199 12 304 60 1 78 210 74 80 262 252 304 132 132 211 233 248 181 60 59 202 279 306 185 121 2 99 14 237 121 159 248 233 1 304 1 178 304 38 26 65 1 88 126 1 150 234 254 69 248 1 184 176 121 218 7 132 117 220 306 63 190 70 63 175 115 121 304 59 1 136 49 304 60 306 119 145 117 244 238 304 306 110 69 1 144 271 175 75 93 304 304 304 134 304 59 60 241 121 79 23 239 77 304 10 59 246 121 1 123 59 190 275 119 62 239 190 204 1 306 306 121 59 152 140 138 154 15 63 5 306 304 175 59 193 31 162 173 190 190 116 118 278 261 176 148 306 306 306 217 304 233 103 63 270 135 117 176 241 132 304 60 118 175 184 7 176 74 306 306 5 181 108 2 59 304 304 81 59 130 190 277 117 233 2 304 176 1 59 7 137 250 10 179 213 63 18 175 234 117 238 130 50 175 59 51 39 21 274 59 1 63 60 198 175 5 117 248 232 63 107 117 1 304 190 175 146 304 304 2 243 59 260 158 177 291 10 1 176 175 176 233 43 47 5 190 171 233 63 28 4 1 297 223 267 112 276 243 294 73 284 1 1 208 132 234 168 1 24 121 248 234 283 288 243 59 132 59 6 125 59 201 214 306 298 117 192 220 196 248 59 306 173 132 183 222 306 1 181 306 238 163 246 94 63 63 105 157 175 63 197 206 86 65 5 147 265 1 170 305 73 59 185 190 32 248 304 1 8 5 7 59 120 259 118 258 2 15 257 219 295 304 45 306 46 1 248 63 36 304 121 151 63 189 234 121 304 1 306 227 248 65 243 122 117 302 248 174 191 44 236 35 182 190 139 304 11 1 238 255 304 248 1 181 195 101 22 82 84 188 306 59 175 212 5 225 121 303 2 59 33 190 155 74 200 300 245 190 78 248 237 131 233 53 292 97 57 205 63 55 60 58 56 74 176 229 224 5 63 215 180 121 194 141 306 240 253 117 95 20 121 68 264 41 25 3 263 248 29 248 52 117 48 54 37 248 117 248 248 106 9 228 209 
c [Incremental] Max used label: 306.
c [Incremental] Label 306 is removed from searching.
c [Incremental] Solving for max label = 305:
c [Incremental] Solving duration: 1001 ms.
s [Incremental] SAT (label = 305).
Label assignment: 178 59 179 61 167 118 132 179 121 238 290 130 83 121 1 233 304 1 118 179 281 72 59 304 305 232 243 304 63 291 121 117 286 296 287 234 5 156 180 100 304 130 63 111 4 304 4 280 30 304 2 304 247 118 117 243 89 273 117 246 4 133 246 14 1 59 118 239 17 176 117 67 114 304 109 304 285 149 243 42 76 113 122 59 304 256 13 10 175 59 176 72 304 243 246 153 72 4 102 2 233 1 226 1 85 299 59 243 123 16 2 123 66 13 234 130 1 1 185 123 27 70 246 130 71 59 118 305 1 243 15 63 239 304 304 243 186 4 133 233 169 304 65 239 289 63 175 247 3 63 188 243 132 234 242 293 243 142 185 216 1 160 172 92 59 207 1 4 40 145 175 243 127 34 175 90 231 301 63 159 249 268 161 19 72 164 241 104 3 304 143 69 1 91 165 130 72 121 221 1 23 230 17 128 117 217 242 233 63 187 5 233 119 235 251 188 293 60 121 5 282 179 305 304 1 272 304 1 203 13 8 65 96 3 269 130 65 1 121 166 124 129 233 243 87 266 241 246 98 117 1 291 199 21 304 60 1 78 210 73 80 262 252 304 130 130 211 233 247 181 60 59 202 279 304 185 121 2 99 14 237 121 159 247 233 1 304 1 178 304 38 26 65 1 88 126 1 150 234 254 69 243 1 184 176 121 218 72 130 117 220 179 5 188 70 63 175 115 121 304 59 1 136 49 304 59 305 119 145 117 244 238 304 304 110 69 1 144 271 175 75 93 304 304 304 134 304 13 60 241 121 79 20 239 77 304 10 59 246 131 1 123 59 188 275 119 62 239 190 204 1 304 304 121 59 152 146 138 154 14 63 121 304 304 175 59 193 31 162 173 188 188 116 117 278 261 176 140 304 304 305 217 304 233 103 63 270 135 117 175 241 130 304 60 118 175 184 7 176 74 304 304 5 181 108 2 59 304 304 81 59 130 188 277 117 233 2 304 176 1 59 7 137 250 25 179 213 63 18 175 234 117 238 130 50 175 59 51 39 24 274 59 1 5 59 198 175 72 117 246 232 63 107 121 71 304 188 175 148 304 304 2 233 59 260 158 177 291 10 1 176 175 176 233 43 47 5 188 171 233 63 28 4 1 297 223 267 112 276 243 294 72 284 1 1 208 130 234 168 1 59 121 246 234 283 288 243 59 130 59 6 125 59 201 214 305 298 117 192 220 196 247 59 304 173 130 183 222 305 1 181 304 238 163 246 94 1 63 105 157 175 63 197 206 86 65 5 147 265 1 170 305 72 59 185 188 5 247 304 1 8 5 7 59 120 259 118 258 1 12 257 219 295 304 45 304 46 1 246 63 36 304 63 151 63 189 234 121 304 1 305 227 247 11 248 122 117 302 256 174 191 44 236 35 182 188 139 304 9 1 238 255 304 246 1 181 195 101 22 82 84 188 304 59 175 212 5 225 121 303 2 59 33 188 155 72 200 300 245 59 87 247 237 130 233 53 292 97 57 205 121 55 60 58 56 198 176 229 224 5 64 215 180 121 194 141 305 240 253 117 95 29 121 68 264 41 177 3 263 246 32 246 52 117 48 54 37 63 117 247 71 106 1 228 209 
c [Incremental] Max used label: 305.
c [Incremental] Label 305 is removed from searching.
c [Incremental] Solving for max label = 304:
c [Incremental] Solving duration: 1027 ms.
s [Incremental] SAT (label = 304).
Label assignment: 178 59 179 61 167 118 132 179 121 238 290 2 71 121 1 233 304 1 118 179 281 72 59 304 304 226 243 304 1 291 121 117 286 296 287 234 5 156 180 100 304 130 63 111 4 304 229 280 30 304 2 304 246 118 117 243 89 273 117 246 4 133 246 14 1 59 118 239 17 176 117 67 114 304 109 304 285 149 243 42 76 113 122 59 278 256 64 10 175 59 176 72 304 243 246 153 72 4 102 2 233 1 220 2 85 299 59 243 123 16 2 123 66 13 234 123 1 304 185 123 27 70 246 130 71 59 118 304 83 243 15 63 239 304 304 243 186 4 133 233 169 304 65 239 289 63 175 246 3 63 188 247 130 234 242 293 243 142 185 216 1 160 172 92 59 207 14 4 40 138 175 243 127 34 175 90 231 301 63 159 249 268 161 13 72 164 241 104 3 304 143 69 1 91 165 130 74 121 221 1 19 230 179 131 117 217 242 233 63 187 63 233 119 235 251 188 293 60 121 63 282 179 304 304 1 272 304 1 203 72 190 65 96 3 269 130 65 1 121 166 124 129 233 243 87 266 241 246 98 117 1 1 199 12 304 60 1 78 210 74 80 262 252 304 130 130 211 233 246 177 60 59 202 279 304 185 121 2 99 14 237 121 159 246 233 1 304 1 178 304 38 26 65 1 88 126 1 150 234 254 69 243 1 184 176 121 218 7 130 117 218 304 63 188 70 63 175 115 121 304 59 1 136 49 304 60 304 119 145 117 244 238 304 304 110 69 1 144 271 175 75 93 304 304 304 134 304 59 60 241 121 79 23 239 77 304 10 59 246 128 1 123 59 188 275 122 62 239 188 204 1 304 304 121 59 152 140 138 154 14 63 5 304 304 175 59 193 31 162 173 188 188 116 118 277 261 176 148 304 304 304 217 304 233 103 63 270 135 117 176 241 130 304 60 118 175 184 7 176 74 304 304 238 181 108 2 59 304 304 81 59 130 188 276 117 233 2 304 176 1 59 7 137 250 10 179 6 63 18 175 234 117 238 130 50 175 59 51 39 21 274 59 1 63 60 198 175 5 117 246 232 63 107 117 1 304 188 175 146 304 304 2 243 59 260 158 180 291 10 1 176 175 176 233 43 47 5 188 171 233 63 28 4 1 297 223 267 112 263 243 294 72 284 1 1 208 130 234 168 1 24 121 246 234 283 288 243 59 6 59 6 125 59 201 214 304 298 117 192 220 196 246 59 304 173 130 183 222 304 1 181 304 238 163 246 94 63 63 105 157 175 68 197 206 86 65 5 147 265 1 170 304 72 59 189 188 32 246 304 1 8 5 7 59 120 259 118 258 2 14 257 219 295 304 45 304 46 1 246 63 36 304 121 151 63 188 234 121 2 1 304 227 246 65 243 122 117 302 246 174 191 44 236 35 182 188 139 304 11 1 63 255 304 246 1 181 195 101 22 82 84 188 304 59 175 212 5 225 121 303 2 59 33 188 155 72 200 300 245 188 78 246 237 130 233 53 292 97 57 205 63 55 60 58 56 72 176 209 224 5 63 215 180 121 194 141 304 240 253 117 95 20 121 73 264 41 25 3 248 246 29 246 52 117 48 54 37 246 117 246 246 106 9 228 213 
c [Incremental] Max used label: 304.
c [Incremental] Label 304 is removed from searching.
c [Incremental] Solving for max label = 303:
c [Incremental] Solving duration: 65014 ms.
s [Incremental] SAT (label = 303).
Label assignment: 303 183 128 192 1 2 1 274 245 62 215 2 106 184 303 303 2 68 2 253 72 303 76 231 243 44 132 303 63 112 225 2 31 243 127 184 303 65 128 67 66 279 303 238 245 1 3 214 256 129 303 67 245 303 226 245 149 100 8 245 187 269 2 303 5 303 3 180 121 64 2 301 211 174 152 71 1 67 120 1 302 40 129 187 232 153 245 129 125 303 277 3 66 187 1 1 126 187 210 113 128 185 72 233 271 68 118 1 164 1 69 184 198 210 135 245 303 255 245 183 69 262 187 183 3 3 2 303 175 207 125 303 187 248 245 6 131 245 177 67 245 187 71 245 59 70 245 301 259 267 97 144 2 167 34 163 104 232 5 125 191 303 96 117 125 301 187 84 296 108 125 105 1 302 183 2 230 187 119 236 163 245 152 290 129 286 245 59 1 187 137 187 301 10 1 69 187 204 4 156 245 69 125 302 3 297 134 303 245 65 303 242 187 124 81 245 200 6 3 245 90 122 1 70 202 15 10 65 59 1 91 245 6 182 117 220 1 259 70 303 185 13 303 1 1 129 4 127 223 126 68 67 59 118 1 245 258 250 95 303 2 75 107 245 188 154 59 184 98 124 219 261 16 243 303 151 63 301 168 174 70 1 1 245 303 197 125 301 74 303 205 303 125 9 42 240 225 303 68 142 60 187 183 1 217 5 28 303 303 9 118 67 187 187 187 245 302 224 1 12 127 60 83 245 303 3 71 89 60 1 70 5 129 129 9 85 216 245 160 245 201 73 232 303 109 9 303 145 118 187 9 303 281 67 183 187 303 303 87 2 303 60 129 129 13 129 187 94 245 174 245 245 243 212 146 264 158 133 245 239 229 187 245 163 245 184 148 71 258 1 79 64 170 136 176 289 245 245 245 245 2 69 187 67 224 5 22 257 66 297 245 245 88 245 228 183 1 1 99 295 67 4 2 36 187 61 301 10 299 276 186 2 303 260 201 67 303 126 60 32 303 67 303 138 19 242 280 187 303 301 140 1 303 67 270 183 187 303 155 9 206 126 59 245 294 14 67 21 9 190 26 303 127 303 303 292 68 125 196 166 303 187 197 67 77 189 60 62 237 171 293 185 251 60 102 187 195 71 139 125 245 65 157 29 245 130 208 209 25 187 157 3 12 303 69 187 245 184 17 187 303 59 303 71 24 86 82 183 303 125 179 23 244 303 165 1 266 9 80 141 27 114 186 232 110 245 127 150 117 183 1 303 246 1 9 60 126 63 222 10 302 60 300 129 162 302 74 160 115 125 122 303 116 167 71 59 241 245 1 303 78 291 247 125 4 143 129 111 235 249 123 303 245 103 166 303 303 18 245 129 67 242 63 181 303 193 11 187 303 125 303 178 124 45 194 61 8 161 184 93 20 147 43 245 38 245 303 245 1 303 303 187 227 303 303 9 67 159 203 275 273 285 71 245 169 298 218 268 1 284 303 167 199 52 213 9 53 92 245 245 173 55 33 186 35 283 272 129 282 150 5 245 49 288 278 303 13 101 287 56 187 71 58 5 46 234 187 245 252 12 172 50 187 41 51 245 37 187 47 10 39 13 59 30 221 265 263 7 54 254 303 38 57 303 48 
c [Incremental] Max used label: 303.
c [Incremental] Label 303 is removed from searching.
c [Incremental] Solving for max label = 302:
c [Incremental] Solving duration: 1088 ms.
s [Incremental] SAT (label = 302).
Label assignment: 302 183 128 192 1 2 1 274 244 62 215 2 106 184 302 302 2 68 2 253 72 302 76 231 243 44 132 302 63 112 225 2 31 243 127 184 302 65 128 67 66 279 302 238 244 1 3 214 256 128 302 67 244 302 226 244 149 100 8 244 186 269 2 302 5 302 3 180 121 64 2 301 211 174 152 70 1 67 120 1 302 40 128 186 232 153 244 128 125 302 277 3 66 186 1 1 126 186 210 113 128 185 72 233 271 68 118 1 164 1 69 184 198 210 135 244 302 255 243 183 69 262 186 183 3 3 2 302 175 207 125 302 186 248 244 6 131 244 177 67 244 186 70 244 59 64 244 301 259 267 97 144 2 167 34 163 104 232 5 125 191 302 96 117 125 301 186 84 296 108 125 105 1 302 183 2 230 186 119 236 163 244 152 290 128 286 244 59 1 186 137 186 301 6 1 69 186 204 4 156 244 69 125 302 3 297 134 302 244 65 302 242 186 124 81 244 187 6 3 244 90 122 1 70 202 15 10 65 59 1 91 244 6 182 117 220 1 259 69 302 185 12 302 1 1 122 4 127 223 126 68 67 59 118 1 244 258 250 95 302 2 75 107 244 188 154 59 184 98 124 219 261 16 243 302 151 63 301 168 174 70 1 1 244 302 197 125 301 74 302 205 302 125 9 42 240 225 302 68 142 60 186 183 1 217 5 28 302 302 9 118 67 186 186 186 244 302 224 1 6 129 60 83 244 302 3 70 89 60 1 70 5 128 128 9 85 216 244 160 244 200 73 232 302 109 9 302 186 118 186 9 302 281 67 183 186 302 302 87 2 302 60 128 128 12 128 186 94 245 174 244 244 243 212 146 264 145 133 244 239 229 186 244 163 244 184 148 64 258 1 79 64 170 136 176 289 244 244 244 244 2 69 186 67 224 5 22 257 66 297 244 244 88 244 228 158 1 1 99 295 67 4 2 36 186 61 301 10 299 276 186 2 302 260 201 67 302 126 60 32 302 67 302 138 19 242 280 186 302 301 140 1 302 67 270 183 186 302 155 9 206 126 59 244 294 14 67 21 9 190 26 302 127 128 302 292 68 125 196 166 302 186 197 67 77 189 60 62 237 171 293 185 251 60 102 186 195 70 139 125 244 65 157 29 244 130 208 209 25 185 157 3 11 302 71 186 244 184 17 186 302 59 302 70 24 86 82 183 302 125 179 23 244 302 165 1 266 9 80 141 27 114 186 232 110 244 127 150 117 183 1 302 246 1 9 60 126 63 222 10 302 60 300 128 162 302 74 160 115 125 122 302 116 167 70 59 241 244 1 302 78 291 247 125 4 143 128 111 235 249 123 302 244 103 166 302 302 18 244 127 67 242 63 181 302 193 13 186 302 125 302 178 124 45 194 61 8 161 184 93 20 147 43 244 38 244 302 244 1 302 302 186 227 302 302 9 67 159 203 275 273 285 70 244 169 298 218 268 1 284 302 167 199 52 213 9 53 92 244 244 173 55 33 186 35 283 272 128 282 150 5 244 49 288 278 302 12 101 287 56 186 70 58 5 46 234 186 244 252 12 172 50 186 41 51 244 37 186 47 10 39 12 59 30 221 265 263 7 54 254 128 38 57 302 48 
c [Incremental] Max used label: 302.
c [Incremental] Label 302 is removed from searching.
c [Incremental] Solving for max label = 301:
c [Signal] Signal interruption. Caught signal: SIGTERM (15).
c [Main] Lim pid ends with result: 254.
r [Main] 
r [Main] Final results: 
r [Main] Total real time: 1806451 ms.
r [Main] Total memory consumed: 2175.5 MB.
r [Main] 
