c [Version] Minimize Makespan Labeling Encoder version 1.0.0.
c [Param] Target value is set to 120.
c [Param] LB is predefined as 121.
c [Param] UB is predefined as 425.
c [Param] Target value is set to Antibandwidth.
c [Param] Vertices mode is set to Has hole.
c [Param] Result verification is ON.
c [Param] Memory limit is set to 30000.
c [Param] Real time limit is set to 1800.
c [Param] Max CNF size is set to 10.
c [Main] Search strategy: Incremental from upper bound.
c [Main] Encoding and solving for graph: O-impcol_d.mtx.rnd.
c [Incremental] Minimize Makespan Labeling problem (O-impcol_d.mtx.rnd):
c [Incremental] Encoding starts with target value = 120:
c [Incremental] Encoding duration: 2176ms.
c [Incremental] Number of clauses: 2690565.
c [Incremental] Number of variables: 459897.
c [Incremental] Solving for max label = 425:
c [Incremental] Solving duration: 7366 ms.
s [Incremental] SAT (label = 425).
c [Incremental] Label assignment: 1 1 1 1 1 1 1 1 1 1 1 1 1 121 1 1 1 1 1 121 1 1 1 185 1 1 121 121 1 1 121 121 425 1 121 1 1 1 121 1 1 1 1 1 121 1 1 121 1 241 1 1 1 121 1 425 121 121 121 1 241 1 1 121 1 121 305 241 241 121 1 121 1 1 1 1 1 425 1 1 305 185 1 305 1 121 1 1 1 185 1 121 121 1 241 1 121 121 1 1 121 185 121 241 121 121 243 241 241 241 241 361 305 241 121 1 1 1 1 361 1 1 1 1 121 361 121 1 241 121 1 185 1 121 361 121 361 361 425 305 121 425 185 121 1 1 1 121 363 121 361 361 121 1 241 1 1 121 121 1 1 241 241 121 121 241 185 1 241 121 121 121 241 1 361 425 241 121 241 121 121 121 1 1 305 121 425 425 185 425 305 241 425 121 361 361 361 121 121 361 425 121 121 241 425 121 425 241 361 1 425 305 1 241 1 121 121 361 241 241 241 425 372 241 1 1 1 241 241 121 1 121 241 425 1 1 1 1 425 1 305 305 121 1 1 1 121 1 121 1 1 372 121 241 1 121 241 305 241 361 121 251 121 1 123 241 241 1 1 123 425 121 121 305 121 185 185 425 425 128 241 361 241 361 121 241 121 122 305 425 361 185 121 121 1 361 241 241 425 121 361 121 305 1 121 121 1 1 121 241 1 1 425 121 305 1 1 185 305 361 361 361 425 1 305 241 241 305 1 425 305 361 361 1 121 251 121 361 241 241 241 425 305 305 1 127 1 1 121 121 185 121 252 362 121 372 121 425 1 1 425 425 361 1 425 241 1 121 425 121 121 185 425 65 241 305 1 425 241 1 121 241 241 425 242 251 425 1 425 1 241 121 305 121 361 242 361 241 425 305 425 241 241 425 241 361 121 185 241 121 1 425 361 123 425 305 305 1 241 123 305 361 305 1 1 
c [Incremental] Max used label: 425.
c [Incremental] Label 425 is removed from searching.
c [Incremental] Solving for max label = 424:
c [Incremental] Solving duration: 288 ms.
s [Incremental] SAT (label = 424).
c [Incremental] Label assignment: 1 1 1 1 1 1 1 1 1 1 1 1 1 121 1 1 1 1 1 121 1 1 1 184 1 1 121 121 1 1 121 121 424 1 121 1 1 1 121 1 1 1 1 1 121 1 1 121 1 241 1 1 1 121 1 424 121 121 121 1 241 1 1 121 1 121 304 241 241 121 1 121 1 1 1 1 1 424 1 1 304 184 1 304 1 121 1 1 1 184 1 121 121 1 241 1 121 121 1 1 121 184 121 241 121 121 243 241 241 241 241 361 304 241 121 1 1 1 1 361 1 1 1 1 121 361 121 1 241 121 1 184 1 121 361 121 361 361 424 304 121 424 184 121 1 1 1 121 363 121 361 361 121 1 241 1 1 121 121 1 1 241 241 121 121 241 184 1 241 121 121 121 241 1 361 424 241 121 241 121 121 121 1 1 304 121 424 424 184 424 304 241 424 121 361 361 361 121 121 361 424 121 121 241 424 121 424 241 361 1 424 304 1 241 1 121 121 361 241 241 241 424 372 241 1 1 1 241 241 121 1 121 241 424 1 1 1 1 424 1 304 304 121 1 1 1 121 1 121 1 1 372 121 241 1 121 241 304 241 361 121 251 121 1 123 241 241 1 1 123 424 121 121 304 121 184 184 424 424 128 241 361 241 361 121 241 121 122 304 424 361 184 121 121 1 361 241 241 424 121 361 121 304 1 121 121 1 1 121 241 1 1 424 121 304 1 1 184 304 361 361 361 424 1 304 241 241 304 1 424 304 361 361 1 121 251 121 361 241 241 241 424 304 304 1 127 1 1 121 121 184 121 252 362 121 372 121 424 1 1 424 424 361 1 424 241 1 121 424 121 121 184 424 64 241 304 1 424 241 1 121 241 241 424 242 251 424 1 424 1 241 121 304 121 361 242 361 241 424 304 424 241 241 424 241 361 121 184 241 121 1 424 361 123 424 305 304 1 241 123 304 361 304 1 1 
c [Incremental] Max used label: 424.
c [Incremental] Label 424 is removed from searching.
c [Incremental] Solving for max label = 423:
c [Incremental] Solving duration: 289 ms.
s [Incremental] SAT (label = 423).
c [Incremental] Label assignment: 1 1 1 1 1 1 1 1 1 1 1 1 1 121 1 1 1 1 1 121 1 1 1 183 1 1 121 121 1 1 121 121 423 1 121 1 1 1 121 1 1 1 1 1 121 1 1 121 1 241 1 1 1 121 1 423 121 121 121 1 241 1 1 121 1 121 303 241 241 121 1 121 1 1 1 1 1 423 1 1 303 183 1 303 1 121 1 1 1 183 1 121 121 1 241 1 121 121 1 1 121 183 121 241 121 121 243 241 241 241 241 361 303 241 121 1 1 1 1 361 1 1 1 1 121 361 121 1 241 121 1 183 1 121 361 121 361 361 423 303 121 423 183 121 1 1 1 121 363 121 361 361 121 1 241 1 1 121 121 1 1 241 241 121 121 241 183 1 241 121 121 121 241 1 361 423 241 121 241 121 121 121 1 1 303 121 423 423 183 423 303 241 423 121 361 361 361 121 121 361 423 121 121 241 423 121 423 241 361 1 423 303 1 241 1 121 121 361 241 241 241 423 372 241 1 1 1 241 241 121 1 121 241 423 1 1 1 1 423 1 303 303 121 1 1 1 121 1 121 1 1 372 121 241 1 121 241 303 241 361 121 251 121 1 123 241 241 1 1 123 423 121 121 303 121 183 183 423 423 128 241 361 241 361 121 241 121 122 303 423 361 183 121 121 1 361 241 241 423 121 361 121 303 1 121 121 1 1 121 241 1 1 423 121 303 1 1 183 303 361 361 361 423 1 303 241 241 303 1 423 303 361 361 1 121 251 121 361 241 241 241 423 303 303 1 127 1 1 121 121 183 121 252 362 121 372 121 423 1 1 423 423 361 1 423 241 1 121 423 121 121 183 423 63 241 303 1 423 241 1 121 241 241 423 242 251 423 1 423 1 241 121 303 121 361 242 361 241 423 303 423 241 241 423 241 361 121 183 241 121 1 423 361 123 423 305 303 1 241 123 303 361 303 1 1 
c [Incremental] Max used label: 423.
c [Incremental] Label 423 is removed from searching.
c [Incremental] Solving for max label = 422:
c [Incremental] Solving duration: 297 ms.
s [Incremental] SAT (label = 422).
c [Incremental] Label assignment: 1 1 1 1 1 1 1 1 1 1 1 1 1 121 1 1 1 1 1 121 1 1 1 182 1 1 121 121 1 1 121 121 422 1 121 1 1 1 121 1 1 1 1 1 121 1 1 121 1 241 1 1 1 121 1 422 121 121 121 1 241 1 1 121 1 121 302 241 241 121 1 121 1 1 1 1 1 422 1 1 302 182 1 302 1 121 1 1 1 182 1 121 121 1 241 1 121 121 1 1 121 182 121 241 121 121 243 241 241 241 241 361 302 241 121 1 1 1 1 361 1 1 1 1 121 361 121 1 241 121 1 182 1 121 361 121 361 361 422 302 121 422 182 121 1 1 1 121 363 121 361 361 121 1 241 1 1 121 121 1 1 241 241 121 121 241 182 1 241 121 121 121 241 1 361 422 241 121 241 121 121 121 1 1 302 121 422 422 182 422 302 241 422 121 361 361 361 121 121 361 422 121 121 241 422 121 422 241 361 1 422 302 1 241 1 121 121 361 241 241 241 422 372 241 1 1 1 241 241 121 1 121 241 422 1 1 1 1 422 1 302 302 121 1 1 1 121 1 121 1 1 372 121 241 1 121 241 302 241 361 121 251 121 1 123 241 241 1 1 123 422 121 121 302 121 182 182 422 422 128 241 361 241 361 121 241 121 122 302 422 361 182 121 121 1 361 241 241 422 121 361 121 302 1 121 121 1 1 121 241 1 1 422 121 302 1 1 182 302 361 361 361 422 1 302 241 241 302 1 422 302 361 361 1 121 251 121 361 241 241 241 422 302 302 1 127 1 1 121 121 182 121 252 362 121 372 121 422 1 1 422 422 361 1 422 241 1 121 422 121 121 182 422 62 241 302 1 422 241 1 121 241 241 422 242 251 422 1 422 1 241 121 302 121 361 242 361 241 422 302 422 241 241 422 241 361 121 182 241 121 1 422 361 123 422 305 302 1 241 123 302 361 302 1 1 
c [Incremental] Max used label: 422.
c [Incremental] Label 422 is removed from searching.
c [Incremental] Solving for max label = 421:
c [Incremental] Solving duration: 290 ms.
s [Incremental] SAT (label = 421).
c [Incremental] Label assignment: 1 1 1 1 1 1 1 1 1 1 1 1 1 121 1 1 1 1 1 121 1 1 1 181 1 1 121 121 1 1 121 121 421 1 121 1 1 1 121 1 1 1 1 1 121 1 1 121 1 241 1 1 1 121 1 421 121 121 121 1 241 1 1 121 1 121 301 241 241 121 1 121 1 1 1 1 1 421 1 1 301 181 1 301 1 121 1 1 1 181 1 121 121 1 241 1 121 121 1 1 121 181 121 241 121 121 243 241 241 241 241 361 301 241 121 1 1 1 1 361 1 1 1 1 121 361 121 1 241 121 1 181 1 121 361 121 361 361 421 301 121 421 181 121 1 1 1 121 363 121 361 361 121 1 241 1 1 121 121 1 1 241 241 121 121 241 181 1 241 121 121 121 241 1 361 421 241 121 241 121 121 121 1 1 301 121 421 421 181 421 301 241 421 121 361 361 361 121 121 361 421 121 121 241 421 121 421 241 361 1 421 301 1 241 1 121 121 361 241 241 241 421 372 241 1 1 1 241 241 121 1 121 241 421 1 1 1 1 421 1 301 301 121 1 1 1 121 1 121 1 1 372 121 241 1 121 241 301 241 361 121 251 121 1 123 241 241 1 1 123 421 121 121 301 121 181 181 421 421 128 241 361 241 361 121 241 121 122 301 421 361 181 121 121 1 361 241 241 421 121 361 121 301 1 121 121 1 1 121 241 1 1 421 121 301 1 1 181 301 361 361 361 421 1 301 241 241 301 1 421 301 361 361 1 121 251 121 361 241 241 241 421 301 301 1 127 1 1 121 121 181 121 252 362 121 372 121 421 1 1 421 421 361 1 421 241 1 121 421 121 121 181 421 61 241 301 1 421 241 1 121 241 241 421 242 251 421 1 421 1 241 121 301 121 361 242 361 241 421 301 421 241 241 421 241 361 121 181 241 121 1 421 361 123 421 305 301 1 241 123 301 361 301 1 1 
c [Incremental] Max used label: 421.
c [Incremental] Label 421 is removed from searching.
c [Incremental] Solving for max label = 420:
c [Incremental] Solving duration: 301 ms.
s [Incremental] SAT (label = 420).
c [Incremental] Label assignment: 1 1 1 1 1 1 1 1 1 1 1 1 1 121 1 1 1 1 1 121 1 1 1 180 1 1 121 121 1 1 121 121 420 1 121 1 1 1 121 1 1 1 1 1 121 1 1 121 1 241 1 1 1 121 1 420 121 121 121 1 241 1 1 121 1 121 300 241 241 121 1 121 1 1 1 1 1 420 1 1 300 180 1 300 1 121 1 1 1 180 1 121 121 1 241 1 121 121 1 1 121 180 121 241 121 121 243 241 241 241 241 361 300 241 121 1 1 1 1 361 1 1 1 1 121 361 121 1 241 121 1 180 1 121 361 121 361 361 420 300 121 420 180 121 1 1 1 121 363 121 361 361 121 1 241 1 1 121 121 1 1 241 241 121 121 241 180 1 241 121 121 121 241 1 361 420 241 121 241 121 121 121 1 1 300 121 420 420 180 420 300 241 420 121 361 361 361 121 121 361 420 121 121 241 420 121 420 241 361 1 420 300 1 241 1 121 121 361 241 241 241 420 372 241 1 1 1 241 241 121 1 121 241 420 1 1 1 1 420 1 300 300 121 1 1 1 121 1 121 1 1 372 121 241 1 121 241 300 241 361 121 251 121 1 123 241 241 1 1 123 420 121 121 300 121 180 180 420 420 128 241 361 241 361 121 241 121 122 300 420 361 180 121 121 1 361 241 241 420 121 361 121 300 1 121 121 1 1 121 241 1 1 420 121 300 1 1 180 300 361 361 361 420 1 300 241 241 300 1 420 300 361 361 1 121 251 121 361 241 241 241 420 300 300 1 127 1 1 121 121 180 121 252 362 121 372 121 420 1 1 420 420 361 1 420 241 1 121 420 121 121 180 420 60 241 300 1 420 241 1 121 241 241 420 242 251 420 1 420 1 241 121 300 121 361 242 361 241 420 300 420 241 241 420 241 361 121 180 241 121 1 420 361 123 420 305 300 1 241 123 300 361 300 1 1 
c [Incremental] Max used label: 420.
c [Incremental] Label 420 is removed from searching.
c [Incremental] Solving for max label = 419:
c [Incremental] Solving duration: 297 ms.
s [Incremental] SAT (label = 419).
c [Incremental] Label assignment: 1 1 1 1 1 1 1 1 1 1 1 1 1 121 1 1 1 1 1 121 1 1 1 179 1 1 121 121 1 1 121 121 419 1 121 1 1 1 121 1 1 1 1 1 121 1 1 121 1 241 1 1 1 121 1 419 121 121 121 1 241 1 1 121 1 121 299 241 241 121 1 121 1 1 1 1 1 419 1 1 299 179 1 299 1 121 1 1 1 179 1 121 121 1 241 1 121 121 1 1 121 179 121 241 121 121 243 241 241 241 241 361 299 241 121 1 1 1 1 361 1 1 1 1 121 361 121 1 241 121 1 179 1 121 361 121 361 361 419 299 121 419 179 121 1 1 1 121 363 121 361 361 121 1 241 1 1 121 121 1 1 241 241 121 121 241 179 1 241 121 121 121 241 1 361 419 241 121 241 121 121 121 1 1 299 121 419 419 179 419 299 241 419 121 361 361 361 121 121 361 419 121 121 241 419 121 419 241 361 1 419 299 1 241 1 121 121 361 241 241 241 419 372 241 1 1 1 241 241 121 1 121 241 419 1 1 1 1 419 1 299 299 121 1 1 1 121 1 121 1 1 372 121 241 1 121 241 299 241 361 121 251 121 1 123 241 241 1 1 123 419 121 121 299 121 179 179 419 419 128 241 361 241 361 121 241 121 122 299 419 361 179 121 121 1 361 241 241 419 121 361 121 299 1 121 121 1 1 121 241 1 1 419 121 299 1 1 179 299 361 361 361 419 1 299 241 241 299 1 419 299 361 361 1 121 251 121 361 241 241 241 419 299 299 1 127 1 1 121 121 179 121 252 362 121 372 121 419 1 1 419 419 361 1 419 241 1 121 419 121 121 179 419 59 241 299 1 419 241 1 121 241 241 419 242 251 419 1 419 1 241 121 299 121 361 242 361 241 419 299 419 241 241 419 241 361 121 179 241 121 1 419 361 123 419 305 299 1 241 123 299 361 299 1 1 
c [Incremental] Max used label: 419.
c [Incremental] Label 419 is removed from searching.
c [Incremental] Solving for max label = 418:
c [Incremental] Solving duration: 276 ms.
s [Incremental] SAT (label = 418).
c [Incremental] Label assignment: 1 1 1 1 1 1 1 1 1 1 1 1 1 121 1 1 1 1 1 121 1 1 1 178 1 1 121 121 1 1 121 121 418 1 121 1 1 1 121 1 1 1 1 1 121 1 1 121 1 241 1 1 1 121 1 418 121 121 121 1 241 1 1 121 1 121 298 241 241 121 1 121 1 1 1 1 1 418 1 1 298 178 1 298 1 121 1 1 1 178 1 121 121 1 241 1 121 121 1 1 121 178 121 241 121 121 243 241 241 241 241 361 298 241 121 1 1 1 1 361 1 1 1 1 121 361 121 1 241 121 1 178 1 121 361 121 361 361 418 298 121 418 178 121 1 1 1 121 363 121 361 361 121 1 241 1 1 121 121 1 1 241 241 121 121 241 178 1 241 121 121 121 241 1 361 418 241 121 241 121 121 121 1 1 298 121 418 418 178 418 298 241 418 121 361 361 361 121 121 361 418 121 121 241 418 121 418 241 361 1 418 298 1 241 1 121 121 361 241 241 241 418 372 241 1 1 1 241 241 121 1 121 241 418 1 1 1 1 418 1 298 298 121 1 1 1 121 1 121 1 1 372 121 241 1 121 241 298 241 361 121 251 121 1 123 241 241 1 1 123 418 121 121 298 121 178 178 418 418 128 241 361 241 361 121 241 121 122 298 418 361 178 121 121 1 361 241 241 418 121 361 121 298 1 121 121 1 1 121 241 1 1 418 121 298 1 1 178 298 361 361 361 418 1 298 241 241 298 1 418 298 361 361 1 121 251 121 361 241 241 241 418 298 298 1 127 1 1 121 121 178 121 252 362 121 372 121 418 1 1 418 418 361 1 418 241 1 121 418 121 121 178 418 58 241 298 1 418 241 1 121 241 241 418 242 251 418 1 418 1 241 121 298 121 361 242 361 241 418 298 418 241 241 418 241 361 121 178 241 121 1 418 361 123 418 305 298 1 241 123 298 361 298 1 1 
c [Incremental] Max used label: 418.
c [Incremental] Label 418 is removed from searching.
c [Incremental] Solving for max label = 417:
c [Incremental] Solving duration: 285 ms.
s [Incremental] SAT (label = 417).
c [Incremental] Label assignment: 1 1 1 1 1 1 1 1 1 1 1 1 1 121 1 1 1 1 1 121 1 1 1 177 1 1 121 121 1 1 121 121 417 1 121 1 1 1 121 1 1 1 1 1 121 1 1 121 1 241 1 1 1 121 1 417 121 121 121 1 241 1 1 121 1 121 297 241 241 121 1 121 1 1 1 1 1 417 1 1 297 177 1 297 1 121 1 1 1 177 1 121 121 1 241 1 121 121 1 1 121 177 121 241 121 121 243 241 241 241 241 361 297 241 121 1 1 1 1 361 1 1 1 1 121 361 121 1 241 121 1 177 1 121 361 121 361 361 417 297 121 417 177 121 1 1 1 121 363 121 361 361 121 1 241 1 1 121 121 1 1 241 241 121 121 241 177 1 241 121 121 121 241 1 361 417 241 121 241 121 121 121 1 1 297 121 417 417 177 417 297 241 417 121 361 361 361 121 121 361 417 121 121 241 417 121 417 241 361 1 417 297 1 241 1 121 121 361 241 241 241 417 372 241 1 1 1 241 241 121 1 121 241 417 1 1 1 1 417 1 297 297 121 1 1 1 121 1 121 1 1 372 121 241 1 121 241 297 241 361 121 251 121 1 123 241 241 1 1 123 417 121 121 297 121 177 177 417 417 128 241 361 241 361 121 241 121 122 297 417 361 177 121 121 1 361 241 241 417 121 361 121 297 1 121 121 1 1 121 241 1 1 417 121 297 1 1 177 297 361 361 361 417 1 297 241 241 297 1 417 297 361 361 1 121 251 121 361 241 241 241 417 297 297 1 127 1 1 121 121 177 121 252 362 121 372 121 417 1 1 417 417 361 1 417 241 1 121 417 121 121 177 417 57 241 297 1 417 241 1 121 241 241 417 242 251 417 1 417 1 241 121 297 121 361 242 361 241 417 297 417 241 241 417 241 361 121 177 241 121 1 417 361 123 417 305 297 1 241 123 297 361 297 1 1 
c [Incremental] Max used label: 417.
c [Incremental] Label 417 is removed from searching.
c [Incremental] Solving for max label = 416:
c [Incremental] Solving duration: 273 ms.
s [Incremental] SAT (label = 416).
c [Incremental] Label assignment: 1 1 1 1 1 1 1 1 1 1 1 1 1 121 1 1 1 1 1 121 1 1 1 176 1 1 121 121 1 1 121 121 416 1 121 1 1 1 121 1 1 1 1 1 121 1 1 121 1 241 1 1 1 121 1 416 121 121 121 1 241 1 1 121 1 121 296 241 241 121 1 121 1 1 1 1 1 416 1 1 296 176 1 296 1 121 1 1 1 176 1 121 121 1 241 1 121 121 1 1 121 176 121 241 121 121 243 241 241 241 241 361 296 241 121 1 1 1 1 361 1 1 1 1 121 361 121 1 241 121 1 176 1 121 361 121 361 361 416 296 121 416 176 121 1 1 1 121 363 121 361 361 121 1 241 1 1 121 121 1 1 241 241 121 121 241 176 1 241 121 121 121 241 1 361 416 241 121 241 121 121 121 1 1 296 121 416 416 176 416 296 241 416 121 361 361 361 121 121 361 416 121 121 241 416 121 416 241 361 1 416 296 1 241 1 121 121 361 241 241 241 416 372 241 1 1 1 241 241 121 1 121 241 416 1 1 1 1 416 1 296 296 121 1 1 1 121 1 121 1 1 372 121 241 1 121 241 296 241 361 121 251 121 1 123 241 241 1 1 123 416 121 121 296 121 176 176 416 416 128 241 361 241 361 121 241 121 122 296 416 361 176 121 121 1 361 241 241 416 121 361 121 296 1 121 121 1 1 121 241 1 1 416 121 296 1 1 176 296 361 361 361 416 1 296 241 241 296 1 416 296 361 361 1 121 251 121 361 241 241 241 416 296 296 1 127 1 1 121 121 176 121 252 362 121 372 121 416 1 1 416 416 361 1 416 241 1 121 416 121 121 176 416 56 241 296 1 416 241 1 121 241 241 416 242 251 416 1 416 1 241 121 296 121 361 242 361 241 416 296 416 241 241 416 241 361 121 176 241 121 1 416 361 123 416 305 296 1 241 123 296 361 296 1 1 
c [Incremental] Max used label: 416.
c [Incremental] Label 416 is removed from searching.
c [Incremental] Solving for max label = 415:
c [Incremental] Solving duration: 274 ms.
s [Incremental] SAT (label = 415).
c [Incremental] Label assignment: 1 1 1 1 1 1 1 1 1 1 1 1 1 121 1 1 1 1 1 121 1 1 1 175 1 1 121 121 1 1 121 121 415 1 121 1 1 1 121 1 1 1 1 1 121 1 1 121 1 241 1 1 1 121 1 415 121 121 121 1 241 1 1 121 1 121 295 241 241 121 1 121 1 1 1 1 1 415 1 1 295 175 1 295 1 121 1 1 1 175 1 121 121 1 241 1 121 121 1 1 121 175 121 241 121 121 243 241 241 241 241 361 295 241 121 1 1 1 1 361 1 1 1 1 121 361 121 1 241 121 1 175 1 121 361 121 361 361 415 295 121 415 175 121 1 1 1 121 363 121 361 361 121 1 241 1 1 121 121 1 1 241 241 121 121 241 175 1 241 121 121 121 241 1 361 415 241 121 241 121 121 121 1 1 295 121 415 415 175 415 295 241 415 121 361 361 361 121 121 361 415 121 121 241 415 121 415 241 361 1 415 295 1 241 1 121 121 361 241 241 241 415 372 241 1 1 1 241 241 121 1 121 241 415 1 1 1 1 415 1 295 295 121 1 1 1 121 1 121 1 1 372 121 241 1 121 241 295 241 361 121 251 121 1 123 241 241 1 1 123 415 121 121 295 121 175 175 415 415 128 241 361 241 361 121 241 121 122 295 415 361 175 121 121 1 361 241 241 415 121 361 121 295 1 121 121 1 1 121 241 1 1 415 121 295 1 1 175 295 361 361 361 415 1 295 241 241 295 1 415 295 361 361 1 121 251 121 361 241 241 241 415 295 295 1 127 1 1 121 121 175 121 252 362 121 372 121 415 1 1 415 415 361 1 415 241 1 121 415 121 121 175 415 55 241 295 1 415 241 1 121 241 241 415 242 251 415 1 415 1 241 121 295 121 361 242 361 241 415 295 415 241 241 415 241 361 121 175 241 121 1 415 361 123 415 305 295 1 241 123 295 361 295 1 1 
c [Incremental] Max used label: 415.
c [Incremental] Label 415 is removed from searching.
c [Incremental] Solving for max label = 414:
c [Incremental] Solving duration: 274 ms.
s [Incremental] SAT (label = 414).
c [Incremental] Label assignment: 1 1 1 1 1 1 1 1 1 1 1 1 1 121 1 1 1 1 1 121 1 1 1 174 1 1 121 121 1 1 121 121 414 1 121 1 1 1 121 1 1 1 1 1 121 1 1 121 1 241 1 1 1 121 1 414 121 121 121 1 241 1 1 121 1 121 294 241 241 121 1 121 1 1 1 1 1 414 1 1 294 174 1 294 1 121 1 1 1 174 1 121 121 1 241 1 121 121 1 1 121 174 121 241 121 121 243 241 241 241 241 361 294 241 121 1 1 1 1 361 1 1 1 1 121 361 121 1 241 121 1 174 1 121 361 121 361 361 414 294 121 414 174 121 1 1 1 121 363 121 361 361 121 1 241 1 1 121 121 1 1 241 241 121 121 241 174 1 241 121 121 121 241 1 361 414 241 121 241 121 121 121 1 1 294 121 414 414 174 414 294 241 414 121 361 361 361 121 121 361 414 121 121 241 414 121 414 241 361 1 414 294 1 241 1 121 121 361 241 241 241 414 372 241 1 1 1 241 241 121 1 121 241 414 1 1 1 1 414 1 294 294 121 1 1 1 121 1 121 1 1 372 121 241 1 121 241 294 241 361 121 251 121 1 123 241 241 1 1 123 414 121 121 294 121 174 174 414 414 128 241 361 241 361 121 241 121 122 294 414 361 174 121 121 1 361 241 241 414 121 361 121 294 1 121 121 1 1 121 241 1 1 414 121 294 1 1 174 294 361 361 361 414 1 294 241 241 294 1 414 294 361 361 1 121 251 121 361 241 241 241 414 294 294 1 127 1 1 121 121 174 121 252 362 121 372 121 414 1 1 414 414 361 1 414 241 1 121 414 121 121 174 414 54 241 294 1 414 241 1 121 241 241 414 242 251 414 1 414 1 241 121 294 121 361 242 361 241 414 294 414 241 241 414 241 361 121 174 241 121 1 414 361 123 414 305 294 1 241 123 294 361 294 1 1 
c [Incremental] Max used label: 414.
c [Incremental] Label 414 is removed from searching.
c [Incremental] Solving for max label = 413:
c [Incremental] Solving duration: 283 ms.
s [Incremental] SAT (label = 413).
c [Incremental] Label assignment: 1 1 1 1 1 1 1 1 1 1 1 1 1 121 1 1 1 1 1 121 1 1 1 173 1 1 121 121 1 1 121 121 413 1 121 1 1 1 121 1 1 1 1 1 121 1 1 121 1 241 1 1 1 121 1 413 121 121 121 1 241 1 1 121 1 121 293 241 241 121 1 121 1 1 1 1 1 413 1 1 293 173 1 293 1 121 1 1 1 173 1 121 121 1 241 1 121 121 1 1 121 173 121 241 121 121 243 241 241 241 241 361 293 241 121 1 1 1 1 361 1 1 1 1 121 361 121 1 241 121 1 173 1 121 361 121 361 361 413 293 121 413 173 121 1 1 1 121 363 121 361 361 121 1 241 1 1 121 121 1 1 241 241 121 121 241 173 1 241 121 121 121 241 1 361 413 241 121 241 121 121 121 1 1 293 121 413 413 173 413 293 241 413 121 361 361 361 121 121 361 413 121 121 241 413 121 413 241 361 1 413 293 1 241 1 121 121 361 241 241 241 413 372 241 1 1 1 241 241 121 1 121 241 413 1 1 1 1 413 1 293 293 121 1 1 1 121 1 121 1 1 372 121 241 1 121 241 293 241 361 121 251 121 1 123 241 241 1 1 123 413 121 121 293 121 173 173 413 413 128 241 361 241 361 121 241 121 122 293 413 361 173 121 121 1 361 241 241 413 121 361 121 293 1 121 121 1 1 121 241 1 1 413 121 293 1 1 173 293 361 361 361 413 1 293 241 241 293 1 413 293 361 361 1 121 251 121 361 241 241 241 413 293 293 1 127 1 1 121 121 173 121 252 362 121 372 121 413 1 1 413 413 361 1 413 241 1 121 413 121 121 173 413 53 241 293 1 413 241 1 121 241 241 413 242 251 413 1 413 1 241 121 293 121 361 242 361 241 413 293 413 241 241 413 241 361 121 173 241 121 1 413 361 123 413 305 293 1 241 123 293 361 293 1 1 
c [Incremental] Max used label: 413.
c [Incremental] Label 413 is removed from searching.
c [Incremental] Solving for max label = 412:
c [Incremental] Solving duration: 277 ms.
s [Incremental] SAT (label = 412).
c [Incremental] Label assignment: 1 1 1 1 1 1 1 1 1 1 1 1 1 121 1 1 1 1 1 121 1 1 1 172 1 1 121 121 1 1 121 121 412 1 121 1 1 1 121 1 1 1 1 1 121 1 1 121 1 241 1 1 1 121 1 412 121 121 121 1 241 1 1 121 1 121 292 241 241 121 1 121 1 1 1 1 1 412 1 1 292 172 1 292 1 121 1 1 1 172 1 121 121 1 241 1 121 121 1 1 121 172 121 241 121 121 243 241 241 241 241 361 292 241 121 1 1 1 1 361 1 1 1 1 121 361 121 1 241 121 1 172 1 121 361 121 361 361 412 292 121 412 172 121 1 1 1 121 363 121 361 361 121 1 241 1 1 121 121 1 1 241 241 121 121 241 172 1 241 121 121 121 241 1 361 412 241 121 241 121 121 121 1 1 292 121 412 412 172 412 292 241 412 121 361 361 361 121 121 361 412 121 121 241 412 121 412 241 361 1 412 292 1 241 1 121 121 361 241 241 241 412 372 241 1 1 1 241 241 121 1 121 241 412 1 1 1 1 412 1 292 292 121 1 1 1 121 1 121 1 1 372 121 241 1 121 241 292 241 361 121 251 121 1 123 241 241 1 1 123 412 121 121 292 121 172 172 412 412 128 241 361 241 361 121 241 121 122 292 412 361 172 121 121 1 361 241 241 412 121 361 121 292 1 121 121 1 1 121 241 1 1 412 121 292 1 1 172 292 361 361 361 412 1 292 241 241 292 1 412 292 361 361 1 121 251 121 361 241 241 241 412 292 292 1 127 1 1 121 121 172 121 252 362 121 372 121 412 1 1 412 412 361 1 412 241 1 121 412 121 121 172 412 52 241 292 1 412 241 1 121 241 241 412 242 251 412 1 412 1 241 121 292 121 361 242 361 241 412 292 412 241 241 412 241 361 121 172 241 121 1 412 361 123 412 305 292 1 241 123 292 361 292 1 1 
c [Incremental] Max used label: 412.
c [Incremental] Label 412 is removed from searching.
c [Incremental] Solving for max label = 411:
c [Incremental] Solving duration: 290 ms.
s [Incremental] SAT (label = 411).
c [Incremental] Label assignment: 1 1 1 1 1 1 1 1 1 1 1 1 1 121 1 1 1 1 1 121 1 1 1 171 1 1 121 121 1 1 121 121 411 1 121 1 1 1 121 1 1 1 1 1 121 1 1 121 1 241 1 1 1 121 1 411 121 121 121 1 241 1 1 121 1 121 291 241 241 121 1 121 1 1 1 1 1 411 1 1 291 171 1 291 1 121 1 1 1 171 1 121 121 1 241 1 121 121 1 1 121 171 121 241 121 121 243 241 241 241 241 361 291 241 121 1 1 1 1 361 1 1 1 1 121 361 121 1 241 121 1 171 1 121 361 121 361 361 411 291 121 411 171 121 1 1 1 121 363 121 361 361 121 1 241 1 1 121 121 1 1 241 241 121 121 241 171 1 241 121 121 121 241 1 361 411 241 121 241 121 121 121 1 1 291 121 411 411 171 411 291 241 411 121 361 361 361 121 121 361 411 121 121 241 411 121 411 241 361 1 411 291 1 241 1 121 121 361 241 241 241 411 372 241 1 1 1 241 241 121 1 121 241 411 1 1 1 1 411 1 291 291 121 1 1 1 121 1 121 1 1 372 121 241 1 121 241 291 241 361 121 251 121 1 123 241 241 1 1 123 411 121 121 291 121 171 171 411 411 128 241 361 241 361 121 241 121 122 291 411 361 171 121 121 1 361 241 241 411 121 361 121 291 1 121 121 1 1 121 241 1 1 411 121 291 1 1 171 291 361 361 361 411 1 291 241 241 291 1 411 291 361 361 1 121 251 121 361 241 241 241 411 291 291 1 127 1 1 121 121 171 121 252 362 121 372 121 411 1 1 411 411 361 1 411 241 1 121 411 121 121 171 411 51 241 291 1 411 241 1 121 241 241 411 242 251 411 1 411 1 241 121 291 121 361 242 361 241 411 291 411 241 241 411 241 361 121 171 241 121 1 411 361 123 411 305 291 1 241 123 291 361 291 1 1 
c [Incremental] Max used label: 411.
c [Incremental] Label 411 is removed from searching.
c [Incremental] Solving for max label = 410:
c [Incremental] Solving duration: 298 ms.
s [Incremental] SAT (label = 410).
c [Incremental] Label assignment: 1 1 1 1 1 1 1 1 1 1 1 1 1 121 1 1 1 1 1 121 1 1 1 170 1 1 121 121 1 1 121 121 410 1 121 1 1 1 121 1 1 1 1 1 121 1 1 121 1 241 1 1 1 121 1 410 121 121 121 1 241 1 1 121 1 121 290 241 241 121 1 121 1 1 1 1 1 410 1 1 290 170 1 290 1 121 1 1 1 170 1 121 121 1 241 1 121 121 1 1 121 170 121 241 121 121 243 241 241 241 241 361 290 241 121 1 1 1 1 361 1 1 1 1 121 361 121 1 241 121 1 170 1 121 361 121 361 361 410 290 121 410 170 121 1 1 1 121 363 121 361 361 121 1 241 1 1 121 121 1 1 241 241 121 121 241 170 1 241 121 121 121 241 1 361 410 241 121 241 121 121 121 1 1 290 121 410 410 170 410 290 241 410 121 361 361 361 121 121 361 410 121 121 241 410 121 410 241 361 1 410 290 1 241 1 121 121 361 241 241 241 410 372 241 1 1 1 241 241 121 1 121 241 410 1 1 1 1 410 1 290 290 121 1 1 1 121 1 121 1 1 372 121 241 1 121 241 290 241 361 121 251 121 1 123 241 241 1 1 123 410 121 121 290 121 170 170 410 410 128 241 361 241 361 121 241 121 122 290 410 361 170 121 121 1 361 241 241 410 121 361 121 290 1 121 121 1 1 121 241 1 1 410 121 290 1 1 170 290 361 361 361 410 1 290 241 241 290 1 410 290 361 361 1 121 251 121 361 241 241 241 410 290 290 1 127 1 1 121 121 170 121 252 362 121 372 121 410 1 1 410 410 361 1 410 241 1 121 410 121 121 170 410 50 241 290 1 410 241 1 121 241 241 410 242 251 410 1 410 1 241 121 290 121 361 242 361 241 410 290 410 241 241 410 241 361 121 170 241 121 1 410 361 123 410 305 290 1 241 123 290 361 290 1 1 
c [Incremental] Max used label: 410.
c [Incremental] Label 410 is removed from searching.
c [Incremental] Solving for max label = 409:
c [Incremental] Solving duration: 285 ms.
s [Incremental] SAT (label = 409).
c [Incremental] Label assignment: 1 1 1 1 1 1 1 1 1 1 1 1 1 121 1 1 1 1 1 121 1 1 1 169 1 1 121 121 1 1 121 121 409 1 121 1 1 1 121 1 1 1 1 1 121 1 1 121 1 241 1 1 1 121 1 409 121 121 121 1 241 1 1 121 1 121 289 241 241 121 1 121 1 1 1 1 1 409 1 1 289 169 1 289 1 121 1 1 1 169 1 121 121 1 241 1 121 121 1 1 121 169 121 241 121 121 243 241 241 241 241 361 289 241 121 1 1 1 1 361 1 1 1 1 121 361 121 1 241 121 1 169 1 121 361 121 361 361 409 289 121 409 169 121 1 1 1 121 363 121 361 361 121 1 241 1 1 121 121 1 1 241 241 121 121 241 169 1 241 121 121 121 241 1 361 409 241 121 241 121 121 121 1 1 289 121 409 409 169 409 289 241 409 121 361 361 361 121 121 361 409 121 121 241 409 121 409 241 361 1 409 289 1 241 1 121 121 361 241 241 241 409 372 241 1 1 1 241 241 121 1 121 241 409 1 1 1 1 409 1 289 289 121 1 1 1 121 1 121 1 1 372 121 241 1 121 241 289 241 361 121 251 121 1 123 241 241 1 1 123 409 121 121 289 121 169 169 409 409 128 241 361 241 361 121 241 121 122 289 409 361 169 121 121 1 361 241 241 409 121 361 121 289 1 121 121 1 1 121 241 1 1 409 121 289 1 1 169 289 361 361 361 409 1 289 241 241 289 1 409 289 361 361 1 121 251 121 361 241 241 241 409 289 289 1 127 1 1 121 121 169 121 252 362 121 372 121 409 1 1 409 409 361 1 409 241 1 121 409 121 121 169 409 49 241 289 1 409 241 1 121 241 241 409 242 251 409 1 409 1 241 121 289 121 361 242 361 241 409 289 409 241 241 409 241 361 121 169 241 121 1 409 361 123 409 305 289 1 241 123 289 361 289 1 1 
c [Incremental] Max used label: 409.
c [Incremental] Label 409 is removed from searching.
c [Incremental] Solving for max label = 408:
c [Incremental] Solving duration: 280 ms.
s [Incremental] SAT (label = 408).
c [Incremental] Label assignment: 1 1 1 1 1 1 1 1 1 1 1 1 1 121 1 1 1 1 1 121 1 1 1 168 1 1 121 121 1 1 121 121 408 1 121 1 1 1 121 1 1 1 1 1 121 1 1 121 1 241 1 1 1 121 1 408 121 121 121 1 241 1 1 121 1 121 288 241 241 121 1 121 1 1 1 1 1 408 1 1 288 168 1 288 1 121 1 1 1 168 1 121 121 1 241 1 121 121 1 1 121 168 121 241 121 121 243 241 241 241 241 361 288 241 121 1 1 1 1 361 1 1 1 1 121 361 121 1 241 121 1 168 1 121 361 121 361 361 408 288 121 408 168 121 1 1 1 121 363 121 361 361 121 1 241 1 1 121 121 1 1 241 241 121 121 241 168 1 241 121 121 121 241 1 361 408 241 121 241 121 121 121 1 1 288 121 408 408 168 408 288 241 408 121 361 361 361 121 121 361 408 121 121 241 408 121 408 241 361 1 408 288 1 241 1 121 121 361 241 241 241 408 372 241 1 1 1 241 241 121 1 121 241 408 1 1 1 1 408 1 288 288 121 1 1 1 121 1 121 1 1 372 121 241 1 121 241 288 241 361 121 251 121 1 123 241 241 1 1 123 408 121 121 288 121 168 168 408 408 128 241 361 241 361 121 241 121 122 288 408 361 168 121 121 1 361 241 241 408 121 361 121 288 1 121 121 1 1 121 241 1 1 408 121 288 1 1 168 288 361 361 361 408 1 288 241 241 288 1 408 288 361 361 1 121 251 121 361 241 241 241 408 288 288 1 127 1 1 121 121 168 121 252 362 121 372 121 408 1 1 408 408 361 1 408 241 1 121 408 121 121 168 408 48 241 288 1 408 241 1 121 241 241 408 242 251 408 1 408 1 241 121 288 121 361 242 361 241 408 288 408 241 241 408 241 361 121 168 241 121 1 408 361 123 408 305 288 1 241 123 288 361 288 1 1 
c [Incremental] Max used label: 408.
c [Incremental] Label 408 is removed from searching.
c [Incremental] Solving for max label = 407:
c [Incremental] Solving duration: 280 ms.
s [Incremental] SAT (label = 407).
c [Incremental] Label assignment: 1 1 1 1 1 1 1 1 1 1 1 1 1 121 1 1 1 1 1 121 1 1 1 167 1 1 121 121 1 1 121 121 407 1 121 1 1 1 121 1 1 1 1 1 121 1 1 121 1 241 1 1 1 121 1 407 121 121 121 1 241 1 1 121 1 121 287 241 241 121 1 121 1 1 1 1 1 407 1 1 287 167 1 287 1 121 1 1 1 167 1 121 121 1 241 1 121 121 1 1 121 167 121 241 121 121 243 241 241 241 241 361 287 241 121 1 1 1 1 361 1 1 1 1 121 361 121 1 241 121 1 167 1 121 361 121 361 361 407 287 121 407 167 121 1 1 1 121 363 121 361 361 121 1 241 1 1 121 121 1 1 241 241 121 121 241 167 1 241 121 121 121 241 1 361 407 241 121 241 121 121 121 1 1 287 121 407 407 167 407 287 241 407 121 361 361 361 121 121 361 407 121 121 241 407 121 407 241 361 1 407 287 1 241 1 121 121 361 241 241 241 407 372 241 1 1 1 241 241 121 1 121 241 407 1 1 1 1 407 1 287 287 121 1 1 1 121 1 121 1 1 372 121 241 1 121 241 287 241 361 121 251 121 1 123 241 241 1 1 123 407 121 121 287 121 167 167 407 407 128 241 361 241 361 121 241 121 122 287 407 361 167 121 121 1 361 241 241 407 121 361 121 287 1 121 121 1 1 121 241 1 1 407 121 287 1 1 167 287 361 361 361 407 1 287 241 241 287 1 407 287 361 361 1 121 251 121 361 241 241 241 407 287 287 1 127 1 1 121 121 167 121 252 362 121 372 121 407 1 1 407 407 361 1 407 241 1 121 407 121 121 167 407 47 241 287 1 407 241 1 121 241 241 407 242 251 407 1 407 1 241 121 287 121 361 242 361 241 407 287 407 241 241 407 241 361 121 167 241 121 1 407 361 123 407 305 287 1 241 123 287 361 287 1 1 
c [Incremental] Max used label: 407.
c [Incremental] Label 407 is removed from searching.
c [Incremental] Solving for max label = 406:
c [Incremental] Solving duration: 284 ms.
s [Incremental] SAT (label = 406).
c [Incremental] Label assignment: 1 1 1 1 1 1 1 1 1 1 1 1 1 121 1 1 1 1 1 121 1 1 1 166 1 1 121 121 1 1 121 121 406 1 121 1 1 1 121 1 1 1 1 1 121 1 1 121 1 241 1 1 1 121 1 406 121 121 121 1 241 1 1 121 1 121 286 241 241 121 1 121 1 1 1 1 1 406 1 1 286 166 1 286 1 121 1 1 1 166 1 121 121 1 241 1 121 121 1 1 121 166 121 241 121 121 243 241 241 241 241 361 286 241 121 1 1 1 1 361 1 1 1 1 121 361 121 1 241 121 1 166 1 121 361 121 361 361 406 286 121 406 166 121 1 1 1 121 363 121 361 361 121 1 241 1 1 121 121 1 1 241 241 121 121 241 166 1 241 121 121 121 241 1 361 406 241 121 241 121 121 121 1 1 286 121 406 406 166 406 286 241 406 121 361 361 361 121 121 361 406 121 121 241 406 121 406 241 361 1 406 286 1 241 1 121 121 361 241 241 241 406 372 241 1 1 1 241 241 121 1 121 241 406 1 1 1 1 406 1 286 286 121 1 1 1 121 1 121 1 1 372 121 241 1 121 241 286 241 361 121 251 121 1 123 241 241 1 1 123 406 121 121 286 121 166 166 406 406 128 241 361 241 361 121 241 121 122 286 406 361 166 121 121 1 361 241 241 406 121 361 121 286 1 121 121 1 1 121 241 1 1 406 121 286 1 1 166 286 361 361 361 406 1 286 241 241 286 1 406 286 361 361 1 121 251 121 361 241 241 241 406 286 286 1 127 1 1 121 121 166 121 252 362 121 372 121 406 1 1 406 406 361 1 406 241 1 121 406 121 121 166 406 46 241 286 1 406 241 1 121 241 241 406 242 251 406 1 406 1 241 121 286 121 361 242 361 241 406 286 406 241 241 406 241 361 121 166 241 121 1 406 361 123 406 305 286 1 241 123 286 361 286 1 1 
c [Incremental] Max used label: 406.
c [Incremental] Label 406 is removed from searching.
c [Incremental] Solving for max label = 405:
c [Incremental] Solving duration: 291 ms.
s [Incremental] SAT (label = 405).
c [Incremental] Label assignment: 1 1 1 1 1 1 1 1 1 1 1 1 1 121 1 1 1 1 1 121 1 1 1 165 1 1 121 121 1 1 121 121 405 1 121 1 1 1 121 1 1 1 1 1 121 1 1 121 1 241 1 1 1 121 1 405 121 121 121 1 241 1 1 121 1 121 285 241 241 121 1 121 1 1 1 1 1 405 1 1 285 165 1 285 1 121 1 1 1 165 1 121 121 1 241 1 121 121 1 1 121 165 121 241 121 121 243 241 241 241 241 361 285 241 121 1 1 1 1 361 1 1 1 1 121 361 121 1 241 121 1 165 1 121 361 121 361 361 405 285 121 405 165 121 1 1 1 121 363 121 361 361 121 1 241 1 1 121 121 1 1 241 241 121 121 241 165 1 241 121 121 121 241 1 361 405 241 121 241 121 121 121 1 1 285 121 405 405 165 405 285 241 405 121 361 361 361 121 121 361 405 121 121 241 405 121 405 241 361 1 405 285 1 241 1 121 121 361 241 241 241 405 372 241 1 1 1 241 241 121 1 121 241 405 1 1 1 1 405 1 285 285 121 1 1 1 121 1 121 1 1 372 121 241 1 121 241 285 241 361 121 251 121 1 123 241 241 1 1 123 405 121 121 285 121 165 165 405 405 128 241 361 241 361 121 241 121 122 285 405 361 165 121 121 1 361 241 241 405 121 361 121 285 1 121 121 1 1 121 241 1 1 405 121 285 1 1 165 285 361 361 361 405 1 285 241 241 285 1 405 285 361 361 1 121 251 121 361 241 241 241 405 285 285 1 127 1 1 121 121 165 121 252 362 121 372 121 405 1 1 405 405 361 1 405 241 1 121 405 121 121 165 405 45 241 285 1 405 241 1 121 241 241 405 242 251 405 1 405 1 241 121 285 121 361 242 361 241 405 285 405 241 241 405 241 361 121 165 241 121 1 405 361 123 405 305 285 1 241 123 285 361 285 1 1 
c [Incremental] Max used label: 405.
c [Incremental] Label 405 is removed from searching.
c [Incremental] Solving for max label = 404:
c [Incremental] Solving duration: 293 ms.
s [Incremental] SAT (label = 404).
c [Incremental] Label assignment: 1 1 1 1 1 1 1 1 1 1 1 1 1 121 1 1 1 1 1 121 1 1 1 164 1 1 121 121 1 1 121 121 404 1 121 1 1 1 121 1 1 1 1 1 121 1 1 121 1 241 1 1 1 121 1 404 121 121 121 1 241 1 1 121 1 121 284 241 241 121 1 121 1 1 1 1 1 404 1 1 284 164 1 284 1 121 1 1 1 164 1 121 121 1 241 1 121 121 1 1 121 164 121 241 121 121 243 241 241 241 241 361 284 241 121 1 1 1 1 361 1 1 1 1 121 361 121 1 241 121 1 164 1 121 361 121 361 361 404 284 121 404 164 121 1 1 1 121 363 121 361 361 121 1 241 1 1 121 121 1 1 241 241 121 121 241 164 1 241 121 121 121 241 1 361 404 241 121 241 121 121 121 1 1 284 121 404 404 164 404 284 241 404 121 361 361 361 121 121 361 404 121 121 241 404 121 404 241 361 1 404 284 1 241 1 121 121 361 241 241 241 404 372 241 1 1 1 241 241 121 1 121 241 404 1 1 1 1 404 1 284 284 121 1 1 1 121 1 121 1 1 372 121 241 1 121 241 284 241 361 121 251 121 1 123 241 241 1 1 123 404 121 121 284 121 164 164 404 404 128 241 361 241 361 121 241 121 122 284 404 361 164 121 121 1 361 241 241 404 121 361 121 284 1 121 121 1 1 121 241 1 1 404 121 284 1 1 164 284 361 361 361 404 1 284 241 241 284 1 404 284 361 361 1 121 251 121 361 241 241 241 404 284 284 1 127 1 1 121 121 164 121 252 362 121 372 121 404 1 1 404 404 361 1 404 241 1 121 404 121 121 164 404 44 241 284 1 404 241 1 121 241 241 404 242 251 404 1 404 1 241 121 284 121 361 242 361 241 404 284 404 241 241 404 241 361 121 164 241 121 1 404 361 123 404 305 284 1 241 123 284 361 284 1 1 
c [Incremental] Max used label: 404.
c [Incremental] Label 404 is removed from searching.
c [Incremental] Solving for max label = 403:
c [Incremental] Solving duration: 296 ms.
s [Incremental] SAT (label = 403).
c [Incremental] Label assignment: 1 1 1 1 1 1 1 1 1 1 1 1 1 121 1 1 1 1 1 121 1 1 1 163 1 1 121 121 1 1 121 121 403 1 121 1 1 1 121 1 1 1 1 1 121 1 1 121 1 241 1 1 1 121 1 403 121 121 121 1 241 1 1 121 1 121 283 241 241 121 1 121 1 1 1 1 1 403 1 1 283 163 1 283 1 121 1 1 1 163 1 121 121 1 241 1 121 121 1 1 121 163 121 241 121 121 243 241 241 241 241 361 283 241 121 1 1 1 1 361 1 1 1 1 121 361 121 1 241 121 1 163 1 121 361 121 361 361 403 283 121 403 163 121 1 1 1 121 363 121 361 361 121 1 241 1 1 121 121 1 1 241 241 121 121 241 163 1 241 121 121 121 241 1 361 403 241 121 241 121 121 121 1 1 283 121 403 403 163 403 283 241 403 121 361 361 361 121 121 361 403 121 121 241 403 121 403 241 361 1 403 283 1 241 1 121 121 361 241 241 241 403 372 241 1 1 1 241 241 121 1 121 241 403 1 1 1 1 403 1 283 283 121 1 1 1 121 1 121 1 1 372 121 241 1 121 241 283 241 361 121 251 121 1 123 241 241 1 1 123 403 121 121 283 121 163 163 403 403 128 241 361 241 361 121 241 121 122 283 403 361 163 121 121 1 361 241 241 403 121 361 121 283 1 121 121 1 1 121 241 1 1 403 121 283 1 1 163 283 361 361 361 403 1 283 241 241 283 1 403 283 361 361 1 121 251 121 361 241 241 241 403 283 283 1 127 1 1 121 121 163 121 252 362 121 372 121 403 1 1 403 403 361 1 403 241 1 121 403 121 121 163 403 43 241 283 1 403 241 1 121 241 241 403 242 251 403 1 403 1 241 121 283 121 361 242 361 241 403 283 403 241 241 403 241 361 121 163 241 121 1 403 361 123 403 305 283 1 241 123 283 361 283 1 1 
c [Incremental] Max used label: 403.
c [Incremental] Label 403 is removed from searching.
c [Incremental] Solving for max label = 402:
c [Incremental] Solving duration: 296 ms.
s [Incremental] SAT (label = 402).
c [Incremental] Label assignment: 1 1 1 1 1 1 1 1 1 1 1 1 1 121 1 1 1 1 1 121 1 1 1 162 1 1 121 121 1 1 121 121 402 1 121 1 1 1 121 1 1 1 1 1 121 1 1 121 1 241 1 1 1 121 1 402 121 121 121 1 241 1 1 121 1 121 282 241 241 121 1 121 1 1 1 1 1 402 1 1 282 162 1 282 1 121 1 1 1 162 1 121 121 1 241 1 121 121 1 1 121 162 121 241 121 121 243 241 241 241 241 361 282 241 121 1 1 1 1 361 1 1 1 1 121 361 121 1 241 121 1 162 1 121 361 121 361 361 402 282 121 402 162 121 1 1 1 121 363 121 361 361 121 1 241 1 1 121 121 1 1 241 241 121 121 241 162 1 241 121 121 121 241 1 361 402 241 121 241 121 121 121 1 1 282 121 402 402 162 402 282 241 402 121 361 361 361 121 121 361 402 121 121 241 402 121 402 241 361 1 402 282 1 241 1 121 121 361 241 241 241 402 372 241 1 1 1 241 241 121 1 121 241 402 1 1 1 1 402 1 282 282 121 1 1 1 121 1 121 1 1 372 121 241 1 121 241 282 241 361 121 251 121 1 123 241 241 1 1 123 402 121 121 282 121 162 162 402 402 128 241 361 241 361 121 241 121 122 282 402 361 162 121 121 1 361 241 241 402 121 361 121 282 1 121 121 1 1 121 241 1 1 402 121 282 1 1 162 282 361 361 361 402 1 282 241 241 282 1 402 282 361 361 1 121 251 121 361 241 241 241 402 282 282 1 127 1 1 121 121 162 121 252 362 121 372 121 402 1 1 402 402 361 1 402 241 1 121 402 121 121 162 402 42 241 282 1 402 241 1 121 241 241 402 242 251 402 1 402 1 241 121 282 121 361 242 361 241 402 282 402 241 241 402 241 361 121 162 241 121 1 402 361 123 402 305 282 1 241 123 282 361 282 1 1 
c [Incremental] Max used label: 402.
c [Incremental] Label 402 is removed from searching.
c [Incremental] Solving for max label = 401:
c [Incremental] Solving duration: 292 ms.
s [Incremental] SAT (label = 401).
c [Incremental] Label assignment: 1 1 1 1 1 1 1 1 1 1 1 1 1 121 1 1 1 1 1 121 1 1 1 161 1 1 121 121 1 1 121 121 401 1 121 1 1 1 121 1 1 1 1 1 121 1 1 121 1 241 1 1 1 121 1 401 121 121 121 1 241 1 1 121 1 121 281 241 241 121 1 121 1 1 1 1 1 401 1 1 281 161 1 281 1 121 1 1 1 161 1 121 121 1 241 1 121 121 1 1 121 161 121 241 121 121 243 241 241 241 241 361 281 241 121 1 1 1 1 361 1 1 1 1 121 361 121 1 241 121 1 161 1 121 361 121 361 361 401 281 121 401 161 121 1 1 1 121 363 121 361 361 121 1 241 1 1 121 121 1 1 241 241 121 121 241 161 1 241 121 121 121 241 1 361 401 241 121 241 121 121 121 1 1 281 121 401 401 161 401 281 241 401 121 361 361 361 121 121 361 401 121 121 241 401 121 401 241 361 1 401 281 1 241 1 121 121 361 241 241 241 401 372 241 1 1 1 241 241 121 1 121 241 401 1 1 1 1 401 1 281 281 121 1 1 1 121 1 121 1 1 372 121 241 1 121 241 281 241 361 121 251 121 1 123 241 241 1 1 123 401 121 121 281 121 161 161 401 401 128 241 361 241 361 121 241 121 122 281 401 361 161 121 121 1 361 241 241 401 121 361 121 281 1 121 121 1 1 121 241 1 1 401 121 281 1 1 161 281 361 361 361 401 1 281 241 241 281 1 401 281 361 361 1 121 251 121 361 241 241 241 401 281 281 1 127 1 1 121 121 161 121 252 362 121 372 121 401 1 1 401 401 361 1 401 241 1 121 401 121 121 161 401 41 241 281 1 401 241 1 121 241 241 401 242 251 401 1 401 1 241 121 281 121 361 242 361 241 401 281 401 241 241 401 241 361 121 161 241 121 1 401 361 123 401 305 281 1 241 123 281 361 281 1 1 
c [Incremental] Max used label: 401.
c [Incremental] Label 401 is removed from searching.
c [Incremental] Solving for max label = 400:
c [Incremental] Solving duration: 297 ms.
s [Incremental] SAT (label = 400).
c [Incremental] Label assignment: 1 1 1 1 1 1 1 1 1 1 1 1 1 121 1 1 1 1 1 121 1 1 1 160 1 1 121 121 1 1 121 121 400 1 121 1 1 1 121 1 1 1 1 1 121 1 1 121 1 241 1 1 1 121 1 400 121 121 121 1 241 1 1 121 1 121 280 241 241 121 1 121 1 1 1 1 1 400 1 1 280 160 1 280 1 121 1 1 1 160 1 121 121 1 241 1 121 121 1 1 121 160 121 241 121 121 243 241 241 241 241 361 280 241 121 1 1 1 1 361 1 1 1 1 121 361 121 1 241 121 1 160 1 121 361 121 361 361 400 280 121 400 160 121 1 1 1 121 363 121 361 361 121 1 241 1 1 121 121 1 1 241 241 121 121 241 160 1 241 121 121 121 241 1 361 400 241 121 241 121 121 121 1 1 280 121 400 400 160 400 280 241 400 121 361 361 361 121 121 361 400 121 121 241 400 121 400 241 361 1 400 280 1 241 1 121 121 361 241 241 241 400 372 241 1 1 1 241 241 121 1 121 241 400 1 1 1 1 400 1 280 280 121 1 1 1 121 1 121 1 1 372 121 241 1 121 241 280 241 361 121 251 121 1 123 241 241 1 1 123 400 121 121 280 121 160 160 400 400 128 241 361 241 361 121 241 121 122 280 400 361 160 121 121 1 361 241 241 400 121 361 121 280 1 121 121 1 1 121 241 1 1 400 121 280 1 1 160 280 361 361 361 400 1 280 241 241 280 1 400 280 361 361 1 121 251 121 361 241 241 241 400 280 280 1 127 1 1 121 121 160 121 252 362 121 372 121 400 1 1 400 400 361 1 400 241 1 121 400 121 121 160 400 40 241 280 1 400 241 1 121 241 241 400 242 251 400 1 400 1 241 121 280 121 361 242 361 241 400 280 400 241 241 400 241 361 121 160 241 121 1 400 361 123 400 305 280 1 241 123 280 361 280 1 1 
c [Incremental] Max used label: 400.
c [Incremental] Label 400 is removed from searching.
c [Incremental] Solving for max label = 399:
c [Incremental] Solving duration: 275 ms.
s [Incremental] SAT (label = 399).
c [Incremental] Label assignment: 1 1 1 1 1 1 1 1 1 1 1 1 1 121 1 1 1 1 1 121 1 1 1 159 1 1 121 121 1 1 121 121 399 1 121 1 1 1 121 1 1 1 1 1 121 1 1 121 1 241 1 1 1 121 1 399 121 121 121 1 241 1 1 121 1 121 279 241 241 121 1 121 1 1 1 1 1 399 1 1 279 159 1 279 1 121 1 1 1 159 1 121 121 1 241 1 121 121 1 1 121 159 121 241 121 121 243 241 241 241 241 361 279 241 121 1 1 1 1 361 1 1 1 1 121 361 121 1 241 121 1 159 1 121 361 121 361 361 399 279 121 399 159 121 1 1 1 121 363 121 361 361 121 1 241 1 1 121 121 1 1 241 241 121 121 241 159 1 241 121 121 121 241 1 361 399 241 121 241 121 121 121 1 1 279 121 399 399 159 399 279 241 399 121 361 361 361 121 121 361 399 121 121 241 399 121 399 241 361 1 399 279 1 241 1 121 121 361 241 241 241 399 372 241 1 1 1 241 241 121 1 121 241 399 1 1 1 1 399 1 279 279 121 1 1 1 121 1 121 1 1 372 121 241 1 121 241 279 241 361 121 251 121 1 123 241 241 1 1 123 399 121 121 279 121 159 159 399 399 128 241 361 241 361 121 241 121 122 279 399 361 159 121 121 1 361 241 241 399 121 361 121 279 1 121 121 1 1 121 241 1 1 399 121 279 1 1 159 279 361 361 361 399 1 279 241 241 279 1 399 279 361 361 1 121 251 121 361 241 241 241 399 279 279 1 127 1 1 121 121 159 121 252 362 121 372 121 399 1 1 399 399 361 1 399 241 1 121 399 121 121 159 399 39 241 279 1 399 241 1 121 241 241 399 242 251 399 1 399 1 241 121 279 121 361 242 361 241 399 279 399 241 241 399 241 361 121 159 241 121 1 399 361 123 399 305 279 1 241 123 279 361 279 1 1 
c [Incremental] Max used label: 399.
c [Incremental] Label 399 is removed from searching.
c [Incremental] Solving for max label = 398:
c [Incremental] Solving duration: 295 ms.
s [Incremental] SAT (label = 398).
c [Incremental] Label assignment: 1 1 1 1 1 1 1 1 1 1 1 1 1 121 1 1 1 1 1 121 1 1 1 158 1 1 121 121 1 1 121 121 398 1 121 1 1 1 121 1 1 1 1 1 121 1 1 121 1 241 1 1 1 121 1 398 121 121 121 1 241 1 1 121 1 121 278 241 241 121 1 121 1 1 1 1 1 398 1 1 278 158 1 278 1 121 1 1 1 158 1 121 121 1 241 1 121 121 1 1 121 158 121 241 121 121 243 241 241 241 241 361 278 241 121 1 1 1 1 361 1 1 1 1 121 361 121 1 241 121 1 158 1 121 361 121 361 361 398 278 121 398 158 121 1 1 1 121 363 121 361 361 121 1 241 1 1 121 121 1 1 241 241 121 121 241 158 1 241 121 121 121 241 1 361 398 241 121 241 121 121 121 1 1 278 121 398 398 158 398 278 241 398 121 361 361 361 121 121 361 398 121 121 241 398 121 398 241 361 1 398 278 1 241 1 121 121 361 241 241 241 398 372 241 1 1 1 241 241 121 1 121 241 398 1 1 1 1 398 1 278 278 121 1 1 1 121 1 121 1 1 372 121 241 1 121 241 278 241 361 121 251 121 1 123 241 241 1 1 123 398 121 121 278 121 158 158 398 398 128 241 361 241 361 121 241 121 122 278 398 361 158 121 121 1 361 241 241 398 121 361 121 278 1 121 121 1 1 121 241 1 1 398 121 278 1 1 158 278 361 361 361 398 1 278 241 241 278 1 398 278 361 361 1 121 251 121 361 241 241 241 398 278 278 1 127 1 1 121 121 158 121 252 362 121 372 121 398 1 1 398 398 361 1 398 241 1 121 398 121 121 158 398 38 241 278 1 398 241 1 121 241 241 398 242 251 398 1 398 1 241 121 278 121 361 242 361 241 398 278 398 241 241 398 241 361 121 158 241 121 1 398 361 123 398 305 278 1 241 123 278 361 278 1 1 
c [Incremental] Max used label: 398.
c [Incremental] Label 398 is removed from searching.
c [Incremental] Solving for max label = 397:
c [Incremental] Solving duration: 278 ms.
s [Incremental] SAT (label = 397).
c [Incremental] Label assignment: 1 1 1 1 1 1 1 1 1 1 1 1 1 121 1 1 1 1 1 121 1 1 1 157 1 1 121 121 1 1 121 121 397 1 121 1 1 1 121 1 1 1 1 1 121 1 1 121 1 241 1 1 1 121 1 397 121 121 121 1 241 1 1 121 1 121 277 241 241 121 1 121 1 1 1 1 1 397 1 1 277 157 1 277 1 121 1 1 1 157 1 121 121 1 241 1 121 121 1 1 121 157 121 241 121 121 243 241 241 241 241 361 277 241 121 1 1 1 1 361 1 1 1 1 121 361 121 1 241 121 1 157 1 121 361 121 361 361 397 277 121 397 157 121 1 1 1 121 363 121 361 361 121 1 241 1 1 121 121 1 1 241 241 121 121 241 157 1 241 121 121 121 241 1 361 397 241 121 241 121 121 121 1 1 277 121 397 397 157 397 277 241 397 121 361 361 361 121 121 361 397 121 121 241 397 121 397 241 361 1 397 277 1 241 1 121 121 361 241 241 241 397 372 241 1 1 1 241 241 121 1 121 241 397 1 1 1 1 397 1 277 277 121 1 1 1 121 1 121 1 1 372 121 241 1 121 241 277 241 361 121 251 121 1 123 241 241 1 1 123 397 121 121 277 121 157 157 397 397 128 241 361 241 361 121 241 121 122 277 397 361 157 121 121 1 361 241 241 397 121 361 121 277 1 121 121 1 1 121 241 1 1 397 121 277 1 1 157 277 361 361 361 397 1 277 241 241 277 1 397 277 361 361 1 121 251 121 361 241 241 241 397 277 277 1 127 1 1 121 121 157 121 252 362 121 372 121 397 1 1 397 397 361 1 397 241 1 121 397 121 121 157 397 37 241 277 1 397 241 1 121 241 241 397 242 251 397 1 397 1 241 121 277 121 361 242 361 241 397 277 397 241 241 397 241 361 121 157 241 121 1 397 361 123 397 305 277 1 241 123 277 361 277 1 1 
c [Incremental] Max used label: 397.
c [Incremental] Label 397 is removed from searching.
c [Incremental] Solving for max label = 396:
c [Incremental] Solving duration: 289 ms.
s [Incremental] SAT (label = 396).
c [Incremental] Label assignment: 1 1 1 1 1 1 1 1 1 1 1 1 1 121 1 1 1 1 1 121 1 1 1 156 1 1 121 121 1 1 121 121 396 1 121 1 1 1 121 1 1 1 1 1 121 1 1 121 1 241 1 1 1 121 1 396 121 121 121 1 241 1 1 121 1 121 276 241 241 121 1 121 1 1 1 1 1 396 1 1 276 156 1 276 1 121 1 1 1 156 1 121 121 1 241 1 121 121 1 1 121 156 121 241 121 121 243 241 241 241 241 361 276 241 121 1 1 1 1 361 1 1 1 1 121 361 121 1 241 121 1 156 1 121 361 121 361 361 396 276 121 396 156 121 1 1 1 121 363 121 361 361 121 1 241 1 1 121 121 1 1 241 241 121 121 241 156 1 241 121 121 121 241 1 361 396 241 121 241 121 121 121 1 1 276 121 396 396 156 396 276 241 396 121 361 361 361 121 121 361 396 121 121 241 396 121 396 241 361 1 396 276 1 241 1 121 121 361 241 241 241 396 372 241 1 1 1 241 241 121 1 121 241 396 1 1 1 1 396 1 276 276 121 1 1 1 121 1 121 1 1 372 121 241 1 121 241 276 241 361 121 251 121 1 123 241 241 1 1 123 396 121 121 276 121 156 156 396 396 128 241 361 241 361 121 241 121 122 276 396 361 156 121 121 1 361 241 241 396 121 361 121 276 1 121 121 1 1 121 241 1 1 396 121 276 1 1 156 276 361 361 361 396 1 276 241 241 276 1 396 276 361 361 1 121 251 121 361 241 241 241 396 276 276 1 127 1 1 121 121 156 121 252 362 121 372 121 396 1 1 396 396 361 1 396 241 1 121 396 121 121 156 396 36 241 276 1 396 241 1 121 241 241 396 242 251 396 1 396 1 241 121 276 121 361 242 361 241 396 276 396 241 241 396 241 361 121 156 241 121 1 396 361 123 396 305 276 1 241 123 276 361 276 1 1 
c [Incremental] Max used label: 396.
c [Incremental] Label 396 is removed from searching.
c [Incremental] Solving for max label = 395:
c [Incremental] Solving duration: 307 ms.
s [Incremental] SAT (label = 395).
c [Incremental] Label assignment: 1 1 1 1 1 1 1 1 1 1 1 1 1 121 1 1 1 1 1 121 1 1 1 155 1 1 121 121 1 1 121 121 395 1 121 1 1 1 121 1 1 1 1 1 121 1 1 121 1 241 1 1 1 121 1 395 121 121 121 1 241 1 1 121 1 121 275 241 241 121 1 121 1 1 1 1 1 395 1 1 275 155 1 275 1 121 1 1 1 155 1 121 121 1 241 1 121 121 1 1 121 155 121 241 121 121 243 241 241 241 241 361 275 241 121 1 1 1 1 361 1 1 1 1 121 361 121 1 241 121 1 155 1 121 361 121 361 361 395 275 121 395 155 121 1 1 1 121 363 121 361 361 121 1 241 1 1 121 121 1 1 241 241 121 121 241 155 1 241 121 121 121 241 1 361 395 241 121 241 121 121 121 1 1 275 121 395 395 155 395 275 241 395 121 361 361 361 121 121 361 395 121 121 241 395 121 395 241 361 1 395 275 1 241 1 121 121 361 241 241 241 395 372 241 1 1 1 241 241 121 1 121 241 395 1 1 1 1 395 1 275 275 121 1 1 1 121 1 121 1 1 372 121 241 1 121 241 275 241 361 121 251 121 1 123 241 241 1 1 123 395 121 121 275 121 155 155 395 395 128 241 361 241 361 121 241 121 122 275 395 361 155 121 121 1 361 241 241 395 121 361 121 275 1 121 121 1 1 121 241 1 1 395 121 275 1 1 155 275 361 361 361 395 1 275 241 241 275 1 395 275 361 361 1 121 251 121 361 241 241 241 395 275 275 1 127 1 1 121 121 155 121 252 362 121 372 121 395 1 1 395 395 361 1 395 241 1 121 395 121 121 155 395 35 241 275 1 395 241 1 121 241 241 395 242 251 395 1 395 1 241 121 275 121 361 242 361 241 395 275 395 241 241 395 241 361 121 155 241 121 1 395 361 123 395 305 275 1 241 123 275 361 275 1 1 
c [Incremental] Max used label: 395.
c [Incremental] Label 395 is removed from searching.
c [Incremental] Solving for max label = 394:
c [Incremental] Solving duration: 300 ms.
s [Incremental] SAT (label = 394).
c [Incremental] Label assignment: 1 1 1 1 1 1 1 1 1 1 1 1 1 121 1 1 1 1 1 121 1 1 1 154 1 1 121 121 1 1 121 121 394 1 121 1 1 1 121 1 1 1 1 1 121 1 1 121 1 241 1 1 1 121 1 394 121 121 121 1 241 1 1 121 1 121 274 241 241 121 1 121 1 1 1 1 1 394 1 1 274 154 1 274 1 121 1 1 1 154 1 121 121 1 241 1 121 121 1 1 121 154 121 241 121 121 243 241 241 241 241 361 274 241 121 1 1 1 1 361 1 1 1 1 121 361 121 1 241 121 1 154 1 121 361 121 361 361 394 274 121 394 154 121 1 1 1 121 363 121 361 361 121 1 241 1 1 121 121 1 1 241 241 121 121 241 154 1 241 121 121 121 241 1 361 394 241 121 241 121 121 121 1 1 274 121 394 394 154 394 274 241 394 121 361 361 361 121 121 361 394 121 121 241 394 121 394 241 361 1 394 274 1 241 1 121 121 361 241 241 241 394 372 241 1 1 1 241 241 121 1 121 241 394 1 1 1 1 394 1 274 274 121 1 1 1 121 1 121 1 1 372 121 241 1 121 241 274 241 361 121 251 121 1 123 241 241 1 1 123 394 121 121 274 121 154 154 394 394 128 241 361 241 361 121 241 121 122 274 394 361 154 121 121 1 361 241 241 394 121 361 121 274 1 121 121 1 1 121 241 1 1 394 121 274 1 1 154 274 361 361 361 394 1 274 241 241 274 1 394 274 361 361 1 121 251 121 361 241 241 241 394 274 274 1 127 1 1 121 121 154 121 252 362 121 372 121 394 1 1 394 394 361 1 394 241 1 121 394 121 121 154 394 34 241 274 1 394 241 1 121 241 241 394 242 251 394 1 394 1 241 121 274 121 361 242 361 241 394 274 394 241 241 394 241 361 121 154 241 121 1 394 361 123 394 305 274 1 241 123 274 361 274 1 1 
c [Incremental] Max used label: 394.
c [Incremental] Label 394 is removed from searching.
c [Incremental] Solving for max label = 393:
c [Incremental] Solving duration: 325 ms.
s [Incremental] SAT (label = 393).
c [Incremental] Label assignment: 1 1 1 1 1 1 1 1 1 1 1 1 1 121 1 1 1 1 1 121 1 1 1 153 1 1 121 121 1 1 121 121 393 1 121 1 1 1 121 1 1 1 1 1 121 1 1 121 1 241 1 1 1 121 1 393 121 121 121 1 241 1 1 121 1 121 273 241 241 121 1 121 1 1 1 1 1 393 1 1 273 153 1 273 1 121 1 1 1 153 1 121 121 1 241 1 121 121 1 1 121 153 121 241 121 121 243 241 241 241 241 361 273 241 121 1 1 1 1 361 1 1 1 1 121 361 121 1 241 121 1 153 1 121 361 121 361 361 393 273 121 393 153 121 1 1 1 121 363 121 361 361 121 1 241 1 1 121 121 1 1 241 241 121 121 241 153 1 241 121 121 121 241 1 361 393 241 121 241 121 121 121 1 1 273 121 393 393 153 393 273 241 393 121 361 361 361 121 121 361 393 121 121 241 393 121 393 241 361 1 393 273 1 241 1 121 121 361 241 241 241 393 372 241 1 1 1 241 241 121 1 121 241 393 1 1 1 1 393 1 273 273 121 1 1 1 121 1 121 1 1 372 121 241 1 121 241 273 241 361 121 251 121 1 123 241 241 1 1 123 393 121 121 273 121 153 153 393 393 128 241 361 241 361 121 241 121 122 273 393 361 153 121 121 1 361 241 241 393 121 361 121 273 1 121 121 1 1 121 241 1 1 393 121 273 1 1 153 273 361 361 361 393 1 273 241 241 273 1 393 273 361 361 1 121 251 121 361 241 241 241 393 273 273 1 127 1 1 121 121 153 121 252 362 121 372 121 393 1 1 393 393 361 1 393 241 1 121 393 121 121 153 393 33 241 273 1 393 241 1 121 241 241 393 242 251 393 1 393 1 241 121 273 121 361 242 361 241 393 273 393 241 241 393 241 361 121 153 241 121 1 393 361 123 393 305 273 1 241 123 273 361 273 1 1 
c [Incremental] Max used label: 393.
c [Incremental] Label 393 is removed from searching.
c [Incremental] Solving for max label = 392:
c [Incremental] Solving duration: 320 ms.
s [Incremental] SAT (label = 392).
c [Incremental] Label assignment: 1 1 1 1 1 1 1 1 1 1 1 1 1 121 1 1 1 1 1 121 1 1 1 152 1 1 121 121 1 1 121 121 392 1 121 1 1 1 121 1 1 1 1 1 121 1 1 121 1 241 1 1 1 121 1 392 121 121 121 1 241 1 1 121 1 121 272 241 241 121 1 121 1 1 1 1 1 392 1 1 272 152 1 272 1 121 1 1 1 152 1 121 121 1 241 1 121 121 1 1 121 152 121 241 121 121 243 241 241 241 241 361 272 241 121 1 1 1 1 361 1 1 1 1 121 361 121 1 241 121 1 152 1 121 361 121 361 361 392 272 121 392 152 121 1 1 1 121 363 121 361 361 121 1 241 1 1 121 121 1 1 241 241 121 121 241 152 1 241 121 121 121 241 1 361 392 241 121 241 121 121 121 1 1 272 121 392 392 152 392 272 241 392 121 361 361 361 121 121 361 392 121 121 241 392 121 392 241 361 1 392 272 1 241 1 121 121 361 241 241 241 392 372 241 1 1 1 241 241 121 1 121 241 392 1 1 1 1 392 1 272 272 121 1 1 1 121 1 121 1 1 372 121 241 1 121 241 272 241 361 121 251 121 1 123 241 241 1 1 123 392 121 121 272 121 152 152 392 392 128 241 361 241 361 121 241 121 122 272 392 361 152 121 121 1 361 241 241 392 121 361 121 272 1 121 121 1 1 121 241 1 1 392 121 272 1 1 152 272 361 361 361 392 1 272 241 241 272 1 392 272 361 361 1 121 251 121 361 241 241 241 392 272 272 1 127 1 1 121 121 152 121 252 362 121 372 121 392 1 1 392 392 361 1 392 241 1 121 392 121 121 152 392 32 241 272 1 392 241 1 121 241 241 392 242 251 392 1 392 1 241 121 272 121 361 242 361 241 392 272 392 241 241 392 241 361 121 152 241 121 1 392 361 123 392 305 272 1 241 123 272 361 272 1 1 
c [Incremental] Max used label: 392.
c [Incremental] Label 392 is removed from searching.
c [Incremental] Solving for max label = 391:
c [Incremental] Solving duration: 311 ms.
s [Incremental] SAT (label = 391).
c [Incremental] Label assignment: 1 1 1 1 1 1 1 1 1 1 1 1 1 121 1 1 1 1 1 121 1 1 1 151 1 1 121 121 1 1 121 121 391 1 121 1 1 1 121 1 1 1 1 1 121 1 1 121 1 241 1 1 1 121 1 391 121 121 121 1 241 1 1 121 1 121 271 241 241 121 1 121 1 1 1 1 1 391 1 1 271 151 1 271 1 121 1 1 1 151 1 121 121 1 241 1 121 121 1 1 121 151 121 241 121 121 243 241 241 241 241 361 271 241 121 1 1 1 1 361 1 1 1 1 121 361 121 1 241 121 1 151 1 121 361 121 361 361 391 271 121 391 151 121 1 1 1 121 363 121 361 361 121 1 241 1 1 121 121 1 1 241 241 121 121 241 151 1 241 121 121 121 241 1 361 391 241 121 241 121 121 121 1 1 271 121 391 391 151 391 271 241 391 121 361 361 361 121 121 361 391 121 121 241 391 121 391 241 361 1 391 271 1 241 1 121 121 361 241 241 241 391 372 241 1 1 1 241 241 121 1 121 241 391 1 1 1 1 391 1 271 271 121 1 1 1 121 1 121 1 1 372 121 241 1 121 241 271 241 361 121 251 121 1 123 241 241 1 1 123 391 121 121 271 121 151 151 391 391 128 241 361 241 361 121 241 121 122 271 391 361 151 121 121 1 361 241 241 391 121 361 121 271 1 121 121 1 1 121 241 1 1 391 121 271 1 1 151 271 361 361 361 391 1 271 241 241 271 1 391 271 361 361 1 121 251 121 361 241 241 241 391 271 271 1 127 1 1 121 121 151 121 252 362 121 372 121 391 1 1 391 391 361 1 391 241 1 121 391 121 121 151 391 31 241 271 1 391 241 1 121 241 241 391 242 251 391 1 391 1 241 121 271 121 361 242 361 241 391 271 391 241 241 391 241 361 121 151 241 121 1 391 361 123 391 305 271 1 241 123 271 361 271 1 1 
c [Incremental] Max used label: 391.
c [Incremental] Label 391 is removed from searching.
c [Incremental] Solving for max label = 390:
c [Incremental] Solving duration: 337 ms.
s [Incremental] SAT (label = 390).
c [Incremental] Label assignment: 1 1 1 1 1 1 1 1 1 1 1 1 1 121 1 1 1 1 1 121 1 1 1 150 1 1 121 121 1 1 121 121 390 1 121 1 1 1 121 1 1 1 1 1 121 1 1 121 1 241 1 1 1 121 1 390 121 121 121 1 241 1 1 121 1 121 270 241 241 121 1 121 1 1 1 1 1 390 1 1 270 150 1 270 1 121 1 1 1 150 1 121 121 1 241 1 121 121 1 1 121 150 121 241 121 121 243 241 241 241 241 361 270 241 121 1 1 1 1 361 1 1 1 1 121 361 121 1 241 121 1 150 1 121 361 121 361 361 390 270 121 390 150 121 1 1 1 121 363 121 361 361 121 1 241 1 1 121 121 1 1 241 241 121 121 241 150 1 241 121 121 121 241 1 361 390 241 121 241 121 121 121 1 1 270 121 390 390 150 390 270 241 390 121 361 361 361 121 121 361 390 121 121 241 390 121 390 241 361 1 390 270 1 241 1 121 121 361 241 241 241 390 372 241 1 1 1 241 241 121 1 121 241 390 1 1 1 1 390 1 270 270 121 1 1 1 121 1 121 1 1 372 121 241 1 121 241 270 241 361 121 251 121 1 123 241 241 1 1 123 390 121 121 270 121 150 150 390 390 128 241 361 241 361 121 241 121 122 270 390 361 150 121 121 1 361 241 241 390 121 361 121 270 1 121 121 1 1 121 241 1 1 390 121 270 1 1 150 270 361 361 361 390 1 270 241 241 270 1 390 270 361 361 1 121 251 121 361 241 241 241 390 270 270 1 127 1 1 121 121 150 121 252 362 121 372 121 390 1 1 390 390 361 1 390 241 1 121 390 121 121 150 390 30 241 270 1 390 241 1 121 241 241 390 242 251 390 1 390 1 241 121 270 121 361 242 361 241 390 270 390 241 241 390 241 361 121 150 241 121 1 390 361 123 390 305 270 1 241 123 270 361 270 1 1 
c [Incremental] Max used label: 390.
c [Incremental] Label 390 is removed from searching.
c [Incremental] Solving for max label = 389:
c [Incremental] Solving duration: 323 ms.
s [Incremental] SAT (label = 389).
c [Incremental] Label assignment: 1 1 1 1 1 1 1 1 1 1 1 1 1 121 1 1 1 1 1 121 1 1 1 149 1 1 121 121 1 1 121 121 389 1 121 1 1 1 121 1 1 1 1 1 121 1 1 121 1 241 1 1 1 121 1 389 121 121 121 1 241 1 1 121 1 121 269 241 241 121 1 121 1 1 1 1 1 389 1 1 269 149 1 269 1 121 1 1 1 149 1 121 121 1 241 1 121 121 1 1 121 149 121 241 121 121 243 241 241 241 241 361 269 241 121 1 1 1 1 361 1 1 1 1 121 361 121 1 241 121 1 149 1 121 361 121 361 361 389 269 121 389 149 121 1 1 1 121 363 121 361 361 121 1 241 1 1 121 121 1 1 241 241 121 121 241 149 1 241 121 121 121 241 1 361 389 241 121 241 121 121 121 1 1 269 121 389 389 149 389 269 241 389 121 361 361 361 121 121 361 389 121 121 241 389 121 389 241 361 1 389 269 1 241 1 121 121 361 241 241 241 389 372 241 1 1 1 241 241 121 1 121 241 389 1 1 1 1 389 1 269 269 121 1 1 1 121 1 121 1 1 372 121 241 1 121 241 269 241 361 121 251 121 1 123 241 241 1 1 123 389 121 121 269 121 149 149 389 389 128 241 361 241 361 121 241 121 122 269 389 361 149 121 121 1 361 241 241 389 121 361 121 269 1 121 121 1 1 121 241 1 1 389 121 269 1 1 149 269 361 361 361 389 1 269 241 241 269 1 389 269 361 361 1 121 251 121 361 241 241 241 389 269 269 1 127 1 1 121 121 149 121 252 362 121 372 121 389 1 1 389 389 361 1 389 241 1 121 389 121 121 149 389 29 241 269 1 389 241 1 121 241 241 389 242 251 389 1 389 1 241 121 269 121 361 242 361 241 389 269 389 241 241 389 241 361 121 149 241 121 1 389 361 123 389 305 269 1 241 123 269 361 269 1 1 
c [Incremental] Max used label: 389.
c [Incremental] Label 389 is removed from searching.
c [Incremental] Solving for max label = 388:
c [Incremental] Solving duration: 331 ms.
s [Incremental] SAT (label = 388).
c [Incremental] Label assignment: 1 1 1 1 1 1 1 1 1 1 1 1 1 121 1 1 1 1 1 121 1 1 1 148 1 1 121 121 1 1 121 121 388 1 121 1 1 1 121 1 1 1 1 1 121 1 1 121 1 241 1 1 1 121 1 388 121 121 121 1 241 1 1 121 1 121 268 241 241 121 1 121 1 1 1 1 1 388 1 1 268 148 1 268 1 121 1 1 1 148 1 121 121 1 241 1 121 121 1 1 121 148 121 241 121 121 243 241 241 241 241 361 268 241 121 1 1 1 1 361 1 1 1 1 121 361 121 1 241 121 1 148 1 121 361 121 361 361 388 268 121 388 148 121 1 1 1 121 363 121 361 361 121 1 241 1 1 121 121 1 1 241 241 121 121 241 148 1 241 121 121 121 241 1 361 388 241 121 241 121 121 121 1 1 268 121 388 388 148 388 268 241 388 121 361 361 361 121 121 361 388 121 121 241 388 121 388 241 361 1 388 268 1 241 1 121 121 361 241 241 241 388 372 241 1 1 1 241 241 121 1 121 241 388 1 1 1 1 388 1 268 268 121 1 1 1 121 1 121 1 1 372 121 241 1 121 241 268 241 361 121 251 121 1 123 241 241 1 1 123 388 121 121 268 121 148 148 388 388 128 241 361 241 361 121 241 121 122 268 388 361 148 121 121 1 361 241 241 388 121 361 121 268 1 121 121 1 1 121 241 1 1 388 121 268 1 1 148 268 361 361 361 388 1 268 241 241 268 1 388 268 361 361 1 121 251 121 361 241 241 241 388 268 268 1 127 1 1 121 121 148 121 252 362 121 372 121 388 1 1 388 388 361 1 388 241 1 121 388 121 121 148 388 28 241 268 1 388 241 1 121 241 241 388 242 251 388 1 388 1 241 121 268 121 361 242 361 241 388 268 388 241 241 388 241 361 121 148 241 121 1 388 361 123 388 305 268 1 241 123 268 361 268 1 1 
c [Incremental] Max used label: 388.
c [Incremental] Label 388 is removed from searching.
c [Incremental] Solving for max label = 387:
c [Incremental] Solving duration: 318 ms.
s [Incremental] SAT (label = 387).
c [Incremental] Label assignment: 1 1 1 1 1 1 1 1 1 1 1 1 1 121 1 1 1 1 1 121 1 1 1 147 1 1 121 121 1 1 121 121 387 1 121 1 1 1 121 1 1 1 1 1 121 1 1 121 1 241 1 1 1 121 1 387 121 121 121 1 241 1 1 121 1 121 267 241 241 121 1 121 1 1 1 1 1 387 1 1 267 147 1 267 1 121 1 1 1 147 1 121 121 1 241 1 121 121 1 1 121 147 121 241 121 121 243 241 241 241 241 361 267 241 121 1 1 1 1 361 1 1 1 1 121 361 121 1 241 121 1 147 1 121 361 121 361 361 387 267 121 387 147 121 1 1 1 121 363 121 361 361 121 1 241 1 1 121 121 1 1 241 241 121 121 241 147 1 241 121 121 121 241 1 361 387 241 121 241 121 121 121 1 1 267 121 387 387 147 387 267 241 387 121 361 361 361 121 121 361 387 121 121 241 387 121 387 241 361 1 387 267 1 241 1 121 121 361 241 241 241 387 372 241 1 1 1 241 241 121 1 121 241 387 1 1 1 1 387 1 267 267 121 1 1 1 121 1 121 1 1 372 121 241 1 121 241 267 241 361 121 251 121 1 123 241 241 1 1 123 387 121 121 267 121 147 147 387 387 128 241 361 241 361 121 241 121 122 267 387 361 147 121 121 1 361 241 241 387 121 361 121 267 1 121 121 1 1 121 241 1 1 387 121 267 1 1 147 267 361 361 361 387 1 267 241 241 267 1 387 267 361 361 1 121 251 121 361 241 241 241 387 267 267 1 127 1 1 121 121 147 121 252 362 121 372 121 387 1 1 387 387 361 1 387 241 1 121 387 121 121 147 387 27 241 267 1 387 241 1 121 241 241 387 242 251 387 1 387 1 241 121 267 121 361 242 361 241 387 267 387 241 241 387 241 361 121 147 241 121 1 387 361 123 387 305 267 1 241 123 267 361 267 1 1 
c [Incremental] Max used label: 387.
c [Incremental] Label 387 is removed from searching.
c [Incremental] Solving for max label = 386:
c [Incremental] Solving duration: 305 ms.
s [Incremental] SAT (label = 386).
c [Incremental] Label assignment: 1 1 1 1 1 1 1 1 1 1 1 1 1 121 1 1 1 1 1 121 1 1 1 146 1 1 121 121 1 1 121 121 386 1 121 1 1 1 121 1 1 1 1 1 121 1 1 121 1 241 1 1 1 121 1 386 121 121 121 1 241 1 1 121 1 121 266 241 241 121 1 121 1 1 1 1 1 386 1 1 266 146 1 266 1 121 1 1 1 146 1 121 121 1 241 1 121 121 1 1 121 146 121 241 121 121 243 241 241 241 241 361 266 241 121 1 1 1 1 361 1 1 1 1 121 361 121 1 241 121 1 146 1 121 361 121 361 361 386 266 121 386 146 121 1 1 1 121 363 121 361 361 121 1 241 1 1 121 121 1 1 241 241 121 121 241 146 1 241 121 121 121 241 1 361 386 241 121 241 121 121 121 1 1 266 121 386 386 146 386 266 241 386 121 361 361 361 121 121 361 386 121 121 241 386 121 386 241 361 1 386 266 1 241 1 121 121 361 241 241 241 386 372 241 1 1 1 241 241 121 1 121 241 386 1 1 1 1 386 1 266 266 121 1 1 1 121 1 121 1 1 372 121 241 1 121 241 266 241 361 121 251 121 1 123 241 241 1 1 123 386 121 121 266 121 146 146 386 386 128 241 361 241 361 121 241 121 122 266 386 361 146 121 121 1 361 241 241 386 121 361 121 266 1 121 121 1 1 121 241 1 1 386 121 266 1 1 146 266 361 361 361 386 1 266 241 241 266 1 386 266 361 361 1 121 251 121 361 241 241 241 386 266 266 1 127 1 1 121 121 146 121 252 362 121 372 121 386 1 1 386 386 361 1 386 241 1 121 386 121 121 146 386 26 241 266 1 386 241 1 121 241 241 386 242 251 386 1 386 1 241 121 266 121 361 242 361 241 386 266 386 241 241 386 241 361 121 146 241 121 1 386 361 123 386 305 266 1 241 123 266 361 266 1 1 
c [Incremental] Max used label: 386.
c [Incremental] Label 386 is removed from searching.
c [Incremental] Solving for max label = 385:
c [Incremental] Solving duration: 285 ms.
s [Incremental] SAT (label = 385).
c [Incremental] Label assignment: 1 1 1 1 1 1 1 1 1 1 1 1 1 121 1 1 1 1 1 121 1 1 1 145 1 1 121 121 1 1 121 121 385 1 121 1 1 1 121 1 1 1 1 1 121 1 1 121 1 241 1 1 1 121 1 385 121 121 121 1 241 1 1 121 1 121 265 241 241 121 1 121 1 1 1 1 1 385 1 1 265 145 1 265 1 121 1 1 1 145 1 121 121 1 241 1 121 121 1 1 121 145 121 241 121 121 243 241 241 241 241 361 265 241 121 1 1 1 1 361 1 1 1 1 121 361 121 1 241 121 1 145 1 121 361 121 361 361 385 265 121 385 145 121 1 1 1 121 363 121 361 361 121 1 241 1 1 121 121 1 1 241 241 121 121 241 145 1 241 121 121 121 241 1 361 385 241 121 241 121 121 121 1 1 265 121 385 385 145 385 265 241 385 121 361 361 361 121 121 361 385 121 121 241 385 121 385 241 361 1 385 265 1 241 1 121 121 361 241 241 241 385 372 241 1 1 1 241 241 121 1 121 241 385 1 1 1 1 385 1 265 265 121 1 1 1 121 1 121 1 1 372 121 241 1 121 241 265 241 361 121 251 121 1 123 241 241 1 1 123 385 121 121 265 121 145 145 385 385 128 241 361 241 361 121 241 121 122 265 385 361 145 121 121 1 361 241 241 385 121 361 121 265 1 121 121 1 1 121 241 1 1 385 121 265 1 1 145 265 361 361 361 385 1 265 241 241 265 1 385 265 361 361 1 121 251 121 361 241 241 241 385 265 265 1 127 1 1 121 121 145 121 252 362 121 372 121 385 1 1 385 385 361 1 385 241 1 121 385 121 121 145 385 25 241 265 1 385 241 1 121 241 241 385 242 251 385 1 385 1 241 121 265 121 361 242 361 241 385 265 385 241 241 385 241 361 121 145 241 121 1 385 361 123 385 305 265 1 241 123 265 361 265 1 1 
c [Incremental] Max used label: 385.
c [Incremental] Label 385 is removed from searching.
c [Incremental] Solving for max label = 384:
c [Incremental] Solving duration: 298 ms.
s [Incremental] SAT (label = 384).
c [Incremental] Label assignment: 1 1 1 1 1 1 1 1 1 1 1 1 1 121 1 1 1 1 1 121 1 1 1 144 1 1 121 121 1 1 121 121 384 1 121 1 1 1 121 1 1 1 1 1 121 1 1 121 1 241 1 1 1 121 1 384 121 121 121 1 241 1 1 121 1 121 264 241 241 121 1 121 1 1 1 1 1 384 1 1 264 144 1 264 1 121 1 1 1 144 1 121 121 1 241 1 121 121 1 1 121 144 121 241 121 121 243 241 241 241 241 361 264 241 121 1 1 1 1 361 1 1 1 1 121 361 121 1 241 121 1 144 1 121 361 121 361 361 384 264 121 384 144 121 1 1 1 121 363 121 361 361 121 1 241 1 1 121 121 1 1 241 241 121 121 241 144 1 241 121 121 121 241 1 361 384 241 121 241 121 121 121 1 1 264 121 384 384 144 384 264 241 384 121 361 361 361 121 121 361 384 121 121 241 384 121 384 241 361 1 384 264 1 241 1 121 121 361 241 241 241 384 372 241 1 1 1 241 241 121 1 121 241 384 1 1 1 1 384 1 264 264 121 1 1 1 121 1 121 1 1 372 121 241 1 121 241 264 241 361 121 251 121 1 123 241 241 1 1 123 384 121 121 264 121 144 144 384 384 128 241 361 241 361 121 241 121 122 264 384 361 144 121 121 1 361 241 241 384 121 361 121 264 1 121 121 1 1 121 241 1 1 384 121 264 1 1 144 264 361 361 361 384 1 264 241 241 264 1 384 264 361 361 1 121 251 121 361 241 241 241 384 264 264 1 127 1 1 121 121 144 121 252 362 121 372 121 384 1 1 384 384 361 1 384 241 1 121 384 121 121 144 384 24 241 264 1 384 241 1 121 241 241 384 242 251 384 1 384 1 241 121 264 121 361 242 361 241 384 264 384 241 241 384 241 361 121 144 241 121 1 384 361 123 384 305 264 1 241 123 264 361 264 1 1 
c [Incremental] Max used label: 384.
c [Incremental] Label 384 is removed from searching.
c [Incremental] Solving for max label = 383:
c [Incremental] Solving duration: 308 ms.
s [Incremental] SAT (label = 383).
c [Incremental] Label assignment: 1 1 1 1 1 1 1 1 1 1 1 1 1 121 1 1 1 1 1 121 1 1 1 143 1 1 121 121 1 1 121 121 383 1 121 1 1 1 121 1 1 1 1 1 121 1 1 121 1 241 1 1 1 121 1 383 121 121 121 1 241 1 1 121 1 121 263 241 241 121 1 121 1 1 1 1 1 383 1 1 263 143 1 263 1 121 1 1 1 143 1 121 121 1 241 1 121 121 1 1 121 143 121 241 121 121 243 241 241 241 241 361 263 241 121 1 1 1 1 361 1 1 1 1 121 361 121 1 241 121 1 143 1 121 361 121 361 361 383 263 121 383 143 121 1 1 1 121 363 121 361 361 121 1 241 1 1 121 121 1 1 241 241 121 121 241 143 1 241 121 121 121 241 1 361 383 241 121 241 121 121 121 1 1 263 121 383 383 143 383 263 241 383 121 361 361 361 121 121 361 383 121 121 241 383 121 383 241 361 1 383 263 1 241 1 121 121 361 241 241 241 383 372 241 1 1 1 241 241 121 1 121 241 383 1 1 1 1 383 1 263 263 121 1 1 1 121 1 121 1 1 372 121 241 1 121 241 263 241 361 121 251 121 1 123 241 241 1 1 123 383 121 121 263 121 143 143 383 383 128 241 361 241 361 121 241 121 122 263 383 361 143 121 121 1 361 241 241 383 121 361 121 263 1 121 121 1 1 121 241 1 1 383 121 263 1 1 143 263 361 361 361 383 1 263 241 241 263 1 383 263 361 361 1 121 251 121 361 241 241 241 383 263 263 1 127 1 1 121 121 143 121 252 362 121 372 121 383 1 1 383 383 361 1 383 241 1 121 383 121 121 143 383 23 241 263 1 383 241 1 121 241 241 383 242 251 383 1 383 1 241 121 263 121 361 242 361 241 383 263 383 241 241 383 241 361 121 143 241 121 1 383 361 123 383 305 263 1 241 123 263 361 263 1 1 
c [Incremental] Max used label: 383.
c [Incremental] Label 383 is removed from searching.
c [Incremental] Solving for max label = 382:
c [Incremental] Solving duration: 298 ms.
s [Incremental] SAT (label = 382).
c [Incremental] Label assignment: 1 1 1 1 1 1 1 1 1 1 1 1 1 121 1 1 1 1 1 121 1 1 1 142 1 1 121 121 1 1 121 121 382 1 121 1 1 1 121 1 1 1 1 1 121 1 1 121 1 241 1 1 1 121 1 382 121 121 121 1 241 1 1 121 1 121 262 241 241 121 1 121 1 1 1 1 1 382 1 1 262 142 1 262 1 121 1 1 1 142 1 121 121 1 241 1 121 121 1 1 121 142 121 241 121 121 243 241 241 241 241 361 262 241 121 1 1 1 1 361 1 1 1 1 121 361 121 1 241 121 1 142 1 121 361 121 361 361 382 262 121 382 142 121 1 1 1 121 363 121 361 361 121 1 241 1 1 121 121 1 1 241 241 121 121 241 142 1 241 121 121 121 241 1 361 382 241 121 241 121 121 121 1 1 262 121 382 382 142 382 262 241 382 121 361 361 361 121 121 361 382 121 121 241 382 121 382 241 361 1 382 262 1 241 1 121 121 361 241 241 241 382 372 241 1 1 1 241 241 121 1 121 241 382 1 1 1 1 382 1 262 262 121 1 1 1 121 1 121 1 1 372 121 241 1 121 241 262 241 361 121 251 121 1 123 241 241 1 1 123 382 121 121 262 121 142 142 382 382 128 241 361 241 361 121 241 121 122 262 382 361 142 121 121 1 361 241 241 382 121 361 121 262 1 121 121 1 1 121 241 1 1 382 121 262 1 1 142 262 361 361 361 382 1 262 241 241 262 1 382 262 361 361 1 121 251 121 361 241 241 241 382 262 262 1 127 1 1 121 121 142 121 252 362 121 372 121 382 1 1 382 382 361 1 382 241 1 121 382 121 121 142 382 22 241 262 1 382 241 1 121 241 241 382 242 251 382 1 382 1 241 121 262 121 361 242 361 241 382 262 382 241 241 382 241 361 121 142 241 121 1 382 361 123 382 305 262 1 241 123 262 361 262 1 1 
c [Incremental] Max used label: 382.
c [Incremental] Label 382 is removed from searching.
c [Incremental] Solving for max label = 381:
c [Incremental] Solving duration: 271 ms.
s [Incremental] SAT (label = 381).
c [Incremental] Label assignment: 1 1 1 1 1 1 1 1 1 1 1 1 1 121 1 1 1 1 1 121 1 1 1 141 1 1 121 121 1 1 121 121 381 1 121 1 1 1 121 1 1 1 1 1 121 1 1 121 1 241 1 1 1 121 1 381 121 121 121 1 241 1 1 121 1 121 261 241 241 121 1 121 1 1 1 1 1 381 1 1 261 141 1 261 1 121 1 1 1 141 1 121 121 1 241 1 121 121 1 1 121 141 121 241 121 121 243 241 241 241 241 361 261 241 121 1 1 1 1 361 1 1 1 1 121 361 121 1 241 121 1 141 1 121 361 121 361 361 381 261 121 381 141 121 1 1 1 121 363 121 361 361 121 1 241 1 1 121 121 1 1 241 241 121 121 241 141 1 241 121 121 121 241 1 361 381 241 121 241 121 121 121 1 1 261 121 381 381 141 381 261 241 381 121 361 361 361 121 121 361 381 121 121 241 381 121 381 241 361 1 381 261 1 241 1 121 121 361 241 241 241 381 372 241 1 1 1 241 241 121 1 121 241 381 1 1 1 1 381 1 261 261 121 1 1 1 121 1 121 1 1 372 121 241 1 121 241 261 241 361 121 251 121 1 123 241 241 1 1 123 381 121 121 261 121 141 141 381 381 128 241 361 241 361 121 241 121 122 261 381 361 141 121 121 1 361 241 241 381 121 361 121 261 1 121 121 1 1 121 241 1 1 381 121 261 1 1 141 261 361 361 361 381 1 261 241 241 261 1 381 261 361 361 1 121 251 121 361 241 241 241 381 261 261 1 127 1 1 121 121 141 121 252 362 121 372 121 381 1 1 381 381 361 1 381 241 1 121 381 121 121 141 381 21 241 261 1 381 241 1 121 241 241 381 242 251 381 1 381 1 241 121 261 121 361 242 361 241 381 261 381 241 241 381 241 361 121 141 241 121 1 381 361 123 381 305 261 1 241 123 261 361 261 1 1 
c [Incremental] Max used label: 381.
c [Incremental] Label 381 is removed from searching.
c [Incremental] Solving for max label = 380:
c [Incremental] Solving duration: 285 ms.
s [Incremental] SAT (label = 380).
c [Incremental] Label assignment: 1 1 1 1 1 1 1 1 1 1 1 1 1 121 1 1 1 1 1 121 1 1 1 140 1 1 121 121 1 1 121 121 380 1 121 1 1 1 121 1 1 1 1 1 121 1 1 121 1 241 1 1 1 121 1 380 121 121 121 1 241 1 1 121 1 121 260 241 241 121 1 121 1 1 1 1 1 380 1 1 260 140 1 260 1 121 1 1 1 140 1 121 121 1 241 1 121 121 1 1 121 140 121 241 121 121 243 241 241 241 241 361 260 241 121 1 1 1 1 361 1 1 1 1 121 361 121 1 241 121 1 140 1 121 361 121 361 361 380 260 121 380 140 121 1 1 1 121 363 121 361 361 121 1 241 1 1 121 121 1 1 241 241 121 121 241 140 1 241 121 121 121 241 1 361 380 241 121 241 121 121 121 1 1 260 121 380 380 140 380 260 241 380 121 361 361 361 121 121 361 380 121 121 241 380 121 380 241 361 1 380 260 1 241 1 121 121 361 241 241 241 380 372 241 1 1 1 241 241 121 1 121 241 380 1 1 1 1 380 1 260 260 121 1 1 1 121 1 121 1 1 372 121 241 1 121 241 260 241 361 121 251 121 1 123 241 241 1 1 123 380 121 121 260 121 140 140 380 380 128 241 361 241 361 121 241 121 122 260 380 361 140 121 121 1 361 241 241 380 121 361 121 260 1 121 121 1 1 121 241 1 1 380 121 260 1 1 140 260 361 361 361 380 1 260 241 241 260 1 380 260 361 361 1 121 251 121 361 241 241 241 380 260 260 1 127 1 1 121 121 140 121 252 362 121 372 121 380 1 1 380 380 361 1 380 241 1 121 380 121 121 140 380 20 241 260 1 380 241 1 121 241 241 380 242 251 380 1 380 1 241 121 260 121 361 242 361 241 380 260 380 241 241 380 241 361 121 140 241 121 1 380 361 123 380 305 260 1 241 123 260 361 260 1 1 
c [Incremental] Max used label: 380.
c [Incremental] Label 380 is removed from searching.
c [Incremental] Solving for max label = 379:
c [Incremental] Solving duration: 281 ms.
s [Incremental] SAT (label = 379).
c [Incremental] Label assignment: 1 1 1 1 1 1 1 1 1 1 1 1 1 121 1 1 1 1 1 121 1 1 1 139 1 1 121 121 1 1 121 121 379 1 121 1 1 1 121 1 1 1 1 1 121 1 1 121 1 241 1 1 1 121 1 379 121 121 121 1 241 1 1 121 1 121 259 241 241 121 1 121 1 1 1 1 1 379 1 1 259 139 1 259 1 121 1 1 1 139 1 121 121 1 241 1 121 121 1 1 121 139 121 241 121 121 243 241 241 241 241 361 259 241 121 1 1 1 1 361 1 1 1 1 121 361 121 1 241 121 1 139 1 121 361 121 361 361 379 259 121 379 139 121 1 1 1 121 363 121 361 361 121 1 241 1 1 121 121 1 1 241 241 121 121 241 139 1 241 121 121 121 241 1 361 379 241 121 241 121 121 121 1 1 259 121 379 379 139 379 259 241 379 121 361 361 361 121 121 361 379 121 121 241 379 121 379 241 361 1 379 259 1 241 1 121 121 361 241 241 241 379 372 241 1 1 1 241 241 121 1 121 241 379 1 1 1 1 379 1 259 259 121 1 1 1 121 1 121 1 1 372 121 241 1 121 241 259 241 361 121 251 121 1 123 241 241 1 1 123 379 121 121 259 121 139 139 379 379 128 241 361 241 361 121 241 121 122 259 379 361 139 121 121 1 361 241 241 379 121 361 121 259 1 121 121 1 1 121 241 1 1 379 121 259 1 1 139 259 361 361 361 379 1 259 241 241 259 1 379 259 361 361 1 121 251 121 361 241 241 241 379 259 259 1 127 1 1 121 121 139 121 252 362 121 372 121 379 1 1 379 379 361 1 379 241 1 121 379 121 121 139 379 19 241 259 1 379 241 1 121 241 241 379 242 251 379 1 379 1 241 121 259 121 361 242 361 241 379 259 379 241 241 379 241 361 121 139 241 121 1 379 361 123 379 305 259 1 241 123 259 361 259 1 1 
c [Incremental] Max used label: 379.
c [Incremental] Label 379 is removed from searching.
c [Incremental] Solving for max label = 378:
c [Incremental] Solving duration: 294 ms.
s [Incremental] SAT (label = 378).
c [Incremental] Label assignment: 1 1 1 1 1 1 1 1 1 1 1 1 1 121 1 1 1 1 1 121 1 1 1 138 1 1 121 121 1 1 121 121 378 1 121 1 1 1 121 1 1 1 1 1 121 1 1 121 1 241 1 1 1 121 1 378 121 121 121 1 241 1 1 121 1 121 258 241 241 121 1 121 1 1 1 1 1 378 1 1 258 138 1 258 1 121 1 1 1 138 1 121 121 1 241 1 121 121 1 1 121 138 121 241 121 121 243 241 241 241 241 361 258 241 121 1 1 1 1 361 1 1 1 1 121 361 121 1 241 121 1 138 1 121 361 121 361 361 378 258 121 378 138 121 1 1 1 121 363 121 361 361 121 1 241 1 1 121 121 1 1 241 241 121 121 241 138 1 241 121 121 121 241 1 361 378 241 121 241 121 121 121 1 1 258 121 378 378 138 378 258 241 378 121 361 361 361 121 121 361 378 121 121 241 378 121 378 241 361 1 378 258 1 241 1 121 121 361 241 241 241 378 372 241 1 1 1 241 241 121 1 121 241 378 1 1 1 1 378 1 258 258 121 1 1 1 121 1 121 1 1 372 121 241 1 121 241 258 241 361 121 251 121 1 123 241 241 1 1 123 378 121 121 258 121 138 138 378 378 128 241 361 241 361 121 241 121 122 258 378 361 138 121 121 1 361 241 241 378 121 361 121 258 1 121 121 1 1 121 241 1 1 378 121 258 1 1 138 258 361 361 361 378 1 258 241 241 258 1 378 258 361 361 1 121 251 121 361 241 241 241 378 258 258 1 127 1 1 121 121 138 121 252 362 121 372 121 378 1 1 378 378 361 1 378 241 1 121 378 121 121 138 378 18 241 258 1 378 241 1 121 241 241 378 242 251 378 1 378 1 241 121 258 121 361 242 361 241 378 258 378 241 241 378 241 361 121 138 241 121 1 378 361 123 378 305 258 1 241 123 258 361 258 1 1 
c [Incremental] Max used label: 378.
c [Incremental] Label 378 is removed from searching.
c [Incremental] Solving for max label = 377:
c [Incremental] Solving duration: 288 ms.
s [Incremental] SAT (label = 377).
c [Incremental] Label assignment: 1 1 1 1 1 1 1 1 1 1 1 1 1 121 1 1 1 1 1 121 1 1 1 137 1 1 121 121 1 1 121 121 377 1 121 1 1 1 121 1 1 1 1 1 121 1 1 121 1 241 1 1 1 121 1 377 121 121 121 1 241 1 1 121 1 121 257 241 241 121 1 121 1 1 1 1 1 377 1 1 257 137 1 257 1 121 1 1 1 137 1 121 121 1 241 1 121 121 1 1 121 137 121 241 121 121 243 241 241 241 241 361 257 241 121 1 1 1 1 361 1 1 1 1 121 361 121 1 241 121 1 137 1 121 361 121 361 361 377 257 121 377 137 121 1 1 1 121 363 121 361 361 121 1 241 1 1 121 121 1 1 241 241 121 121 241 137 1 241 121 121 121 241 1 361 377 241 121 241 121 121 121 1 1 257 121 377 377 137 377 257 241 377 121 361 361 361 121 121 361 377 121 121 241 377 121 377 241 361 1 377 257 1 241 1 121 121 361 241 241 241 377 372 241 1 1 1 241 241 121 1 121 241 377 1 1 1 1 377 1 257 257 121 1 1 1 121 1 121 1 1 372 121 241 1 121 241 257 241 361 121 251 121 1 123 241 241 1 1 123 377 121 121 257 121 137 137 377 377 128 241 361 241 361 121 241 121 122 257 377 361 137 121 121 1 361 241 241 377 121 361 121 257 1 121 121 1 1 121 241 1 1 377 121 257 1 1 137 257 361 361 361 377 1 257 241 241 257 1 377 257 361 361 1 121 251 121 361 241 241 241 377 257 257 1 127 1 1 121 121 137 121 252 362 121 372 121 377 1 1 377 377 361 1 377 241 1 121 377 121 121 137 377 17 241 257 1 377 241 1 121 241 241 377 242 251 377 1 377 1 241 121 257 121 361 242 361 241 377 257 377 241 241 377 241 361 121 137 241 121 1 377 361 123 377 305 257 1 241 123 257 361 257 1 1 
c [Incremental] Max used label: 377.
c [Incremental] Label 377 is removed from searching.
c [Incremental] Solving for max label = 376:
c [Incremental] Solving duration: 280 ms.
s [Incremental] SAT (label = 376).
c [Incremental] Label assignment: 1 1 1 1 1 1 1 1 1 1 1 1 1 121 1 1 1 1 1 121 1 1 1 136 1 1 121 121 1 1 121 121 376 1 121 1 1 1 121 1 1 1 1 1 121 1 1 121 1 241 1 1 1 121 1 376 121 121 121 1 241 1 1 121 1 121 256 241 241 121 1 121 1 1 1 1 1 376 1 1 256 136 1 256 1 121 1 1 1 136 1 121 121 1 241 1 121 121 1 1 121 136 121 241 121 121 243 241 241 241 241 361 256 241 121 1 1 1 1 361 1 1 1 1 121 361 121 1 241 121 1 136 1 121 361 121 361 361 376 256 121 376 136 121 1 1 1 121 363 121 361 361 121 1 241 1 1 121 121 1 1 241 241 121 121 241 136 1 241 121 121 121 241 1 361 376 241 121 241 121 121 121 1 1 256 121 376 376 136 376 256 241 376 121 361 361 361 121 121 361 376 121 121 241 376 121 376 241 361 1 376 256 1 241 1 121 121 361 241 241 241 376 372 241 1 1 1 241 241 121 1 121 241 376 1 1 1 1 376 1 256 256 121 1 1 1 121 1 121 1 1 372 121 241 1 121 241 256 241 361 121 251 121 1 123 241 241 1 1 123 376 121 121 256 121 136 136 376 376 128 241 361 241 361 121 241 121 122 256 376 361 136 121 121 1 361 241 241 376 121 361 121 256 1 121 121 1 1 121 241 1 1 376 121 256 1 1 136 256 361 361 361 376 1 256 241 241 256 1 376 256 361 361 1 121 251 121 361 241 241 241 376 256 256 1 127 1 1 121 121 136 121 252 362 121 372 121 376 1 1 376 376 361 1 376 241 1 121 376 121 121 136 376 16 241 256 1 376 241 1 121 241 241 376 242 251 376 1 376 1 241 121 256 121 361 242 361 241 376 256 376 241 241 376 241 361 121 136 241 121 1 376 361 123 376 305 256 1 241 123 256 361 256 1 1 
c [Incremental] Max used label: 376.
c [Incremental] Label 376 is removed from searching.
c [Incremental] Solving for max label = 375:
c [Incremental] Solving duration: 290 ms.
s [Incremental] SAT (label = 375).
c [Incremental] Label assignment: 1 1 1 1 1 1 1 1 1 1 1 1 1 121 1 1 1 1 1 121 1 1 1 135 1 1 121 121 1 1 121 121 375 1 121 1 1 1 121 1 1 1 1 1 121 1 1 121 1 241 1 1 1 121 1 375 121 121 121 1 241 1 1 121 1 121 255 241 241 121 1 121 1 1 1 1 1 375 1 1 255 135 1 255 1 121 1 1 1 135 1 121 121 1 241 1 121 121 1 1 121 135 121 241 121 121 243 241 241 241 241 361 255 241 121 1 1 1 1 361 1 1 1 1 121 361 121 1 241 121 1 135 1 121 361 121 361 361 375 255 121 375 135 121 1 1 1 121 363 121 361 361 121 1 241 1 1 121 121 1 1 241 241 121 121 241 135 1 241 121 121 121 241 1 361 375 241 121 241 121 121 121 1 1 255 121 375 375 135 375 255 241 375 121 361 361 361 121 121 361 375 121 121 241 375 121 375 241 361 1 375 255 1 241 1 121 121 361 241 241 241 375 372 241 1 1 1 241 241 121 1 121 241 375 1 1 1 1 375 1 255 255 121 1 1 1 121 1 121 1 1 372 121 241 1 121 241 255 241 361 121 251 121 1 123 241 241 1 1 123 375 121 121 255 121 135 135 375 375 128 241 361 241 361 121 241 121 122 255 375 361 135 121 121 1 361 241 241 375 121 361 121 255 1 121 121 1 1 121 241 1 1 375 121 255 1 1 135 255 361 361 361 375 1 255 241 241 255 1 375 255 361 361 1 121 251 121 361 241 241 241 375 255 255 1 127 1 1 121 121 135 121 252 362 121 372 121 375 1 1 375 375 361 1 375 241 1 121 375 121 121 135 375 15 241 255 1 375 241 1 121 241 241 375 242 251 375 1 375 1 241 121 255 121 361 242 361 241 375 255 375 241 241 375 241 361 121 135 241 121 1 375 361 123 375 305 255 1 241 123 255 361 255 1 1 
c [Incremental] Max used label: 375.
c [Incremental] Label 375 is removed from searching.
c [Incremental] Solving for max label = 374:
c [Incremental] Solving duration: 281 ms.
s [Incremental] SAT (label = 374).
c [Incremental] Label assignment: 1 1 1 1 1 1 1 1 1 1 1 1 1 121 1 1 1 1 1 121 1 1 1 134 1 1 121 121 1 1 121 121 374 1 121 1 1 1 121 1 1 1 1 1 121 1 1 121 1 241 1 1 1 121 1 374 121 121 121 1 241 1 1 121 1 121 254 241 241 121 1 121 1 1 1 1 1 374 1 1 254 134 1 254 1 121 1 1 1 134 1 121 121 1 241 1 121 121 1 1 121 134 121 241 121 121 243 241 241 241 241 361 254 241 121 1 1 1 1 361 1 1 1 1 121 361 121 1 241 121 1 134 1 121 361 121 361 361 374 254 121 374 134 121 1 1 1 121 363 121 361 361 121 1 241 1 1 121 121 1 1 241 241 121 121 241 134 1 241 121 121 121 241 1 361 374 241 121 241 121 121 121 1 1 254 121 374 374 134 374 254 241 374 121 361 361 361 121 121 361 374 121 121 241 374 121 374 241 361 1 374 254 1 241 1 121 121 361 241 241 241 374 372 241 1 1 1 241 241 121 1 121 241 374 1 1 1 1 374 1 254 254 121 1 1 1 121 1 121 1 1 372 121 241 1 121 241 254 241 361 121 251 121 1 123 241 241 1 1 123 374 121 121 254 121 134 134 374 374 128 241 361 241 361 121 241 121 122 254 374 361 134 121 121 1 361 241 241 374 121 361 121 254 1 121 121 1 1 121 241 1 1 374 121 254 1 1 134 254 361 361 361 374 1 254 241 241 254 1 374 254 361 361 1 121 251 121 361 241 241 241 374 254 254 1 127 1 1 121 121 134 121 252 362 121 372 121 374 1 1 374 374 361 1 374 241 1 121 374 121 121 134 374 14 241 254 1 374 241 1 121 241 241 374 242 251 374 1 374 1 241 121 254 121 361 242 361 241 374 254 374 241 241 374 241 361 121 134 241 121 1 374 361 123 374 305 254 1 241 123 254 361 254 1 1 
c [Incremental] Max used label: 374.
c [Incremental] Label 374 is removed from searching.
c [Incremental] Solving for max label = 373:
c [Incremental] Solving duration: 294 ms.
s [Incremental] SAT (label = 373).
c [Incremental] Label assignment: 1 1 1 1 1 1 1 1 1 1 1 1 1 121 1 1 1 1 1 121 1 1 1 133 1 1 121 121 1 1 121 121 373 1 121 1 1 1 121 1 1 1 1 1 121 1 1 121 1 241 1 1 1 121 1 373 121 121 121 1 241 1 1 121 1 121 253 241 241 121 1 121 1 1 1 1 1 373 1 1 253 133 1 253 1 121 1 1 1 133 1 121 121 1 241 1 121 121 1 1 121 133 121 241 121 121 243 241 241 241 241 361 253 241 121 1 1 1 1 361 1 1 1 1 121 361 121 1 241 121 1 133 1 121 361 121 361 361 373 253 121 373 133 121 1 1 1 121 363 121 361 361 121 1 241 1 1 121 121 1 1 241 241 121 121 241 133 1 241 121 121 121 241 1 361 373 241 121 241 121 121 121 1 1 253 121 373 373 133 373 253 241 373 121 361 361 361 121 121 361 373 121 121 241 373 121 373 241 361 1 373 253 1 241 1 121 121 361 241 241 241 373 372 241 1 1 1 241 241 121 1 121 241 373 1 1 1 1 373 1 253 253 121 1 1 1 121 1 121 1 1 372 121 241 1 121 241 253 241 361 121 251 121 1 123 241 241 1 1 123 373 121 121 253 121 133 133 373 373 128 241 361 241 361 121 241 121 122 253 373 361 133 121 121 1 361 241 241 373 121 361 121 253 1 121 121 1 1 121 241 1 1 373 121 253 1 1 133 253 361 361 361 373 1 253 241 241 253 1 373 253 361 361 1 121 251 121 361 241 241 241 373 253 253 1 127 1 1 121 121 133 121 252 362 121 372 121 373 1 1 373 373 361 1 373 241 1 121 373 121 121 133 373 13 241 253 1 373 241 1 121 241 241 373 242 251 373 1 373 1 241 121 253 121 361 242 361 241 373 253 373 241 241 373 241 361 121 133 241 121 1 373 361 123 373 305 253 1 241 123 253 361 253 1 1 
c [Incremental] Max used label: 373.
c [Incremental] Label 373 is removed from searching.
c [Incremental] Solving for max label = 372:
c [Incremental] Solving duration: 290 ms.
s [Incremental] SAT (label = 372).
c [Incremental] Label assignment: 1 1 1 1 1 1 1 1 1 1 1 1 1 121 1 1 1 1 1 121 1 1 1 132 1 1 121 121 1 1 121 121 372 1 121 1 1 1 121 1 1 1 1 1 121 1 1 121 1 241 1 1 1 121 1 372 121 121 121 1 241 1 1 121 1 121 252 241 241 121 1 121 1 1 1 1 1 372 1 1 252 132 1 252 1 121 1 1 1 132 1 121 121 1 241 1 121 121 1 1 121 132 121 241 121 121 243 241 241 241 241 361 252 241 121 1 1 1 1 361 1 1 1 1 121 361 121 1 241 121 1 132 1 121 361 121 361 361 372 252 121 372 132 121 1 1 1 121 363 121 361 361 121 1 241 1 1 121 121 1 1 241 241 121 121 241 132 1 241 121 121 121 241 1 361 372 241 121 241 121 121 121 1 1 252 121 372 372 132 372 252 241 372 121 361 361 361 121 121 361 372 121 121 241 372 121 372 241 361 1 372 252 1 241 1 121 121 361 241 241 241 372 372 241 1 1 1 241 241 121 1 121 241 372 1 1 1 1 372 1 252 252 121 1 1 1 121 1 121 1 1 372 121 241 1 121 241 252 241 361 121 251 121 1 123 241 241 1 1 123 372 121 121 252 121 132 132 372 372 128 241 361 241 361 121 241 121 122 252 372 361 132 121 121 1 361 241 241 372 121 361 121 252 1 121 121 1 1 121 241 1 1 372 121 252 1 1 132 252 361 361 361 372 1 252 241 241 252 1 372 252 361 361 1 121 251 121 361 241 241 241 372 252 252 1 127 1 1 121 121 132 121 252 362 121 372 121 372 1 1 372 372 361 1 372 241 1 121 372 121 121 132 372 12 241 252 1 372 241 1 121 241 241 372 242 251 372 1 372 1 241 121 252 121 361 242 361 241 372 252 372 241 241 372 241 361 121 132 241 121 1 372 361 123 372 305 252 1 241 123 252 361 252 1 1 
c [Incremental] Max used label: 372.
c [Incremental] Label 372 is removed from searching.
c [Incremental] Solving for max label = 371:
c [Incremental] Solving duration: 288 ms.
s [Incremental] SAT (label = 371).
c [Incremental] Label assignment: 1 1 1 1 1 1 1 1 1 1 1 1 1 121 1 1 1 1 1 121 1 1 1 131 1 1 121 121 1 1 121 121 371 1 121 1 1 1 121 1 1 1 1 1 121 1 1 121 1 241 1 1 1 121 1 371 121 121 121 1 241 1 1 121 1 121 251 241 241 121 1 121 1 1 1 1 1 371 1 1 251 131 1 251 1 121 1 1 1 131 1 121 121 1 241 1 121 121 1 1 121 131 121 241 121 121 243 241 241 241 241 361 251 241 121 1 1 1 1 361 1 1 1 1 121 361 121 1 241 121 1 131 1 121 361 121 361 361 371 251 121 371 131 121 1 1 1 121 363 121 361 361 121 1 241 1 1 121 121 1 1 241 241 121 121 241 131 1 241 121 121 121 241 1 361 371 241 121 241 121 121 121 1 1 251 121 371 371 131 371 251 241 371 121 361 361 361 121 121 361 371 121 121 241 371 121 371 241 361 1 371 251 1 241 1 121 121 361 241 241 241 371 371 241 1 1 1 241 241 121 1 121 241 371 1 1 1 1 371 1 251 251 121 1 1 1 121 1 121 1 1 371 121 241 1 121 241 251 241 361 121 251 121 1 123 241 241 1 1 123 371 121 121 251 121 131 131 371 371 128 241 361 241 361 121 241 121 122 251 371 361 131 121 121 1 361 241 241 371 121 361 121 251 1 121 121 1 1 121 241 1 1 371 121 251 1 1 131 251 361 361 361 371 1 251 241 241 251 1 371 251 361 361 1 121 251 121 361 241 241 241 371 251 251 1 127 1 1 121 121 131 121 251 362 121 371 121 371 1 1 371 371 361 1 371 241 1 121 371 121 121 131 371 11 241 251 1 371 241 1 121 241 241 371 242 251 371 1 371 1 241 121 251 121 361 242 361 241 371 251 371 241 241 371 241 361 121 131 241 121 1 371 361 123 371 305 251 1 241 123 251 361 251 1 1 
c [Incremental] Max used label: 371.
c [Incremental] Label 371 is removed from searching.
c [Incremental] Solving for max label = 370:
c [Incremental] Solving duration: 298 ms.
s [Incremental] SAT (label = 370).
c [Incremental] Label assignment: 1 1 1 1 1 1 1 1 1 1 1 1 1 121 1 1 1 1 1 121 1 1 1 130 1 1 121 121 1 1 121 121 370 1 121 1 1 1 121 1 1 1 1 1 121 1 1 121 1 241 1 1 1 121 1 370 121 121 121 1 241 1 1 121 1 121 250 241 241 121 1 121 1 1 1 1 1 370 1 1 250 130 1 250 1 121 1 1 1 130 1 121 121 1 241 1 121 121 1 1 121 130 121 241 121 121 243 241 241 241 241 361 250 241 121 1 1 1 1 361 1 1 1 1 121 361 121 1 241 121 1 130 1 121 361 121 361 361 370 250 121 370 130 121 1 1 1 121 363 121 361 361 121 1 241 1 1 121 121 1 1 241 241 121 121 241 130 1 241 121 121 121 241 1 361 370 241 121 241 121 121 121 1 1 250 121 370 370 130 370 250 241 370 121 361 361 361 121 121 361 370 121 121 241 370 121 370 241 361 1 370 250 1 241 1 121 121 361 241 241 241 370 370 241 1 1 1 241 241 121 1 121 241 370 1 1 1 1 370 1 250 250 121 1 1 1 121 1 121 1 1 370 121 241 1 121 241 250 241 361 121 250 121 1 123 241 241 1 1 123 370 121 121 250 121 130 130 370 370 128 241 361 241 361 121 241 121 122 250 370 361 130 121 121 1 361 241 241 370 121 361 121 250 1 121 121 1 1 121 241 1 1 370 121 250 1 1 130 250 361 361 361 370 1 250 241 241 250 1 370 250 361 361 1 121 250 121 361 241 241 241 370 250 250 1 127 1 1 121 121 130 121 250 362 121 370 121 370 1 1 370 370 361 1 370 241 1 121 370 121 121 130 370 10 241 250 1 370 241 1 121 241 241 370 242 250 370 1 370 1 241 121 250 121 361 242 361 241 370 250 370 241 241 370 241 361 121 130 241 121 1 370 361 123 370 305 250 1 241 123 250 361 250 1 1 
c [Incremental] Max used label: 370.
c [Incremental] Label 370 is removed from searching.
c [Incremental] Solving for max label = 369:
c [Incremental] Solving duration: 330 ms.
s [Incremental] SAT (label = 369).
c [Incremental] Label assignment: 1 1 1 1 1 1 1 1 1 1 1 1 1 121 1 1 1 1 1 121 1 1 1 129 1 1 121 121 1 1 121 121 369 1 121 1 1 1 121 1 1 1 1 1 121 1 1 121 1 241 1 1 1 121 1 369 121 121 121 1 241 1 1 121 1 121 249 241 241 121 1 121 1 1 1 1 1 369 1 1 249 129 1 249 1 121 1 1 1 129 1 121 121 1 241 1 121 121 1 1 121 129 121 241 121 121 243 241 241 241 241 361 249 241 121 1 1 1 1 361 1 1 1 1 121 361 121 1 241 121 1 129 1 121 361 121 361 361 369 249 121 369 129 121 1 1 1 121 363 121 361 361 121 1 241 1 1 121 121 1 1 241 241 121 121 241 129 1 241 121 121 121 241 1 361 369 241 121 241 121 121 121 1 1 249 121 369 369 129 369 249 241 369 121 361 361 361 121 121 361 369 121 121 241 369 121 369 241 361 1 369 249 1 241 1 121 121 361 241 241 241 369 369 241 1 1 1 241 241 121 1 121 241 369 1 1 1 1 369 1 249 249 121 1 1 1 121 1 121 1 1 369 121 241 1 121 241 249 241 361 121 249 121 1 123 241 241 1 1 123 369 121 121 249 121 129 129 369 369 128 241 361 241 361 121 241 121 122 249 369 361 129 121 121 1 361 241 241 369 121 361 121 249 1 121 121 1 1 121 241 1 1 369 121 249 1 1 129 249 361 361 361 369 1 249 241 241 249 1 369 249 361 361 1 121 249 121 361 241 241 241 369 249 249 1 127 1 1 121 121 129 121 249 362 121 369 121 369 1 1 369 369 361 1 369 241 1 121 369 121 121 129 369 9 241 249 1 369 241 1 121 241 241 369 242 249 369 1 369 1 241 121 249 121 361 242 361 241 369 249 369 241 241 369 241 361 121 129 241 121 1 369 361 123 369 305 249 1 241 123 249 361 249 1 1 
c [Incremental] Max used label: 369.
c [Incremental] Label 369 is removed from searching.
c [Incremental] Solving for max label = 368:
c [Incremental] Solving duration: 322 ms.
s [Incremental] SAT (label = 368).
c [Incremental] Label assignment: 1 1 1 1 1 1 1 1 1 1 1 1 1 121 1 1 1 1 1 121 1 1 1 128 1 1 121 121 1 1 121 121 368 1 121 1 1 1 121 1 1 1 1 1 121 1 1 121 1 241 1 1 1 121 1 368 121 121 121 1 241 1 1 121 1 121 248 241 241 121 1 121 1 1 1 1 1 368 1 1 248 128 1 248 1 121 1 1 1 128 1 121 121 1 241 1 121 121 1 1 121 128 121 241 121 121 243 241 241 241 241 361 248 241 121 1 1 1 1 361 1 1 1 1 121 361 121 1 241 121 1 128 1 121 361 121 361 361 368 248 121 368 128 121 1 1 1 121 363 121 361 361 121 1 241 1 1 121 121 1 1 241 241 121 121 241 128 1 241 121 121 121 241 1 361 368 241 121 241 121 121 121 1 1 248 121 368 368 128 368 248 241 368 121 361 361 361 121 121 361 368 121 121 241 368 121 368 241 361 1 368 248 1 241 1 121 121 361 241 241 241 368 368 241 1 1 1 241 241 121 1 121 241 368 1 1 1 1 368 1 248 248 121 1 1 1 121 1 121 1 1 368 121 241 1 121 241 248 241 361 121 248 121 1 123 241 241 1 1 123 368 121 121 248 121 128 128 368 368 128 241 361 241 361 121 241 121 122 248 368 361 128 121 121 1 361 241 241 368 121 361 121 248 1 121 121 1 1 121 241 1 1 368 121 248 1 1 128 248 361 361 361 368 1 248 241 241 248 1 368 248 361 361 1 121 248 121 361 241 241 241 368 248 248 1 127 1 1 121 121 128 121 248 362 121 368 121 368 1 1 368 368 361 1 368 241 1 121 368 121 121 128 368 8 241 248 1 368 241 1 121 241 241 368 242 248 368 1 368 1 241 121 248 121 361 242 361 241 368 248 368 241 241 368 241 361 121 128 241 121 1 368 361 123 368 305 248 1 241 123 248 361 248 1 1 
c [Incremental] Max used label: 368.
c [Incremental] Label 368 is removed from searching.
c [Incremental] Solving for max label = 367:
c [Incremental] Solving duration: 341 ms.
s [Incremental] SAT (label = 367).
c [Incremental] Label assignment: 1 1 1 1 1 1 1 1 1 1 1 1 1 121 1 1 1 1 1 121 1 1 1 127 1 1 121 121 1 1 121 121 367 1 121 1 1 1 121 1 1 1 1 1 121 1 1 121 1 241 1 1 1 121 1 367 121 121 121 1 241 1 1 121 1 121 247 241 241 121 1 121 1 1 1 1 1 367 1 1 247 127 1 247 1 121 1 1 1 127 1 121 121 1 241 1 121 121 1 1 121 127 121 241 121 121 243 241 241 241 241 361 247 241 121 1 1 1 1 361 1 1 1 1 121 361 121 1 241 121 1 127 1 121 361 121 361 361 367 247 121 367 127 121 1 1 1 121 363 121 361 361 121 1 241 1 1 121 121 1 1 241 241 121 121 241 127 1 241 121 121 121 241 1 361 367 241 121 241 121 121 121 1 1 247 121 367 367 127 367 247 241 367 121 361 361 361 121 121 361 367 121 121 241 367 121 367 241 361 1 367 247 1 241 1 121 121 361 241 241 241 367 367 241 1 1 1 241 241 121 1 121 241 367 1 1 1 1 367 1 247 247 121 1 1 1 121 1 121 1 1 367 121 241 1 121 241 247 241 361 121 247 121 1 123 241 241 1 1 123 367 121 121 247 121 127 127 367 367 127 241 361 241 361 121 241 121 122 247 367 361 127 121 121 1 361 241 241 367 121 361 121 247 1 121 121 1 1 121 241 1 1 367 121 247 1 1 127 247 361 361 361 367 1 247 241 241 247 1 367 247 361 361 1 121 247 121 361 241 241 241 367 247 247 1 127 1 1 121 121 127 121 247 362 121 367 121 367 1 1 367 367 361 1 367 241 1 121 367 121 121 127 367 7 241 247 1 367 241 1 121 241 241 367 242 247 367 1 367 1 241 121 247 121 361 242 361 241 367 247 367 241 241 367 241 361 121 127 241 121 1 367 361 123 367 305 247 1 241 123 247 361 247 1 1 
c [Incremental] Max used label: 367.
c [Incremental] Label 367 is removed from searching.
c [Incremental] Solving for max label = 366:
c [Incremental] Solving duration: 345 ms.
s [Incremental] SAT (label = 366).
c [Incremental] Label assignment: 1 1 1 1 1 1 1 1 1 1 1 1 1 121 1 1 1 1 1 121 1 1 1 126 1 1 121 121 1 1 121 121 366 1 121 1 1 1 121 1 1 1 1 1 121 1 1 121 1 241 1 1 1 121 1 366 121 121 121 1 241 1 1 121 1 121 246 241 241 121 1 121 1 1 1 1 1 366 1 1 246 126 1 246 1 121 1 1 1 126 1 121 121 1 241 1 121 121 1 1 121 126 121 241 121 121 243 241 241 241 241 361 246 241 121 1 1 1 1 361 1 1 1 1 121 361 121 1 241 121 1 126 1 121 361 121 361 361 366 246 121 366 126 121 1 1 1 121 363 121 361 361 121 1 241 1 1 121 121 1 1 241 241 121 121 241 126 1 241 121 121 121 241 1 361 366 241 121 241 121 121 121 1 1 246 121 366 366 126 366 246 241 366 121 361 361 361 121 121 361 366 121 121 241 366 121 366 241 361 1 366 246 1 241 1 121 121 361 241 241 241 366 366 241 1 1 1 241 241 121 1 121 241 366 1 1 1 1 366 1 246 246 121 1 1 1 121 1 121 1 1 366 121 241 1 121 241 246 241 361 121 246 121 1 123 241 241 1 1 123 366 121 121 246 121 126 126 366 366 126 241 361 241 361 121 241 121 122 246 366 361 126 121 121 1 361 241 241 366 121 361 121 246 1 121 121 1 1 121 241 1 1 366 121 246 1 1 126 246 361 361 361 366 1 246 241 241 246 1 366 246 361 361 1 121 246 121 361 241 241 241 366 246 246 1 126 1 1 121 121 126 121 246 362 121 366 121 366 1 1 366 366 361 1 366 241 1 121 366 121 121 126 366 6 241 246 1 366 241 1 121 241 241 366 242 246 366 1 366 1 241 121 246 121 361 242 361 241 366 246 366 241 241 366 241 361 121 126 241 121 1 366 361 123 366 305 246 1 241 123 246 361 246 1 1 
c [Incremental] Max used label: 366.
c [Incremental] Label 366 is removed from searching.
c [Incremental] Solving for max label = 365:
c [Incremental] Solving duration: 361 ms.
s [Incremental] SAT (label = 365).
c [Incremental] Label assignment: 1 1 1 1 1 1 1 1 1 1 1 1 1 121 1 1 1 1 1 121 1 1 1 125 1 1 121 121 1 1 121 121 365 1 121 1 1 1 121 1 1 1 1 1 121 1 1 121 1 241 1 1 1 121 1 365 121 121 121 1 241 1 1 121 1 121 245 241 241 121 1 121 1 1 1 1 1 365 1 1 245 125 1 245 1 121 1 1 1 125 1 121 121 1 241 1 121 121 1 1 121 125 121 241 121 121 243 241 241 241 241 361 245 241 121 1 1 1 1 361 1 1 1 1 121 361 121 1 241 121 1 125 1 121 361 121 361 361 365 245 121 365 125 121 1 1 1 121 363 121 361 361 121 1 241 1 1 121 121 1 1 241 241 121 121 241 125 1 241 121 121 121 241 1 361 365 241 121 241 121 121 121 1 1 245 121 365 365 125 365 245 241 365 121 361 361 361 121 121 361 365 121 121 241 365 121 365 241 361 1 365 245 1 241 1 121 121 361 241 241 241 365 365 241 1 1 1 241 241 121 1 121 241 365 1 1 1 1 365 1 245 245 121 1 1 1 121 1 121 1 1 365 121 241 1 121 241 245 241 361 121 245 121 1 123 241 241 1 1 123 365 121 121 245 121 125 125 365 365 125 241 361 241 361 121 241 121 122 245 365 361 125 121 121 1 361 241 241 365 121 361 121 245 1 121 121 1 1 121 241 1 1 365 121 245 1 1 125 245 361 361 361 365 1 245 241 241 245 1 365 245 361 361 1 121 245 121 361 241 241 241 365 245 245 1 125 1 1 121 121 125 121 245 362 121 365 121 365 1 1 365 365 361 1 365 241 1 121 365 121 121 125 365 5 241 245 1 365 241 1 121 241 241 365 242 245 365 1 365 1 241 121 245 121 361 242 361 241 365 245 365 241 241 365 241 361 121 125 241 121 1 365 361 123 365 305 245 1 241 123 245 361 245 1 1 
c [Incremental] Max used label: 365.
c [Incremental] Label 365 is removed from searching.
c [Incremental] Solving for max label = 364:
c [Incremental] Solving duration: 329 ms.
s [Incremental] SAT (label = 364).
c [Incremental] Label assignment: 1 1 1 1 1 1 1 1 1 1 1 1 1 121 1 1 1 1 1 121 1 1 1 124 1 1 121 121 1 1 121 121 364 1 121 1 1 1 121 1 1 1 1 1 121 1 1 121 1 241 1 1 1 121 1 364 121 121 121 1 241 1 1 121 1 121 244 241 241 121 1 121 1 1 1 1 1 364 1 1 244 124 1 244 1 121 1 1 1 124 1 121 121 1 241 1 121 121 1 1 121 124 121 241 121 121 243 241 241 241 241 361 244 241 121 1 1 1 1 361 1 1 1 1 121 361 121 1 241 121 1 124 1 121 361 121 361 361 364 244 121 364 124 121 1 1 1 121 363 121 361 361 121 1 241 1 1 121 121 1 1 241 241 121 121 241 124 1 241 121 121 121 241 1 361 364 241 121 241 121 121 121 1 1 244 121 364 364 124 364 244 241 364 121 361 361 361 121 121 361 364 121 121 241 364 121 364 241 361 1 364 244 1 241 1 121 121 361 241 241 241 364 364 241 1 1 1 241 241 121 1 121 241 364 1 1 1 1 364 1 244 244 121 1 1 1 121 1 121 1 1 364 121 241 1 121 241 244 241 361 121 244 121 1 123 241 241 1 1 123 364 121 121 244 121 124 124 364 364 124 241 361 241 361 121 241 121 122 244 364 361 124 121 121 1 361 241 241 364 121 361 121 244 1 121 121 1 1 121 241 1 1 364 121 244 1 1 124 244 361 361 361 364 1 244 241 241 244 1 364 244 361 361 1 121 244 121 361 241 241 241 364 244 244 1 124 1 1 121 121 124 121 244 362 121 364 121 364 1 1 364 364 361 1 364 241 1 121 364 121 121 124 364 4 241 244 1 364 241 1 121 241 241 364 242 244 364 1 364 1 241 121 244 121 361 242 361 241 364 244 364 241 241 364 241 361 121 124 241 121 1 364 361 123 364 305 244 1 241 123 244 361 244 1 1 
c [Incremental] Max used label: 364.
c [Incremental] Label 364 is removed from searching.
c [Incremental] Solving for max label = 363:
c [Incremental] Solving duration: 336 ms.
s [Incremental] SAT (label = 363).
c [Incremental] Label assignment: 1 1 1 1 1 1 1 1 1 1 1 1 1 121 1 1 1 1 1 121 1 1 1 123 1 1 121 121 1 1 121 121 363 1 121 1 1 1 121 1 1 1 1 1 121 1 1 121 1 241 1 1 1 121 1 363 121 121 121 1 241 1 1 121 1 121 243 241 241 121 1 121 1 1 1 1 1 363 1 1 243 123 1 243 1 121 1 1 1 123 1 121 121 1 241 1 121 121 1 1 121 123 121 241 121 121 243 241 241 241 241 361 243 241 121 1 1 1 1 361 1 1 1 1 121 361 121 1 241 121 1 123 1 121 361 121 361 361 363 243 121 363 123 121 1 1 1 121 363 121 361 361 121 1 241 1 1 121 121 1 1 241 241 121 121 241 123 1 241 121 121 121 241 1 361 363 241 121 241 121 121 121 1 1 243 121 363 363 123 363 243 241 363 121 361 361 361 121 121 361 363 121 121 241 363 121 363 241 361 1 363 243 1 241 1 121 121 361 241 241 241 363 363 241 1 1 1 241 241 121 1 121 241 363 1 1 1 1 363 1 243 243 121 1 1 1 121 1 121 1 1 363 121 241 1 121 241 243 241 361 121 243 121 1 123 241 241 1 1 123 363 121 121 243 121 123 123 363 363 123 241 361 241 361 121 241 121 122 243 363 361 123 121 121 1 361 241 241 363 121 361 121 243 1 121 121 1 1 121 241 1 1 363 121 243 1 1 123 243 361 361 361 363 1 243 241 241 243 1 363 243 361 361 1 121 243 121 361 241 241 241 363 243 243 1 123 1 1 121 121 123 121 243 362 121 363 121 363 1 1 363 363 361 1 363 241 1 121 363 121 121 123 363 3 241 243 1 363 241 1 121 241 241 363 242 243 363 1 363 1 241 121 243 121 361 242 361 241 363 243 363 241 241 363 241 361 121 123 241 121 1 363 361 123 363 305 243 1 241 123 243 361 243 1 1 
c [Incremental] Max used label: 363.
c [Incremental] Label 363 is removed from searching.
c [Incremental] Solving for max label = 362:
c [Incremental] Solving duration: 353 ms.
s [Incremental] SAT (label = 362).
c [Incremental] Label assignment: 1 1 1 1 1 1 1 1 1 1 1 1 1 121 1 1 1 1 1 121 1 1 1 122 1 1 121 121 1 1 121 121 362 1 121 1 1 1 121 1 1 1 1 1 121 1 1 121 1 241 1 1 1 121 1 362 121 121 121 1 241 1 1 121 1 121 242 241 241 121 1 121 1 1 1 1 1 362 1 1 242 122 1 242 1 121 1 1 1 122 1 121 121 1 241 1 121 121 1 1 121 122 121 241 121 121 242 241 241 241 241 361 242 241 121 1 1 1 1 361 1 1 1 1 121 361 121 1 241 121 1 122 1 121 361 121 361 361 362 242 121 362 122 121 1 1 1 121 362 121 361 361 121 1 241 1 1 121 121 1 1 241 241 121 121 241 122 1 241 121 121 121 241 1 361 362 241 121 241 121 121 121 1 1 242 121 362 362 122 362 242 241 362 121 361 361 361 121 121 361 362 121 121 241 362 121 362 241 361 1 362 242 1 241 1 121 121 361 241 241 241 362 362 241 1 1 1 241 241 121 1 121 241 362 1 1 1 1 362 1 242 242 121 1 1 1 121 1 121 1 1 362 121 241 1 121 241 242 241 361 121 242 121 1 122 241 241 1 1 122 362 121 121 242 121 122 122 362 362 122 241 361 241 361 121 241 121 122 242 362 361 122 121 121 1 361 241 241 362 121 361 121 242 1 121 121 1 1 121 241 1 1 362 121 242 1 1 122 242 361 361 361 362 1 242 241 241 242 1 362 242 361 361 1 121 242 121 361 241 241 241 362 242 242 1 122 1 1 121 121 122 121 242 362 121 362 121 362 1 1 362 362 361 1 362 241 1 121 362 121 121 122 362 2 241 242 1 362 241 1 121 241 241 362 242 242 362 1 362 1 241 121 242 121 361 242 361 241 362 242 362 241 241 362 241 361 121 122 241 121 1 362 361 122 362 305 242 1 241 122 242 361 242 1 1 
c [Incremental] Max used label: 362.
c [Incremental] Label 362 is removed from searching.
c [Incremental] Solving for max label = 361:
c [Incremental] Solving duration: 310 ms.
s [Incremental] SAT (label = 361).
c [Incremental] Label assignment: 1 1 1 1 1 1 1 1 1 1 1 1 1 121 1 1 1 1 1 121 1 1 1 121 1 1 121 121 1 1 121 121 361 1 121 1 1 1 121 1 1 1 1 1 121 1 1 121 1 241 1 1 1 121 1 361 121 121 121 1 241 1 1 121 1 121 361 241 241 121 1 121 1 1 1 1 1 361 1 1 241 121 1 241 1 121 1 1 1 121 1 121 121 1 241 1 121 121 1 1 121 121 121 241 121 121 241 241 241 241 241 361 241 241 121 1 1 1 1 361 1 1 1 1 121 361 121 1 241 121 1 121 1 121 361 121 361 361 361 241 121 361 121 121 1 1 1 121 361 121 361 361 121 1 241 1 1 121 121 1 1 241 241 121 121 241 120 1 241 121 121 121 241 1 361 361 241 121 241 121 121 121 1 1 241 121 361 361 121 361 241 241 361 121 361 361 361 121 121 361 361 121 121 241 361 121 361 241 361 1 361 241 1 241 1 121 121 361 241 241 241 361 361 241 1 1 1 241 241 121 1 121 241 361 1 1 1 1 361 1 241 241 121 1 1 1 121 1 121 1 1 361 121 241 1 121 241 241 241 361 121 241 121 1 121 241 241 1 1 121 361 121 121 241 121 121 121 361 361 121 241 361 241 361 121 241 121 121 241 361 361 121 121 121 1 361 241 241 361 121 361 121 241 1 121 121 1 1 121 241 1 1 361 121 241 1 1 121 241 361 361 361 361 1 241 241 241 241 1 361 241 361 361 1 121 241 121 361 241 241 241 361 241 241 1 121 1 1 121 121 121 121 241 361 121 361 121 361 1 1 361 361 361 1 361 241 1 121 361 121 121 121 361 1 241 241 1 361 241 1 121 241 241 361 241 241 361 1 361 1 241 121 241 121 361 241 361 241 361 241 121 241 241 361 241 361 121 121 241 121 1 361 361 121 361 361 241 1 241 121 241 361 241 1 1 
c [Incremental] Max used label: 361.
c [Incremental] Label 361 is removed from searching.
c [Incremental] Solving for max label = 360:
c [Incremental] Solving duration: 38 ms.
s [Incremental] UNSAT (label = 360).
c [Signal] Signal interruption. Caught signal: SIGTERM (15).
c [Main] Work pid ends with result: 0.
r [Main] 
r [Main] Final results: 
r [Main] Total real time: 30390 ms.
r [Main] Total memory consumed: 913.8 MB.
r [Main] 
