c [Version] Minimize Makespan Labeling Encoder version 1.0.0.
c [Param] Target value is set to 113.
c [Param] LB is predefined as 114.
c [Param] UB is predefined as 592.
c [Param] Target value is set to Antibandwidth.
c [Param] Vertices mode is set to Has hole.
c [Param] Result verification is ON.
c [Param] Memory limit is set to 30000.
c [Param] Real time limit is set to 1800.
c [Param] Max CNF size is set to 10.
c [Main] Search strategy: Incremental from upper bound.
c [Main] Encoding and solving for graph: T-dwt__592.mtx.rnd.
c [Incremental] Minimize Makespan Labeling problem (T-dwt__592.mtx.rnd):
c [Incremental] Encoding starts with target value = 113:
c [Incremental] Encoding duration: 6113ms.
c [Incremental] Number of clauses: 6772010.
c [Incremental] Number of variables: 960289.
c [Incremental] Solving for max label = 592:
c [Incremental] Solving duration: 13612 ms.
s [Incremental] SAT (label = 592).
c [Incremental] Label assignment: 1 1 1 1 1 1 1 1 1 1 1 1 1 114 1 114 1 1 114 114 1 1 114 114 1 114 114 1 1 1 1 1 1 114 1 1 1 114 1 1 1 1 1 1 1 1 1 1 1 114 227 1 114 1 114 114 1 114 114 114 1 227 114 1 114 114 114 1 114 1 114 1 114 1 1 1 1 114 114 1 114 1 114 1 114 114 1 1 114 114 114 114 227 114 1 114 1 1 227 1 114 114 340 114 227 1 227 114 114 114 114 1 227 114 1 1 227 1 227 114 1 114 227 114 1 114 340 114 1 227 114 227 227 227 227 1 227 1 1 227 114 114 227 227 1 227 114 340 114 227 1 1 1 114 340 114 227 227 114 1 114 227 227 1 340 114 1 114 227 340 1 1 227 114 227 1 227 227 1 114 114 227 114 114 227 340 1 340 1 114 114 114 114 227 1 227 114 227 1 227 114 340 227 227 340 227 340 114 227 227 340 227 340 1 227 340 114 227 114 1 227 114 114 1 340 1 114 227 114 114 1 1 1 1 1 453 114 340 114 114 227 227 227 114 227 227 227 340 227 453 227 340 340 453 114 1 114 227 340 340 1 340 340 340 114 1 227 340 340 114 227 227 453 1 227 340 227 227 340 227 340 227 114 227 227 114 227 1 453 1 340 1 114 227 227 340 340 453 453 340 340 227 453 1 227 114 227 340 340 227 227 1 227 453 453 114 1 227 453 114 1 340 1 340 114 340 114 340 114 453 453 227 340 227 566 1 340 340 340 114 340 592 366 340 453 340 114 340 340 227 1 340 114 1 340 453 340 340 340 453 566 114 1 453 453 453 453 453 114 453 340 340 227 114 453 1 566 340 453 453 227 227 227 566 340 114 1 566 340 453 453 566 227 566 340 566 340 566 592 1 114 453 340 1 227 340 566 227 453 227 340 453 566 227 227 340 453 340 566 453 340 340 227 453 566 227 227 453 340 453 566 453 453 453 340 566 114 227 340 453 340 1 453 453 340 340 340 479 453 566 340 453 340 453 566 453 114 453 592 340 453 227 453 453 340 453 227 340 453 340 340 479 114 453 453 227 479 453 340 1 566 566 340 566 566 340 227 340 227 566 566 566 566 227 1 227 453 453 340 340 566 453 1 453 227 227 453 114 566 453 453 340 227 453 566 566 479 227 340 566 453 340 340 227 566 453 340 340 227 114 340 340 227 340 227 114 227 340 453 453 566 566 453 227 340 566 566 453 340 592 340 340 566 1 566 227 1 566 566 340 453 566 453 566 340 114 453 114 340 453 566 453 566 114 340 114 114 566 453 114 340 340 340 566 566 566 227 114 453 453 114 453 
c [Incremental] Max used label: 592.
c [Incremental] Label 592 is removed from searching.
c [Incremental] Solving for max label = 591:
c [Incremental] Solving duration: 1294 ms.
s [Incremental] SAT (label = 591).
c [Incremental] Label assignment: 1 1 1 1 1 1 1 1 1 1 1 1 1 114 1 114 1 1 114 114 1 1 114 114 1 114 114 1 1 1 1 1 1 114 1 1 1 114 1 1 1 1 1 1 1 1 1 1 1 114 227 1 114 1 114 114 1 114 114 114 1 227 114 1 114 114 114 1 114 1 114 1 114 1 1 1 1 114 114 1 114 1 114 1 114 114 1 1 114 114 114 114 227 114 1 114 1 1 227 1 114 114 340 114 227 1 227 114 114 114 114 1 227 114 1 1 227 1 227 114 1 114 227 114 1 114 340 114 1 227 114 227 227 227 227 1 227 1 1 227 114 114 227 227 1 227 114 340 114 227 1 1 1 114 340 114 227 227 114 1 114 227 227 1 340 114 1 114 227 340 1 1 227 114 227 1 227 227 1 114 114 227 114 114 227 340 1 340 1 114 114 114 114 227 1 227 114 227 1 227 114 340 227 227 340 227 340 114 227 227 340 227 340 1 227 340 114 227 114 1 227 114 114 1 340 1 114 227 114 114 1 1 1 1 1 453 114 340 114 114 227 227 227 114 227 227 227 340 227 453 227 340 340 453 114 1 114 227 340 340 1 340 340 340 114 1 227 340 340 114 227 227 453 1 227 340 227 227 340 227 340 227 114 227 227 114 227 1 453 1 340 1 114 227 227 340 340 453 453 340 340 227 453 1 227 114 227 340 340 227 227 1 227 453 453 114 1 227 453 114 1 340 1 340 114 340 114 340 114 453 453 227 340 227 566 1 340 340 340 114 340 591 365 340 453 340 114 340 340 227 1 340 114 1 340 453 340 340 340 453 566 114 1 453 453 453 453 453 114 453 340 340 227 114 453 1 566 340 453 453 227 227 227 566 340 114 1 566 340 453 453 566 227 566 340 566 340 566 591 1 114 453 340 1 227 340 566 227 453 227 340 453 566 227 227 340 453 340 566 453 340 340 227 453 566 227 227 453 340 453 566 453 453 453 340 566 114 227 340 453 340 1 453 453 340 340 340 479 453 566 340 453 340 453 566 453 114 453 591 340 453 227 453 453 340 453 227 340 453 340 340 478 114 453 453 227 478 453 340 1 566 566 340 566 566 340 227 340 227 566 566 566 566 227 1 227 453 453 340 340 566 453 1 453 227 227 453 114 566 453 453 340 227 453 566 566 478 227 340 566 453 340 340 227 566 453 340 340 227 114 340 340 227 340 227 114 227 340 453 453 566 566 453 227 340 566 566 453 340 591 340 340 566 1 566 227 1 566 566 340 453 566 453 566 340 114 453 114 340 453 566 453 566 114 340 114 114 566 453 114 340 340 340 566 566 566 227 114 453 453 114 453 
c [Incremental] Max used label: 591.
c [Incremental] Label 591 is removed from searching.
c [Incremental] Solving for max label = 590:
c [Incremental] Solving duration: 1305 ms.
s [Incremental] SAT (label = 590).
c [Incremental] Label assignment: 1 1 1 1 1 1 1 1 1 1 1 1 1 114 1 114 1 1 114 114 1 1 114 114 1 114 114 1 1 1 1 1 1 114 1 1 1 114 1 1 1 1 1 1 1 1 1 1 1 114 227 1 114 1 114 114 1 114 114 114 1 227 114 1 114 114 114 1 114 1 114 1 114 1 1 1 1 114 114 1 114 1 114 1 114 114 1 1 114 114 114 114 227 114 1 114 1 1 227 1 114 114 340 114 227 1 227 114 114 114 114 1 227 114 1 1 227 1 227 114 1 114 227 114 1 114 340 114 1 227 114 227 227 227 227 1 227 1 1 227 114 114 227 227 1 227 114 340 114 227 1 1 1 114 340 114 227 227 114 1 114 227 227 1 340 114 1 114 227 340 1 1 227 114 227 1 227 227 1 114 114 227 114 114 227 340 1 340 1 114 114 114 114 227 1 227 114 227 1 227 114 340 227 227 340 227 340 114 227 227 340 227 340 1 227 340 114 227 114 1 227 114 114 1 340 1 114 227 114 114 1 1 1 1 1 453 114 340 114 114 227 227 227 114 227 227 227 340 227 453 227 340 340 453 114 1 114 227 340 340 1 340 340 340 114 1 227 340 340 114 227 227 453 1 227 340 227 227 340 227 340 227 114 227 227 114 227 1 453 1 340 1 114 227 227 340 340 453 453 340 340 227 453 1 227 114 227 340 340 227 227 1 227 453 453 114 1 227 453 114 1 340 1 340 114 340 114 340 114 453 453 227 340 227 566 1 340 340 340 114 340 590 364 340 453 340 114 340 340 227 1 340 114 1 340 453 340 340 340 453 566 114 1 453 453 453 453 453 114 453 340 340 227 114 453 1 566 340 453 453 227 227 227 566 340 114 1 566 340 453 453 566 227 566 340 566 340 566 590 1 114 453 340 1 227 340 566 227 453 227 340 453 566 227 227 340 453 340 566 453 340 340 227 453 566 227 227 453 340 453 566 453 453 453 340 566 114 227 340 453 340 1 453 453 340 340 340 479 453 566 340 453 340 453 566 453 114 453 590 340 453 227 453 453 340 453 227 340 453 340 340 477 114 453 453 227 477 453 340 1 566 566 340 566 566 340 227 340 227 566 566 566 566 227 1 227 453 453 340 340 566 453 1 453 227 227 453 114 566 453 453 340 227 453 566 566 477 227 340 566 453 340 340 227 566 453 340 340 227 114 340 340 227 340 227 114 227 340 453 453 566 566 453 227 340 566 566 453 340 590 340 340 566 1 566 227 1 566 566 340 453 566 453 566 340 114 453 114 340 453 566 453 566 114 340 114 114 566 453 114 340 340 340 566 566 566 227 114 453 453 114 453 
c [Incremental] Max used label: 590.
c [Incremental] Label 590 is removed from searching.
c [Incremental] Solving for max label = 589:
c [Incremental] Solving duration: 1386 ms.
s [Incremental] SAT (label = 589).
c [Incremental] Label assignment: 1 1 1 1 1 1 1 1 1 1 1 1 1 114 1 114 1 1 114 114 1 1 114 114 1 114 114 1 1 1 1 1 1 114 1 1 1 114 1 1 1 1 1 1 1 1 1 1 1 114 227 1 114 1 114 114 1 114 114 114 1 227 114 1 114 114 114 1 114 1 114 1 114 1 1 1 1 114 114 1 114 1 114 1 114 114 1 1 114 114 114 114 227 114 1 114 1 1 227 1 114 114 340 114 227 1 227 114 114 114 114 1 227 114 1 1 227 1 227 114 1 114 227 114 1 114 340 114 1 227 114 227 227 227 227 1 227 1 1 227 114 114 227 227 1 227 114 340 114 227 1 1 1 114 340 114 227 227 114 1 114 227 227 1 340 114 1 114 227 340 1 1 227 114 227 1 227 227 1 114 114 227 114 114 227 340 1 340 1 114 114 114 114 227 1 227 114 227 1 227 114 340 227 227 340 227 340 114 227 227 340 227 340 1 227 340 114 227 114 1 227 114 114 1 340 1 114 227 114 114 1 1 1 1 1 453 114 340 114 114 227 227 227 114 227 227 227 340 227 453 227 340 340 453 114 1 114 227 340 340 1 340 340 340 114 1 227 340 340 114 227 227 453 1 227 340 227 227 340 227 340 227 114 227 227 114 227 1 453 1 340 1 114 227 227 340 340 453 453 340 340 227 453 1 227 114 227 340 340 227 227 1 227 453 453 114 1 227 453 114 1 340 1 340 114 340 114 340 114 453 453 227 340 227 566 1 340 340 340 114 340 589 363 340 453 340 114 340 340 227 1 340 114 1 340 453 340 340 340 453 566 114 1 453 453 453 453 453 114 453 340 340 227 114 453 1 566 340 453 453 227 227 227 566 340 114 1 566 340 453 453 566 227 566 340 566 340 566 589 1 114 453 340 1 227 340 566 227 453 227 340 453 566 227 227 340 453 340 566 453 340 340 227 453 566 227 227 453 340 453 566 453 453 453 340 566 114 227 340 453 340 1 453 453 340 340 340 479 453 566 340 453 340 453 566 453 114 453 589 340 453 227 453 453 340 453 227 340 453 340 340 476 114 453 453 227 476 453 340 1 566 566 340 566 566 340 227 340 227 566 566 566 566 227 1 227 453 453 340 340 566 453 1 453 227 227 453 114 566 453 453 340 227 453 566 566 476 227 340 566 453 340 340 227 566 453 340 340 227 114 340 340 227 340 227 114 227 340 453 453 566 566 453 227 340 566 566 453 340 589 340 340 566 1 566 227 1 566 566 340 453 566 453 566 340 114 453 114 340 453 566 453 566 114 340 114 114 566 453 114 340 340 340 566 566 566 227 114 453 453 114 453 
c [Incremental] Max used label: 589.
c [Incremental] Label 589 is removed from searching.
c [Incremental] Solving for max label = 588:
c [Incremental] Solving duration: 1339 ms.
s [Incremental] SAT (label = 588).
c [Incremental] Label assignment: 1 1 1 1 1 1 1 1 1 1 1 1 1 114 1 114 1 1 114 114 1 1 114 114 1 114 114 1 1 1 1 1 1 114 1 1 1 114 1 1 1 1 1 1 1 1 1 1 1 114 227 1 114 1 114 114 1 114 114 114 1 227 114 1 114 114 114 1 114 1 114 1 114 1 1 1 1 114 114 1 114 1 114 1 114 114 1 1 114 114 114 114 227 114 1 114 1 1 227 1 114 114 340 114 227 1 227 114 114 114 114 1 227 114 1 1 227 1 227 114 1 114 227 114 1 114 340 114 1 227 114 227 227 227 227 1 227 1 1 227 114 114 227 227 1 227 114 340 114 227 1 1 1 114 340 114 227 227 114 1 114 227 227 1 340 114 1 114 227 340 1 1 227 114 227 1 227 227 1 114 114 227 114 114 227 340 1 340 1 114 114 114 114 227 1 227 114 227 1 227 114 340 227 227 340 227 340 114 227 227 340 227 340 1 227 340 114 227 114 1 227 114 114 1 340 1 114 227 114 114 1 1 1 1 1 453 114 340 114 114 227 227 227 114 227 227 227 340 227 453 227 340 340 453 114 1 114 227 340 340 1 340 340 340 114 1 227 340 340 114 227 227 453 1 227 340 227 227 340 227 340 227 114 227 227 114 227 1 453 1 340 1 114 227 227 340 340 453 453 340 340 227 453 1 227 114 227 340 340 227 227 1 227 453 453 114 1 227 453 114 1 340 1 340 114 340 114 340 114 453 453 227 340 227 566 1 340 340 340 114 340 588 362 340 453 340 114 340 340 227 1 340 114 1 340 453 340 340 340 453 566 114 1 453 453 453 453 453 114 453 340 340 227 114 453 1 566 340 453 453 227 227 227 566 340 114 1 566 340 453 453 566 227 566 340 566 340 566 588 1 114 453 340 1 227 340 566 227 453 227 340 453 566 227 227 340 453 340 566 453 340 340 227 453 566 227 227 453 340 453 566 453 453 453 340 566 114 227 340 453 340 1 453 453 340 340 340 479 453 566 340 453 340 453 566 453 114 453 588 340 453 227 453 453 340 453 227 340 453 340 340 475 114 453 453 227 475 453 340 1 566 566 340 566 566 340 227 340 227 566 566 566 566 227 1 227 453 453 340 340 566 453 1 453 227 227 453 114 566 453 453 340 227 453 566 566 475 227 340 566 453 340 340 227 566 453 340 340 227 114 340 340 227 340 227 114 227 340 453 453 566 566 453 227 340 566 566 453 340 588 340 340 566 1 566 227 1 566 566 340 453 566 453 566 340 114 453 114 340 453 566 453 566 114 340 114 114 566 453 114 340 340 340 566 566 566 227 114 453 453 114 453 
c [Incremental] Max used label: 588.
c [Incremental] Label 588 is removed from searching.
c [Incremental] Solving for max label = 587:
c [Incremental] Solving duration: 1367 ms.
s [Incremental] SAT (label = 587).
c [Incremental] Label assignment: 1 1 1 1 1 1 1 1 1 1 1 1 1 114 1 114 1 1 114 114 1 1 114 114 1 114 114 1 1 1 1 1 1 114 1 1 1 114 1 1 1 1 1 1 1 1 1 1 1 114 227 1 114 1 114 114 1 114 114 114 1 227 114 1 114 114 114 1 114 1 114 1 114 1 1 1 1 114 114 1 114 1 114 1 114 114 1 1 114 114 114 114 227 114 1 114 1 1 227 1 114 114 340 114 227 1 227 114 114 114 114 1 227 114 1 1 227 1 227 114 1 114 227 114 1 114 340 114 1 227 114 227 227 227 227 1 227 1 1 227 114 114 227 227 1 227 114 340 114 227 1 1 1 114 340 114 227 227 114 1 114 227 227 1 340 114 1 114 227 340 1 1 227 114 227 1 227 227 1 114 114 227 114 114 227 340 1 340 1 114 114 114 114 227 1 227 114 227 1 227 114 340 227 227 340 227 340 114 227 227 340 227 340 1 227 340 114 227 114 1 227 114 114 1 340 1 114 227 114 114 1 1 1 1 1 453 114 340 114 114 227 227 227 114 227 227 227 340 227 453 227 340 340 453 114 1 114 227 340 340 1 340 340 340 114 1 227 340 340 114 227 227 453 1 227 340 227 227 340 227 340 227 114 227 227 114 227 1 453 1 340 1 114 227 227 340 340 453 453 340 340 227 453 1 227 114 227 340 340 227 227 1 227 453 453 114 1 227 453 114 1 340 1 340 114 340 114 340 114 453 453 227 340 227 566 1 340 340 340 114 340 587 361 340 453 340 114 340 340 227 1 340 114 1 340 453 340 340 340 453 566 114 1 453 453 453 453 453 114 453 340 340 227 114 453 1 566 340 453 453 227 227 227 566 340 114 1 566 340 453 453 566 227 566 340 566 340 566 587 1 114 453 340 1 227 340 566 227 453 227 340 453 566 227 227 340 453 340 566 453 340 340 227 453 566 227 227 453 340 453 566 453 453 453 340 566 114 227 340 453 340 1 453 453 340 340 340 479 453 566 340 453 340 453 566 453 114 453 587 340 453 227 453 453 340 453 227 340 453 340 340 474 114 453 453 227 474 453 340 1 566 566 340 566 566 340 227 340 227 566 566 566 566 227 1 227 453 453 340 340 566 453 1 453 227 227 453 114 566 453 453 340 227 453 566 566 474 227 340 566 453 340 340 227 566 453 340 340 227 114 340 340 227 340 227 114 227 340 453 453 566 566 453 227 340 566 566 453 340 587 340 340 566 1 566 227 1 566 566 340 453 566 453 566 340 114 453 114 340 453 566 453 566 114 340 114 114 566 453 114 340 340 340 566 566 566 227 114 453 453 114 453 
c [Incremental] Max used label: 587.
c [Incremental] Label 587 is removed from searching.
c [Incremental] Solving for max label = 586:
c [Incremental] Solving duration: 1410 ms.
s [Incremental] SAT (label = 586).
c [Incremental] Label assignment: 1 1 1 1 1 1 1 1 1 1 1 1 1 114 1 114 1 1 114 114 1 1 114 114 1 114 114 1 1 1 1 1 1 114 1 1 1 114 1 1 1 1 1 1 1 1 1 1 1 114 227 1 114 1 114 114 1 114 114 114 1 227 114 1 114 114 114 1 114 1 114 1 114 1 1 1 1 114 114 1 114 1 114 1 114 114 1 1 114 114 114 114 227 114 1 114 1 1 227 1 114 114 340 114 227 1 227 114 114 114 114 1 227 114 1 1 227 1 227 114 1 114 227 114 1 114 340 114 1 227 114 227 227 227 227 1 227 1 1 227 114 114 227 227 1 227 114 340 114 227 1 1 1 114 340 114 227 227 114 1 114 227 227 1 340 114 1 114 227 340 1 1 227 114 227 1 227 227 1 114 114 227 114 114 227 340 1 340 1 114 114 114 114 227 1 227 114 227 1 227 114 340 227 227 340 227 340 114 227 227 340 227 340 1 227 340 114 227 114 1 227 114 114 1 340 1 114 227 114 114 1 1 1 1 1 453 114 340 114 114 227 227 227 114 227 227 227 340 227 453 227 340 340 453 114 1 114 227 340 340 1 340 340 340 114 1 227 340 340 114 227 227 453 1 227 340 227 227 340 227 340 227 114 227 227 114 227 1 453 1 340 1 114 227 227 340 340 453 453 340 340 227 453 1 227 114 227 340 340 227 227 1 227 453 453 114 1 227 453 114 1 340 1 340 114 340 114 340 114 453 453 227 340 227 566 1 340 340 340 114 340 586 360 340 453 340 114 340 340 227 1 340 114 1 340 453 340 340 340 453 566 114 1 453 453 453 453 453 114 453 340 340 227 114 453 1 566 340 453 453 227 227 227 566 340 114 1 566 340 453 453 566 227 566 340 566 340 566 586 1 114 453 340 1 227 340 566 227 453 227 340 453 566 227 227 340 453 340 566 453 340 340 227 453 566 227 227 453 340 453 566 453 453 453 340 566 114 227 340 453 340 1 453 453 340 340 340 479 453 566 340 453 340 453 566 453 114 453 586 340 453 227 453 453 340 453 227 340 453 340 340 473 114 453 453 227 473 453 340 1 566 566 340 566 566 340 227 340 227 566 566 566 566 227 1 227 453 453 340 340 566 453 1 453 227 227 453 114 566 453 453 340 227 453 566 566 473 227 340 566 453 340 340 227 566 453 340 340 227 114 340 340 227 340 227 114 227 340 453 453 566 566 453 227 340 566 566 453 340 586 340 340 566 1 566 227 1 566 566 340 453 566 453 566 340 114 453 114 340 453 566 453 566 114 340 114 114 566 453 114 340 340 340 566 566 566 227 114 453 453 114 453 
c [Incremental] Max used label: 586.
c [Incremental] Label 586 is removed from searching.
c [Incremental] Solving for max label = 585:
c [Incremental] Solving duration: 1436 ms.
s [Incremental] SAT (label = 585).
c [Incremental] Label assignment: 1 1 1 1 1 1 1 1 1 1 1 1 1 114 1 114 1 1 114 114 1 1 114 114 1 114 114 1 1 1 1 1 1 114 1 1 1 114 1 1 1 1 1 1 1 1 1 1 1 114 227 1 114 1 114 114 1 114 114 114 1 227 114 1 114 114 114 1 114 1 114 1 114 1 1 1 1 114 114 1 114 1 114 1 114 114 1 1 114 114 114 114 227 114 1 114 1 1 227 1 114 114 340 114 227 1 227 114 114 114 114 1 227 114 1 1 227 1 227 114 1 114 227 114 1 114 340 114 1 227 114 227 227 227 227 1 227 1 1 227 114 114 227 227 1 227 114 340 114 227 1 1 1 114 340 114 227 227 114 1 114 227 227 1 340 114 1 114 227 340 1 1 227 114 227 1 227 227 1 114 114 227 114 114 227 340 1 340 1 114 114 114 114 227 1 227 114 227 1 227 114 340 227 227 340 227 340 114 227 227 340 227 340 1 227 340 114 227 114 1 227 114 114 1 340 1 114 227 114 114 1 1 1 1 1 453 114 340 114 114 227 227 227 114 227 227 227 340 227 453 227 340 340 453 114 1 114 227 340 340 1 340 340 340 114 1 227 340 340 114 227 227 453 1 227 340 227 227 340 227 340 227 114 227 227 114 227 1 453 1 340 1 114 227 227 340 340 453 453 340 340 227 453 1 227 114 227 340 340 227 227 1 227 453 453 114 1 227 453 114 1 340 1 340 114 340 114 340 114 453 453 227 340 227 566 1 340 340 340 114 340 585 359 340 453 340 114 340 340 227 1 340 114 1 340 453 340 340 340 453 566 114 1 453 453 453 453 453 114 453 340 340 227 114 453 1 566 340 453 453 227 227 227 566 340 114 1 566 340 453 453 566 227 566 340 566 340 566 585 1 114 453 340 1 227 340 566 227 453 227 340 453 566 227 227 340 453 340 566 453 340 340 227 453 566 227 227 453 340 453 566 453 453 453 340 566 114 227 340 453 340 1 453 453 340 340 340 479 453 566 340 453 340 453 566 453 114 453 585 340 453 227 453 453 340 453 227 340 453 340 340 472 114 453 453 227 472 453 340 1 566 566 340 566 566 340 227 340 227 566 566 566 566 227 1 227 453 453 340 340 566 453 1 453 227 227 453 114 566 453 453 340 227 453 566 566 472 227 340 566 453 340 340 227 566 453 340 340 227 114 340 340 227 340 227 114 227 340 453 453 566 566 453 227 340 566 566 453 340 585 340 340 566 1 566 227 1 566 566 340 453 566 453 566 340 114 453 114 340 453 566 453 566 114 340 114 114 566 453 114 340 340 340 566 566 566 227 114 453 453 114 453 
c [Incremental] Max used label: 585.
c [Incremental] Label 585 is removed from searching.
c [Incremental] Solving for max label = 584:
c [Incremental] Solving duration: 1431 ms.
s [Incremental] SAT (label = 584).
c [Incremental] Label assignment: 1 1 1 1 1 1 1 1 1 1 1 1 1 114 1 114 1 1 114 114 1 1 114 114 1 114 114 1 1 1 1 1 1 114 1 1 1 114 1 1 1 1 1 1 1 1 1 1 1 114 227 1 114 1 114 114 1 114 114 114 1 227 114 1 114 114 114 1 114 1 114 1 114 1 1 1 1 114 114 1 114 1 114 1 114 114 1 1 114 114 114 114 227 114 1 114 1 1 227 1 114 114 340 114 227 1 227 114 114 114 114 1 227 114 1 1 227 1 227 114 1 114 227 114 1 114 340 114 1 227 114 227 227 227 227 1 227 1 1 227 114 114 227 227 1 227 114 340 114 227 1 1 1 114 340 114 227 227 114 1 114 227 227 1 340 114 1 114 227 340 1 1 227 114 227 1 227 227 1 114 114 227 114 114 227 340 1 340 1 114 114 114 114 227 1 227 114 227 1 227 114 340 227 227 340 227 340 114 227 227 340 227 340 1 227 340 114 227 114 1 227 114 114 1 340 1 114 227 114 114 1 1 1 1 1 453 114 340 114 114 227 227 227 114 227 227 227 340 227 453 227 340 340 453 114 1 114 227 340 340 1 340 340 340 114 1 227 340 340 114 227 227 453 1 227 340 227 227 340 227 340 227 114 227 227 114 227 1 453 1 340 1 114 227 227 340 340 453 453 340 340 227 453 1 227 114 227 340 340 227 227 1 227 453 453 114 1 227 453 114 1 340 1 340 114 340 114 340 114 453 453 227 340 227 566 1 340 340 340 114 340 584 358 340 453 340 114 340 340 227 1 340 114 1 340 453 340 340 340 453 566 114 1 453 453 453 453 453 114 453 340 340 227 114 453 1 566 340 453 453 227 227 227 566 340 114 1 566 340 453 453 566 227 566 340 566 340 566 584 1 114 453 340 1 227 340 566 227 453 227 340 453 566 227 227 340 453 340 566 453 340 340 227 453 566 227 227 453 340 453 566 453 453 453 340 566 114 227 340 453 340 1 453 453 340 340 340 479 453 566 340 453 340 453 566 453 114 453 584 340 453 227 453 453 340 453 227 340 453 340 340 471 114 453 453 227 471 453 340 1 566 566 340 566 566 340 227 340 227 566 566 566 566 227 1 227 453 453 340 340 566 453 1 453 227 227 453 114 566 453 453 340 227 453 566 566 471 227 340 566 453 340 340 227 566 453 340 340 227 114 340 340 227 340 227 114 227 340 453 453 566 566 453 227 340 566 566 453 340 584 340 340 566 1 566 227 1 566 566 340 453 566 453 566 340 114 453 114 340 453 566 453 566 114 340 114 114 566 453 114 340 340 340 566 566 566 227 114 453 453 114 453 
c [Incremental] Max used label: 584.
c [Incremental] Label 584 is removed from searching.
c [Incremental] Solving for max label = 583:
c [Incremental] Solving duration: 1444 ms.
s [Incremental] SAT (label = 583).
c [Incremental] Label assignment: 1 1 1 1 1 1 1 1 1 1 1 1 1 114 1 114 1 1 114 114 1 1 114 114 1 114 114 1 1 1 1 1 1 114 1 1 1 114 1 1 1 1 1 1 1 1 1 1 1 114 227 1 114 1 114 114 1 114 114 114 1 227 114 1 114 114 114 1 114 1 114 1 114 1 1 1 1 114 114 1 114 1 114 1 114 114 1 1 114 114 114 114 227 114 1 114 1 1 227 1 114 114 340 114 227 1 227 114 114 114 114 1 227 114 1 1 227 1 227 114 1 114 227 114 1 114 340 114 1 227 114 227 227 227 227 1 227 1 1 227 114 114 227 227 1 227 114 340 114 227 1 1 1 114 340 114 227 227 114 1 114 227 227 1 340 114 1 114 227 340 1 1 227 114 227 1 227 227 1 114 114 227 114 114 227 340 1 340 1 114 114 114 114 227 1 227 114 227 1 227 114 340 227 227 340 227 340 114 227 227 340 227 340 1 227 340 114 227 114 1 227 114 114 1 340 1 114 227 114 114 1 1 1 1 1 453 114 340 114 114 227 227 227 114 227 227 227 340 227 453 227 340 340 453 114 1 114 227 340 340 1 340 340 340 114 1 227 340 340 114 227 227 453 1 227 340 227 227 340 227 340 227 114 227 227 114 227 1 453 1 340 1 114 227 227 340 340 453 453 340 340 227 453 1 227 114 227 340 340 227 227 1 227 453 453 114 1 227 453 114 1 340 1 340 114 340 114 340 114 453 453 227 340 227 566 1 340 340 340 114 340 583 357 340 453 340 114 340 340 227 1 340 114 1 340 453 340 340 340 453 566 114 1 453 453 453 453 453 114 453 340 340 227 114 453 1 566 340 453 453 227 227 227 566 340 114 1 566 340 453 453 566 227 566 340 566 340 566 583 1 114 453 340 1 227 340 566 227 453 227 340 453 566 227 227 340 453 340 566 453 340 340 227 453 566 227 227 453 340 453 566 453 453 453 340 566 114 227 340 453 340 1 453 453 340 340 340 479 453 566 340 453 340 453 566 453 114 453 583 340 453 227 453 453 340 453 227 340 453 340 340 470 114 453 453 227 470 453 340 1 566 566 340 566 566 340 227 340 227 566 566 566 566 227 1 227 453 453 340 340 566 453 1 453 227 227 453 114 566 453 453 340 227 453 566 566 470 227 340 566 453 340 340 227 566 453 340 340 227 114 340 340 227 340 227 114 227 340 453 453 566 566 453 227 340 566 566 453 340 583 340 340 566 1 566 227 1 566 566 340 453 566 453 566 340 114 453 114 340 453 566 453 566 114 340 114 114 566 453 114 340 340 340 566 566 566 227 114 453 453 114 453 
c [Incremental] Max used label: 583.
c [Incremental] Label 583 is removed from searching.
c [Incremental] Solving for max label = 582:
c [Incremental] Solving duration: 1410 ms.
s [Incremental] SAT (label = 582).
c [Incremental] Label assignment: 1 1 1 1 1 1 1 1 1 1 1 1 1 114 1 114 1 1 114 114 1 1 114 114 1 114 114 1 1 1 1 1 1 114 1 1 1 114 1 1 1 1 1 1 1 1 1 1 1 114 227 1 114 1 114 114 1 114 114 114 1 227 114 1 114 114 114 1 114 1 114 1 114 1 1 1 1 114 114 1 114 1 114 1 114 114 1 1 114 114 114 114 227 114 1 114 1 1 227 1 114 114 340 114 227 1 227 114 114 114 114 1 227 114 1 1 227 1 227 114 1 114 227 114 1 114 340 114 1 227 114 227 227 227 227 1 227 1 1 227 114 114 227 227 1 227 114 340 114 227 1 1 1 114 340 114 227 227 114 1 114 227 227 1 340 114 1 114 227 340 1 1 227 114 227 1 227 227 1 114 114 227 114 114 227 340 1 340 1 114 114 114 114 227 1 227 114 227 1 227 114 340 227 227 340 227 340 114 227 227 340 227 340 1 227 340 114 227 114 1 227 114 114 1 340 1 114 227 114 114 1 1 1 1 1 453 114 340 114 114 227 227 227 114 227 227 227 340 227 453 227 340 340 453 114 1 114 227 340 340 1 340 340 340 114 1 227 340 340 114 227 227 453 1 227 340 227 227 340 227 340 227 114 227 227 114 227 1 453 1 340 1 114 227 227 340 340 453 453 340 340 227 453 1 227 114 227 340 340 227 227 1 227 453 453 114 1 227 453 114 1 340 1 340 114 340 114 340 114 453 453 227 340 227 566 1 340 340 340 114 340 582 356 340 453 340 114 340 340 227 1 340 114 1 340 453 340 340 340 453 566 114 1 453 453 453 453 453 114 453 340 340 227 114 453 1 566 340 453 453 227 227 227 566 340 114 1 566 340 453 453 566 227 566 340 566 340 566 582 1 114 453 340 1 227 340 566 227 453 227 340 453 566 227 227 340 453 340 566 453 340 340 227 453 566 227 227 453 340 453 566 453 453 453 340 566 114 227 340 453 340 1 453 453 340 340 340 479 453 566 340 453 340 453 566 453 114 453 582 340 453 227 453 453 340 453 227 340 453 340 340 469 114 453 453 227 469 453 340 1 566 566 340 566 566 340 227 340 227 566 566 566 566 227 1 227 453 453 340 340 566 453 1 453 227 227 453 114 566 453 453 340 227 453 566 566 469 227 340 566 453 340 340 227 566 453 340 340 227 114 340 340 227 340 227 114 227 340 453 453 566 566 453 227 340 566 566 453 340 582 340 340 566 1 566 227 1 566 566 340 453 566 453 566 340 114 453 114 340 453 566 453 566 114 340 114 114 566 453 114 340 340 340 566 566 566 227 114 453 453 114 453 
c [Incremental] Max used label: 582.
c [Incremental] Label 582 is removed from searching.
c [Incremental] Solving for max label = 581:
c [Incremental] Solving duration: 1306 ms.
s [Incremental] SAT (label = 581).
c [Incremental] Label assignment: 1 1 1 1 1 1 1 1 1 1 1 1 1 114 1 114 1 1 114 114 1 1 114 114 1 114 114 1 1 1 1 1 1 114 1 1 1 114 1 1 1 1 1 1 1 1 1 1 1 114 227 1 114 1 114 114 1 114 114 114 1 227 114 1 114 114 114 1 114 1 114 1 114 1 1 1 1 114 114 1 114 1 114 1 114 114 1 1 114 114 114 114 227 114 1 114 1 1 227 1 114 114 340 114 227 1 227 114 114 114 114 1 227 114 1 1 227 1 227 114 1 114 227 114 1 114 340 114 1 227 114 227 227 227 227 1 227 1 1 227 114 114 227 227 1 227 114 340 114 227 1 1 1 114 340 114 227 227 114 1 114 227 227 1 340 114 1 114 227 340 1 1 227 114 227 1 227 227 1 114 114 227 114 114 227 340 1 340 1 114 114 114 114 227 1 227 114 227 1 227 114 340 227 227 340 227 340 114 227 227 340 227 340 1 227 340 114 227 114 1 227 114 114 1 340 1 114 227 114 114 1 1 1 1 1 453 114 340 114 114 227 227 227 114 227 227 227 340 227 453 227 340 340 453 114 1 114 227 340 340 1 340 340 340 114 1 227 340 340 114 227 227 453 1 227 340 227 227 340 227 340 227 114 227 227 114 227 1 453 1 340 1 114 227 227 340 340 453 453 340 340 227 453 1 227 114 227 340 340 227 227 1 227 453 453 114 1 227 453 114 1 340 1 340 114 340 114 340 114 453 453 227 340 227 566 1 340 340 340 114 340 581 355 340 453 340 114 340 340 227 1 340 114 1 340 453 340 340 340 453 566 114 1 453 453 453 453 453 114 453 340 340 227 114 453 1 566 340 453 453 227 227 227 566 340 114 1 566 340 453 453 566 227 566 340 566 340 566 581 1 114 453 340 1 227 340 566 227 453 227 340 453 566 227 227 340 453 340 566 453 340 340 227 453 566 227 227 453 340 453 566 453 453 453 340 566 114 227 340 453 340 1 453 453 340 340 340 479 453 566 340 453 340 453 566 453 114 453 581 340 453 227 453 453 340 453 227 340 453 340 340 468 114 453 453 227 468 453 340 1 566 566 340 566 566 340 227 340 227 566 566 566 566 227 1 227 453 453 340 340 566 453 1 453 227 227 453 114 566 453 453 340 227 453 566 566 468 227 340 566 453 340 340 227 566 453 340 340 227 114 340 340 227 340 227 114 227 340 453 453 566 566 453 227 340 566 566 453 340 581 340 340 566 1 566 227 1 566 566 340 453 566 453 566 340 114 453 114 340 453 566 453 566 114 340 114 114 566 453 114 340 340 340 566 566 566 227 114 453 453 114 453 
c [Incremental] Max used label: 581.
c [Incremental] Label 581 is removed from searching.
c [Incremental] Solving for max label = 580:
c [Incremental] Solving duration: 1433 ms.
s [Incremental] SAT (label = 580).
c [Incremental] Label assignment: 1 1 1 1 1 1 1 1 1 1 1 1 1 114 1 114 1 1 114 114 1 1 114 114 1 114 114 1 1 1 1 1 1 114 1 1 1 114 1 1 1 1 1 1 1 1 1 1 1 114 227 1 114 1 114 114 1 114 114 114 1 227 114 1 114 114 114 1 114 1 114 1 114 1 1 1 1 114 114 1 114 1 114 1 114 114 1 1 114 114 114 114 227 114 1 114 1 1 227 1 114 114 340 114 227 1 227 114 114 114 114 1 227 114 1 1 227 1 227 114 1 114 227 114 1 114 340 114 1 227 114 227 227 227 227 1 227 1 1 227 114 114 227 227 1 227 114 340 114 227 1 1 1 114 340 114 227 227 114 1 114 227 227 1 340 114 1 114 227 340 1 1 227 114 227 1 227 227 1 114 114 227 114 114 227 340 1 340 1 114 114 114 114 227 1 227 114 227 1 227 114 340 227 227 340 227 340 114 227 227 340 227 340 1 227 340 114 227 114 1 227 114 114 1 340 1 114 227 114 114 1 1 1 1 1 453 114 340 114 114 227 227 227 114 227 227 227 340 227 453 227 340 340 453 114 1 114 227 340 340 1 340 340 340 114 1 227 340 340 114 227 227 453 1 227 340 227 227 340 227 340 227 114 227 227 114 227 1 453 1 340 1 114 227 227 340 340 453 453 340 340 227 453 1 227 114 227 340 340 227 227 1 227 453 453 114 1 227 453 114 1 340 1 340 114 340 114 340 114 453 453 227 340 227 566 1 340 340 340 114 340 580 354 340 453 340 114 340 340 227 1 340 114 1 340 453 340 340 340 453 566 114 1 453 453 453 453 453 114 453 340 340 227 114 453 1 566 340 453 453 227 227 227 566 340 114 1 566 340 453 453 566 227 566 340 566 340 566 580 1 114 453 340 1 227 340 566 227 453 227 340 453 566 227 227 340 453 340 566 453 340 340 227 453 566 227 227 453 340 453 566 453 453 453 340 566 114 227 340 453 340 1 453 453 340 340 340 479 453 566 340 453 340 453 566 453 114 453 580 340 453 227 453 453 340 453 227 340 453 340 340 467 114 453 453 227 467 453 340 1 566 566 340 566 566 340 227 340 227 566 566 566 566 227 1 227 453 453 340 340 566 453 1 453 227 227 453 114 566 453 453 340 227 453 566 566 467 227 340 566 453 340 340 227 566 453 340 340 227 114 340 340 227 340 227 114 227 340 453 453 566 566 453 227 340 566 566 453 340 580 340 340 566 1 566 227 1 566 566 340 453 566 453 566 340 114 453 114 340 453 566 453 566 114 340 114 114 566 453 114 340 340 340 566 566 566 227 114 453 453 114 453 
c [Incremental] Max used label: 580.
c [Incremental] Label 580 is removed from searching.
c [Incremental] Solving for max label = 579:
c [Incremental] Solving duration: 1309 ms.
s [Incremental] SAT (label = 579).
c [Incremental] Label assignment: 1 1 1 1 1 1 1 1 1 1 1 1 1 114 1 114 1 1 114 114 1 1 114 114 1 114 114 1 1 1 1 1 1 114 1 1 1 114 1 1 1 1 1 1 1 1 1 1 1 114 227 1 114 1 114 114 1 114 114 114 1 227 114 1 114 114 114 1 114 1 114 1 114 1 1 1 1 114 114 1 114 1 114 1 114 114 1 1 114 114 114 114 227 114 1 114 1 1 227 1 114 114 340 114 227 1 227 114 114 114 114 1 227 114 1 1 227 1 227 114 1 114 227 114 1 114 340 114 1 227 114 227 227 227 227 1 227 1 1 227 114 114 227 227 1 227 114 340 114 227 1 1 1 114 340 114 227 227 114 1 114 227 227 1 340 114 1 114 227 340 1 1 227 114 227 1 227 227 1 114 114 227 114 114 227 340 1 340 1 114 114 114 114 227 1 227 114 227 1 227 114 340 227 227 340 227 340 114 227 227 340 227 340 1 227 340 114 227 114 1 227 114 114 1 340 1 114 227 114 114 1 1 1 1 1 453 114 340 114 114 227 227 227 114 227 227 227 340 227 453 227 340 340 453 114 1 114 227 340 340 1 340 340 340 114 1 227 340 340 114 227 227 453 1 227 340 227 227 340 227 340 227 114 227 227 114 227 1 453 1 340 1 114 227 227 340 340 453 453 340 340 227 453 1 227 114 227 340 340 227 227 1 227 453 453 114 1 227 453 114 1 340 1 340 114 340 114 340 114 453 453 227 340 227 566 1 340 340 340 114 340 579 353 340 453 340 114 340 340 227 1 340 114 1 340 453 340 340 340 453 566 114 1 453 453 453 453 453 114 453 340 340 227 114 453 1 566 340 453 453 227 227 227 566 340 114 1 566 340 453 453 566 227 566 340 566 340 566 579 1 114 453 340 1 227 340 566 227 453 227 340 453 566 227 227 340 453 340 566 453 340 340 227 453 566 227 227 453 340 453 566 453 453 453 340 566 114 227 340 453 340 1 453 453 340 340 340 479 453 566 340 453 340 453 566 453 114 453 579 340 453 227 453 453 340 453 227 340 453 340 340 466 114 453 453 227 466 453 340 1 566 566 340 566 566 340 227 340 227 566 566 566 566 227 1 227 453 453 340 340 566 453 1 453 227 227 453 114 566 453 453 340 227 453 566 566 466 227 340 566 453 340 340 227 566 453 340 340 227 114 340 340 227 340 227 114 227 340 453 453 566 566 453 227 340 566 566 453 340 579 340 340 566 1 566 227 1 566 566 340 453 566 453 566 340 114 453 114 340 453 566 453 566 114 340 114 114 566 453 114 340 340 340 566 566 566 227 114 453 453 114 453 
c [Incremental] Max used label: 579.
c [Incremental] Label 579 is removed from searching.
c [Incremental] Solving for max label = 578:
c [Incremental] Solving duration: 1347 ms.
s [Incremental] SAT (label = 578).
c [Incremental] Label assignment: 1 1 1 1 1 1 1 1 1 1 1 1 1 114 1 114 1 1 114 114 1 1 114 114 1 114 114 1 1 1 1 1 1 114 1 1 1 114 1 1 1 1 1 1 1 1 1 1 1 114 227 1 114 1 114 114 1 114 114 114 1 227 114 1 114 114 114 1 114 1 114 1 114 1 1 1 1 114 114 1 114 1 114 1 114 114 1 1 114 114 114 114 227 114 1 114 1 1 227 1 114 114 340 114 227 1 227 114 114 114 114 1 227 114 1 1 227 1 227 114 1 114 227 114 1 114 340 114 1 227 114 227 227 227 227 1 227 1 1 227 114 114 227 227 1 227 114 340 114 227 1 1 1 114 340 114 227 227 114 1 114 227 227 1 340 114 1 114 227 340 1 1 227 114 227 1 227 227 1 114 114 227 114 114 227 340 1 340 1 114 114 114 114 227 1 227 114 227 1 227 114 340 227 227 340 227 340 114 227 227 340 227 340 1 227 340 114 227 114 1 227 114 114 1 340 1 114 227 114 114 1 1 1 1 1 453 114 340 114 114 227 227 227 114 227 227 227 340 227 453 227 340 340 453 114 1 114 227 340 340 1 340 340 340 114 1 227 340 340 114 227 227 453 1 227 340 227 227 340 227 340 227 114 227 227 114 227 1 453 1 340 1 114 227 227 340 340 453 453 340 340 227 453 1 227 114 227 340 340 227 227 1 227 453 453 114 1 227 453 114 1 340 1 340 114 340 114 340 114 453 453 227 340 227 566 1 340 340 340 114 340 578 352 340 453 340 114 340 340 227 1 340 114 1 340 453 340 340 340 453 566 114 1 453 453 453 453 453 114 453 340 340 227 114 453 1 566 340 453 453 227 227 227 566 340 114 1 566 340 453 453 566 227 566 340 566 340 566 578 1 114 453 340 1 227 340 566 227 453 227 340 453 566 227 227 340 453 340 566 453 340 340 227 453 566 227 227 453 340 453 566 453 453 453 340 566 114 227 340 453 340 1 453 453 340 340 340 479 453 566 340 453 340 453 566 453 114 453 578 340 453 227 453 453 340 453 227 340 453 340 340 465 114 453 453 227 465 453 340 1 566 566 340 566 566 340 227 340 227 566 566 566 566 227 1 227 453 453 340 340 566 453 1 453 227 227 453 114 566 453 453 340 227 453 566 566 465 227 340 566 453 340 340 227 566 453 340 340 227 114 340 340 227 340 227 114 227 340 453 453 566 566 453 227 340 566 566 453 340 578 340 340 566 1 566 227 1 566 566 340 453 566 453 566 340 114 453 114 340 453 566 453 566 114 340 114 114 566 453 114 340 340 340 566 566 566 227 114 453 453 114 453 
c [Incremental] Max used label: 578.
c [Incremental] Label 578 is removed from searching.
c [Incremental] Solving for max label = 577:
c [Incremental] Solving duration: 1379 ms.
s [Incremental] SAT (label = 577).
c [Incremental] Label assignment: 1 1 1 1 1 1 1 1 1 1 1 1 1 114 1 114 1 1 114 114 1 1 114 114 1 114 114 1 1 1 1 1 1 114 1 1 1 114 1 1 1 1 1 1 1 1 1 1 1 114 227 1 114 1 114 114 1 114 114 114 1 227 114 1 114 114 114 1 114 1 114 1 114 1 1 1 1 114 114 1 114 1 114 1 114 114 1 1 114 114 114 114 227 114 1 114 1 1 227 1 114 114 340 114 227 1 227 114 114 114 114 1 227 114 1 1 227 1 227 114 1 114 227 114 1 114 340 114 1 227 114 227 227 227 227 1 227 1 1 227 114 114 227 227 1 227 114 340 114 227 1 1 1 114 340 114 227 227 114 1 114 227 227 1 340 114 1 114 227 340 1 1 227 114 227 1 227 227 1 114 114 227 114 114 227 340 1 340 1 114 114 114 114 227 1 227 114 227 1 227 114 340 227 227 340 227 340 114 227 227 340 227 340 1 227 340 114 227 114 1 227 114 114 1 340 1 114 227 114 114 1 1 1 1 1 453 114 340 114 114 227 227 227 114 227 227 227 340 227 453 227 340 340 453 114 1 114 227 340 340 1 340 340 340 114 1 227 340 340 114 227 227 453 1 227 340 227 227 340 227 340 227 114 227 227 114 227 1 453 1 340 1 114 227 227 340 340 453 453 340 340 227 453 1 227 114 227 340 340 227 227 1 227 453 453 114 1 227 453 114 1 340 1 340 114 340 114 340 114 453 453 227 340 227 566 1 340 340 340 114 340 577 351 340 453 340 114 340 340 227 1 340 114 1 340 453 340 340 340 453 566 114 1 453 453 453 453 453 114 453 340 340 227 114 453 1 566 340 453 453 227 227 227 566 340 114 1 566 340 453 453 566 227 566 340 566 340 566 577 1 114 453 340 1 227 340 566 227 453 227 340 453 566 227 227 340 453 340 566 453 340 340 227 453 566 227 227 453 340 453 566 453 453 453 340 566 114 227 340 453 340 1 453 453 340 340 340 479 453 566 340 453 340 453 566 453 114 453 577 340 453 227 453 453 340 453 227 340 453 340 340 464 114 453 453 227 464 453 340 1 566 566 340 566 566 340 227 340 227 566 566 566 566 227 1 227 453 453 340 340 566 453 1 453 227 227 453 114 566 453 453 340 227 453 566 566 464 227 340 566 453 340 340 227 566 453 340 340 227 114 340 340 227 340 227 114 227 340 453 453 566 566 453 227 340 566 566 453 340 577 340 340 566 1 566 227 1 566 566 340 453 566 453 566 340 114 453 114 340 453 566 453 566 114 340 114 114 566 453 114 340 340 340 566 566 566 227 114 453 453 114 453 
c [Incremental] Max used label: 577.
c [Incremental] Label 577 is removed from searching.
c [Incremental] Solving for max label = 576:
c [Incremental] Solving duration: 1377 ms.
s [Incremental] SAT (label = 576).
c [Incremental] Label assignment: 1 1 1 1 1 1 1 1 1 1 1 1 1 114 1 114 1 1 114 114 1 1 114 114 1 114 114 1 1 1 1 1 1 114 1 1 1 114 1 1 1 1 1 1 1 1 1 1 1 114 227 1 114 1 114 114 1 114 114 114 1 227 114 1 114 114 114 1 114 1 114 1 114 1 1 1 1 114 114 1 114 1 114 1 114 114 1 1 114 114 114 114 227 114 1 114 1 1 227 1 114 114 340 114 227 1 227 114 114 114 114 1 227 114 1 1 227 1 227 114 1 114 227 114 1 114 340 114 1 227 114 227 227 227 227 1 227 1 1 227 114 114 227 227 1 227 114 340 114 227 1 1 1 114 340 114 227 227 114 1 114 227 227 1 340 114 1 114 227 340 1 1 227 114 227 1 227 227 1 114 114 227 114 114 227 340 1 340 1 114 114 114 114 227 1 227 114 227 1 227 114 340 227 227 340 227 340 114 227 227 340 227 340 1 227 340 114 227 114 1 227 114 114 1 340 1 114 227 114 114 1 1 1 1 1 453 114 340 114 114 227 227 227 114 227 227 227 340 227 453 227 340 340 453 114 1 114 227 340 340 1 340 340 340 114 1 227 340 340 114 227 227 453 1 227 340 227 227 340 227 340 227 114 227 227 114 227 1 453 1 340 1 114 227 227 340 340 453 453 340 340 227 453 1 227 114 227 340 340 227 227 1 227 453 453 114 1 227 453 114 1 340 1 340 114 340 114 340 114 453 453 227 340 227 566 1 340 340 340 114 340 576 350 340 453 340 114 340 340 227 1 340 114 1 340 453 340 340 340 453 566 114 1 453 453 453 453 453 114 453 340 340 227 114 453 1 566 340 453 453 227 227 227 566 340 114 1 566 340 453 453 566 227 566 340 566 340 566 576 1 114 453 340 1 227 340 566 227 453 227 340 453 566 227 227 340 453 340 566 453 340 340 227 453 566 227 227 453 340 453 566 453 453 453 340 566 114 227 340 453 340 1 453 453 340 340 340 479 453 566 340 453 340 453 566 453 114 453 576 340 453 227 453 453 340 453 227 340 453 340 340 463 114 453 453 227 463 453 340 1 566 566 340 566 566 340 227 340 227 566 566 566 566 227 1 227 453 453 340 340 566 453 1 453 227 227 453 114 566 453 453 340 227 453 566 566 463 227 340 566 453 340 340 227 566 453 340 340 227 114 340 340 227 340 227 114 227 340 453 453 566 566 453 227 340 566 566 453 340 576 340 340 566 1 566 227 1 566 566 340 453 566 453 566 340 114 453 114 340 453 566 453 566 114 340 114 114 566 453 114 340 340 340 566 566 566 227 114 453 453 114 453 
c [Incremental] Max used label: 576.
c [Incremental] Label 576 is removed from searching.
c [Incremental] Solving for max label = 575:
c [Incremental] Solving duration: 1279 ms.
s [Incremental] SAT (label = 575).
c [Incremental] Label assignment: 1 1 1 1 1 1 1 1 1 1 1 1 1 114 1 114 1 1 114 114 1 1 114 114 1 114 114 1 1 1 1 1 1 114 1 1 1 114 1 1 1 1 1 1 1 1 1 1 1 114 227 1 114 1 114 114 1 114 114 114 1 227 114 1 114 114 114 1 114 1 114 1 114 1 1 1 1 114 114 1 114 1 114 1 114 114 1 1 114 114 114 114 227 114 1 114 1 1 227 1 114 114 340 114 227 1 227 114 114 114 114 1 227 114 1 1 227 1 227 114 1 114 227 114 1 114 340 114 1 227 114 227 227 227 227 1 227 1 1 227 114 114 227 227 1 227 114 340 114 227 1 1 1 114 340 114 227 227 114 1 114 227 227 1 340 114 1 114 227 340 1 1 227 114 227 1 227 227 1 114 114 227 114 114 227 340 1 340 1 114 114 114 114 227 1 227 114 227 1 227 114 340 227 227 340 227 340 114 227 227 340 227 340 1 227 340 114 227 114 1 227 114 114 1 340 1 114 227 114 114 1 1 1 1 1 453 114 340 114 114 227 227 227 114 227 227 227 340 227 453 227 340 340 453 114 1 114 227 340 340 1 340 340 340 114 1 227 340 340 114 227 227 453 1 227 340 227 227 340 227 340 227 114 227 227 114 227 1 453 1 340 1 114 227 227 340 340 453 453 340 340 227 453 1 227 114 227 340 340 227 227 1 227 453 453 114 1 227 453 114 1 340 1 340 114 340 114 340 114 453 453 227 340 227 566 1 340 340 340 114 340 575 349 340 453 340 114 340 340 227 1 340 114 1 340 453 340 340 340 453 566 114 1 453 453 453 453 453 114 453 340 340 227 114 453 1 566 340 453 453 227 227 227 566 340 114 1 566 340 453 453 566 227 566 340 566 340 566 575 1 114 453 340 1 227 340 566 227 453 227 340 453 566 227 227 340 453 340 566 453 340 340 227 453 566 227 227 453 340 453 566 453 453 453 340 566 114 227 340 453 340 1 453 453 340 340 340 479 453 566 340 453 340 453 566 453 114 453 575 340 453 227 453 453 340 453 227 340 453 340 340 462 114 453 453 227 462 453 340 1 566 566 340 566 566 340 227 340 227 566 566 566 566 227 1 227 453 453 340 340 566 453 1 453 227 227 453 114 566 453 453 340 227 453 566 566 462 227 340 566 453 340 340 227 566 453 340 340 227 114 340 340 227 340 227 114 227 340 453 453 566 566 453 227 340 566 566 453 340 575 340 340 566 1 566 227 1 566 566 340 453 566 453 566 340 114 453 114 340 453 566 453 566 114 340 114 114 566 453 114 340 340 340 566 566 566 227 114 453 453 114 453 
c [Incremental] Max used label: 575.
c [Incremental] Label 575 is removed from searching.
c [Incremental] Solving for max label = 574:
c [Incremental] Solving duration: 1409 ms.
s [Incremental] SAT (label = 574).
c [Incremental] Label assignment: 1 1 1 1 1 1 1 1 1 1 1 1 1 114 1 114 1 1 114 114 1 1 114 114 1 114 114 1 1 1 1 1 1 114 1 1 1 114 1 1 1 1 1 1 1 1 1 1 1 114 227 1 114 1 114 114 1 114 114 114 1 227 114 1 114 114 114 1 114 1 114 1 114 1 1 1 1 114 114 1 114 1 114 1 114 114 1 1 114 114 114 114 227 114 1 114 1 1 227 1 114 114 340 114 227 1 227 114 114 114 114 1 227 114 1 1 227 1 227 114 1 114 227 114 1 114 340 114 1 227 114 227 227 227 227 1 227 1 1 227 114 114 227 227 1 227 114 340 114 227 1 1 1 114 340 114 227 227 114 1 114 227 227 1 340 114 1 114 227 340 1 1 227 114 227 1 227 227 1 114 114 227 114 114 227 340 1 340 1 114 114 114 114 227 1 227 114 227 1 227 114 340 227 227 340 227 340 114 227 227 340 227 340 1 227 340 114 227 114 1 227 114 114 1 340 1 114 227 114 114 1 1 1 1 1 453 114 340 114 114 227 227 227 114 227 227 227 340 227 453 227 340 340 453 114 1 114 227 340 340 1 340 340 340 114 1 227 340 340 114 227 227 453 1 227 340 227 227 340 227 340 227 114 227 227 114 227 1 453 1 340 1 114 227 227 340 340 453 453 340 340 227 453 1 227 114 227 340 340 227 227 1 227 453 453 114 1 227 453 114 1 340 1 340 114 340 114 340 114 453 453 227 340 227 566 1 340 340 340 114 340 574 348 340 453 340 114 340 340 227 1 340 114 1 340 453 340 340 340 453 566 114 1 453 453 453 453 453 114 453 340 340 227 114 453 1 566 340 453 453 227 227 227 566 340 114 1 566 340 453 453 566 227 566 340 566 340 566 574 1 114 453 340 1 227 340 566 227 453 227 340 453 566 227 227 340 453 340 566 453 340 340 227 453 566 227 227 453 340 453 566 453 453 453 340 566 114 227 340 453 340 1 453 453 340 340 340 479 453 566 340 453 340 453 566 453 114 453 574 340 453 227 453 453 340 453 227 340 453 340 340 461 114 453 453 227 461 453 340 1 566 566 340 566 566 340 227 340 227 566 566 566 566 227 1 227 453 453 340 340 566 453 1 453 227 227 453 114 566 453 453 340 227 453 566 566 461 227 340 566 453 340 340 227 566 453 340 340 227 114 340 340 227 340 227 114 227 340 453 453 566 566 453 227 340 566 566 453 340 574 340 340 566 1 566 227 1 566 566 340 453 566 453 566 340 114 453 114 340 453 566 453 566 114 340 114 114 566 453 114 340 340 340 566 566 566 227 114 453 453 114 453 
c [Incremental] Max used label: 574.
c [Incremental] Label 574 is removed from searching.
c [Incremental] Solving for max label = 573:
c [Incremental] Solving duration: 1374 ms.
s [Incremental] SAT (label = 573).
c [Incremental] Label assignment: 1 1 1 1 1 1 1 1 1 1 1 1 1 114 1 114 1 1 114 114 1 1 114 114 1 114 114 1 1 1 1 1 1 114 1 1 1 114 1 1 1 1 1 1 1 1 1 1 1 114 227 1 114 1 114 114 1 114 114 114 1 227 114 1 114 114 114 1 114 1 114 1 114 1 1 1 1 114 114 1 114 1 114 1 114 114 1 1 114 114 114 114 227 114 1 114 1 1 227 1 114 114 340 114 227 1 227 114 114 114 114 1 227 114 1 1 227 1 227 114 1 114 227 114 1 114 340 114 1 227 114 227 227 227 227 1 227 1 1 227 114 114 227 227 1 227 114 340 114 227 1 1 1 114 340 114 227 227 114 1 114 227 227 1 340 114 1 114 227 340 1 1 227 114 227 1 227 227 1 114 114 227 114 114 227 340 1 340 1 114 114 114 114 227 1 227 114 227 1 227 114 340 227 227 340 227 340 114 227 227 340 227 340 1 227 340 114 227 114 1 227 114 114 1 340 1 114 227 114 114 1 1 1 1 1 453 114 340 114 114 227 227 227 114 227 227 227 340 227 453 227 340 340 453 114 1 114 227 340 340 1 340 340 340 114 1 227 340 340 114 227 227 453 1 227 340 227 227 340 227 340 227 114 227 227 114 227 1 453 1 340 1 114 227 227 340 340 453 453 340 340 227 453 1 227 114 227 340 340 227 227 1 227 453 453 114 1 227 453 114 1 340 1 340 114 340 114 340 114 453 453 227 340 227 566 1 340 340 340 114 340 573 347 340 453 340 114 340 340 227 1 340 114 1 340 453 340 340 340 453 566 114 1 453 453 453 453 453 114 453 340 340 227 114 453 1 566 340 453 453 227 227 227 566 340 114 1 566 340 453 453 566 227 566 340 566 340 566 573 1 114 453 340 1 227 340 566 227 453 227 340 453 566 227 227 340 453 340 566 453 340 340 227 453 566 227 227 453 340 453 566 453 453 453 340 566 114 227 340 453 340 1 453 453 340 340 340 479 453 566 340 453 340 453 566 453 114 453 573 340 453 227 453 453 340 453 227 340 453 340 340 460 114 453 453 227 460 453 340 1 566 566 340 566 566 340 227 340 227 566 566 566 566 227 1 227 453 453 340 340 566 453 1 453 227 227 453 114 566 453 453 340 227 453 566 566 460 227 340 566 453 340 340 227 566 453 340 340 227 114 340 340 227 340 227 114 227 340 453 453 566 566 453 227 340 566 566 453 340 573 340 340 566 1 566 227 1 566 566 340 453 566 453 566 340 114 453 114 340 453 566 453 566 114 340 114 114 566 453 114 340 340 340 566 566 566 227 114 453 453 114 453 
c [Incremental] Max used label: 573.
c [Incremental] Label 573 is removed from searching.
c [Incremental] Solving for max label = 572:
c [Incremental] Solving duration: 1408 ms.
s [Incremental] SAT (label = 572).
c [Incremental] Label assignment: 1 1 1 1 1 1 1 1 1 1 1 1 1 114 1 114 1 1 114 114 1 1 114 114 1 114 114 1 1 1 1 1 1 114 1 1 1 114 1 1 1 1 1 1 1 1 1 1 1 114 227 1 114 1 114 114 1 114 114 114 1 227 114 1 114 114 114 1 114 1 114 1 114 1 1 1 1 114 114 1 114 1 114 1 114 114 1 1 114 114 114 114 227 114 1 114 1 1 227 1 114 114 340 114 227 1 227 114 114 114 114 1 227 114 1 1 227 1 227 114 1 114 227 114 1 114 340 114 1 227 114 227 227 227 227 1 227 1 1 227 114 114 227 227 1 227 114 340 114 227 1 1 1 114 340 114 227 227 114 1 114 227 227 1 340 114 1 114 227 340 1 1 227 114 227 1 227 227 1 114 114 227 114 114 227 340 1 340 1 114 114 114 114 227 1 227 114 227 1 227 114 340 227 227 340 227 340 114 227 227 340 227 340 1 227 340 114 227 114 1 227 114 114 1 340 1 114 227 114 114 1 1 1 1 1 453 114 340 114 114 227 227 227 114 227 227 227 340 227 453 227 340 340 453 114 1 114 227 340 340 1 340 340 340 114 1 227 340 340 114 227 227 453 1 227 340 227 227 340 227 340 227 114 227 227 114 227 1 453 1 340 1 114 227 227 340 340 453 453 340 340 227 453 1 227 114 227 340 340 227 227 1 227 453 453 114 1 227 453 114 1 340 1 340 114 340 114 340 114 453 453 227 340 227 566 1 340 340 340 114 340 572 346 340 453 340 114 340 340 227 1 340 114 1 340 453 340 340 340 453 566 114 1 453 453 453 453 453 114 453 340 340 227 114 453 1 566 340 453 453 227 227 227 566 340 114 1 566 340 453 453 566 227 566 340 566 340 566 572 1 114 453 340 1 227 340 566 227 453 227 340 453 566 227 227 340 453 340 566 453 340 340 227 453 566 227 227 453 340 453 566 453 453 453 340 566 114 227 340 453 340 1 453 453 340 340 340 479 453 566 340 453 340 453 566 453 114 453 572 340 453 227 453 453 340 453 227 340 453 340 340 459 114 453 453 227 459 453 340 1 566 566 340 566 566 340 227 340 227 566 566 566 566 227 1 227 453 453 340 340 566 453 1 453 227 227 453 114 566 453 453 340 227 453 566 566 459 227 340 566 453 340 340 227 566 453 340 340 227 114 340 340 227 340 227 114 227 340 453 453 566 566 453 227 340 566 566 453 340 572 340 340 566 1 566 227 1 566 566 340 453 566 453 566 340 114 453 114 340 453 566 453 566 114 340 114 114 566 453 114 340 340 340 566 566 566 227 114 453 453 114 453 
c [Incremental] Max used label: 572.
c [Incremental] Label 572 is removed from searching.
c [Incremental] Solving for max label = 571:
c [Incremental] Solving duration: 1366 ms.
s [Incremental] SAT (label = 571).
c [Incremental] Label assignment: 1 1 1 1 1 1 1 1 1 1 1 1 1 114 1 114 1 1 114 114 1 1 114 114 1 114 114 1 1 1 1 1 1 114 1 1 1 114 1 1 1 1 1 1 1 1 1 1 1 114 227 1 114 1 114 114 1 114 114 114 1 227 114 1 114 114 114 1 114 1 114 1 114 1 1 1 1 114 114 1 114 1 114 1 114 114 1 1 114 114 114 114 227 114 1 114 1 1 227 1 114 114 340 114 227 1 227 114 114 114 114 1 227 114 1 1 227 1 227 114 1 114 227 114 1 114 340 114 1 227 114 227 227 227 227 1 227 1 1 227 114 114 227 227 1 227 114 340 114 227 1 1 1 114 340 114 227 227 114 1 114 227 227 1 340 114 1 114 227 340 1 1 227 114 227 1 227 227 1 114 114 227 114 114 227 340 1 340 1 114 114 114 114 227 1 227 114 227 1 227 114 340 227 227 340 227 340 114 227 227 340 227 340 1 227 340 114 227 114 1 227 114 114 1 340 1 114 227 114 114 1 1 1 1 1 453 114 340 114 114 227 227 227 114 227 227 227 340 227 453 227 340 340 453 114 1 114 227 340 340 1 340 340 340 114 1 227 340 340 114 227 227 453 1 227 340 227 227 340 227 340 227 114 227 227 114 227 1 453 1 340 1 114 227 227 340 340 453 453 340 340 227 453 1 227 114 227 340 340 227 227 1 227 453 453 114 1 227 453 114 1 340 1 340 114 340 114 340 114 453 453 227 340 227 566 1 340 340 340 114 340 571 345 340 453 340 114 340 340 227 1 340 114 1 340 453 340 340 340 453 566 114 1 453 453 453 453 453 114 453 340 340 227 114 453 1 566 340 453 453 227 227 227 566 340 114 1 566 340 453 453 566 227 566 340 566 340 566 571 1 114 453 340 1 227 340 566 227 453 227 340 453 566 227 227 340 453 340 566 453 340 340 227 453 566 227 227 453 340 453 566 453 453 453 340 566 114 227 340 453 340 1 453 453 340 340 340 479 453 566 340 453 340 453 566 453 114 453 571 340 453 227 453 453 340 453 227 340 453 340 340 458 114 453 453 227 458 453 340 1 566 566 340 566 566 340 227 340 227 566 566 566 566 227 1 227 453 453 340 340 566 453 1 453 227 227 453 114 566 453 453 340 227 453 566 566 458 227 340 566 453 340 340 227 566 453 340 340 227 114 340 340 227 340 227 114 227 340 453 453 566 566 453 227 340 566 566 453 340 571 340 340 566 1 566 227 1 566 566 340 453 566 453 566 340 114 453 114 340 453 566 453 566 114 340 114 114 566 453 114 340 340 340 566 566 566 227 114 453 453 114 453 
c [Incremental] Max used label: 571.
c [Incremental] Label 571 is removed from searching.
c [Incremental] Solving for max label = 570:
c [Incremental] Solving duration: 1400 ms.
s [Incremental] SAT (label = 570).
c [Incremental] Label assignment: 1 1 1 1 1 1 1 1 1 1 1 1 1 114 1 114 1 1 114 114 1 1 114 114 1 114 114 1 1 1 1 1 1 114 1 1 1 114 1 1 1 1 1 1 1 1 1 1 1 114 227 1 114 1 114 114 1 114 114 114 1 227 114 1 114 114 114 1 114 1 114 1 114 1 1 1 1 114 114 1 114 1 114 1 114 114 1 1 114 114 114 114 227 114 1 114 1 1 227 1 114 114 340 114 227 1 227 114 114 114 114 1 227 114 1 1 227 1 227 114 1 114 227 114 1 114 340 114 1 227 114 227 227 227 227 1 227 1 1 227 114 114 227 227 1 227 114 340 114 227 1 1 1 114 340 114 227 227 114 1 114 227 227 1 340 114 1 114 227 340 1 1 227 114 227 1 227 227 1 114 114 227 114 114 227 340 1 340 1 114 114 114 114 227 1 227 114 227 1 227 114 340 227 227 340 227 340 114 227 227 340 227 340 1 227 340 114 227 114 1 227 114 114 1 340 1 114 227 114 114 1 1 1 1 1 453 114 340 114 114 227 227 227 114 227 227 227 340 227 453 227 340 340 453 114 1 114 227 340 340 1 340 340 340 114 1 227 340 340 114 227 227 453 1 227 340 227 227 340 227 340 227 114 227 227 114 227 1 453 1 340 1 114 227 227 340 340 453 453 340 340 227 453 1 227 114 227 340 340 227 227 1 227 453 453 114 1 227 453 114 1 340 1 340 114 340 114 340 114 453 453 227 340 227 566 1 340 340 340 114 340 570 344 340 453 340 114 340 340 227 1 340 114 1 340 453 340 340 340 453 566 114 1 453 453 453 453 453 114 453 340 340 227 114 453 1 566 340 453 453 227 227 227 566 340 114 1 566 340 453 453 566 227 566 340 566 340 566 570 1 114 453 340 1 227 340 566 227 453 227 340 453 566 227 227 340 453 340 566 453 340 340 227 453 566 227 227 453 340 453 566 453 453 453 340 566 114 227 340 453 340 1 453 453 340 340 340 479 453 566 340 453 340 453 566 453 114 453 570 340 453 227 453 453 340 453 227 340 453 340 340 457 114 453 453 227 457 453 340 1 566 566 340 566 566 340 227 340 227 566 566 566 566 227 1 227 453 453 340 340 566 453 1 453 227 227 453 114 566 453 453 340 227 453 566 566 457 227 340 566 453 340 340 227 566 453 340 340 227 114 340 340 227 340 227 114 227 340 453 453 566 566 453 227 340 566 566 453 340 570 340 340 566 1 566 227 1 566 566 340 453 566 453 566 340 114 453 114 340 453 566 453 566 114 340 114 114 566 453 114 340 340 340 566 566 566 227 114 453 453 114 453 
c [Incremental] Max used label: 570.
c [Incremental] Label 570 is removed from searching.
c [Incremental] Solving for max label = 569:
c [Incremental] Solving duration: 1430 ms.
s [Incremental] SAT (label = 569).
c [Incremental] Label assignment: 1 1 1 1 1 1 1 1 1 1 1 1 1 114 1 114 1 1 114 114 1 1 114 114 1 114 114 1 1 1 1 1 1 114 1 1 1 114 1 1 1 1 1 1 1 1 1 1 1 114 227 1 114 1 114 114 1 114 114 114 1 227 114 1 114 114 114 1 114 1 114 1 114 1 1 1 1 114 114 1 114 1 114 1 114 114 1 1 114 114 114 114 227 114 1 114 1 1 227 1 114 114 340 114 227 1 227 114 114 114 114 1 227 114 1 1 227 1 227 114 1 114 227 114 1 114 340 114 1 227 114 227 227 227 227 1 227 1 1 227 114 114 227 227 1 227 114 340 114 227 1 1 1 114 340 114 227 227 114 1 114 227 227 1 340 114 1 114 227 340 1 1 227 114 227 1 227 227 1 114 114 227 114 114 227 340 1 340 1 114 114 114 114 227 1 227 114 227 1 227 114 340 227 227 340 227 340 114 227 227 340 227 340 1 227 340 114 227 114 1 227 114 114 1 340 1 114 227 114 114 1 1 1 1 1 453 114 340 114 114 227 227 227 114 227 227 227 340 227 453 227 340 340 453 114 1 114 227 340 340 1 340 340 340 114 1 227 340 340 114 227 227 453 1 227 340 227 227 340 227 340 227 114 227 227 114 227 1 453 1 340 1 114 227 227 340 340 453 453 340 340 227 453 1 227 114 227 340 340 227 227 1 227 453 453 114 1 227 453 114 1 340 1 340 114 340 114 340 114 453 453 227 340 227 566 1 340 340 340 114 340 569 343 340 453 340 114 340 340 227 1 340 114 1 340 453 340 340 340 453 566 114 1 453 453 453 453 453 114 453 340 340 227 114 453 1 566 340 453 453 227 227 227 566 340 114 1 566 340 453 453 566 227 566 340 566 340 566 569 1 114 453 340 1 227 340 566 227 453 227 340 453 566 227 227 340 453 340 566 453 340 340 227 453 566 227 227 453 340 453 566 453 453 453 340 566 114 227 340 453 340 1 453 453 340 340 340 479 453 566 340 453 340 453 566 453 114 453 569 340 453 227 453 453 340 453 227 340 453 340 340 456 114 453 453 227 456 453 340 1 566 566 340 566 566 340 227 340 227 566 566 566 566 227 1 227 453 453 340 340 566 453 1 453 227 227 453 114 566 453 453 340 227 453 566 566 456 227 340 566 453 340 340 227 566 453 340 340 227 114 340 340 227 340 227 114 227 340 453 453 566 566 453 227 340 566 566 453 340 569 340 340 566 1 566 227 1 566 566 340 453 566 453 566 340 114 453 114 340 453 566 453 566 114 340 114 114 566 453 114 340 340 340 566 566 566 227 114 453 453 114 453 
c [Incremental] Max used label: 569.
c [Incremental] Label 569 is removed from searching.
c [Incremental] Solving for max label = 568:
c [Incremental] Solving duration: 1388 ms.
s [Incremental] SAT (label = 568).
c [Incremental] Label assignment: 1 1 1 1 1 1 1 1 1 1 1 1 1 114 1 114 1 1 114 114 1 1 114 114 1 114 114 1 1 1 1 1 1 114 1 1 1 114 1 1 1 1 1 1 1 1 1 1 1 114 227 1 114 1 114 114 1 114 114 114 1 227 114 1 114 114 114 1 114 1 114 1 114 1 1 1 1 114 114 1 114 1 114 1 114 114 1 1 114 114 114 114 227 114 1 114 1 1 227 1 114 114 340 114 227 1 227 114 114 114 114 1 227 114 1 1 227 1 227 114 1 114 227 114 1 114 340 114 1 227 114 227 227 227 227 1 227 1 1 227 114 114 227 227 1 227 114 340 114 227 1 1 1 114 340 114 227 227 114 1 114 227 227 1 340 114 1 114 227 340 1 1 227 114 227 1 227 227 1 114 114 227 114 114 227 340 1 340 1 114 114 114 114 227 1 227 114 227 1 227 114 340 227 227 340 227 340 114 227 227 340 227 340 1 227 340 114 227 114 1 227 114 114 1 340 1 114 227 114 114 1 1 1 1 1 453 114 340 114 114 227 227 227 114 227 227 227 340 227 453 227 340 340 453 114 1 114 227 340 340 1 340 340 340 114 1 227 340 340 114 227 227 453 1 227 340 227 227 340 227 340 227 114 227 227 114 227 1 453 1 340 1 114 227 227 340 340 453 453 340 340 227 453 1 227 114 227 340 340 227 227 1 227 453 453 114 1 227 453 114 1 340 1 340 114 340 114 340 114 453 453 227 340 227 566 1 340 340 340 114 340 568 342 340 453 340 114 340 340 227 1 340 114 1 340 453 340 340 340 453 566 114 1 453 453 453 453 453 114 453 340 340 227 114 453 1 566 340 453 453 227 227 227 566 340 114 1 566 340 453 453 566 227 566 340 566 340 566 568 1 114 453 340 1 227 340 566 227 453 227 340 453 566 227 227 340 453 340 566 453 340 340 227 453 566 227 227 453 340 453 566 453 453 453 340 566 114 227 340 453 340 1 453 453 340 340 340 479 453 566 340 453 340 453 566 453 114 453 568 340 453 227 453 453 340 453 227 340 453 340 340 455 114 453 453 227 455 453 340 1 566 566 340 566 566 340 227 340 227 566 566 566 566 227 1 227 453 453 340 340 566 453 1 453 227 227 453 114 566 453 453 340 227 453 566 566 455 227 340 566 453 340 340 227 566 453 340 340 227 114 340 340 227 340 227 114 227 340 453 453 566 566 453 227 340 566 566 453 340 568 340 340 566 1 566 227 1 566 566 340 453 566 453 566 340 114 453 114 340 453 566 453 566 114 340 114 114 566 453 114 340 340 340 566 566 566 227 114 453 453 114 453 
c [Incremental] Max used label: 568.
c [Incremental] Label 568 is removed from searching.
c [Incremental] Solving for max label = 567:
c [Incremental] Solving duration: 1337 ms.
s [Incremental] SAT (label = 567).
c [Incremental] Label assignment: 1 1 1 1 1 1 1 1 1 1 1 1 1 114 1 114 1 1 114 114 1 1 114 114 1 114 114 1 1 1 1 1 1 114 1 1 1 114 1 1 1 1 1 1 1 1 1 1 1 114 227 1 114 1 114 114 1 114 114 114 1 227 114 1 114 114 114 1 114 1 114 1 114 1 1 1 1 114 114 1 114 1 114 1 114 114 1 1 114 114 114 114 227 114 1 114 1 1 227 1 114 114 340 114 227 1 227 114 114 114 114 1 227 114 1 1 227 1 227 114 1 114 227 114 1 114 340 114 1 227 114 227 227 227 227 1 227 1 1 227 114 114 227 227 1 227 114 340 114 227 1 1 1 114 340 114 227 227 114 1 114 227 227 1 340 114 1 114 227 340 1 1 227 114 227 1 227 227 1 114 114 227 114 114 227 340 1 340 1 114 114 114 114 227 1 227 114 227 1 227 114 340 227 227 340 227 340 114 227 227 340 227 340 1 227 340 114 227 114 1 227 114 114 1 340 1 114 227 114 114 1 1 1 1 1 453 114 340 114 114 227 227 227 114 227 227 227 340 227 453 227 340 340 453 114 1 114 227 340 340 1 340 340 340 114 1 227 340 340 114 227 227 453 1 227 340 227 227 340 227 340 227 114 227 227 114 227 1 453 1 340 1 114 227 227 340 340 453 453 340 340 227 453 1 227 114 227 340 340 227 227 1 227 453 453 114 1 227 453 114 1 340 1 340 114 340 114 340 114 453 453 227 340 227 566 1 340 340 340 114 340 567 341 340 453 340 114 340 340 227 1 340 114 1 340 453 340 340 340 453 566 114 1 453 453 453 453 453 114 453 340 340 227 114 453 1 566 340 453 453 227 227 227 566 340 114 1 566 340 453 453 566 227 566 340 566 340 566 567 1 114 453 340 1 227 340 566 227 453 227 340 453 566 227 227 340 453 340 566 453 340 340 227 453 566 227 227 453 340 453 566 453 453 453 340 566 114 227 340 453 340 1 453 453 340 340 340 479 453 566 340 453 340 453 566 453 114 453 567 340 453 227 453 453 340 453 227 340 453 340 340 454 114 453 453 227 454 453 340 1 566 566 340 566 566 340 227 340 227 566 566 566 566 227 1 227 453 453 340 340 566 453 1 453 227 227 453 114 566 453 453 340 227 453 566 566 454 227 340 566 453 340 340 227 566 453 340 340 227 114 340 340 227 340 227 114 227 340 453 453 566 566 453 227 340 566 566 453 340 567 340 340 566 1 566 227 1 566 566 340 453 566 453 566 340 114 453 114 340 453 566 453 566 114 340 114 114 566 453 114 340 340 340 566 566 566 227 114 453 453 114 453 
c [Incremental] Max used label: 567.
c [Incremental] Label 567 is removed from searching.
c [Incremental] Solving for max label = 566:
c [Incremental] Solving duration: 1297 ms.
s [Incremental] SAT (label = 566).
c [Incremental] Label assignment: 1 1 1 1 1 1 1 1 1 1 1 1 1 114 1 114 1 1 114 114 1 1 114 114 1 114 114 1 1 1 1 1 1 114 1 1 1 114 1 1 1 1 1 1 1 1 1 1 1 114 227 1 114 1 114 114 1 114 114 114 1 227 114 1 114 114 114 1 114 1 114 1 114 1 1 1 1 114 114 1 114 1 114 1 114 114 1 1 114 114 114 114 227 114 1 114 1 1 227 1 114 114 340 114 227 1 227 114 114 114 114 1 227 114 1 1 227 1 227 114 1 114 227 114 1 114 340 114 1 227 114 227 227 227 227 1 227 1 1 227 114 114 227 227 1 227 114 340 114 227 1 1 1 114 340 114 227 227 114 1 114 227 227 1 340 114 1 114 227 340 1 1 227 114 227 1 227 227 1 114 114 227 114 114 227 340 1 340 1 114 114 114 114 227 1 227 114 227 1 227 114 340 227 227 340 227 340 114 227 227 340 227 340 1 227 340 114 227 114 1 227 114 114 1 340 1 114 227 114 114 1 1 1 1 1 453 114 340 114 114 227 227 227 114 227 227 227 340 227 453 227 340 340 453 114 1 114 227 340 340 1 340 340 340 114 1 227 340 340 114 227 227 453 1 227 340 227 227 340 227 340 227 114 227 227 114 227 1 453 1 340 1 114 227 227 340 340 453 453 340 340 227 453 1 227 114 227 340 340 227 227 1 227 453 453 114 1 227 453 114 1 340 1 340 114 340 114 340 114 453 453 227 340 227 566 1 340 340 340 114 340 566 340 340 453 340 114 340 340 227 1 340 114 1 340 453 340 340 340 453 566 114 1 453 453 453 453 453 114 453 340 340 227 114 453 1 566 340 453 453 227 227 227 566 340 114 1 566 340 453 453 566 227 566 340 566 340 566 566 1 114 453 340 1 227 340 566 227 453 227 340 453 566 227 227 340 453 340 566 453 340 340 227 453 566 227 227 453 340 453 566 453 453 453 340 566 114 227 340 453 340 1 453 453 340 340 340 566 453 566 340 453 340 453 566 453 114 453 566 340 453 227 453 453 340 453 227 340 453 340 340 453 114 453 453 227 453 453 340 1 566 566 340 566 566 340 227 340 227 566 566 566 566 227 1 227 453 453 340 340 566 453 566 453 227 227 453 114 566 453 453 340 227 453 566 566 453 227 340 566 453 340 340 227 566 453 340 340 227 114 340 340 227 340 227 114 227 340 453 453 566 566 453 227 340 566 566 453 340 566 340 340 566 1 566 227 566 566 566 340 453 566 453 566 340 114 453 114 340 453 566 453 566 114 340 114 114 566 453 114 340 340 340 566 566 566 227 114 453 453 114 453 
c [Incremental] Max used label: 566.
c [Incremental] Label 566 is removed from searching.
c [Incremental] Solving for max label = 565:
c [Incremental] Solving duration: 1174 ms.
s [Incremental] SAT (label = 565).
c [Incremental] Label assignment: 1 338 1 1 1 1 1 1 1 1 1 1 1 114 1 114 1 1 114 114 1 1 114 114 1 114 565 1 1 1 1 1 1 114 1 1 1 114 1 1 1 1 1 1 1 1 1 1 1 114 565 1 114 1 114 114 1 114 114 565 1 227 114 1 114 114 114 338 114 565 114 1 114 338 1 1 1 114 114 1 114 1 114 1 114 114 1 1 114 114 114 114 451 114 1 565 1 1 227 1 114 114 340 114 227 1 227 114 114 114 114 1 227 114 1 1 227 1 227 451 1 114 227 114 565 112 340 565 338 227 114 227 227 227 227 338 227 1 1 227 114 338 225 227 565 451 114 340 338 451 1 1 1 451 340 114 227 227 114 451 114 227 565 1 340 114 1 114 227 565 1 451 227 338 451 1 227 565 338 114 114 225 114 114 565 340 338 338 1 114 114 114 451 227 1 227 451 227 1 565 565 451 227 227 340 227 565 114 227 227 338 227 451 1 451 451 114 227 114 1 565 451 114 451 565 1 114 227 114 565 1 338 1 1 1 451 114 340 114 114 565 565 227 338 227 227 451 225 227 564 227 340 451 564 451 1 338 451 565 338 114 565 338 338 114 1 227 114 565 114 227 227 451 451 227 340 227 451 451 227 565 338 114 227 565 114 227 1 1 451 114 1 114 451 565 451 451 114 451 340 114 227 451 565 227 114 114 338 114 227 227 1 227 564 453 114 565 565 564 565 1 565 1 340 451 338 114 565 114 564 1 1 338 565 451 1 565 1 451 114 340 114 338 565 564 340 114 565 340 227 1 1 114 1 338 338 340 565 1 564 565 114 1 564 564 564 451 114 114 453 1 338 451 114 564 1 451 340 453 227 451 451 565 227 338 565 114 114 114 564 564 565 565 1 340 451 565 451 114 1 114 1 340 1 451 340 340 227 1 227 338 564 227 227 451 565 453 338 565 564 338 565 227 564 227 451 227 451 340 338 451 338 451 453 451 114 565 451 1 453 340 565 453 564 338 565 340 479 564 451 1 451 1 453 451 564 114 451 338 227 453 227 564 453 114 227 227 565 451 225 340 564 114 564 564 227 451 451 340 1 565 451 340 227 338 114 227 114 227 338 565 451 340 1 1 227 451 451 340 565 565 1 1 338 227 227 1 565 451 453 564 565 451 453 565 565 451 338 338 451 114 114 340 451 340 451 451 565 451 114 451 1 565 565 227 451 227 338 564 227 451 451 564 227 340 225 227 451 340 225 340 340 565 1 227 565 1 225 1 451 564 114 564 1 338 340 564 565 565 1 338 564 227 114 338 114 114 565 453 114 114 1 451 338 565 565 227 114 564 1 114 451 
c [Incremental] Max used label: 565.
c [Incremental] Label 565 is removed from searching.
c [Incremental] Solving for max label = 564:
c [Incremental] Solving duration: 978 ms.
s [Incremental] SAT (label = 564).
c [Incremental] Label assignment: 1 1 1 1 451 1 1 1 1 1 1 564 1 114 1 114 1 1 114 114 1 451 114 114 338 114 114 1 1 1 1 1 1 114 1 1 1 114 1 1 338 451 1 1 225 1 1 1 1 114 227 338 114 1 114 114 1 114 114 564 1 225 114 1 114 114 114 1 114 1 114 1 114 1 1 1 564 114 114 1 114 564 114 564 114 114 1 1 451 114 114 114 1 114 1 451 1 338 564 1 114 114 340 564 227 1 227 114 564 114 114 1 227 114 1 1 227 564 451 114 1 114 227 114 338 2 340 564 1 227 114 227 227 227 227 1 227 338 1 227 564 338 228 227 1 227 114 340 451 451 451 1 1 114 564 564 225 227 114 451 114 227 227 1 340 2 1 114 227 340 1 1 227 338 564 1 227 564 1 114 114 1 114 564 451 340 338 340 1 114 114 114 114 227 1 451 114 227 1 227 114 451 227 227 564 227 340 114 227 564 340 227 451 1 564 341 114 564 114 1 451 114 114 1 340 1 2 227 114 451 451 1 564 564 451 564 564 564 114 114 227 227 227 114 227 227 1 225 227 564 564 338 340 564 114 1 114 227 340 564 114 338 340 451 338 1 451 340 340 114 564 227 112 338 1 564 227 227 338 227 451 338 114 227 451 114 564 1 228 1 340 1 114 1 564 338 341 114 564 340 340 227 453 451 227 114 1 451 114 564 227 1 227 564 1 114 564 227 451 564 1 340 1 340 114 340 114 340 114 451 564 451 341 451 451 451 340 564 340 114 564 114 338 340 564 340 114 340 340 227 1 564 114 225 338 453 340 338 340 564 564 564 1 564 227 453 564 564 451 453 338 451 564 114 228 451 564 340 451 453 451 227 115 114 564 114 114 1 451 227 564 451 228 228 1 1 340 451 114 1 114 1 1 1 227 340 564 227 338 225 564 227 451 227 227 340 564 341 225 564 338 340 227 453 564 227 227 453 340 564 114 453 564 453 564 2 115 227 340 453 340 1 453 228 340 564 1 564 564 564 338 453 340 451 1 1 114 564 115 451 453 451 453 564 114 227 227 564 1 225 1 564 114 114 451 227 564 564 564 338 451 564 340 451 564 340 227 340 227 115 340 114 564 228 564 227 451 338 340 340 564 227 113 338 227 227 451 564 451 564 451 451 1 227 564 451 1 451 451 564 453 564 564 227 340 1 564 340 227 114 225 340 564 340 451 114 227 338 453 564 1 564 451 227 338 338 227 227 338 115 340 340 564 115 114 564 1 1 1 338 453 1 564 1 1 114 454 564 1 453 1 451 338 114 340 114 114 340 453 114 114 338 451 564 451 227 451 114 564 564 114 227 
c [Incremental] Max used label: 564.
c [Incremental] Label 564 is removed from searching.
c [Incremental] Solving for max label = 563:
c [Incremental] Solving duration: 1024 ms.
s [Incremental] SAT (label = 563).
c [Incremental] Label assignment: 1 1 337 1 450 1 1 1 450 1 1 1 563 114 1 114 1 1 114 114 337 1 114 2 1 114 114 1 1 1 1 1 1 114 337 1 1 114 1 1 1 450 1 1 1 1 1 337 1 114 563 224 114 563 114 114 1 563 114 114 1 228 114 563 114 114 114 1 114 1 114 563 114 1 450 1 225 114 114 1 2 563 114 1 114 114 1 1 114 114 114 114 227 114 1 450 1 450 227 1 114 2 341 114 227 1 227 114 114 114 114 1 1 114 1 1 227 1 228 114 337 114 1 114 563 114 340 114 1 227 111 227 227 227 227 1 228 337 1 563 563 114 563 227 1 227 114 563 114 227 563 1 563 450 115 563 227 227 114 1 114 227 227 1 340 337 1 111 227 340 1 1 227 114 227 1 227 227 1 114 114 224 337 114 227 340 1 450 1 114 114 114 114 227 1 227 114 227 563 224 114 450 227 227 1 227 563 1 227 337 450 450 563 1 563 337 563 224 563 224 563 114 1 1 340 224 114 450 2 450 337 1 1 450 1 563 114 450 114 2 227 228 227 337 227 563 227 340 227 337 563 340 341 450 1 1 114 227 340 340 224 341 563 1 114 450 227 337 563 563 227 337 453 563 227 340 450 227 341 227 450 227 450 563 563 114 337 563 450 1 340 1 114 227 227 563 337 563 115 341 340 563 563 1 227 114 227 1 114 227 227 1 227 563 1 114 563 563 563 450 337 340 1 337 1 450 114 340 114 450 450 450 340 227 450 337 340 341 450 114 563 114 366 340 454 340 1 450 563 224 563 340 114 450 450 453 340 341 340 563 1 114 228 450 563 453 450 114 450 337 340 340 227 114 563 1 114 340 1 453 227 227 227 1 337 114 1 1 450 450 563 115 227 114 450 1 563 115 114 1 114 450 563 1 227 340 563 227 450 228 563 450 1 228 563 450 563 450 1 563 337 224 227 453 1 227 1 450 341 228 114 453 563 453 450 1 114 450 340 453 563 1 1 563 340 563 450 479 450 563 340 453 340 453 1 115 114 453 450 450 453 227 454 114 563 1 227 563 563 450 341 563 450 114 563 563 563 563 563 114 563 563 340 563 450 563 227 340 227 450 450 114 563 1 1 227 453 453 340 450 227 453 113 563 227 227 450 114 115 563 453 450 227 450 114 337 563 227 337 563 563 340 563 563 340 337 337 450 1 114 563 340 337 340 227 450 1 1 563 1 1 450 450 227 563 341 563 1 340 114 563 340 563 114 114 227 1 1 450 450 224 1 563 337 337 114 563 563 341 563 1 227 450 114 337 114 114 227 453 114 340 450 340 114 340 114 224 114 563 454 114 1 
c [Incremental] Max used label: 563.
c [Incremental] Label 563 is removed from searching.
c [Incremental] Solving for max label = 562:
c [Incremental] Solving duration: 1830 ms.
s [Incremental] SAT (label = 562).
c [Incremental] Label assignment: 1 562 1 1 1 1 1 223 1 1 1 223 562 114 1 114 1 1 114 114 336 562 114 562 1 449 2 1 1 1 1 1 1 114 1 1 336 114 1 1 562 1 1 1 1 1 1 1 1 114 449 336 114 1 114 114 1 562 114 449 1 227 114 1 114 114 114 1 114 449 114 1 562 223 1 1 223 336 114 1 114 1 114 1 562 114 1 1 114 114 114 114 449 336 1 449 1 1 227 1 114 114 449 114 227 1 223 114 114 114 114 562 227 114 1 1 562 1 227 449 1 114 227 110 1 114 336 449 562 227 114 449 449 227 227 1 227 1 562 227 114 336 227 227 449 227 114 340 336 228 1 449 336 449 340 562 227 227 114 449 114 227 227 1 340 336 562 562 227 340 1 1 227 449 227 336 227 227 223 114 114 223 114 562 227 449 336 1 449 114 114 114 114 449 1 227 114 227 1 227 114 449 227 449 336 227 340 562 227 223 340 449 449 1 223 449 114 227 562 1 336 114 114 1 336 223 114 227 449 562 1 1 1 1 336 449 336 340 114 114 449 1 227 114 336 227 227 562 562 562 562 340 340 562 114 1 336 227 562 1 223 449 340 340 336 1 336 336 562 449 223 227 1 1 227 340 227 562 562 227 449 227 336 227 227 114 562 1 562 114 449 1 336 227 114 449 562 114 562 449 340 110 562 449 227 114 336 340 562 562 227 1 449 562 562 114 1 227 1 114 449 1 1 340 562 449 114 340 114 562 223 449 449 449 449 336 562 336 449 114 340 223 562 340 562 340 562 1 340 336 1 449 114 223 449 114 340 449 340 1 562 114 1 449 562 453 562 562 449 453 1 336 227 562 562 336 1 340 453 1 562 227 449 227 336 110 114 1 449 453 562 114 562 1 340 336 562 223 449 1 114 1 114 1 227 340 223 562 336 223 562 227 562 562 449 340 227 449 562 449 336 562 227 453 562 227 562 449 340 336 114 449 114 562 562 114 562 227 336 562 340 1 453 1 449 562 340 1 562 562 562 449 562 453 1 336 114 562 449 449 453 227 114 114 562 562 227 562 449 562 449 1 114 114 449 227 336 114 336 1 1 562 340 227 562 340 227 340 227 449 449 114 336 227 1 227 336 453 340 340 227 223 1 223 227 449 227 562 562 453 449 449 227 449 114 449 1 223 336 562 227 341 562 336 449 449 449 1 336 110 562 340 1 340 1 114 227 336 562 562 1 227 449 227 340 115 562 1 340 114 340 340 449 110 562 227 1 1 1 449 227 449 562 1 562 114 562 562 449 562 449 453 562 114 562 110 114 562 453 114 223 562 562 114 449 562 227 114 562 227 114 562 
c [Incremental] Max used label: 562.
c [Incremental] Label 562 is removed from searching.
c [Incremental] Solving for max label = 561:
c [Incremental] Solving duration: 1054 ms.
s [Incremental] SAT (label = 561).
c [Incremental] Label assignment: 1 1 448 1 335 1 1 448 448 1 1 222 1 114 1 109 448 1 114 114 1 448 114 448 1 561 448 1 222 561 1 1 1 114 1 1 1 114 1 1 1 1 1 1 448 561 1 1 1 2 561 1 114 1 114 114 1 114 114 561 1 227 109 1 114 114 114 1 114 1 114 1 114 561 1 1 1 114 114 1 114 1 114 448 114 114 1 1 27 114 114 114 1 448 1 448 1 1 448 1 114 114 561 114 227 1 227 114 338 114 335 561 1 114 1 1 448 1 561 114 561 114 227 114 561 114 1 114 335 561 114 561 561 227 227 1 227 1 561 227 114 335 1 227 448 448 114 340 114 222 1 561 1 114 340 561 1 1 114 1 114 561 448 1 340 114 1 561 227 451 1 1 227 335 1 1 227 227 1 114 114 227 2 448 222 340 1 335 561 114 114 114 114 227 1 222 335 448 448 227 561 340 227 561 1 2 561 115 227 228 340 227 340 1 227 335 114 227 114 1 228 114 114 1 340 1 114 561 114 448 1 222 561 1 561 561 114 340 114 114 561 227 227 114 335 227 1 448 227 453 227 561 448 448 114 1 114 222 340 561 561 335 340 335 114 1 227 340 340 114 227 227 222 1 227 561 227 561 340 227 448 561 114 227 561 114 561 1 448 1 1 448 114 1 227 1 335 227 448 448 340 227 227 335 227 114 335 335 114 227 227 561 227 561 561 114 561 561 1 561 1 1 1 335 114 335 114 340 114 561 561 228 340 561 335 1 1 561 448 114 561 114 366 448 335 340 335 561 340 222 561 561 114 1 561 335 340 335 340 561 561 114 1 561 453 453 448 561 448 453 448 340 227 114 448 1 114 340 453 335 227 448 228 227 448 109 114 115 448 453 115 114 561 115 340 448 561 222 114 1 114 448 448 1 227 561 222 561 448 222 335 561 1 561 448 340 561 335 448 453 341 561 227 453 448 227 335 453 340 561 114 335 561 448 448 114 561 227 340 448 340 1 453 561 340 340 340 479 561 222 340 453 340 448 1 335 114 561 140 448 453 448 114 335 335 448 227 340 448 109 1 479 114 114 453 227 561 114 227 1 335 227 340 1 335 340 227 448 227 448 448 114 340 448 1 227 453 114 340 340 561 453 1 561 227 227 227 561 448 561 561 561 253 453 335 448 227 227 448 115 227 561 335 1 561 448 1 561 227 114 1 340 561 561 448 114 227 340 453 448 448 227 561 227 340 561 561 227 448 114 340 340 561 1 561 561 1 448 227 335 227 448 561 227 1 114 561 114 1 227 335 448 340 114 561 109 114 340 453 114 340 1 341 561 114 335 227 114 561 561 114 448 
c [Incremental] Max used label: 561.
c [Incremental] Label 561 is removed from searching.
c [Incremental] Solving for max label = 560:
c [Incremental] Solving duration: 1004 ms.
s [Incremental] SAT (label = 560).
c [Incremental] Label assignment: 1 1 114 560 1 1 1 1 1 1 1 221 1 447 1 114 1 1 114 114 1 560 334 447 447 560 560 334 447 1 447 1 1 334 1 1 1 114 1 1 1 1 1 1 1 1 1 1 1 114 560 1 114 1 114 114 1 447 114 560 1 227 114 1 447 114 114 221 114 1 114 1 114 1 1 1 1 114 447 1 114 1 114 1 114 108 1 1 114 447 114 114 1 447 1 447 1 1 447 560 560 114 560 560 227 1 227 114 447 114 108 560 1 114 1 1 447 1 560 108 1 114 227 114 334 114 1 114 1 227 114 227 227 227 227 221 227 1 560 227 114 114 560 227 560 560 114 340 114 447 1 560 1 114 340 114 227 1 340 1 114 227 447 1 340 447 1 560 227 560 1 1 227 114 1 1 227 560 1 114 114 227 2 447 560 340 1 340 1 114 447 114 114 227 1 447 114 227 447 227 560 114 227 227 114 227 447 114 227 227 340 227 114 1 227 341 114 227 114 1 228 114 114 560 114 1 114 560 114 447 1 221 447 1 560 560 114 340 114 114 560 560 227 114 334 227 1 334 227 560 227 108 447 228 114 1 560 221 340 340 114 334 560 447 334 1 227 114 447 114 227 227 114 447 221 340 227 560 340 227 560 560 114 227 228 114 227 114 454 1 447 447 114 227 221 340 334 227 447 447 340 227 560 114 227 114 334 447 114 227 227 1 227 453 560 114 560 560 1 560 1 340 1 1 114 114 1 340 114 114 1 1 340 227 334 1 221 334 447 114 560 114 366 447 560 560 114 560 447 227 1 334 114 1 114 334 340 334 447 560 334 114 1 560 560 453 560 334 447 560 334 340 227 114 560 1 114 560 453 334 227 334 228 334 447 108 560 340 447 334 453 114 227 115 447 340 560 221 114 1 114 1 447 1 560 340 221 560 454 221 221 453 221 560 447 447 560 114 114 453 334 560 227 1 338 227 227 560 340 560 114 447 447 453 341 114 560 447 340 453 340 1 453 560 340 340 340 479 560 560 340 453 340 453 560 334 114 447 447 447 447 560 221 560 340 447 227 560 447 1 1 560 114 447 560 227 560 114 447 334 228 560 340 334 221 340 227 340 227 447 114 560 340 1 1 560 453 560 340 340 560 453 1 454 227 227 560 114 447 560 560 560 227 560 560 560 227 560 1 560 227 334 334 447 340 453 341 560 227 114 447 340 227 340 560 114 1 340 453 447 340 227 447 227 1 334 560 560 447 114 340 560 227 1 560 560 1 447 334 221 227 447 334 227 447 114 560 1 1 447 1 560 334 114 560 114 227 1 447 334 340 334 341 334 1 1 227 114 560 334 114 447 
c [Incremental] Max used label: 560.
c [Incremental] Label 560 is removed from searching.
c [Incremental] Solving for max label = 559:
c [Incremental] Solving duration: 1093 ms.
s [Incremental] SAT (label = 559).
c [Incremental] Label assignment: 1 559 1 227 1 446 1 1 1 1 1 1 1 446 220 114 1 1 114 559 1 559 2 114 559 559 114 1 1 1 1 1 1 114 1 1 1 114 1 559 1 1 1 1 1 1 1 1 1 114 446 220 114 1 559 114 1 107 114 559 1 227 114 1 559 114 114 220 114 1 114 1 114 559 1 1 1 114 446 1 114 1 114 1 114 114 1 333 114 446 114 114 227 114 1 446 1 1 227 559 333 114 340 114 227 220 227 114 446 114 107 559 220 114 1 1 446 1 559 1 1 114 227 114 1 114 1 114 1 2 114 227 227 227 227 559 227 1 1 446 114 114 559 227 446 227 114 340 333 333 559 559 1 1 340 114 227 1 114 220 114 227 446 1 340 446 1 114 227 559 1 1 227 114 227 1 227 228 333 114 114 227 114 114 227 340 1 333 1 1 114 114 114 227 1 446 114 227 446 227 114 446 227 220 114 227 340 114 227 333 340 227 446 446 227 340 114 227 114 1 446 114 114 559 114 1 114 1 114 446 559 220 1 1 1 446 114 340 114 114 559 227 227 114 227 333 227 340 227 114 227 115 446 227 114 1 114 220 340 340 114 340 340 340 114 1 227 340 446 114 227 227 114 559 227 446 227 227 340 227 446 559 114 227 227 114 227 1 1 446 446 333 114 446 114 340 333 227 227 340 340 559 559 1 227 114 227 340 220 227 228 1 227 559 114 114 333 227 453 333 1 340 1 446 114 333 114 340 114 559 1 1 340 227 333 1 340 340 340 115 559 114 333 446 559 559 114 559 446 446 1 446 114 1 114 333 340 340 340 559 446 559 1 1 1 453 559 114 446 559 341 340 227 114 559 1 114 341 453 333 446 1 227 114 446 114 559 1 340 559 559 559 559 1 1 446 559 559 220 227 114 446 559 1 333 340 559 227 559 559 559 333 559 1 446 446 453 333 559 333 333 559 227 1 559 227 227 559 340 227 114 453 559 453 340 114 559 333 446 454 340 1 453 559 340 446 340 479 333 559 340 453 340 114 559 227 114 454 446 340 454 227 453 1 220 559 227 559 446 446 340 559 114 1 1 227 559 453 446 341 446 559 340 559 559 559 227 340 227 446 220 559 340 1 1 227 453 559 340 340 559 453 1 559 227 227 559 333 559 114 559 559 1 559 559 333 446 227 340 559 453 446 333 559 341 559 333 559 227 114 559 340 333 340 227 114 559 559 453 227 446 340 446 227 446 446 559 559 340 114 340 341 227 1 1 333 1 446 333 333 333 446 559 559 446 559 559 1 340 454 1 559 559 114 559 114 227 114 454 114 114 446 446 1 1 559 227 114 559 1 114 446 
c [Incremental] Max used label: 559.
c [Incremental] Label 559 is removed from searching.
c [Incremental] Solving for max label = 558:
c [Incremental] Solving duration: 1086 ms.
s [Incremental] SAT (label = 558).
c [Incremental] Label assignment: 1 1 332 1 1 1 1 1 1 1 445 1 1 114 1 445 1 1 558 114 1 1 114 114 1 445 114 1 1 558 445 1 1 114 1 1 1 114 558 558 558 558 1 1 1 1 1 1 1 114 227 1 114 1 114 114 1 114 114 114 1 227 114 1 106 114 114 1 114 558 114 558 114 558 1 1 1 114 114 1 114 1 114 1 114 114 1 1 114 114 114 114 445 114 1 114 1 1 445 1 114 558 332 558 227 1 227 445 445 114 114 1 219 114 1 1 227 1 227 558 1 445 219 445 1 114 340 114 1 227 114 227 227 558 227 1 227 1 332 227 114 332 1 227 1 227 114 340 114 558 1 1 332 114 114 558 227 227 114 1 114 445 227 1 340 114 1 114 227 558 1 1 227 114 227 1 227 227 445 114 114 227 114 332 227 558 1 340 1 114 114 445 114 227 1 219 114 227 332 227 558 340 227 445 340 445 340 114 227 445 340 227 445 1 558 340 114 227 332 1 227 114 114 1 340 1 114 558 114 114 1 1 558 1 114 453 114 340 114 114 227 227 227 114 558 227 114 340 227 558 558 445 340 227 558 1 114 114 558 558 558 219 332 340 114 1 227 445 340 114 227 558 114 558 227 340 445 227 1 227 558 227 114 227 227 114 227 1 1 1 340 1 114 227 219 340 332 558 558 340 340 227 453 1 227 114 558 114 340 227 227 1 445 453 453 114 1 227 1 114 1 340 1 340 114 340 114 558 114 227 558 445 114 219 332 114 340 340 340 114 340 558 219 340 227 340 1 558 445 445 1 340 114 1 340 558 340 445 340 1 219 114 445 558 453 453 558 558 445 558 340 340 227 114 1 1 445 340 558 227 558 227 227 1 445 114 1 227 340 558 227 340 227 1 332 558 340 558 445 1 114 558 332 1 227 340 227 219 558 445 332 227 1 227 227 445 453 340 114 445 332 558 227 453 558 1 227 558 340 227 114 453 558 453 340 558 114 445 1 453 332 1 453 558 445 445 558 558 558 332 340 114 558 453 1 453 114 558 445 340 453 332 558 558 332 558 227 558 445 445 558 558 445 114 227 227 332 453 227 445 332 558 340 332 558 332 227 340 227 445 340 114 445 558 558 445 113 558 340 445 558 445 1 558 227 227 558 114 1 445 1 558 332 332 558 114 558 227 340 558 558 445 558 227 340 1 445 558 227 114 445 340 227 340 1 114 1 332 558 106 1 445 445 227 445 445 227 558 445 445 340 340 445 1 227 227 1 1 332 340 558 227 453 332 445 114 453 114 1 558 1 558 558 114 340 114 114 1 453 1 340 340 1 114 114 227 227 340 558 453 114 445 
c [Incremental] Max used label: 558.
c [Incremental] Label 558 is removed from searching.
c [Incremental] Solving for max label = 557:
c [Incremental] Solving duration: 954 ms.
s [Incremental] SAT (label = 557).
c [Incremental] Label assignment: 1 218 1 1 1 1 1 331 1 1 444 1 1 114 1 114 1 1 114 114 1 1 557 114 1 114 114 1 1 331 444 1 1 114 1 1 1 114 1 557 557 1 1 1 1 1 218 1 1 114 557 1 114 1 114 114 1 114 114 2 1 228 114 1 557 114 114 218 114 1 331 1 114 1 1 1 1 114 114 1 114 1 114 1 557 114 1 1 114 114 114 114 444 114 1 2 1 115 557 1 114 557 331 114 557 1 227 444 557 114 105 557 218 114 1 1 228 1 228 114 1 114 114 444 1 444 115 331 1 227 114 227 227 557 227 1 227 1 331 227 114 114 105 227 1 227 114 340 114 331 1 1 557 444 114 557 227 557 340 1 114 227 227 1 340 114 1 114 227 340 1 1 227 114 218 557 227 1 1 114 114 218 444 557 331 113 1 341 1 114 114 114 114 227 1 227 444 227 1 227 114 340 227 444 340 227 340 114 227 227 340 227 444 1 227 444 114 227 331 1 227 114 105 1 340 1 105 227 331 444 1 225 557 1 114 454 444 340 114 114 228 557 227 114 557 227 114 444 227 331 227 218 444 557 331 1 114 227 557 557 557 444 331 331 331 1 1 340 340 114 227 557 114 1 227 340 444 227 557 227 557 557 114 227 227 444 227 114 557 1 444 444 114 557 557 444 218 115 1 340 340 227 453 114 227 114 557 331 340 227 227 1 227 557 453 114 1 227 1 1 1 340 1 340 114 340 114 340 331 557 557 444 331 227 218 557 340 444 340 114 331 114 557 114 1 340 114 557 444 227 1 451 114 1 340 444 340 340 340 444 444 114 444 557 227 453 557 114 444 557 444 340 444 444 1 1 444 340 557 2 227 227 227 1 444 114 1 114 340 557 227 341 227 114 557 557 340 227 218 1 114 1 557 1 227 340 227 218 557 227 444 453 331 227 227 444 557 340 228 114 331 557 227 453 1 1 227 557 340 454 114 453 557 453 557 444 557 444 557 453 331 1 453 557 444 340 340 444 331 557 340 114 340 453 1 453 114 557 557 340 453 557 557 557 340 453 227 557 444 444 1 444 444 114 227 227 557 453 227 1 331 557 340 331 557 331 227 340 227 331 340 114 444 331 1 227 557 114 340 444 557 453 1 114 227 227 557 114 218 227 331 557 331 453 557 1 444 218 331 557 557 444 340 338 340 557 444 557 227 114 444 340 227 340 218 114 557 557 557 1 1 444 444 227 444 557 227 557 444 218 340 340 227 1 227 557 1 1 331 340 557 227 557 557 557 114 453 114 557 557 218 557 557 114 340 114 114 1 453 1 557 444 557 114 444 557 227 444 557 331 114 444 
c [Incremental] Max used label: 557.
c [Incremental] Label 557 is removed from searching.
c [Incremental] Solving for max label = 556:
c [Incremental] Solving duration: 941 ms.
s [Incremental] SAT (label = 556).
c [Incremental] Label assignment: 1 1 1 1 1 1 443 1 1 1 1 1 556 114 1 114 1 1 114 114 330 1 556 114 556 443 114 1 1 1 443 1 1 114 1 1 330 114 1 556 1 1 1 1 1 1 1 1 1 114 556 1 443 556 114 114 1 114 114 443 1 227 114 1 556 330 114 1 114 1 114 1 443 217 1 1 556 330 114 1 114 1 114 1 330 114 1 1 114 114 114 114 217 114 1 330 1 114 227 1 114 556 1 114 227 1 217 443 330 114 114 1 217 114 1 1 227 1 227 114 1 114 227 443 1 114 114 330 1 227 114 227 227 556 227 1 227 1 330 227 114 114 227 217 1 227 114 340 443 443 1 1 556 443 114 556 217 114 340 1 114 227 227 1 340 114 443 114 227 443 1 556 227 114 227 1 227 227 217 114 114 227 114 104 227 556 1 443 1 114 114 114 114 227 1 227 114 227 330 227 114 340 227 443 340 556 340 114 227 556 340 227 443 1 227 443 114 556 330 1 330 114 2 1 340 1 330 227 330 114 1 1 556 1 330 556 443 340 114 114 330 556 227 114 556 227 114 443 227 114 227 114 341 556 2 1 114 217 330 443 556 340 330 340 330 1 227 340 340 443 227 556 104 556 227 340 443 227 556 227 340 556 114 227 227 556 227 1 104 1 443 1 114 227 443 340 556 114 1 340 340 443 453 114 227 114 556 340 217 227 227 1 1 556 453 114 1 227 1 114 1 340 1 556 114 340 114 340 114 453 556 443 1 227 556 556 340 443 340 114 340 227 443 443 228 340 114 556 443 443 1 556 443 1 340 556 340 340 340 217 443 1 443 443 556 453 453 114 443 556 340 330 217 114 556 1 443 340 556 330 227 227 330 114 340 114 1 227 340 556 227 443 227 1 556 556 340 1 556 1 114 1 556 1 227 340 227 217 1 217 330 114 1 227 227 443 556 340 1 453 330 556 227 453 443 1 227 556 340 556 114 453 556 453 443 1 556 443 556 453 330 1 453 443 443 340 340 556 330 556 340 556 330 453 1 453 114 453 443 340 453 217 556 443 217 443 227 556 443 443 556 1 443 114 227 227 556 453 227 340 556 556 340 556 556 330 227 340 227 1 340 114 114 330 1 227 556 556 340 443 556 1 1 217 227 227 556 556 115 114 453 330 227 556 556 330 227 217 1 556 556 330 114 443 340 556 443 217 330 114 443 340 227 340 115 114 443 340 556 227 1 443 443 227 443 556 227 556 330 330 114 340 443 1 227 227 113 1 330 340 556 227 556 556 443 114 453 114 556 556 1 556 556 114 340 114 556 1 453 1 340 443 556 114 1 556 227 114 556 228 340 443 
c [Incremental] Max used label: 556.
c [Incremental] Label 556 is removed from searching.
c [Incremental] Solving for max label = 555:
c [Incremental] Solving duration: 980 ms.
s [Incremental] SAT (label = 555).
c [Incremental] Label assignment: 1 1 1 329 1 1 442 1 1 1 1 1 555 114 1 114 1 1 555 114 216 1 555 329 555 114 329 1 1 442 442 1 1 114 1 1 329 114 1 555 1 1 1 1 1 1 1 1 1 114 555 1 114 216 114 114 1 114 114 114 1 227 114 1 555 442 114 1 114 555 114 114 442 442 1 1 555 2 114 1 1 1 114 555 114 114 1 1 2 114 114 114 216 114 1 114 1 442 329 1 114 555 1 114 227 1 227 442 555 114 114 1 216 114 1 1 227 1 227 114 1 114 227 114 1 114 340 114 1 227 114 227 227 555 227 1 227 1 329 227 114 114 228 227 329 227 114 340 442 442 1 1 216 442 114 555 216 114 340 1 114 442 227 1 340 114 442 114 227 340 1 1 227 114 227 555 227 227 216 114 114 227 114 555 227 340 1 340 1 114 114 114 114 227 1 227 114 227 329 227 114 340 227 442 340 555 340 114 227 555 340 227 442 1 227 115 114 555 329 1 227 114 2 1 340 1 114 227 1 114 1 1 555 1 1 555 2 340 442 114 329 555 227 114 555 227 114 341 227 114 227 114 340 555 103 1 114 227 555 555 555 442 329 341 114 1 227 340 340 114 227 555 103 555 227 340 442 227 340 227 340 227 114 227 227 114 227 1 555 1 340 1 555 227 442 340 1 555 555 340 340 1 453 329 227 114 555 340 340 216 227 1 1 555 453 114 329 227 1 114 1 340 1 442 114 340 114 329 114 453 555 442 1 227 329 555 340 341 340 114 340 555 1 340 227 340 114 555 442 442 1 555 114 1 340 453 340 442 340 442 442 1 442 442 453 453 454 114 442 555 340 555 227 114 329 442 442 340 555 453 227 227 115 114 555 114 1 227 340 555 227 1 227 1 555 555 340 103 227 1 114 1 555 1 227 340 227 216 555 329 1 114 1 227 227 442 555 340 1 453 329 555 227 453 555 1 227 555 340 555 114 453 555 453 555 1 114 442 103 453 329 1 453 442 442 340 340 555 329 555 340 442 340 453 1 453 114 453 115 340 453 329 555 442 114 555 227 555 442 340 442 555 442 114 227 227 329 453 227 340 329 555 340 555 555 329 227 340 227 555 340 114 442 555 1 227 1 329 340 442 555 442 1 228 227 227 555 227 228 114 442 340 442 453 555 227 555 227 1 555 555 216 340 442 340 555 114 340 227 114 442 340 227 340 329 114 442 340 555 329 1 442 442 227 442 555 227 555 329 555 340 340 227 1 227 227 1 1 329 340 555 227 453 555 1 114 453 114 114 555 1 555 555 114 340 103 555 1 453 1 113 340 442 114 1 555 227 114 555 115 114 227 
c [Incremental] Max used label: 555.
c [Incremental] Label 555 is removed from searching.
c [Incremental] Solving for max label = 554:
c [Incremental] Solving duration: 1102 ms.
s [Incremental] SAT (label = 554).
c [Incremental] Label assignment: 1 1 1 328 1 1 441 328 1 1 1 1 554 114 1 114 215 1 114 114 1 554 554 441 554 554 328 1 441 1 441 1 1 114 1 1 1 114 1 554 441 1 1 1 1 1 1 1 1 114 554 1 114 554 114 114 1 114 114 114 1 227 114 1 554 114 114 1 114 554 554 1 114 1 1 1 554 114 114 1 328 1 114 1 114 114 1 1 114 114 114 114 227 114 1 114 1 441 1 1 114 554 328 114 227 1 227 441 554 114 114 554 215 114 1 1 227 1 215 114 1 114 227 114 441 114 1 114 1 227 114 227 227 554 227 1 227 1 328 227 114 114 554 227 215 227 114 340 328 441 1 441 554 441 114 554 215 1 114 1 114 227 215 1 340 114 1 114 227 340 1 1 227 114 1 554 227 227 1 114 114 227 2 114 227 441 1 340 1 114 114 114 114 227 1 328 114 227 328 227 114 340 227 441 340 554 340 114 227 554 340 227 441 1 227 328 114 554 328 1 441 114 441 1 340 1 2 227 114 114 1 1 554 1 554 554 114 340 114 114 227 554 227 114 554 227 114 340 227 114 227 114 340 441 2 1 114 328 554 340 554 341 328 328 328 1 1 340 340 114 227 554 102 554 227 340 441 227 441 227 340 227 114 227 228 114 227 1 454 1 1 1 114 554 441 441 341 554 2 340 340 1 453 114 227 114 554 328 340 227 227 1 441 554 453 114 554 554 1 554 1 340 1 227 114 340 114 340 114 554 554 441 328 227 215 554 340 341 340 114 340 227 366 441 227 340 441 554 441 114 1 554 114 1 340 1 340 115 340 554 441 114 441 441 227 453 554 114 441 554 340 554 115 328 453 1 1 340 554 441 227 227 228 1 328 114 554 227 340 554 227 114 227 115 554 554 340 328 227 1 114 441 554 1 227 340 227 215 454 227 1 453 1 227 227 441 453 340 227 453 328 554 227 453 340 1 227 554 340 554 114 453 554 453 341 554 114 441 340 453 328 1 453 554 441 340 340 479 328 554 340 441 340 453 1 453 114 453 228 340 453 228 554 441 441 441 227 554 441 1 340 479 441 114 227 227 554 453 227 114 341 554 340 554 554 328 227 340 227 228 340 114 441 1 1 227 1 328 340 441 554 453 1 454 227 227 554 227 228 114 554 340 1 554 554 227 114 227 1 554 554 115 441 441 340 554 228 340 227 328 1 340 227 340 228 114 441 340 554 1 1 441 441 227 441 554 227 554 328 441 340 340 227 1 227 227 328 1 328 441 554 227 554 554 340 114 453 114 441 554 1 554 554 114 340 114 554 1 453 1 340 340 341 114 1 554 227 114 554 115 114 227 
c [Incremental] Max used label: 554.
c [Incremental] Label 554 is removed from searching.
c [Incremental] Solving for max label = 553:
c [Incremental] Solving duration: 996 ms.
s [Incremental] SAT (label = 553).
c [Incremental] Label assignment: 1 1 1 327 1 1 440 327 1 1 1 1 553 114 1 327 214 1 114 114 1 114 553 440 553 553 327 1 440 1 440 1 1 114 1 1 1 114 1 553 1 1 1 1 1 1 1 1 1 114 553 1 114 553 114 114 1 114 114 114 1 227 114 1 553 1 114 1 114 553 114 1 114 1 1 1 553 114 114 1 327 1 114 1 114 114 1 1 114 114 114 114 227 114 1 114 1 440 1 1 114 553 327 114 227 1 227 440 553 114 114 553 214 114 1 1 227 1 214 114 1 114 227 114 440 114 1 114 1 227 114 227 227 553 227 1 227 1 327 227 114 327 553 227 1 227 114 340 114 440 1 440 553 440 114 553 214 440 340 1 114 227 214 1 340 114 1 114 227 340 1 440 227 114 1 553 227 227 1 114 114 227 2 114 227 340 1 340 1 114 114 327 114 227 1 327 114 227 327 227 114 340 227 440 340 553 340 114 227 553 340 227 440 1 227 327 114 553 327 1 440 114 440 1 340 1 114 227 114 114 1 1 553 1 553 553 114 340 114 114 227 553 227 114 553 227 114 340 227 114 227 114 340 440 2 1 114 327 553 340 553 341 327 327 114 1 1 340 340 114 227 553 101 553 227 340 440 227 440 227 340 227 114 227 228 114 227 1 454 1 1 1 114 553 440 440 327 553 2 340 340 227 453 1 227 114 553 214 340 227 227 1 440 553 453 114 327 227 1 114 1 340 1 440 114 340 114 553 114 553 553 440 214 214 327 553 340 341 340 114 340 227 440 440 227 340 440 553 440 227 1 553 114 1 340 1 340 115 340 553 440 114 440 440 227 453 553 114 440 553 340 553 327 114 553 1 1 340 553 440 227 227 228 1 440 114 1 227 340 553 227 114 227 115 553 553 340 327 227 1 114 553 553 1 227 340 227 214 553 227 1 114 1 227 227 440 453 340 227 453 327 553 227 453 553 1 227 553 340 553 114 453 553 453 341 553 114 440 340 453 327 1 453 553 440 340 340 553 327 440 1 440 553 453 1 453 114 453 440 340 453 228 553 440 340 553 227 553 440 1 340 553 440 114 227 227 553 453 227 114 341 553 340 553 553 327 227 340 227 440 340 114 440 1 1 227 440 327 340 440 553 1 1 454 227 227 553 114 228 114 553 340 1 553 553 114 553 227 1 553 553 115 440 227 340 553 228 340 227 114 440 340 227 340 228 114 440 340 553 1 1 440 440 227 440 553 227 553 327 440 340 340 327 1 227 227 327 1 327 440 553 227 553 553 440 114 453 114 440 553 1 553 553 114 340 114 553 1 453 1 340 340 341 114 1 553 227 327 553 115 114 227 
c [Incremental] Max used label: 553.
c [Incremental] Label 553 is removed from searching.
c [Incremental] Solving for max label = 552:
c [Incremental] Solving duration: 963 ms.
s [Incremental] SAT (label = 552).
c [Incremental] Label assignment: 1 1 1 326 1 1 439 326 213 1 1 1 552 114 1 326 213 1 114 114 1 114 552 439 552 552 326 1 439 1 439 1 1 114 1 1 1 114 1 552 439 1 1 1 1 1 1 1 1 114 552 1 114 552 114 114 1 114 114 114 1 227 100 1 552 1 114 1 114 552 552 1 114 1 1 1 552 114 114 1 326 1 114 1 114 114 1 1 114 114 114 114 227 114 1 114 1 439 1 1 114 552 326 114 227 1 227 439 552 114 114 552 213 114 1 1 227 1 213 114 1 114 227 114 213 100 1 114 1 227 114 227 227 552 227 1 227 1 326 227 114 326 552 227 1 227 114 340 114 439 1 439 552 439 114 552 213 439 114 1 114 326 213 1 340 114 1 114 227 340 1 439 227 114 326 552 227 227 1 114 114 227 2 114 227 340 1 340 1 114 114 326 114 326 1 326 114 227 326 227 114 340 227 439 340 552 340 114 227 552 340 227 439 1 227 341 114 552 326 1 439 114 439 1 340 1 100 227 114 114 1 1 552 1 552 552 114 340 114 114 227 552 227 114 552 227 114 340 227 114 227 114 340 228 2 1 114 326 552 340 552 341 326 439 114 1 1 340 340 114 227 552 100 552 227 340 439 227 439 227 340 227 114 227 228 114 227 1 454 1 1 1 114 552 439 439 340 552 2 340 340 227 453 1 227 114 552 100 340 227 227 1 439 552 453 114 439 552 1 114 1 340 1 227 114 340 114 552 114 552 552 439 213 213 213 552 340 341 340 114 340 227 439 439 227 340 439 552 439 227 1 552 114 1 340 1 340 115 340 552 439 114 439 439 227 453 552 114 439 552 340 552 326 114 454 1 1 340 552 439 227 227 228 1 326 114 1 227 340 552 227 114 227 115 552 552 340 326 227 1 114 552 552 1 227 340 227 213 552 227 1 453 1 227 227 439 552 340 227 453 326 552 227 453 340 1 227 552 340 552 114 453 552 453 341 552 114 439 340 453 326 1 453 552 439 340 340 552 326 439 1 439 552 453 1 453 114 453 227 340 453 228 552 439 340 552 227 552 439 1 340 552 439 114 227 227 552 453 227 114 341 552 340 552 552 326 227 340 227 213 340 114 439 1 1 227 439 326 340 439 552 1 1 454 227 227 552 114 228 114 552 340 1 552 552 114 552 227 1 552 552 115 439 227 340 552 228 340 227 114 439 340 227 340 228 114 439 340 552 1 1 439 439 227 439 552 227 552 326 439 340 340 326 1 227 227 326 1 326 439 552 227 552 552 326 114 453 114 439 552 1 552 552 114 340 114 552 1 453 1 340 340 341 114 1 552 227 439 552 115 114 227 
c [Incremental] Max used label: 552.
c [Incremental] Label 552 is removed from searching.
c [Incremental] Solving for max label = 551:
c [Incremental] Solving duration: 922 ms.
s [Incremental] SAT (label = 551).
c [Incremental] Label assignment: 1 1 1 325 1 1 438 325 212 1 1 1 551 114 1 325 212 1 114 114 1 114 551 438 551 551 325 1 438 1 438 1 1 114 1 1 1 114 1 551 438 1 1 1 1 1 1 1 1 114 551 1 114 551 114 114 1 114 114 114 1 227 99 1 551 1 114 1 114 551 551 1 114 1 1 1 551 114 114 1 325 1 114 1 114 114 1 1 114 114 114 114 227 114 1 114 1 438 1 1 114 551 325 114 227 1 227 438 551 114 114 551 212 114 1 1 227 1 212 114 1 114 227 114 212 99 1 114 1 227 114 227 227 551 227 1 227 1 325 227 114 325 551 227 1 227 114 340 114 438 1 438 551 438 114 551 212 438 114 1 114 325 212 1 340 114 1 114 227 340 1 438 227 114 325 551 227 227 1 114 114 227 2 114 227 340 1 340 1 114 114 325 114 325 1 325 114 227 325 227 114 340 227 438 340 551 340 114 227 551 340 227 438 1 227 341 114 551 325 1 438 114 438 1 340 1 99 227 114 114 1 1 551 1 551 551 114 340 114 114 227 551 227 114 551 227 114 340 227 114 227 114 340 228 2 1 114 325 551 340 551 341 325 438 114 1 1 340 340 114 227 551 99 551 227 340 438 227 438 227 340 227 114 227 228 114 227 1 454 1 1 1 114 551 438 438 340 551 2 340 340 227 453 1 227 114 551 99 340 227 227 1 438 551 453 114 438 551 1 114 1 340 1 227 114 340 114 551 114 551 551 438 212 212 212 551 340 341 340 114 340 227 438 438 227 340 438 551 438 227 1 551 114 1 340 1 340 115 340 551 438 114 438 438 227 453 551 114 438 551 340 551 325 114 454 1 1 340 551 438 227 227 228 1 325 114 1 227 340 551 227 114 227 115 551 551 340 325 227 1 114 551 551 1 227 340 227 212 551 227 1 453 1 227 227 438 551 340 227 453 325 551 227 453 340 1 227 551 340 551 114 453 551 453 341 551 114 438 340 453 325 1 453 551 438 340 340 551 325 438 1 438 551 453 1 453 114 453 227 340 453 228 551 438 340 551 227 551 438 1 340 551 438 114 227 227 551 453 227 114 341 551 340 551 551 325 227 340 227 212 340 114 438 1 1 227 438 325 340 438 551 1 1 454 227 227 551 114 228 114 551 340 1 551 551 114 551 227 1 551 551 115 438 227 340 551 228 340 227 114 438 340 227 340 228 114 438 340 551 1 1 438 438 227 438 551 227 551 325 438 340 340 325 1 227 227 325 1 325 438 551 227 551 551 325 114 453 114 438 551 1 551 551 114 340 114 551 1 453 1 340 340 341 114 1 551 227 438 551 115 114 227 
c [Incremental] Max used label: 551.
c [Incremental] Label 551 is removed from searching.
c [Incremental] Solving for max label = 550:
c [Incremental] Solving duration: 892 ms.
s [Incremental] SAT (label = 550).
c [Incremental] Label assignment: 1 1 1 324 1 1 437 324 211 1 1 1 550 114 1 324 211 1 114 114 1 114 550 437 550 550 324 1 437 1 437 1 1 114 1 1 1 114 1 550 437 1 1 1 1 1 1 1 1 114 550 1 114 550 114 114 1 114 114 114 1 227 98 1 550 1 114 1 114 550 550 1 114 1 1 1 550 114 114 1 324 1 114 1 114 114 1 1 114 114 114 114 227 114 1 114 1 437 1 1 114 550 324 114 227 1 227 437 550 114 114 550 211 114 1 1 227 1 211 114 1 114 227 114 211 98 1 114 1 227 114 227 227 550 227 1 227 1 324 227 114 324 550 227 1 227 114 340 114 437 1 437 550 437 114 550 211 437 114 1 114 324 211 1 340 114 1 114 227 340 1 437 227 114 324 550 227 227 1 114 114 227 2 114 227 340 1 340 1 114 114 324 114 324 1 324 114 227 324 227 114 340 227 437 340 550 340 114 227 550 340 227 437 1 227 341 114 550 324 1 437 114 437 1 340 1 98 227 114 114 1 1 550 1 550 550 114 340 114 114 227 550 227 114 550 227 114 340 227 114 227 114 340 228 2 1 114 324 550 340 550 341 324 437 114 1 1 340 340 114 227 550 98 550 227 340 437 227 437 227 340 227 114 227 228 114 227 1 454 1 1 1 114 550 437 437 340 550 2 340 340 227 453 1 227 114 550 98 340 227 227 1 437 550 453 114 437 550 1 114 1 340 1 227 114 340 114 550 114 550 550 437 211 211 211 550 340 341 340 114 340 227 437 437 227 340 437 550 437 227 1 550 114 1 340 1 340 115 340 550 437 114 437 437 227 453 550 114 437 550 340 550 324 114 454 1 1 340 550 437 227 227 228 1 324 114 1 227 340 550 227 114 227 115 550 550 340 324 227 1 114 550 550 1 227 340 227 211 550 227 1 453 1 227 227 437 550 340 227 453 324 550 227 453 340 1 227 550 340 550 114 453 550 453 341 550 114 437 340 453 324 1 453 550 437 340 340 550 324 437 1 437 550 453 1 453 114 453 227 340 453 228 550 437 340 550 227 550 437 1 340 550 437 114 227 227 550 453 227 114 341 550 340 550 550 324 227 340 227 211 340 114 437 1 1 227 437 324 340 437 550 1 1 454 227 227 550 114 228 114 550 340 1 550 550 114 550 227 1 550 550 115 437 227 340 550 228 340 227 114 437 340 227 340 228 114 437 340 550 1 1 437 437 227 437 550 227 550 324 437 340 340 324 1 227 227 324 1 324 437 550 227 550 550 324 114 453 114 437 550 1 550 550 114 340 114 550 1 453 1 340 340 341 114 1 550 227 437 550 115 114 227 
c [Incremental] Max used label: 550.
c [Incremental] Label 550 is removed from searching.
c [Incremental] Solving for max label = 549:
c [Incremental] Solving duration: 948 ms.
s [Incremental] SAT (label = 549).
c [Incremental] Label assignment: 1 1 1 323 1 1 436 323 210 1 1 1 549 114 1 323 210 1 114 114 1 114 549 436 549 549 323 1 436 1 436 1 1 114 1 1 1 114 1 549 436 1 1 1 1 1 1 1 1 114 549 1 114 549 114 114 1 114 114 114 1 227 97 1 549 1 114 1 114 549 549 1 114 1 1 1 549 114 114 1 323 1 114 1 114 114 1 1 114 114 114 114 227 114 1 114 1 436 1 1 114 549 323 114 227 1 227 436 549 114 114 549 210 114 1 1 227 1 210 114 1 114 227 114 210 97 1 114 1 227 114 227 227 549 227 1 227 1 323 227 114 323 549 227 1 227 114 340 114 436 1 436 549 436 114 549 210 436 114 1 114 323 210 1 340 114 1 114 227 340 1 436 227 114 323 549 227 227 1 114 114 227 2 114 227 340 1 340 1 114 114 323 114 323 1 323 114 227 323 227 114 340 227 436 340 549 340 114 227 549 340 227 436 1 227 341 114 549 323 1 436 114 436 1 340 1 97 227 114 114 1 1 549 1 549 549 114 340 114 114 227 549 227 114 549 227 114 340 227 114 227 114 340 228 2 1 114 323 549 340 549 341 323 436 114 1 1 340 340 114 227 549 97 549 227 340 436 227 436 227 340 227 114 227 228 114 227 1 454 1 1 1 114 549 436 436 340 549 2 340 340 227 453 1 227 114 549 97 340 227 227 1 436 549 453 114 436 549 1 114 1 340 1 227 114 340 114 549 114 549 549 436 210 210 210 549 340 341 340 114 340 227 436 436 227 340 436 549 436 227 1 549 114 1 340 1 340 115 340 549 436 114 436 436 227 453 549 114 436 549 340 549 323 114 454 1 1 340 549 436 227 227 228 1 323 114 1 227 340 549 227 114 227 115 549 549 340 323 227 1 114 549 549 1 227 340 227 210 549 227 1 453 1 227 227 436 549 340 227 453 323 549 227 453 340 1 227 549 340 549 114 453 549 453 341 549 114 436 340 453 323 1 453 549 436 340 340 549 323 436 1 436 549 453 1 453 114 453 227 340 453 228 549 436 340 549 227 549 436 1 340 549 436 114 227 227 549 453 227 114 341 549 340 549 549 323 227 340 227 210 340 114 436 1 1 227 436 323 340 436 549 1 1 454 227 227 549 114 228 114 549 340 1 549 549 114 549 227 1 549 549 115 436 227 340 549 228 340 227 114 436 340 227 340 228 114 436 340 549 1 1 436 436 227 436 549 227 549 323 436 340 340 323 1 227 227 323 1 323 436 549 227 549 549 323 114 453 114 436 549 1 549 549 114 340 114 549 1 453 1 340 340 341 114 1 549 227 436 549 115 114 227 
c [Incremental] Max used label: 549.
c [Incremental] Label 549 is removed from searching.
c [Incremental] Solving for max label = 548:
c [Incremental] Solving duration: 979 ms.
s [Incremental] SAT (label = 548).
c [Incremental] Label assignment: 1 1 1 322 1 1 435 322 209 1 1 1 548 114 1 322 209 1 114 114 1 114 548 435 548 548 322 1 435 1 435 1 1 114 1 1 1 114 1 548 435 1 1 1 1 1 1 1 1 114 548 1 114 548 114 114 1 114 114 114 1 227 96 1 548 1 114 1 114 548 548 1 114 1 1 1 548 114 114 1 322 1 114 1 114 114 1 1 114 114 114 114 227 114 1 114 1 435 1 1 114 548 322 114 227 1 227 435 548 114 114 548 209 114 1 1 227 1 209 114 1 114 227 114 209 96 1 114 1 227 114 227 227 548 227 1 227 1 322 227 114 322 548 227 1 227 114 340 114 435 1 435 548 435 114 548 209 435 114 1 114 322 209 1 340 114 1 114 227 340 1 435 227 114 322 548 227 227 1 114 114 227 2 114 227 340 1 340 1 114 114 322 114 322 1 322 114 227 322 227 114 340 227 435 340 548 340 114 227 548 340 227 435 1 227 341 114 548 322 1 435 114 435 1 340 1 96 227 114 114 1 1 548 1 548 548 114 340 114 114 227 548 227 114 548 227 114 340 227 114 227 114 340 228 2 1 114 322 548 340 548 341 322 435 114 1 1 340 340 114 227 548 96 548 227 340 435 227 435 227 340 227 114 227 228 114 227 1 454 1 1 1 114 548 435 435 340 548 2 340 340 227 453 1 227 114 548 96 340 227 227 1 435 548 453 114 435 548 1 114 1 340 1 227 114 340 114 548 114 548 548 435 209 209 209 548 340 341 340 114 340 227 435 435 227 340 435 548 435 227 1 548 114 1 340 1 340 115 340 548 435 114 435 435 227 453 548 114 435 548 340 548 322 114 454 1 1 340 548 435 227 227 228 1 322 114 1 227 340 548 227 114 227 115 548 548 340 322 227 1 114 548 548 1 227 340 227 209 548 227 1 453 1 227 227 435 548 340 227 453 322 548 227 453 340 1 227 548 340 548 114 453 548 453 341 548 114 435 340 453 322 1 453 548 435 340 340 548 322 435 1 435 548 453 1 453 114 453 227 340 453 228 548 435 340 548 227 548 435 1 340 548 435 114 227 227 548 453 227 114 341 548 340 548 548 322 227 340 227 209 340 114 435 1 1 227 435 322 340 435 548 1 1 454 227 227 548 114 228 114 548 340 1 548 548 114 548 227 1 548 548 115 435 227 340 548 228 340 227 114 435 340 227 340 228 114 435 340 548 1 1 435 435 227 435 548 227 548 322 435 340 340 322 1 227 227 322 1 322 435 548 227 548 548 322 114 453 114 435 548 1 548 548 114 340 114 548 1 453 1 340 340 341 114 1 548 227 435 548 115 114 227 
c [Incremental] Max used label: 548.
c [Incremental] Label 548 is removed from searching.
c [Incremental] Solving for max label = 547:
c [Incremental] Solving duration: 989 ms.
s [Incremental] SAT (label = 547).
c [Incremental] Label assignment: 1 1 1 321 1 1 434 321 208 1 1 1 547 114 1 321 208 1 114 114 1 114 547 434 547 547 321 1 434 1 434 1 1 114 1 1 1 114 1 547 434 1 1 1 1 1 1 1 1 114 547 1 114 547 114 114 1 114 114 114 1 227 95 1 547 1 114 1 114 547 547 1 114 1 1 1 547 114 114 1 321 1 114 1 114 114 1 1 114 114 114 114 227 114 1 114 1 434 1 1 114 547 321 114 227 1 227 434 547 114 114 547 208 114 1 1 227 1 208 114 1 114 227 114 208 95 1 114 1 227 114 227 227 547 227 1 227 1 321 227 114 321 547 227 1 227 114 340 114 434 1 434 547 434 114 547 208 434 114 1 114 321 208 1 340 114 1 114 227 340 1 434 227 114 321 547 227 227 1 114 114 227 2 114 227 340 1 340 1 114 114 321 114 321 1 321 114 227 321 227 114 340 227 434 340 547 340 114 227 547 340 227 434 1 227 341 114 547 321 1 434 114 434 1 340 1 95 227 114 114 1 1 547 1 547 547 114 340 114 114 227 547 227 114 547 227 114 340 227 114 227 114 340 228 2 1 114 321 547 340 547 341 321 434 114 1 1 340 340 114 227 547 95 547 227 340 434 227 434 227 340 227 114 227 228 114 227 1 454 1 1 1 114 547 434 434 340 547 2 340 340 227 453 1 227 114 547 95 340 227 227 1 434 547 453 114 434 547 1 114 1 340 1 227 114 340 114 547 114 547 547 434 208 208 208 547 340 341 340 114 340 227 434 434 227 340 434 547 434 227 1 547 114 1 340 1 340 115 340 547 434 114 434 434 227 453 547 114 434 547 340 547 321 114 454 1 1 340 547 434 227 227 228 1 321 114 1 227 340 547 227 114 227 115 547 547 340 321 227 1 114 547 547 1 227 340 227 208 547 227 1 453 1 227 227 434 547 340 227 453 321 547 227 453 340 1 227 547 340 547 114 453 547 453 341 547 114 434 340 453 321 1 453 547 434 340 340 547 321 434 1 434 547 453 1 453 114 453 227 340 453 228 547 434 340 547 227 547 434 1 340 547 434 114 227 227 547 453 227 114 341 547 340 547 547 321 227 340 227 208 340 114 434 1 1 227 434 321 340 434 547 1 1 454 227 227 547 114 228 114 547 340 1 547 547 114 547 227 1 547 547 115 434 227 340 547 228 340 227 114 434 340 227 340 228 114 434 340 547 1 1 434 434 227 434 547 227 547 321 434 340 340 321 1 227 227 321 1 321 434 547 227 547 547 321 114 453 114 434 547 1 547 547 114 340 114 547 1 453 1 340 340 341 114 1 547 227 434 547 115 114 227 
c [Incremental] Max used label: 547.
c [Incremental] Label 547 is removed from searching.
c [Incremental] Solving for max label = 546:
c [Incremental] Solving duration: 952 ms.
s [Incremental] SAT (label = 546).
c [Incremental] Label assignment: 1 1 1 320 1 1 433 320 207 1 1 1 546 114 1 320 207 1 114 114 1 114 546 433 546 546 320 1 433 1 433 1 1 114 1 1 1 114 1 546 433 1 1 1 1 1 1 1 1 114 546 1 114 546 114 114 1 114 114 114 1 227 94 1 546 1 114 1 114 546 546 1 114 1 1 1 546 114 114 1 320 1 114 1 114 114 1 1 114 114 114 114 227 114 1 114 1 433 1 1 114 546 320 114 227 1 227 433 546 114 114 546 207 114 1 1 227 1 207 114 1 114 227 114 207 94 1 114 1 227 114 227 227 546 227 1 227 1 320 227 114 320 546 227 1 227 114 340 114 433 1 433 546 433 114 546 207 433 114 1 114 320 207 1 340 114 1 114 227 340 1 433 227 114 320 546 227 227 1 114 114 227 2 114 227 340 1 340 1 114 114 320 114 320 1 320 114 227 320 227 114 340 227 433 340 546 340 114 227 546 340 227 433 1 227 341 114 546 320 1 433 114 433 1 340 1 94 227 114 114 1 1 546 1 546 546 114 340 114 114 227 546 227 114 546 227 114 340 227 114 227 114 340 228 2 1 114 320 546 340 546 341 320 433 114 1 1 340 340 114 227 546 94 546 227 340 433 227 433 227 340 227 114 227 228 114 227 1 454 1 1 1 114 546 433 433 340 546 2 340 340 227 453 1 227 114 546 94 340 227 227 1 433 546 453 114 433 546 1 114 1 340 1 227 114 340 114 546 114 546 546 433 207 207 207 546 340 341 340 114 340 227 433 433 227 340 433 546 433 227 1 546 114 1 340 1 340 115 340 546 433 114 433 433 227 453 546 114 433 546 340 546 320 114 454 1 1 340 546 433 227 227 228 1 320 114 1 227 340 546 227 114 227 115 546 546 340 320 227 1 114 546 546 1 227 340 227 207 546 227 1 453 1 227 227 433 546 340 227 453 320 546 227 453 340 1 227 546 340 546 114 453 546 453 341 546 114 433 340 453 320 1 453 546 433 340 340 546 320 433 1 433 546 453 1 453 114 453 227 340 453 228 546 433 340 546 227 546 433 1 340 546 433 114 227 227 546 453 227 114 341 546 340 546 546 320 227 340 227 207 340 114 433 1 1 227 433 320 340 433 546 1 1 454 227 227 546 114 228 114 546 340 1 546 546 114 546 227 1 546 546 115 433 227 340 546 228 340 227 114 433 340 227 340 228 114 433 340 546 1 1 433 433 227 433 546 227 546 320 433 340 340 320 1 227 227 320 1 320 433 546 227 546 546 320 114 453 114 433 546 1 546 546 114 340 114 546 1 453 1 340 340 341 114 1 546 227 433 546 115 114 227 
c [Incremental] Max used label: 546.
c [Incremental] Label 546 is removed from searching.
c [Incremental] Solving for max label = 545:
c [Incremental] Solving duration: 920 ms.
s [Incremental] SAT (label = 545).
c [Incremental] Label assignment: 1 1 1 319 1 1 432 319 206 1 1 1 545 114 1 319 206 1 114 114 1 114 545 432 545 545 319 1 432 1 432 1 1 114 1 1 1 114 1 545 432 1 1 1 1 1 1 1 1 114 545 1 114 545 114 114 1 114 114 114 1 227 93 1 545 1 114 1 114 545 545 1 114 1 1 1 545 114 114 1 319 1 114 1 114 114 1 1 114 114 114 114 227 114 1 114 1 432 1 1 114 545 319 114 227 1 227 432 545 114 114 545 206 114 1 1 227 1 206 114 1 114 227 114 206 93 1 114 1 227 114 227 227 545 227 1 227 1 319 227 114 319 545 227 1 227 114 340 114 432 1 432 545 432 114 545 206 432 114 1 114 319 206 1 340 114 1 114 227 340 1 432 227 114 319 545 227 227 1 114 114 227 2 114 227 340 1 340 1 114 114 319 114 319 1 319 114 227 319 227 114 340 227 432 340 545 340 114 227 545 340 227 432 1 227 341 114 545 319 1 432 114 432 1 340 1 93 227 114 114 1 1 545 1 545 545 114 340 114 114 227 545 227 114 545 227 114 340 227 114 227 114 340 228 2 1 114 319 545 340 545 341 319 432 114 1 1 340 340 114 227 545 93 545 227 340 432 227 432 227 340 227 114 227 228 114 227 1 454 1 1 1 114 545 432 432 340 545 2 340 340 227 453 1 227 114 545 93 340 227 227 1 432 545 453 114 432 545 1 114 1 340 1 227 114 340 114 545 114 545 545 432 206 206 206 545 340 341 340 114 340 227 432 432 227 340 432 545 432 227 1 545 114 1 340 1 340 115 340 545 432 114 432 432 227 453 545 114 432 545 340 545 319 114 454 1 1 340 545 432 227 227 228 1 319 114 1 227 340 545 227 114 227 115 545 545 340 319 227 1 114 545 545 1 227 340 227 206 545 227 1 453 1 227 227 432 545 340 227 453 319 545 227 453 340 1 227 545 340 545 114 453 545 453 341 545 114 432 340 453 319 1 453 545 432 340 340 545 319 432 1 432 545 453 1 453 114 453 227 340 453 228 545 432 340 545 227 545 432 1 340 545 432 114 227 227 545 453 227 114 341 545 340 545 545 319 227 340 227 206 340 114 432 1 1 227 432 319 340 432 545 1 1 454 227 227 545 114 228 114 545 340 1 545 545 114 545 227 1 545 545 115 432 227 340 545 228 340 227 114 432 340 227 340 228 114 432 340 545 1 1 432 432 227 432 545 227 545 319 432 340 340 319 1 227 227 319 1 319 432 545 227 545 545 319 114 453 114 432 545 1 545 545 114 340 114 545 1 453 1 340 340 341 114 1 545 227 432 545 115 114 227 
c [Incremental] Max used label: 545.
c [Incremental] Label 545 is removed from searching.
c [Incremental] Solving for max label = 544:
c [Incremental] Solving duration: 956 ms.
s [Incremental] SAT (label = 544).
c [Incremental] Label assignment: 1 1 1 318 1 1 431 318 205 1 1 1 544 114 1 318 205 1 114 114 1 114 544 431 544 544 318 1 431 1 431 1 1 114 1 1 1 114 1 544 431 1 1 1 1 1 1 1 1 114 544 1 114 544 114 114 1 114 114 114 1 227 92 1 544 1 114 1 114 544 544 1 114 1 1 1 544 114 114 1 318 1 114 1 114 114 1 1 114 114 114 114 227 114 1 114 1 431 1 1 114 544 318 114 227 1 227 431 544 114 114 544 205 114 1 1 227 1 205 114 1 114 227 114 205 92 1 114 1 227 114 227 227 544 227 1 227 1 318 227 114 318 544 227 1 227 114 340 114 431 1 431 544 431 114 544 205 431 114 1 114 318 205 1 340 114 1 114 227 340 1 431 227 114 318 544 227 227 1 114 114 227 2 114 227 340 1 340 1 114 114 318 114 318 1 318 114 227 318 227 114 340 227 431 340 544 340 114 227 544 340 227 431 1 227 341 114 544 318 1 431 114 431 1 340 1 92 227 114 114 1 1 544 1 544 544 114 340 114 114 227 544 227 114 544 227 114 340 227 114 227 114 340 228 2 1 114 318 544 340 544 341 318 431 114 1 1 340 340 114 227 544 92 544 227 340 431 227 431 227 340 227 114 227 228 114 227 1 454 1 1 1 114 544 431 431 340 544 2 340 340 227 453 1 227 114 544 92 340 227 227 1 431 544 453 114 431 544 1 114 1 340 1 227 114 340 114 544 114 544 544 431 205 205 205 544 340 341 340 114 340 227 431 431 227 340 431 544 431 227 1 544 114 1 340 1 340 115 340 544 431 114 431 431 227 453 544 114 431 544 340 544 318 114 454 1 1 340 544 431 227 227 228 1 318 114 1 227 340 544 227 114 227 115 544 544 340 318 227 1 114 544 544 1 227 340 227 205 544 227 1 453 1 227 227 431 544 340 227 453 318 544 227 453 340 1 227 544 340 544 114 453 544 453 341 544 114 431 340 453 318 1 453 544 431 340 340 544 318 431 1 431 544 453 1 453 114 453 227 340 453 228 544 431 340 544 227 544 431 1 340 544 431 114 227 227 544 453 227 114 341 544 340 544 544 318 227 340 227 205 340 114 431 1 1 227 431 318 340 431 544 1 1 454 227 227 544 114 228 114 544 340 1 544 544 114 544 227 1 544 544 115 431 227 340 544 228 340 227 114 431 340 227 340 228 114 431 340 544 1 1 431 431 227 431 544 227 544 318 431 340 340 318 1 227 227 318 1 318 431 544 227 544 544 318 114 453 114 431 544 1 544 544 114 340 114 544 1 453 1 340 340 341 114 1 544 227 431 544 115 114 227 
c [Incremental] Max used label: 544.
c [Incremental] Label 544 is removed from searching.
c [Incremental] Solving for max label = 543:
c [Incremental] Solving duration: 910 ms.
s [Incremental] SAT (label = 543).
c [Incremental] Label assignment: 1 1 1 317 1 1 430 317 204 1 1 1 543 114 1 317 204 1 114 114 1 114 543 430 543 543 317 1 430 1 430 1 1 114 1 1 1 114 1 543 430 1 1 1 1 1 1 1 1 114 543 1 114 543 114 114 1 114 114 114 1 227 91 1 543 1 114 1 114 543 543 1 114 1 1 1 543 114 114 1 317 1 114 1 114 114 1 1 114 114 114 114 227 114 1 114 1 430 1 1 114 543 317 114 227 1 227 430 543 114 114 543 204 114 1 1 227 1 204 114 1 114 227 114 204 91 1 114 1 227 114 227 227 543 227 1 227 1 317 227 114 317 543 227 1 227 114 340 114 430 1 430 543 430 114 543 204 430 114 1 114 317 204 1 340 114 1 114 227 340 1 430 227 114 317 543 227 227 1 114 114 227 2 114 227 340 1 340 1 114 114 317 114 317 1 317 114 227 317 227 114 340 227 430 340 543 340 114 227 543 340 227 430 1 227 341 114 543 317 1 430 114 430 1 340 1 91 227 114 114 1 1 543 1 543 543 114 340 114 114 227 543 227 114 543 227 114 340 227 114 227 114 340 228 2 1 114 317 543 340 543 341 317 430 114 1 1 340 340 114 227 543 91 543 227 340 430 227 430 227 340 227 114 227 228 114 227 1 454 1 1 1 114 543 430 430 340 543 2 340 340 227 453 1 227 114 543 91 340 227 227 1 430 543 453 114 430 543 1 114 1 340 1 227 114 340 114 543 114 543 543 430 204 204 204 543 340 341 340 114 340 227 430 430 227 340 430 543 430 227 1 543 114 1 340 1 340 115 340 543 430 114 430 430 227 453 543 114 430 543 340 543 317 114 454 1 1 340 543 430 227 227 228 1 317 114 1 227 340 543 227 114 227 115 543 543 340 317 227 1 114 543 543 1 227 340 227 204 543 227 1 453 1 227 227 430 543 340 227 453 317 543 227 453 340 1 227 543 340 543 114 453 543 453 341 543 114 430 340 453 317 1 453 543 430 340 340 543 317 430 1 430 543 453 1 453 114 453 227 340 453 228 543 430 340 543 227 543 430 1 340 543 430 114 227 227 543 453 227 114 341 543 340 543 543 317 227 340 227 204 340 114 430 1 1 227 430 317 340 430 543 1 1 454 227 227 543 114 228 114 543 340 1 543 543 114 543 227 1 543 543 115 430 227 340 543 228 340 227 114 430 340 227 340 228 114 430 340 543 1 1 430 430 227 430 543 227 543 317 430 340 340 317 1 227 227 317 1 317 430 543 227 543 543 317 114 453 114 430 543 1 543 543 114 340 114 543 1 453 1 340 340 341 114 1 543 227 430 543 115 114 227 
c [Incremental] Max used label: 543.
c [Incremental] Label 543 is removed from searching.
c [Incremental] Solving for max label = 542:
c [Incremental] Solving duration: 965 ms.
s [Incremental] SAT (label = 542).
c [Incremental] Label assignment: 1 1 1 316 1 1 429 316 203 1 1 1 542 114 1 316 203 1 114 114 1 114 542 429 542 542 316 1 429 1 429 1 1 114 1 1 1 114 1 542 429 1 1 1 1 1 1 1 1 114 542 1 114 542 114 114 1 114 114 114 1 227 90 1 542 1 114 1 114 542 542 1 114 1 1 1 542 114 114 1 316 1 114 1 114 114 1 1 114 114 114 114 227 114 1 114 1 429 1 1 114 542 316 114 227 1 227 429 542 114 114 542 203 114 1 1 227 1 203 114 1 114 227 114 203 90 1 114 1 227 114 227 227 542 227 1 227 1 316 227 114 316 542 227 1 227 114 340 114 429 1 429 542 429 114 542 203 429 114 1 114 316 203 1 340 114 1 114 227 340 1 429 227 114 316 542 227 227 1 114 114 227 2 114 227 340 1 340 1 114 114 316 114 316 1 316 114 227 316 227 114 340 227 429 340 542 340 114 227 542 340 227 429 1 227 341 114 542 316 1 429 114 429 1 340 1 90 227 114 114 1 1 542 1 542 542 114 340 114 114 227 542 227 114 542 227 114 340 227 114 227 114 340 228 2 1 114 316 542 340 542 341 316 429 114 1 1 340 340 114 227 542 90 542 227 340 429 227 429 227 340 227 114 227 228 114 227 1 454 1 1 1 114 542 429 429 340 542 2 340 340 227 453 1 227 114 542 90 340 227 227 1 429 542 453 114 429 542 1 114 1 340 1 227 114 340 114 542 114 542 542 429 203 203 203 542 340 341 340 114 340 227 429 429 227 340 429 542 429 227 1 542 114 1 340 1 340 115 340 542 429 114 429 429 227 453 542 114 429 542 340 542 316 114 454 1 1 340 542 429 227 227 228 1 316 114 1 227 340 542 227 114 227 115 542 542 340 316 227 1 114 542 542 1 227 340 227 203 542 227 1 453 1 227 227 429 542 340 227 453 316 542 227 453 340 1 227 542 340 542 114 453 542 453 341 542 114 429 340 453 316 1 453 542 429 340 340 542 316 429 1 429 542 453 1 453 114 453 227 340 453 228 542 429 340 542 227 542 429 1 340 542 429 114 227 227 542 453 227 114 341 542 340 542 542 316 227 340 227 203 340 114 429 1 1 227 429 316 340 429 542 1 1 454 227 227 542 114 228 114 542 340 1 542 542 114 542 227 1 542 542 115 429 227 340 542 228 340 227 114 429 340 227 340 228 114 429 340 542 1 1 429 429 227 429 542 227 542 316 429 340 340 316 1 227 227 316 1 316 429 542 227 542 542 316 114 453 114 429 542 1 542 542 114 340 114 542 1 453 1 340 340 341 114 1 542 227 429 542 115 114 227 
c [Incremental] Max used label: 542.
c [Incremental] Label 542 is removed from searching.
c [Incremental] Solving for max label = 541:
c [Incremental] Solving duration: 964 ms.
s [Incremental] SAT (label = 541).
c [Incremental] Label assignment: 1 1 1 315 1 1 428 315 202 1 1 1 541 114 1 315 202 1 114 114 1 114 541 428 541 541 315 1 428 1 428 1 1 114 1 1 1 114 1 541 428 1 1 1 1 1 1 1 1 114 541 1 114 541 114 114 1 114 114 114 1 227 89 1 541 1 114 1 114 541 541 1 114 1 1 1 541 114 114 1 315 1 114 1 114 114 1 1 114 114 114 114 227 114 1 114 1 428 1 1 114 541 315 114 227 1 227 428 541 114 114 541 202 114 1 1 227 1 202 114 1 114 227 114 202 89 1 114 1 227 114 227 227 541 227 1 227 1 315 227 114 315 541 227 1 227 114 340 114 428 1 428 541 428 114 541 202 428 114 1 114 315 202 1 340 114 1 114 227 340 1 428 227 114 315 541 227 227 1 114 114 227 2 114 227 340 1 340 1 114 114 315 114 315 1 315 114 227 315 227 114 340 227 428 340 541 340 114 227 541 340 227 428 1 227 341 114 541 315 1 428 114 428 1 340 1 89 227 114 114 1 1 541 1 541 541 114 340 114 114 227 541 227 114 541 227 114 340 227 114 227 114 340 228 2 1 114 315 541 340 541 341 315 428 114 1 1 340 340 114 227 541 89 541 227 340 428 227 428 227 340 227 114 227 228 114 227 1 454 1 1 1 114 541 428 428 340 541 2 340 340 227 453 1 227 114 541 89 340 227 227 1 428 541 453 114 428 541 1 114 1 340 1 227 114 340 114 541 114 541 541 428 202 202 202 541 340 341 340 114 340 227 428 428 227 340 428 541 428 227 1 541 114 1 340 1 340 115 340 541 428 114 428 428 227 453 541 114 428 541 340 541 315 114 454 1 1 340 541 428 227 227 228 1 315 114 1 227 340 541 227 114 227 115 541 541 340 315 227 1 114 541 541 1 227 340 227 202 541 227 1 453 1 227 227 428 541 340 227 453 315 541 227 453 340 1 227 541 340 541 114 453 541 453 341 541 114 428 340 453 315 1 453 541 428 340 340 541 315 428 1 428 541 453 1 453 114 453 227 340 453 228 541 428 340 541 227 541 428 1 340 541 428 114 227 227 541 453 227 114 341 541 340 541 541 315 227 340 227 202 340 114 428 1 1 227 428 315 340 428 541 1 1 454 227 227 541 114 228 114 541 340 1 541 541 114 541 227 1 541 541 115 428 227 340 541 228 340 227 114 428 340 227 340 228 114 428 340 541 1 1 428 428 227 428 541 227 541 315 428 340 340 315 1 227 227 315 1 315 428 541 227 541 541 315 114 453 114 428 541 1 541 541 114 340 114 541 1 453 1 340 340 341 114 1 541 227 428 541 115 114 227 
c [Incremental] Max used label: 541.
c [Incremental] Label 541 is removed from searching.
c [Incremental] Solving for max label = 540:
c [Incremental] Solving duration: 996 ms.
s [Incremental] SAT (label = 540).
c [Incremental] Label assignment: 1 1 1 314 1 1 427 314 201 1 1 1 540 114 1 314 201 1 114 114 1 114 540 427 540 540 314 1 427 1 427 1 1 114 1 1 1 114 1 540 427 1 1 1 1 1 1 1 1 114 540 1 114 540 114 114 1 114 114 114 1 227 88 1 540 1 114 1 114 540 540 1 114 1 1 1 540 114 114 1 314 1 114 1 114 114 1 1 114 114 114 114 227 114 1 114 1 427 1 1 114 540 314 114 227 1 227 427 540 114 114 540 201 114 1 1 227 1 201 114 1 114 227 114 201 88 1 114 1 227 114 227 227 540 227 1 227 1 314 227 114 314 540 227 1 227 114 340 114 427 1 427 540 427 114 540 201 427 114 1 114 314 201 1 340 114 1 114 227 340 1 427 227 114 314 540 227 227 1 114 114 227 2 114 227 340 1 340 1 114 114 314 114 314 1 314 114 227 314 227 114 340 227 427 340 540 340 114 227 540 340 227 427 1 227 341 114 540 314 1 427 114 427 1 340 1 88 227 114 114 1 1 540 1 540 540 114 340 114 114 227 540 227 114 540 227 114 340 227 114 227 114 340 228 2 1 114 314 540 340 540 341 314 427 114 1 1 340 340 114 227 540 88 540 227 340 427 227 427 227 340 227 114 227 228 114 227 1 454 1 1 1 114 540 427 427 340 540 2 340 340 227 453 1 227 114 540 88 340 227 227 1 427 540 453 114 427 540 1 114 1 340 1 227 114 340 114 540 114 540 540 427 201 201 201 540 340 341 340 114 340 227 427 427 227 340 427 540 427 227 1 540 114 1 340 1 340 115 340 540 427 114 427 427 227 453 540 114 427 540 340 540 314 114 454 1 1 340 540 427 227 227 228 1 314 114 1 227 340 540 227 114 227 115 540 540 340 314 227 1 114 540 540 1 227 340 227 201 540 227 1 453 1 227 227 427 540 340 227 453 314 540 227 453 340 1 227 540 340 540 114 453 540 453 341 540 114 427 340 453 314 1 453 540 427 340 340 540 314 427 1 427 540 453 1 453 114 453 227 340 453 228 540 427 340 540 227 540 427 1 340 540 427 114 227 227 540 453 227 114 341 540 340 540 540 314 227 340 227 201 340 114 427 1 1 227 427 314 340 427 540 1 1 454 227 227 540 114 228 114 540 340 1 540 540 114 540 227 1 540 540 115 427 227 340 540 228 340 227 114 427 340 227 340 228 114 427 340 540 1 1 427 427 227 427 540 227 540 314 427 340 340 314 1 227 227 314 1 314 427 540 227 540 540 314 114 453 114 427 540 1 540 540 114 340 114 540 1 453 1 340 340 341 114 1 540 227 427 540 115 114 227 
c [Incremental] Max used label: 540.
c [Incremental] Label 540 is removed from searching.
c [Incremental] Solving for max label = 539:
c [Incremental] Solving duration: 984 ms.
s [Incremental] SAT (label = 539).
c [Incremental] Label assignment: 1 1 1 313 1 1 426 313 200 1 1 1 539 114 1 313 200 1 114 114 1 114 539 426 539 539 313 1 426 1 426 1 1 114 1 1 1 114 1 539 426 1 1 1 1 1 1 1 1 114 539 1 114 539 114 114 1 114 114 114 1 227 87 1 539 1 114 1 114 539 539 1 114 1 1 1 539 114 114 1 313 1 114 1 114 114 1 1 114 114 114 114 227 114 1 114 1 426 1 1 114 539 313 114 227 1 227 426 539 114 114 539 200 114 1 1 227 1 200 114 1 114 227 114 200 87 1 114 1 227 114 227 227 539 227 1 227 1 313 227 114 313 539 227 1 227 114 340 114 426 1 426 539 426 114 539 200 426 114 1 114 313 200 1 340 114 1 114 227 340 1 426 227 114 313 539 227 227 1 114 114 227 2 114 227 340 1 340 1 114 114 313 114 313 1 313 114 227 313 227 114 340 227 426 340 539 340 114 227 539 340 227 426 1 227 341 114 539 313 1 426 114 426 1 340 1 87 227 114 114 1 1 539 1 539 539 114 340 114 114 227 539 227 114 539 227 114 340 227 114 227 114 340 228 2 1 114 313 539 340 539 341 313 426 114 1 1 340 340 114 227 539 87 539 227 340 426 227 426 227 340 227 114 227 228 114 227 1 454 1 1 1 114 539 426 426 340 539 2 340 340 227 453 1 227 114 539 87 340 227 227 1 426 539 453 114 426 539 1 114 1 340 1 227 114 340 114 539 114 539 539 426 200 200 200 539 340 341 340 114 340 227 426 426 227 340 426 539 426 227 1 539 114 1 340 1 340 115 340 539 426 114 426 426 227 453 539 114 426 539 340 539 313 114 454 1 1 340 539 426 227 227 228 1 313 114 1 227 340 539 227 114 227 115 539 539 340 313 227 1 114 539 539 1 227 340 227 200 539 227 1 453 1 227 227 426 539 340 227 453 313 539 227 453 340 1 227 539 340 539 114 453 539 453 341 539 114 426 340 453 313 1 453 539 426 340 340 539 313 426 1 426 539 453 1 453 114 453 227 340 453 228 539 426 340 539 227 539 426 1 340 539 426 114 227 227 539 453 227 114 341 539 340 539 539 313 227 340 227 200 340 114 426 1 1 227 426 313 340 426 539 1 1 454 227 227 539 114 228 114 539 340 1 539 539 114 539 227 1 539 539 115 426 227 340 539 228 340 227 114 426 340 227 340 228 114 426 340 539 1 1 426 426 227 426 539 227 539 313 426 340 340 313 1 227 227 313 1 313 426 539 227 539 539 313 114 453 114 426 539 1 539 539 114 340 114 539 1 453 1 340 340 341 114 1 539 227 426 539 115 114 227 
c [Incremental] Max used label: 539.
c [Incremental] Label 539 is removed from searching.
c [Incremental] Solving for max label = 538:
c [Incremental] Solving duration: 937 ms.
s [Incremental] SAT (label = 538).
c [Incremental] Label assignment: 1 1 1 312 1 1 425 312 199 1 1 1 538 114 1 312 199 1 114 114 1 114 538 425 538 538 312 1 425 1 425 1 1 114 1 1 1 114 1 538 425 1 1 1 1 1 1 1 1 114 538 1 114 538 114 114 1 114 114 114 1 227 86 1 538 1 114 1 114 538 538 1 114 1 1 1 538 114 114 1 312 1 114 1 114 114 1 1 114 114 114 114 227 114 1 114 1 425 1 1 114 538 312 114 227 1 227 425 538 114 114 538 199 114 1 1 227 1 199 114 1 114 227 114 199 86 1 114 1 227 114 227 227 538 227 1 227 1 312 227 114 312 538 227 1 227 114 340 114 425 1 425 538 425 114 538 199 425 114 1 114 312 199 1 340 114 1 114 227 340 1 425 227 114 312 538 227 227 1 114 114 227 2 114 227 340 1 340 1 114 114 312 114 312 1 312 114 227 312 227 114 340 227 425 340 538 340 114 227 538 340 227 425 1 227 341 114 538 312 1 425 114 425 1 340 1 86 227 114 114 1 1 538 1 538 538 114 340 114 114 227 538 227 114 538 227 114 340 227 114 227 114 340 228 2 1 114 312 538 340 538 341 312 425 114 1 1 340 340 114 227 538 86 538 227 340 425 227 425 227 340 227 114 227 228 114 227 1 454 1 1 1 114 538 425 425 340 538 2 340 340 227 453 1 227 114 538 86 340 227 227 1 425 538 453 114 425 538 1 114 1 340 1 227 114 340 114 538 114 538 538 425 199 199 199 538 340 341 340 114 340 227 425 425 227 340 425 538 425 227 1 538 114 1 340 1 340 115 340 538 425 114 425 425 227 453 538 114 425 538 340 538 312 114 454 1 1 340 538 425 227 227 228 1 312 114 1 227 340 538 227 114 227 115 538 538 340 312 227 1 114 538 538 1 227 340 227 199 538 227 1 453 1 227 227 425 538 340 227 453 312 538 227 453 340 1 227 538 340 538 114 453 538 453 341 538 114 425 340 453 312 1 453 538 425 340 340 538 312 425 1 425 538 453 1 453 114 453 227 340 453 228 538 425 340 538 227 538 425 1 340 538 425 114 227 227 538 453 227 114 341 538 340 538 538 312 227 340 227 199 340 114 425 1 1 227 425 312 340 425 538 1 1 454 227 227 538 114 228 114 538 340 1 538 538 114 538 227 1 538 538 115 425 227 340 538 228 340 227 114 425 340 227 340 228 114 425 340 538 1 1 425 425 227 425 538 227 538 312 425 340 340 312 1 227 227 312 1 312 425 538 227 538 538 312 114 453 114 425 538 1 538 538 114 340 114 538 1 453 1 340 340 341 114 1 538 227 425 538 115 114 227 
c [Incremental] Max used label: 538.
c [Incremental] Label 538 is removed from searching.
c [Incremental] Solving for max label = 537:
c [Incremental] Solving duration: 1006 ms.
s [Incremental] SAT (label = 537).
c [Incremental] Label assignment: 1 1 1 311 1 1 424 311 198 1 1 1 537 114 1 311 198 1 114 114 1 114 537 424 537 537 311 1 424 1 424 1 1 114 1 1 1 114 1 537 424 1 1 1 1 1 1 1 1 114 537 1 114 537 114 114 1 114 114 114 1 227 85 1 537 1 114 1 114 537 537 1 114 1 1 1 537 114 114 1 311 1 114 1 114 114 1 1 114 114 114 114 227 114 1 114 1 424 1 1 114 537 311 114 227 1 227 424 537 114 114 537 198 114 1 1 227 1 198 114 1 114 227 114 198 85 1 114 1 227 114 227 227 537 227 1 227 1 311 227 114 311 537 227 1 227 114 340 114 424 1 424 537 424 114 537 198 424 114 1 114 311 198 1 340 114 1 114 227 340 1 424 227 114 311 537 227 227 1 114 114 227 2 114 227 340 1 340 1 114 114 311 114 311 1 311 114 227 311 227 114 340 227 424 340 537 340 114 227 537 340 227 424 1 227 341 114 537 311 1 424 114 424 1 340 1 85 227 114 114 1 1 537 1 537 537 114 340 114 114 227 537 227 114 537 227 114 340 227 114 227 114 340 228 2 1 114 311 537 340 537 341 311 424 114 1 1 340 340 114 227 537 85 537 227 340 424 227 424 227 340 227 114 227 228 114 227 1 454 1 1 1 114 537 424 424 340 537 2 340 340 227 453 1 227 114 537 85 340 227 227 1 424 537 453 114 424 537 1 114 1 340 1 227 114 340 114 537 114 537 537 424 198 198 198 537 340 341 340 114 340 227 424 424 227 340 424 537 424 227 1 537 114 1 340 1 340 115 340 537 424 114 424 424 227 453 537 114 424 537 340 537 311 114 454 1 1 340 537 424 227 227 228 1 311 114 1 227 340 537 227 114 227 115 537 537 340 311 227 1 114 537 537 1 227 340 227 198 537 227 1 453 1 227 227 424 537 340 227 453 311 537 227 453 340 1 227 537 340 537 114 453 537 453 341 537 114 424 340 453 311 1 453 537 424 340 340 537 311 424 1 424 537 453 1 453 114 453 227 340 453 228 537 424 340 537 227 537 424 1 340 537 424 114 227 227 537 453 227 114 341 537 340 537 537 311 227 340 227 198 340 114 424 1 1 227 424 311 340 424 537 1 1 454 227 227 537 114 228 114 537 340 1 537 537 114 537 227 1 537 537 115 424 227 340 537 228 340 227 114 424 340 227 340 228 114 424 340 537 1 1 424 424 227 424 537 227 537 311 424 340 340 311 1 227 227 311 1 311 424 537 227 537 537 311 114 453 114 424 537 1 537 537 114 340 114 537 1 453 1 340 340 341 114 1 537 227 424 537 115 114 227 
c [Incremental] Max used label: 537.
c [Incremental] Label 537 is removed from searching.
c [Incremental] Solving for max label = 536:
c [Incremental] Solving duration: 1010 ms.
s [Incremental] SAT (label = 536).
c [Incremental] Label assignment: 1 1 1 310 1 1 423 310 197 1 1 1 536 114 1 310 197 1 114 114 1 114 536 423 536 536 310 1 423 1 423 1 1 114 1 1 1 114 1 536 423 1 1 1 1 1 1 1 1 114 536 1 114 536 114 114 1 114 114 114 1 227 84 1 536 1 114 1 114 536 536 1 114 1 1 1 536 114 114 1 310 1 114 1 114 114 1 1 114 114 114 114 227 114 1 114 1 423 1 1 114 536 310 114 227 1 227 423 536 114 114 536 197 114 1 1 227 1 197 114 1 114 227 114 197 84 1 114 1 227 114 227 227 536 227 1 227 1 310 227 114 310 536 227 1 227 114 340 114 423 1 423 536 423 114 536 197 423 114 1 114 310 197 1 340 114 1 114 227 340 1 423 227 114 310 536 227 227 1 114 114 227 2 114 227 340 1 340 1 114 114 310 114 310 1 310 114 227 310 227 114 340 227 423 340 536 340 114 227 536 340 227 423 1 227 341 114 536 310 1 423 114 423 1 340 1 84 227 114 114 1 1 536 1 536 536 114 340 114 114 227 536 227 114 536 227 114 340 227 114 227 114 340 228 2 1 114 310 536 340 536 341 310 423 114 1 1 340 340 114 227 536 84 536 227 340 423 227 423 227 340 227 114 227 228 114 227 1 454 1 1 1 114 536 423 423 340 536 2 340 340 227 453 1 227 114 536 84 340 227 227 1 423 536 453 114 423 536 1 114 1 340 1 227 114 340 114 536 114 536 536 423 197 197 197 536 340 341 340 114 340 227 423 423 227 340 423 536 423 227 1 536 114 1 340 1 340 115 340 536 423 114 423 423 227 453 536 114 423 536 340 536 310 114 454 1 1 340 536 423 227 227 228 1 310 114 1 227 340 536 227 114 227 115 536 536 340 310 227 1 114 536 536 1 227 340 227 197 536 227 1 453 1 227 227 423 536 340 227 453 310 536 227 453 340 1 227 536 340 536 114 453 536 453 341 536 114 423 340 453 310 1 453 536 423 340 340 536 310 423 1 423 536 453 1 453 114 453 227 340 453 228 536 423 340 536 227 536 423 1 340 536 423 114 227 227 536 453 227 114 341 536 340 536 536 310 227 340 227 197 340 114 423 1 1 227 423 310 340 423 536 1 1 454 227 227 536 114 228 114 536 340 1 536 536 114 536 227 1 536 536 115 423 227 340 536 228 340 227 114 423 340 227 340 228 114 423 340 536 1 1 423 423 227 423 536 227 536 310 423 340 340 310 1 227 227 310 1 310 423 536 227 536 536 310 114 453 114 423 536 1 536 536 114 340 114 536 1 453 1 340 340 341 114 1 536 227 423 536 115 114 227 
c [Incremental] Max used label: 536.
c [Incremental] Label 536 is removed from searching.
c [Incremental] Solving for max label = 535:
c [Incremental] Solving duration: 944 ms.
s [Incremental] SAT (label = 535).
c [Incremental] Label assignment: 1 1 1 309 1 1 422 309 196 1 1 1 535 114 1 309 196 1 114 114 1 114 535 422 535 535 309 1 422 1 422 1 1 114 1 1 1 114 1 535 422 1 1 1 1 1 1 1 1 114 535 1 114 535 114 114 1 114 114 114 1 227 83 1 535 1 114 1 114 535 535 1 114 1 1 1 535 114 114 1 309 1 114 1 114 114 1 1 114 114 114 114 227 114 1 114 1 422 1 1 114 535 309 114 227 1 227 422 535 114 114 535 196 114 1 1 227 1 196 114 1 114 227 114 196 83 1 114 1 227 114 227 227 535 227 1 227 1 309 227 114 309 535 227 1 227 114 340 114 422 1 422 535 422 114 535 196 422 114 1 114 309 196 1 340 114 1 114 227 340 1 422 227 114 309 535 227 227 1 114 114 227 2 114 227 340 1 340 1 114 114 309 114 309 1 309 114 227 309 227 114 340 227 422 340 535 340 114 227 535 340 227 422 1 227 341 114 535 309 1 422 114 422 1 340 1 83 227 114 114 1 1 535 1 535 535 114 340 114 114 227 535 227 114 535 227 114 340 227 114 227 114 340 228 2 1 114 309 535 340 535 341 309 422 114 1 1 340 340 114 227 535 83 535 227 340 422 227 422 227 340 227 114 227 228 114 227 1 454 1 1 1 114 535 422 422 340 535 2 340 340 227 453 1 227 114 535 83 340 227 227 1 422 535 453 114 422 535 1 114 1 340 1 227 114 340 114 535 114 535 535 422 196 196 196 535 340 341 340 114 340 227 422 422 227 340 422 535 422 227 1 535 114 1 340 1 340 115 340 535 422 114 422 422 227 453 535 114 422 535 340 535 309 114 454 1 1 340 535 422 227 227 228 1 309 114 1 227 340 535 227 114 227 115 535 535 340 309 227 1 114 535 535 1 227 340 227 196 535 227 1 453 1 227 227 422 535 340 227 453 309 535 227 453 340 1 227 535 340 535 114 453 535 453 341 535 114 422 340 453 309 1 453 535 422 340 340 535 309 422 1 422 535 453 1 453 114 453 227 340 453 228 535 422 340 535 227 535 422 1 340 535 422 114 227 227 535 453 227 114 341 535 340 535 535 309 227 340 227 196 340 114 422 1 1 227 422 309 340 422 535 1 1 454 227 227 535 114 228 114 535 340 1 535 535 114 535 227 1 535 535 115 422 227 340 535 228 340 227 114 422 340 227 340 228 114 422 340 535 1 1 422 422 227 422 535 227 535 309 422 340 340 309 1 227 227 309 1 309 422 535 227 535 535 309 114 453 114 422 535 1 535 535 114 340 114 535 1 453 1 340 340 341 114 1 535 227 422 535 115 114 227 
c [Incremental] Max used label: 535.
c [Incremental] Label 535 is removed from searching.
c [Incremental] Solving for max label = 534:
c [Incremental] Solving duration: 879 ms.
s [Incremental] SAT (label = 534).
c [Incremental] Label assignment: 1 1 1 308 1 1 421 308 195 1 1 1 534 114 1 308 195 1 114 114 1 114 534 421 534 534 308 1 421 1 421 1 1 114 1 1 1 114 1 534 421 1 1 1 1 1 1 1 1 114 534 1 114 534 114 114 1 114 114 114 1 227 82 1 534 1 114 1 114 534 534 1 114 1 1 1 534 114 114 1 308 1 114 1 114 114 1 1 114 114 114 114 227 114 1 114 1 421 1 1 114 534 308 114 227 1 227 421 534 114 114 534 195 114 1 1 227 1 195 114 1 114 227 114 195 82 1 114 1 227 114 227 227 534 227 1 227 1 308 227 114 308 534 227 1 227 114 340 114 421 1 421 534 421 114 534 195 421 114 1 114 308 195 1 340 114 1 114 227 340 1 421 227 114 308 534 227 227 1 114 114 227 2 114 227 340 1 340 1 114 114 308 114 308 1 308 114 227 308 227 114 340 227 421 340 534 340 114 227 534 340 227 421 1 227 341 114 534 308 1 421 114 421 1 340 1 82 227 114 114 1 1 534 1 534 534 114 340 114 114 227 534 227 114 534 227 114 340 227 114 227 114 340 228 2 1 114 308 534 340 534 341 308 421 114 1 1 340 340 114 227 534 82 534 227 340 421 227 421 227 340 227 114 227 228 114 227 1 454 1 1 1 114 534 421 421 340 534 2 340 340 227 453 1 227 114 534 82 340 227 227 1 421 534 453 114 421 534 1 114 1 340 1 227 114 340 114 534 114 534 534 421 195 195 195 534 340 341 340 114 340 227 421 421 227 340 421 534 421 227 1 534 114 1 340 1 340 115 340 534 421 114 421 421 227 453 534 114 421 534 340 534 308 114 454 1 1 340 534 421 227 227 228 1 308 114 1 227 340 534 227 114 227 115 534 534 340 308 227 1 114 534 534 1 227 340 227 195 534 227 1 453 1 227 227 421 534 340 227 453 308 534 227 453 340 1 227 534 340 534 114 453 534 453 341 534 114 421 340 453 308 1 453 534 421 340 340 534 308 421 1 421 534 453 1 453 114 453 227 340 453 228 534 421 340 534 227 534 421 1 340 534 421 114 227 227 534 453 227 114 341 534 340 534 534 308 227 340 227 195 340 114 421 1 1 227 421 308 340 421 534 1 1 454 227 227 534 114 228 114 534 340 1 534 534 114 534 227 1 534 534 115 421 227 340 534 228 340 227 114 421 340 227 340 228 114 421 340 534 1 1 421 421 227 421 534 227 534 308 421 340 340 308 1 227 227 308 1 308 421 534 227 534 534 308 114 453 114 421 534 1 534 534 114 340 114 534 1 453 1 340 340 341 114 1 534 227 421 534 115 114 227 
c [Incremental] Max used label: 534.
c [Incremental] Label 534 is removed from searching.
c [Incremental] Solving for max label = 533:
c [Incremental] Solving duration: 903 ms.
s [Incremental] SAT (label = 533).
c [Incremental] Label assignment: 1 1 1 307 1 1 420 307 194 1 1 1 533 114 1 307 194 1 114 114 1 114 533 420 533 533 307 1 420 1 420 1 1 114 1 1 1 114 1 533 420 1 1 1 1 1 1 1 1 114 533 1 114 533 114 114 1 114 114 114 1 227 81 1 533 1 114 1 114 533 533 1 114 1 1 1 533 114 114 1 307 1 114 1 114 114 1 1 114 114 114 114 227 114 1 114 1 420 1 1 114 533 307 114 227 1 227 420 533 114 114 533 194 114 1 1 227 1 194 114 1 114 227 114 194 81 1 114 1 227 114 227 227 533 227 1 227 1 307 227 114 307 533 227 1 227 114 340 114 420 1 420 533 420 114 533 194 420 114 1 114 307 194 1 340 114 1 114 227 340 1 420 227 114 307 533 227 227 1 114 114 227 2 114 227 340 1 340 1 114 114 307 114 307 1 307 114 227 307 227 114 340 227 420 340 533 340 114 227 533 340 227 420 1 227 341 114 533 307 1 420 114 420 1 340 1 81 227 114 114 1 1 533 1 533 533 114 340 114 114 227 533 227 114 533 227 114 340 227 114 227 114 340 228 2 1 114 307 533 340 533 341 307 420 114 1 1 340 340 114 227 533 81 533 227 340 420 227 420 227 340 227 114 227 228 114 227 1 454 1 1 1 114 533 420 420 340 533 2 340 340 227 453 1 227 114 533 81 340 227 227 1 420 533 453 114 420 533 1 114 1 340 1 227 114 340 114 533 114 533 533 420 194 194 194 533 340 341 340 114 340 227 420 420 227 340 420 533 420 227 1 533 114 1 340 1 340 115 340 533 420 114 420 420 227 453 533 114 420 533 340 533 307 114 454 1 1 340 533 420 227 227 228 1 307 114 1 227 340 533 227 114 227 115 533 533 340 307 227 1 114 533 533 1 227 340 227 194 533 227 1 453 1 227 227 420 533 340 227 453 307 533 227 453 340 1 227 533 340 533 114 453 533 453 341 533 114 420 340 453 307 1 453 533 420 340 340 533 307 420 1 420 533 453 1 453 114 453 227 340 453 228 533 420 340 533 227 533 420 1 340 533 420 114 227 227 533 453 227 114 341 533 340 533 533 307 227 340 227 194 340 114 420 1 1 227 420 307 340 420 533 1 1 454 227 227 533 114 228 114 533 340 1 533 533 114 533 227 1 533 533 115 420 227 340 533 228 340 227 114 420 340 227 340 228 114 420 340 533 1 1 420 420 227 420 533 227 533 307 420 340 340 307 1 227 227 307 1 307 420 533 227 533 533 307 114 453 114 420 533 1 533 533 114 340 114 533 1 453 1 340 340 341 114 1 533 227 420 533 115 114 227 
c [Incremental] Max used label: 533.
c [Incremental] Label 533 is removed from searching.
c [Incremental] Solving for max label = 532:
c [Incremental] Solving duration: 893 ms.
s [Incremental] SAT (label = 532).
c [Incremental] Label assignment: 1 1 1 306 1 1 419 306 193 1 1 1 532 114 1 306 193 1 114 114 1 114 532 419 532 532 306 1 419 1 419 1 1 114 1 1 1 114 1 532 419 1 1 1 1 1 1 1 1 114 532 1 114 532 114 114 1 114 114 114 1 227 80 1 532 1 114 1 114 532 532 1 114 1 1 1 532 114 114 1 306 1 114 1 114 114 1 1 114 114 114 114 227 114 1 114 1 419 1 1 114 532 306 114 227 1 227 419 532 114 114 532 193 114 1 1 227 1 193 114 1 114 227 114 193 80 1 114 1 227 114 227 227 532 227 1 227 1 306 227 114 306 532 227 1 227 114 340 114 419 1 419 532 419 114 532 193 419 114 1 114 306 193 1 340 114 1 114 227 340 1 419 227 114 306 532 227 227 1 114 114 227 2 114 227 340 1 340 1 114 114 306 114 306 1 306 114 227 306 227 114 340 227 419 340 532 340 114 227 532 340 227 419 1 227 341 114 532 306 1 419 114 419 1 340 1 80 227 114 114 1 1 532 1 532 532 114 340 114 114 227 532 227 114 532 227 114 340 227 114 227 114 340 228 2 1 114 306 532 340 532 341 306 419 114 1 1 340 340 114 227 532 80 532 227 340 419 227 419 227 340 227 114 227 228 114 227 1 454 1 1 1 114 532 419 419 340 532 2 340 340 227 453 1 227 114 532 80 340 227 227 1 419 532 453 114 419 532 1 114 1 340 1 227 114 340 114 532 114 532 532 419 193 193 193 532 340 341 340 114 340 227 419 419 227 340 419 532 419 227 1 532 114 1 340 1 340 115 340 532 419 114 419 419 227 453 532 114 419 532 340 532 306 114 454 1 1 340 532 419 227 227 228 1 306 114 1 227 340 532 227 114 227 115 532 532 340 306 227 1 114 532 532 1 227 340 227 193 532 227 1 453 1 227 227 419 532 340 227 453 306 532 227 453 340 1 227 532 340 532 114 453 532 453 341 532 114 419 340 453 306 1 453 532 419 340 340 532 306 419 1 419 532 453 1 453 114 453 227 340 453 228 532 419 340 532 227 532 419 1 340 532 419 114 227 227 532 453 227 114 341 532 340 532 532 306 227 340 227 193 340 114 419 1 1 227 419 306 340 419 532 1 1 454 227 227 532 114 228 114 532 340 1 532 532 114 532 227 1 532 532 115 419 227 340 532 228 340 227 114 419 340 227 340 228 114 419 340 532 1 1 419 419 227 419 532 227 532 306 419 340 340 306 1 227 227 306 1 306 419 532 227 532 532 306 114 453 114 419 532 1 532 532 114 340 114 532 1 453 1 340 340 341 114 1 532 227 419 532 115 114 227 
c [Incremental] Max used label: 532.
c [Incremental] Label 532 is removed from searching.
c [Incremental] Solving for max label = 531:
c [Incremental] Solving duration: 873 ms.
s [Incremental] SAT (label = 531).
c [Incremental] Label assignment: 1 1 1 305 1 1 418 305 192 1 1 1 531 114 1 305 192 1 114 114 1 114 531 418 531 531 305 1 418 1 418 1 1 114 1 1 1 114 1 531 418 1 1 1 1 1 1 1 1 114 531 1 114 531 114 114 1 114 114 114 1 227 79 1 531 1 114 1 114 531 531 1 114 1 1 1 531 114 114 1 305 1 114 1 114 114 1 1 114 114 114 114 227 114 1 114 1 418 1 1 114 531 305 114 227 1 227 418 531 114 114 531 192 114 1 1 227 1 192 114 1 114 227 114 192 79 1 114 1 227 114 227 227 531 227 1 227 1 305 227 114 305 531 227 1 227 114 340 114 418 1 418 531 418 114 531 192 418 114 1 114 305 192 1 340 114 1 114 227 340 1 418 227 114 305 531 227 227 1 114 114 227 2 114 227 340 1 340 1 114 114 305 114 305 1 305 114 227 305 227 114 340 227 418 340 531 340 114 227 531 340 227 418 1 227 341 114 531 305 1 418 114 418 1 340 1 79 227 114 114 1 1 531 1 531 531 114 340 114 114 227 531 227 114 531 227 114 340 227 114 227 114 340 228 2 1 114 305 531 340 531 341 305 418 114 1 1 340 340 114 227 531 79 531 227 340 418 227 418 227 340 227 114 227 228 114 227 1 454 1 1 1 114 531 418 418 340 531 2 340 340 227 453 1 227 114 531 79 340 227 227 1 418 531 453 114 418 531 1 114 1 340 1 227 114 340 114 531 114 531 531 418 192 192 192 531 340 341 340 114 340 227 418 418 227 340 418 531 418 227 1 531 114 1 340 1 340 115 340 531 418 114 418 418 227 453 531 114 418 531 340 531 305 114 454 1 1 340 531 418 227 227 228 1 305 114 1 227 340 531 227 114 227 115 531 531 340 305 227 1 114 531 531 1 227 340 227 192 531 227 1 453 1 227 227 418 531 340 227 453 305 531 227 453 340 1 227 531 340 531 114 453 531 453 341 531 114 418 340 453 305 1 453 531 418 340 340 531 305 418 1 418 531 453 1 453 114 453 227 340 453 228 531 418 340 531 227 531 418 1 340 531 418 114 227 227 531 453 227 114 341 531 340 531 531 305 227 340 227 192 340 114 418 1 1 227 418 305 340 418 531 1 1 454 227 227 531 114 228 114 531 340 1 531 531 114 531 227 1 531 531 115 418 227 340 531 228 340 227 114 418 340 227 340 228 114 418 340 531 1 1 418 418 227 418 531 227 531 305 418 340 340 305 1 227 227 305 1 305 418 531 227 531 531 305 114 453 114 418 531 1 531 531 114 340 114 531 1 453 1 340 340 341 114 1 531 227 418 531 115 114 227 
c [Incremental] Max used label: 531.
c [Incremental] Label 531 is removed from searching.
c [Incremental] Solving for max label = 530:
c [Incremental] Solving duration: 888 ms.
s [Incremental] SAT (label = 530).
c [Incremental] Label assignment: 1 1 1 304 1 1 417 304 191 1 1 1 530 114 1 304 191 1 114 114 1 114 530 417 530 530 304 1 417 1 417 1 1 114 1 1 1 114 1 530 417 1 1 1 1 1 1 1 1 114 530 1 114 530 114 114 1 114 114 114 1 227 78 1 530 1 114 1 114 530 530 1 114 1 1 1 530 114 114 1 304 1 114 1 114 114 1 1 114 114 114 114 227 114 1 114 1 417 1 1 114 530 304 114 227 1 227 417 530 114 114 530 191 114 1 1 227 1 191 114 1 114 227 114 191 78 1 114 1 227 114 227 227 530 227 1 227 1 304 227 114 304 530 227 1 227 114 340 114 417 1 417 530 417 114 530 191 417 114 1 114 304 191 1 340 114 1 114 227 340 1 417 227 114 304 530 227 227 1 114 114 227 2 114 227 340 1 340 1 114 114 304 114 304 1 304 114 227 304 227 114 340 227 417 340 530 340 114 227 530 340 227 417 1 227 341 114 530 304 1 417 114 417 1 340 1 78 227 114 114 1 1 530 1 530 530 114 340 114 114 227 530 227 114 530 227 114 340 227 114 227 114 340 228 2 1 114 304 530 340 530 341 304 417 114 1 1 340 340 114 227 530 78 530 227 340 417 227 417 227 340 227 114 227 228 114 227 1 454 1 1 1 114 530 417 417 340 530 2 340 340 227 453 1 227 114 530 78 340 227 227 1 417 530 453 114 417 530 1 114 1 340 1 227 114 340 114 530 114 530 530 417 191 191 191 530 340 341 340 114 340 227 417 417 227 340 417 530 417 227 1 530 114 1 340 1 340 115 340 530 417 114 417 417 227 453 530 114 417 530 340 530 304 114 454 1 1 340 530 417 227 227 228 1 304 114 1 227 340 530 227 114 227 115 530 530 340 304 227 1 114 530 530 1 227 340 227 191 530 227 1 453 1 227 227 417 530 340 227 453 304 530 227 453 340 1 227 530 340 530 114 453 530 453 341 530 114 417 340 453 304 1 453 530 417 340 340 530 304 417 1 417 530 453 1 453 114 453 227 340 453 228 530 417 340 530 227 530 417 1 340 530 417 114 227 227 530 453 227 114 341 530 340 530 530 304 227 340 227 191 340 114 417 1 1 227 417 304 340 417 530 1 1 454 227 227 530 114 228 114 530 340 1 530 530 114 530 227 1 530 530 115 417 227 340 530 228 340 227 114 417 340 227 340 228 114 417 340 530 1 1 417 417 227 417 530 227 530 304 417 340 340 304 1 227 227 304 1 304 417 530 227 530 530 304 114 453 114 417 530 1 530 530 114 340 114 530 1 453 1 340 340 341 114 1 530 227 417 530 115 114 227 
c [Incremental] Max used label: 530.
c [Incremental] Label 530 is removed from searching.
c [Incremental] Solving for max label = 529:
c [Incremental] Solving duration: 901 ms.
s [Incremental] SAT (label = 529).
c [Incremental] Label assignment: 1 1 1 303 1 1 416 303 190 1 1 1 529 114 1 303 190 1 114 114 1 114 529 416 529 529 303 1 416 1 416 1 1 114 1 1 1 114 1 529 416 1 1 1 1 1 1 1 1 114 529 1 114 529 114 114 1 114 114 114 1 227 77 1 529 1 114 1 114 529 529 1 114 1 1 1 529 114 114 1 303 1 114 1 114 114 1 1 114 114 114 114 227 114 1 114 1 416 1 1 114 529 303 114 227 1 227 416 529 114 114 529 190 114 1 1 227 1 190 114 1 114 227 114 190 77 1 114 1 227 114 227 227 529 227 1 227 1 303 227 114 303 529 227 1 227 114 340 114 416 1 416 529 416 114 529 190 416 114 1 114 303 190 1 340 114 1 114 227 340 1 416 227 114 303 529 227 227 1 114 114 227 2 114 227 340 1 340 1 114 114 303 114 303 1 303 114 227 303 227 114 340 227 416 340 529 340 114 227 529 340 227 416 1 227 341 114 529 303 1 416 114 416 1 340 1 77 227 114 114 1 1 529 1 529 529 114 340 114 114 227 529 227 114 529 227 114 340 227 114 227 114 340 228 2 1 114 303 529 340 529 341 303 416 114 1 1 340 340 114 227 529 77 529 227 340 416 227 416 227 340 227 114 227 228 114 227 1 454 1 1 1 114 529 416 416 340 529 2 340 340 227 453 1 227 114 529 77 340 227 227 1 416 529 453 114 416 529 1 114 1 340 1 227 114 340 114 529 114 529 529 416 190 190 190 529 340 341 340 114 340 227 416 416 227 340 416 529 416 227 1 529 114 1 340 1 340 115 340 529 416 114 416 416 227 453 529 114 416 529 340 529 303 114 454 1 1 340 529 416 227 227 228 1 303 114 1 227 340 529 227 114 227 115 529 529 340 303 227 1 114 529 529 1 227 340 227 190 529 227 1 453 1 227 227 416 529 340 227 453 303 529 227 453 340 1 227 529 340 529 114 453 529 453 341 529 114 416 340 453 303 1 453 529 416 340 340 529 303 416 1 416 529 453 1 453 114 453 227 340 453 228 529 416 340 529 227 529 416 1 340 529 416 114 227 227 529 453 227 114 341 529 340 529 529 303 227 340 227 190 340 114 416 1 1 227 416 303 340 416 529 1 1 454 227 227 529 114 228 114 529 340 1 529 529 114 529 227 1 529 529 115 416 227 340 529 228 340 227 114 416 340 227 340 228 114 416 340 529 1 1 416 416 227 416 529 227 529 303 416 340 340 303 1 227 227 303 1 303 416 529 227 529 529 303 114 453 114 416 529 1 529 529 114 340 114 529 1 453 1 340 340 341 114 1 529 227 416 529 115 114 227 
c [Incremental] Max used label: 529.
c [Incremental] Label 529 is removed from searching.
c [Incremental] Solving for max label = 528:
c [Incremental] Solving duration: 927 ms.
s [Incremental] SAT (label = 528).
c [Incremental] Label assignment: 1 1 1 302 1 1 415 302 189 1 1 1 528 114 1 302 189 1 114 114 1 114 528 415 528 528 302 1 415 1 415 1 1 114 1 1 1 114 1 528 415 1 1 1 1 1 1 1 1 114 528 1 114 528 114 114 1 114 114 114 1 227 76 1 528 1 114 1 114 528 528 1 114 1 1 1 528 114 114 1 302 1 114 1 114 114 1 1 114 114 114 114 227 114 1 114 1 415 1 1 114 528 302 114 227 1 227 415 528 114 114 528 189 114 1 1 227 1 189 114 1 114 227 114 189 76 1 114 1 227 114 227 227 528 227 1 227 1 302 227 114 302 528 227 1 227 114 340 114 415 1 415 528 415 114 528 189 415 114 1 114 302 189 1 340 114 1 114 227 340 1 415 227 114 302 528 227 227 1 114 114 227 2 114 227 340 1 340 1 114 114 302 114 302 1 302 114 227 302 227 114 340 227 415 340 528 340 114 227 528 340 227 415 1 227 341 114 528 302 1 415 114 415 1 340 1 76 227 114 114 1 1 528 1 528 528 114 340 114 114 227 528 227 114 528 227 114 340 227 114 227 114 340 228 2 1 114 302 528 340 528 341 302 415 114 1 1 340 340 114 227 528 76 528 227 340 415 227 415 227 340 227 114 227 228 114 227 1 454 1 1 1 114 528 415 415 340 528 2 340 340 227 453 1 227 114 528 76 340 227 227 1 415 528 453 114 415 528 1 114 1 340 1 227 114 340 114 528 114 528 528 415 189 189 189 528 340 341 340 114 340 227 415 415 227 340 415 528 415 227 1 528 114 1 340 1 340 115 340 528 415 114 415 415 227 453 528 114 415 528 340 528 302 114 454 1 1 340 528 415 227 227 228 1 302 114 1 227 340 528 227 114 227 115 528 528 340 302 227 1 114 528 528 1 227 340 227 189 528 227 1 453 1 227 227 415 528 340 227 453 302 528 227 453 340 1 227 528 340 528 114 453 528 453 341 528 114 415 340 453 302 1 453 528 415 340 340 528 302 415 1 415 528 453 1 453 114 453 227 340 453 228 528 415 340 528 227 528 415 1 340 528 415 114 227 227 528 453 227 114 341 528 340 528 528 302 227 340 227 189 340 114 415 1 1 227 415 302 340 415 528 1 1 454 227 227 528 114 228 114 528 340 1 528 528 114 528 227 1 528 528 115 415 227 340 528 228 340 227 114 415 340 227 340 228 114 415 340 528 1 1 415 415 227 415 528 227 528 302 415 340 340 302 1 227 227 302 1 302 415 528 227 528 528 302 114 453 114 415 528 1 528 528 114 340 114 528 1 453 1 340 340 341 114 1 528 227 415 528 115 114 227 
c [Incremental] Max used label: 528.
c [Incremental] Label 528 is removed from searching.
c [Incremental] Solving for max label = 527:
c [Incremental] Solving duration: 935 ms.
s [Incremental] SAT (label = 527).
c [Incremental] Label assignment: 1 1 1 301 1 1 414 301 188 1 1 1 527 114 1 301 188 1 114 114 1 114 527 414 527 527 301 1 414 1 414 1 1 114 1 1 1 114 1 527 414 1 1 1 1 1 1 1 1 114 527 1 114 527 114 114 1 114 114 114 1 227 75 1 527 1 114 1 114 527 527 1 114 1 1 1 527 114 114 1 301 1 114 1 114 114 1 1 114 114 114 114 227 114 1 114 1 414 1 1 114 527 301 114 227 1 227 414 527 114 114 527 188 114 1 1 227 1 188 114 1 114 227 114 188 75 1 114 1 227 114 227 227 527 227 1 227 1 301 227 114 301 527 227 1 227 114 340 114 414 1 414 527 414 114 527 188 414 114 1 114 301 188 1 340 114 1 114 227 340 1 414 227 114 301 527 227 227 1 114 114 227 2 114 227 340 1 340 1 114 114 301 114 301 1 301 114 227 301 227 114 340 227 414 340 527 340 114 227 527 340 227 414 1 227 341 114 527 301 1 414 114 414 1 340 1 75 227 114 114 1 1 527 1 527 527 114 340 114 114 227 527 227 114 527 227 114 340 227 114 227 114 340 228 2 1 114 301 527 340 527 341 301 414 114 1 1 340 340 114 227 527 75 527 227 340 414 227 414 227 340 227 114 227 228 114 227 1 454 1 1 1 114 527 414 414 340 527 2 340 340 227 453 1 227 114 527 75 340 227 227 1 414 527 453 114 414 527 1 114 1 340 1 227 114 340 114 527 114 527 527 414 188 188 188 527 340 341 340 114 340 227 414 414 227 340 414 527 414 227 1 527 114 1 340 1 340 115 340 527 414 114 414 414 227 453 527 114 414 527 340 527 301 114 454 1 1 340 527 414 227 227 228 1 301 114 1 227 340 527 227 114 227 115 527 527 340 301 227 1 114 527 527 1 227 340 227 188 527 227 1 453 1 227 227 414 527 340 227 453 301 527 227 453 340 1 227 527 340 527 114 453 527 453 341 527 114 414 340 453 301 1 453 527 414 340 340 527 301 414 1 414 527 453 1 453 114 453 227 340 453 228 527 414 340 527 227 527 414 1 340 527 414 114 227 227 527 453 227 114 341 527 340 527 527 301 227 340 227 188 340 114 414 1 1 227 414 301 340 414 527 1 1 454 227 227 527 114 228 114 527 340 1 527 527 114 527 227 1 527 527 115 414 227 340 527 228 340 227 114 414 340 227 340 228 114 414 340 527 1 1 414 414 227 414 527 227 527 301 414 340 340 301 1 227 227 301 1 301 414 527 227 527 527 301 114 453 114 414 527 1 527 527 114 340 114 527 1 453 1 340 340 341 114 1 527 227 414 527 115 114 227 
c [Incremental] Max used label: 527.
c [Incremental] Label 527 is removed from searching.
c [Incremental] Solving for max label = 526:
c [Incremental] Solving duration: 969 ms.
s [Incremental] SAT (label = 526).
c [Incremental] Label assignment: 1 1 1 300 1 1 413 300 187 1 1 1 526 114 1 300 187 1 114 114 1 114 526 413 526 526 300 1 413 1 413 1 1 114 1 1 1 114 1 526 413 1 1 1 1 1 1 1 1 114 526 1 114 526 114 114 1 114 114 114 1 227 74 1 526 1 114 1 114 526 526 1 114 1 1 1 526 114 114 1 300 1 114 1 114 114 1 1 114 114 114 114 227 114 1 114 1 413 1 1 114 526 300 114 227 1 227 413 526 114 114 526 187 114 1 1 227 1 187 114 1 114 227 114 187 74 1 114 1 227 114 227 227 526 227 1 227 1 300 227 114 300 526 227 1 227 114 340 114 413 1 413 526 413 114 526 187 413 114 1 114 300 187 1 340 114 1 114 227 340 1 413 227 114 300 526 227 227 1 114 114 227 2 114 227 340 1 340 1 114 114 300 114 300 1 300 114 227 300 227 114 340 227 413 340 526 340 114 227 526 340 227 413 1 227 341 114 526 300 1 413 114 413 1 340 1 74 227 114 114 1 1 526 1 526 526 114 340 114 114 227 526 227 114 526 227 114 340 227 114 227 114 340 228 2 1 114 300 526 340 526 341 300 413 114 1 1 340 340 114 227 526 74 526 227 340 413 227 413 227 340 227 114 227 228 114 227 1 454 1 1 1 114 526 413 413 340 526 2 340 340 227 453 1 227 114 526 74 340 227 227 1 413 526 453 114 413 526 1 114 1 340 1 227 114 340 114 526 114 526 526 413 187 187 187 526 340 341 340 114 340 227 413 413 227 340 413 526 413 227 1 526 114 1 340 1 340 115 340 526 413 114 413 413 227 453 526 114 413 526 340 526 300 114 454 1 1 340 526 413 227 227 228 1 300 114 1 227 340 526 227 114 227 115 526 526 340 300 227 1 114 526 526 1 227 340 227 187 526 227 1 453 1 227 227 413 526 340 227 453 300 526 227 453 340 1 227 526 340 526 114 453 526 453 341 526 114 413 340 453 300 1 453 526 413 340 340 526 300 413 1 413 526 453 1 453 114 453 227 340 453 228 526 413 340 526 227 526 413 1 340 526 413 114 227 227 526 453 227 114 341 526 340 526 526 300 227 340 227 187 340 114 413 1 1 227 413 300 340 413 526 1 1 454 227 227 526 114 228 114 526 340 1 526 526 114 526 227 1 526 526 115 413 227 340 526 228 340 227 114 413 340 227 340 228 114 413 340 526 1 1 413 413 227 413 526 227 526 300 413 340 340 300 1 227 227 300 1 300 413 526 227 526 526 300 114 453 114 413 526 1 526 526 114 340 114 526 1 453 1 340 340 341 114 1 526 227 413 526 115 114 227 
c [Incremental] Max used label: 526.
c [Incremental] Label 526 is removed from searching.
c [Incremental] Solving for max label = 525:
c [Incremental] Solving duration: 984 ms.
s [Incremental] SAT (label = 525).
c [Incremental] Label assignment: 1 1 1 299 1 1 412 299 186 1 1 1 525 114 1 299 186 1 114 114 1 114 525 412 525 525 299 1 412 1 412 1 1 114 1 1 1 114 1 525 412 1 1 1 1 1 1 1 1 114 525 1 114 525 114 114 1 114 114 114 1 227 73 1 525 1 114 1 114 525 525 1 114 1 1 1 525 114 114 1 299 1 114 1 114 114 1 1 114 114 114 114 227 114 1 114 1 412 1 1 114 525 299 114 227 1 227 412 525 114 114 525 186 114 1 1 227 1 186 114 1 114 227 114 186 73 1 114 1 227 114 227 227 525 227 1 227 1 299 227 114 299 525 227 1 227 114 340 114 412 1 412 525 412 114 525 186 412 114 1 114 299 186 1 340 114 1 114 227 340 1 412 227 114 299 525 227 227 1 114 114 227 2 114 227 340 1 340 1 114 114 299 114 299 1 299 114 227 299 227 114 340 227 412 340 525 340 114 227 525 340 227 412 1 227 341 114 525 299 1 412 114 412 1 340 1 73 227 114 114 1 1 525 1 525 525 114 340 114 114 227 525 227 114 525 227 114 340 227 114 227 114 340 228 2 1 114 299 525 340 525 341 299 412 114 1 1 340 340 114 227 525 73 525 227 340 412 227 412 227 340 227 114 227 228 114 227 1 454 1 1 1 114 525 412 412 340 525 2 340 340 227 453 1 227 114 525 73 340 227 227 1 412 525 453 114 412 525 1 114 1 340 1 227 114 340 114 525 114 525 525 412 186 186 186 525 340 341 340 114 340 227 412 412 227 340 412 525 412 227 1 525 114 1 340 1 340 115 340 525 412 114 412 412 227 453 525 114 412 525 340 525 299 114 454 1 1 340 525 412 227 227 228 1 299 114 1 227 340 525 227 114 227 115 525 525 340 299 227 1 114 525 525 1 227 340 227 186 525 227 1 453 1 227 227 412 525 340 227 453 299 525 227 453 340 1 227 525 340 525 114 453 525 453 341 525 114 412 340 453 299 1 453 525 412 340 340 525 299 412 1 412 525 453 1 453 114 453 227 340 453 228 525 412 340 525 227 525 412 1 340 525 412 114 227 227 525 453 227 114 341 525 340 525 525 299 227 340 227 186 340 114 412 1 1 227 412 299 340 412 525 1 1 454 227 227 525 114 228 114 525 340 1 525 525 114 525 227 1 525 525 115 412 227 340 525 228 340 227 114 412 340 227 340 228 114 412 340 525 1 1 412 412 227 412 525 227 525 299 412 340 340 299 1 227 227 299 1 299 412 525 227 525 525 299 114 453 114 412 525 1 525 525 114 340 114 525 1 453 1 340 340 341 114 1 525 227 412 525 115 114 227 
c [Incremental] Max used label: 525.
c [Incremental] Label 525 is removed from searching.
c [Incremental] Solving for max label = 524:
c [Incremental] Solving duration: 966 ms.
s [Incremental] SAT (label = 524).
c [Incremental] Label assignment: 1 1 1 298 1 1 411 298 185 1 1 1 524 114 1 298 185 1 114 114 1 114 524 411 524 524 298 1 411 1 411 1 1 114 1 1 1 114 1 524 411 1 1 1 1 1 1 1 1 114 524 1 114 524 114 114 1 114 114 114 1 227 72 1 524 1 114 1 114 524 524 1 114 1 1 1 524 114 114 1 298 1 114 1 114 114 1 1 114 114 114 114 227 114 1 114 1 411 1 1 114 524 298 114 227 1 227 411 524 114 114 524 185 114 1 1 227 1 185 114 1 114 227 114 185 72 1 114 1 227 114 227 227 524 227 1 227 1 298 227 114 298 524 227 1 227 114 340 114 411 1 411 524 411 114 524 185 411 114 1 114 298 185 1 340 114 1 114 227 340 1 411 227 114 298 524 227 227 1 114 114 227 2 114 227 340 1 340 1 114 114 298 114 298 1 298 114 227 298 227 114 340 227 411 340 524 340 114 227 524 340 227 411 1 227 341 114 524 298 1 411 114 411 1 340 1 72 227 114 114 1 1 524 1 524 524 114 340 114 114 227 524 227 114 524 227 114 340 227 114 227 114 340 228 2 1 114 298 524 340 524 341 298 411 114 1 1 340 340 114 227 524 72 524 227 340 411 227 411 227 340 227 114 227 228 114 227 1 454 1 1 1 114 524 411 411 340 524 2 340 340 227 453 1 227 114 524 72 340 227 227 1 411 524 453 114 411 524 1 114 1 340 1 227 114 340 114 524 114 524 524 411 185 185 185 524 340 341 340 114 340 227 411 411 227 340 411 524 411 227 1 524 114 1 340 1 340 115 340 524 411 114 411 411 227 453 524 114 411 524 340 524 298 114 454 1 1 340 524 411 227 227 228 1 298 114 1 227 340 524 227 114 227 115 524 524 340 298 227 1 114 524 524 1 227 340 227 185 524 227 1 453 1 227 227 411 524 340 227 453 298 524 227 453 340 1 227 524 340 524 114 453 524 453 341 524 114 411 340 453 298 1 453 524 411 340 340 524 298 411 1 411 524 453 1 453 114 453 227 340 453 228 524 411 340 524 227 524 411 1 340 524 411 114 227 227 524 453 227 114 341 524 340 524 524 298 227 340 227 185 340 114 411 1 1 227 411 298 340 411 524 1 1 454 227 227 524 114 228 114 524 340 1 524 524 114 524 227 1 524 524 115 411 227 340 524 228 340 227 114 411 340 227 340 228 114 411 340 524 1 1 411 411 227 411 524 227 524 298 411 340 340 298 1 227 227 298 1 298 411 524 227 524 524 298 114 453 114 411 524 1 524 524 114 340 114 524 1 453 1 340 340 341 114 1 524 227 411 524 115 114 227 
c [Incremental] Max used label: 524.
c [Incremental] Label 524 is removed from searching.
c [Incremental] Solving for max label = 523:
c [Incremental] Solving duration: 957 ms.
s [Incremental] SAT (label = 523).
c [Incremental] Label assignment: 1 1 1 297 1 1 410 297 184 1 1 1 523 114 1 297 184 1 114 114 1 114 523 410 523 523 297 1 410 1 410 1 1 114 1 1 1 114 1 523 410 1 1 1 1 1 1 1 1 114 523 1 114 523 114 114 1 114 114 114 1 227 71 1 523 1 114 1 114 523 523 1 114 1 1 1 523 114 114 1 297 1 114 1 114 114 1 1 114 114 114 114 227 114 1 114 1 410 1 1 114 523 297 114 227 1 227 410 523 114 114 523 184 114 1 1 227 1 184 114 1 114 227 114 184 71 1 114 1 227 114 227 227 523 227 1 227 1 297 227 114 297 523 227 1 227 114 340 114 410 1 410 523 410 114 523 184 410 114 1 114 297 184 1 340 114 1 114 227 340 1 410 227 114 297 523 227 227 1 114 114 227 2 114 227 340 1 340 1 114 114 297 114 297 1 297 114 227 297 227 114 340 227 410 340 523 340 114 227 523 340 227 410 1 227 341 114 523 297 1 410 114 410 1 340 1 71 227 114 114 1 1 523 1 523 523 114 340 114 114 227 523 227 114 523 227 114 340 227 114 227 114 340 228 2 1 114 297 523 340 523 341 297 410 114 1 1 340 340 114 227 523 71 523 227 340 410 227 410 227 340 227 114 227 228 114 227 1 454 1 1 1 114 523 410 410 340 523 2 340 340 227 453 1 227 114 523 71 340 227 227 1 410 523 453 114 410 523 1 114 1 340 1 227 114 340 114 523 114 523 523 410 184 184 184 523 340 341 340 114 340 227 410 410 227 340 410 523 410 227 1 523 114 1 340 1 340 115 340 523 410 114 410 410 227 453 523 114 410 523 340 523 297 114 454 1 1 340 523 410 227 227 228 1 297 114 1 227 340 523 227 114 227 115 523 523 340 297 227 1 114 523 523 1 227 340 227 184 523 227 1 453 1 227 227 410 523 340 227 453 297 523 227 453 340 1 227 523 340 523 114 453 523 453 341 523 114 410 340 453 297 1 453 523 410 340 340 523 297 410 1 410 523 453 1 453 114 453 227 340 453 228 523 410 340 523 227 523 410 1 340 523 410 114 227 227 523 453 227 114 341 523 340 523 523 297 227 340 227 184 340 114 410 1 1 227 410 297 340 410 523 1 1 454 227 227 523 114 228 114 523 340 1 523 523 114 523 227 1 523 523 115 410 227 340 523 228 340 227 114 410 340 227 340 228 114 410 340 523 1 1 410 410 227 410 523 227 523 297 410 340 340 297 1 227 227 297 1 297 410 523 227 523 523 297 114 453 114 410 523 1 523 523 114 340 114 523 1 453 1 340 340 341 114 1 523 227 410 523 115 114 227 
c [Incremental] Max used label: 523.
c [Incremental] Label 523 is removed from searching.
c [Incremental] Solving for max label = 522:
c [Incremental] Solving duration: 986 ms.
s [Incremental] SAT (label = 522).
c [Incremental] Label assignment: 1 1 1 296 1 1 409 296 183 1 1 1 522 114 1 296 183 1 114 114 1 114 522 409 522 522 296 1 409 1 409 1 1 114 1 1 1 114 1 522 409 1 1 1 1 1 1 1 1 114 522 1 114 522 114 114 1 114 114 114 1 227 70 1 522 1 114 1 114 522 522 1 114 1 1 1 522 114 114 1 296 1 114 1 114 114 1 1 114 114 114 114 227 114 1 114 1 409 1 1 114 522 296 114 227 1 227 409 522 114 114 522 183 114 1 1 227 1 183 114 1 114 227 114 183 70 1 114 1 227 114 227 227 522 227 1 227 1 296 227 114 296 522 227 1 227 114 340 114 409 1 409 522 409 114 522 183 409 114 1 114 296 183 1 340 114 1 114 227 340 1 409 227 114 296 522 227 227 1 114 114 227 2 114 227 340 1 340 1 114 114 296 114 296 1 296 114 227 296 227 114 340 227 409 340 522 340 114 227 522 340 227 409 1 227 341 114 522 296 1 409 114 409 1 340 1 70 227 114 114 1 1 522 1 522 522 114 340 114 114 227 522 227 114 522 227 114 340 227 114 227 114 340 228 2 1 114 296 522 340 522 341 296 409 114 1 1 340 340 114 227 522 70 522 227 340 409 227 409 227 340 227 114 227 228 114 227 1 454 1 1 1 114 522 409 409 340 522 2 340 340 227 453 1 227 114 522 70 340 227 227 1 409 522 453 114 409 522 1 114 1 340 1 227 114 340 114 522 114 522 522 409 183 183 183 522 340 341 340 114 340 227 409 409 227 340 409 522 409 227 1 522 114 1 340 1 340 115 340 522 409 114 409 409 227 453 522 114 409 522 340 522 296 114 454 1 1 340 522 409 227 227 228 1 296 114 1 227 340 522 227 114 227 115 522 522 340 296 227 1 114 522 522 1 227 340 227 183 522 227 1 453 1 227 227 409 522 340 227 453 296 522 227 453 340 1 227 522 340 522 114 453 522 453 341 522 114 409 340 453 296 1 453 522 409 340 340 522 296 409 1 409 522 453 1 453 114 453 227 340 453 228 522 409 340 522 227 522 409 1 340 522 409 114 227 227 522 453 227 114 341 522 340 522 522 296 227 340 227 183 340 114 409 1 1 227 409 296 340 409 522 1 1 454 227 227 522 114 228 114 522 340 1 522 522 114 522 227 1 522 522 115 409 227 340 522 228 340 227 114 409 340 227 340 228 114 409 340 522 1 1 409 409 227 409 522 227 522 296 409 340 340 296 1 227 227 296 1 296 409 522 227 522 522 296 114 453 114 409 522 1 522 522 114 340 114 522 1 453 1 340 340 341 114 1 522 227 409 522 115 114 227 
c [Incremental] Max used label: 522.
c [Incremental] Label 522 is removed from searching.
c [Incremental] Solving for max label = 521:
c [Incremental] Solving duration: 945 ms.
s [Incremental] SAT (label = 521).
c [Incremental] Label assignment: 1 1 1 295 1 1 408 295 182 1 1 1 521 114 1 295 182 1 114 114 1 114 521 408 521 521 295 1 408 1 408 1 1 114 1 1 1 114 1 521 408 1 1 1 1 1 1 1 1 114 521 1 114 521 114 114 1 114 114 114 1 227 69 1 521 1 114 1 114 521 521 1 114 1 1 1 521 114 114 1 295 1 114 1 114 114 1 1 114 114 114 114 227 114 1 114 1 408 1 1 114 521 295 114 227 1 227 408 521 114 114 521 182 114 1 1 227 1 182 114 1 114 227 114 182 69 1 114 1 227 114 227 227 521 227 1 227 1 295 227 114 295 521 227 1 227 114 340 114 408 1 408 521 408 114 521 182 408 114 1 114 295 182 1 340 114 1 114 227 340 1 408 227 114 295 521 227 227 1 114 114 227 2 114 227 340 1 340 1 114 114 295 114 295 1 295 114 227 295 227 114 340 227 408 340 521 340 114 227 521 340 227 408 1 227 341 114 521 295 1 408 114 408 1 340 1 69 227 114 114 1 1 521 1 521 521 114 340 114 114 227 521 227 114 521 227 114 340 227 114 227 114 340 228 2 1 114 295 521 340 521 341 295 408 114 1 1 340 340 114 227 521 69 521 227 340 408 227 408 227 340 227 114 227 228 114 227 1 454 1 1 1 114 521 408 408 340 521 2 340 340 227 453 1 227 114 521 69 340 227 227 1 408 521 453 114 408 521 1 114 1 340 1 227 114 340 114 521 114 521 521 408 182 182 182 521 340 341 340 114 340 227 408 408 227 340 408 521 408 227 1 521 114 1 340 1 340 115 340 521 408 114 408 408 227 453 521 114 408 521 340 521 295 114 454 1 1 340 521 408 227 227 228 1 295 114 1 227 340 521 227 114 227 115 521 521 340 295 227 1 114 521 521 1 227 340 227 182 521 227 1 453 1 227 227 408 521 340 227 453 295 521 227 453 340 1 227 521 340 521 114 453 521 453 341 521 114 408 340 453 295 1 453 521 408 340 340 521 295 408 1 408 521 453 1 453 114 453 227 340 453 228 521 408 340 521 227 521 408 1 340 521 408 114 227 227 521 453 227 114 341 521 340 521 521 295 227 340 227 182 340 114 408 1 1 227 408 295 340 408 521 1 1 454 227 227 521 114 228 114 521 340 1 521 521 114 521 227 1 521 521 115 408 227 340 521 228 340 227 114 408 340 227 340 228 114 408 340 521 1 1 408 408 227 408 521 227 521 295 408 340 340 295 1 227 227 295 1 295 408 521 227 521 521 295 114 453 114 408 521 1 521 521 114 340 114 521 1 453 1 340 340 341 114 1 521 227 408 521 115 114 227 
c [Incremental] Max used label: 521.
c [Incremental] Label 521 is removed from searching.
c [Incremental] Solving for max label = 520:
c [Incremental] Solving duration: 959 ms.
s [Incremental] SAT (label = 520).
c [Incremental] Label assignment: 1 1 1 294 1 1 407 294 181 1 1 1 520 114 1 294 181 1 114 114 1 114 520 407 520 520 294 1 407 1 407 1 1 114 1 1 1 114 1 520 407 1 1 1 1 1 1 1 1 114 520 1 114 520 114 114 1 114 114 114 1 227 68 1 520 1 114 1 114 520 520 1 114 1 1 1 520 114 114 1 294 1 114 1 114 114 1 1 114 114 114 114 227 114 1 114 1 407 1 1 114 520 294 114 227 1 227 407 520 114 114 520 181 114 1 1 227 1 181 114 1 114 227 114 181 68 1 114 1 227 114 227 227 520 227 1 227 1 294 227 114 294 520 227 1 227 114 340 114 407 1 407 520 407 114 520 181 407 114 1 114 294 181 1 340 114 1 114 227 340 1 407 227 114 294 520 227 227 1 114 114 227 2 114 227 340 1 340 1 114 114 294 114 294 1 294 114 227 294 227 114 340 227 407 340 520 340 114 227 520 340 227 407 1 227 341 114 520 294 1 407 114 407 1 340 1 68 227 114 114 1 1 520 1 520 520 114 340 114 114 227 520 227 114 520 227 114 340 227 114 227 114 340 228 2 1 114 294 520 340 520 341 294 407 114 1 1 340 340 114 227 520 68 520 227 340 407 227 407 227 340 227 114 227 228 114 227 1 454 1 1 1 114 520 407 407 340 520 2 340 340 227 453 1 227 114 520 68 340 227 227 1 407 520 453 114 407 520 1 114 1 340 1 227 114 340 114 520 114 520 520 407 181 181 181 520 340 341 340 114 340 227 407 407 227 340 407 520 407 227 1 520 114 1 340 1 340 115 340 520 407 114 407 407 227 453 520 114 407 520 340 520 294 114 454 1 1 340 520 407 227 227 228 1 294 114 1 227 340 520 227 114 227 115 520 520 340 294 227 1 114 520 520 1 227 340 227 181 520 227 1 453 1 227 227 407 520 340 227 453 294 520 227 453 340 1 227 520 340 520 114 453 520 453 341 520 114 407 340 453 294 1 453 520 407 340 340 520 294 407 1 407 520 453 1 453 114 453 227 340 453 228 520 407 340 520 227 520 407 1 340 520 407 114 227 227 520 453 227 114 341 520 340 520 520 294 227 340 227 181 340 114 407 1 1 227 407 294 340 407 520 1 1 454 227 227 520 114 228 114 520 340 1 520 520 114 520 227 1 520 520 115 407 227 340 520 228 340 227 114 407 340 227 340 228 114 407 340 520 1 1 407 407 227 407 520 227 520 294 407 340 340 294 1 227 227 294 1 294 407 520 227 520 520 294 114 453 114 407 520 1 520 520 114 340 114 520 1 453 1 340 340 341 114 1 520 227 407 520 115 114 227 
c [Incremental] Max used label: 520.
c [Incremental] Label 520 is removed from searching.
c [Incremental] Solving for max label = 519:
c [Incremental] Solving duration: 971 ms.
s [Incremental] SAT (label = 519).
c [Incremental] Label assignment: 1 1 1 293 1 1 406 293 180 1 1 1 519 114 1 293 180 1 114 114 1 114 519 406 519 519 293 1 406 1 406 1 1 114 1 1 1 114 1 519 406 1 1 1 1 1 1 1 1 114 519 1 114 519 114 114 1 114 114 114 1 227 67 1 519 1 114 1 114 519 519 1 114 1 1 1 519 114 114 1 293 1 114 1 114 114 1 1 114 114 114 114 227 114 1 114 1 406 1 1 114 519 293 114 227 1 227 406 519 114 114 519 180 114 1 1 227 1 180 114 1 114 227 114 180 67 1 114 1 227 114 227 227 519 227 1 227 1 293 227 114 293 519 227 1 227 114 340 114 406 1 406 519 406 114 519 180 406 114 1 114 293 180 1 340 114 1 114 227 340 1 406 227 114 293 519 227 227 1 114 114 227 2 114 227 340 1 340 1 114 114 293 114 293 1 293 114 227 293 227 114 340 227 406 340 519 340 114 227 519 340 227 406 1 227 341 114 519 293 1 406 114 406 1 340 1 67 227 114 114 1 1 519 1 519 519 114 340 114 114 227 519 227 114 519 227 114 340 227 114 227 114 340 228 2 1 114 293 519 340 519 341 293 406 114 1 1 340 340 114 227 519 67 519 227 340 406 227 406 227 340 227 114 227 228 114 227 1 454 1 1 1 114 519 406 406 340 519 2 340 340 227 453 1 227 114 519 67 340 227 227 1 406 519 453 114 406 519 1 114 1 340 1 227 114 340 114 519 114 519 519 406 180 180 180 519 340 341 340 114 340 227 406 406 227 340 406 519 406 227 1 519 114 1 340 1 340 115 340 519 406 114 406 406 227 453 519 114 406 519 340 519 293 114 454 1 1 340 519 406 227 227 228 1 293 114 1 227 340 519 227 114 227 115 519 519 340 293 227 1 114 519 519 1 227 340 227 180 519 227 1 453 1 227 227 406 519 340 227 453 293 519 227 453 340 1 227 519 340 519 114 453 519 453 341 519 114 406 340 453 293 1 453 519 406 340 340 519 293 406 1 406 519 453 1 453 114 453 227 340 453 228 519 406 340 519 227 519 406 1 340 519 406 114 227 227 519 453 227 114 341 519 340 519 519 293 227 340 227 180 340 114 406 1 1 227 406 293 340 406 519 1 1 454 227 227 519 114 228 114 519 340 1 519 519 114 519 227 1 519 519 115 406 227 340 519 228 340 227 114 406 340 227 340 228 114 406 340 519 1 1 406 406 227 406 519 227 519 293 406 340 340 293 1 227 227 293 1 293 406 519 227 519 519 293 114 453 114 406 519 1 519 519 114 340 114 519 1 453 1 340 340 341 114 1 519 227 406 519 115 114 227 
c [Incremental] Max used label: 519.
c [Incremental] Label 519 is removed from searching.
c [Incremental] Solving for max label = 518:
c [Incremental] Solving duration: 931 ms.
s [Incremental] SAT (label = 518).
c [Incremental] Label assignment: 1 1 1 292 1 1 405 292 179 1 1 1 518 114 1 292 179 1 114 114 1 114 518 405 518 518 292 1 405 1 405 1 1 114 1 1 1 114 1 518 405 1 1 1 1 1 1 1 1 114 518 1 114 518 114 114 1 114 114 114 1 227 66 1 518 1 114 1 114 518 518 1 114 1 1 1 518 114 114 1 292 1 114 1 114 114 1 1 114 114 114 114 227 114 1 114 1 405 1 1 114 518 292 114 227 1 227 405 518 114 114 518 179 114 1 1 227 1 179 114 1 114 227 114 179 66 1 114 1 227 114 227 227 518 227 1 227 1 292 227 114 292 518 227 1 227 114 340 114 405 1 405 518 405 114 518 179 405 114 1 114 292 179 1 340 114 1 114 227 340 1 405 227 114 292 518 227 227 1 114 114 227 2 114 227 340 1 340 1 114 114 292 114 292 1 292 114 227 292 227 114 340 227 405 340 518 340 114 227 518 340 227 405 1 227 341 114 518 292 1 405 114 405 1 340 1 66 227 114 114 1 1 518 1 518 518 114 340 114 114 227 518 227 114 518 227 114 340 227 114 227 114 340 228 2 1 114 292 518 340 518 341 292 405 114 1 1 340 340 114 227 518 66 518 227 340 405 227 405 227 340 227 114 227 228 114 227 1 454 1 1 1 114 518 405 405 340 518 2 340 340 227 453 1 227 114 518 66 340 227 227 1 405 518 453 114 405 518 1 114 1 340 1 227 114 340 114 518 114 518 518 405 179 179 179 518 340 341 340 114 340 227 405 405 227 340 405 518 405 227 1 518 114 1 340 1 340 115 340 518 405 114 405 405 227 453 518 114 405 518 340 518 292 114 454 1 1 340 518 405 227 227 228 1 292 114 1 227 340 518 227 114 227 115 518 518 340 292 227 1 114 518 518 1 227 340 227 179 518 227 1 453 1 227 227 405 518 340 227 453 292 518 227 453 340 1 227 518 340 518 114 453 518 453 341 518 114 405 340 453 292 1 453 518 405 340 340 518 292 405 1 405 518 453 1 453 114 453 227 340 453 228 518 405 340 518 227 518 405 1 340 518 405 114 227 227 518 453 227 114 341 518 340 518 518 292 227 340 227 179 340 114 405 1 1 227 405 292 340 405 518 1 1 454 227 227 518 114 228 114 518 340 1 518 518 114 518 227 1 518 518 115 405 227 340 518 228 340 227 114 405 340 227 340 228 114 405 340 518 1 1 405 405 227 405 518 227 518 292 405 340 340 292 1 227 227 292 1 292 405 518 227 518 518 292 114 453 114 405 518 1 518 518 114 340 114 518 1 453 1 340 340 341 114 1 518 227 405 518 115 114 227 
c [Incremental] Max used label: 518.
c [Incremental] Label 518 is removed from searching.
c [Incremental] Solving for max label = 517:
c [Incremental] Solving duration: 913 ms.
s [Incremental] SAT (label = 517).
c [Incremental] Label assignment: 1 1 1 291 1 1 404 291 178 1 1 1 517 114 1 291 178 1 114 114 1 114 517 404 517 517 291 1 404 1 404 1 1 114 1 1 1 114 1 517 404 1 1 1 1 1 1 1 1 114 517 1 114 517 114 114 1 114 114 114 1 227 65 1 517 1 114 1 114 517 517 1 114 1 1 1 517 114 114 1 291 1 114 1 114 114 1 1 114 114 114 114 227 114 1 114 1 404 1 1 114 517 291 114 227 1 227 404 517 114 114 517 178 114 1 1 227 1 178 114 1 114 227 114 178 65 1 114 1 227 114 227 227 517 227 1 227 1 291 227 114 291 517 227 1 227 114 340 114 404 1 404 517 404 114 517 178 404 114 1 114 291 178 1 340 114 1 114 227 340 1 404 227 114 291 517 227 227 1 114 114 227 2 114 227 340 1 340 1 114 114 291 114 291 1 291 114 227 291 227 114 340 227 404 340 517 340 114 227 517 340 227 404 1 227 341 114 517 291 1 404 114 404 1 340 1 65 227 114 114 1 1 517 1 517 517 114 340 114 114 227 517 227 114 517 227 114 340 227 114 227 114 340 228 2 1 114 291 517 340 517 341 291 404 114 1 1 340 340 114 227 517 65 517 227 340 404 227 404 227 340 227 114 227 228 114 227 1 454 1 1 1 114 517 404 404 340 517 2 340 340 227 453 1 227 114 517 65 340 227 227 1 404 517 453 114 404 517 1 114 1 340 1 227 114 340 114 517 114 517 517 404 178 178 178 517 340 341 340 114 340 227 404 404 227 340 404 517 404 227 1 517 114 1 340 1 340 115 340 517 404 114 404 404 227 453 517 114 404 517 340 517 291 114 454 1 1 340 517 404 227 227 228 1 291 114 1 227 340 517 227 114 227 115 517 517 340 291 227 1 114 517 517 1 227 340 227 178 517 227 1 453 1 227 227 404 517 340 227 453 291 517 227 453 340 1 227 517 340 517 114 453 517 453 341 517 114 404 340 453 291 1 453 517 404 340 340 517 291 404 1 404 517 453 1 453 114 453 227 340 453 228 517 404 340 517 227 517 404 1 340 517 404 114 227 227 517 453 227 114 341 517 340 517 517 291 227 340 227 178 340 114 404 1 1 227 404 291 340 404 517 1 1 454 227 227 517 114 228 114 517 340 1 517 517 114 517 227 1 517 517 115 404 227 340 517 228 340 227 114 404 340 227 340 228 114 404 340 517 1 1 404 404 227 404 517 227 517 291 404 340 340 291 1 227 227 291 1 291 404 517 227 517 517 291 114 453 114 404 517 1 517 517 114 340 114 517 1 453 1 340 340 341 114 1 517 227 404 517 115 114 227 
c [Incremental] Max used label: 517.
c [Incremental] Label 517 is removed from searching.
c [Incremental] Solving for max label = 516:
c [Incremental] Solving duration: 932 ms.
s [Incremental] SAT (label = 516).
c [Incremental] Label assignment: 1 1 1 290 1 1 403 290 177 1 1 1 516 114 1 290 177 1 114 114 1 114 516 403 516 516 290 1 403 1 403 1 1 114 1 1 1 114 1 516 403 1 1 1 1 1 1 1 1 114 516 1 114 516 114 114 1 114 114 114 1 227 64 1 516 1 114 1 114 516 516 1 114 1 1 1 516 114 114 1 290 1 114 1 114 114 1 1 114 114 114 114 227 114 1 114 1 403 1 1 114 516 290 114 227 1 227 403 516 114 114 516 177 114 1 1 227 1 177 114 1 114 227 114 177 64 1 114 1 227 114 227 227 516 227 1 227 1 290 227 114 290 516 227 1 227 114 340 114 403 1 403 516 403 114 516 177 403 114 1 114 290 177 1 340 114 1 114 227 340 1 403 227 114 290 516 227 227 1 114 114 227 2 114 227 340 1 340 1 114 114 290 114 290 1 290 114 227 290 227 114 340 227 403 340 516 340 114 227 516 340 227 403 1 227 341 114 516 290 1 403 114 403 1 340 1 64 227 114 114 1 1 516 1 516 516 114 340 114 114 227 516 227 114 516 227 114 340 227 114 227 114 340 228 2 1 114 290 516 340 516 341 290 403 114 1 1 340 340 114 227 516 64 516 227 340 403 227 403 227 340 227 114 227 228 114 227 1 454 1 1 1 114 516 403 403 340 516 2 340 340 227 453 1 227 114 516 64 340 227 227 1 403 516 453 114 403 516 1 114 1 340 1 227 114 340 114 516 114 516 516 403 177 177 177 516 340 341 340 114 340 227 403 403 227 340 403 516 403 227 1 516 114 1 340 1 340 115 340 516 403 114 403 403 227 453 516 114 403 516 340 516 290 114 454 1 1 340 516 403 227 227 228 1 290 114 1 227 340 516 227 114 227 115 516 516 340 290 227 1 114 516 516 1 227 340 227 177 516 227 1 453 1 227 227 403 516 340 227 453 290 516 227 453 340 1 227 516 340 516 114 453 516 453 341 516 114 403 340 453 290 1 453 516 403 340 340 516 290 403 1 403 516 453 1 453 114 453 227 340 453 228 516 403 340 516 227 516 403 1 340 516 403 114 227 227 516 453 227 114 341 516 340 516 516 290 227 340 227 177 340 114 403 1 1 227 403 290 340 403 516 1 1 454 227 227 516 114 228 114 516 340 1 516 516 114 516 227 1 516 516 115 403 227 340 516 228 340 227 114 403 340 227 340 228 114 403 340 516 1 1 403 403 227 403 516 227 516 290 403 340 340 290 1 227 227 290 1 290 403 516 227 516 516 290 114 453 114 403 516 1 516 516 114 340 114 516 1 453 1 340 340 341 114 1 516 227 403 516 115 114 227 
c [Incremental] Max used label: 516.
c [Incremental] Label 516 is removed from searching.
c [Incremental] Solving for max label = 515:
c [Incremental] Solving duration: 917 ms.
s [Incremental] SAT (label = 515).
c [Incremental] Label assignment: 1 1 1 289 1 1 402 289 176 1 1 1 515 114 1 289 176 1 114 114 1 114 515 402 515 515 289 1 402 1 402 1 1 114 1 1 1 114 1 515 402 1 1 1 1 1 1 1 1 114 515 1 114 515 114 114 1 114 114 114 1 227 63 1 515 1 114 1 114 515 515 1 114 1 1 1 515 114 114 1 289 1 114 1 114 114 1 1 114 114 114 114 227 114 1 114 1 402 1 1 114 515 289 114 227 1 227 402 515 114 114 515 176 114 1 1 227 1 176 114 1 114 227 114 176 63 1 114 1 227 114 227 227 515 227 1 227 1 289 227 114 289 515 227 1 227 114 340 114 402 1 402 515 402 114 515 176 402 114 1 114 289 176 1 340 114 1 114 227 340 1 402 227 114 289 515 227 227 1 114 114 227 2 114 227 340 1 340 1 114 114 289 114 289 1 289 114 227 289 227 114 340 227 402 340 515 340 114 227 515 340 227 402 1 227 341 114 515 289 1 402 114 402 1 340 1 63 227 114 114 1 1 515 1 515 515 114 340 114 114 227 515 227 114 515 227 114 340 227 114 227 114 340 228 2 1 114 289 515 340 515 341 289 402 114 1 1 340 340 114 227 515 63 515 227 340 402 227 402 227 340 227 114 227 228 114 227 1 454 1 1 1 114 515 402 402 340 515 2 340 340 227 453 1 227 114 515 63 340 227 227 1 402 515 453 114 402 515 1 114 1 340 1 227 114 340 114 515 114 515 515 402 176 176 176 515 340 341 340 114 340 227 402 402 227 340 402 515 402 227 1 515 114 1 340 1 340 115 340 515 402 114 402 402 227 453 515 114 402 515 340 515 289 114 454 1 1 340 515 402 227 227 228 1 289 114 1 227 340 515 227 114 227 115 515 515 340 289 227 1 114 515 515 1 227 340 227 176 515 227 1 453 1 227 227 402 515 340 227 453 289 515 227 453 340 1 227 515 340 515 114 453 515 453 341 515 114 402 340 453 289 1 453 515 402 340 340 515 289 402 1 402 515 453 1 453 114 453 227 340 453 228 515 402 340 515 227 515 402 1 340 515 402 114 227 227 515 453 227 114 341 515 340 515 515 289 227 340 227 176 340 114 402 1 1 227 402 289 340 402 515 1 1 454 227 227 515 114 228 114 515 340 1 515 515 114 515 227 1 515 515 115 402 227 340 515 228 340 227 114 402 340 227 340 228 114 402 340 515 1 1 402 402 227 402 515 227 515 289 402 340 340 289 1 227 227 289 1 289 402 515 227 515 515 289 114 453 114 402 515 1 515 515 114 340 114 515 1 453 1 340 340 341 114 1 515 227 402 515 115 114 227 
c [Incremental] Max used label: 515.
c [Incremental] Label 515 is removed from searching.
c [Incremental] Solving for max label = 514:
c [Incremental] Solving duration: 952 ms.
s [Incremental] SAT (label = 514).
c [Incremental] Label assignment: 1 1 1 288 1 1 401 288 175 1 1 1 514 114 1 288 175 1 114 114 1 114 514 401 514 514 288 1 401 1 401 1 1 114 1 1 1 114 1 514 401 1 1 1 1 1 1 1 1 114 514 1 114 514 114 114 1 114 114 114 1 227 62 1 514 1 114 1 114 514 514 1 114 1 1 1 514 114 114 1 288 1 114 1 114 114 1 1 114 114 114 114 227 114 1 114 1 401 1 1 114 514 288 114 227 1 227 401 514 114 114 514 175 114 1 1 227 1 175 114 1 114 227 114 175 62 1 114 1 227 114 227 227 514 227 1 227 1 288 227 114 288 514 227 1 227 114 340 114 401 1 401 514 401 114 514 175 401 114 1 114 288 175 1 340 114 1 114 227 340 1 401 227 114 288 514 227 227 1 114 114 227 2 114 227 340 1 340 1 114 114 288 114 288 1 288 114 227 288 227 114 340 227 401 340 514 340 114 227 514 340 227 401 1 227 341 114 514 288 1 401 114 401 1 340 1 62 227 114 114 1 1 514 1 514 514 114 340 114 114 227 514 227 114 514 227 114 340 227 114 227 114 340 228 2 1 114 288 514 340 514 341 288 401 114 1 1 340 340 114 227 514 62 514 227 340 401 227 401 227 340 227 114 227 228 114 227 1 454 1 1 1 114 514 401 401 340 514 2 340 340 227 453 1 227 114 514 62 340 227 227 1 401 514 453 114 401 514 1 114 1 340 1 227 114 340 114 514 114 514 514 401 175 175 175 514 340 341 340 114 340 227 401 401 227 340 401 514 401 227 1 514 114 1 340 1 340 115 340 514 401 114 401 401 227 453 514 114 401 514 340 514 288 114 454 1 1 340 514 401 227 227 228 1 288 114 1 227 340 514 227 114 227 115 514 514 340 288 227 1 114 514 514 1 227 340 227 175 514 227 1 453 1 227 227 401 514 340 227 453 288 514 227 453 340 1 227 514 340 514 114 453 514 453 341 514 114 401 340 453 288 1 453 514 401 340 340 514 288 401 1 401 514 453 1 453 114 453 227 340 453 228 514 401 340 514 227 514 401 1 340 514 401 114 227 227 514 453 227 114 341 514 340 514 514 288 227 340 227 175 340 114 401 1 1 227 401 288 340 401 514 1 1 454 227 227 514 114 228 114 514 340 1 514 514 114 514 227 1 514 514 115 401 227 340 514 228 340 227 114 401 340 227 340 228 114 401 340 514 1 1 401 401 227 401 514 227 514 288 401 340 340 288 1 227 227 288 1 288 401 514 227 514 514 288 114 453 114 401 514 1 514 514 114 340 114 514 1 453 1 340 340 341 114 1 514 227 401 514 115 114 227 
c [Incremental] Max used label: 514.
c [Incremental] Label 514 is removed from searching.
c [Incremental] Solving for max label = 513:
c [Incremental] Solving duration: 943 ms.
s [Incremental] SAT (label = 513).
c [Incremental] Label assignment: 1 1 1 287 1 1 400 287 174 1 1 1 513 114 1 287 174 1 114 114 1 114 513 400 513 513 287 1 400 1 400 1 1 114 1 1 1 114 1 513 400 1 1 1 1 1 1 1 1 114 513 1 114 513 114 114 1 114 114 114 1 227 61 1 513 1 114 1 114 513 513 1 114 1 1 1 513 114 114 1 287 1 114 1 114 114 1 1 114 114 114 114 227 114 1 114 1 400 1 1 114 513 287 114 227 1 227 400 513 114 114 513 174 114 1 1 227 1 174 114 1 114 227 114 174 61 1 114 1 227 114 227 227 513 227 1 227 1 287 227 114 287 513 227 1 227 114 340 114 400 1 400 513 400 114 513 174 400 114 1 114 287 174 1 340 114 1 114 227 340 1 400 227 114 287 513 227 227 1 114 114 227 2 114 227 340 1 340 1 114 114 287 114 287 1 287 114 227 287 227 114 340 227 400 340 513 340 114 227 513 340 227 400 1 227 341 114 513 287 1 400 114 400 1 340 1 61 227 114 114 1 1 513 1 513 513 114 340 114 114 227 513 227 114 513 227 114 340 227 114 227 114 340 228 2 1 114 287 513 340 513 341 287 400 114 1 1 340 340 114 227 513 61 513 227 340 400 227 400 227 340 227 114 227 228 114 227 1 454 1 1 1 114 513 400 400 340 513 2 340 340 227 453 1 227 114 513 61 340 227 227 1 400 513 453 114 400 513 1 114 1 340 1 227 114 340 114 513 114 513 513 400 174 174 174 513 340 341 340 114 340 227 400 400 227 340 400 513 400 227 1 513 114 1 340 1 340 115 340 513 400 114 400 400 227 453 513 114 400 513 340 513 287 114 454 1 1 340 513 400 227 227 228 1 287 114 1 227 340 513 227 114 227 115 513 513 340 287 227 1 114 513 513 1 227 340 227 174 513 227 1 453 1 227 227 400 513 340 227 453 287 513 227 453 340 1 227 513 340 513 114 453 513 453 341 513 114 400 340 453 287 1 453 513 400 340 340 513 287 400 1 400 513 453 1 453 114 453 227 340 453 228 513 400 340 513 227 513 400 1 340 513 400 114 227 227 513 453 227 114 341 513 340 513 513 287 227 340 227 174 340 114 400 1 1 227 400 287 340 400 513 1 1 454 227 227 513 114 228 114 513 340 1 513 513 114 513 227 1 513 513 115 400 227 340 513 228 340 227 114 400 340 227 340 228 114 400 340 513 1 1 400 400 227 400 513 227 513 287 400 340 340 287 1 227 227 287 1 287 400 513 227 513 513 287 114 453 114 400 513 1 513 513 114 340 114 513 1 453 1 340 340 341 114 1 513 227 400 513 115 114 227 
c [Incremental] Max used label: 513.
c [Incremental] Label 513 is removed from searching.
c [Incremental] Solving for max label = 512:
c [Incremental] Solving duration: 957 ms.
s [Incremental] SAT (label = 512).
c [Incremental] Label assignment: 1 1 1 286 1 1 399 286 173 1 1 1 512 114 1 286 173 1 114 114 1 114 512 399 512 512 286 1 399 1 399 1 1 114 1 1 1 114 1 512 399 1 1 1 1 1 1 1 1 114 512 1 114 512 114 114 1 114 114 114 1 227 60 1 512 1 114 1 114 512 512 1 114 1 1 1 512 114 114 1 286 1 114 1 114 114 1 1 114 114 114 114 227 114 1 114 1 399 1 1 114 512 286 114 227 1 227 399 512 114 114 512 173 114 1 1 227 1 173 114 1 114 227 114 173 60 1 114 1 227 114 227 227 512 227 1 227 1 286 227 114 286 512 227 1 227 114 340 114 399 1 399 512 399 114 512 173 399 114 1 114 286 173 1 340 114 1 114 227 340 1 399 227 114 286 512 227 227 1 114 114 227 2 114 227 340 1 340 1 114 114 286 114 286 1 286 114 227 286 227 114 340 227 399 340 512 340 114 227 512 340 227 399 1 227 341 114 512 286 1 399 114 399 1 340 1 60 227 114 114 1 1 512 1 512 512 114 340 114 114 227 512 227 114 512 227 114 340 227 114 227 114 340 228 2 1 114 286 512 340 512 341 286 399 114 1 1 340 340 114 227 512 60 512 227 340 399 227 399 227 340 227 114 227 228 114 227 1 454 1 1 1 114 512 399 399 340 512 2 340 340 227 453 1 227 114 512 60 340 227 227 1 399 512 453 114 399 512 1 114 1 340 1 227 114 340 114 512 114 512 512 399 173 173 173 512 340 341 340 114 340 227 399 399 227 340 399 512 399 227 1 512 114 1 340 1 340 115 340 512 399 114 399 399 227 453 512 114 399 512 340 512 286 114 454 1 1 340 512 399 227 227 228 1 286 114 1 227 340 512 227 114 227 115 512 512 340 286 227 1 114 512 512 1 227 340 227 173 512 227 1 453 1 227 227 399 512 340 227 453 286 512 227 453 340 1 227 512 340 512 114 453 512 453 341 512 114 399 340 453 286 1 453 512 399 340 340 512 286 399 1 399 512 453 1 453 114 453 227 340 453 228 512 399 340 512 227 512 399 1 340 512 399 114 227 227 512 453 227 114 341 512 340 512 512 286 227 340 227 173 340 114 399 1 1 227 399 286 340 399 512 1 1 454 227 227 512 114 228 114 512 340 1 512 512 114 512 227 1 512 512 115 399 227 340 512 228 340 227 114 399 340 227 340 228 114 399 340 512 1 1 399 399 227 399 512 227 512 286 399 340 340 286 1 227 227 286 1 286 399 512 227 512 512 286 114 453 114 399 512 1 512 512 114 340 114 512 1 453 1 340 340 341 114 1 512 227 399 512 115 114 227 
c [Incremental] Max used label: 512.
c [Incremental] Label 512 is removed from searching.
c [Incremental] Solving for max label = 511:
c [Incremental] Solving duration: 910 ms.
s [Incremental] SAT (label = 511).
c [Incremental] Label assignment: 1 1 1 285 1 1 398 285 172 1 1 1 511 114 1 285 172 1 114 114 1 114 511 398 511 511 285 1 398 1 398 1 1 114 1 1 1 114 1 511 398 1 1 1 1 1 1 1 1 114 511 1 114 511 114 114 1 114 114 114 1 227 59 1 511 1 114 1 114 511 511 1 114 1 1 1 511 114 114 1 285 1 114 1 114 114 1 1 114 114 114 114 227 114 1 114 1 398 1 1 114 511 285 114 227 1 227 398 511 114 114 511 172 114 1 1 227 1 172 114 1 114 227 114 172 59 1 114 1 227 114 227 227 511 227 1 227 1 285 227 114 285 511 227 1 227 114 340 114 398 1 398 511 398 114 511 172 398 114 1 114 285 172 1 340 114 1 114 227 340 1 398 227 114 285 511 227 227 1 114 114 227 2 114 227 340 1 340 1 114 114 285 114 285 1 285 114 227 285 227 114 340 227 398 340 511 340 114 227 511 340 227 398 1 227 341 114 511 285 1 398 114 398 1 340 1 59 227 114 114 1 1 511 1 511 511 114 340 114 114 227 511 227 114 511 227 114 340 227 114 227 114 340 228 2 1 114 285 511 340 511 341 285 398 114 1 1 340 340 114 227 511 59 511 227 340 398 227 398 227 340 227 114 227 228 114 227 1 454 1 1 1 114 511 398 398 340 511 2 340 340 227 453 1 227 114 511 59 340 227 227 1 398 511 453 114 398 511 1 114 1 340 1 227 114 340 114 511 114 511 511 398 172 172 172 511 340 341 340 114 340 227 398 398 227 340 398 511 398 227 1 511 114 1 340 1 340 115 340 511 398 114 398 398 227 453 511 114 398 511 340 511 285 114 454 1 1 340 511 398 227 227 228 1 285 114 1 227 340 511 227 114 227 115 511 511 340 285 227 1 114 511 511 1 227 340 227 172 511 227 1 453 1 227 227 398 511 340 227 453 285 511 227 453 340 1 227 511 340 511 114 453 511 453 341 511 114 398 340 453 285 1 453 511 398 340 340 511 285 398 1 398 511 453 1 453 114 453 227 340 453 228 511 398 340 511 227 511 398 1 340 511 398 114 227 227 511 453 227 114 341 511 340 511 511 285 227 340 227 172 340 114 398 1 1 227 398 285 340 398 511 1 1 454 227 227 511 114 228 114 511 340 1 511 511 114 511 227 1 511 511 115 398 227 340 511 228 340 227 114 398 340 227 340 228 114 398 340 511 1 1 398 398 227 398 511 227 511 285 398 340 340 285 1 227 227 285 1 285 398 511 227 511 511 285 114 453 114 398 511 1 511 511 114 340 114 511 1 453 1 340 340 341 114 1 511 227 398 511 115 114 227 
c [Incremental] Max used label: 511.
c [Incremental] Label 511 is removed from searching.
c [Incremental] Solving for max label = 510:
c [Incremental] Solving duration: 935 ms.
s [Incremental] SAT (label = 510).
c [Incremental] Label assignment: 1 1 1 284 1 1 397 284 171 1 1 1 510 114 1 284 171 1 114 114 1 114 510 397 510 510 284 1 397 1 397 1 1 114 1 1 1 114 1 510 397 1 1 1 1 1 1 1 1 114 510 1 114 510 114 114 1 114 114 114 1 227 58 1 510 1 114 1 114 510 510 1 114 1 1 1 510 114 114 1 284 1 114 1 114 114 1 1 114 114 114 114 227 114 1 114 1 397 1 1 114 510 284 114 227 1 227 397 510 114 114 510 171 114 1 1 227 1 171 114 1 114 227 114 171 58 1 114 1 227 114 227 227 510 227 1 227 1 284 227 114 284 510 227 1 227 114 340 114 397 1 397 510 397 114 510 171 397 114 1 114 284 171 1 340 114 1 114 227 340 1 397 227 114 284 510 227 227 1 114 114 227 2 114 227 340 1 340 1 114 114 284 114 284 1 284 114 227 284 227 114 340 227 397 340 510 340 114 227 510 340 227 397 1 227 341 114 510 284 1 397 114 397 1 340 1 58 227 114 114 1 1 510 1 510 510 114 340 114 114 227 510 227 114 510 227 114 340 227 114 227 114 340 228 2 1 114 284 510 340 510 341 284 397 114 1 1 340 340 114 227 510 58 510 227 340 397 227 397 227 340 227 114 227 228 114 227 1 454 1 1 1 114 510 397 397 340 510 2 340 340 227 453 1 227 114 510 58 340 227 227 1 397 510 453 114 397 510 1 114 1 340 1 227 114 340 114 510 114 510 510 397 171 171 171 510 340 341 340 114 340 227 397 397 227 340 397 510 397 227 1 510 114 1 340 1 340 115 340 510 397 114 397 397 227 453 510 114 397 510 340 510 284 114 454 1 1 340 510 397 227 227 228 1 284 114 1 227 340 510 227 114 227 115 510 510 340 284 227 1 114 510 510 1 227 340 227 171 510 227 1 453 1 227 227 397 510 340 227 453 284 510 227 453 340 1 227 510 340 510 114 453 510 453 341 510 114 397 340 453 284 1 453 510 397 340 340 510 284 397 1 397 510 453 1 453 114 453 227 340 453 228 510 397 340 510 227 510 397 1 340 510 397 114 227 227 510 453 227 114 341 510 340 510 510 284 227 340 227 171 340 114 397 1 1 227 397 284 340 397 510 1 1 454 227 227 510 114 228 114 510 340 1 510 510 114 510 227 1 510 510 115 397 227 340 510 228 340 227 114 397 340 227 340 228 114 397 340 510 1 1 397 397 227 397 510 227 510 284 397 340 340 284 1 227 227 284 1 284 397 510 227 510 510 284 114 453 114 397 510 1 510 510 114 340 114 510 1 453 1 340 340 341 114 1 510 227 397 510 115 114 227 
c [Incremental] Max used label: 510.
c [Incremental] Label 510 is removed from searching.
c [Incremental] Solving for max label = 509:
c [Incremental] Solving duration: 986 ms.
s [Incremental] SAT (label = 509).
c [Incremental] Label assignment: 1 1 1 283 1 1 396 283 170 1 1 1 509 114 1 283 170 1 114 114 1 114 509 396 509 509 283 1 396 1 396 1 1 114 1 1 1 114 1 509 396 1 1 1 1 1 1 1 1 114 509 1 114 509 114 114 1 114 114 114 1 227 57 1 509 1 114 1 114 509 509 1 114 1 1 1 509 114 114 1 283 1 114 1 114 114 1 1 114 114 114 114 227 114 1 114 1 396 1 1 114 509 283 114 227 1 227 396 509 114 114 509 170 114 1 1 227 1 170 114 1 114 227 114 170 57 1 114 1 227 114 227 227 509 227 1 227 1 283 227 114 283 509 227 1 227 114 340 114 396 1 396 509 396 114 509 170 396 114 1 114 283 170 1 340 114 1 114 227 340 1 396 227 114 283 509 227 227 1 114 114 227 2 114 227 340 1 340 1 114 114 283 114 283 1 283 114 227 283 227 114 340 227 396 340 509 340 114 227 509 340 227 396 1 227 341 114 509 283 1 396 114 396 1 340 1 57 227 114 114 1 1 509 1 509 509 114 340 114 114 227 509 227 114 509 227 114 340 227 114 227 114 340 228 2 1 114 283 509 340 509 341 283 396 114 1 1 340 340 114 227 509 57 509 227 340 396 227 396 227 340 227 114 227 228 114 227 1 454 1 1 1 114 509 396 396 340 509 2 340 340 227 453 1 227 114 509 57 340 227 227 1 396 509 453 114 396 509 1 114 1 340 1 227 114 340 114 509 114 509 509 396 170 170 170 509 340 341 340 114 340 227 396 396 227 340 396 509 396 227 1 509 114 1 340 1 340 115 340 509 396 114 396 396 227 453 509 114 396 509 340 509 283 114 454 1 1 340 509 396 227 227 228 1 283 114 1 227 340 509 227 114 227 115 509 509 340 283 227 1 114 509 509 1 227 340 227 170 509 227 1 453 1 227 227 396 509 340 227 453 283 509 227 453 340 1 227 509 340 509 114 453 509 453 341 509 114 396 340 453 283 1 453 509 396 340 340 509 283 396 1 396 509 453 1 453 114 453 227 340 453 228 509 396 340 509 227 509 396 1 340 509 396 114 227 227 509 453 227 114 341 509 340 509 509 283 227 340 227 170 340 114 396 1 1 227 396 283 340 396 509 1 1 454 227 227 509 114 228 114 509 340 1 509 509 114 509 227 1 509 509 115 396 227 340 509 228 340 227 114 396 340 227 340 228 114 396 340 509 1 1 396 396 227 396 509 227 509 283 396 340 340 283 1 227 227 283 1 283 396 509 227 509 509 283 114 453 114 396 509 1 509 509 114 340 114 509 1 453 1 340 340 341 114 1 509 227 396 509 115 114 227 
c [Incremental] Max used label: 509.
c [Incremental] Label 509 is removed from searching.
c [Incremental] Solving for max label = 508:
c [Incremental] Solving duration: 953 ms.
s [Incremental] SAT (label = 508).
c [Incremental] Label assignment: 1 1 1 282 1 1 395 282 169 1 1 1 508 114 1 282 169 1 114 114 1 114 508 395 508 508 282 1 395 1 395 1 1 114 1 1 1 114 1 508 395 1 1 1 1 1 1 1 1 114 508 1 114 508 114 114 1 114 114 114 1 227 56 1 508 1 114 1 114 508 508 1 114 1 1 1 508 114 114 1 282 1 114 1 114 114 1 1 114 114 114 114 227 114 1 114 1 395 1 1 114 508 282 114 227 1 227 395 508 114 114 508 169 114 1 1 227 1 169 114 1 114 227 114 169 56 1 114 1 227 114 227 227 508 227 1 227 1 282 227 114 282 508 227 1 227 114 340 114 395 1 395 508 395 114 508 169 395 114 1 114 282 169 1 340 114 1 114 227 340 1 395 227 114 282 508 227 227 1 114 114 227 2 114 227 340 1 340 1 114 114 282 114 282 1 282 114 227 282 227 114 340 227 395 340 508 340 114 227 508 340 227 395 1 227 341 114 508 282 1 395 114 395 1 340 1 56 227 114 114 1 1 508 1 508 508 114 340 114 114 227 508 227 114 508 227 114 340 227 114 227 114 340 228 2 1 114 282 508 340 508 341 282 395 114 1 1 340 340 114 227 508 56 508 227 340 395 227 395 227 340 227 114 227 228 114 227 1 454 1 1 1 114 508 395 395 340 508 2 340 340 227 453 1 227 114 508 56 340 227 227 1 395 508 453 114 395 508 1 114 1 340 1 227 114 340 114 508 114 508 508 395 169 169 169 508 340 341 340 114 340 227 395 395 227 340 395 508 395 227 1 508 114 1 340 1 340 115 340 508 395 114 395 395 227 453 508 114 395 508 340 508 282 114 454 1 1 340 508 395 227 227 228 1 282 114 1 227 340 508 227 114 227 115 508 508 340 282 227 1 114 508 508 1 227 340 227 169 508 227 1 453 1 227 227 395 508 340 227 453 282 508 227 453 340 1 227 508 340 508 114 453 508 453 341 508 114 395 340 453 282 1 453 508 395 340 340 508 282 395 1 395 508 453 1 453 114 453 227 340 453 228 508 395 340 508 227 508 395 1 340 508 395 114 227 227 508 453 227 114 341 508 340 508 508 282 227 340 227 169 340 114 395 1 1 227 395 282 340 395 508 1 1 454 227 227 508 114 228 114 508 340 1 508 508 114 508 227 1 508 508 115 395 227 340 508 228 340 227 114 395 340 227 340 228 114 395 340 508 1 1 395 395 227 395 508 227 508 282 395 340 340 282 1 227 227 282 1 282 395 508 227 508 508 282 114 453 114 395 508 1 508 508 114 340 114 508 1 453 1 340 340 341 114 1 508 227 395 508 115 114 227 
c [Incremental] Max used label: 508.
c [Incremental] Label 508 is removed from searching.
c [Incremental] Solving for max label = 507:
c [Incremental] Solving duration: 886 ms.
s [Incremental] SAT (label = 507).
c [Incremental] Label assignment: 1 1 1 281 1 1 394 281 168 1 1 1 507 114 1 281 168 1 114 114 1 114 507 394 507 507 281 1 394 1 394 1 1 114 1 1 1 114 1 507 394 1 1 1 1 1 1 1 1 114 507 1 114 507 114 114 1 114 114 114 1 227 55 1 507 1 114 1 114 507 507 1 114 1 1 1 507 114 114 1 281 1 114 1 114 114 1 1 114 114 114 114 227 114 1 114 1 394 1 1 114 507 281 114 227 1 227 394 507 114 114 507 168 114 1 1 227 1 168 114 1 114 227 114 168 55 1 114 1 227 114 227 227 507 227 1 227 1 281 227 114 281 507 227 1 227 114 340 114 394 1 394 507 394 114 507 168 394 114 1 114 281 168 1 340 114 1 114 227 340 1 394 227 114 281 507 227 227 1 114 114 227 2 114 227 340 1 340 1 114 114 281 114 281 1 281 114 227 281 227 114 340 227 394 340 507 340 114 227 507 340 227 394 1 227 341 114 507 281 1 394 114 394 1 340 1 55 227 114 114 1 1 507 1 507 507 114 340 114 114 227 507 227 114 507 227 114 340 227 114 227 114 340 228 2 1 114 281 507 340 507 341 281 394 114 1 1 340 340 114 227 507 55 507 227 340 394 227 394 227 340 227 114 227 228 114 227 1 454 1 1 1 114 507 394 394 340 507 2 340 340 227 453 1 227 114 507 55 340 227 227 1 394 507 453 114 394 507 1 114 1 340 1 227 114 340 114 507 114 507 507 394 168 168 168 507 340 341 340 114 340 227 394 394 227 340 394 507 394 227 1 507 114 1 340 1 340 115 340 507 394 114 394 394 227 453 507 114 394 507 340 507 281 114 454 1 1 340 507 394 227 227 228 1 281 114 1 227 340 507 227 114 227 115 507 507 340 281 227 1 114 507 507 1 227 340 227 168 507 227 1 453 1 227 227 394 507 340 227 453 281 507 227 453 340 1 227 507 340 507 114 453 507 453 341 507 114 394 340 453 281 1 453 507 394 340 340 507 281 394 1 394 507 453 1 453 114 453 227 340 453 228 507 394 340 507 227 507 394 1 340 507 394 114 227 227 507 453 227 114 341 507 340 507 507 281 227 340 227 168 340 114 394 1 1 227 394 281 340 394 507 1 1 454 227 227 507 114 228 114 507 340 1 507 507 114 507 227 1 507 507 115 394 227 340 507 228 340 227 114 394 340 227 340 228 114 394 340 507 1 1 394 394 227 394 507 227 507 281 394 340 340 281 1 227 227 281 1 281 394 507 227 507 507 281 114 453 114 394 507 1 507 507 114 340 114 507 1 453 1 340 340 341 114 1 507 227 394 507 115 114 227 
c [Incremental] Max used label: 507.
c [Incremental] Label 507 is removed from searching.
c [Incremental] Solving for max label = 506:
c [Incremental] Solving duration: 877 ms.
s [Incremental] SAT (label = 506).
c [Incremental] Label assignment: 1 1 1 280 1 1 393 280 167 1 1 1 506 114 1 280 167 1 114 114 1 114 506 393 506 506 280 1 393 1 393 1 1 114 1 1 1 114 1 506 393 1 1 1 1 1 1 1 1 114 506 1 114 506 114 114 1 114 114 114 1 227 54 1 506 1 114 1 114 506 506 1 114 1 1 1 506 114 114 1 280 1 114 1 114 114 1 1 114 114 114 114 227 114 1 114 1 393 1 1 114 506 280 114 227 1 227 393 506 114 114 506 167 114 1 1 227 1 167 114 1 114 227 114 167 54 1 114 1 227 114 227 227 506 227 1 227 1 280 227 114 280 506 227 1 227 114 340 114 393 1 393 506 393 114 506 167 393 114 1 114 280 167 1 340 114 1 114 227 340 1 393 227 114 280 506 227 227 1 114 114 227 2 114 227 340 1 340 1 114 114 280 114 280 1 280 114 227 280 227 114 340 227 393 340 506 340 114 227 506 340 227 393 1 227 341 114 506 280 1 393 114 393 1 340 1 54 227 114 114 1 1 506 1 506 506 114 340 114 114 227 506 227 114 506 227 114 340 227 114 227 114 340 228 2 1 114 280 506 340 506 341 280 393 114 1 1 340 340 114 227 506 54 506 227 340 393 227 393 227 340 227 114 227 228 114 227 1 454 1 1 1 114 506 393 393 340 506 2 340 340 227 453 1 227 114 506 54 340 227 227 1 393 506 453 114 393 506 1 114 1 340 1 227 114 340 114 506 114 506 506 393 167 167 167 506 340 341 340 114 340 227 393 393 227 340 393 506 393 227 1 506 114 1 340 1 340 115 340 506 393 114 393 393 227 453 506 114 393 506 340 506 280 114 454 1 1 340 506 393 227 227 228 1 280 114 1 227 340 506 227 114 227 115 506 506 340 280 227 1 114 506 506 1 227 340 227 167 506 227 1 453 1 227 227 393 506 340 227 453 280 506 227 453 340 1 227 506 340 506 114 453 506 453 341 506 114 393 340 453 280 1 453 506 393 340 340 506 280 393 1 393 506 453 1 453 114 453 227 340 453 228 506 393 340 506 227 506 393 1 340 506 393 114 227 227 506 453 227 114 341 506 340 506 506 280 227 340 227 167 340 114 393 1 1 227 393 280 340 393 506 1 1 454 227 227 506 114 228 114 506 340 1 506 506 114 506 227 1 506 506 115 393 227 340 506 228 340 227 114 393 340 227 340 228 114 393 340 506 1 1 393 393 227 393 506 227 506 280 393 340 340 280 1 227 227 280 1 280 393 506 227 506 506 280 114 453 114 393 506 1 506 506 114 340 114 506 1 453 1 340 340 341 114 1 506 227 393 506 115 114 227 
c [Incremental] Max used label: 506.
c [Incremental] Label 506 is removed from searching.
c [Incremental] Solving for max label = 505:
c [Incremental] Solving duration: 874 ms.
s [Incremental] SAT (label = 505).
c [Incremental] Label assignment: 1 1 1 279 1 1 392 279 166 1 1 1 505 114 1 279 166 1 114 114 1 114 505 392 505 505 279 1 392 1 392 1 1 114 1 1 1 114 1 505 392 1 1 1 1 1 1 1 1 114 505 1 114 505 114 114 1 114 114 114 1 227 53 1 505 1 114 1 114 505 505 1 114 1 1 1 505 114 114 1 279 1 114 1 114 114 1 1 114 114 114 114 227 114 1 114 1 392 1 1 114 505 279 114 227 1 227 392 505 114 114 505 166 114 1 1 227 1 166 114 1 114 227 114 166 53 1 114 1 227 114 227 227 505 227 1 227 1 279 227 114 279 505 227 1 227 114 340 114 392 1 392 505 392 114 505 166 392 114 1 114 279 166 1 340 114 1 114 227 340 1 392 227 114 279 505 227 227 1 114 114 227 2 114 227 340 1 340 1 114 114 279 114 279 1 279 114 227 279 227 114 340 227 392 340 505 340 114 227 505 340 227 392 1 227 341 114 505 279 1 392 114 392 1 340 1 53 227 114 114 1 1 505 1 505 505 114 340 114 114 227 505 227 114 505 227 114 340 227 114 227 114 340 228 2 1 114 279 505 340 505 341 279 392 114 1 1 340 340 114 227 505 53 505 227 340 392 227 392 227 340 227 114 227 228 114 227 1 454 1 1 1 114 505 392 392 340 505 2 340 340 227 453 1 227 114 505 53 340 227 227 1 392 505 453 114 392 505 1 114 1 340 1 227 114 340 114 505 114 505 505 392 166 166 166 505 340 341 340 114 340 227 392 392 227 340 392 505 392 227 1 505 114 1 340 1 340 115 340 505 392 114 392 392 227 453 505 114 392 505 340 505 279 114 454 1 1 340 505 392 227 227 228 1 279 114 1 227 340 505 227 114 227 115 505 505 340 279 227 1 114 505 505 1 227 340 227 166 505 227 1 453 1 227 227 392 505 340 227 453 279 505 227 453 340 1 227 505 340 505 114 453 505 453 341 505 114 392 340 453 279 1 453 505 392 340 340 505 279 392 1 392 505 453 1 453 114 453 227 340 453 228 505 392 340 505 227 505 392 1 340 505 392 114 227 227 505 453 227 114 341 505 340 505 505 279 227 340 227 166 340 114 392 1 1 227 392 279 340 392 505 1 1 454 227 227 505 114 228 114 505 340 1 505 505 114 505 227 1 505 505 115 392 227 340 505 228 340 227 114 392 340 227 340 228 114 392 340 505 1 1 392 392 227 392 505 227 505 279 392 340 340 279 1 227 227 279 1 279 392 505 227 505 505 279 114 453 114 392 505 1 505 505 114 340 114 505 1 453 1 340 340 341 114 1 505 227 392 505 115 114 227 
c [Incremental] Max used label: 505.
c [Incremental] Label 505 is removed from searching.
c [Incremental] Solving for max label = 504:
c [Incremental] Solving duration: 983 ms.
s [Incremental] SAT (label = 504).
c [Incremental] Label assignment: 1 1 1 278 1 1 391 278 165 1 1 1 504 114 1 278 165 1 114 114 1 114 504 391 504 504 278 1 391 1 391 1 1 114 1 1 1 114 1 504 391 1 1 1 1 1 1 1 1 114 504 1 114 504 114 114 1 114 114 114 1 227 52 1 504 1 114 1 114 504 504 1 114 1 1 1 504 114 114 1 278 1 114 1 114 114 1 1 114 114 114 114 227 114 1 114 1 391 1 1 114 504 278 114 227 1 227 391 504 114 114 504 165 114 1 1 227 1 165 114 1 114 227 114 165 52 1 114 1 227 114 227 227 504 227 1 227 1 278 227 114 278 504 227 1 227 114 340 114 391 1 391 504 391 114 504 165 391 114 1 114 278 165 1 340 114 1 114 227 340 1 391 227 114 278 504 227 227 1 114 114 227 2 114 227 340 1 340 1 114 114 278 114 278 1 278 114 227 278 227 114 340 227 391 340 504 340 114 227 504 340 227 391 1 227 341 114 504 278 1 391 114 391 1 340 1 52 227 114 114 1 1 504 1 504 504 114 340 114 114 227 504 227 114 504 227 114 340 227 114 227 114 340 228 2 1 114 278 504 340 504 341 278 391 114 1 1 340 340 114 227 504 52 504 227 340 391 227 391 227 340 227 114 227 228 114 227 1 454 1 1 1 114 504 391 391 340 504 2 340 340 227 453 1 227 114 504 52 340 227 227 1 391 504 453 114 391 504 1 114 1 340 1 227 114 340 114 504 114 504 504 391 165 165 165 504 340 341 340 114 340 227 391 391 227 340 391 504 391 227 1 504 114 1 340 1 340 115 340 504 391 114 391 391 227 453 504 114 391 504 340 504 278 114 454 1 1 340 504 391 227 227 228 1 278 114 1 227 340 504 227 114 227 115 504 504 340 278 227 1 114 504 504 1 227 340 227 165 504 227 1 453 1 227 227 391 504 340 227 453 278 504 227 453 340 1 227 504 340 504 114 453 504 453 341 504 114 391 340 453 278 1 453 504 391 340 340 504 278 391 1 391 504 453 1 453 114 453 227 340 453 228 504 391 340 504 227 504 391 1 340 504 391 114 227 227 504 453 227 114 341 504 340 504 504 278 227 340 227 165 340 114 391 1 1 227 391 278 340 391 504 1 1 454 227 227 504 114 228 114 504 340 1 504 504 114 504 227 1 504 504 115 391 227 340 504 228 340 227 114 391 340 227 340 228 114 391 340 504 1 1 391 391 227 391 504 227 504 278 391 340 340 278 1 227 227 278 1 278 391 504 227 504 504 278 114 453 114 391 504 1 504 504 114 340 114 504 1 453 1 340 340 341 114 1 504 227 391 504 115 114 227 
c [Incremental] Max used label: 504.
c [Incremental] Label 504 is removed from searching.
c [Incremental] Solving for max label = 503:
c [Incremental] Solving duration: 1013 ms.
s [Incremental] SAT (label = 503).
c [Incremental] Label assignment: 1 1 1 277 1 1 390 277 164 1 1 1 503 114 1 277 164 1 114 114 1 114 503 390 503 503 277 1 390 1 390 1 1 114 1 1 1 114 1 503 390 1 1 1 1 1 1 1 1 114 503 1 114 503 114 114 1 114 114 114 1 227 51 1 503 1 114 1 114 503 503 1 114 1 1 1 503 114 114 1 277 1 114 1 114 114 1 1 114 114 114 114 227 114 1 114 1 390 1 1 114 503 277 114 227 1 227 390 503 114 114 503 164 114 1 1 227 1 164 114 1 114 227 114 164 51 1 114 1 227 114 227 227 503 227 1 227 1 277 227 114 277 503 227 1 227 114 340 114 390 1 390 503 390 114 503 164 390 114 1 114 277 164 1 340 114 1 114 227 340 1 390 227 114 277 503 227 227 1 114 114 227 2 114 227 340 1 340 1 114 114 277 114 277 1 277 114 227 277 227 114 340 227 390 340 503 340 114 227 503 340 227 390 1 227 341 114 503 277 1 390 114 390 1 340 1 51 227 114 114 1 1 503 1 503 503 114 340 114 114 227 503 227 114 503 227 114 340 227 114 227 114 340 228 2 1 114 277 503 340 503 341 277 390 114 1 1 340 340 114 227 503 51 503 227 340 390 227 390 227 340 227 114 227 228 114 227 1 454 1 1 1 114 503 390 390 340 503 2 340 340 227 453 1 227 114 503 51 340 227 227 1 390 503 453 114 390 503 1 114 1 340 1 227 114 340 114 503 114 503 503 390 164 164 164 503 340 341 340 114 340 227 390 390 227 340 390 503 390 227 1 503 114 1 340 1 340 115 340 503 390 114 390 390 227 453 503 114 390 503 340 503 277 114 454 1 1 340 503 390 227 227 228 1 277 114 1 227 340 503 227 114 227 115 503 503 340 277 227 1 114 503 503 1 227 340 227 164 503 227 1 453 1 227 227 390 503 340 227 453 277 503 227 453 340 1 227 503 340 503 114 453 503 453 341 503 114 390 340 453 277 1 453 503 390 340 340 503 277 390 1 390 503 453 1 453 114 453 227 340 453 228 503 390 340 503 227 503 390 1 340 503 390 114 227 227 503 453 227 114 341 503 340 503 503 277 227 340 227 164 340 114 390 1 1 227 390 277 340 390 503 1 1 454 227 227 503 114 228 114 503 340 1 503 503 114 503 227 1 503 503 115 390 227 340 503 228 340 227 114 390 340 227 340 228 114 390 340 503 1 1 390 390 227 390 503 227 503 277 390 340 340 277 1 227 227 277 1 277 390 503 227 503 503 277 114 453 114 390 503 1 503 503 114 340 114 503 1 453 1 340 340 341 114 1 503 227 390 503 115 114 227 
c [Incremental] Max used label: 503.
c [Incremental] Label 503 is removed from searching.
c [Incremental] Solving for max label = 502:
c [Incremental] Solving duration: 874 ms.
s [Incremental] SAT (label = 502).
c [Incremental] Label assignment: 1 1 1 276 1 1 389 276 163 1 1 1 502 114 1 276 163 1 114 114 1 114 502 389 502 502 276 1 389 1 389 1 1 114 1 1 1 114 1 502 389 1 1 1 1 1 1 1 1 114 502 1 114 502 114 114 1 114 114 114 1 227 50 1 502 1 114 1 114 502 502 1 114 1 1 1 502 114 114 1 276 1 114 1 114 114 1 1 114 114 114 114 227 114 1 114 1 389 1 1 114 502 276 114 227 1 227 389 502 114 114 502 163 114 1 1 227 1 163 114 1 114 227 114 163 50 1 114 1 227 114 227 227 502 227 1 227 1 276 227 114 276 502 227 1 227 114 340 114 389 1 389 502 389 114 502 163 389 114 1 114 276 163 1 340 114 1 114 227 340 1 389 227 114 276 502 227 227 1 114 114 227 2 114 227 340 1 340 1 114 114 276 114 276 1 276 114 227 276 227 114 340 227 389 340 502 340 114 227 502 340 227 389 1 227 341 114 502 276 1 389 114 389 1 340 1 50 227 114 114 1 1 502 1 502 502 114 340 114 114 227 502 227 114 502 227 114 340 227 114 227 114 340 228 2 1 114 276 502 340 502 341 276 389 114 1 1 340 340 114 227 502 50 502 227 340 389 227 389 227 340 227 114 227 228 114 227 1 454 1 1 1 114 502 389 389 340 502 2 340 340 227 453 1 227 114 502 50 340 227 227 1 389 502 453 114 389 502 1 114 1 340 1 227 114 340 114 502 114 502 502 389 163 163 163 502 340 341 340 114 340 227 389 389 227 340 389 502 389 227 1 502 114 1 340 1 340 115 340 502 389 114 389 389 227 453 502 114 389 502 340 502 276 114 454 1 1 340 502 389 227 227 228 1 276 114 1 227 340 502 227 114 227 115 502 502 340 276 227 1 114 502 502 1 227 340 227 163 502 227 1 453 1 227 227 389 502 340 227 453 276 502 227 453 340 1 227 502 340 502 114 453 502 453 341 502 114 389 340 453 276 1 453 502 389 340 340 502 276 389 1 389 502 453 1 453 114 453 227 340 453 228 502 389 340 502 227 502 389 1 340 502 389 114 227 227 502 453 227 114 341 502 340 502 502 276 227 340 227 163 340 114 389 1 1 227 389 276 340 389 502 1 1 454 227 227 502 114 228 114 502 340 1 502 502 114 502 227 1 502 502 115 389 227 340 502 228 340 227 114 389 340 227 340 228 114 389 340 502 1 1 389 389 227 389 502 227 502 276 389 340 340 276 1 227 227 276 1 276 389 502 227 502 502 276 114 453 114 389 502 1 502 502 114 340 114 502 1 453 1 340 340 341 114 1 502 227 389 502 115 114 227 
c [Incremental] Max used label: 502.
c [Incremental] Label 502 is removed from searching.
c [Incremental] Solving for max label = 501:
c [Incremental] Solving duration: 978 ms.
s [Incremental] SAT (label = 501).
c [Incremental] Label assignment: 1 1 1 275 1 1 388 275 162 1 1 1 501 114 1 275 162 1 114 114 1 114 501 388 501 501 275 1 388 1 388 1 1 114 1 1 1 114 1 501 388 1 1 1 1 1 1 1 1 114 501 1 114 501 114 114 1 114 114 114 1 227 49 1 501 1 114 1 114 501 501 1 114 1 1 1 501 114 114 1 275 1 114 1 114 114 1 1 114 114 114 114 227 114 1 114 1 388 1 1 114 501 275 114 227 1 227 388 501 114 114 501 162 114 1 1 227 1 162 114 1 114 227 114 162 49 1 114 1 227 114 227 227 501 227 1 227 1 275 227 114 275 501 227 1 227 114 340 114 388 1 388 501 388 114 501 162 388 114 1 114 275 162 1 340 114 1 114 227 340 1 388 227 114 275 501 227 227 1 114 114 227 2 114 227 340 1 340 1 114 114 275 114 275 1 275 114 227 275 227 114 340 227 388 340 501 340 114 227 501 340 227 388 1 227 341 114 501 275 1 388 114 388 1 340 1 49 227 114 114 1 1 501 1 501 501 114 340 114 114 227 501 227 114 501 227 114 340 227 114 227 114 340 228 2 1 114 275 501 340 501 341 275 388 114 1 1 340 340 114 227 501 49 501 227 340 388 227 388 227 340 227 114 227 228 114 227 1 454 1 1 1 114 501 388 388 340 501 2 340 340 227 453 1 227 114 501 49 340 227 227 1 388 501 453 114 388 501 1 114 1 340 1 227 114 340 114 501 114 501 501 388 162 162 162 501 340 341 340 114 340 227 388 388 227 340 388 501 388 227 1 501 114 1 340 1 340 115 340 501 388 114 388 388 227 453 501 114 388 501 340 501 275 114 454 1 1 340 501 388 227 227 228 1 275 114 1 227 340 501 227 114 227 115 501 501 340 275 227 1 114 501 501 1 227 340 227 162 501 227 1 453 1 227 227 388 501 340 227 453 275 501 227 453 340 1 227 501 340 501 114 453 501 453 341 501 114 388 340 453 275 1 453 501 388 340 340 501 275 388 1 388 501 453 1 453 114 453 227 340 453 228 501 388 340 501 227 501 388 1 340 501 388 114 227 227 501 453 227 114 341 501 340 501 501 275 227 340 227 162 340 114 388 1 1 227 388 275 340 388 501 1 1 454 227 227 501 114 228 114 501 340 1 501 501 114 501 227 1 501 501 115 388 227 340 501 228 340 227 114 388 340 227 340 228 114 388 340 501 1 1 388 388 227 388 501 227 501 275 388 340 340 275 1 227 227 275 1 275 388 501 227 501 501 275 114 453 114 388 501 1 501 501 114 340 114 501 1 453 1 340 340 341 114 1 501 227 388 501 115 114 227 
c [Incremental] Max used label: 501.
c [Incremental] Label 501 is removed from searching.
c [Incremental] Solving for max label = 500:
c [Incremental] Solving duration: 1015 ms.
s [Incremental] SAT (label = 500).
c [Incremental] Label assignment: 1 1 1 274 1 1 387 274 161 1 1 1 500 114 1 274 161 1 114 114 1 114 500 387 500 500 274 1 387 1 387 1 1 114 1 1 1 114 1 500 387 1 1 1 1 1 1 1 1 114 500 1 114 500 114 114 1 114 114 114 1 227 48 1 500 1 114 1 114 500 500 1 114 1 1 1 500 114 114 1 274 1 114 1 114 114 1 1 114 114 114 114 227 114 1 114 1 387 1 1 114 500 274 114 227 1 227 387 500 114 114 500 161 114 1 1 227 1 161 114 1 114 227 114 161 48 1 114 1 227 114 227 227 500 227 1 227 1 274 227 114 274 500 227 1 227 114 340 114 387 1 387 500 387 114 500 161 387 114 1 114 274 161 1 340 114 1 114 227 340 1 387 227 114 274 500 227 227 1 114 114 227 2 114 227 340 1 340 1 114 114 274 114 274 1 274 114 227 274 227 114 340 227 387 340 500 340 114 227 500 340 227 387 1 227 341 114 500 274 1 387 114 387 1 340 1 48 227 114 114 1 1 500 1 500 500 114 340 114 114 227 500 227 114 500 227 114 340 227 114 227 114 340 228 2 1 114 274 500 340 500 341 274 387 114 1 1 340 340 114 227 500 48 500 227 340 387 227 387 227 340 227 114 227 228 114 227 1 454 1 1 1 114 500 387 387 340 500 2 340 340 227 453 1 227 114 500 48 340 227 227 1 387 500 453 114 387 500 1 114 1 340 1 227 114 340 114 500 114 500 500 387 161 161 161 500 340 341 340 114 340 227 387 387 227 340 387 500 387 227 1 500 114 1 340 1 340 115 340 500 387 114 387 387 227 453 500 114 387 500 340 500 274 114 454 1 1 340 500 387 227 227 228 1 274 114 1 227 340 500 227 114 227 115 500 500 340 274 227 1 114 500 500 1 227 340 227 161 500 227 1 453 1 227 227 387 500 340 227 453 274 500 227 453 340 1 227 500 340 500 114 453 500 453 341 500 114 387 340 453 274 1 453 500 387 340 340 500 274 387 1 387 500 453 1 453 114 453 227 340 453 228 500 387 340 500 227 500 387 1 340 500 387 114 227 227 500 453 227 114 341 500 340 500 500 274 227 340 227 161 340 114 387 1 1 227 387 274 340 387 500 1 1 454 227 227 500 114 228 114 500 340 1 500 500 114 500 227 1 500 500 115 387 227 340 500 228 340 227 114 387 340 227 340 228 114 387 340 500 1 1 387 387 227 387 500 227 500 274 387 340 340 274 1 227 227 274 1 274 387 500 227 500 500 274 114 453 114 387 500 1 500 500 114 340 114 500 1 453 1 340 340 341 114 1 500 227 387 500 115 114 227 
c [Incremental] Max used label: 500.
c [Incremental] Label 500 is removed from searching.
c [Incremental] Solving for max label = 499:
c [Incremental] Solving duration: 898 ms.
s [Incremental] SAT (label = 499).
c [Incremental] Label assignment: 1 1 1 273 1 1 386 273 160 1 1 1 499 114 1 273 160 1 114 114 1 114 499 386 499 499 273 1 386 1 386 1 1 114 1 1 1 114 1 499 386 1 1 1 1 1 1 1 1 114 499 1 114 499 114 114 1 114 114 114 1 227 47 1 499 1 114 1 114 499 499 1 114 1 1 1 499 114 114 1 273 1 114 1 114 114 1 1 114 114 114 114 227 114 1 114 1 386 1 1 114 499 273 114 227 1 227 386 499 114 114 499 160 114 1 1 227 1 160 114 1 114 227 114 160 47 1 114 1 227 114 227 227 499 227 1 227 1 273 227 114 273 499 227 1 227 114 340 114 386 1 386 499 386 114 499 160 386 114 1 114 273 160 1 340 114 1 114 227 340 1 386 227 114 273 499 227 227 1 114 114 227 2 114 227 340 1 340 1 114 114 273 114 273 1 273 114 227 273 227 114 340 227 386 340 499 340 114 227 499 340 227 386 1 227 341 114 499 273 1 386 114 386 1 340 1 47 227 114 114 1 1 499 1 499 499 114 340 114 114 227 499 227 114 499 227 114 340 227 114 227 114 340 228 2 1 114 273 499 340 499 341 273 386 114 1 1 340 340 114 227 499 47 499 227 340 386 227 386 227 340 227 114 227 228 114 227 1 454 1 1 1 114 499 386 386 340 499 2 340 340 227 453 1 227 114 499 47 340 227 227 1 386 499 453 114 386 499 1 114 1 340 1 227 114 340 114 499 114 499 499 386 160 160 160 499 340 341 340 114 340 227 386 386 227 340 386 499 386 227 1 499 114 1 340 1 340 115 340 499 386 114 386 386 227 453 499 114 386 499 340 499 273 114 454 1 1 340 499 386 227 227 228 1 273 114 1 227 340 499 227 114 227 115 499 499 340 273 227 1 114 499 499 1 227 340 227 160 499 227 1 453 1 227 227 386 499 340 227 453 273 499 227 453 340 1 227 499 340 499 114 453 499 453 341 499 114 386 340 453 273 1 453 499 386 340 340 499 273 386 1 386 499 453 1 453 114 453 227 340 453 228 499 386 340 499 227 499 386 1 340 499 386 114 227 227 499 453 227 114 341 499 340 499 499 273 227 340 227 160 340 114 386 1 1 227 386 273 340 386 499 1 1 454 227 227 499 114 228 114 499 340 1 499 499 114 499 227 1 499 499 115 386 227 340 499 228 340 227 114 386 340 227 340 228 114 386 340 499 1 1 386 386 227 386 499 227 499 273 386 340 340 273 1 227 227 273 1 273 386 499 227 499 499 273 114 453 114 386 499 1 499 499 114 340 114 499 1 453 1 340 340 341 114 1 499 227 386 499 115 114 227 
c [Incremental] Max used label: 499.
c [Incremental] Label 499 is removed from searching.
c [Incremental] Solving for max label = 498:
c [Incremental] Solving duration: 888 ms.
s [Incremental] SAT (label = 498).
c [Incremental] Label assignment: 1 1 1 272 1 1 385 272 159 1 1 1 498 114 1 272 159 1 114 114 1 114 498 385 498 498 272 1 385 1 385 1 1 114 1 1 1 114 1 498 385 1 1 1 1 1 1 1 1 114 498 1 114 498 114 114 1 114 114 114 1 227 46 1 498 1 114 1 114 498 498 1 114 1 1 1 498 114 114 1 272 1 114 1 114 114 1 1 114 114 114 114 227 114 1 114 1 385 1 1 114 498 272 114 227 1 227 385 498 114 114 498 159 114 1 1 227 1 159 114 1 114 227 114 159 46 1 114 1 227 114 227 227 498 227 1 227 1 272 227 114 272 498 227 1 227 114 340 114 385 1 385 498 385 114 498 159 385 114 1 114 272 159 1 340 114 1 114 227 340 1 385 227 114 272 498 227 227 1 114 114 227 2 114 227 340 1 340 1 114 114 272 114 272 1 272 114 227 272 227 114 340 227 385 340 498 340 114 227 498 340 227 385 1 227 341 114 498 272 1 385 114 385 1 340 1 46 227 114 114 1 1 498 1 498 498 114 340 114 114 227 498 227 114 498 227 114 340 227 114 227 114 340 228 2 1 114 272 498 340 498 341 272 385 114 1 1 340 340 114 227 498 46 498 227 340 385 227 385 227 340 227 114 227 228 114 227 1 454 1 1 1 114 498 385 385 340 498 2 340 340 227 453 1 227 114 498 46 340 227 227 1 385 498 453 114 385 498 1 114 1 340 1 227 114 340 114 498 114 498 498 385 159 159 159 498 340 341 340 114 340 227 385 385 227 340 385 498 385 227 1 498 114 1 340 1 340 115 340 498 385 114 385 385 227 453 498 114 385 498 340 498 272 114 454 1 1 340 498 385 227 227 228 1 272 114 1 227 340 498 227 114 227 115 498 498 340 272 227 1 114 498 498 1 227 340 227 159 498 227 1 453 1 227 227 385 498 340 227 453 272 498 227 453 340 1 227 498 340 498 114 453 498 453 341 498 114 385 340 453 272 1 453 498 385 340 340 498 272 385 1 385 498 453 1 453 114 453 227 340 453 228 498 385 340 498 227 498 385 1 340 498 385 114 227 227 498 453 227 114 341 498 340 498 498 272 227 340 227 159 340 114 385 1 1 227 385 272 340 385 498 1 1 454 227 227 498 114 228 114 498 340 1 498 498 114 498 227 1 498 498 115 385 227 340 498 228 340 227 114 385 340 227 340 228 114 385 340 498 1 1 385 385 227 385 498 227 498 272 385 340 340 272 1 227 227 272 1 272 385 498 227 498 498 272 114 453 114 385 498 1 498 498 114 340 114 498 1 453 1 340 340 341 114 1 498 227 385 498 115 114 227 
c [Incremental] Max used label: 498.
c [Incremental] Label 498 is removed from searching.
c [Incremental] Solving for max label = 497:
c [Incremental] Solving duration: 947 ms.
s [Incremental] SAT (label = 497).
c [Incremental] Label assignment: 1 1 1 271 1 1 384 271 158 1 1 1 497 114 1 271 158 1 114 114 1 114 497 384 497 497 271 1 384 1 384 1 1 114 1 1 1 114 1 497 384 1 1 1 1 1 1 1 1 114 497 1 114 497 114 114 1 114 114 114 1 227 45 1 497 1 114 1 114 497 497 1 114 1 1 1 497 114 114 1 271 1 114 1 114 114 1 1 114 114 114 114 227 114 1 114 1 384 1 1 114 497 271 114 227 1 227 384 497 114 114 497 158 114 1 1 227 1 158 114 1 114 227 114 158 45 1 114 1 227 114 227 227 497 227 1 227 1 271 227 114 271 497 227 1 227 114 340 114 384 1 384 497 384 114 497 158 384 114 1 114 271 158 1 340 114 1 114 227 340 1 384 227 114 271 497 227 227 1 114 114 227 2 114 227 340 1 340 1 114 114 271 114 271 1 271 114 227 271 227 114 340 227 384 340 497 340 114 227 497 340 227 384 1 227 341 114 497 271 1 384 114 384 1 340 1 45 227 114 114 1 1 497 1 497 497 114 340 114 114 227 497 227 114 497 227 114 340 227 114 227 114 340 228 2 1 114 271 497 340 497 341 271 384 114 1 1 340 340 114 227 497 45 497 227 340 384 227 384 227 340 227 114 227 228 114 227 1 454 1 1 1 114 497 384 384 340 497 2 340 340 227 453 1 227 114 497 45 340 227 227 1 384 497 453 114 384 497 1 114 1 340 1 227 114 340 114 497 114 497 497 384 158 158 158 497 340 341 340 114 340 227 384 384 227 340 384 497 384 227 1 497 114 1 340 1 340 115 340 497 384 114 384 384 227 453 497 114 384 497 340 497 271 114 454 1 1 340 497 384 227 227 228 1 271 114 1 227 340 497 227 114 227 115 497 497 340 271 227 1 114 497 497 1 227 340 227 158 497 227 1 453 1 227 227 384 497 340 227 453 271 497 227 453 340 1 227 497 340 497 114 453 497 453 341 497 114 384 340 453 271 1 453 497 384 340 340 497 271 384 1 384 497 453 1 453 114 453 227 340 453 228 497 384 340 497 227 497 384 1 340 497 384 114 227 227 497 453 227 114 341 497 340 497 497 271 227 340 227 158 340 114 384 1 1 227 384 271 340 384 497 1 1 454 227 227 497 114 228 114 497 340 1 497 497 114 497 227 1 497 497 115 384 227 340 497 228 340 227 114 384 340 227 340 228 114 384 340 497 1 1 384 384 227 384 497 227 497 271 384 340 340 271 1 227 227 271 1 271 384 497 227 497 497 271 114 453 114 384 497 1 497 497 114 340 114 497 1 453 1 340 340 341 114 1 497 227 384 497 115 114 227 
c [Incremental] Max used label: 497.
c [Incremental] Label 497 is removed from searching.
c [Incremental] Solving for max label = 496:
c [Incremental] Solving duration: 959 ms.
s [Incremental] SAT (label = 496).
c [Incremental] Label assignment: 1 1 1 270 1 1 383 270 157 1 1 1 496 114 1 270 157 1 114 114 1 114 496 383 496 496 270 1 383 1 383 1 1 114 1 1 1 114 1 496 383 1 1 1 1 1 1 1 1 114 496 1 114 496 114 114 1 114 114 114 1 227 44 1 496 1 114 1 114 496 496 1 114 1 1 1 496 114 114 1 270 1 114 1 114 114 1 1 114 114 114 114 227 114 1 114 1 383 1 1 114 496 270 114 227 1 227 383 496 114 114 496 157 114 1 1 227 1 157 114 1 114 227 114 157 44 1 114 1 227 114 227 227 496 227 1 227 1 270 227 114 270 496 227 1 227 114 340 114 383 1 383 496 383 114 496 157 383 114 1 114 270 157 1 340 114 1 114 227 340 1 383 227 114 270 496 227 227 1 114 114 227 2 114 227 340 1 340 1 114 114 270 114 270 1 270 114 227 270 227 114 340 227 383 340 496 340 114 227 496 340 227 383 1 227 341 114 496 270 1 383 114 383 1 340 1 44 227 114 114 1 1 496 1 496 496 114 340 114 114 227 496 227 114 496 227 114 340 227 114 227 114 340 228 2 1 114 270 496 340 496 341 270 383 114 1 1 340 340 114 227 496 44 496 227 340 383 227 383 227 340 227 114 227 228 114 227 1 454 1 1 1 114 496 383 383 340 496 2 340 340 227 453 1 227 114 496 44 340 227 227 1 383 496 453 114 383 496 1 114 1 340 1 227 114 340 114 496 114 496 496 383 157 157 157 496 340 341 340 114 340 227 383 383 227 340 383 496 383 227 1 496 114 1 340 1 340 115 340 496 383 114 383 383 227 453 496 114 383 496 340 496 270 114 454 1 1 340 496 383 227 227 228 1 270 114 1 227 340 496 227 114 227 115 496 496 340 270 227 1 114 496 496 1 227 340 227 157 496 227 1 453 1 227 227 383 496 340 227 453 270 496 227 453 340 1 227 496 340 496 114 453 496 453 341 496 114 383 340 453 270 1 453 496 383 340 340 496 270 383 1 383 496 453 1 453 114 453 227 340 453 228 496 383 340 496 227 496 383 1 340 496 383 114 227 227 496 453 227 114 341 496 340 496 496 270 227 340 227 157 340 114 383 1 1 227 383 270 340 383 496 1 1 454 227 227 496 114 228 114 496 340 1 496 496 114 496 227 1 496 496 115 383 227 340 496 228 340 227 114 383 340 227 340 228 114 383 340 496 1 1 383 383 227 383 496 227 496 270 383 340 340 270 1 227 227 270 1 270 383 496 227 496 496 270 114 453 114 383 496 1 496 496 114 340 114 496 1 453 1 340 340 341 114 1 496 227 383 496 115 114 227 
c [Incremental] Max used label: 496.
c [Incremental] Label 496 is removed from searching.
c [Incremental] Solving for max label = 495:
c [Incremental] Solving duration: 960 ms.
s [Incremental] SAT (label = 495).
c [Incremental] Label assignment: 1 1 1 269 1 1 382 269 156 1 1 1 495 114 1 269 156 1 114 114 1 114 495 382 495 495 269 1 382 1 382 1 1 114 1 1 1 114 1 495 382 1 1 1 1 1 1 1 1 114 495 1 114 495 114 114 1 114 114 114 1 227 43 1 495 1 114 1 114 495 495 1 114 1 1 1 495 114 114 1 269 1 114 1 114 114 1 1 114 114 114 114 227 114 1 114 1 382 1 1 114 495 269 114 227 1 227 382 495 114 114 495 156 114 1 1 227 1 156 114 1 114 227 114 156 43 1 114 1 227 114 227 227 495 227 1 227 1 269 227 114 269 495 227 1 227 114 340 114 382 1 382 495 382 114 495 156 382 114 1 114 269 156 1 340 114 1 114 227 340 1 382 227 114 269 495 227 227 1 114 114 227 2 114 227 340 1 340 1 114 114 269 114 269 1 269 114 227 269 227 114 340 227 382 340 495 340 114 227 495 340 227 382 1 227 341 114 495 269 1 382 114 382 1 340 1 43 227 114 114 1 1 495 1 495 495 114 340 114 114 227 495 227 114 495 227 114 340 227 114 227 114 340 228 2 1 114 269 495 340 495 341 269 382 114 1 1 340 340 114 227 495 43 495 227 340 382 227 382 227 340 227 114 227 228 114 227 1 454 1 1 1 114 495 382 382 340 495 2 340 340 227 453 1 227 114 495 43 340 227 227 1 382 495 453 114 382 495 1 114 1 340 1 227 114 340 114 495 114 495 495 382 156 156 156 495 340 341 340 114 340 227 382 382 227 340 382 495 382 227 1 495 114 1 340 1 340 115 340 495 382 114 382 382 227 453 495 114 382 495 340 495 269 114 454 1 1 340 495 382 227 227 228 1 269 114 1 227 340 495 227 114 227 115 495 495 340 269 227 1 114 495 495 1 227 340 227 156 495 227 1 453 1 227 227 382 495 340 227 453 269 495 227 453 340 1 227 495 340 495 114 453 495 453 341 495 114 382 340 453 269 1 453 495 382 340 340 495 269 382 1 382 495 453 1 453 114 453 227 340 453 228 495 382 340 495 227 495 382 1 340 495 382 114 227 227 495 453 227 114 341 495 340 495 495 269 227 340 227 156 340 114 382 1 1 227 382 269 340 382 495 1 1 454 227 227 495 114 228 114 495 340 1 495 495 114 495 227 1 495 495 115 382 227 340 495 228 340 227 114 382 340 227 340 228 114 382 340 495 1 1 382 382 227 382 495 227 495 269 382 340 340 269 1 227 227 269 1 269 382 495 227 495 495 269 114 453 114 382 495 1 495 495 114 340 114 495 1 453 1 340 340 341 114 1 495 227 382 495 115 114 227 
c [Incremental] Max used label: 495.
c [Incremental] Label 495 is removed from searching.
c [Incremental] Solving for max label = 494:
c [Incremental] Solving duration: 901 ms.
s [Incremental] SAT (label = 494).
c [Incremental] Label assignment: 1 1 1 268 1 1 381 268 155 1 1 1 494 114 1 268 155 1 114 114 1 114 494 381 494 494 268 1 381 1 381 1 1 114 1 1 1 114 1 494 381 1 1 1 1 1 1 1 1 114 494 1 114 494 114 114 1 114 114 114 1 227 42 1 494 1 114 1 114 494 494 1 114 1 1 1 494 114 114 1 268 1 114 1 114 114 1 1 114 114 114 114 227 114 1 114 1 381 1 1 114 494 268 114 227 1 227 381 494 114 114 494 155 114 1 1 227 1 155 114 1 114 227 114 155 42 1 114 1 227 114 227 227 494 227 1 227 1 268 227 114 268 494 227 1 227 114 340 114 381 1 381 494 381 114 494 155 381 114 1 114 268 155 1 340 114 1 114 227 340 1 381 227 114 268 494 227 227 1 114 114 227 2 114 227 340 1 340 1 114 114 268 114 268 1 268 114 227 268 227 114 340 227 381 340 494 340 114 227 494 340 227 381 1 227 341 114 494 268 1 381 114 381 1 340 1 42 227 114 114 1 1 494 1 494 494 114 340 114 114 227 494 227 114 494 227 114 340 227 114 227 114 340 228 2 1 114 268 494 340 494 341 268 381 114 1 1 340 340 114 227 494 42 494 227 340 381 227 381 227 340 227 114 227 228 114 227 1 454 1 1 1 114 494 381 381 340 494 2 340 340 227 453 1 227 114 494 42 340 227 227 1 381 494 453 114 381 494 1 114 1 340 1 227 114 340 114 494 114 494 494 381 155 155 155 494 340 341 340 114 340 227 381 381 227 340 381 494 381 227 1 494 114 1 340 1 340 115 340 494 381 114 381 381 227 453 494 114 381 494 340 494 268 114 454 1 1 340 494 381 227 227 228 1 268 114 1 227 340 494 227 114 227 115 494 494 340 268 227 1 114 494 494 1 227 340 227 155 494 227 1 453 1 227 227 381 494 340 227 453 268 494 227 453 340 1 227 494 340 494 114 453 494 453 341 494 114 381 340 453 268 1 453 494 381 340 340 494 268 381 1 381 494 453 1 453 114 453 227 340 453 228 494 381 340 494 227 494 381 1 340 494 381 114 227 227 494 453 227 114 341 494 340 494 494 268 227 340 227 155 340 114 381 1 1 227 381 268 340 381 494 1 1 454 227 227 494 114 228 114 494 340 1 494 494 114 494 227 1 494 494 115 381 227 340 494 228 340 227 114 381 340 227 340 228 114 381 340 494 1 1 381 381 227 381 494 227 494 268 381 340 340 268 1 227 227 268 1 268 381 494 227 494 494 268 114 453 114 381 494 1 494 494 114 340 114 494 1 453 1 340 340 341 114 1 494 227 381 494 115 114 227 
c [Incremental] Max used label: 494.
c [Incremental] Label 494 is removed from searching.
c [Incremental] Solving for max label = 493:
c [Incremental] Solving duration: 919 ms.
s [Incremental] SAT (label = 493).
c [Incremental] Label assignment: 1 1 1 267 1 1 380 267 154 1 1 1 493 114 1 267 154 1 114 114 1 114 493 380 493 493 267 1 380 1 380 1 1 114 1 1 1 114 1 493 380 1 1 1 1 1 1 1 1 114 493 1 114 493 114 114 1 114 114 114 1 227 41 1 493 1 114 1 114 493 493 1 114 1 1 1 493 114 114 1 267 1 114 1 114 114 1 1 114 114 114 114 227 114 1 114 1 380 1 1 114 493 267 114 227 1 227 380 493 114 114 493 154 114 1 1 227 1 154 114 1 114 227 114 154 41 1 114 1 227 114 227 227 493 227 1 227 1 267 227 114 267 493 227 1 227 114 340 114 380 1 380 493 380 114 493 154 380 114 1 114 267 154 1 340 114 1 114 227 340 1 380 227 114 267 493 227 227 1 114 114 227 2 114 227 340 1 340 1 114 114 267 114 267 1 267 114 227 267 227 114 340 227 380 340 493 340 114 227 493 340 227 380 1 227 341 114 493 267 1 380 114 380 1 340 1 41 227 114 114 1 1 493 1 493 493 114 340 114 114 227 493 227 114 493 227 114 340 227 114 227 114 340 228 2 1 114 267 493 340 493 341 267 380 114 1 1 340 340 114 227 493 41 493 227 340 380 227 380 227 340 227 114 227 228 114 227 1 454 1 1 1 114 493 380 380 340 493 2 340 340 227 453 1 227 114 493 41 340 227 227 1 380 493 453 114 380 493 1 114 1 340 1 227 114 340 114 493 114 493 493 380 154 154 154 493 340 341 340 114 340 227 380 380 227 340 380 493 380 227 1 493 114 1 340 1 340 115 340 493 380 114 380 380 227 453 493 114 380 493 340 493 267 114 454 1 1 340 493 380 227 227 228 1 267 114 1 227 340 493 227 114 227 115 493 493 340 267 227 1 114 493 493 1 227 340 227 154 493 227 1 453 1 227 227 380 493 340 227 453 267 493 227 453 340 1 227 493 340 493 114 453 493 453 341 493 114 380 340 453 267 1 453 493 380 340 340 493 267 380 1 380 493 453 1 453 114 453 227 340 453 228 493 380 340 493 227 493 380 1 340 493 380 114 227 227 493 453 227 114 341 493 340 493 493 267 227 340 227 154 340 114 380 1 1 227 380 267 340 380 493 1 1 454 227 227 493 114 228 114 493 340 1 493 493 114 493 227 1 493 493 115 380 227 340 493 228 340 227 114 380 340 227 340 228 114 380 340 493 1 1 380 380 227 380 493 227 493 267 380 340 340 267 1 227 227 267 1 267 380 493 227 493 493 267 114 453 114 380 493 1 493 493 114 340 114 493 1 453 1 340 340 341 114 1 493 227 380 493 115 114 227 
c [Incremental] Max used label: 493.
c [Incremental] Label 493 is removed from searching.
c [Incremental] Solving for max label = 492:
c [Incremental] Solving duration: 885 ms.
s [Incremental] SAT (label = 492).
c [Incremental] Label assignment: 1 1 1 266 1 1 379 266 153 1 1 1 492 114 1 266 153 1 114 114 1 114 492 379 492 492 266 1 379 1 379 1 1 114 1 1 1 114 1 492 379 1 1 1 1 1 1 1 1 114 492 1 114 492 114 114 1 114 114 114 1 227 40 1 492 1 114 1 114 492 492 1 114 1 1 1 492 114 114 1 266 1 114 1 114 114 1 1 114 114 114 114 227 114 1 114 1 379 1 1 114 492 266 114 227 1 227 379 492 114 114 492 153 114 1 1 227 1 153 114 1 114 227 114 153 40 1 114 1 227 114 227 227 492 227 1 227 1 266 227 114 266 492 227 1 227 114 340 114 379 1 379 492 379 114 492 153 379 114 1 114 266 153 1 340 114 1 114 227 340 1 379 227 114 266 492 227 227 1 114 114 227 2 114 227 340 1 340 1 114 114 266 114 266 1 266 114 227 266 227 114 340 227 379 340 492 340 114 227 492 340 227 379 1 227 341 114 492 266 1 379 114 379 1 340 1 40 227 114 114 1 1 492 1 492 492 114 340 114 114 227 492 227 114 492 227 114 340 227 114 227 114 340 228 2 1 114 266 492 340 492 341 266 379 114 1 1 340 340 114 227 492 40 492 227 340 379 227 379 227 340 227 114 227 228 114 227 1 454 1 1 1 114 492 379 379 340 492 2 340 340 227 453 1 227 114 492 40 340 227 227 1 379 492 453 114 379 492 1 114 1 340 1 227 114 340 114 492 114 492 492 379 153 153 153 492 340 341 340 114 340 227 379 379 227 340 379 492 379 227 1 492 114 1 340 1 340 115 340 492 379 114 379 379 227 453 492 114 379 492 340 492 266 114 454 1 1 340 492 379 227 227 228 1 266 114 1 227 340 492 227 114 227 115 492 492 340 266 227 1 114 492 492 1 227 340 227 153 492 227 1 453 1 227 227 379 492 340 227 453 266 492 227 453 340 1 227 492 340 492 114 453 492 453 341 492 114 379 340 453 266 1 453 492 379 340 340 492 266 379 1 379 492 453 1 453 114 453 227 340 453 228 492 379 340 492 227 492 379 1 340 492 379 114 227 227 492 453 227 114 341 492 340 492 492 266 227 340 227 153 340 114 379 1 1 227 379 266 340 379 492 1 1 454 227 227 492 114 228 114 492 340 1 492 492 114 492 227 1 492 492 115 379 227 340 492 228 340 227 114 379 340 227 340 228 114 379 340 492 1 1 379 379 227 379 492 227 492 266 379 340 340 266 1 227 227 266 1 266 379 492 227 492 492 266 114 453 114 379 492 1 492 492 114 340 114 492 1 453 1 340 340 341 114 1 492 227 379 492 115 114 227 
c [Incremental] Max used label: 492.
c [Incremental] Label 492 is removed from searching.
c [Incremental] Solving for max label = 491:
c [Incremental] Solving duration: 887 ms.
s [Incremental] SAT (label = 491).
c [Incremental] Label assignment: 1 1 1 265 1 1 378 265 152 1 1 1 491 114 1 265 152 1 114 114 1 114 491 378 491 491 265 1 378 1 378 1 1 114 1 1 1 114 1 491 378 1 1 1 1 1 1 1 1 114 491 1 114 491 114 114 1 114 114 114 1 227 39 1 491 1 114 1 114 491 491 1 114 1 1 1 491 114 114 1 265 1 114 1 114 114 1 1 114 114 114 114 227 114 1 114 1 378 1 1 114 491 265 114 227 1 227 378 491 114 114 491 152 114 1 1 227 1 152 114 1 114 227 114 152 39 1 114 1 227 114 227 227 491 227 1 227 1 265 227 114 265 491 227 1 227 114 340 114 378 1 378 491 378 114 491 152 378 114 1 114 265 152 1 340 114 1 114 227 340 1 378 227 114 265 491 227 227 1 114 114 227 2 114 227 340 1 340 1 114 114 265 114 265 1 265 114 227 265 227 114 340 227 378 340 491 340 114 227 491 340 227 378 1 227 341 114 491 265 1 378 114 378 1 340 1 39 227 114 114 1 1 491 1 491 491 114 340 114 114 227 491 227 114 491 227 114 340 227 114 227 114 340 228 2 1 114 265 491 340 491 341 265 378 114 1 1 340 340 114 227 491 39 491 227 340 378 227 378 227 340 227 114 227 228 114 227 1 454 1 1 1 114 491 378 378 340 491 2 340 340 227 453 1 227 114 491 39 340 227 227 1 378 491 453 114 378 491 1 114 1 340 1 227 114 340 114 491 114 491 491 378 152 152 152 491 340 341 340 114 340 227 378 378 227 340 378 491 378 227 1 491 114 1 340 1 340 115 340 491 378 114 378 378 227 453 491 114 378 491 340 491 265 114 454 1 1 340 491 378 227 227 228 1 265 114 1 227 340 491 227 114 227 115 491 491 340 265 227 1 114 491 491 1 227 340 227 152 491 227 1 453 1 227 227 378 491 340 227 453 265 491 227 453 340 1 227 491 340 491 114 453 491 453 341 491 114 378 340 453 265 1 453 491 378 340 340 491 265 378 1 378 491 453 1 453 114 453 227 340 453 228 491 378 340 491 227 491 378 1 340 491 378 114 227 227 491 453 227 114 341 491 340 491 491 265 227 340 227 152 340 114 378 1 1 227 378 265 340 378 491 1 1 454 227 227 491 114 228 114 491 340 1 491 491 114 491 227 1 491 491 115 378 227 340 491 228 340 227 114 378 340 227 340 228 114 378 340 491 1 1 378 378 227 378 491 227 491 265 378 340 340 265 1 227 227 265 1 265 378 491 227 491 491 265 114 453 114 378 491 1 491 491 114 340 114 491 1 453 1 340 340 341 114 1 491 227 378 491 115 114 227 
c [Incremental] Max used label: 491.
c [Incremental] Label 491 is removed from searching.
c [Incremental] Solving for max label = 490:
c [Incremental] Solving duration: 933 ms.
s [Incremental] SAT (label = 490).
c [Incremental] Label assignment: 1 1 1 264 1 1 377 264 151 1 1 1 490 114 1 264 151 1 114 114 1 114 490 377 490 490 264 1 377 1 377 1 1 114 1 1 1 114 1 490 377 1 1 1 1 1 1 1 1 114 490 1 114 490 114 114 1 114 114 114 1 227 38 1 490 1 114 1 114 490 490 1 114 1 1 1 490 114 114 1 264 1 114 1 114 114 1 1 114 114 114 114 227 114 1 114 1 377 1 1 114 490 264 114 227 1 227 377 490 114 114 490 151 114 1 1 227 1 151 114 1 114 227 114 151 38 1 114 1 227 114 227 227 490 227 1 227 1 264 227 114 264 490 227 1 227 114 340 114 377 1 377 490 377 114 490 151 377 114 1 114 264 151 1 340 114 1 114 227 340 1 377 227 114 264 490 227 227 1 114 114 227 2 114 227 340 1 340 1 114 114 264 114 264 1 264 114 227 264 227 114 340 227 377 340 490 340 114 227 490 340 227 377 1 227 341 114 490 264 1 377 114 377 1 340 1 38 227 114 114 1 1 490 1 490 490 114 340 114 114 227 490 227 114 490 227 114 340 227 114 227 114 340 228 2 1 114 264 490 340 490 341 264 377 114 1 1 340 340 114 227 490 38 490 227 340 377 227 377 227 340 227 114 227 228 114 227 1 454 1 1 1 114 490 377 377 340 490 2 340 340 227 453 1 227 114 490 38 340 227 227 1 377 490 453 114 377 490 1 114 1 340 1 227 114 340 114 490 114 490 490 377 151 151 151 490 340 341 340 114 340 227 377 377 227 340 377 490 377 227 1 490 114 1 340 1 340 115 340 490 377 114 377 377 227 453 490 114 377 490 340 490 264 114 454 1 1 340 490 377 227 227 228 1 264 114 1 227 340 490 227 114 227 115 490 490 340 264 227 1 114 490 490 1 227 340 227 151 490 227 1 453 1 227 227 377 490 340 227 453 264 490 227 453 340 1 227 490 340 490 114 453 490 453 341 490 114 377 340 453 264 1 453 490 377 340 340 490 264 377 1 377 490 453 1 453 114 453 227 340 453 228 490 377 340 490 227 490 377 1 340 490 377 114 227 227 490 453 227 114 341 490 340 490 490 264 227 340 227 151 340 114 377 1 1 227 377 264 340 377 490 1 1 454 227 227 490 114 228 114 490 340 1 490 490 114 490 227 1 490 490 115 377 227 340 490 228 340 227 114 377 340 227 340 228 114 377 340 490 1 1 377 377 227 377 490 227 490 264 377 340 340 264 1 227 227 264 1 264 377 490 227 490 490 264 114 453 114 377 490 1 490 490 114 340 114 490 1 453 1 340 340 341 114 1 490 227 377 490 115 114 227 
c [Incremental] Max used label: 490.
c [Incremental] Label 490 is removed from searching.
c [Incremental] Solving for max label = 489:
c [Incremental] Solving duration: 1013 ms.
s [Incremental] SAT (label = 489).
c [Incremental] Label assignment: 1 1 1 263 1 1 376 263 150 1 1 1 489 114 1 263 150 1 114 114 1 114 489 376 489 489 263 1 376 1 376 1 1 114 1 1 1 114 1 489 376 1 1 1 1 1 1 1 1 114 489 1 114 489 114 114 1 114 114 114 1 227 37 1 489 1 114 1 114 489 489 1 114 1 1 1 489 114 114 1 263 1 114 1 114 114 1 1 114 114 114 114 227 114 1 114 1 376 1 1 114 489 263 114 227 1 227 376 489 114 114 489 150 114 1 1 227 1 150 114 1 114 227 114 150 37 1 114 1 227 114 227 227 489 227 1 227 1 263 227 114 263 489 227 1 227 114 340 114 376 1 376 489 376 114 489 150 376 114 1 114 263 150 1 340 114 1 114 227 340 1 376 227 114 263 489 227 227 1 114 114 227 2 114 227 340 1 340 1 114 114 263 114 263 1 263 114 227 263 227 114 340 227 376 340 489 340 114 227 489 340 227 376 1 227 341 114 489 263 1 376 114 376 1 340 1 37 227 114 114 1 1 489 1 489 489 114 340 114 114 227 489 227 114 489 227 114 340 227 114 227 114 340 228 2 1 114 263 489 340 489 341 263 376 114 1 1 340 340 114 227 489 37 489 227 340 376 227 376 227 340 227 114 227 228 114 227 1 454 1 1 1 114 489 376 376 340 489 2 340 340 227 453 1 227 114 489 37 340 227 227 1 376 489 453 114 376 489 1 114 1 340 1 227 114 340 114 489 114 489 489 376 150 150 150 489 340 341 340 114 340 227 376 376 227 340 376 489 376 227 1 489 114 1 340 1 340 115 340 489 376 114 376 376 227 453 489 114 376 489 340 489 263 114 454 1 1 340 489 376 227 227 228 1 263 114 1 227 340 489 227 114 227 115 489 489 340 263 227 1 114 489 489 1 227 340 227 150 489 227 1 453 1 227 227 376 489 340 227 453 263 489 227 453 340 1 227 489 340 489 114 453 489 453 341 489 114 376 340 453 263 1 453 489 376 340 340 489 263 376 1 376 489 453 1 453 114 453 227 340 453 228 489 376 340 489 227 489 376 1 340 489 376 114 227 227 489 453 227 114 341 489 340 489 489 263 227 340 227 150 340 114 376 1 1 227 376 263 340 376 489 1 1 454 227 227 489 114 228 114 489 340 1 489 489 114 489 227 1 489 489 115 376 227 340 489 228 340 227 114 376 340 227 340 228 114 376 340 489 1 1 376 376 227 376 489 227 489 263 376 340 340 263 1 227 227 263 1 263 376 489 227 489 489 263 114 453 114 376 489 1 489 489 114 340 114 489 1 453 1 340 340 341 114 1 489 227 376 489 115 114 227 
c [Incremental] Max used label: 489.
c [Incremental] Label 489 is removed from searching.
c [Incremental] Solving for max label = 488:
c [Incremental] Solving duration: 938 ms.
s [Incremental] SAT (label = 488).
c [Incremental] Label assignment: 1 1 1 262 1 1 375 262 149 1 1 1 488 114 1 262 149 1 114 114 1 114 488 375 488 488 262 1 375 1 375 1 1 114 1 1 1 114 1 488 375 1 1 1 1 1 1 1 1 114 488 1 114 488 114 114 1 114 114 114 1 227 36 1 488 1 114 1 114 488 488 1 114 1 1 1 488 114 114 1 262 1 114 1 114 114 1 1 114 114 114 114 227 114 1 114 1 375 1 1 114 488 262 114 227 1 227 375 488 114 114 488 149 114 1 1 227 1 149 114 1 114 227 114 149 36 1 114 1 227 114 227 227 488 227 1 227 1 262 227 114 262 488 227 1 227 114 340 114 375 1 375 488 375 114 488 149 375 114 1 114 262 149 1 340 114 1 114 227 340 1 375 227 114 262 488 227 227 1 114 114 227 2 114 227 340 1 340 1 114 114 262 114 262 1 262 114 227 262 227 114 340 227 375 340 488 340 114 227 488 340 227 375 1 227 341 114 488 262 1 375 114 375 1 340 1 36 227 114 114 1 1 488 1 488 488 114 340 114 114 227 488 227 114 488 227 114 340 227 114 227 114 340 228 2 1 114 262 488 340 488 341 262 375 114 1 1 340 340 114 227 488 36 488 227 340 375 227 375 227 340 227 114 227 228 114 227 1 454 1 1 1 114 488 375 375 340 488 2 340 340 227 453 1 227 114 488 36 340 227 227 1 375 488 453 114 375 488 1 114 1 340 1 227 114 340 114 488 114 488 488 375 149 149 149 488 340 341 340 114 340 227 375 375 227 340 375 488 375 227 1 488 114 1 340 1 340 115 340 488 375 114 375 375 227 453 488 114 375 488 340 488 262 114 454 1 1 340 488 375 227 227 228 1 262 114 1 227 340 488 227 114 227 115 488 488 340 262 227 1 114 488 488 1 227 340 227 149 488 227 1 453 1 227 227 375 488 340 227 453 262 488 227 453 340 1 227 488 340 488 114 453 488 453 341 488 114 375 340 453 262 1 453 488 375 340 340 488 262 375 1 375 488 453 1 453 114 453 227 340 453 228 488 375 340 488 227 488 375 1 340 488 375 114 227 227 488 453 227 114 341 488 340 488 488 262 227 340 227 149 340 114 375 1 1 227 375 262 340 375 488 1 1 454 227 227 488 114 228 114 488 340 1 488 488 114 488 227 1 488 488 115 375 227 340 488 228 340 227 114 375 340 227 340 228 114 375 340 488 1 1 375 375 227 375 488 227 488 262 375 340 340 262 1 227 227 262 1 262 375 488 227 488 488 262 114 453 114 375 488 1 488 488 114 340 114 488 1 453 1 340 340 341 114 1 488 227 375 488 115 114 227 
c [Incremental] Max used label: 488.
c [Incremental] Label 488 is removed from searching.
c [Incremental] Solving for max label = 487:
c [Incremental] Solving duration: 955 ms.
s [Incremental] SAT (label = 487).
c [Incremental] Label assignment: 1 1 1 261 1 1 374 261 148 1 1 1 487 114 1 261 148 1 114 114 1 114 487 374 487 487 261 1 374 1 374 1 1 114 1 1 1 114 1 487 374 1 1 1 1 1 1 1 1 114 487 1 114 487 114 114 1 114 114 114 1 227 35 1 487 1 114 1 114 487 487 1 114 1 1 1 487 114 114 1 261 1 114 1 114 114 1 1 114 114 114 114 227 114 1 114 1 374 1 1 114 487 261 114 227 1 227 374 487 114 114 487 148 114 1 1 227 1 148 114 1 114 227 114 148 35 1 114 1 227 114 227 227 487 227 1 227 1 261 227 114 261 487 227 1 227 114 340 114 374 1 374 487 374 114 487 148 374 114 1 114 261 148 1 340 114 1 114 227 340 1 374 227 114 261 487 227 227 1 114 114 227 2 114 227 340 1 340 1 114 114 261 114 261 1 261 114 227 261 227 114 340 227 374 340 487 340 114 227 487 340 227 374 1 227 341 114 487 261 1 374 114 374 1 340 1 35 227 114 114 1 1 487 1 487 487 114 340 114 114 227 487 227 114 487 227 114 340 227 114 227 114 340 228 2 1 114 261 487 340 487 341 261 374 114 1 1 340 340 114 227 487 35 487 227 340 374 227 374 227 340 227 114 227 228 114 227 1 454 1 1 1 114 487 374 374 340 487 2 340 340 227 453 1 227 114 487 35 340 227 227 1 374 487 453 114 374 487 1 114 1 340 1 227 114 340 114 487 114 487 487 374 148 148 148 487 340 341 340 114 340 227 374 374 227 340 374 487 374 227 1 487 114 1 340 1 340 115 340 487 374 114 374 374 227 453 487 114 374 487 340 487 261 114 454 1 1 340 487 374 227 227 228 1 261 114 1 227 340 487 227 114 227 115 487 487 340 261 227 1 114 487 487 1 227 340 227 148 487 227 1 453 1 227 227 374 487 340 227 453 261 487 227 453 340 1 227 487 340 487 114 453 487 453 341 487 114 374 340 453 261 1 453 487 374 340 340 487 261 374 1 374 487 453 1 453 114 453 227 340 453 228 487 374 340 487 227 487 374 1 340 487 374 114 227 227 487 453 227 114 341 487 340 487 487 261 227 340 227 148 340 114 374 1 1 227 374 261 340 374 487 1 1 454 227 227 487 114 228 114 487 340 1 487 487 114 487 227 1 487 487 115 374 227 340 487 228 340 227 114 374 340 227 340 228 114 374 340 487 1 1 374 374 227 374 487 227 487 261 374 340 340 261 1 227 227 261 1 261 374 487 227 487 487 261 114 453 114 374 487 1 487 487 114 340 114 487 1 453 1 340 340 341 114 1 487 227 374 487 115 114 227 
c [Incremental] Max used label: 487.
c [Incremental] Label 487 is removed from searching.
c [Incremental] Solving for max label = 486:
c [Incremental] Solving duration: 925 ms.
s [Incremental] SAT (label = 486).
c [Incremental] Label assignment: 1 1 1 260 1 1 373 260 147 1 1 1 486 114 1 260 147 1 114 114 1 114 486 373 486 486 260 1 373 1 373 1 1 114 1 1 1 114 1 486 373 1 1 1 1 1 1 1 1 114 486 1 114 486 114 114 1 114 114 114 1 227 34 1 486 1 114 1 114 486 486 1 114 1 1 1 486 114 114 1 260 1 114 1 114 114 1 1 114 114 114 114 227 114 1 114 1 373 1 1 114 486 260 114 227 1 227 373 486 114 114 486 147 114 1 1 227 1 147 114 1 114 227 114 147 34 1 114 1 227 114 227 227 486 227 1 227 1 260 227 114 260 486 227 1 227 114 340 114 373 1 373 486 373 114 486 147 373 114 1 114 260 147 1 340 114 1 114 227 340 1 373 227 114 260 486 227 227 1 114 114 227 2 114 227 340 1 340 1 114 114 260 114 260 1 260 114 227 260 227 114 340 227 373 340 486 340 114 227 486 340 227 373 1 227 341 114 486 260 1 373 114 373 1 340 1 34 227 114 114 1 1 486 1 486 486 114 340 114 114 227 486 227 114 486 227 114 340 227 114 227 114 340 228 2 1 114 260 486 340 486 341 260 373 114 1 1 340 340 114 227 486 34 486 227 340 373 227 373 227 340 227 114 227 228 114 227 1 454 1 1 1 114 486 373 373 340 486 2 340 340 227 453 1 227 114 486 34 340 227 227 1 373 486 453 114 373 486 1 114 1 340 1 227 114 340 114 486 114 486 486 373 147 147 147 486 340 341 340 114 340 227 373 373 227 340 373 486 373 227 1 486 114 1 340 1 340 115 340 486 373 114 373 373 227 453 486 114 373 486 340 486 260 114 454 1 1 340 486 373 227 227 228 1 260 114 1 227 340 486 227 114 227 115 486 486 340 260 227 1 114 486 486 1 227 340 227 147 486 227 1 453 1 227 227 373 486 340 227 453 260 486 227 453 340 1 227 486 340 486 114 453 486 453 341 486 114 373 340 453 260 1 453 486 373 340 340 486 260 373 1 373 486 453 1 453 114 453 227 340 453 228 486 373 340 486 227 486 373 1 340 486 373 114 227 227 486 453 227 114 341 486 340 486 486 260 227 340 227 147 340 114 373 1 1 227 373 260 340 373 486 1 1 454 227 227 486 114 228 114 486 340 1 486 486 114 486 227 1 486 486 115 373 227 340 486 228 340 227 114 373 340 227 340 228 114 373 340 486 1 1 373 373 227 373 486 227 486 260 373 340 340 260 1 227 227 260 1 260 373 486 227 486 486 260 114 453 114 373 486 1 486 486 114 340 114 486 1 453 1 340 340 341 114 1 486 227 373 486 115 114 227 
c [Incremental] Max used label: 486.
c [Incremental] Label 486 is removed from searching.
c [Incremental] Solving for max label = 485:
c [Incremental] Solving duration: 963 ms.
s [Incremental] SAT (label = 485).
c [Incremental] Label assignment: 1 1 1 259 1 1 372 259 146 1 1 1 485 114 1 259 146 1 114 114 1 114 485 372 485 485 259 1 372 1 372 1 1 114 1 1 1 114 1 485 372 1 1 1 1 1 1 1 1 114 485 1 114 485 114 114 1 114 114 114 1 227 33 1 485 1 114 1 114 485 485 1 114 1 1 1 485 114 114 1 259 1 114 1 114 114 1 1 114 114 114 114 227 114 1 114 1 372 1 1 114 485 259 114 227 1 227 372 485 114 114 485 146 114 1 1 227 1 146 114 1 114 227 114 146 33 1 114 1 227 114 227 227 485 227 1 227 1 259 227 114 259 485 227 1 227 114 340 114 372 1 372 485 372 114 485 146 372 114 1 114 259 146 1 340 114 1 114 227 340 1 372 227 114 259 485 227 227 1 114 114 227 2 114 227 340 1 340 1 114 114 259 114 259 1 259 114 227 259 227 114 340 227 372 340 485 340 114 227 485 340 227 372 1 227 341 114 485 259 1 372 114 372 1 340 1 33 227 114 114 1 1 485 1 485 485 114 340 114 114 227 485 227 114 485 227 114 340 227 114 227 114 340 228 2 1 114 259 485 340 485 341 259 372 114 1 1 340 340 114 227 485 33 485 227 340 372 227 372 227 340 227 114 227 228 114 227 1 454 1 1 1 114 485 372 372 340 485 2 340 340 227 453 1 227 114 485 33 340 227 227 1 372 485 453 114 372 485 1 114 1 340 1 227 114 340 114 485 114 485 485 372 146 146 146 485 340 341 340 114 340 227 372 372 227 340 372 485 372 227 1 485 114 1 340 1 340 115 340 485 372 114 372 372 227 453 485 114 372 485 340 485 259 114 454 1 1 340 485 372 227 227 228 1 259 114 1 227 340 485 227 114 227 115 485 485 340 259 227 1 114 485 485 1 227 340 227 146 485 227 1 453 1 227 227 372 485 340 227 453 259 485 227 453 340 1 227 485 340 485 114 453 485 453 341 485 114 372 340 453 259 1 453 485 372 340 340 485 259 372 1 372 485 453 1 453 114 453 227 340 453 228 485 372 340 485 227 485 372 1 340 485 372 114 227 227 485 453 227 114 341 485 340 485 485 259 227 340 227 146 340 114 372 1 1 227 372 259 340 372 485 1 1 454 227 227 485 114 228 114 485 340 1 485 485 114 485 227 1 485 485 115 372 227 340 485 228 340 227 114 372 340 227 340 228 114 372 340 485 1 1 372 372 227 372 485 227 485 259 372 340 340 259 1 227 227 259 1 259 372 485 227 485 485 259 114 453 114 372 485 1 485 485 114 340 114 485 1 453 1 340 340 341 114 1 485 227 372 485 115 114 227 
c [Incremental] Max used label: 485.
c [Incremental] Label 485 is removed from searching.
c [Incremental] Solving for max label = 484:
c [Incremental] Solving duration: 896 ms.
s [Incremental] SAT (label = 484).
c [Incremental] Label assignment: 1 1 1 258 1 1 371 258 145 1 1 1 484 114 1 258 145 1 114 114 1 114 484 371 484 484 258 1 371 1 371 1 1 114 1 1 1 114 1 484 371 1 1 1 1 1 1 1 1 114 484 1 114 484 114 114 1 114 114 114 1 227 32 1 484 1 114 1 114 484 484 1 114 1 1 1 484 114 114 1 258 1 114 1 114 114 1 1 114 114 114 114 227 114 1 114 1 371 1 1 114 484 258 114 227 1 227 371 484 114 114 484 145 114 1 1 227 1 145 114 1 114 227 114 145 32 1 114 1 227 114 227 227 484 227 1 227 1 258 227 114 258 484 227 1 227 114 340 114 371 1 371 484 371 114 484 145 371 114 1 114 258 145 1 340 114 1 114 227 340 1 371 227 114 258 484 227 227 1 114 114 227 2 114 227 340 1 340 1 114 114 258 114 258 1 258 114 227 258 227 114 340 227 371 340 484 340 114 227 484 340 227 371 1 227 341 114 484 258 1 371 114 371 1 340 1 32 227 114 114 1 1 484 1 484 484 114 340 114 114 227 484 227 114 484 227 114 340 227 114 227 114 340 228 2 1 114 258 484 340 484 341 258 371 114 1 1 340 340 114 227 484 32 484 227 340 371 227 371 227 340 227 114 227 228 114 227 1 454 1 1 1 114 484 371 371 340 484 2 340 340 227 453 1 227 114 484 32 340 227 227 1 371 484 453 114 371 484 1 114 1 340 1 227 114 340 114 484 114 484 484 371 145 145 145 484 340 341 340 114 340 227 371 371 227 340 371 484 371 227 1 484 114 1 340 1 340 115 340 484 371 114 371 371 227 453 484 114 371 484 340 484 258 114 454 1 1 340 484 371 227 227 228 1 258 114 1 227 340 484 227 114 227 115 484 484 340 258 227 1 114 484 484 1 227 340 227 145 484 227 1 453 1 227 227 371 484 340 227 453 258 484 227 453 340 1 227 484 340 484 114 453 484 453 341 484 114 371 340 453 258 1 453 484 371 340 340 484 258 371 1 371 484 453 1 453 114 453 227 340 453 228 484 371 340 484 227 484 371 1 340 484 371 114 227 227 484 453 227 114 341 484 340 484 484 258 227 340 227 145 340 114 371 1 1 227 371 258 340 371 484 1 1 454 227 227 484 114 228 114 484 340 1 484 484 114 484 227 1 484 484 115 371 227 340 484 228 340 227 114 371 340 227 340 228 114 371 340 484 1 1 371 371 227 371 484 227 484 258 371 340 340 258 1 227 227 258 1 258 371 484 227 484 484 258 114 453 114 371 484 1 484 484 114 340 114 484 1 453 1 340 340 341 114 1 484 227 371 484 115 114 227 
c [Incremental] Max used label: 484.
c [Incremental] Label 484 is removed from searching.
c [Incremental] Solving for max label = 483:
c [Incremental] Solving duration: 878 ms.
s [Incremental] SAT (label = 483).
c [Incremental] Label assignment: 1 1 1 257 1 1 370 257 144 1 1 1 483 114 1 257 144 1 114 114 1 114 483 370 483 483 257 1 370 1 370 1 1 114 1 1 1 114 1 483 370 1 1 1 1 1 1 1 1 114 483 1 114 483 114 114 1 114 114 114 1 227 31 1 483 1 114 1 114 483 483 1 114 1 1 1 483 114 114 1 257 1 114 1 114 114 1 1 114 114 114 114 227 114 1 114 1 370 1 1 114 483 257 114 227 1 227 370 483 114 114 483 144 114 1 1 227 1 144 114 1 114 227 114 144 31 1 114 1 227 114 227 227 483 227 1 227 1 257 227 114 257 483 227 1 227 114 340 114 370 1 370 483 370 114 483 144 370 114 1 114 257 144 1 340 114 1 114 227 340 1 370 227 114 257 483 227 227 1 114 114 227 2 114 227 340 1 340 1 114 114 257 114 257 1 257 114 227 257 227 114 340 227 370 340 483 340 114 227 483 340 227 370 1 227 341 114 483 257 1 370 114 370 1 340 1 31 227 114 114 1 1 483 1 483 483 114 340 114 114 227 483 227 114 483 227 114 340 227 114 227 114 340 228 2 1 114 257 483 340 483 341 257 370 114 1 1 340 340 114 227 483 31 483 227 340 370 227 370 227 340 227 114 227 228 114 227 1 454 1 1 1 114 483 370 370 340 483 2 340 340 227 453 1 227 114 483 31 340 227 227 1 370 483 453 114 370 483 1 114 1 340 1 227 114 340 114 483 114 483 483 370 144 144 144 483 340 341 340 114 340 227 370 370 227 340 370 483 370 227 1 483 114 1 340 1 340 115 340 483 370 114 370 370 227 453 483 114 370 483 340 483 257 114 454 1 1 340 483 370 227 227 228 1 257 114 1 227 340 483 227 114 227 115 483 483 340 257 227 1 114 483 483 1 227 340 227 144 483 227 1 453 1 227 227 370 483 340 227 453 257 483 227 453 340 1 227 483 340 483 114 453 483 453 341 483 114 370 340 453 257 1 453 483 370 340 340 483 257 370 1 370 483 453 1 453 114 453 227 340 453 228 483 370 340 483 227 483 370 1 340 483 370 114 227 227 483 453 227 114 341 483 340 483 483 257 227 340 227 144 340 114 370 1 1 227 370 257 340 370 483 1 1 454 227 227 483 114 228 114 483 340 1 483 483 114 483 227 1 483 483 115 370 227 340 483 228 340 227 114 370 340 227 340 228 114 370 340 483 1 1 370 370 227 370 483 227 483 257 370 340 340 257 1 227 227 257 1 257 370 483 227 483 483 257 114 453 114 370 483 1 483 483 114 340 114 483 1 453 1 340 340 341 114 1 483 227 370 483 115 114 227 
c [Incremental] Max used label: 483.
c [Incremental] Label 483 is removed from searching.
c [Incremental] Solving for max label = 482:
c [Incremental] Solving duration: 893 ms.
s [Incremental] SAT (label = 482).
c [Incremental] Label assignment: 1 1 1 256 1 1 369 256 143 1 1 1 482 114 1 256 143 1 114 114 1 114 482 369 482 482 256 1 369 1 369 1 1 114 1 1 1 114 1 482 369 1 1 1 1 1 1 1 1 114 482 1 114 482 114 114 1 114 114 114 1 227 30 1 482 1 114 1 114 482 482 1 114 1 1 1 482 114 114 1 256 1 114 1 114 114 1 1 114 114 114 114 227 114 1 114 1 369 1 1 114 482 256 114 227 1 227 369 482 114 114 482 143 114 1 1 227 1 143 114 1 114 227 114 143 30 1 114 1 227 114 227 227 482 227 1 227 1 256 227 114 256 482 227 1 227 114 340 114 369 1 369 482 369 114 482 143 369 114 1 114 256 143 1 340 114 1 114 227 340 1 369 227 114 256 482 227 227 1 114 114 227 2 114 227 340 1 340 1 114 114 256 114 256 1 256 114 227 256 227 114 340 227 369 340 482 340 114 227 482 340 227 369 1 227 341 114 482 256 1 369 114 369 1 340 1 30 227 114 114 1 1 482 1 482 482 114 340 114 114 227 482 227 114 482 227 114 340 227 114 227 114 340 228 2 1 114 256 482 340 482 341 256 369 114 1 1 340 340 114 227 482 30 482 227 340 369 227 369 227 340 227 114 227 228 114 227 1 454 1 1 1 114 482 369 369 340 482 2 340 340 227 453 1 227 114 482 30 340 227 227 1 369 482 453 114 369 482 1 114 1 340 1 227 114 340 114 482 114 482 482 369 143 143 143 482 340 341 340 114 340 227 369 369 227 340 369 482 369 227 1 482 114 1 340 1 340 115 340 482 369 114 369 369 227 453 482 114 369 482 340 482 256 114 454 1 1 340 482 369 227 227 228 1 256 114 1 227 340 482 227 114 227 115 482 482 340 256 227 1 114 482 482 1 227 340 227 143 482 227 1 453 1 227 227 369 482 340 227 453 256 482 227 453 340 1 227 482 340 482 114 453 482 453 341 482 114 369 340 453 256 1 453 482 369 340 340 482 256 369 1 369 482 453 1 453 114 453 227 340 453 228 482 369 340 482 227 482 369 1 340 482 369 114 227 227 482 453 227 114 341 482 340 482 482 256 227 340 227 143 340 114 369 1 1 227 369 256 340 369 482 1 1 454 227 227 482 114 228 114 482 340 1 482 482 114 482 227 1 482 482 115 369 227 340 482 228 340 227 114 369 340 227 340 228 114 369 340 482 1 1 369 369 227 369 482 227 482 256 369 340 340 256 1 227 227 256 1 256 369 482 227 482 482 256 114 453 114 369 482 1 482 482 114 340 114 482 1 453 1 340 340 341 114 1 482 227 369 482 115 114 227 
c [Incremental] Max used label: 482.
c [Incremental] Label 482 is removed from searching.
c [Incremental] Solving for max label = 481:
c [Incremental] Solving duration: 908 ms.
s [Incremental] SAT (label = 481).
c [Incremental] Label assignment: 1 1 1 255 1 1 368 255 142 1 1 1 481 114 1 255 142 1 114 114 1 114 481 368 481 481 255 1 368 1 368 1 1 114 1 1 1 114 1 481 368 1 1 1 1 1 1 1 1 114 481 1 114 481 114 114 1 114 114 114 1 227 29 1 481 1 114 1 114 481 481 1 114 1 1 1 481 114 114 1 255 1 114 1 114 114 1 1 114 114 114 114 227 114 1 114 1 368 1 1 114 481 255 114 227 1 227 368 481 114 114 481 142 114 1 1 227 1 142 114 1 114 227 114 142 29 1 114 1 227 114 227 227 481 227 1 227 1 255 227 114 255 481 227 1 227 114 340 114 368 1 368 481 368 114 481 142 368 114 1 114 255 142 1 340 114 1 114 227 340 1 368 227 114 255 481 227 227 1 114 114 227 2 114 227 340 1 340 1 114 114 255 114 255 1 255 114 227 255 227 114 340 227 368 340 481 340 114 227 481 340 227 368 1 227 341 114 481 255 1 368 114 368 1 340 1 29 227 114 114 1 1 481 1 481 481 114 340 114 114 227 481 227 114 481 227 114 340 227 114 227 114 340 228 2 1 114 255 481 340 481 341 255 368 114 1 1 340 340 114 227 481 29 481 227 340 368 227 368 227 340 227 114 227 228 114 227 1 454 1 1 1 114 481 368 368 340 481 2 340 340 227 453 1 227 114 481 29 340 227 227 1 368 481 453 114 368 481 1 114 1 340 1 227 114 340 114 481 114 481 481 368 142 142 142 481 340 341 340 114 340 227 368 368 227 340 368 481 368 227 1 481 114 1 340 1 340 115 340 481 368 114 368 368 227 453 481 114 368 481 340 481 255 114 454 1 1 340 481 368 227 227 228 1 255 114 1 227 340 481 227 114 227 115 481 481 340 255 227 1 114 481 481 1 227 340 227 142 481 227 1 453 1 227 227 368 481 340 227 453 255 481 227 453 340 1 227 481 340 481 114 453 481 453 341 481 114 368 340 453 255 1 453 481 368 340 340 481 255 368 1 368 481 453 1 453 114 453 227 340 453 228 481 368 340 481 227 481 368 1 340 481 368 114 227 227 481 453 227 114 341 481 340 481 481 255 227 340 227 142 340 114 368 1 1 227 368 255 340 368 481 1 1 454 227 227 481 114 228 114 481 340 1 481 481 114 481 227 1 481 481 115 368 227 340 481 228 340 227 114 368 340 227 340 228 114 368 340 481 1 1 368 368 227 368 481 227 481 255 368 340 340 255 1 227 227 255 1 255 368 481 227 481 481 255 114 453 114 368 481 1 481 481 114 340 114 481 1 453 1 340 340 341 114 1 481 227 368 481 115 114 227 
c [Incremental] Max used label: 481.
c [Incremental] Label 481 is removed from searching.
c [Incremental] Solving for max label = 480:
c [Incremental] Solving duration: 962 ms.
s [Incremental] SAT (label = 480).
c [Incremental] Label assignment: 1 1 1 254 1 1 367 254 141 1 1 1 480 114 1 254 141 1 114 114 1 114 480 367 480 480 254 1 367 1 367 1 1 114 1 1 1 114 1 480 367 1 1 1 1 1 1 1 1 114 480 1 114 480 114 114 1 114 114 114 1 227 28 1 480 1 114 1 114 480 480 1 114 1 1 1 480 114 114 1 254 1 114 1 114 114 1 1 114 114 114 114 227 114 1 114 1 367 1 1 114 480 254 114 227 1 227 367 480 114 114 480 141 114 1 1 227 1 141 114 1 114 227 114 141 28 1 114 1 227 114 227 227 480 227 1 227 1 254 227 114 254 480 227 1 227 114 340 114 367 1 367 480 367 114 480 141 367 114 1 114 254 141 1 340 114 1 114 227 340 1 367 227 114 254 480 227 227 1 114 114 227 2 114 227 340 1 340 1 114 114 254 114 254 1 254 114 227 254 227 114 340 227 367 340 480 340 114 227 480 340 227 367 1 227 341 114 480 254 1 367 114 367 1 340 1 28 227 114 114 1 1 480 1 480 480 114 340 114 114 227 480 227 114 480 227 114 340 227 114 227 114 340 228 2 1 114 254 480 340 480 341 254 367 114 1 1 340 340 114 227 480 28 480 227 340 367 227 367 227 340 227 114 227 228 114 227 1 454 1 1 1 114 480 367 367 340 480 2 340 340 227 453 1 227 114 480 28 340 227 227 1 367 480 453 114 367 480 1 114 1 340 1 227 114 340 114 480 114 480 480 367 141 141 141 480 340 341 340 114 340 227 367 367 227 340 367 480 367 227 1 480 114 1 340 1 340 115 340 480 367 114 367 367 227 453 480 114 367 480 340 480 254 114 454 1 1 340 480 367 227 227 228 1 254 114 1 227 340 480 227 114 227 115 480 480 340 254 227 1 114 480 480 1 227 340 227 141 480 227 1 453 1 227 227 367 480 340 227 453 254 480 227 453 340 1 227 480 340 480 114 453 480 453 341 480 114 367 340 453 254 1 453 480 367 340 340 480 254 367 1 367 480 453 1 453 114 453 227 340 453 228 480 367 340 480 227 480 367 1 340 480 367 114 227 227 480 453 227 114 341 480 340 480 480 254 227 340 227 141 340 114 367 1 1 227 367 254 340 367 480 1 1 454 227 227 480 114 228 114 480 340 1 480 480 114 480 227 1 480 480 115 367 227 340 480 228 340 227 114 367 340 227 340 228 114 367 340 480 1 1 367 367 227 367 480 227 480 254 367 340 340 254 1 227 227 254 1 254 367 480 227 480 480 254 114 453 114 367 480 1 480 480 114 340 114 480 1 453 1 340 340 341 114 1 480 227 367 480 115 114 227 
c [Incremental] Max used label: 480.
c [Incremental] Label 480 is removed from searching.
c [Incremental] Solving for max label = 479:
c [Incremental] Solving duration: 1040 ms.
s [Incremental] SAT (label = 479).
c [Incremental] Label assignment: 1 1 1 253 1 1 366 253 140 1 1 1 479 114 1 253 140 1 114 114 1 114 479 366 479 479 253 1 366 1 366 1 1 114 1 1 1 114 1 479 366 1 1 1 1 1 1 1 1 114 479 1 114 479 114 114 1 114 114 114 1 227 27 1 479 1 114 1 114 479 479 1 114 1 1 1 479 114 114 1 253 1 114 1 114 114 1 1 114 114 114 114 227 114 1 114 1 366 1 1 114 479 253 114 227 1 227 366 479 114 114 479 140 114 1 1 227 1 140 114 1 114 227 114 140 27 1 114 1 227 114 227 227 479 227 1 227 1 253 227 114 253 479 227 1 227 114 340 114 366 1 366 479 366 114 479 140 366 114 1 114 253 140 1 340 114 1 114 227 340 1 366 227 114 253 479 227 227 1 114 114 227 2 114 227 340 1 340 1 114 114 253 114 253 1 253 114 227 253 227 114 340 227 366 340 479 340 114 227 479 340 227 366 1 227 341 114 479 253 1 366 114 366 1 340 1 27 227 114 114 1 1 479 1 479 479 114 340 114 114 227 479 227 114 479 227 114 340 227 114 227 114 340 228 2 1 114 253 479 340 479 341 253 366 114 1 1 340 340 114 227 479 27 479 227 340 366 227 366 227 340 227 114 227 228 114 227 1 454 1 1 1 114 479 366 366 340 479 2 340 340 227 453 1 227 114 479 27 340 227 227 1 366 479 453 114 366 479 1 114 1 340 1 227 114 340 114 479 114 479 479 366 140 140 140 479 340 341 340 114 340 227 366 366 227 340 366 479 366 227 1 479 114 1 340 1 340 115 340 479 366 114 366 366 227 453 479 114 366 479 340 479 253 114 454 1 1 340 479 366 227 227 228 1 253 114 1 227 340 479 227 114 227 115 479 479 340 253 227 1 114 479 479 1 227 340 227 140 479 227 1 453 1 227 227 366 479 340 227 453 253 479 227 453 340 1 227 479 340 479 114 453 479 453 341 479 114 366 340 453 253 1 453 479 366 340 340 479 253 366 1 366 479 453 1 453 114 453 227 340 453 228 479 366 340 479 227 479 366 1 340 479 366 114 227 227 479 453 227 114 341 479 340 479 479 253 227 340 227 140 340 114 366 1 1 227 366 253 340 366 479 1 1 454 227 227 479 114 228 114 479 340 1 479 479 114 479 227 1 479 479 115 366 227 340 479 228 340 227 114 366 340 227 340 228 114 366 340 479 1 1 366 366 227 366 479 227 479 253 366 340 340 253 1 227 227 253 1 253 366 479 227 479 479 253 114 453 114 366 479 1 479 479 114 340 114 479 1 453 1 340 340 341 114 1 479 227 366 479 115 114 227 
c [Incremental] Max used label: 479.
c [Incremental] Label 479 is removed from searching.
c [Incremental] Solving for max label = 478:
c [Incremental] Solving duration: 944 ms.
s [Incremental] SAT (label = 478).
c [Incremental] Label assignment: 1 1 1 252 1 1 365 252 139 1 1 1 478 114 1 252 139 1 114 114 1 114 478 365 478 478 252 1 365 1 365 1 1 114 1 1 1 114 1 478 365 1 1 1 1 1 1 1 1 114 478 1 114 478 114 114 1 114 114 114 1 227 26 1 478 1 114 1 114 478 478 1 114 1 1 1 478 114 114 1 252 1 114 1 114 114 1 1 114 114 114 114 227 114 1 114 1 365 1 1 114 478 252 114 227 1 227 365 478 114 114 478 139 114 1 1 227 1 139 114 1 114 227 114 139 26 1 114 1 227 114 227 227 478 227 1 227 1 252 227 114 252 478 227 1 227 114 340 114 365 1 365 478 365 114 478 139 365 114 1 114 252 139 1 340 114 1 114 227 340 1 365 227 114 252 478 227 227 1 114 114 227 2 114 227 340 1 340 1 114 114 252 114 252 1 252 114 227 252 227 114 340 227 365 340 478 340 114 227 478 340 227 365 1 227 341 114 478 252 1 365 114 365 1 340 1 26 227 114 114 1 1 478 1 478 478 114 340 114 114 227 478 227 114 478 227 114 340 227 114 227 114 340 228 2 1 114 252 478 340 478 341 252 365 114 1 1 340 340 114 227 478 26 478 227 340 365 227 365 227 340 227 114 227 228 114 227 1 454 1 1 1 114 478 365 365 340 478 2 340 340 227 453 1 227 114 478 26 340 227 227 1 365 478 453 114 365 478 1 114 1 340 1 227 114 340 114 478 114 478 478 365 139 139 139 478 340 341 340 114 340 227 365 365 227 340 365 478 365 227 1 478 114 1 340 1 340 115 340 478 365 114 365 365 227 453 478 114 365 478 340 478 252 114 454 1 1 340 478 365 227 227 228 1 252 114 1 227 340 478 227 114 227 115 478 478 340 252 227 1 114 478 478 1 227 340 227 139 478 227 1 453 1 227 227 365 478 340 227 453 252 478 227 453 340 1 227 478 340 478 114 453 478 453 341 478 114 365 340 453 252 1 453 478 365 340 340 478 252 365 1 365 478 453 1 453 114 453 227 340 453 228 478 365 340 478 227 478 365 1 340 478 365 114 227 227 478 453 227 114 341 478 340 478 478 252 227 340 227 139 340 114 365 1 1 227 365 252 340 365 478 1 1 454 227 227 478 114 228 114 478 340 1 478 478 114 478 227 1 478 478 115 365 227 340 478 228 340 227 114 365 340 227 340 228 114 365 340 478 1 1 365 365 227 365 478 227 478 252 365 340 340 252 1 227 227 252 1 252 365 478 227 478 478 252 114 453 114 365 478 1 478 478 114 340 114 478 1 453 1 340 340 341 114 1 478 227 365 478 115 114 227 
c [Incremental] Max used label: 478.
c [Incremental] Label 478 is removed from searching.
c [Incremental] Solving for max label = 477:
c [Incremental] Solving duration: 943 ms.
s [Incremental] SAT (label = 477).
c [Incremental] Label assignment: 1 1 1 251 1 1 364 251 138 1 1 1 477 114 1 251 138 1 114 114 1 114 477 364 477 477 251 1 364 1 364 1 1 114 1 1 1 114 1 477 364 1 1 1 1 1 1 1 1 114 477 1 114 477 114 114 1 114 114 114 1 227 25 1 477 1 114 1 114 477 477 1 114 1 1 1 477 114 114 1 251 1 114 1 114 114 1 1 114 114 114 114 227 114 1 114 1 364 1 1 114 477 251 114 227 1 227 364 477 114 114 477 138 114 1 1 227 1 138 114 1 114 227 114 138 25 1 114 1 227 114 227 227 477 227 1 227 1 251 227 114 251 477 227 1 227 114 340 114 364 1 364 477 364 114 477 138 364 114 1 114 251 138 1 340 114 1 114 227 340 1 364 227 114 251 477 227 227 1 114 114 227 2 114 227 340 1 340 1 114 114 251 114 251 1 251 114 227 251 227 114 340 227 364 340 477 340 114 227 477 340 227 364 1 227 341 114 477 251 1 364 114 364 1 340 1 25 227 114 114 1 1 477 1 477 477 114 340 114 114 227 477 227 114 477 227 114 340 227 114 227 114 340 228 2 1 114 251 477 340 477 341 251 364 114 1 1 340 340 114 227 477 25 477 227 340 364 227 364 227 340 227 114 227 228 114 227 1 454 1 1 1 114 477 364 364 340 477 2 340 340 227 453 1 227 114 477 25 340 227 227 1 364 477 453 114 364 477 1 114 1 340 1 227 114 340 114 477 114 477 477 364 138 138 138 477 340 341 340 114 340 227 364 364 227 340 364 477 364 227 1 477 114 1 340 1 340 115 340 477 364 114 364 364 227 453 477 114 364 477 340 477 251 114 454 1 1 340 477 364 227 227 228 1 251 114 1 227 340 477 227 114 227 115 477 477 340 251 227 1 114 477 477 1 227 340 227 138 477 227 1 453 1 227 227 364 477 340 227 453 251 477 227 453 340 1 227 477 340 477 114 453 477 453 341 477 114 364 340 453 251 1 453 477 364 340 340 477 251 364 1 364 477 453 1 453 114 453 227 340 453 228 477 364 340 477 227 477 364 1 340 477 364 114 227 227 477 453 227 114 341 477 340 477 477 251 227 340 227 138 340 114 364 1 1 227 364 251 340 364 477 1 1 454 227 227 477 114 228 114 477 340 1 477 477 114 477 227 1 477 477 115 364 227 340 477 228 340 227 114 364 340 227 340 228 114 364 340 477 1 1 364 364 227 364 477 227 477 251 364 340 340 251 1 227 227 251 1 251 364 477 227 477 477 251 114 453 114 364 477 1 477 477 114 340 114 477 1 453 1 340 340 341 114 1 477 227 364 477 115 114 227 
c [Incremental] Max used label: 477.
c [Incremental] Label 477 is removed from searching.
c [Incremental] Solving for max label = 476:
c [Incremental] Solving duration: 908 ms.
s [Incremental] SAT (label = 476).
c [Incremental] Label assignment: 1 1 1 250 1 1 363 250 137 1 1 1 476 114 1 250 137 1 114 114 1 114 476 363 476 476 250 1 363 1 363 1 1 114 1 1 1 114 1 476 363 1 1 1 1 1 1 1 1 114 476 1 114 476 114 114 1 114 114 114 1 227 24 1 476 1 114 1 114 476 476 1 114 1 1 1 476 114 114 1 250 1 114 1 114 114 1 1 114 114 114 114 227 114 1 114 1 363 1 1 114 476 250 114 227 1 227 363 476 114 114 476 137 114 1 1 227 1 137 114 1 114 227 114 137 24 1 114 1 227 114 227 227 476 227 1 227 1 250 227 114 250 476 227 1 227 114 340 114 363 1 363 476 363 114 476 137 363 114 1 114 250 137 1 340 114 1 114 227 340 1 363 227 114 250 476 227 227 1 114 114 227 2 114 227 340 1 340 1 114 114 250 114 250 1 250 114 227 250 227 114 340 227 363 340 476 340 114 227 476 340 227 363 1 227 341 114 476 250 1 363 114 363 1 340 1 24 227 114 114 1 1 476 1 476 476 114 340 114 114 227 476 227 114 476 227 114 340 227 114 227 114 340 228 2 1 114 250 476 340 476 341 250 363 114 1 1 340 340 114 227 476 24 476 227 340 363 227 363 227 340 227 114 227 228 114 227 1 454 1 1 1 114 476 363 363 340 476 2 340 340 227 453 1 227 114 476 24 340 227 227 1 363 476 453 114 363 476 1 114 1 340 1 227 114 340 114 476 114 476 476 363 137 137 137 476 340 341 340 114 340 227 363 363 227 340 363 476 363 227 1 476 114 1 340 1 340 115 340 476 363 114 363 363 227 453 476 114 363 476 340 476 250 114 454 1 1 340 476 363 227 227 228 1 250 114 1 227 340 476 227 114 227 115 476 476 340 250 227 1 114 476 476 1 227 340 227 137 476 227 1 453 1 227 227 363 476 340 227 453 250 476 227 453 340 1 227 476 340 476 114 453 476 453 341 476 114 363 340 453 250 1 453 476 363 340 340 476 250 363 1 363 476 453 1 453 114 453 227 340 453 228 476 363 340 476 227 476 363 1 340 476 363 114 227 227 476 453 227 114 341 476 340 476 476 250 227 340 227 137 340 114 363 1 1 227 363 250 340 363 476 1 1 454 227 227 476 114 228 114 476 340 1 476 476 114 476 227 1 476 476 115 363 227 340 476 228 340 227 114 363 340 227 340 228 114 363 340 476 1 1 363 363 227 363 476 227 476 250 363 340 340 250 1 227 227 250 1 250 363 476 227 476 476 250 114 453 114 363 476 1 476 476 114 340 114 476 1 453 1 340 340 341 114 1 476 227 363 476 115 114 227 
c [Incremental] Max used label: 476.
c [Incremental] Label 476 is removed from searching.
c [Incremental] Solving for max label = 475:
c [Incremental] Solving duration: 942 ms.
s [Incremental] SAT (label = 475).
c [Incremental] Label assignment: 1 1 1 249 1 1 362 249 136 1 1 1 475 114 1 249 136 1 114 114 1 114 475 362 475 475 249 1 362 1 362 1 1 114 1 1 1 114 1 475 362 1 1 1 1 1 1 1 1 114 475 1 114 475 114 114 1 114 114 114 1 227 23 1 475 1 114 1 114 475 475 1 114 1 1 1 475 114 114 1 249 1 114 1 114 114 1 1 114 114 114 114 227 114 1 114 1 362 1 1 114 475 249 114 227 1 227 362 475 114 114 475 136 114 1 1 227 1 136 114 1 114 227 114 136 23 1 114 1 227 114 227 227 475 227 1 227 1 249 227 114 249 475 227 1 227 114 340 114 362 1 362 475 362 114 475 136 362 114 1 114 249 136 1 340 114 1 114 227 340 1 362 227 114 249 475 227 227 1 114 114 227 2 114 227 340 1 340 1 114 114 249 114 249 1 249 114 227 249 227 114 340 227 362 340 475 340 114 227 475 340 227 362 1 227 341 114 475 249 1 362 114 362 1 340 1 23 227 114 114 1 1 475 1 475 475 114 340 114 114 227 475 227 114 475 227 114 340 227 114 227 114 340 228 2 1 114 249 475 340 475 341 249 362 114 1 1 340 340 114 227 475 23 475 227 340 362 227 362 227 340 227 114 227 228 114 227 1 454 1 1 1 114 475 362 362 340 475 2 340 340 227 453 1 227 114 475 23 340 227 227 1 362 475 453 114 362 475 1 114 1 340 1 227 114 340 114 475 114 475 475 362 136 136 136 475 340 341 340 114 340 227 362 362 227 340 362 475 362 227 1 475 114 1 340 1 340 115 340 475 362 114 362 362 227 453 475 114 362 475 340 475 249 114 454 1 1 340 475 362 227 227 228 1 249 114 1 227 340 475 227 114 227 115 475 475 340 249 227 1 114 475 475 1 227 340 227 136 475 227 1 453 1 227 227 362 475 340 227 453 249 475 227 453 340 1 227 475 340 475 114 453 475 453 341 475 114 362 340 453 249 1 453 475 362 340 340 475 249 362 1 362 475 453 1 453 114 453 227 340 453 228 475 362 340 475 227 475 362 1 340 475 362 114 227 227 475 453 227 114 341 475 340 475 475 249 227 340 227 136 340 114 362 1 1 227 362 249 340 362 475 1 1 454 227 227 475 114 228 114 475 340 1 475 475 114 475 227 1 475 475 115 362 227 340 475 228 340 227 114 362 340 227 340 228 114 362 340 475 1 1 362 362 227 362 475 227 475 249 362 340 340 249 1 227 227 249 1 249 362 475 227 475 475 249 114 453 114 362 475 1 475 475 114 340 114 475 1 453 1 340 340 341 114 1 475 227 362 475 115 114 227 
c [Incremental] Max used label: 475.
c [Incremental] Label 475 is removed from searching.
c [Incremental] Solving for max label = 474:
c [Incremental] Solving duration: 941 ms.
s [Incremental] SAT (label = 474).
c [Incremental] Label assignment: 1 1 1 248 1 1 361 248 135 1 1 1 474 114 1 248 135 1 114 114 1 114 474 361 474 474 248 1 361 1 361 1 1 114 1 1 1 114 1 474 361 1 1 1 1 1 1 1 1 114 474 1 114 474 114 114 1 114 114 114 1 227 22 1 474 1 114 1 114 474 474 1 114 1 1 1 474 114 114 1 248 1 114 1 114 114 1 1 114 114 114 114 227 114 1 114 1 361 1 1 114 474 248 114 227 1 227 361 474 114 114 474 135 114 1 1 227 1 135 114 1 114 227 114 135 22 1 114 1 227 114 227 227 474 227 1 227 1 248 227 114 248 474 227 1 227 114 340 114 361 1 361 474 361 114 474 135 361 114 1 114 248 135 1 340 114 1 114 227 340 1 361 227 114 248 474 227 227 1 114 114 227 2 114 227 340 1 340 1 114 114 248 114 248 1 248 114 227 248 227 114 340 227 361 340 474 340 114 227 474 340 227 361 1 227 341 114 474 248 1 361 114 361 1 340 1 22 227 114 114 1 1 474 1 474 474 114 340 114 114 227 474 227 114 474 227 114 340 227 114 227 114 340 228 2 1 114 248 474 340 474 341 248 361 114 1 1 340 340 114 227 474 22 474 227 340 361 227 361 227 340 227 114 227 228 114 227 1 454 1 1 1 114 474 361 361 340 474 2 340 340 227 453 1 227 114 474 22 340 227 227 1 361 474 453 114 361 474 1 114 1 340 1 227 114 340 114 474 114 474 474 361 135 135 135 474 340 341 340 114 340 227 361 361 227 340 361 474 361 227 1 474 114 1 340 1 340 115 340 474 361 114 361 361 227 453 474 114 361 474 340 474 248 114 454 1 1 340 474 361 227 227 228 1 248 114 1 227 340 474 227 114 227 115 474 474 340 248 227 1 114 474 474 1 227 340 227 135 474 227 1 453 1 227 227 361 474 340 227 453 248 474 227 453 340 1 227 474 340 474 114 453 474 453 341 474 114 361 340 453 248 1 453 474 361 340 340 474 248 361 1 361 474 453 1 453 114 453 227 340 453 228 474 361 340 474 227 474 361 1 340 474 361 114 227 227 474 453 227 114 341 474 340 474 474 248 227 340 227 135 340 114 361 1 1 227 361 248 340 361 474 1 1 454 227 227 474 114 228 114 474 340 1 474 474 114 474 227 1 474 474 115 361 227 340 474 228 340 227 114 361 340 227 340 228 114 361 340 474 1 1 361 361 227 361 474 227 474 248 361 340 340 248 1 227 227 248 1 248 361 474 227 474 474 248 114 453 114 361 474 1 474 474 114 340 114 474 1 453 1 340 340 341 114 1 474 227 361 474 115 114 227 
c [Incremental] Max used label: 474.
c [Incremental] Label 474 is removed from searching.
c [Incremental] Solving for max label = 473:
c [Incremental] Solving duration: 926 ms.
s [Incremental] SAT (label = 473).
c [Incremental] Label assignment: 1 1 1 247 1 1 360 247 134 1 1 1 473 114 1 247 134 1 114 114 1 114 473 360 473 473 247 1 360 1 360 1 1 114 1 1 1 114 1 473 360 1 1 1 1 1 1 1 1 114 473 1 114 473 114 114 1 114 114 114 1 227 21 1 473 1 114 1 114 473 473 1 114 1 1 1 473 114 114 1 247 1 114 1 114 114 1 1 114 114 114 114 227 114 1 114 1 360 1 1 114 473 247 114 227 1 227 360 473 114 114 473 134 114 1 1 227 1 134 114 1 114 227 114 134 21 1 114 1 227 114 227 227 473 227 1 227 1 247 227 114 247 473 227 1 227 114 340 114 360 1 360 473 360 114 473 134 360 114 1 114 247 134 1 340 114 1 114 227 340 1 360 227 114 247 473 227 227 1 114 114 227 2 114 227 340 1 340 1 114 114 247 114 247 1 247 114 227 247 227 114 340 227 360 340 473 340 114 227 473 340 227 360 1 227 341 114 473 247 1 360 114 360 1 340 1 21 227 114 114 1 1 473 1 473 473 114 340 114 114 227 473 227 114 473 227 114 340 227 114 227 114 340 228 2 1 114 247 473 340 473 341 247 360 114 1 1 340 340 114 227 473 21 473 227 340 360 227 360 227 340 227 114 227 228 114 227 1 454 1 1 1 114 473 360 360 340 473 2 340 340 227 453 1 227 114 473 21 340 227 227 1 360 473 453 114 360 473 1 114 1 340 1 227 114 340 114 473 114 473 473 360 134 134 134 473 340 341 340 114 340 227 360 360 227 340 360 473 360 227 1 473 114 1 340 1 340 115 340 473 360 114 360 360 227 453 473 114 360 473 340 473 247 114 454 1 1 340 473 360 227 227 228 1 247 114 1 227 340 473 227 114 227 115 473 473 340 247 227 1 114 473 473 1 227 340 227 134 473 227 1 453 1 227 227 360 473 340 227 453 247 473 227 453 340 1 227 473 340 473 114 453 473 453 341 473 114 360 340 453 247 1 453 473 360 340 340 473 247 360 1 360 473 453 1 453 114 453 227 340 453 228 473 360 340 473 227 473 360 1 340 473 360 114 227 227 473 453 227 114 341 473 340 473 473 247 227 340 227 134 340 114 360 1 1 227 360 247 340 360 473 1 1 454 227 227 473 114 228 114 473 340 1 473 473 114 473 227 1 473 473 115 360 227 340 473 228 340 227 114 360 340 227 340 228 114 360 340 473 1 1 360 360 227 360 473 227 473 247 360 340 340 247 1 227 227 247 1 247 360 473 227 473 473 247 114 453 114 360 473 1 473 473 114 340 114 473 1 453 1 340 340 341 114 1 473 227 360 473 115 114 227 
c [Incremental] Max used label: 473.
c [Incremental] Label 473 is removed from searching.
c [Incremental] Solving for max label = 472:
c [Incremental] Solving duration: 945 ms.
s [Incremental] SAT (label = 472).
c [Incremental] Label assignment: 1 1 1 246 1 1 359 246 133 1 1 1 472 114 1 246 133 1 114 114 1 114 472 359 472 472 246 1 359 1 359 1 1 114 1 1 1 114 1 472 359 1 1 1 1 1 1 1 1 114 472 1 114 472 114 114 1 114 114 114 1 227 20 1 472 1 114 1 114 472 472 1 114 1 1 1 472 114 114 1 246 1 114 1 114 114 1 1 114 114 114 114 227 114 1 114 1 359 1 1 114 472 246 114 227 1 227 359 472 114 114 472 133 114 1 1 227 1 133 114 1 114 227 114 133 20 1 114 1 227 114 227 227 472 227 1 227 1 246 227 114 246 472 227 1 227 114 340 114 359 1 359 472 359 114 472 133 359 114 1 114 246 133 1 340 114 1 114 227 340 1 359 227 114 246 472 227 227 1 114 114 227 2 114 227 340 1 340 1 114 114 246 114 246 1 246 114 227 246 227 114 340 227 359 340 472 340 114 227 472 340 227 359 1 227 341 114 472 246 1 359 114 359 1 340 1 20 227 114 114 1 1 472 1 472 472 114 340 114 114 227 472 227 114 472 227 114 340 227 114 227 114 340 228 2 1 114 246 472 340 472 341 246 359 114 1 1 340 340 114 227 472 20 472 227 340 359 227 359 227 340 227 114 227 228 114 227 1 454 1 1 1 114 472 359 359 340 472 2 340 340 227 453 1 227 114 472 20 340 227 227 1 359 472 453 114 359 472 1 114 1 340 1 227 114 340 114 472 114 472 472 359 133 133 133 472 340 341 340 114 340 227 359 359 227 340 359 472 359 227 1 472 114 1 340 1 340 115 340 472 359 114 359 359 227 453 472 114 359 472 340 472 246 114 454 1 1 340 472 359 227 227 228 1 246 114 1 227 340 472 227 114 227 115 472 472 340 246 227 1 114 472 472 1 227 340 227 133 472 227 1 453 1 227 227 359 472 340 227 453 246 472 227 453 340 1 227 472 340 472 114 453 472 453 341 472 114 359 340 453 246 1 453 472 359 340 340 472 246 359 1 359 472 453 1 453 114 453 227 340 453 228 472 359 340 472 227 472 359 1 340 472 359 114 227 227 472 453 227 114 341 472 340 472 472 246 227 340 227 133 340 114 359 1 1 227 359 246 340 359 472 1 1 454 227 227 472 114 228 114 472 340 1 472 472 114 472 227 1 472 472 115 359 227 340 472 228 340 227 114 359 340 227 340 228 114 359 340 472 1 1 359 359 227 359 472 227 472 246 359 340 340 246 1 227 227 246 1 246 359 472 227 472 472 246 114 453 114 359 472 1 472 472 114 340 114 472 1 453 1 340 340 341 114 1 472 227 359 472 115 114 227 
c [Incremental] Max used label: 472.
c [Incremental] Label 472 is removed from searching.
c [Incremental] Solving for max label = 471:
c [Incremental] Solving duration: 1022 ms.
s [Incremental] SAT (label = 471).
c [Incremental] Label assignment: 1 1 1 245 1 1 358 245 132 1 1 1 471 114 1 245 132 1 114 114 1 114 471 358 471 471 245 1 358 1 358 1 1 114 1 1 1 114 1 471 358 1 1 1 1 1 1 1 1 114 471 1 114 471 114 114 1 114 114 114 1 227 19 1 471 1 114 1 114 471 471 1 114 1 1 1 471 114 114 1 245 1 114 1 114 114 1 1 114 114 114 114 227 114 1 114 1 358 1 1 114 471 245 114 227 1 227 358 471 114 114 471 132 114 1 1 227 1 132 114 1 114 227 114 132 19 1 114 1 227 114 227 227 471 227 1 227 1 245 227 114 245 471 227 1 227 114 340 114 358 1 358 471 358 114 471 132 358 114 1 114 245 132 1 340 114 1 114 227 340 1 358 227 114 245 471 227 227 1 114 114 227 2 114 227 340 1 340 1 114 114 245 114 245 1 245 114 227 245 227 114 340 227 358 340 471 340 114 227 471 340 227 358 1 227 341 114 471 245 1 358 114 358 1 340 1 19 227 114 114 1 1 471 1 471 471 114 340 114 114 227 471 227 114 471 227 114 340 227 114 227 114 340 228 2 1 114 245 471 340 471 341 245 358 114 1 1 340 340 114 227 471 19 471 227 340 358 227 358 227 340 227 114 227 228 114 227 1 454 1 1 1 114 471 358 358 340 471 2 340 340 227 453 1 227 114 471 19 340 227 227 1 358 471 453 114 358 471 1 114 1 340 1 227 114 340 114 471 114 471 471 358 132 132 132 471 340 341 340 114 340 227 358 358 227 340 358 471 358 227 1 471 114 1 340 1 340 115 340 471 358 114 358 358 227 453 471 114 358 471 340 471 245 114 454 1 1 340 471 358 227 227 228 1 245 114 1 227 340 471 227 114 227 115 471 471 340 245 227 1 114 471 471 1 227 340 227 132 471 227 1 453 1 227 227 358 471 340 227 453 245 471 227 453 340 1 227 471 340 471 114 453 471 453 341 471 114 358 340 453 245 1 453 471 358 340 340 471 245 358 1 358 471 453 1 453 114 453 227 340 453 228 471 358 340 471 227 471 358 1 340 471 358 114 227 227 471 453 227 114 341 471 340 471 471 245 227 340 227 132 340 114 358 1 1 227 358 245 340 358 471 1 1 454 227 227 471 114 228 114 471 340 1 471 471 114 471 227 1 471 471 115 358 227 340 471 228 340 227 114 358 340 227 340 228 114 358 340 471 1 1 358 358 227 358 471 227 471 245 358 340 340 245 1 227 227 245 1 245 358 471 227 471 471 245 114 453 114 358 471 1 471 471 114 340 114 471 1 453 1 340 340 341 114 1 471 227 358 471 115 114 227 
c [Incremental] Max used label: 471.
c [Incremental] Label 471 is removed from searching.
c [Incremental] Solving for max label = 470:
c [Incremental] Solving duration: 906 ms.
s [Incremental] SAT (label = 470).
c [Incremental] Label assignment: 1 1 1 244 1 1 357 244 131 1 1 1 470 114 1 244 131 1 114 114 1 114 470 357 470 470 244 1 357 1 357 1 1 114 1 1 1 114 1 470 357 1 1 1 1 1 1 1 1 114 470 1 114 470 114 114 1 114 114 114 1 227 18 1 470 1 114 1 114 470 470 1 114 1 1 1 470 114 114 1 244 1 114 1 114 114 1 1 114 114 114 114 227 114 1 114 1 357 1 1 114 470 244 114 227 1 227 357 470 114 114 470 131 114 1 1 227 1 131 114 1 114 227 114 131 18 1 114 1 227 114 227 227 470 227 1 227 1 244 227 114 244 470 227 1 227 114 340 114 357 1 357 470 357 114 470 131 357 114 1 114 244 131 1 340 114 1 114 227 340 1 357 227 114 244 470 227 227 1 114 114 227 2 114 227 340 1 340 1 114 114 244 114 244 1 244 114 227 244 227 114 340 227 357 340 470 340 114 227 470 340 227 357 1 227 341 114 470 244 1 357 114 357 1 340 1 18 227 114 114 1 1 470 1 470 470 114 340 114 114 227 470 227 114 470 227 114 340 227 114 227 114 340 228 2 1 114 244 470 340 470 341 244 357 114 1 1 340 340 114 227 470 18 470 227 340 357 227 357 227 340 227 114 227 228 114 227 1 454 1 1 1 114 470 357 357 340 470 2 340 340 227 453 1 227 114 470 18 340 227 227 1 357 470 453 114 357 470 1 114 1 340 1 227 114 340 114 470 114 470 470 357 131 131 131 470 340 341 340 114 340 227 357 357 227 340 357 470 357 227 1 470 114 1 340 1 340 115 340 470 357 114 357 357 227 453 470 114 357 470 340 470 244 114 454 1 1 340 470 357 227 227 228 1 244 114 1 227 340 470 227 114 227 115 470 470 340 244 227 1 114 470 470 1 227 340 227 131 470 227 1 453 1 227 227 357 470 340 227 453 244 470 227 453 340 1 227 470 340 470 114 453 470 453 341 470 114 357 340 453 244 1 453 470 357 340 340 470 244 357 1 357 470 453 1 453 114 453 227 340 453 228 470 357 340 470 227 470 357 1 340 470 357 114 227 227 470 453 227 114 341 470 340 470 470 244 227 340 227 131 340 114 357 1 1 227 357 244 340 357 470 1 1 454 227 227 470 114 228 114 470 340 1 470 470 114 470 227 1 470 470 115 357 227 340 470 228 340 227 114 357 340 227 340 228 114 357 340 470 1 1 357 357 227 357 470 227 470 244 357 340 340 244 1 227 227 244 1 244 357 470 227 470 470 244 114 453 114 357 470 1 470 470 114 340 114 470 1 453 1 340 340 341 114 1 470 227 357 470 115 114 227 
c [Incremental] Max used label: 470.
c [Incremental] Label 470 is removed from searching.
c [Incremental] Solving for max label = 469:
c [Incremental] Solving duration: 933 ms.
s [Incremental] SAT (label = 469).
c [Incremental] Label assignment: 1 1 1 243 1 1 356 243 130 1 1 1 469 114 1 243 130 1 114 114 1 114 469 356 469 469 243 1 356 1 356 1 1 114 1 1 1 114 1 469 356 1 1 1 1 1 1 1 1 114 469 1 114 469 114 114 1 114 114 114 1 227 17 1 469 1 114 1 114 469 469 1 114 1 1 1 469 114 114 1 243 1 114 1 114 114 1 1 114 114 114 114 227 114 1 114 1 356 1 1 114 469 243 114 227 1 227 356 469 114 114 469 130 114 1 1 227 1 130 114 1 114 227 114 130 17 1 114 1 227 114 227 227 469 227 1 227 1 243 227 114 243 469 227 1 227 114 340 114 356 1 356 469 356 114 469 130 356 114 1 114 243 130 1 340 114 1 114 227 340 1 356 227 114 243 469 227 227 1 114 114 227 2 114 227 340 1 340 1 114 114 243 114 243 1 243 114 227 243 227 114 340 227 356 340 469 340 114 227 469 340 227 356 1 227 341 114 469 243 1 356 114 356 1 340 1 17 227 114 114 1 1 469 1 469 469 114 340 114 114 227 469 227 114 469 227 114 340 227 114 227 114 340 228 2 1 114 243 469 340 469 341 243 356 114 1 1 340 340 114 227 469 17 469 227 340 356 227 356 227 340 227 114 227 228 114 227 1 454 1 1 1 114 469 356 356 340 469 2 340 340 227 453 1 227 114 469 17 340 227 227 1 356 469 453 114 356 469 1 114 1 340 1 227 114 340 114 469 114 469 469 356 130 130 130 469 340 341 340 114 340 227 356 356 227 340 356 469 356 227 1 469 114 1 340 1 340 115 340 469 356 114 356 356 227 453 469 114 356 469 340 469 243 114 454 1 1 340 469 356 227 227 228 1 243 114 1 227 340 469 227 114 227 115 469 469 340 243 227 1 114 469 469 1 227 340 227 130 469 227 1 453 1 227 227 356 469 340 227 453 243 469 227 453 340 1 227 469 340 469 114 453 469 453 341 469 114 356 340 453 243 1 453 469 356 340 340 469 243 356 1 356 469 453 1 453 114 453 227 340 453 228 469 356 340 469 227 469 356 1 340 469 356 114 227 227 469 453 227 114 341 469 340 469 469 243 227 340 227 130 340 114 356 1 1 227 356 243 340 356 469 1 1 454 227 227 469 114 228 114 469 340 1 469 469 114 469 227 1 469 469 115 356 227 340 469 228 340 227 114 356 340 227 340 228 114 356 340 469 1 1 356 356 227 356 469 227 469 243 356 340 340 243 1 227 227 243 1 243 356 469 227 469 469 243 114 453 114 356 469 1 469 469 114 340 114 469 1 453 1 340 340 341 114 1 469 227 356 469 115 114 227 
c [Incremental] Max used label: 469.
c [Incremental] Label 469 is removed from searching.
c [Incremental] Solving for max label = 468:
c [Incremental] Solving duration: 1048 ms.
s [Incremental] SAT (label = 468).
c [Incremental] Label assignment: 1 1 1 242 1 1 355 242 129 1 1 1 468 114 1 242 129 1 114 114 1 114 468 355 468 468 242 1 355 1 355 1 1 114 1 1 1 114 1 468 355 1 1 1 1 1 1 1 1 114 468 1 114 468 114 114 1 114 114 114 1 227 16 1 468 1 114 1 114 468 468 1 114 1 1 1 468 114 114 1 242 1 114 1 114 114 1 1 114 114 114 114 227 114 1 114 1 355 1 1 114 468 242 114 227 1 227 355 468 114 114 468 129 114 1 1 227 1 129 114 1 114 227 114 129 16 1 114 1 227 114 227 227 468 227 1 227 1 242 227 114 242 468 227 1 227 114 340 114 355 1 355 468 355 114 468 129 355 114 1 114 242 129 1 340 114 1 114 227 340 1 355 227 114 242 468 227 227 1 114 114 227 2 114 227 340 1 340 1 114 114 242 114 242 1 242 114 227 242 227 114 340 227 355 340 468 340 114 227 468 340 227 355 1 227 341 114 468 242 1 355 114 355 1 340 1 16 227 114 114 1 1 468 1 468 468 114 340 114 114 227 468 227 114 468 227 114 340 227 114 227 114 340 228 2 1 114 242 468 340 468 341 242 355 114 1 1 340 340 114 227 468 16 468 227 340 355 227 355 227 340 227 114 227 228 114 227 1 454 1 1 1 114 468 355 355 340 468 2 340 340 227 453 1 227 114 468 16 340 227 227 1 355 468 453 114 355 468 1 114 1 340 1 227 114 340 114 468 114 468 468 355 129 129 129 468 340 341 340 114 340 227 355 355 227 340 355 468 355 227 1 468 114 1 340 1 340 115 340 468 355 114 355 355 227 453 468 114 355 468 340 468 242 114 454 1 1 340 468 355 227 227 228 1 242 114 1 227 340 468 227 114 227 115 468 468 340 242 227 1 114 468 468 1 227 340 227 129 468 227 1 453 1 227 227 355 468 340 227 453 242 468 227 453 340 1 227 468 340 468 114 453 468 453 341 468 114 355 340 453 242 1 453 468 355 340 340 468 242 355 1 355 468 453 1 453 114 453 227 340 453 228 468 355 340 468 227 468 355 1 340 468 355 114 227 227 468 453 227 114 341 468 340 468 468 242 227 340 227 129 340 114 355 1 1 227 355 242 340 355 468 1 1 454 227 227 468 114 228 114 468 340 1 468 468 114 468 227 1 468 468 115 355 227 340 468 228 340 227 114 355 340 227 340 228 114 355 340 468 1 1 355 355 227 355 468 227 468 242 355 340 340 242 1 227 227 242 1 242 355 468 227 468 468 242 114 453 114 355 468 1 468 468 114 340 114 468 1 453 1 340 340 341 114 1 468 227 355 468 115 114 227 
c [Incremental] Max used label: 468.
c [Incremental] Label 468 is removed from searching.
c [Incremental] Solving for max label = 467:
c [Incremental] Solving duration: 984 ms.
s [Incremental] SAT (label = 467).
c [Incremental] Label assignment: 1 1 1 241 1 1 354 241 128 1 1 1 467 114 1 241 128 1 114 114 1 114 467 354 467 467 241 1 354 1 354 1 1 114 1 1 1 114 1 467 354 1 1 1 1 1 1 1 1 114 467 1 114 467 114 114 1 114 114 114 1 227 15 1 467 1 114 1 114 467 467 1 114 1 1 1 467 114 114 1 241 1 114 1 114 114 1 1 114 114 114 114 227 114 1 114 1 354 1 1 114 467 241 114 227 1 227 354 467 114 114 467 128 114 1 1 227 1 128 114 1 114 227 114 128 15 1 114 1 227 114 227 227 467 227 1 227 1 241 227 114 241 467 227 1 227 114 340 114 354 1 354 467 354 114 467 128 354 114 1 114 241 128 1 340 114 1 114 227 340 1 354 227 114 241 467 227 227 1 114 114 227 2 114 227 340 1 340 1 114 114 241 114 241 1 241 114 227 241 227 114 340 227 354 340 467 340 114 227 467 340 227 354 1 227 341 114 467 241 1 354 114 354 1 340 1 15 227 114 114 1 1 467 1 467 467 114 340 114 114 227 467 227 114 467 227 114 340 227 114 227 114 340 228 2 1 114 241 467 340 467 341 241 354 114 1 1 340 340 114 227 467 15 467 227 340 354 227 354 227 340 227 114 227 228 114 227 1 454 1 1 1 114 467 354 354 340 467 2 340 340 227 453 1 227 114 467 15 340 227 227 1 354 467 453 114 354 467 1 114 1 340 1 227 114 340 114 467 114 467 467 354 128 128 128 467 340 341 340 114 340 227 354 354 227 340 354 467 354 227 1 467 114 1 340 1 340 115 340 467 354 114 354 354 227 453 467 114 354 467 340 467 241 114 454 1 1 340 467 354 227 227 228 1 241 114 1 227 340 467 227 114 227 115 467 467 340 241 227 1 114 467 467 1 227 340 227 128 467 227 1 453 1 227 227 354 467 340 227 453 241 467 227 453 340 1 227 467 340 467 114 453 467 453 341 467 114 354 340 453 241 1 453 467 354 340 340 467 241 354 1 354 467 453 1 453 114 453 227 340 453 228 467 354 340 467 227 467 354 1 340 467 354 114 227 227 467 453 227 114 341 467 340 467 467 241 227 340 227 128 340 114 354 1 1 227 354 241 340 354 467 1 1 454 227 227 467 114 228 114 467 340 1 467 467 114 467 227 1 467 467 115 354 227 340 467 228 340 227 114 354 340 227 340 228 114 354 340 467 1 1 354 354 227 354 467 227 467 241 354 340 340 241 1 227 227 241 1 241 354 467 227 467 467 241 114 453 114 354 467 1 467 467 114 340 114 467 1 453 1 340 340 341 114 1 467 227 354 467 115 114 227 
c [Incremental] Max used label: 467.
c [Incremental] Label 467 is removed from searching.
c [Incremental] Solving for max label = 466:
c [Incremental] Solving duration: 969 ms.
s [Incremental] SAT (label = 466).
c [Incremental] Label assignment: 1 1 1 240 1 1 353 240 127 1 1 1 466 114 1 240 127 1 114 114 1 114 466 353 466 466 240 1 353 1 353 1 1 114 1 1 1 114 1 466 353 1 1 1 1 1 1 1 1 114 466 1 114 466 114 114 1 114 114 114 1 227 14 1 466 1 114 1 114 466 466 1 114 1 1 1 466 114 114 1 240 1 114 1 114 114 1 1 114 114 114 114 227 114 1 114 1 353 1 1 114 466 240 114 227 1 227 353 466 114 114 466 127 114 1 1 227 1 127 114 1 114 227 114 127 14 1 114 1 227 114 227 227 466 227 1 227 1 240 227 114 240 466 227 1 227 114 340 114 353 1 353 466 353 114 466 127 353 114 1 114 240 127 1 340 114 1 114 227 340 1 353 227 114 240 466 227 227 1 114 114 227 2 114 227 340 1 340 1 114 114 240 114 240 1 240 114 227 240 227 114 340 227 353 340 466 340 114 227 466 340 227 353 1 227 341 114 466 240 1 353 114 353 1 340 1 14 227 114 114 1 1 466 1 466 466 114 340 114 114 227 466 227 114 466 227 114 340 227 114 227 114 340 228 2 1 114 240 466 340 466 341 240 353 114 1 1 340 340 114 227 466 14 466 227 340 353 227 353 227 340 227 114 227 228 114 227 1 454 1 1 1 114 466 353 353 340 466 2 340 340 227 453 1 227 114 466 14 340 227 227 1 353 466 453 114 353 466 1 114 1 340 1 227 114 340 114 466 114 466 466 353 127 127 127 466 340 341 340 114 340 227 353 353 227 340 353 466 353 227 1 466 114 1 340 1 340 115 340 466 353 114 353 353 227 453 466 114 353 466 340 466 240 114 454 1 1 340 466 353 227 227 228 1 240 114 1 227 340 466 227 114 227 115 466 466 340 240 227 1 114 466 466 1 227 340 227 127 466 227 1 453 1 227 227 353 466 340 227 453 240 466 227 453 340 1 227 466 340 466 114 453 466 453 341 466 114 353 340 453 240 1 453 466 353 340 340 466 240 353 1 353 466 453 1 453 114 453 227 340 453 228 466 353 340 466 227 466 353 1 340 466 353 114 227 227 466 453 227 114 341 466 340 466 466 240 227 340 227 127 340 114 353 1 1 227 353 240 340 353 466 1 1 454 227 227 466 114 228 114 466 340 1 466 466 114 466 227 1 466 466 115 353 227 340 466 228 340 227 114 353 340 227 340 228 114 353 340 466 1 1 353 353 227 353 466 227 466 240 353 340 340 240 1 227 227 240 1 240 353 466 227 466 466 240 114 453 114 353 466 1 466 466 114 340 114 466 1 453 1 340 340 341 114 1 466 227 353 466 115 114 227 
c [Incremental] Max used label: 466.
c [Incremental] Label 466 is removed from searching.
c [Incremental] Solving for max label = 465:
c [Incremental] Solving duration: 915 ms.
s [Incremental] SAT (label = 465).
c [Incremental] Label assignment: 1 1 1 239 1 1 352 239 126 1 1 1 465 114 1 239 126 1 114 114 1 114 465 352 465 465 239 1 352 1 352 1 1 114 1 1 1 114 1 465 352 1 1 1 1 1 1 1 1 114 465 1 114 465 114 114 1 114 114 114 1 227 13 1 465 1 114 1 114 465 465 1 114 1 1 1 465 114 114 1 239 1 114 1 114 114 1 1 114 114 114 114 227 114 1 114 1 352 1 1 114 465 239 114 227 1 227 352 465 114 114 465 126 114 1 1 227 1 126 114 1 114 227 114 126 13 1 114 1 227 114 227 227 465 227 1 227 1 239 227 114 239 465 227 1 227 114 340 114 352 1 352 465 352 114 465 126 352 114 1 114 239 126 1 340 114 1 114 227 340 1 352 227 114 239 465 227 227 1 114 114 227 2 114 227 340 1 340 1 114 114 239 114 239 1 239 114 227 239 227 114 340 227 352 340 465 340 114 227 465 340 227 352 1 227 341 114 465 239 1 352 114 352 1 340 1 13 227 114 114 1 1 465 1 465 465 114 340 114 114 227 465 227 114 465 227 114 340 227 114 227 114 340 228 2 1 114 239 465 340 465 341 239 352 114 1 1 340 340 114 227 465 13 465 227 340 352 227 352 227 340 227 114 227 228 114 227 1 454 1 1 1 114 465 352 352 340 465 2 340 340 227 453 1 227 114 465 13 340 227 227 1 352 465 453 114 352 465 1 114 1 340 1 227 114 340 114 465 114 465 465 352 126 126 126 465 340 341 340 114 340 227 352 352 227 340 352 465 352 227 1 465 114 1 340 1 340 115 340 465 352 114 352 352 227 453 465 114 352 465 340 465 239 114 454 1 1 340 465 352 227 227 228 1 239 114 1 227 340 465 227 114 227 115 465 465 340 239 227 1 114 465 465 1 227 340 227 126 465 227 1 453 1 227 227 352 465 340 227 453 239 465 227 453 340 1 227 465 340 465 114 453 465 453 341 465 114 352 340 453 239 1 453 465 352 340 340 465 239 352 1 352 465 453 1 453 114 453 227 340 453 228 465 352 340 465 227 465 352 1 340 465 352 114 227 227 465 453 227 114 341 465 340 465 465 239 227 340 227 126 340 114 352 1 1 227 352 239 340 352 465 1 1 454 227 227 465 114 228 114 465 340 1 465 465 114 465 227 1 465 465 115 352 227 340 465 228 340 227 114 352 340 227 340 228 114 352 340 465 1 1 352 352 227 352 465 227 465 239 352 340 340 239 1 227 227 239 1 239 352 465 227 465 465 239 114 453 114 352 465 1 465 465 114 340 114 465 1 453 1 340 340 341 114 1 465 227 352 465 115 114 227 
c [Incremental] Max used label: 465.
c [Incremental] Label 465 is removed from searching.
c [Incremental] Solving for max label = 464:
c [Incremental] Solving duration: 914 ms.
s [Incremental] SAT (label = 464).
c [Incremental] Label assignment: 1 1 1 238 1 1 351 238 125 1 1 1 464 114 1 238 125 1 114 114 1 114 464 351 464 464 238 1 351 1 351 1 1 114 1 1 1 114 1 464 351 1 1 1 1 1 1 1 1 114 464 1 114 464 114 114 1 114 114 114 1 227 12 1 464 1 114 1 114 464 464 1 114 1 1 1 464 114 114 1 238 1 114 1 114 114 1 1 114 114 114 114 227 114 1 114 1 351 1 1 114 464 238 114 227 1 227 351 464 114 114 464 125 114 1 1 227 1 125 114 1 114 227 114 125 12 1 114 1 227 114 227 227 464 227 1 227 1 238 227 114 238 464 227 1 227 114 340 114 351 1 351 464 351 114 464 125 351 114 1 114 238 125 1 340 114 1 114 227 340 1 351 227 114 238 464 227 227 1 114 114 227 2 114 227 340 1 340 1 114 114 238 114 238 1 238 114 227 238 227 114 340 227 351 340 464 340 114 227 464 340 227 351 1 227 341 114 464 238 1 351 114 351 1 340 1 12 227 114 114 1 1 464 1 464 464 114 340 114 114 227 464 227 114 464 227 114 340 227 114 227 114 340 228 2 1 114 238 464 340 464 341 238 351 114 1 1 340 340 114 227 464 12 464 227 340 351 227 351 227 340 227 114 227 228 114 227 1 454 1 1 1 114 464 351 351 340 464 2 340 340 227 453 1 227 114 464 12 340 227 227 1 351 464 453 114 351 464 1 114 1 340 1 227 114 340 114 464 114 464 464 351 125 125 125 464 340 341 340 114 340 227 351 351 227 340 351 464 351 227 1 464 114 1 340 1 340 115 340 464 351 114 351 351 227 453 464 114 351 464 340 464 238 114 454 1 1 340 464 351 227 227 228 1 238 114 1 227 340 464 227 114 227 115 464 464 340 238 227 1 114 464 464 1 227 340 227 125 464 227 1 453 1 227 227 351 464 340 227 453 238 464 227 453 340 1 227 464 340 464 114 453 464 453 341 464 114 351 340 453 238 1 453 464 351 340 340 464 238 351 1 351 464 453 1 453 114 453 227 340 453 228 464 351 340 464 227 464 351 1 340 464 351 114 227 227 464 453 227 114 341 464 340 464 464 238 227 340 227 125 340 114 351 1 1 227 351 238 340 351 464 1 1 454 227 227 464 114 228 114 464 340 1 464 464 114 464 227 1 464 464 115 351 227 340 464 228 340 227 114 351 340 227 340 228 114 351 340 464 1 1 351 351 227 351 464 227 464 238 351 340 340 238 1 227 227 238 1 238 351 464 227 464 464 238 114 453 114 351 464 1 464 464 114 340 114 464 1 453 1 340 340 341 114 1 464 227 351 464 115 114 227 
c [Incremental] Max used label: 464.
c [Incremental] Label 464 is removed from searching.
c [Incremental] Solving for max label = 463:
c [Incremental] Solving duration: 970 ms.
s [Incremental] SAT (label = 463).
c [Incremental] Label assignment: 1 1 1 237 1 1 350 237 124 1 1 1 463 114 1 237 124 1 114 114 1 114 463 350 463 463 237 1 350 1 350 1 1 114 1 1 1 114 1 463 350 1 1 1 1 1 1 1 1 114 463 1 114 463 114 114 1 114 114 114 1 227 11 1 463 1 114 1 114 463 463 1 114 1 1 1 463 114 114 1 237 1 114 1 114 114 1 1 114 114 114 114 227 114 1 114 1 350 1 1 114 463 237 114 227 1 227 350 463 114 114 463 124 114 1 1 227 1 124 114 1 114 227 114 124 11 1 114 1 227 114 227 227 463 227 1 227 1 237 227 114 237 463 227 1 227 114 340 114 350 1 350 463 350 114 463 124 350 114 1 114 237 124 1 340 114 1 114 227 340 1 350 227 114 237 463 227 227 1 114 114 227 2 114 227 340 1 340 1 114 114 237 114 237 1 237 114 227 237 227 114 340 227 350 340 463 340 114 227 463 340 227 350 1 227 341 114 463 237 1 350 114 350 1 340 1 11 227 114 114 1 1 463 1 463 463 114 340 114 114 227 463 227 114 463 227 114 340 227 114 227 114 340 228 2 1 114 237 463 340 463 341 237 350 114 1 1 340 340 114 227 463 11 463 227 340 350 227 350 227 340 227 114 227 228 114 227 1 454 1 1 1 114 463 350 350 340 463 2 340 340 227 453 1 227 114 463 11 340 227 227 1 350 463 453 114 350 463 1 114 1 340 1 227 114 340 114 463 114 463 463 350 124 124 124 463 340 341 340 114 340 227 350 350 227 340 350 463 350 227 1 463 114 1 340 1 340 115 340 463 350 114 350 350 227 453 463 114 350 463 340 463 237 114 454 1 1 340 463 350 227 227 228 1 237 114 1 227 340 463 227 114 227 115 463 463 340 237 227 1 114 463 463 1 227 340 227 124 463 227 1 453 1 227 227 350 463 340 227 453 237 463 227 453 340 1 227 463 340 463 114 453 463 453 341 463 114 350 340 453 237 1 453 463 350 340 340 463 237 350 1 350 463 453 1 453 114 453 227 340 453 228 463 350 340 463 227 463 350 1 340 463 350 114 227 227 463 453 227 114 341 463 340 463 463 237 227 340 227 124 340 114 350 1 1 227 350 237 340 350 463 1 1 454 227 227 463 114 228 114 463 340 1 463 463 114 463 227 1 463 463 115 350 227 340 463 228 340 227 114 350 340 227 340 228 114 350 340 463 1 1 350 350 227 350 463 227 463 237 350 340 340 237 1 227 227 237 1 237 350 463 227 463 463 237 114 453 114 350 463 1 463 463 114 340 114 463 1 453 1 340 340 341 114 1 463 227 350 463 115 114 227 
c [Incremental] Max used label: 463.
c [Incremental] Label 463 is removed from searching.
c [Incremental] Solving for max label = 462:
c [Incremental] Solving duration: 996 ms.
s [Incremental] SAT (label = 462).
c [Incremental] Label assignment: 1 1 1 236 1 1 349 236 123 1 1 1 462 114 1 236 123 1 114 114 1 114 462 349 462 462 236 1 349 1 349 1 1 114 1 1 1 114 1 462 349 1 1 1 1 1 1 1 1 114 462 1 114 462 114 114 1 114 114 114 1 227 10 1 462 1 114 1 114 462 462 1 114 1 1 1 462 114 114 1 236 1 114 1 114 114 1 1 114 114 114 114 227 114 1 114 1 349 1 1 114 462 236 114 227 1 227 349 462 114 114 462 123 114 1 1 227 1 123 114 1 114 227 114 123 10 1 114 1 227 114 227 227 462 227 1 227 1 236 227 114 236 462 227 1 227 114 340 114 349 1 349 462 349 114 462 123 349 114 1 114 236 123 1 340 114 1 114 227 340 1 349 227 114 236 462 227 227 1 114 114 227 2 114 227 340 1 340 1 114 114 236 114 236 1 236 114 227 236 227 114 340 227 349 340 462 340 114 227 462 340 227 349 1 227 341 114 462 236 1 349 114 349 1 340 1 10 227 114 114 1 1 462 1 462 462 114 340 114 114 227 462 227 114 462 227 114 340 227 114 227 114 340 228 2 1 114 236 462 340 462 341 236 349 114 1 1 340 340 114 227 462 10 462 227 340 349 227 349 227 340 227 114 227 228 114 227 1 454 1 1 1 114 462 349 349 340 462 2 340 340 227 453 1 227 114 462 10 340 227 227 1 349 462 453 114 349 462 1 114 1 340 1 227 114 340 114 462 114 462 462 349 123 123 123 462 340 341 340 114 340 227 349 349 227 340 349 462 349 227 1 462 114 1 340 1 340 115 340 462 349 114 349 349 227 453 462 114 349 462 340 462 236 114 454 1 1 340 462 349 227 227 228 1 236 114 1 227 340 462 227 114 227 115 462 462 340 236 227 1 114 462 462 1 227 340 227 123 462 227 1 453 1 227 227 349 462 340 227 453 236 462 227 453 340 1 227 462 340 462 114 453 462 453 341 462 114 349 340 453 236 1 453 462 349 340 340 462 236 349 1 349 462 453 1 453 114 453 227 340 453 228 462 349 340 462 227 462 349 1 340 462 349 114 227 227 462 453 227 114 341 462 340 462 462 236 227 340 227 123 340 114 349 1 1 227 349 236 340 349 462 1 1 454 227 227 462 114 228 114 462 340 1 462 462 114 462 227 1 462 462 115 349 227 340 462 228 340 227 114 349 340 227 340 228 114 349 340 462 1 1 349 349 227 349 462 227 462 236 349 340 340 236 1 227 227 236 1 236 349 462 227 462 462 236 114 453 114 349 462 1 462 462 114 340 114 462 1 453 1 340 340 341 114 1 462 227 349 462 115 114 227 
c [Incremental] Max used label: 462.
c [Incremental] Label 462 is removed from searching.
c [Incremental] Solving for max label = 461:
c [Incremental] Solving duration: 899 ms.
s [Incremental] SAT (label = 461).
c [Incremental] Label assignment: 1 1 1 235 1 1 348 235 122 1 1 1 461 114 1 235 122 1 114 114 1 114 461 348 461 461 235 1 348 1 348 1 1 114 1 1 1 114 1 461 348 1 1 1 1 1 1 1 1 114 461 1 114 461 114 114 1 114 114 114 1 227 9 1 461 1 114 1 114 461 461 1 114 1 1 1 461 114 114 1 235 1 114 1 114 114 1 1 114 114 114 114 227 114 1 114 1 348 1 1 114 461 235 114 227 1 227 348 461 114 114 461 122 114 1 1 227 1 122 114 1 114 227 114 122 9 1 114 1 227 114 227 227 461 227 1 227 1 235 227 114 235 461 227 1 227 114 340 114 348 1 348 461 348 114 461 122 348 114 1 114 235 122 1 340 114 1 114 227 340 1 348 227 114 235 461 227 227 1 114 114 227 2 114 227 340 1 340 1 114 114 235 114 235 1 235 114 227 235 227 114 340 227 348 340 461 340 114 227 461 340 227 348 1 227 341 114 461 235 1 348 114 348 1 340 1 9 227 114 114 1 1 461 1 461 461 114 340 114 114 227 461 227 114 461 227 114 340 227 114 227 114 340 228 2 1 114 235 461 340 461 341 235 348 114 1 1 340 340 114 227 461 9 461 227 340 348 227 348 227 340 227 114 227 228 114 227 1 454 1 1 1 114 461 348 348 340 461 2 340 340 227 453 1 227 114 461 9 340 227 227 1 348 461 453 114 348 461 1 114 1 340 1 227 114 340 114 461 114 461 461 348 122 122 122 461 340 341 340 114 340 227 348 348 227 340 348 461 348 227 1 461 114 1 340 1 340 115 340 461 348 114 348 348 227 453 461 114 348 461 340 461 235 114 454 1 1 340 461 348 227 227 228 1 235 114 1 227 340 461 227 114 227 115 461 461 340 235 227 1 114 461 461 1 227 340 227 122 461 227 1 453 1 227 227 348 461 340 227 453 235 461 227 453 340 1 227 461 340 461 114 453 461 453 341 461 114 348 340 453 235 1 453 461 348 340 340 461 235 348 1 348 461 453 1 453 114 453 227 340 453 228 461 348 340 461 227 461 348 1 340 461 348 114 227 227 461 453 227 114 341 461 340 461 461 235 227 340 227 122 340 114 348 1 1 227 348 235 340 348 461 1 1 454 227 227 461 114 228 114 461 340 1 461 461 114 461 227 1 461 461 115 348 227 340 461 228 340 227 114 348 340 227 340 228 114 348 340 461 1 1 348 348 227 348 461 227 461 235 348 340 340 235 1 227 227 235 1 235 348 461 227 461 461 235 114 453 114 348 461 1 461 461 114 340 114 461 1 453 1 340 340 341 114 1 461 227 348 461 115 114 227 
c [Incremental] Max used label: 461.
c [Incremental] Label 461 is removed from searching.
c [Incremental] Solving for max label = 460:
c [Incremental] Solving duration: 991 ms.
s [Incremental] SAT (label = 460).
c [Incremental] Label assignment: 1 1 1 234 1 1 347 234 121 1 1 1 460 114 1 234 121 1 114 114 1 114 460 347 460 460 234 1 347 1 347 1 1 114 1 1 1 114 1 460 347 1 1 1 1 1 1 1 1 114 460 1 114 460 114 114 1 114 114 114 1 227 8 1 460 1 114 1 114 460 460 1 114 1 1 1 460 114 114 1 234 1 114 1 114 114 1 1 114 114 114 114 227 114 1 114 1 347 1 1 114 460 234 114 227 1 227 347 460 114 114 460 121 114 1 1 227 1 121 114 1 114 227 114 121 8 1 114 1 227 114 227 227 460 227 1 227 1 234 227 114 234 460 227 1 227 114 340 114 347 1 347 460 347 114 460 121 347 114 1 114 234 121 1 340 114 1 114 227 340 1 347 227 114 234 460 227 227 1 114 114 227 2 114 227 340 1 340 1 114 114 234 114 234 1 234 114 227 234 227 114 340 227 347 340 460 340 114 227 460 340 227 347 1 227 341 114 460 234 1 347 114 347 1 340 1 8 227 114 114 1 1 460 1 460 460 114 340 114 114 227 460 227 114 460 227 114 340 227 114 227 114 340 228 2 1 114 234 460 340 460 341 234 347 114 1 1 340 340 114 227 460 8 460 227 340 347 227 347 227 340 227 114 227 228 114 227 1 454 1 1 1 114 460 347 347 340 460 2 340 340 227 453 1 227 114 460 8 340 227 227 1 347 460 453 114 347 460 1 114 1 340 1 227 114 340 114 460 114 460 460 347 121 121 121 460 340 341 340 114 340 227 347 347 227 340 347 460 347 227 1 460 114 1 340 1 340 115 340 460 347 114 347 347 227 453 460 114 347 460 340 460 234 114 454 1 1 340 460 347 227 227 228 1 234 114 1 227 340 460 227 114 227 115 460 460 340 234 227 1 114 460 460 1 227 340 227 121 460 227 1 453 1 227 227 347 460 340 227 453 234 460 227 453 340 1 227 460 340 460 114 453 460 453 341 460 114 347 340 453 234 1 453 460 347 340 340 460 234 347 1 347 460 453 1 453 114 453 227 340 453 228 460 347 340 460 227 460 347 1 340 460 347 114 227 227 460 453 227 114 341 460 340 460 460 234 227 340 227 121 340 114 347 1 1 227 347 234 340 347 460 1 1 454 227 227 460 114 228 114 460 340 1 460 460 114 460 227 1 460 460 115 347 227 340 460 228 340 227 114 347 340 227 340 228 114 347 340 460 1 1 347 347 227 347 460 227 460 234 347 340 340 234 1 227 227 234 1 234 347 460 227 460 460 234 114 453 114 347 460 1 460 460 114 340 114 460 1 453 1 340 340 341 114 1 460 227 347 460 115 114 227 
c [Incremental] Max used label: 460.
c [Incremental] Label 460 is removed from searching.
c [Incremental] Solving for max label = 459:
c [Incremental] Solving duration: 898 ms.
s [Incremental] SAT (label = 459).
c [Incremental] Label assignment: 1 1 1 233 1 1 346 233 120 1 1 1 459 114 1 233 120 1 114 114 1 114 459 346 459 459 233 1 346 1 346 1 1 114 1 1 1 114 1 459 346 1 1 1 1 1 1 1 1 114 459 1 114 459 114 114 1 114 114 114 1 227 7 1 459 1 114 1 114 459 459 1 114 1 1 1 459 114 114 1 233 1 114 1 114 114 1 1 114 114 114 114 227 114 1 114 1 346 1 1 114 459 233 114 227 1 227 346 459 114 114 459 120 114 1 1 227 1 120 114 1 114 227 114 120 7 1 114 1 227 114 227 227 459 227 1 227 1 233 227 114 233 459 227 1 227 114 340 114 346 1 346 459 346 114 459 120 346 114 1 114 233 120 1 340 114 1 114 227 340 1 346 227 114 233 459 227 227 1 114 114 227 2 114 227 340 1 340 1 114 114 233 114 233 1 233 114 227 233 227 114 340 227 346 340 459 340 114 227 459 340 227 346 1 227 341 114 459 233 1 346 114 346 1 340 1 7 227 114 114 1 1 459 1 459 459 114 340 114 114 227 459 227 114 459 227 114 340 227 114 227 114 340 228 2 1 114 233 459 340 459 341 233 346 114 1 1 340 340 114 227 459 7 459 227 340 346 227 346 227 340 227 114 227 228 114 227 1 454 1 1 1 114 459 346 346 340 459 2 340 340 227 453 1 227 114 459 7 340 227 227 1 346 459 453 114 346 459 1 114 1 340 1 227 114 340 114 459 114 459 459 346 120 120 120 459 340 341 340 114 340 227 346 346 227 340 346 459 346 227 1 459 114 1 340 1 340 115 340 459 346 114 346 346 227 453 459 114 346 459 340 459 233 114 454 1 1 340 459 346 227 227 228 1 233 114 1 227 340 459 227 114 227 115 459 459 340 233 227 1 114 459 459 1 227 340 227 120 459 227 1 453 1 227 227 346 459 340 227 453 233 459 227 453 340 1 227 459 340 459 114 453 459 453 341 459 114 346 340 453 233 1 453 459 346 340 340 459 233 346 1 346 459 453 1 453 114 453 227 340 453 228 459 346 340 459 227 459 346 1 340 459 346 114 227 227 459 453 227 114 341 459 340 459 459 233 227 340 227 120 340 114 346 1 1 227 346 233 340 346 459 1 1 454 227 227 459 114 228 114 459 340 1 459 459 114 459 227 1 459 459 115 346 227 340 459 228 340 227 114 346 340 227 340 228 114 346 340 459 1 1 346 346 227 346 459 227 459 233 346 340 340 233 1 227 227 233 1 233 346 459 227 459 459 233 114 453 114 346 459 1 459 459 114 340 114 459 1 453 1 340 340 341 114 1 459 227 346 459 115 114 227 
c [Incremental] Max used label: 459.
c [Incremental] Label 459 is removed from searching.
c [Incremental] Solving for max label = 458:
c [Incremental] Solving duration: 877 ms.
s [Incremental] SAT (label = 458).
c [Incremental] Label assignment: 1 1 1 232 1 1 345 232 119 1 1 1 458 114 1 232 119 1 114 114 1 114 458 345 458 458 232 1 345 1 345 1 1 114 1 1 1 114 1 458 345 1 1 1 1 1 1 1 1 114 458 1 114 458 114 114 1 114 114 114 1 227 6 1 458 1 114 1 114 458 458 1 114 1 1 1 458 114 114 1 232 1 114 1 114 114 1 1 114 114 114 114 227 114 1 114 1 345 1 1 114 458 232 114 227 1 227 345 458 114 114 458 119 114 1 1 227 1 119 114 1 114 227 114 119 6 1 114 1 227 114 227 227 458 227 1 227 1 232 227 114 232 458 227 1 227 114 340 114 345 1 345 458 345 114 458 119 345 114 1 114 232 119 1 340 114 1 114 227 340 1 345 227 114 232 458 227 227 1 114 114 227 2 114 227 340 1 340 1 114 114 232 114 232 1 232 114 227 232 227 114 340 227 345 340 458 340 114 227 458 340 227 345 1 227 341 114 458 232 1 345 114 345 1 340 1 6 227 114 114 1 1 458 1 458 458 114 340 114 114 227 458 227 114 458 227 114 340 227 114 227 114 340 228 2 1 114 232 458 340 458 341 232 345 114 1 1 340 340 114 227 458 6 458 227 340 345 227 345 227 340 227 114 227 228 114 227 1 454 1 1 1 114 458 345 345 340 458 2 340 340 227 453 1 227 114 458 6 340 227 227 1 345 458 453 114 345 458 1 114 1 340 1 227 114 340 114 458 114 458 458 345 119 119 119 458 340 341 340 114 340 227 345 345 227 340 345 458 345 227 1 458 114 1 340 1 340 115 340 458 345 114 345 345 227 453 458 114 345 458 340 458 232 114 454 1 1 340 458 345 227 227 228 1 232 114 1 227 340 458 227 114 227 115 458 458 340 232 227 1 114 458 458 1 227 340 227 119 458 227 1 453 1 227 227 345 458 340 227 453 232 458 227 453 340 1 227 458 340 458 114 453 458 453 341 458 114 345 340 453 232 1 453 458 345 340 340 458 232 345 1 345 458 453 1 453 114 453 227 340 453 228 458 345 340 458 227 458 345 1 340 458 345 114 227 227 458 453 227 114 341 458 340 458 458 232 227 340 227 119 340 114 345 1 1 227 345 232 340 345 458 1 1 454 227 227 458 114 228 114 458 340 1 458 458 114 458 227 1 458 458 115 345 227 340 458 228 340 227 114 345 340 227 340 228 114 345 340 458 1 1 345 345 227 345 458 227 458 232 345 340 340 232 1 227 227 232 1 232 345 458 227 458 458 232 114 453 114 345 458 1 458 458 114 340 114 458 1 453 1 340 340 341 114 1 458 227 345 458 115 114 227 
c [Incremental] Max used label: 458.
c [Incremental] Label 458 is removed from searching.
c [Incremental] Solving for max label = 457:
c [Incremental] Solving duration: 857 ms.
s [Incremental] SAT (label = 457).
c [Incremental] Label assignment: 1 1 1 231 1 1 344 231 118 1 1 1 457 114 1 231 118 1 114 114 1 114 457 344 457 457 231 1 344 1 344 1 1 114 1 1 1 114 1 457 344 1 1 1 1 1 1 1 1 114 457 1 114 457 114 114 1 114 114 114 1 227 5 1 457 1 114 1 114 457 457 1 114 1 1 1 457 114 114 1 231 1 114 1 114 114 1 1 114 114 114 114 227 114 1 114 1 344 1 1 114 457 231 114 227 1 227 344 457 114 114 457 118 114 1 1 227 1 118 114 1 114 227 114 118 5 1 114 1 227 114 227 227 457 227 1 227 1 231 227 114 231 457 227 1 227 114 340 114 344 1 344 457 344 114 457 118 344 114 1 114 231 118 1 340 114 1 114 227 340 1 344 227 114 231 457 227 227 1 114 114 227 2 114 227 340 1 340 1 114 114 231 114 231 1 231 114 227 231 227 114 340 227 344 340 457 340 114 227 457 340 227 344 1 227 341 114 457 231 1 344 114 344 1 340 1 5 227 114 114 1 1 457 1 457 457 114 340 114 114 227 457 227 114 457 227 114 340 227 114 227 114 340 228 2 1 114 231 457 340 457 341 231 344 114 1 1 340 340 114 227 457 5 457 227 340 344 227 344 227 340 227 114 227 228 114 227 1 454 1 1 1 114 457 344 344 340 457 2 340 340 227 453 1 227 114 457 5 340 227 227 1 344 457 453 114 344 457 1 114 1 340 1 227 114 340 114 457 114 457 457 344 118 118 118 457 340 341 340 114 340 227 344 344 227 340 344 457 344 227 1 457 114 1 340 1 340 115 340 457 344 114 344 344 227 453 457 114 344 457 340 457 231 114 454 1 1 340 457 344 227 227 228 1 231 114 1 227 340 457 227 114 227 115 457 457 340 231 227 1 114 457 457 1 227 340 227 118 457 227 1 453 1 227 227 344 457 340 227 453 231 457 227 453 340 1 227 457 340 457 114 453 457 453 341 457 114 344 340 453 231 1 453 457 344 340 340 457 231 344 1 344 457 453 1 453 114 453 227 340 453 228 457 344 340 457 227 457 344 1 340 457 344 114 227 227 457 453 227 114 341 457 340 457 457 231 227 340 227 118 340 114 344 1 1 227 344 231 340 344 457 1 1 454 227 227 457 114 228 114 457 340 1 457 457 114 457 227 1 457 457 115 344 227 340 457 228 340 227 114 344 340 227 340 228 114 344 340 457 1 1 344 344 227 344 457 227 457 231 344 340 340 231 1 227 227 231 1 231 344 457 227 457 457 231 114 453 114 344 457 1 457 457 114 340 114 457 1 453 1 340 340 341 114 1 457 227 344 457 115 114 227 
c [Incremental] Max used label: 457.
c [Incremental] Label 457 is removed from searching.
c [Incremental] Solving for max label = 456:
c [Incremental] Solving duration: 860 ms.
s [Incremental] SAT (label = 456).
c [Incremental] Label assignment: 1 1 1 230 1 1 343 230 117 1 1 1 456 114 1 230 117 1 114 114 1 114 456 343 456 456 230 1 343 1 343 1 1 114 1 1 1 114 1 456 343 1 1 1 1 1 1 1 1 114 456 1 114 456 114 114 1 114 114 114 1 227 4 1 456 1 114 1 114 456 456 1 114 1 1 1 456 114 114 1 230 1 114 1 114 114 1 1 114 114 114 114 227 114 1 114 1 343 1 1 114 456 230 114 227 1 227 343 456 114 114 456 117 114 1 1 227 1 117 114 1 114 227 114 117 4 1 114 1 227 114 227 227 456 227 1 227 1 230 227 114 230 456 227 1 227 114 340 114 343 1 343 456 343 114 456 117 343 114 1 114 230 117 1 340 114 1 114 227 340 1 343 227 114 230 456 227 227 1 114 114 227 2 114 227 340 1 340 1 114 114 230 114 230 1 230 114 227 230 227 114 340 227 343 340 456 340 114 227 456 340 227 343 1 227 341 114 456 230 1 343 114 343 1 340 1 4 227 114 114 1 1 456 1 456 456 114 340 114 114 227 456 227 114 456 227 114 340 227 114 227 114 340 228 2 1 114 230 456 340 456 341 230 343 114 1 1 340 340 114 227 456 4 456 227 340 343 227 343 227 340 227 114 227 228 114 227 1 454 1 1 1 114 456 343 343 340 456 2 340 340 227 453 1 227 114 456 4 340 227 227 1 343 456 453 114 343 456 1 114 1 340 1 227 114 340 114 456 114 456 456 343 117 117 117 456 340 341 340 114 340 227 343 343 227 340 343 456 343 227 1 456 114 1 340 1 340 115 340 456 343 114 343 343 227 453 456 114 343 456 340 456 230 114 454 1 1 340 456 343 227 227 228 1 230 114 1 227 340 456 227 114 227 115 456 456 340 230 227 1 114 456 456 1 227 340 227 117 456 227 1 453 1 227 227 343 456 340 227 453 230 456 227 453 340 1 227 456 340 456 114 453 456 453 341 456 114 343 340 453 230 1 453 456 343 340 340 456 230 343 1 343 456 453 1 453 114 453 227 340 453 228 456 343 340 456 227 456 343 1 340 456 343 114 227 227 456 453 227 114 341 456 340 456 456 230 227 340 227 117 340 114 343 1 1 227 343 230 340 343 456 1 1 454 227 227 456 114 228 114 456 340 1 456 456 114 456 227 1 456 456 115 343 227 340 456 228 340 227 114 343 340 227 340 228 114 343 340 456 1 1 343 343 227 343 456 227 456 230 343 340 340 230 1 227 227 230 1 230 343 456 227 456 456 230 114 453 114 343 456 1 456 456 114 340 114 456 1 453 1 340 340 341 114 1 456 227 343 456 115 114 227 
c [Incremental] Max used label: 456.
c [Incremental] Label 456 is removed from searching.
c [Incremental] Solving for max label = 455:
c [Incremental] Solving duration: 861 ms.
s [Incremental] SAT (label = 455).
c [Incremental] Label assignment: 1 1 1 229 1 1 342 229 116 1 1 1 455 114 1 229 116 1 114 114 1 114 455 342 455 455 229 1 342 1 342 1 1 114 1 1 1 114 1 455 342 1 1 1 1 1 1 1 1 114 455 1 114 455 114 114 1 114 114 114 1 227 3 1 455 1 114 1 114 455 455 1 114 1 1 1 455 114 114 1 229 1 114 1 114 114 1 1 114 114 114 114 227 114 1 114 1 342 1 1 114 455 229 114 227 1 227 342 455 114 114 455 116 114 1 1 227 1 116 114 1 114 227 114 116 3 1 114 1 227 114 227 227 455 227 1 227 1 229 227 114 229 455 227 1 227 114 340 114 342 1 342 455 342 114 455 116 342 114 1 114 229 116 1 340 114 1 114 227 340 1 342 227 114 229 455 227 227 1 114 114 227 2 114 227 340 1 340 1 114 114 229 114 229 1 229 114 227 229 227 114 340 227 342 340 455 340 114 227 455 340 227 342 1 227 341 114 455 229 1 342 114 342 1 340 1 3 227 114 114 1 1 455 1 455 455 114 340 114 114 227 455 227 114 455 227 114 340 227 114 227 114 340 228 2 1 114 229 455 340 455 341 229 342 114 1 1 340 340 114 227 455 3 455 227 340 342 227 342 227 340 227 114 227 228 114 227 1 454 1 1 1 114 455 342 342 340 455 2 340 340 227 453 1 227 114 455 3 340 227 227 1 342 455 453 114 342 455 1 114 1 340 1 227 114 340 114 455 114 455 455 342 116 116 116 455 340 341 340 114 340 227 342 342 227 340 342 455 342 227 1 455 114 1 340 1 340 115 340 455 342 114 342 342 227 453 455 114 342 455 340 455 229 114 454 1 1 340 455 342 227 227 228 1 229 114 1 227 340 455 227 114 227 115 455 455 340 229 227 1 114 455 455 1 227 340 227 116 455 227 1 453 1 227 227 342 455 340 227 453 229 455 227 453 340 1 227 455 340 455 114 453 455 453 341 455 114 342 340 453 229 1 453 455 342 340 340 455 229 342 1 342 455 453 1 453 114 453 227 340 453 228 455 342 340 455 227 455 342 1 340 455 342 114 227 227 455 453 227 114 341 455 340 455 455 229 227 340 227 116 340 114 342 1 1 227 342 229 340 342 455 1 1 454 227 227 455 114 228 114 455 340 1 455 455 114 455 227 1 455 455 115 342 227 340 455 228 340 227 114 342 340 227 340 228 114 342 340 455 1 1 342 342 227 342 455 227 455 229 342 340 340 229 1 227 227 229 1 229 342 455 227 455 455 229 114 453 114 342 455 1 455 455 114 340 114 455 1 453 1 340 340 341 114 1 455 227 342 455 115 114 227 
c [Incremental] Max used label: 455.
c [Incremental] Label 455 is removed from searching.
c [Incremental] Solving for max label = 454:
c [Incremental] Solving duration: 906 ms.
s [Incremental] SAT (label = 454).
c [Incremental] Label assignment: 1 1 1 228 1 1 341 228 115 1 1 1 454 114 1 228 115 1 114 114 1 114 454 341 454 454 228 1 341 1 341 1 1 114 1 1 1 114 1 454 341 1 1 1 1 1 1 1 1 114 454 1 114 454 114 114 1 114 114 114 1 227 2 1 454 1 114 1 114 454 454 1 114 1 1 1 454 114 114 1 228 1 114 1 114 114 1 1 114 114 114 114 227 114 1 114 1 341 1 1 114 454 228 114 227 1 227 341 454 114 114 454 115 114 1 1 227 1 115 114 1 114 227 114 115 2 1 114 1 227 114 227 227 454 227 1 227 1 228 227 114 228 454 227 1 227 114 340 114 341 1 341 454 341 114 454 115 341 114 1 114 228 115 1 340 114 1 114 227 340 1 341 227 114 228 454 227 227 1 114 114 227 2 114 227 340 1 340 1 114 114 228 114 228 1 228 114 227 228 227 114 340 227 341 340 454 340 114 227 454 340 227 341 1 227 341 114 454 228 1 341 114 341 1 340 1 2 227 114 114 1 1 454 1 454 454 114 340 114 114 227 454 227 114 454 227 114 340 227 114 227 114 340 228 2 1 114 228 454 340 454 341 228 341 114 1 1 340 340 114 227 454 2 454 227 340 341 227 341 227 340 227 114 227 228 114 227 1 454 1 1 1 114 454 341 341 340 454 2 340 340 227 453 1 227 114 454 2 340 227 227 1 341 454 453 114 341 454 1 114 1 340 1 227 114 340 114 454 114 454 454 341 115 115 115 454 340 341 340 114 340 227 341 341 227 340 341 454 341 227 1 454 114 1 340 1 340 115 340 454 341 114 341 341 227 453 454 114 341 454 340 454 228 114 454 1 1 340 454 341 227 227 228 1 228 114 1 227 340 454 227 114 227 115 454 454 340 228 227 1 114 454 454 1 227 340 227 115 454 227 1 453 1 227 227 341 454 340 227 453 228 454 227 453 340 1 227 454 340 454 114 453 454 453 341 454 114 341 340 453 228 1 453 454 341 340 340 454 228 341 1 341 454 453 1 453 114 453 227 340 453 228 454 341 340 454 227 454 341 1 340 454 341 114 227 227 454 453 227 114 341 454 340 454 454 228 227 340 227 115 340 114 341 1 1 227 341 228 340 341 454 1 1 454 227 227 454 114 228 114 454 340 1 454 454 114 454 227 1 454 454 115 341 227 340 454 228 340 227 114 341 340 227 340 228 114 341 340 454 1 1 341 341 227 341 454 227 454 228 341 340 340 228 1 227 227 228 1 228 341 454 227 454 454 228 114 453 114 341 454 1 454 454 114 340 114 454 1 453 1 340 340 341 114 1 454 227 341 454 115 114 227 
c [Incremental] Max used label: 454.
c [Incremental] Label 454 is removed from searching.
c [Incremental] Solving for max label = 453:
c [Incremental] Solving duration: 785 ms.
s [Incremental] SAT (label = 453).
c [Incremental] Label assignment: 1 1 1 227 1 1 340 227 114 1 1 1 453 114 1 227 114 1 114 114 1 114 453 340 453 453 227 1 340 1 340 1 1 114 1 1 1 114 1 453 340 1 1 1 1 1 1 1 1 114 453 1 114 453 114 114 1 114 114 114 1 227 1 1 453 1 114 1 114 453 453 1 114 1 1 1 453 114 114 1 227 1 114 1 114 114 1 1 114 114 114 114 227 114 1 114 1 340 1 1 114 453 227 114 227 1 227 340 453 114 114 453 114 114 1 1 227 1 114 114 1 114 227 114 114 1 1 114 1 227 114 227 227 453 227 1 227 1 227 227 114 227 453 227 1 227 114 340 114 340 1 340 453 340 114 451 114 340 114 1 114 227 114 1 340 114 1 114 227 340 1 340 227 114 227 453 227 227 1 114 114 227 1 114 227 340 1 340 1 114 114 227 114 227 1 227 114 227 227 227 114 340 227 340 340 453 340 114 227 453 340 227 340 340 227 340 114 453 227 1 340 114 340 1 340 1 1 227 114 114 1 1 453 1 453 453 114 340 114 114 227 453 227 114 453 227 114 340 227 114 227 114 340 227 1 1 114 227 453 340 453 340 227 340 114 1 1 340 340 114 227 453 1 453 227 340 340 227 340 227 340 227 114 227 227 114 227 1 453 1 1 1 114 453 340 340 340 453 1 340 340 227 453 1 227 114 453 1 340 227 227 1 340 453 453 114 340 453 1 114 1 340 1 227 114 340 114 453 114 453 453 340 114 114 114 453 340 340 340 114 340 227 340 340 227 1 340 453 340 227 1 453 114 1 340 1 114 114 340 453 340 114 340 340 227 453 453 114 340 453 340 453 227 114 453 1 1 340 453 340 227 227 227 1 227 114 1 227 340 453 227 114 227 114 453 453 340 227 227 1 114 453 453 1 227 340 227 114 453 227 1 453 1 227 227 340 453 340 227 453 227 453 227 453 340 1 227 453 340 453 114 453 453 453 340 453 114 340 340 453 227 1 453 453 340 340 340 453 227 340 1 340 453 453 1 453 114 453 227 340 453 227 453 340 340 453 227 453 340 1 340 453 340 114 227 227 453 453 227 114 340 453 340 453 453 227 227 340 227 114 340 114 340 1 1 227 340 227 340 340 453 1 1 453 227 227 453 114 227 114 453 340 1 453 453 114 453 227 1 453 453 114 340 227 340 453 227 340 227 114 340 340 227 340 227 114 451 340 453 1 1 340 340 227 340 453 227 453 227 340 340 340 227 1 227 227 227 1 227 340 453 227 453 453 227 114 453 114 340 453 1 453 453 114 340 114 227 1 453 1 340 340 340 114 1 453 227 340 453 114 114 227 
c [Incremental] Max used label: 453.
c [Incremental] Label 453 is removed from searching.
c [Incremental] Solving for max label = 452:
c [Incremental] Solving duration: 540 ms.
s [Incremental] SAT (label = 452).
c [Incremental] Label assignment: 338 1 451 1 1 225 451 338 451 451 338 338 451 114 1 2 225 338 338 112 451 451 114 112 451 451 1 1 451 1 225 338 451 338 225 451 1 338 225 1 225 225 338 338 225 227 1 451 225 114 225 225 114 451 338 114 451 338 338 114 451 1 114 225 114 338 112 1 114 225 451 338 338 1 225 338 451 338 114 451 112 338 112 1 114 114 451 451 338 338 338 451 112 112 451 114 338 451 112 338 338 451 225 338 112 338 1 227 451 338 114 225 227 114 1 451 451 451 225 227 451 2 228 338 451 2 1 114 225 451 114 451 451 2 1 1 338 1 451 338 338 112 451 1 225 114 112 112 338 338 451 225 451 114 112 2 114 225 114 225 338 1 225 1 225 338 451 114 451 1 225 225 228 112 228 451 451 451 1 114 114 227 2 338 225 225 114 112 338 338 338 338 451 1 451 338 114 451 451 1 451 1 1 1 338 1 451 338 451 112 338 2 451 338 451 225 338 112 451 451 225 112 338 115 1 225 2 1 114 451 451 1 1 338 225 338 338 114 112 114 225 451 451 112 451 225 114 338 225 1 1 338 338 338 338 1 114 338 451 225 225 225 340 115 112 225 2 338 225 338 112 1 338 451 1 338 338 225 451 1 451 451 112 228 225 338 451 338 451 225 1 1 451 451 114 451 338 1 338 225 338 1 338 225 228 114 225 115 338 338 451 451 2 451 451 112 451 451 225 451 225 225 451 112 338 112 338 225 114 1 451 1 115 225 338 225 451 338 338 112 338 225 225 451 451 115 112 451 114 338 225 451 338 451 112 1 115 225 451 451 338 338 451 338 225 225 338 338 114 451 338 340 338 338 451 451 338 338 451 451 1 225 225 112 112 112 451 338 225 1 451 225 451 451 115 338 451 338 338 1 115 451 451 338 451 338 338 2 451 112 451 451 1 451 228 225 338 1 225 338 451 1 1 451 225 225 225 1 225 451 451 1 451 1 338 338 115 225 451 1 338 451 451 451 338 338 115 2 1 338 338 225 338 225 338 1 112 451 225 451 225 112 338 225 2 225 1 338 338 338 451 451 115 451 451 338 338 451 114 338 225 338 451 451 1 225 1 1 225 115 1 115 112 112 115 1 451 1 451 338 451 112 112 1 1 228 112 338 1 1 451 451 112 451 451 225 2 1 1 338 225 225 1 338 225 451 338 451 112 112 338 1 451 225 112 338 225 225 451 112 338 338 1 225 225 114 451 112 1 2 112 338 112 225 451 451 338 338 1 1 1 225 451 451 225 338 451 451 451 225 1 451 1 112 451 451 338 451 451 227 115 338 451 338 225 451 227 2 338 225 338 338 
c [Incremental] Max used label: 451.
c [Incremental] Label 452 is removed from searching.
c [Incremental] Label 451 is removed from searching.
c [Incremental] Solving for max label = 450:
c [Incremental] Solving duration: 545 ms.
s [Incremental] SAT (label = 450).
c [Incremental] Label assignment: 450 224 1 224 224 337 1 450 1 1 450 450 1 337 224 114 337 450 450 114 1 1 337 114 1 2 114 224 1 224 337 450 1 450 337 1 224 450 337 224 337 337 450 450 337 450 224 1 337 337 227 337 337 1 450 337 1 450 450 337 1 224 337 337 337 450 114 224 337 337 111 450 450 224 337 450 1 450 337 1 114 450 114 224 337 337 1 1 450 450 450 111 224 114 1 337 450 1 224 450 450 111 337 450 224 450 224 450 2 450 337 337 450 337 224 1 2 1 228 450 1 114 450 450 1 114 224 337 337 2 337 111 1 224 224 224 450 224 1 450 450 114 1 224 337 337 114 224 450 450 1 337 1 337 224 114 228 227 337 337 450 224 228 224 337 450 1 337 111 115 337 337 450 114 450 1 111 111 224 337 337 450 114 450 337 337 337 114 450 450 450 450 111 224 1 450 337 2 1 224 111 224 224 224 450 224 111 450 1 224 450 224 111 450 111 337 450 224 111 1 337 114 450 337 224 337 114 224 337 111 1 224 224 450 337 450 450 337 114 337 337 111 2 114 2 337 337 450 227 224 224 450 450 450 450 224 337 450 111 337 337 337 111 337 114 337 224 450 337 450 224 224 450 1 224 450 450 337 1 224 111 2 114 450 227 450 111 450 111 337 224 224 1 1 337 111 450 115 450 337 450 224 450 337 450 337 228 337 450 450 2 1 224 111 111 114 1 111 337 1 337 337 1 224 450 224 450 337 337 224 1 224 337 227 450 337 111 450 450 115 450 337 337 2 111 337 114 1 337 450 337 1 450 1 224 115 337 337 1 1 450 450 1 450 337 337 450 450 337 111 450 2 450 450 111 1 450 450 1 111 224 337 337 114 224 115 1 450 337 224 111 337 111 1 337 450 1 450 450 224 337 1 1 450 111 450 450 224 1 224 1 111 224 111 450 337 450 224 337 450 111 224 224 111 337 337 228 224 337 1 111 224 1 224 450 450 337 337 2 224 450 1 1 1 450 450 337 224 224 450 450 337 450 337 450 224 114 111 337 1 337 224 450 337 224 337 224 450 450 450 111 111 337 1 111 450 450 111 337 450 337 450 111 2 224 337 224 115 337 337 224 337 114 224 337 224 111 115 111 450 1 224 224 224 224 450 224 450 224 224 1 111 224 2 2 337 114 224 224 450 337 337 115 450 337 1 450 111 224 114 450 224 111 337 224 450 337 337 1 114 450 450 224 337 337 337 1 224 115 224 114 450 114 337 111 111 450 450 224 224 224 337 111 111 337 450 111 111 1 337 224 111 224 115 1 111 450 1 111 450 337 450 2 450 337 111 450 114 450 337 450 450 
c [Incremental] Max used label: 450.
c [Incremental] Label 450 is removed from searching.
c [Incremental] Solving for max label = 449:
c [Incremental] Solving duration: 587 ms.
s [Incremental] SAT (label = 449).
c [Incremental] Label assignment: 449 223 1 223 223 336 1 449 1 1 449 449 1 336 223 114 336 449 449 114 1 1 336 114 1 2 114 223 1 223 336 449 1 449 336 1 223 449 336 223 336 336 449 449 336 449 223 1 336 336 227 336 336 1 449 336 1 449 449 336 1 223 336 336 336 449 114 223 336 336 110 449 449 223 336 449 1 449 336 1 114 449 114 223 336 336 1 1 449 449 449 110 223 114 1 336 449 1 223 449 449 110 336 449 223 449 223 449 2 449 336 336 449 336 223 1 2 1 228 449 1 114 449 449 1 114 223 336 336 2 336 110 1 223 223 223 449 223 1 449 449 114 1 223 336 336 114 223 449 449 1 336 1 336 223 114 228 227 336 336 449 223 228 223 336 449 1 336 110 115 336 336 449 114 449 1 110 110 223 336 336 449 114 449 336 336 336 114 449 449 449 449 110 223 1 449 336 2 1 223 110 223 223 223 449 223 110 449 1 223 449 223 110 449 110 336 449 223 110 1 336 114 449 336 223 336 114 223 336 110 1 223 223 449 336 449 449 336 114 336 336 110 2 114 2 336 336 449 227 223 223 449 449 449 449 223 336 449 110 336 336 336 110 336 114 336 223 449 336 449 223 223 449 1 223 449 449 336 1 223 110 2 114 449 227 449 110 449 110 336 223 223 1 1 336 110 449 115 449 336 449 223 449 336 449 336 228 336 449 449 2 1 223 110 110 114 1 110 336 1 336 336 1 223 449 223 449 336 336 223 1 223 336 227 449 336 110 449 449 115 449 336 336 2 110 336 114 1 336 449 336 1 449 1 223 115 336 336 1 1 449 449 1 449 336 336 449 449 336 110 449 2 449 449 110 1 449 449 1 110 223 336 336 114 223 115 1 449 336 223 110 336 110 1 336 449 1 449 449 223 336 1 1 449 110 449 449 223 1 223 1 110 223 110 449 336 449 223 336 449 110 223 223 110 336 336 228 223 336 1 110 223 1 223 449 449 336 336 2 223 449 1 1 1 449 449 336 223 223 449 449 336 449 336 449 223 114 110 336 1 336 223 449 336 223 336 223 449 449 449 110 110 336 1 110 449 449 110 336 449 336 449 110 2 223 336 223 115 336 336 223 336 114 223 336 223 110 115 110 449 1 223 223 223 223 449 223 449 223 223 1 110 223 2 2 336 114 223 223 449 336 336 115 449 336 1 449 110 223 114 449 223 110 336 223 449 336 336 1 114 449 449 223 336 336 336 1 223 115 223 114 449 114 336 110 110 449 449 223 223 223 336 110 110 336 449 110 110 1 336 223 110 223 115 1 110 449 1 110 449 336 449 2 449 336 110 449 114 449 336 449 449 
c [Incremental] Max used label: 449.
c [Incremental] Label 449 is removed from searching.
c [Incremental] Solving for max label = 448:
c [Incremental] Solving duration: 532 ms.
s [Incremental] SAT (label = 448).
c [Incremental] Label assignment: 448 222 1 222 222 335 1 448 1 1 448 448 1 335 222 114 335 448 448 114 1 1 335 114 1 2 114 222 1 222 335 448 1 448 335 1 222 448 335 222 335 335 448 448 335 448 222 1 335 335 227 335 335 1 448 335 1 448 448 335 1 222 335 335 335 448 114 222 335 335 109 448 448 222 335 448 1 448 335 1 114 448 114 222 335 335 1 1 448 448 448 109 222 114 1 335 448 1 222 448 448 109 335 448 222 448 222 448 2 448 335 335 448 335 222 1 2 1 228 448 1 114 448 448 1 114 222 335 335 2 335 109 1 222 222 222 448 222 1 448 448 114 1 222 335 335 114 222 448 448 1 335 1 335 222 114 228 227 335 335 448 222 228 222 335 448 1 335 109 115 335 335 448 114 448 1 109 109 222 335 335 448 114 448 335 335 335 114 448 448 448 448 109 222 1 448 335 2 1 222 109 222 222 222 448 222 109 448 1 222 448 222 109 448 109 335 448 222 109 1 335 114 448 335 222 335 114 222 335 109 1 222 222 448 335 448 448 335 114 335 335 109 2 114 2 335 335 448 227 222 222 448 448 448 448 222 335 448 109 335 335 335 109 335 114 335 222 448 335 448 222 222 448 1 222 448 448 335 1 222 109 2 114 448 227 448 109 448 109 335 222 222 1 1 335 109 448 115 448 335 448 222 448 335 448 335 228 335 448 448 2 1 222 109 109 114 1 109 335 1 335 335 1 222 448 222 448 335 335 222 1 222 335 227 448 335 109 448 448 115 448 335 335 2 109 335 114 1 335 448 335 1 448 1 222 115 335 335 1 1 448 448 1 448 335 335 448 448 335 109 448 2 448 448 109 1 448 448 1 109 222 335 335 114 222 115 1 448 335 222 109 335 109 1 335 448 1 448 448 222 335 1 1 448 109 448 448 222 1 222 1 109 222 109 448 335 448 222 335 448 109 222 222 109 335 335 228 222 335 1 109 222 1 222 448 448 335 335 2 222 448 1 1 1 448 448 335 222 222 448 448 335 448 335 448 222 114 109 335 1 335 222 448 335 222 335 222 448 448 448 109 109 335 1 109 448 448 109 335 448 335 448 109 2 222 335 222 115 335 335 222 335 114 222 335 222 109 115 109 448 1 222 222 222 222 448 222 448 222 222 1 109 222 2 2 335 114 222 222 448 335 335 115 448 335 1 448 109 222 114 448 222 109 335 222 448 335 335 1 114 448 448 222 335 335 335 1 222 115 222 114 448 114 335 109 109 448 448 222 222 222 335 109 109 335 448 109 109 1 335 222 109 222 115 1 109 448 1 109 448 335 448 2 448 335 109 448 114 448 335 448 448 
c [Incremental] Max used label: 448.
c [Incremental] Label 448 is removed from searching.
c [Incremental] Solving for max label = 447:
c [Incremental] Solving duration: 550 ms.
s [Incremental] SAT (label = 447).
c [Incremental] Label assignment: 447 221 1 221 221 334 1 447 1 1 447 447 1 334 221 114 334 447 447 114 1 1 334 114 1 2 114 221 1 221 334 447 1 447 334 1 221 447 334 221 334 334 447 447 334 447 221 1 334 334 227 334 334 1 447 334 1 447 447 334 1 221 334 334 334 447 114 221 334 334 108 447 447 221 334 447 1 447 334 1 114 447 114 221 334 334 1 1 447 447 447 108 221 114 1 334 447 1 221 447 447 108 334 447 221 447 221 447 2 447 334 334 447 334 221 1 2 1 228 447 1 114 447 447 1 114 221 334 334 2 334 108 1 221 221 221 447 221 1 447 447 114 1 221 334 334 114 221 447 447 1 334 1 334 221 114 228 227 334 334 447 221 228 221 334 447 1 334 108 115 334 334 447 114 447 1 108 108 221 334 334 447 114 447 334 334 334 114 447 447 447 447 108 221 1 447 334 2 1 221 108 221 221 221 447 221 108 447 1 221 447 221 108 447 108 334 447 221 108 1 334 114 447 334 221 334 114 221 334 108 1 221 221 447 334 447 447 334 114 334 334 108 2 114 2 334 334 447 227 221 221 447 447 447 447 221 334 447 108 334 334 334 108 334 114 334 221 447 334 447 221 221 447 1 221 447 447 334 1 221 108 2 114 447 227 447 108 447 108 334 221 221 1 1 334 108 447 115 447 334 447 221 447 334 447 334 228 334 447 447 2 1 221 108 108 114 1 108 334 1 334 334 1 221 447 221 447 334 334 221 1 221 334 227 447 334 108 447 447 115 447 334 334 2 108 334 114 1 334 447 334 1 447 1 221 115 334 334 1 1 447 447 1 447 334 334 447 447 334 108 447 2 447 447 108 1 447 447 1 108 221 334 334 114 221 115 1 447 334 221 108 334 108 1 334 447 1 447 447 221 334 1 1 447 108 447 447 221 1 221 1 108 221 108 447 334 447 221 334 447 108 221 221 108 334 334 228 221 334 1 108 221 1 221 447 447 334 334 2 221 447 1 1 1 447 447 334 221 221 447 447 334 447 334 447 221 114 108 334 1 334 221 447 334 221 334 221 447 447 447 108 108 334 1 108 447 447 108 334 447 334 447 108 2 221 334 221 115 334 334 221 334 114 221 334 221 108 115 108 447 1 221 221 221 221 447 221 447 221 221 1 108 221 2 2 334 114 221 221 447 334 334 115 447 334 1 447 108 221 114 447 221 108 334 221 447 334 334 1 114 447 447 221 334 334 334 1 221 115 221 114 447 114 334 108 108 447 447 221 221 221 334 108 108 334 447 108 108 1 334 221 108 221 115 1 108 447 1 108 447 334 447 2 447 334 108 447 114 447 334 447 447 
c [Incremental] Max used label: 447.
c [Incremental] Label 447 is removed from searching.
c [Incremental] Solving for max label = 446:
c [Incremental] Solving duration: 523 ms.
s [Incremental] SAT (label = 446).
c [Incremental] Label assignment: 446 220 1 220 220 333 1 446 1 1 446 446 1 333 220 114 333 446 446 114 1 1 333 114 1 2 114 220 1 220 333 446 1 446 333 1 220 446 333 220 333 333 446 446 333 446 220 1 333 333 227 333 333 1 446 333 1 446 446 333 1 220 333 333 333 446 114 220 333 333 107 446 446 220 333 446 1 446 333 1 114 446 114 220 333 333 1 1 446 446 446 107 220 114 1 333 446 1 220 446 446 107 333 446 220 446 220 446 2 446 333 333 446 333 220 1 2 1 228 446 1 114 446 446 1 114 220 333 333 2 333 107 1 220 220 220 446 220 1 446 446 114 1 220 333 333 114 220 446 446 1 333 1 333 220 114 228 227 333 333 446 220 228 220 333 446 1 333 107 115 333 333 446 114 446 1 107 107 220 333 333 446 114 446 333 333 333 114 446 446 446 446 107 220 1 446 333 2 1 220 107 220 220 220 446 220 107 446 1 220 446 220 107 446 107 333 446 220 107 1 333 114 446 333 220 333 114 220 333 107 1 220 220 446 333 446 446 333 114 333 333 107 2 114 2 333 333 446 227 220 220 446 446 446 446 220 333 446 107 333 333 333 107 333 114 333 220 446 333 446 220 220 446 1 220 446 446 333 1 220 107 2 114 446 227 446 107 446 107 333 220 220 1 1 333 107 446 115 446 333 446 220 446 333 446 333 228 333 446 446 2 1 220 107 107 114 1 107 333 1 333 333 1 220 446 220 446 333 333 220 1 220 333 227 446 333 107 446 446 115 446 333 333 2 107 333 114 1 333 446 333 1 446 1 220 115 333 333 1 1 446 446 1 446 333 333 446 446 333 107 446 2 446 446 107 1 446 446 1 107 220 333 333 114 220 115 1 446 333 220 107 333 107 1 333 446 1 446 446 220 333 1 1 446 107 446 446 220 1 220 1 107 220 107 446 333 446 220 333 446 107 220 220 107 333 333 228 220 333 1 107 220 1 220 446 446 333 333 2 220 446 1 1 1 446 446 333 220 220 446 446 333 446 333 446 220 114 107 333 1 333 220 446 333 220 333 220 446 446 446 107 107 333 1 107 446 446 107 333 446 333 446 107 2 220 333 220 115 333 333 220 333 114 220 333 220 107 115 107 446 1 220 220 220 220 446 220 446 220 220 1 107 220 2 2 333 114 220 220 446 333 333 115 446 333 1 446 107 220 114 446 220 107 333 220 446 333 333 1 114 446 446 220 333 333 333 1 220 115 220 114 446 114 333 107 107 446 446 220 220 220 333 107 107 333 446 107 107 1 333 220 107 220 115 1 107 446 1 107 446 333 446 2 446 333 107 446 114 446 333 446 446 
c [Incremental] Max used label: 446.
c [Incremental] Label 446 is removed from searching.
c [Incremental] Solving for max label = 445:
c [Incremental] Solving duration: 569 ms.
s [Incremental] SAT (label = 445).
c [Incremental] Label assignment: 445 219 1 219 219 332 1 445 1 1 445 445 1 332 219 114 332 445 445 114 1 1 332 114 1 2 114 219 1 219 332 445 1 445 332 1 219 445 332 219 332 332 445 445 332 445 219 1 332 332 227 332 332 1 445 332 1 445 445 332 1 219 332 332 332 445 114 219 332 332 106 445 445 219 332 445 1 445 332 1 114 445 114 219 332 332 1 1 445 445 445 106 219 114 1 332 445 1 219 445 445 106 332 445 219 445 219 445 2 445 332 332 445 332 219 1 2 1 228 445 1 114 445 445 1 114 219 332 332 2 332 106 1 219 219 219 445 219 1 445 445 114 1 219 332 332 114 219 445 445 1 332 1 332 219 114 228 227 332 332 445 219 228 219 332 445 1 332 106 115 332 332 445 114 445 1 106 106 219 332 332 445 114 445 332 332 332 114 445 445 445 445 106 219 1 445 332 2 1 219 106 219 219 219 445 219 106 445 1 219 445 219 106 445 106 332 445 219 106 1 332 114 445 332 219 332 114 219 332 106 1 219 219 445 332 445 445 332 114 332 332 106 2 114 2 332 332 445 227 219 219 445 445 445 445 219 332 445 106 332 332 332 106 332 114 332 219 445 332 445 219 219 445 1 219 445 445 332 1 219 106 2 114 445 227 445 106 445 106 332 219 219 1 1 332 106 445 115 445 332 445 219 445 332 445 332 228 332 445 445 2 1 219 106 106 114 1 106 332 1 332 332 1 219 445 219 445 332 332 219 1 219 332 227 445 332 106 445 445 115 445 332 332 2 106 332 114 1 332 445 332 1 445 1 219 115 332 332 1 1 445 445 1 445 332 332 445 445 332 106 445 2 445 445 106 1 445 445 1 106 219 332 332 114 219 115 1 445 332 219 106 332 106 1 332 445 1 445 445 219 332 1 1 445 106 445 445 219 1 219 1 106 219 106 445 332 445 219 332 445 106 219 219 106 332 332 228 219 332 1 106 219 1 219 445 445 332 332 2 219 445 1 1 1 445 445 332 219 219 445 445 332 445 332 445 219 114 106 332 1 332 219 445 332 219 332 219 445 445 445 106 106 332 1 106 445 445 106 332 445 332 445 106 2 219 332 219 115 332 332 219 332 114 219 332 219 106 115 106 445 1 219 219 219 219 445 219 445 219 219 1 106 219 2 2 332 114 219 219 445 332 332 115 445 332 1 445 106 219 114 445 219 106 332 219 445 332 332 1 114 445 445 219 332 332 332 1 219 115 219 114 445 114 332 106 106 445 445 219 219 219 332 106 106 332 445 106 106 1 332 219 106 219 115 1 106 445 1 106 445 332 445 2 445 332 106 445 114 445 332 445 445 
c [Incremental] Max used label: 445.
c [Incremental] Label 445 is removed from searching.
c [Incremental] Solving for max label = 444:
c [Incremental] Solving duration: 564 ms.
s [Incremental] SAT (label = 444).
c [Incremental] Label assignment: 444 218 1 218 218 331 1 444 1 1 444 444 1 331 218 114 331 444 444 114 1 1 331 114 1 2 114 218 1 218 331 444 1 444 331 1 218 444 331 218 331 331 444 444 331 444 218 1 331 331 227 331 331 1 444 331 1 444 444 331 1 218 331 331 331 444 114 218 331 331 105 444 444 218 331 444 1 444 331 1 114 444 114 218 331 331 1 1 444 444 444 105 218 114 1 331 444 1 218 444 444 105 331 444 218 444 218 444 2 444 331 331 444 331 218 1 2 1 228 444 1 114 444 444 1 114 218 331 331 2 331 105 1 218 218 218 444 218 1 444 444 114 1 218 331 331 114 218 444 444 1 331 1 331 218 114 228 227 331 331 444 218 228 218 331 444 1 331 105 115 331 331 444 114 444 1 105 105 218 331 331 444 114 444 331 331 331 114 444 444 444 444 105 218 1 444 331 2 1 218 105 218 218 218 444 218 105 444 1 218 444 218 105 444 105 331 444 218 105 1 331 114 444 331 218 331 114 218 331 105 1 218 218 444 331 444 444 331 114 331 331 105 2 114 2 331 331 444 227 218 218 444 444 444 444 218 331 444 105 331 331 331 105 331 114 331 218 444 331 444 218 218 444 1 218 444 444 331 1 218 105 2 114 444 227 444 105 444 105 331 218 218 1 1 331 105 444 115 444 331 444 218 444 331 444 331 228 331 444 444 2 1 218 105 105 114 1 105 331 1 331 331 1 218 444 218 444 331 331 218 1 218 331 227 444 331 105 444 444 115 444 331 331 2 105 331 114 1 331 444 331 1 444 1 218 115 331 331 1 1 444 444 1 444 331 331 444 444 331 105 444 2 444 444 105 1 444 444 1 105 218 331 331 114 218 115 1 444 331 218 105 331 105 1 331 444 1 444 444 218 331 1 1 444 105 444 444 218 1 218 1 105 218 105 444 331 444 218 331 444 105 218 218 105 331 331 228 218 331 1 105 218 1 218 444 444 331 331 2 218 444 1 1 1 444 444 331 218 218 444 444 331 444 331 444 218 114 105 331 1 331 218 444 331 218 331 218 444 444 444 105 105 331 1 105 444 444 105 331 444 331 444 105 2 218 331 218 115 331 331 218 331 114 218 331 218 105 115 105 444 1 218 218 218 218 444 218 444 218 218 1 105 218 2 2 331 114 218 218 444 331 331 115 444 331 1 444 105 218 114 444 218 105 331 218 444 331 331 1 114 444 444 218 331 331 331 1 218 115 218 114 444 114 331 105 105 444 444 218 218 218 331 105 105 331 444 105 105 1 331 218 105 218 115 1 105 444 1 105 444 331 444 2 444 331 105 444 114 444 331 444 444 
c [Incremental] Max used label: 444.
c [Incremental] Label 444 is removed from searching.
c [Incremental] Solving for max label = 443:
c [Incremental] Solving duration: 526 ms.
s [Incremental] SAT (label = 443).
c [Incremental] Label assignment: 443 217 1 217 217 330 1 443 1 1 443 443 1 330 217 114 330 443 443 114 1 1 330 114 1 2 114 217 1 217 330 443 1 443 330 1 217 443 330 217 330 330 443 443 330 443 217 1 330 330 227 330 330 1 443 330 1 443 443 330 1 217 330 330 330 443 114 217 330 330 104 443 443 217 330 443 1 443 330 1 114 443 114 217 330 330 1 1 443 443 443 104 217 114 1 330 443 1 217 443 443 104 330 443 217 443 217 443 2 443 330 330 443 330 217 1 2 1 228 443 1 114 443 443 1 114 217 330 330 2 330 104 1 217 217 217 443 217 1 443 443 114 1 217 330 330 114 217 443 443 1 330 1 330 217 114 228 227 330 330 443 217 228 217 330 443 1 330 104 115 330 330 443 114 443 1 104 104 217 330 330 443 114 443 330 330 330 114 443 443 443 443 104 217 1 443 330 2 1 217 104 217 217 217 443 217 104 443 1 217 443 217 104 443 104 330 443 217 104 1 330 114 443 330 217 330 114 217 330 104 1 217 217 443 330 443 443 330 114 330 330 104 2 114 2 330 330 443 227 217 217 443 443 443 443 217 330 443 104 330 330 330 104 330 114 330 217 443 330 443 217 217 443 1 217 443 443 330 1 217 104 2 114 443 227 443 104 443 104 330 217 217 1 1 330 104 443 115 443 330 443 217 443 330 443 330 228 330 443 443 2 1 217 104 104 114 1 104 330 1 330 330 1 217 443 217 443 330 330 217 1 217 330 227 443 330 104 443 443 115 443 330 330 2 104 330 114 1 330 443 330 1 443 1 217 115 330 330 1 1 443 443 1 443 330 330 443 443 330 104 443 2 443 443 104 1 443 443 1 104 217 330 330 114 217 115 1 443 330 217 104 330 104 1 330 443 1 443 443 217 330 1 1 443 104 443 443 217 1 217 1 104 217 104 443 330 443 217 330 443 104 217 217 104 330 330 228 217 330 1 104 217 1 217 443 443 330 330 2 217 443 1 1 1 443 443 330 217 217 443 443 330 443 330 443 217 114 104 330 1 330 217 443 330 217 330 217 443 443 443 104 104 330 1 104 443 443 104 330 443 330 443 104 2 217 330 217 115 330 330 217 330 114 217 330 217 104 115 104 443 1 217 217 217 217 443 217 443 217 217 1 104 217 2 2 330 114 217 217 443 330 330 115 443 330 1 443 104 217 114 443 217 104 330 217 443 330 330 1 114 443 443 217 330 330 330 1 217 115 217 114 443 114 330 104 104 443 443 217 217 217 330 104 104 330 443 104 104 1 330 217 104 217 115 1 104 443 1 104 443 330 443 2 443 330 104 443 114 443 330 443 443 
c [Incremental] Max used label: 443.
c [Incremental] Label 443 is removed from searching.
c [Incremental] Solving for max label = 442:
c [Incremental] Solving duration: 558 ms.
s [Incremental] SAT (label = 442).
c [Incremental] Label assignment: 442 216 1 216 216 329 1 442 1 1 442 442 1 329 216 114 329 442 442 114 1 1 329 114 1 2 114 216 1 216 329 442 1 442 329 1 216 442 329 216 329 329 442 442 329 442 216 1 329 329 227 329 329 1 442 329 1 442 442 329 1 216 329 329 329 442 114 216 329 329 103 442 442 216 329 442 1 442 329 1 114 442 114 216 329 329 1 1 442 442 442 103 216 114 1 329 442 1 216 442 442 103 329 442 216 442 216 442 2 442 329 329 442 329 216 1 2 1 228 442 1 114 442 442 1 114 216 329 329 2 329 103 1 216 216 216 442 216 1 442 442 114 1 216 329 329 114 216 442 442 1 329 1 329 216 114 228 227 329 329 442 216 228 216 329 442 1 329 103 115 329 329 442 114 442 1 103 103 216 329 329 442 114 442 329 329 329 114 442 442 442 442 103 216 1 442 329 2 1 216 103 216 216 216 442 216 103 442 1 216 442 216 103 442 103 329 442 216 103 1 329 114 442 329 216 329 114 216 329 103 1 216 216 442 329 442 442 329 114 329 329 103 2 114 2 329 329 442 227 216 216 442 442 442 442 216 329 442 103 329 329 329 103 329 114 329 216 442 329 442 216 216 442 1 216 442 442 329 1 216 103 2 114 442 227 442 103 442 103 329 216 216 1 1 329 103 442 115 442 329 442 216 442 329 442 329 228 329 442 442 2 1 216 103 103 114 1 103 329 1 329 329 1 216 442 216 442 329 329 216 1 216 329 227 442 329 103 442 442 115 442 329 329 2 103 329 114 1 329 442 329 1 442 1 216 115 329 329 1 1 442 442 1 442 329 329 442 442 329 103 442 2 442 442 103 1 442 442 1 103 216 329 329 114 216 115 1 442 329 216 103 329 103 1 329 442 1 442 442 216 329 1 1 442 103 442 442 216 1 216 1 103 216 103 442 329 442 216 329 442 103 216 216 103 329 329 228 216 329 1 103 216 1 216 442 442 329 329 2 216 442 1 1 1 442 442 329 216 216 442 442 329 442 329 442 216 114 103 329 1 329 216 442 329 216 329 216 442 442 442 103 103 329 1 103 442 442 103 329 442 329 442 103 2 216 329 216 115 329 329 216 329 114 216 329 216 103 115 103 442 1 216 216 216 216 442 216 442 216 216 1 103 216 2 2 329 114 216 216 442 329 329 115 442 329 1 442 103 216 114 442 216 103 329 216 442 329 329 1 114 442 442 216 329 329 329 1 216 115 216 114 442 114 329 103 103 442 442 216 216 216 329 103 103 329 442 103 103 1 329 216 103 216 115 1 103 442 1 103 442 329 442 2 442 329 103 442 114 442 329 442 442 
c [Incremental] Max used label: 442.
c [Incremental] Label 442 is removed from searching.
c [Incremental] Solving for max label = 441:
c [Incremental] Solving duration: 522 ms.
s [Incremental] SAT (label = 441).
c [Incremental] Label assignment: 441 215 1 215 215 328 1 441 1 1 441 441 1 328 215 114 328 441 441 114 1 1 328 114 1 2 114 215 1 215 328 441 1 441 328 1 215 441 328 215 328 328 441 441 328 441 215 1 328 328 227 328 328 1 441 328 1 441 441 328 1 215 328 328 328 441 114 215 328 328 102 441 441 215 328 441 1 441 328 1 114 441 114 215 328 328 1 1 441 441 441 102 215 114 1 328 441 1 215 441 441 102 328 441 215 441 215 441 2 441 328 328 441 328 215 1 2 1 228 441 1 114 441 441 1 114 215 328 328 2 328 102 1 215 215 215 441 215 1 441 441 114 1 215 328 328 114 215 441 441 1 328 1 328 215 114 228 227 328 328 441 215 228 215 328 441 1 328 102 115 328 328 441 114 441 1 102 102 215 328 328 441 114 441 328 328 328 114 441 441 441 441 102 215 1 441 328 2 1 215 102 215 215 215 441 215 102 441 1 215 441 215 102 441 102 328 441 215 102 1 328 114 441 328 215 328 114 215 328 102 1 215 215 441 328 441 441 328 114 328 328 102 2 114 2 328 328 441 227 215 215 441 441 441 441 215 328 441 102 328 328 328 102 328 114 328 215 441 328 441 215 215 441 1 215 441 441 328 1 215 102 2 114 441 227 441 102 441 102 328 215 215 1 1 328 102 441 115 441 328 441 215 441 328 441 328 228 328 441 441 2 1 215 102 102 114 1 102 328 1 328 328 1 215 441 215 441 328 328 215 1 215 328 227 441 328 102 441 441 115 441 328 328 2 102 328 114 1 328 441 328 1 441 1 215 115 328 328 1 1 441 441 1 441 328 328 441 441 328 102 441 2 441 441 102 1 441 441 1 102 215 328 328 114 215 115 1 441 328 215 102 328 102 1 328 441 1 441 441 215 328 1 1 441 102 441 441 215 1 215 1 102 215 102 441 328 441 215 328 441 102 215 215 102 328 328 228 215 328 1 102 215 1 215 441 441 328 328 2 215 441 1 1 1 441 441 328 215 215 441 441 328 441 328 441 215 114 102 328 1 328 215 441 328 215 328 215 441 441 441 102 102 328 1 102 441 441 102 328 441 328 441 102 2 215 328 215 115 328 328 215 328 114 215 328 215 102 115 102 441 1 215 215 215 215 441 215 441 215 215 1 102 215 2 2 328 114 215 215 441 328 328 115 441 328 1 441 102 215 114 441 215 102 328 215 441 328 328 1 114 441 441 215 328 328 328 1 215 115 215 114 441 114 328 102 102 441 441 215 215 215 328 102 102 328 441 102 102 1 328 215 102 215 115 1 102 441 1 102 441 328 441 2 441 328 102 441 114 441 328 441 441 
c [Incremental] Max used label: 441.
c [Incremental] Label 441 is removed from searching.
c [Incremental] Solving for max label = 440:
c [Incremental] Solving duration: 528 ms.
s [Incremental] SAT (label = 440).
c [Incremental] Label assignment: 440 214 1 214 214 327 1 440 1 1 440 440 1 327 214 114 327 440 440 114 1 1 327 114 1 2 114 214 1 214 327 440 1 440 327 1 214 440 327 214 327 327 440 440 327 440 214 1 327 327 227 327 327 1 440 327 1 440 440 327 1 214 327 327 327 440 114 214 327 327 101 440 440 214 327 440 1 440 327 1 114 440 114 214 327 327 1 1 440 440 440 101 214 114 1 327 440 1 214 440 440 101 327 440 214 440 214 440 2 440 327 327 440 327 214 1 2 1 228 440 1 114 440 440 1 114 214 327 327 2 327 101 1 214 214 214 440 214 1 440 440 114 1 214 327 327 114 214 440 440 1 327 1 327 214 114 228 227 327 327 440 214 228 214 327 440 1 327 101 115 327 327 440 114 440 1 101 101 214 327 327 440 114 440 327 327 327 114 440 440 440 440 101 214 1 440 327 2 1 214 101 214 214 214 440 214 101 440 1 214 440 214 101 440 101 327 440 214 101 1 327 114 440 327 214 327 114 214 327 101 1 214 214 440 327 440 440 327 114 327 327 101 2 114 2 327 327 440 227 214 214 440 440 440 440 214 327 440 101 327 327 327 101 327 114 327 214 440 327 440 214 214 440 1 214 440 440 327 1 214 101 2 114 440 227 440 101 440 101 327 214 214 1 1 327 101 440 115 440 327 440 214 440 327 440 327 228 327 440 440 2 1 214 101 101 114 1 101 327 1 327 327 1 214 440 214 440 327 327 214 1 214 327 227 440 327 101 440 440 115 440 327 327 2 101 327 114 1 327 440 327 1 440 1 214 115 327 327 1 1 440 440 1 440 327 327 440 440 327 101 440 2 440 440 101 1 440 440 1 101 214 327 327 114 214 115 1 440 327 214 101 327 101 1 327 440 1 440 440 214 327 1 1 440 101 440 440 214 1 214 1 101 214 101 440 327 440 214 327 440 101 214 214 101 327 327 228 214 327 1 101 214 1 214 440 440 327 327 2 214 440 1 1 1 440 440 327 214 214 440 440 327 440 327 440 214 114 101 327 1 327 214 440 327 214 327 214 440 440 440 101 101 327 1 101 440 440 101 327 440 327 440 101 2 214 327 214 115 327 327 214 327 114 214 327 214 101 115 101 440 1 214 214 214 214 440 214 440 214 214 1 101 214 2 2 327 114 214 214 440 327 327 115 440 327 1 440 101 214 114 440 214 101 327 214 440 327 327 1 114 440 440 214 327 327 327 1 214 115 214 114 440 114 327 101 101 440 440 214 214 214 327 101 101 327 440 101 101 1 327 214 101 214 115 1 101 440 1 101 440 327 440 2 440 327 101 440 114 440 327 440 440 
c [Incremental] Max used label: 440.
c [Incremental] Label 440 is removed from searching.
c [Incremental] Solving for max label = 439:
c [Incremental] Solving duration: 535 ms.
s [Incremental] SAT (label = 439).
c [Incremental] Label assignment: 439 213 1 213 213 326 1 439 1 1 439 439 1 326 213 114 326 439 439 114 1 1 326 114 1 2 114 213 1 213 326 439 1 439 326 1 213 439 326 213 326 326 439 439 326 439 213 1 326 326 227 326 326 1 439 326 1 439 439 326 1 213 326 326 326 439 114 213 326 326 100 439 439 213 326 439 1 439 326 1 114 439 114 213 326 326 1 1 439 439 439 100 213 114 1 326 439 1 213 439 439 100 326 439 213 439 213 439 2 439 326 326 439 326 213 1 2 1 228 439 1 114 439 439 1 114 213 326 326 2 326 100 1 213 213 213 439 213 1 439 439 114 1 213 326 326 114 213 439 439 1 326 1 326 213 114 228 227 326 326 439 213 228 213 326 439 1 326 100 115 326 326 439 114 439 1 100 100 213 326 326 439 114 439 326 326 326 114 439 439 439 439 100 213 1 439 326 2 1 213 100 213 213 213 439 213 100 439 1 213 439 213 100 439 100 326 439 213 100 1 326 114 439 326 213 326 114 213 326 100 1 213 213 439 326 439 439 326 114 326 326 100 2 114 2 326 326 439 227 213 213 439 439 439 439 213 326 439 100 326 326 326 100 326 114 326 213 439 326 439 213 213 439 1 213 439 439 326 1 213 100 2 114 439 227 439 100 439 100 326 213 213 1 1 326 100 439 115 439 326 439 213 439 326 439 326 228 326 439 439 2 1 213 100 100 114 1 100 326 1 326 326 1 213 439 213 439 326 326 213 1 213 326 227 439 326 100 439 439 115 439 326 326 2 100 326 114 1 326 439 326 1 439 1 213 115 326 326 1 1 439 439 1 439 326 326 439 439 326 100 439 2 439 439 100 1 439 439 1 100 213 326 326 114 213 115 1 439 326 213 100 326 100 1 326 439 1 439 439 213 326 1 1 439 100 439 439 213 1 213 1 100 213 100 439 326 439 213 326 439 100 213 213 100 326 326 228 213 326 1 100 213 1 213 439 439 326 326 2 213 439 1 1 1 439 439 326 213 213 439 439 326 439 326 439 213 114 100 326 1 326 213 439 326 213 326 213 439 439 439 100 100 326 1 100 439 439 100 326 439 326 439 100 2 213 326 213 115 326 326 213 326 114 213 326 213 100 115 100 439 1 213 213 213 213 439 213 439 213 213 1 100 213 2 2 326 114 213 213 439 326 326 115 439 326 1 439 100 213 114 439 213 100 326 213 439 326 326 1 114 439 439 213 326 326 326 1 213 115 213 114 439 114 326 100 100 439 439 213 213 213 326 100 100 326 439 100 100 1 326 213 100 213 115 1 100 439 1 100 439 326 439 2 439 326 100 439 114 439 326 439 439 
c [Incremental] Max used label: 439.
c [Incremental] Label 439 is removed from searching.
c [Incremental] Solving for max label = 438:
c [Incremental] Solving duration: 529 ms.
s [Incremental] SAT (label = 438).
c [Incremental] Label assignment: 438 212 1 212 212 325 1 438 1 1 438 438 1 325 212 114 325 438 438 114 1 1 325 114 1 2 114 212 1 212 325 438 1 438 325 1 212 438 325 212 325 325 438 438 325 438 212 1 325 325 227 325 325 1 438 325 1 438 438 325 1 212 325 325 325 438 114 212 325 325 99 438 438 212 325 438 1 438 325 1 114 438 114 212 325 325 1 1 438 438 438 99 212 114 1 325 438 1 212 438 438 99 325 438 212 438 212 438 2 438 325 325 438 325 212 1 2 1 228 438 1 114 438 438 1 114 212 325 325 2 325 99 1 212 212 212 438 212 1 438 438 114 1 212 325 325 114 212 438 438 1 325 1 325 212 114 228 227 325 325 438 212 228 212 325 438 1 325 99 115 325 325 438 114 438 1 99 99 212 325 325 438 114 438 325 325 325 114 438 438 438 438 99 212 1 438 325 2 1 212 99 212 212 212 438 212 99 438 1 212 438 212 99 438 99 325 438 212 99 1 325 114 438 325 212 325 114 212 325 99 1 212 212 438 325 438 438 325 114 325 325 99 2 114 2 325 325 438 227 212 212 438 438 438 438 212 325 438 99 325 325 325 99 325 114 325 212 438 325 438 212 212 438 1 212 438 438 325 1 212 99 2 114 438 227 438 99 438 99 325 212 212 1 1 325 99 438 115 438 325 438 212 438 325 438 325 228 325 438 438 2 1 212 99 99 114 1 99 325 1 325 325 1 212 438 212 438 325 325 212 1 212 325 227 438 325 99 438 438 115 438 325 325 2 99 325 114 1 325 438 325 1 438 1 212 115 325 325 1 1 438 438 1 438 325 325 438 438 325 99 438 2 438 438 99 1 438 438 1 99 212 325 325 114 212 115 1 438 325 212 99 325 99 1 325 438 1 438 438 212 325 1 1 438 99 438 438 212 1 212 1 99 212 99 438 325 438 212 325 438 99 212 212 99 325 325 228 212 325 1 99 212 1 212 438 438 325 325 2 212 438 1 1 1 438 438 325 212 212 438 438 325 438 325 438 212 114 99 325 1 325 212 438 325 212 325 212 438 438 438 99 99 325 1 99 438 438 99 325 438 325 438 99 2 212 325 212 115 325 325 212 325 114 212 325 212 99 115 99 438 1 212 212 212 212 438 212 438 212 212 1 99 212 2 2 325 114 212 212 438 325 325 115 438 325 1 438 99 212 114 438 212 99 325 212 438 325 325 1 114 438 438 212 325 325 325 1 212 115 212 114 438 114 325 99 99 438 438 212 212 212 325 99 99 325 438 99 99 1 325 212 99 212 115 1 99 438 1 99 438 325 438 2 438 325 99 438 114 438 325 438 438 
c [Incremental] Max used label: 438.
c [Incremental] Label 438 is removed from searching.
c [Incremental] Solving for max label = 437:
c [Incremental] Solving duration: 530 ms.
s [Incremental] SAT (label = 437).
c [Incremental] Label assignment: 437 211 1 211 211 324 1 437 1 1 437 437 1 324 211 114 324 437 437 114 1 1 324 114 1 2 114 211 1 211 324 437 1 437 324 1 211 437 324 211 324 324 437 437 324 437 211 1 324 324 227 324 324 1 437 324 1 437 437 324 1 211 324 324 324 437 114 211 324 324 98 437 437 211 324 437 1 437 324 1 114 437 114 211 324 324 1 1 437 437 437 98 211 114 1 324 437 1 211 437 437 98 324 437 211 437 211 437 2 437 324 324 437 324 211 1 2 1 228 437 1 114 437 437 1 114 211 324 324 2 324 98 1 211 211 211 437 211 1 437 437 114 1 211 324 324 114 211 437 437 1 324 1 324 211 114 228 227 324 324 437 211 228 211 324 437 1 324 98 115 324 324 437 114 437 1 98 98 211 324 324 437 114 437 324 324 324 114 437 437 437 437 98 211 1 437 324 2 1 211 98 211 211 211 437 211 98 437 1 211 437 211 98 437 98 324 437 211 98 1 324 114 437 324 211 324 114 211 324 98 1 211 211 437 324 437 437 324 114 324 324 98 2 114 2 324 324 437 227 211 211 437 437 437 437 211 324 437 98 324 324 324 98 324 114 324 211 437 324 437 211 211 437 1 211 437 437 324 1 211 98 2 114 437 227 437 98 437 98 324 211 211 1 1 324 98 437 115 437 324 437 211 437 324 437 324 228 324 437 437 2 1 211 98 98 114 1 98 324 1 324 324 1 211 437 211 437 324 324 211 1 211 324 227 437 324 98 437 437 115 437 324 324 2 98 324 114 1 324 437 324 1 437 1 211 115 324 324 1 1 437 437 1 437 324 324 437 437 324 98 437 2 437 437 98 1 437 437 1 98 211 324 324 114 211 115 1 437 324 211 98 324 98 1 324 437 1 437 437 211 324 1 1 437 98 437 437 211 1 211 1 98 211 98 437 324 437 211 324 437 98 211 211 98 324 324 228 211 324 1 98 211 1 211 437 437 324 324 2 211 437 1 1 1 437 437 324 211 211 437 437 324 437 324 437 211 114 98 324 1 324 211 437 324 211 324 211 437 437 437 98 98 324 1 98 437 437 98 324 437 324 437 98 2 211 324 211 115 324 324 211 324 114 211 324 211 98 115 98 437 1 211 211 211 211 437 211 437 211 211 1 98 211 2 2 324 114 211 211 437 324 324 115 437 324 1 437 98 211 114 437 211 98 324 211 437 324 324 1 114 437 437 211 324 324 324 1 211 115 211 114 437 114 324 98 98 437 437 211 211 211 324 98 98 324 437 98 98 1 324 211 98 211 115 1 98 437 1 98 437 324 437 2 437 324 98 437 114 437 324 437 437 
c [Incremental] Max used label: 437.
c [Incremental] Label 437 is removed from searching.
c [Incremental] Solving for max label = 436:
c [Incremental] Solving duration: 537 ms.
s [Incremental] SAT (label = 436).
c [Incremental] Label assignment: 436 210 1 210 210 323 1 436 1 1 436 436 1 323 210 114 323 436 436 114 1 1 323 114 1 2 114 210 1 210 323 436 1 436 323 1 210 436 323 210 323 323 436 436 323 436 210 1 323 323 227 323 323 1 436 323 1 436 436 323 1 210 323 323 323 436 114 210 323 323 97 436 436 210 323 436 1 436 323 1 114 436 114 210 323 323 1 1 436 436 436 97 210 114 1 323 436 1 210 436 436 97 323 436 210 436 210 436 2 436 323 323 436 323 210 1 2 1 228 436 1 114 436 436 1 114 210 323 323 2 323 97 1 210 210 210 436 210 1 436 436 114 1 210 323 323 114 210 436 436 1 323 1 323 210 114 228 227 323 323 436 210 228 210 323 436 1 323 97 115 323 323 436 114 436 1 97 97 210 323 323 436 114 436 323 323 323 114 436 436 436 436 97 210 1 436 323 2 1 210 97 210 210 210 436 210 97 436 1 210 436 210 97 436 97 323 436 210 97 1 323 114 436 323 210 323 114 210 323 97 1 210 210 436 323 436 436 323 114 323 323 97 2 114 2 323 323 436 227 210 210 436 436 436 436 210 323 436 97 323 323 323 97 323 114 323 210 436 323 436 210 210 436 1 210 436 436 323 1 210 97 2 114 436 227 436 97 436 97 323 210 210 1 1 323 97 436 115 436 323 436 210 436 323 436 323 228 323 436 436 2 1 210 97 97 114 1 97 323 1 323 323 1 210 436 210 436 323 323 210 1 210 323 227 436 323 97 436 436 115 436 323 323 2 97 323 114 1 323 436 323 1 436 1 210 115 323 323 1 1 436 436 1 436 323 323 436 436 323 97 436 2 436 436 97 1 436 436 1 97 210 323 323 114 210 115 1 436 323 210 97 323 97 1 323 436 1 436 436 210 323 1 1 436 97 436 436 210 1 210 1 97 210 97 436 323 436 210 323 436 97 210 210 97 323 323 228 210 323 1 97 210 1 210 436 436 323 323 2 210 436 1 1 1 436 436 323 210 210 436 436 323 436 323 436 210 114 97 323 1 323 210 436 323 210 323 210 436 436 436 97 97 323 1 97 436 436 97 323 436 323 436 97 2 210 323 210 115 323 323 210 323 114 210 323 210 97 115 97 436 1 210 210 210 210 436 210 436 210 210 1 97 210 2 2 323 114 210 210 436 323 323 115 436 323 1 436 97 210 114 436 210 97 323 210 436 323 323 1 114 436 436 210 323 323 323 1 210 115 210 114 436 114 323 97 97 436 436 210 210 210 323 97 97 323 436 97 97 1 323 210 97 210 115 1 97 436 1 97 436 323 436 2 436 323 97 436 114 436 323 436 436 
c [Incremental] Max used label: 436.
c [Incremental] Label 436 is removed from searching.
c [Incremental] Solving for max label = 435:
c [Incremental] Solving duration: 537 ms.
s [Incremental] SAT (label = 435).
c [Incremental] Label assignment: 435 209 1 209 209 322 1 435 1 1 435 435 1 322 209 114 322 435 435 114 1 1 322 114 1 2 114 209 1 209 322 435 1 435 322 1 209 435 322 209 322 322 435 435 322 435 209 1 322 322 227 322 322 1 435 322 1 435 435 322 1 209 322 322 322 435 114 209 322 322 96 435 435 209 322 435 1 435 322 1 114 435 114 209 322 322 1 1 435 435 435 96 209 114 1 322 435 1 209 435 435 96 322 435 209 435 209 435 2 435 322 322 435 322 209 1 2 1 228 435 1 114 435 435 1 114 209 322 322 2 322 96 1 209 209 209 435 209 1 435 435 114 1 209 322 322 114 209 435 435 1 322 1 322 209 114 228 227 322 322 435 209 228 209 322 435 1 322 96 115 322 322 435 114 435 1 96 96 209 322 322 435 114 435 322 322 322 114 435 435 435 435 96 209 1 435 322 2 1 209 96 209 209 209 435 209 96 435 1 209 435 209 96 435 96 322 435 209 96 1 322 114 435 322 209 322 114 209 322 96 1 209 209 435 322 435 435 322 114 322 322 96 2 114 2 322 322 435 227 209 209 435 435 435 435 209 322 435 96 322 322 322 96 322 114 322 209 435 322 435 209 209 435 1 209 435 435 322 1 209 96 2 114 435 227 435 96 435 96 322 209 209 1 1 322 96 435 115 435 322 435 209 435 322 435 322 228 322 435 435 2 1 209 96 96 114 1 96 322 1 322 322 1 209 435 209 435 322 322 209 1 209 322 227 435 322 96 435 435 115 435 322 322 2 96 322 114 1 322 435 322 1 435 1 209 115 322 322 1 1 435 435 1 435 322 322 435 435 322 96 435 2 435 435 96 1 435 435 1 96 209 322 322 114 209 115 1 435 322 209 96 322 96 1 322 435 1 435 435 209 322 1 1 435 96 435 435 209 1 209 1 96 209 96 435 322 435 209 322 435 96 209 209 96 322 322 228 209 322 1 96 209 1 209 435 435 322 322 2 209 435 1 1 1 435 435 322 209 209 435 435 322 435 322 435 209 114 96 322 1 322 209 435 322 209 322 209 435 435 435 96 96 322 1 96 435 435 96 322 435 322 435 96 2 209 322 209 115 322 322 209 322 114 209 322 209 96 115 96 435 1 209 209 209 209 435 209 435 209 209 1 96 209 2 2 322 114 209 209 435 322 322 115 435 322 1 435 96 209 114 435 209 96 322 209 435 322 322 1 114 435 435 209 322 322 322 1 209 115 209 114 435 114 322 96 96 435 435 209 209 209 322 96 96 322 435 96 96 1 322 209 96 209 115 1 96 435 1 96 435 322 435 2 435 322 96 435 114 435 322 435 435 
c [Incremental] Max used label: 435.
c [Incremental] Label 435 is removed from searching.
c [Incremental] Solving for max label = 434:
c [Incremental] Solving duration: 552 ms.
s [Incremental] SAT (label = 434).
c [Incremental] Label assignment: 434 208 1 208 208 321 1 434 1 1 434 434 1 321 208 114 321 434 434 114 1 1 321 114 1 2 114 208 1 208 321 434 1 434 321 1 208 434 321 208 321 321 434 434 321 434 208 1 321 321 227 321 321 1 434 321 1 434 434 321 1 208 321 321 321 434 114 208 321 321 95 434 434 208 321 434 1 434 321 1 114 434 114 208 321 321 1 1 434 434 434 95 208 114 1 321 434 1 208 434 434 95 321 434 208 434 208 434 2 434 321 321 434 321 208 1 2 1 228 434 1 114 434 434 1 114 208 321 321 2 321 95 1 208 208 208 434 208 1 434 434 114 1 208 321 321 114 208 434 434 1 321 1 321 208 114 228 227 321 321 434 208 228 208 321 434 1 321 95 115 321 321 434 114 434 1 95 95 208 321 321 434 114 434 321 321 321 114 434 434 434 434 95 208 1 434 321 2 1 208 95 208 208 208 434 208 95 434 1 208 434 208 95 434 95 321 434 208 95 1 321 114 434 321 208 321 114 208 321 95 1 208 208 434 321 434 434 321 114 321 321 95 2 114 2 321 321 434 227 208 208 434 434 434 434 208 321 434 95 321 321 321 95 321 114 321 208 434 321 434 208 208 434 1 208 434 434 321 1 208 95 2 114 434 227 434 95 434 95 321 208 208 1 1 321 95 434 115 434 321 434 208 434 321 434 321 228 321 434 434 2 1 208 95 95 114 1 95 321 1 321 321 1 208 434 208 434 321 321 208 1 208 321 227 434 321 95 434 434 115 434 321 321 2 95 321 114 1 321 434 321 1 434 1 208 115 321 321 1 1 434 434 1 434 321 321 434 434 321 95 434 2 434 434 95 1 434 434 1 95 208 321 321 114 208 115 1 434 321 208 95 321 95 1 321 434 1 434 434 208 321 1 1 434 95 434 434 208 1 208 1 95 208 95 434 321 434 208 321 434 95 208 208 95 321 321 228 208 321 1 95 208 1 208 434 434 321 321 2 208 434 1 1 1 434 434 321 208 208 434 434 321 434 321 434 208 114 95 321 1 321 208 434 321 208 321 208 434 434 434 95 95 321 1 95 434 434 95 321 434 321 434 95 2 208 321 208 115 321 321 208 321 114 208 321 208 95 115 95 434 1 208 208 208 208 434 208 434 208 208 1 95 208 2 2 321 114 208 208 434 321 321 115 434 321 1 434 95 208 114 434 208 95 321 208 434 321 321 1 114 434 434 208 321 321 321 1 208 115 208 114 434 114 321 95 95 434 434 208 208 208 321 95 95 321 434 95 95 1 321 208 95 208 115 1 95 434 1 95 434 321 434 2 434 321 95 434 114 434 321 434 434 
c [Incremental] Max used label: 434.
c [Incremental] Label 434 is removed from searching.
c [Incremental] Solving for max label = 433:
c [Incremental] Solving duration: 547 ms.
s [Incremental] SAT (label = 433).
c [Incremental] Label assignment: 433 207 1 207 207 320 1 433 1 1 433 433 1 320 207 114 320 433 433 114 1 1 320 114 1 2 114 207 1 207 320 433 1 433 320 1 207 433 320 207 320 320 433 433 320 433 207 1 320 320 227 320 320 1 433 320 1 433 433 320 1 207 320 320 320 433 114 207 320 320 94 433 433 207 320 433 1 433 320 1 114 433 114 207 320 320 1 1 433 433 433 94 207 114 1 320 433 1 207 433 433 94 320 433 207 433 207 433 2 433 320 320 433 320 207 1 2 1 228 433 1 114 433 433 1 114 207 320 320 2 320 94 1 207 207 207 433 207 1 433 433 114 1 207 320 320 114 207 433 433 1 320 1 320 207 114 228 227 320 320 433 207 228 207 320 433 1 320 94 115 320 320 433 114 433 1 94 94 207 320 320 433 114 433 320 320 320 114 433 433 433 433 94 207 1 433 320 2 1 207 94 207 207 207 433 207 94 433 1 207 433 207 94 433 94 320 433 207 94 1 320 114 433 320 207 320 114 207 320 94 1 207 207 433 320 433 433 320 114 320 320 94 2 114 2 320 320 433 227 207 207 433 433 433 433 207 320 433 94 320 320 320 94 320 114 320 207 433 320 433 207 207 433 1 207 433 433 320 1 207 94 2 114 433 227 433 94 433 94 320 207 207 1 1 320 94 433 115 433 320 433 207 433 320 433 320 228 320 433 433 2 1 207 94 94 114 1 94 320 1 320 320 1 207 433 207 433 320 320 207 1 207 320 227 433 320 94 433 433 115 433 320 320 2 94 320 114 1 320 433 320 1 433 1 207 115 320 320 1 1 433 433 1 433 320 320 433 433 320 94 433 2 433 433 94 1 433 433 1 94 207 320 320 114 207 115 1 433 320 207 94 320 94 1 320 433 1 433 433 207 320 1 1 433 94 433 433 207 1 207 1 94 207 94 433 320 433 207 320 433 94 207 207 94 320 320 228 207 320 1 94 207 1 207 433 433 320 320 2 207 433 1 1 1 433 433 320 207 207 433 433 320 433 320 433 207 114 94 320 1 320 207 433 320 207 320 207 433 433 433 94 94 320 1 94 433 433 94 320 433 320 433 94 2 207 320 207 115 320 320 207 320 114 207 320 207 94 115 94 433 1 207 207 207 207 433 207 433 207 207 1 94 207 2 2 320 114 207 207 433 320 320 115 433 320 1 433 94 207 114 433 207 94 320 207 433 320 320 1 114 433 433 207 320 320 320 1 207 115 207 114 433 114 320 94 94 433 433 207 207 207 320 94 94 320 433 94 94 1 320 207 94 207 115 1 94 433 1 94 433 320 433 2 433 320 94 433 114 433 320 433 433 
c [Incremental] Max used label: 433.
c [Incremental] Label 433 is removed from searching.
c [Incremental] Solving for max label = 432:
c [Incremental] Solving duration: 529 ms.
s [Incremental] SAT (label = 432).
c [Incremental] Label assignment: 432 206 1 206 206 319 1 432 1 1 432 432 1 319 206 114 319 432 432 114 1 1 319 114 1 2 114 206 1 206 319 432 1 432 319 1 206 432 319 206 319 319 432 432 319 432 206 1 319 319 227 319 319 1 432 319 1 432 432 319 1 206 319 319 319 432 114 206 319 319 93 432 432 206 319 432 1 432 319 1 114 432 114 206 319 319 1 1 432 432 432 93 206 114 1 319 432 1 206 432 432 93 319 432 206 432 206 432 2 432 319 319 432 319 206 1 2 1 228 432 1 114 432 432 1 114 206 319 319 2 319 93 1 206 206 206 432 206 1 432 432 114 1 206 319 319 114 206 432 432 1 319 1 319 206 114 228 227 319 319 432 206 228 206 319 432 1 319 93 115 319 319 432 114 432 1 93 93 206 319 319 432 114 432 319 319 319 114 432 432 432 432 93 206 1 432 319 2 1 206 93 206 206 206 432 206 93 432 1 206 432 206 93 432 93 319 432 206 93 1 319 114 432 319 206 319 114 206 319 93 1 206 206 432 319 432 432 319 114 319 319 93 2 114 2 319 319 432 227 206 206 432 432 432 432 206 319 432 93 319 319 319 93 319 114 319 206 432 319 432 206 206 432 1 206 432 432 319 1 206 93 2 114 432 227 432 93 432 93 319 206 206 1 1 319 93 432 115 432 319 432 206 432 319 432 319 228 319 432 432 2 1 206 93 93 114 1 93 319 1 319 319 1 206 432 206 432 319 319 206 1 206 319 227 432 319 93 432 432 115 432 319 319 2 93 319 114 1 319 432 319 1 432 1 206 115 319 319 1 1 432 432 1 432 319 319 432 432 319 93 432 2 432 432 93 1 432 432 1 93 206 319 319 114 206 115 1 432 319 206 93 319 93 1 319 432 1 432 432 206 319 1 1 432 93 432 432 206 1 206 1 93 206 93 432 319 432 206 319 432 93 206 206 93 319 319 228 206 319 1 93 206 1 206 432 432 319 319 2 206 432 1 1 1 432 432 319 206 206 432 432 319 432 319 432 206 114 93 319 1 319 206 432 319 206 319 206 432 432 432 93 93 319 1 93 432 432 93 319 432 319 432 93 2 206 319 206 115 319 319 206 319 114 206 319 206 93 115 93 432 1 206 206 206 206 432 206 432 206 206 1 93 206 2 2 319 114 206 206 432 319 319 115 432 319 1 432 93 206 114 432 206 93 319 206 432 319 319 1 114 432 432 206 319 319 319 1 206 115 206 114 432 114 319 93 93 432 432 206 206 206 319 93 93 319 432 93 93 1 319 206 93 206 115 1 93 432 1 93 432 319 432 2 432 319 93 432 114 432 319 432 432 
c [Incremental] Max used label: 432.
c [Incremental] Label 432 is removed from searching.
c [Incremental] Solving for max label = 431:
c [Incremental] Solving duration: 521 ms.
s [Incremental] SAT (label = 431).
c [Incremental] Label assignment: 431 205 1 205 205 318 1 431 1 1 431 431 1 318 205 114 318 431 431 114 1 1 318 114 1 2 114 205 1 205 318 431 1 431 318 1 205 431 318 205 318 318 431 431 318 431 205 1 318 318 227 318 318 1 431 318 1 431 431 318 1 205 318 318 318 431 114 205 318 318 92 431 431 205 318 431 1 431 318 1 114 431 114 205 318 318 1 1 431 431 431 92 205 114 1 318 431 1 205 431 431 92 318 431 205 431 205 431 2 431 318 318 431 318 205 1 2 1 228 431 1 114 431 431 1 114 205 318 318 2 318 92 1 205 205 205 431 205 1 431 431 114 1 205 318 318 114 205 431 431 1 318 1 318 205 114 228 227 318 318 431 205 228 205 318 431 1 318 92 115 318 318 431 114 431 1 92 92 205 318 318 431 114 431 318 318 318 114 431 431 431 431 92 205 1 431 318 2 1 205 92 205 205 205 431 205 92 431 1 205 431 205 92 431 92 318 431 205 92 1 318 114 431 318 205 318 114 205 318 92 1 205 205 431 318 431 431 318 114 318 318 92 2 114 2 318 318 431 227 205 205 431 431 431 431 205 318 431 92 318 318 318 92 318 114 318 205 431 318 431 205 205 431 1 205 431 431 318 1 205 92 2 114 431 227 431 92 431 92 318 205 205 1 1 318 92 431 115 431 318 431 205 431 318 431 318 228 318 431 431 2 1 205 92 92 114 1 92 318 1 318 318 1 205 431 205 431 318 318 205 1 205 318 227 431 318 92 431 431 115 431 318 318 2 92 318 114 1 318 431 318 1 431 1 205 115 318 318 1 1 431 431 1 431 318 318 431 431 318 92 431 2 431 431 92 1 431 431 1 92 205 318 318 114 205 115 1 431 318 205 92 318 92 1 318 431 1 431 431 205 318 1 1 431 92 431 431 205 1 205 1 92 205 92 431 318 431 205 318 431 92 205 205 92 318 318 228 205 318 1 92 205 1 205 431 431 318 318 2 205 431 1 1 1 431 431 318 205 205 431 431 318 431 318 431 205 114 92 318 1 318 205 431 318 205 318 205 431 431 431 92 92 318 1 92 431 431 92 318 431 318 431 92 2 205 318 205 115 318 318 205 318 114 205 318 205 92 115 92 431 1 205 205 205 205 431 205 431 205 205 1 92 205 2 2 318 114 205 205 431 318 318 115 431 318 1 431 92 205 114 431 205 92 318 205 431 318 318 1 114 431 431 205 318 318 318 1 205 115 205 114 431 114 318 92 92 431 431 205 205 205 318 92 92 318 431 92 92 1 318 205 92 205 115 1 92 431 1 92 431 318 431 2 431 318 92 431 114 431 318 431 431 
c [Incremental] Max used label: 431.
c [Incremental] Label 431 is removed from searching.
c [Incremental] Solving for max label = 430:
c [Incremental] Solving duration: 569 ms.
s [Incremental] SAT (label = 430).
c [Incremental] Label assignment: 430 204 1 204 204 317 1 430 1 1 430 430 1 317 204 114 317 430 430 114 1 1 317 114 1 2 114 204 1 204 317 430 1 430 317 1 204 430 317 204 317 317 430 430 317 430 204 1 317 317 227 317 317 1 430 317 1 430 430 317 1 204 317 317 317 430 114 204 317 317 91 430 430 204 317 430 1 430 317 1 114 430 114 204 317 317 1 1 430 430 430 91 204 114 1 317 430 1 204 430 430 91 317 430 204 430 204 430 2 430 317 317 430 317 204 1 2 1 228 430 1 114 430 430 1 114 204 317 317 2 317 91 1 204 204 204 430 204 1 430 430 114 1 204 317 317 114 204 430 430 1 317 1 317 204 114 228 227 317 317 430 204 228 204 317 430 1 317 91 115 317 317 430 114 430 1 91 91 204 317 317 430 114 430 317 317 317 114 430 430 430 430 91 204 1 430 317 2 1 204 91 204 204 204 430 204 91 430 1 204 430 204 91 430 91 317 430 204 91 1 317 114 430 317 204 317 114 204 317 91 1 204 204 430 317 430 430 317 114 317 317 91 2 114 2 317 317 430 227 204 204 430 430 430 430 204 317 430 91 317 317 317 91 317 114 317 204 430 317 430 204 204 430 1 204 430 430 317 1 204 91 2 114 430 227 430 91 430 91 317 204 204 1 1 317 91 430 115 430 317 430 204 430 317 430 317 228 317 430 430 2 1 204 91 91 114 1 91 317 1 317 317 1 204 430 204 430 317 317 204 1 204 317 227 430 317 91 430 430 115 430 317 317 2 91 317 114 1 317 430 317 1 430 1 204 115 317 317 1 1 430 430 1 430 317 317 430 430 317 91 430 2 430 430 91 1 430 430 1 91 204 317 317 114 204 115 1 430 317 204 91 317 91 1 317 430 1 430 430 204 317 1 1 430 91 430 430 204 1 204 1 91 204 91 430 317 430 204 317 430 91 204 204 91 317 317 228 204 317 1 91 204 1 204 430 430 317 317 2 204 430 1 1 1 430 430 317 204 204 430 430 317 430 317 430 204 114 91 317 1 317 204 430 317 204 317 204 430 430 430 91 91 317 1 91 430 430 91 317 430 317 430 91 2 204 317 204 115 317 317 204 317 114 204 317 204 91 115 91 430 1 204 204 204 204 430 204 430 204 204 1 91 204 2 2 317 114 204 204 430 317 317 115 430 317 1 430 91 204 114 430 204 91 317 204 430 317 317 1 114 430 430 204 317 317 317 1 204 115 204 114 430 114 317 91 91 430 430 204 204 204 317 91 91 317 430 91 91 1 317 204 91 204 115 1 91 430 1 91 430 317 430 2 430 317 91 430 114 430 317 430 430 
c [Incremental] Max used label: 430.
c [Incremental] Label 430 is removed from searching.
c [Incremental] Solving for max label = 429:
c [Incremental] Solving duration: 572 ms.
s [Incremental] SAT (label = 429).
c [Incremental] Label assignment: 429 203 1 203 203 316 1 429 1 1 429 429 1 316 203 114 316 429 429 114 1 1 316 114 1 2 114 203 1 203 316 429 1 429 316 1 203 429 316 203 316 316 429 429 316 429 203 1 316 316 227 316 316 1 429 316 1 429 429 316 1 203 316 316 316 429 114 203 316 316 90 429 429 203 316 429 1 429 316 1 114 429 114 203 316 316 1 1 429 429 429 90 203 114 1 316 429 1 203 429 429 90 316 429 203 429 203 429 2 429 316 316 429 316 203 1 2 1 228 429 1 114 429 429 1 114 203 316 316 2 316 90 1 203 203 203 429 203 1 429 429 114 1 203 316 316 114 203 429 429 1 316 1 316 203 114 228 227 316 316 429 203 228 203 316 429 1 316 90 115 316 316 429 114 429 1 90 90 203 316 316 429 114 429 316 316 316 114 429 429 429 429 90 203 1 429 316 2 1 203 90 203 203 203 429 203 90 429 1 203 429 203 90 429 90 316 429 203 90 1 316 114 429 316 203 316 114 203 316 90 1 203 203 429 316 429 429 316 114 316 316 90 2 114 2 316 316 429 227 203 203 429 429 429 429 203 316 429 90 316 316 316 90 316 114 316 203 429 316 429 203 203 429 1 203 429 429 316 1 203 90 2 114 429 227 429 90 429 90 316 203 203 1 1 316 90 429 115 429 316 429 203 429 316 429 316 228 316 429 429 2 1 203 90 90 114 1 90 316 1 316 316 1 203 429 203 429 316 316 203 1 203 316 227 429 316 90 429 429 115 429 316 316 2 90 316 114 1 316 429 316 1 429 1 203 115 316 316 1 1 429 429 1 429 316 316 429 429 316 90 429 2 429 429 90 1 429 429 1 90 203 316 316 114 203 115 1 429 316 203 90 316 90 1 316 429 1 429 429 203 316 1 1 429 90 429 429 203 1 203 1 90 203 90 429 316 429 203 316 429 90 203 203 90 316 316 228 203 316 1 90 203 1 203 429 429 316 316 2 203 429 1 1 1 429 429 316 203 203 429 429 316 429 316 429 203 114 90 316 1 316 203 429 316 203 316 203 429 429 429 90 90 316 1 90 429 429 90 316 429 316 429 90 2 203 316 203 115 316 316 203 316 114 203 316 203 90 115 90 429 1 203 203 203 203 429 203 429 203 203 1 90 203 2 2 316 114 203 203 429 316 316 115 429 316 1 429 90 203 114 429 203 90 316 203 429 316 316 1 114 429 429 203 316 316 316 1 203 115 203 114 429 114 316 90 90 429 429 203 203 203 316 90 90 316 429 90 90 1 316 203 90 203 115 1 90 429 1 90 429 316 429 2 429 316 90 429 114 429 316 429 429 
c [Incremental] Max used label: 429.
c [Incremental] Label 429 is removed from searching.
c [Incremental] Solving for max label = 428:
c [Incremental] Solving duration: 515 ms.
s [Incremental] SAT (label = 428).
c [Incremental] Label assignment: 428 202 1 202 202 315 1 428 1 1 428 428 1 315 202 114 315 428 428 114 1 1 315 114 1 2 114 202 1 202 315 428 1 428 315 1 202 428 315 202 315 315 428 428 315 428 202 1 315 315 227 315 315 1 428 315 1 428 428 315 1 202 315 315 315 428 114 202 315 315 89 428 428 202 315 428 1 428 315 1 114 428 114 202 315 315 1 1 428 428 428 89 202 114 1 315 428 1 202 428 428 89 315 428 202 428 202 428 2 428 315 315 428 315 202 1 2 1 228 428 1 114 428 428 1 114 202 315 315 2 315 89 1 202 202 202 428 202 1 428 428 114 1 202 315 315 114 202 428 428 1 315 1 315 202 114 228 227 315 315 428 202 228 202 315 428 1 315 89 115 315 315 428 114 428 1 89 89 202 315 315 428 114 428 315 315 315 114 428 428 428 428 89 202 1 428 315 2 1 202 89 202 202 202 428 202 89 428 1 202 428 202 89 428 89 315 428 202 89 1 315 114 428 315 202 315 114 202 315 89 1 202 202 428 315 428 428 315 114 315 315 89 2 114 2 315 315 428 227 202 202 428 428 428 428 202 315 428 89 315 315 315 89 315 114 315 202 428 315 428 202 202 428 1 202 428 428 315 1 202 89 2 114 428 227 428 89 428 89 315 202 202 1 1 315 89 428 115 428 315 428 202 428 315 428 315 228 315 428 428 2 1 202 89 89 114 1 89 315 1 315 315 1 202 428 202 428 315 315 202 1 202 315 227 428 315 89 428 428 115 428 315 315 2 89 315 114 1 315 428 315 1 428 1 202 115 315 315 1 1 428 428 1 428 315 315 428 428 315 89 428 2 428 428 89 1 428 428 1 89 202 315 315 114 202 115 1 428 315 202 89 315 89 1 315 428 1 428 428 202 315 1 1 428 89 428 428 202 1 202 1 89 202 89 428 315 428 202 315 428 89 202 202 89 315 315 228 202 315 1 89 202 1 202 428 428 315 315 2 202 428 1 1 1 428 428 315 202 202 428 428 315 428 315 428 202 114 89 315 1 315 202 428 315 202 315 202 428 428 428 89 89 315 1 89 428 428 89 315 428 315 428 89 2 202 315 202 115 315 315 202 315 114 202 315 202 89 115 89 428 1 202 202 202 202 428 202 428 202 202 1 89 202 2 2 315 114 202 202 428 315 315 115 428 315 1 428 89 202 114 428 202 89 315 202 428 315 315 1 114 428 428 202 315 315 315 1 202 115 202 114 428 114 315 89 89 428 428 202 202 202 315 89 89 315 428 89 89 1 315 202 89 202 115 1 89 428 1 89 428 315 428 2 428 315 89 428 114 428 315 428 428 
c [Incremental] Max used label: 428.
c [Incremental] Label 428 is removed from searching.
c [Incremental] Solving for max label = 427:
c [Incremental] Solving duration: 559 ms.
s [Incremental] SAT (label = 427).
c [Incremental] Label assignment: 427 201 1 201 201 314 1 427 1 1 427 427 1 314 201 114 314 427 427 114 1 1 314 114 1 2 114 201 1 201 314 427 1 427 314 1 201 427 314 201 314 314 427 427 314 427 201 1 314 314 227 314 314 1 427 314 1 427 427 314 1 201 314 314 314 427 114 201 314 314 88 427 427 201 314 427 1 427 314 1 114 427 114 201 314 314 1 1 427 427 427 88 201 114 1 314 427 1 201 427 427 88 314 427 201 427 201 427 2 427 314 314 427 314 201 1 2 1 228 427 1 114 427 427 1 114 201 314 314 2 314 88 1 201 201 201 427 201 1 427 427 114 1 201 314 314 114 201 427 427 1 314 1 314 201 114 228 227 314 314 427 201 228 201 314 427 1 314 88 115 314 314 427 114 427 1 88 88 201 314 314 427 114 427 314 314 314 114 427 427 427 427 88 201 1 427 314 2 1 201 88 201 201 201 427 201 88 427 1 201 427 201 88 427 88 314 427 201 88 1 314 114 427 314 201 314 114 201 314 88 1 201 201 427 314 427 427 314 114 314 314 88 2 114 2 314 314 427 227 201 201 427 427 427 427 201 314 427 88 314 314 314 88 314 114 314 201 427 314 427 201 201 427 1 201 427 427 314 1 201 88 2 114 427 227 427 88 427 88 314 201 201 1 1 314 88 427 115 427 314 427 201 427 314 427 314 228 314 427 427 2 1 201 88 88 114 1 88 314 1 314 314 1 201 427 201 427 314 314 201 1 201 314 227 427 314 88 427 427 115 427 314 314 2 88 314 114 1 314 427 314 1 427 1 201 115 314 314 1 1 427 427 1 427 314 314 427 427 314 88 427 2 427 427 88 1 427 427 1 88 201 314 314 114 201 115 1 427 314 201 88 314 88 1 314 427 1 427 427 201 314 1 1 427 88 427 427 201 1 201 1 88 201 88 427 314 427 201 314 427 88 201 201 88 314 314 228 201 314 1 88 201 1 201 427 427 314 314 2 201 427 1 1 1 427 427 314 201 201 427 427 314 427 314 427 201 114 88 314 1 314 201 427 314 201 314 201 427 427 427 88 88 314 1 88 427 427 88 314 427 314 427 88 2 201 314 201 115 314 314 201 314 114 201 314 201 88 115 88 427 1 201 201 201 201 427 201 427 201 201 1 88 201 2 2 314 114 201 201 427 314 314 115 427 314 1 427 88 201 114 427 201 88 314 201 427 314 314 1 114 427 427 201 314 314 314 1 201 115 201 114 427 114 314 88 88 427 427 201 201 201 314 88 88 314 427 88 88 1 314 201 88 201 115 1 88 427 1 88 427 314 427 2 427 314 88 427 114 427 314 427 427 
c [Incremental] Max used label: 427.
c [Incremental] Label 427 is removed from searching.
c [Incremental] Solving for max label = 426:
c [Incremental] Solving duration: 602 ms.
s [Incremental] SAT (label = 426).
c [Incremental] Label assignment: 426 200 1 200 200 313 1 426 1 1 426 426 1 313 200 114 313 426 426 114 1 1 313 114 1 2 114 200 1 200 313 426 1 426 313 1 200 426 313 200 313 313 426 426 313 426 200 1 313 313 227 313 313 1 426 313 1 426 426 313 1 200 313 313 313 426 114 200 313 313 87 426 426 200 313 426 1 426 313 1 114 426 114 200 313 313 1 1 426 426 426 87 200 114 1 313 426 1 200 426 426 87 313 426 200 426 200 426 2 426 313 313 426 313 200 1 2 1 228 426 1 114 426 426 1 114 200 313 313 2 313 87 1 200 200 200 426 200 1 426 426 114 1 200 313 313 114 200 426 426 1 313 1 313 200 114 228 227 313 313 426 200 228 200 313 426 1 313 87 115 313 313 426 114 426 1 87 87 200 313 313 426 114 426 313 313 313 114 426 426 426 426 87 200 1 426 313 2 1 200 87 200 200 200 426 200 87 426 1 200 426 200 87 426 87 313 426 200 87 1 313 114 426 313 200 313 114 200 313 87 1 200 200 426 313 426 426 313 114 313 313 87 2 114 2 313 313 426 227 200 200 426 426 426 426 200 313 426 87 313 313 313 87 313 114 313 200 426 313 426 200 200 426 1 200 426 426 313 1 200 87 2 114 426 227 426 87 426 87 313 200 200 1 1 313 87 426 115 426 313 426 200 426 313 426 313 228 313 426 426 2 1 200 87 87 114 1 87 313 1 313 313 1 200 426 200 426 313 313 200 1 200 313 227 426 313 87 426 426 115 426 313 313 2 87 313 114 1 313 426 313 1 426 1 200 115 313 313 1 1 426 426 1 426 313 313 426 426 313 87 426 2 426 426 87 1 426 426 1 87 200 313 313 114 200 115 1 426 313 200 87 313 87 1 313 426 1 426 426 200 313 1 1 426 87 426 426 200 1 200 1 87 200 87 426 313 426 200 313 426 87 200 200 87 313 313 228 200 313 1 87 200 1 200 426 426 313 313 2 200 426 1 1 1 426 426 313 200 200 426 426 313 426 313 426 200 114 87 313 1 313 200 426 313 200 313 200 426 426 426 87 87 313 1 87 426 426 87 313 426 313 426 87 2 200 313 200 115 313 313 200 313 114 200 313 200 87 115 87 426 1 200 200 200 200 426 200 426 200 200 1 87 200 2 2 313 114 200 200 426 313 313 115 426 313 1 426 87 200 114 426 200 87 313 200 426 313 313 1 114 426 426 200 313 313 313 1 200 115 200 114 426 114 313 87 87 426 426 200 200 200 313 87 87 313 426 87 87 1 313 200 87 200 115 1 87 426 1 87 426 313 426 2 426 313 87 426 114 426 313 426 426 
c [Incremental] Max used label: 426.
c [Incremental] Label 426 is removed from searching.
c [Incremental] Solving for max label = 425:
c [Incremental] Solving duration: 573 ms.
s [Incremental] SAT (label = 425).
c [Incremental] Label assignment: 425 199 1 199 199 312 1 425 1 1 425 425 1 312 199 114 312 425 425 114 1 1 312 114 1 2 114 199 1 199 312 425 1 425 312 1 199 425 312 199 312 312 425 425 312 425 199 1 312 312 227 312 312 1 425 312 1 425 425 312 1 199 312 312 312 425 114 199 312 312 86 425 425 199 312 425 1 425 312 1 114 425 114 199 312 312 1 1 425 425 425 86 199 114 1 312 425 1 199 425 425 86 312 425 199 425 199 425 2 425 312 312 425 312 199 1 2 1 228 425 1 114 425 425 1 114 199 312 312 2 312 86 1 199 199 199 425 199 1 425 425 114 1 199 312 312 114 199 425 425 1 312 1 312 199 114 228 227 312 312 425 199 228 199 312 425 1 312 86 115 312 312 425 114 425 1 86 86 199 312 312 425 114 425 312 312 312 114 425 425 425 425 86 199 1 425 312 2 1 199 86 199 199 199 425 199 86 425 1 199 425 199 86 425 86 312 425 199 86 1 312 114 425 312 199 312 114 199 312 86 1 199 199 425 312 425 425 312 114 312 312 86 2 114 2 312 312 425 227 199 199 425 425 425 425 199 312 425 86 312 312 312 86 312 114 312 199 425 312 425 199 199 425 1 199 425 425 312 1 199 86 2 114 425 227 425 86 425 86 312 199 199 1 1 312 86 425 115 425 312 425 199 425 312 425 312 228 312 425 425 2 1 199 86 86 114 1 86 312 1 312 312 1 199 425 199 425 312 312 199 1 199 312 227 425 312 86 425 425 115 425 312 312 2 86 312 114 1 312 425 312 1 425 1 199 115 312 312 1 1 425 425 1 425 312 312 425 425 312 86 425 2 425 425 86 1 425 425 1 86 199 312 312 114 199 115 1 425 312 199 86 312 86 1 312 425 1 425 425 199 312 1 1 425 86 425 425 199 1 199 1 86 199 86 425 312 425 199 312 425 86 199 199 86 312 312 228 199 312 1 86 199 1 199 425 425 312 312 2 199 425 1 1 1 425 425 312 199 199 425 425 312 425 312 425 199 114 86 312 1 312 199 425 312 199 312 199 425 425 425 86 86 312 1 86 425 425 86 312 425 312 425 86 2 199 312 199 115 312 312 199 312 114 199 312 199 86 115 86 425 1 199 199 199 199 425 199 425 199 199 1 86 199 2 2 312 114 199 199 425 312 312 115 425 312 1 425 86 199 114 425 199 86 312 199 425 312 312 1 114 425 425 199 312 312 312 1 199 115 199 114 425 114 312 86 86 425 425 199 199 199 312 86 86 312 425 86 86 1 312 199 86 199 115 1 86 425 1 86 425 312 425 2 425 312 86 425 114 425 312 425 425 
c [Incremental] Max used label: 425.
c [Incremental] Label 425 is removed from searching.
c [Incremental] Solving for max label = 424:
c [Incremental] Solving duration: 561 ms.
s [Incremental] SAT (label = 424).
c [Incremental] Label assignment: 424 198 1 198 198 311 1 424 1 1 424 424 1 311 198 114 311 424 424 114 1 1 311 114 1 2 114 198 1 198 311 424 1 424 311 1 198 424 311 198 311 311 424 424 311 424 198 1 311 311 227 311 311 1 424 311 1 424 424 311 1 198 311 311 311 424 114 198 311 311 85 424 424 198 311 424 1 424 311 1 114 424 114 198 311 311 1 1 424 424 424 85 198 114 1 311 424 1 198 424 424 85 311 424 198 424 198 424 2 424 311 311 424 311 198 1 2 1 228 424 1 114 424 424 1 114 198 311 311 2 311 85 1 198 198 198 424 198 1 424 424 114 1 198 311 311 114 198 424 424 1 311 1 311 198 114 228 227 311 311 424 198 228 198 311 424 1 311 85 115 311 311 424 114 424 1 85 85 198 311 311 424 114 424 311 311 311 114 424 424 424 424 85 198 1 424 311 2 1 198 85 198 198 198 424 198 85 424 1 198 424 198 85 424 85 311 424 198 85 1 311 114 424 311 198 311 114 198 311 85 1 198 198 424 311 424 424 311 114 311 311 85 2 114 2 311 311 424 227 198 198 424 424 424 424 198 311 424 85 311 311 311 85 311 114 311 198 424 311 424 198 198 424 1 198 424 424 311 1 198 85 2 114 424 227 424 85 424 85 311 198 198 1 1 311 85 424 115 424 311 424 198 424 311 424 311 228 311 424 424 2 1 198 85 85 114 1 85 311 1 311 311 1 198 424 198 424 311 311 198 1 198 311 227 424 311 85 424 424 115 424 311 311 2 85 311 114 1 311 424 311 1 424 1 198 115 311 311 1 1 424 424 1 424 311 311 424 424 311 85 424 2 424 424 85 1 424 424 1 85 198 311 311 114 198 115 1 424 311 198 85 311 85 1 311 424 1 424 424 198 311 1 1 424 85 424 424 198 1 198 1 85 198 85 424 311 424 198 311 424 85 198 198 85 311 311 228 198 311 1 85 198 1 198 424 424 311 311 2 198 424 1 1 1 424 424 311 198 198 424 424 311 424 311 424 198 114 85 311 1 311 198 424 311 198 311 198 424 424 424 85 85 311 1 85 424 424 85 311 424 311 424 85 2 198 311 198 115 311 311 198 311 114 198 311 198 85 115 85 424 1 198 198 198 198 424 198 424 198 198 1 85 198 2 2 311 114 198 198 424 311 311 115 424 311 1 424 85 198 114 424 198 85 311 198 424 311 311 1 114 424 424 198 311 311 311 1 198 115 198 114 424 114 311 85 85 424 424 198 198 198 311 85 85 311 424 85 85 1 311 198 85 198 115 1 85 424 1 85 424 311 424 2 424 311 85 424 114 424 311 424 424 
c [Incremental] Max used label: 424.
c [Incremental] Label 424 is removed from searching.
c [Incremental] Solving for max label = 423:
c [Incremental] Solving duration: 539 ms.
s [Incremental] SAT (label = 423).
c [Incremental] Label assignment: 423 197 1 197 197 310 1 423 1 1 423 423 1 310 197 114 310 423 423 114 1 1 310 114 1 2 114 197 1 197 310 423 1 423 310 1 197 423 310 197 310 310 423 423 310 423 197 1 310 310 227 310 310 1 423 310 1 423 423 310 1 197 310 310 310 423 114 197 310 310 84 423 423 197 310 423 1 423 310 1 114 423 114 197 310 310 1 1 423 423 423 84 197 114 1 310 423 1 197 423 423 84 310 423 197 423 197 423 2 423 310 310 423 310 197 1 2 1 228 423 1 114 423 423 1 114 197 310 310 2 310 84 1 197 197 197 423 197 1 423 423 114 1 197 310 310 114 197 423 423 1 310 1 310 197 114 228 227 310 310 423 197 228 197 310 423 1 310 84 115 310 310 423 114 423 1 84 84 197 310 310 423 114 423 310 310 310 114 423 423 423 423 84 197 1 423 310 2 1 197 84 197 197 197 423 197 84 423 1 197 423 197 84 423 84 310 423 197 84 1 310 114 423 310 197 310 114 197 310 84 1 197 197 423 310 423 423 310 114 310 310 84 2 114 2 310 310 423 227 197 197 423 423 423 423 197 310 423 84 310 310 310 84 310 114 310 197 423 310 423 197 197 423 1 197 423 423 310 1 197 84 2 114 423 227 423 84 423 84 310 197 197 1 1 310 84 423 115 423 310 423 197 423 310 423 310 228 310 423 423 2 1 197 84 84 114 1 84 310 1 310 310 1 197 423 197 423 310 310 197 1 197 310 227 423 310 84 423 423 115 423 310 310 2 84 310 114 1 310 423 310 1 423 1 197 115 310 310 1 1 423 423 1 423 310 310 423 423 310 84 423 2 423 423 84 1 423 423 1 84 197 310 310 114 197 115 1 423 310 197 84 310 84 1 310 423 1 423 423 197 310 1 1 423 84 423 423 197 1 197 1 84 197 84 423 310 423 197 310 423 84 197 197 84 310 310 228 197 310 1 84 197 1 197 423 423 310 310 2 197 423 1 1 1 423 423 310 197 197 423 423 310 423 310 423 197 114 84 310 1 310 197 423 310 197 310 197 423 423 423 84 84 310 1 84 423 423 84 310 423 310 423 84 2 197 310 197 115 310 310 197 310 114 197 310 197 84 115 84 423 1 197 197 197 197 423 197 423 197 197 1 84 197 2 2 310 114 197 197 423 310 310 115 423 310 1 423 84 197 114 423 197 84 310 197 423 310 310 1 114 423 423 197 310 310 310 1 197 115 197 114 423 114 310 84 84 423 423 197 197 197 310 84 84 310 423 84 84 1 310 197 84 197 115 1 84 423 1 84 423 310 423 2 423 310 84 423 114 423 310 423 423 
c [Incremental] Max used label: 423.
c [Incremental] Label 423 is removed from searching.
c [Incremental] Solving for max label = 422:
c [Incremental] Solving duration: 523 ms.
s [Incremental] SAT (label = 422).
c [Incremental] Label assignment: 422 196 1 196 196 309 1 422 1 1 422 422 1 309 196 114 309 422 422 114 1 1 309 114 1 2 114 196 1 196 309 422 1 422 309 1 196 422 309 196 309 309 422 422 309 422 196 1 309 309 227 309 309 1 422 309 1 422 422 309 1 196 309 309 309 422 114 196 309 309 83 422 422 196 309 422 1 422 309 1 114 422 114 196 309 309 1 1 422 422 422 83 196 114 1 309 422 1 196 422 422 83 309 422 196 422 196 422 2 422 309 309 422 309 196 1 2 1 228 422 1 114 422 422 1 114 196 309 309 2 309 83 1 196 196 196 422 196 1 422 422 114 1 196 309 309 114 196 422 422 1 309 1 309 196 114 228 227 309 309 422 196 228 196 309 422 1 309 83 115 309 309 422 114 422 1 83 83 196 309 309 422 114 422 309 309 309 114 422 422 422 422 83 196 1 422 309 2 1 196 83 196 196 196 422 196 83 422 1 196 422 196 83 422 83 309 422 196 83 1 309 114 422 309 196 309 114 196 309 83 1 196 196 422 309 422 422 309 114 309 309 83 2 114 2 309 309 422 227 196 196 422 422 422 422 196 309 422 83 309 309 309 83 309 114 309 196 422 309 422 196 196 422 1 196 422 422 309 1 196 83 2 114 422 227 422 83 422 83 309 196 196 1 1 309 83 422 115 422 309 422 196 422 309 422 309 228 309 422 422 2 1 196 83 83 114 1 83 309 1 309 309 1 196 422 196 422 309 309 196 1 196 309 227 422 309 83 422 422 115 422 309 309 2 83 309 114 1 309 422 309 1 422 1 196 115 309 309 1 1 422 422 1 422 309 309 422 422 309 83 422 2 422 422 83 1 422 422 1 83 196 309 309 114 196 115 1 422 309 196 83 309 83 1 309 422 1 422 422 196 309 1 1 422 83 422 422 196 1 196 1 83 196 83 422 309 422 196 309 422 83 196 196 83 309 309 228 196 309 1 83 196 1 196 422 422 309 309 2 196 422 1 1 1 422 422 309 196 196 422 422 309 422 309 422 196 114 83 309 1 309 196 422 309 196 309 196 422 422 422 83 83 309 1 83 422 422 83 309 422 309 422 83 2 196 309 196 115 309 309 196 309 114 196 309 196 83 115 83 422 1 196 196 196 196 422 196 422 196 196 1 83 196 2 2 309 114 196 196 422 309 309 115 422 309 1 422 83 196 114 422 196 83 309 196 422 309 309 1 114 422 422 196 309 309 309 1 196 115 196 114 422 114 309 83 83 422 422 196 196 196 309 83 83 309 422 83 83 1 309 196 83 196 115 1 83 422 1 83 422 309 422 2 422 309 83 422 114 422 309 422 422 
c [Incremental] Max used label: 422.
c [Incremental] Label 422 is removed from searching.
c [Incremental] Solving for max label = 421:
c [Incremental] Solving duration: 543 ms.
s [Incremental] SAT (label = 421).
c [Incremental] Label assignment: 421 195 1 195 195 308 1 421 1 1 421 421 1 308 195 114 308 421 421 114 1 1 308 114 1 2 114 195 1 195 308 421 1 421 308 1 195 421 308 195 308 308 421 421 308 421 195 1 308 308 227 308 308 1 421 308 1 421 421 308 1 195 308 308 308 421 114 195 308 308 82 421 421 195 308 421 1 421 308 1 114 421 114 195 308 308 1 1 421 421 421 82 195 114 1 308 421 1 195 421 421 82 308 421 195 421 195 421 2 421 308 308 421 308 195 1 2 1 228 421 1 114 421 421 1 114 195 308 308 2 308 82 1 195 195 195 421 195 1 421 421 114 1 195 308 308 114 195 421 421 1 308 1 308 195 114 228 227 308 308 421 195 228 195 308 421 1 308 82 115 308 308 421 114 421 1 82 82 195 308 308 421 114 421 308 308 308 114 421 421 421 421 82 195 1 421 308 2 1 195 82 195 195 195 421 195 82 421 1 195 421 195 82 421 82 308 421 195 82 1 308 114 421 308 195 308 114 195 308 82 1 195 195 421 308 421 421 308 114 308 308 82 2 114 2 308 308 421 227 195 195 421 421 421 421 195 308 421 82 308 308 308 82 308 114 308 195 421 308 421 195 195 421 1 195 421 421 308 1 195 82 2 114 421 227 421 82 421 82 308 195 195 1 1 308 82 421 115 421 308 421 195 421 308 421 308 228 308 421 421 2 1 195 82 82 114 1 82 308 1 308 308 1 195 421 195 421 308 308 195 1 195 308 227 421 308 82 421 421 115 421 308 308 2 82 308 114 1 308 421 308 1 421 1 195 115 308 308 1 1 421 421 1 421 308 308 421 421 308 82 421 2 421 421 82 1 421 421 1 82 195 308 308 114 195 115 1 421 308 195 82 308 82 1 308 421 1 421 421 195 308 1 1 421 82 421 421 195 1 195 1 82 195 82 421 308 421 195 308 421 82 195 195 82 308 308 228 195 308 1 82 195 1 195 421 421 308 308 2 195 421 1 1 1 421 421 308 195 195 421 421 308 421 308 421 195 114 82 308 1 308 195 421 308 195 308 195 421 421 421 82 82 308 1 82 421 421 82 308 421 308 421 82 2 195 308 195 115 308 308 195 308 114 195 308 195 82 115 82 421 1 195 195 195 195 421 195 421 195 195 1 82 195 2 2 308 114 195 195 421 308 308 115 421 308 1 421 82 195 114 421 195 82 308 195 421 308 308 1 114 421 421 195 308 308 308 1 195 115 195 114 421 114 308 82 82 421 421 195 195 195 308 82 82 308 421 82 82 1 308 195 82 195 115 1 82 421 1 82 421 308 421 2 421 308 82 421 114 421 308 421 421 
c [Incremental] Max used label: 421.
c [Incremental] Label 421 is removed from searching.
c [Incremental] Solving for max label = 420:
c [Incremental] Solving duration: 508 ms.
s [Incremental] SAT (label = 420).
c [Incremental] Label assignment: 420 194 1 194 194 307 1 420 1 1 420 420 1 307 194 114 307 420 420 114 1 1 307 114 1 2 114 194 1 194 307 420 1 420 307 1 194 420 307 194 307 307 420 420 307 420 194 1 307 307 227 307 307 1 420 307 1 420 420 307 1 194 307 307 307 420 114 194 307 307 81 420 420 194 307 420 1 420 307 1 114 420 114 194 307 307 1 1 420 420 420 81 194 114 1 307 420 1 194 420 420 81 307 420 194 420 194 420 2 420 307 307 420 307 194 1 2 1 228 420 1 114 420 420 1 114 194 307 307 2 307 81 1 194 194 194 420 194 1 420 420 114 1 194 307 307 114 194 420 420 1 307 1 307 194 114 228 227 307 307 420 194 228 194 307 420 1 307 81 115 307 307 420 114 420 1 81 81 194 307 307 420 114 420 307 307 307 114 420 420 420 420 81 194 1 420 307 2 1 194 81 194 194 194 420 194 81 420 1 194 420 194 81 420 81 307 420 194 81 1 307 114 420 307 194 307 114 194 307 81 1 194 194 420 307 420 420 307 114 307 307 81 2 114 2 307 307 420 227 194 194 420 420 420 420 194 307 420 81 307 307 307 81 307 114 307 194 420 307 420 194 194 420 1 194 420 420 307 1 194 81 2 114 420 227 420 81 420 81 307 194 194 1 1 307 81 420 115 420 307 420 194 420 307 420 307 228 307 420 420 2 1 194 81 81 114 1 81 307 1 307 307 1 194 420 194 420 307 307 194 1 194 307 227 420 307 81 420 420 115 420 307 307 2 81 307 114 1 307 420 307 1 420 1 194 115 307 307 1 1 420 420 1 420 307 307 420 420 307 81 420 2 420 420 81 1 420 420 1 81 194 307 307 114 194 115 1 420 307 194 81 307 81 1 307 420 1 420 420 194 307 1 1 420 81 420 420 194 1 194 1 81 194 81 420 307 420 194 307 420 81 194 194 81 307 307 228 194 307 1 81 194 1 194 420 420 307 307 2 194 420 1 1 1 420 420 307 194 194 420 420 307 420 307 420 194 114 81 307 1 307 194 420 307 194 307 194 420 420 420 81 81 307 1 81 420 420 81 307 420 307 420 81 2 194 307 194 115 307 307 194 307 114 194 307 194 81 115 81 420 1 194 194 194 194 420 194 420 194 194 1 81 194 2 2 307 114 194 194 420 307 307 115 420 307 1 420 81 194 114 420 194 81 307 194 420 307 307 1 114 420 420 194 307 307 307 1 194 115 194 114 420 114 307 81 81 420 420 194 194 194 307 81 81 307 420 81 81 1 307 194 81 194 115 1 81 420 1 81 420 307 420 2 420 307 81 420 114 420 307 420 420 
c [Incremental] Max used label: 420.
c [Incremental] Label 420 is removed from searching.
c [Incremental] Solving for max label = 419:
c [Incremental] Solving duration: 534 ms.
s [Incremental] SAT (label = 419).
c [Incremental] Label assignment: 419 193 1 193 193 306 1 419 1 1 419 419 1 306 193 114 306 419 419 114 1 1 306 114 1 2 114 193 1 193 306 419 1 419 306 1 193 419 306 193 306 306 419 419 306 419 193 1 306 306 227 306 306 1 419 306 1 419 419 306 1 193 306 306 306 419 114 193 306 306 80 419 419 193 306 419 1 419 306 1 114 419 114 193 306 306 1 1 419 419 419 80 193 114 1 306 419 1 193 419 419 80 306 419 193 419 193 419 2 419 306 306 419 306 193 1 2 1 228 419 1 114 419 419 1 114 193 306 306 2 306 80 1 193 193 193 419 193 1 419 419 114 1 193 306 306 114 193 419 419 1 306 1 306 193 114 228 227 306 306 419 193 228 193 306 419 1 306 80 115 306 306 419 114 419 1 80 80 193 306 306 419 114 419 306 306 306 114 419 419 419 419 80 193 1 419 306 2 1 193 80 193 193 193 419 193 80 419 1 193 419 193 80 419 80 306 419 193 80 1 306 114 419 306 193 306 114 193 306 80 1 193 193 419 306 419 419 306 114 306 306 80 2 114 2 306 306 419 227 193 193 419 419 419 419 193 306 419 80 306 306 306 80 306 114 306 193 419 306 419 193 193 419 1 193 419 419 306 1 193 80 2 114 419 227 419 80 419 80 306 193 193 1 1 306 80 419 115 419 306 419 193 419 306 419 306 228 306 419 419 2 1 193 80 80 114 1 80 306 1 306 306 1 193 419 193 419 306 306 193 1 193 306 227 419 306 80 419 419 115 419 306 306 2 80 306 114 1 306 419 306 1 419 1 193 115 306 306 1 1 419 419 1 419 306 306 419 419 306 80 419 2 419 419 80 1 419 419 1 80 193 306 306 114 193 115 1 419 306 193 80 306 80 1 306 419 1 419 419 193 306 1 1 419 80 419 419 193 1 193 1 80 193 80 419 306 419 193 306 419 80 193 193 80 306 306 228 193 306 1 80 193 1 193 419 419 306 306 2 193 419 1 1 1 419 419 306 193 193 419 419 306 419 306 419 193 114 80 306 1 306 193 419 306 193 306 193 419 419 419 80 80 306 1 80 419 419 80 306 419 306 419 80 2 193 306 193 115 306 306 193 306 114 193 306 193 80 115 80 419 1 193 193 193 193 419 193 419 193 193 1 80 193 2 2 306 114 193 193 419 306 306 115 419 306 1 419 80 193 114 419 193 80 306 193 419 306 306 1 114 419 419 193 306 306 306 1 193 115 193 114 419 114 306 80 80 419 419 193 193 193 306 80 80 306 419 80 80 1 306 193 80 193 115 1 80 419 1 80 419 306 419 2 419 306 80 419 114 419 306 419 419 
c [Incremental] Max used label: 419.
c [Incremental] Label 419 is removed from searching.
c [Incremental] Solving for max label = 418:
c [Incremental] Solving duration: 514 ms.
s [Incremental] SAT (label = 418).
c [Incremental] Label assignment: 418 192 1 192 192 305 1 418 1 1 418 418 1 305 192 114 305 418 418 114 1 1 305 114 1 2 114 192 1 192 305 418 1 418 305 1 192 418 305 192 305 305 418 418 305 418 192 1 305 305 227 305 305 1 418 305 1 418 418 305 1 192 305 305 305 418 114 192 305 305 79 418 418 192 305 418 1 418 305 1 114 418 114 192 305 305 1 1 418 418 418 79 192 114 1 305 418 1 192 418 418 79 305 418 192 418 192 418 2 418 305 305 418 305 192 1 2 1 228 418 1 114 418 418 1 114 192 305 305 2 305 79 1 192 192 192 418 192 1 418 418 114 1 192 305 305 114 192 418 418 1 305 1 305 192 114 228 227 305 305 418 192 228 192 305 418 1 305 79 115 305 305 418 114 418 1 79 79 192 305 305 418 114 418 305 305 305 114 418 418 418 418 79 192 1 418 305 2 1 192 79 192 192 192 418 192 79 418 1 192 418 192 79 418 79 305 418 192 79 1 305 114 418 305 192 305 114 192 305 79 1 192 192 418 305 418 418 305 114 305 305 79 2 114 2 305 305 418 227 192 192 418 418 418 418 192 305 418 79 305 305 305 79 305 114 305 192 418 305 418 192 192 418 1 192 418 418 305 1 192 79 2 114 418 227 418 79 418 79 305 192 192 1 1 305 79 418 115 418 305 418 192 418 305 418 305 228 305 418 418 2 1 192 79 79 114 1 79 305 1 305 305 1 192 418 192 418 305 305 192 1 192 305 227 418 305 79 418 418 115 418 305 305 2 79 305 114 1 305 418 305 1 418 1 192 115 305 305 1 1 418 418 1 418 305 305 418 418 305 79 418 2 418 418 79 1 418 418 1 79 192 305 305 114 192 115 1 418 305 192 79 305 79 1 305 418 1 418 418 192 305 1 1 418 79 418 418 192 1 192 1 79 192 79 418 305 418 192 305 418 79 192 192 79 305 305 228 192 305 1 79 192 1 192 418 418 305 305 2 192 418 1 1 1 418 418 305 192 192 418 418 305 418 305 418 192 114 79 305 1 305 192 418 305 192 305 192 418 418 418 79 79 305 1 79 418 418 79 305 418 305 418 79 2 192 305 192 115 305 305 192 305 114 192 305 192 79 115 79 418 1 192 192 192 192 418 192 418 192 192 1 79 192 2 2 305 114 192 192 418 305 305 115 418 305 1 418 79 192 114 418 192 79 305 192 418 305 305 1 114 418 418 192 305 305 305 1 192 115 192 114 418 114 305 79 79 418 418 192 192 192 305 79 79 305 418 79 79 1 305 192 79 192 115 1 79 418 1 79 418 305 418 2 418 305 79 418 114 418 305 418 418 
c [Incremental] Max used label: 418.
c [Incremental] Label 418 is removed from searching.
c [Incremental] Solving for max label = 417:
c [Incremental] Solving duration: 521 ms.
s [Incremental] SAT (label = 417).
c [Incremental] Label assignment: 417 191 1 191 191 304 1 417 1 1 417 417 1 304 191 114 304 417 417 114 1 1 304 114 1 2 114 191 1 191 304 417 1 417 304 1 191 417 304 191 304 304 417 417 304 417 191 1 304 304 227 304 304 1 417 304 1 417 417 304 1 191 304 304 304 417 114 191 304 304 78 417 417 191 304 417 1 417 304 1 114 417 114 191 304 304 1 1 417 417 417 78 191 114 1 304 417 1 191 417 417 78 304 417 191 417 191 417 2 417 304 304 417 304 191 1 2 1 228 417 1 114 417 417 1 114 191 304 304 2 304 78 1 191 191 191 417 191 1 417 417 114 1 191 304 304 114 191 417 417 1 304 1 304 191 114 228 227 304 304 417 191 228 191 304 417 1 304 78 115 304 304 417 114 417 1 78 78 191 304 304 417 114 417 304 304 304 114 417 417 417 417 78 191 1 417 304 2 1 191 78 191 191 191 417 191 78 417 1 191 417 191 78 417 78 304 417 191 78 1 304 114 417 304 191 304 114 191 304 78 1 191 191 417 304 417 417 304 114 304 304 78 2 114 2 304 304 417 227 191 191 417 417 417 417 191 304 417 78 304 304 304 78 304 114 304 191 417 304 417 191 191 417 1 191 417 417 304 1 191 78 2 114 417 227 417 78 417 78 304 191 191 1 1 304 78 417 115 417 304 417 191 417 304 417 304 228 304 417 417 2 1 191 78 78 114 1 78 304 1 304 304 1 191 417 191 417 304 304 191 1 191 304 227 417 304 78 417 417 115 417 304 304 2 78 304 114 1 304 417 304 1 417 1 191 115 304 304 1 1 417 417 1 417 304 304 417 417 304 78 417 2 417 417 78 1 417 417 1 78 191 304 304 114 191 115 1 417 304 191 78 304 78 1 304 417 1 417 417 191 304 1 1 417 78 417 417 191 1 191 1 78 191 78 417 304 417 191 304 417 78 191 191 78 304 304 228 191 304 1 78 191 1 191 417 417 304 304 2 191 417 1 1 1 417 417 304 191 191 417 417 304 417 304 417 191 114 78 304 1 304 191 417 304 191 304 191 417 417 417 78 78 304 1 78 417 417 78 304 417 304 417 78 2 191 304 191 115 304 304 191 304 114 191 304 191 78 115 78 417 1 191 191 191 191 417 191 417 191 191 1 78 191 2 2 304 114 191 191 417 304 304 115 417 304 1 417 78 191 114 417 191 78 304 191 417 304 304 1 114 417 417 191 304 304 304 1 191 115 191 114 417 114 304 78 78 417 417 191 191 191 304 78 78 304 417 78 78 1 304 191 78 191 115 1 78 417 1 78 417 304 417 2 417 304 78 417 114 417 304 417 417 
c [Incremental] Max used label: 417.
c [Incremental] Label 417 is removed from searching.
c [Incremental] Solving for max label = 416:
c [Incremental] Solving duration: 523 ms.
s [Incremental] SAT (label = 416).
c [Incremental] Label assignment: 416 190 1 190 190 303 1 416 1 1 416 416 1 303 190 114 303 416 416 114 1 1 303 114 1 2 114 190 1 190 303 416 1 416 303 1 190 416 303 190 303 303 416 416 303 416 190 1 303 303 227 303 303 1 416 303 1 416 416 303 1 190 303 303 303 416 114 190 303 303 77 416 416 190 303 416 1 416 303 1 114 416 114 190 303 303 1 1 416 416 416 77 190 114 1 303 416 1 190 416 416 77 303 416 190 416 190 416 2 416 303 303 416 303 190 1 2 1 228 416 1 114 416 416 1 114 190 303 303 2 303 77 1 190 190 190 416 190 1 416 416 114 1 190 303 303 114 190 416 416 1 303 1 303 190 114 228 227 303 303 416 190 228 190 303 416 1 303 77 115 303 303 416 114 416 1 77 77 190 303 303 416 114 416 303 303 303 114 416 416 416 416 77 190 1 416 303 2 1 190 77 190 190 190 416 190 77 416 1 190 416 190 77 416 77 303 416 190 77 1 303 114 416 303 190 303 114 190 303 77 1 190 190 416 303 416 416 303 114 303 303 77 2 114 2 303 303 416 227 190 190 416 416 416 416 190 303 416 77 303 303 303 77 303 114 303 190 416 303 416 190 190 416 1 190 416 416 303 1 190 77 2 114 416 227 416 77 416 77 303 190 190 1 1 303 77 416 115 416 303 416 190 416 303 416 303 228 303 416 416 2 1 190 77 77 114 1 77 303 1 303 303 1 190 416 190 416 303 303 190 1 190 303 227 416 303 77 416 416 115 416 303 303 2 77 303 114 1 303 416 303 1 416 1 190 115 303 303 1 1 416 416 1 416 303 303 416 416 303 77 416 2 416 416 77 1 416 416 1 77 190 303 303 114 190 115 1 416 303 190 77 303 77 1 303 416 1 416 416 190 303 1 1 416 77 416 416 190 1 190 1 77 190 77 416 303 416 190 303 416 77 190 190 77 303 303 228 190 303 1 77 190 1 190 416 416 303 303 2 190 416 1 1 1 416 416 303 190 190 416 416 303 416 303 416 190 114 77 303 1 303 190 416 303 190 303 190 416 416 416 77 77 303 1 77 416 416 77 303 416 303 416 77 2 190 303 190 115 303 303 190 303 114 190 303 190 77 115 77 416 1 190 190 190 190 416 190 416 190 190 1 77 190 2 2 303 114 190 190 416 303 303 115 416 303 1 416 77 190 114 416 190 77 303 190 416 303 303 1 114 416 416 190 303 303 303 1 190 115 190 114 416 114 303 77 77 416 416 190 190 190 303 77 77 303 416 77 77 1 303 190 77 190 115 1 77 416 1 77 416 303 416 2 416 303 77 416 114 416 303 416 416 
c [Incremental] Max used label: 416.
c [Incremental] Label 416 is removed from searching.
c [Incremental] Solving for max label = 415:
c [Incremental] Solving duration: 514 ms.
s [Incremental] SAT (label = 415).
c [Incremental] Label assignment: 415 189 1 189 189 302 1 415 1 1 415 415 1 302 189 114 302 415 415 114 1 1 302 114 1 2 114 189 1 189 302 415 1 415 302 1 189 415 302 189 302 302 415 415 302 415 189 1 302 302 227 302 302 1 415 302 1 415 415 302 1 189 302 302 302 415 114 189 302 302 76 415 415 189 302 415 1 415 302 1 114 415 114 189 302 302 1 1 415 415 415 76 189 114 1 302 415 1 189 415 415 76 302 415 189 415 189 415 2 415 302 302 415 302 189 1 2 1 228 415 1 114 415 415 1 114 189 302 302 2 302 76 1 189 189 189 415 189 1 415 415 114 1 189 302 302 114 189 415 415 1 302 1 302 189 114 228 227 302 302 415 189 228 189 302 415 1 302 76 115 302 302 415 114 415 1 76 76 189 302 302 415 114 415 302 302 302 114 415 415 415 415 76 189 1 415 302 2 1 189 76 189 189 189 415 189 76 415 1 189 415 189 76 415 76 302 415 189 76 1 302 114 415 302 189 302 114 189 302 76 1 189 189 415 302 415 415 302 114 302 302 76 2 114 2 302 302 415 227 189 189 415 415 415 415 189 302 415 76 302 302 302 76 302 114 302 189 415 302 415 189 189 415 1 189 415 415 302 1 189 76 2 114 415 227 415 76 415 76 302 189 189 1 1 302 76 415 115 415 302 415 189 415 302 415 302 228 302 415 415 2 1 189 76 76 114 1 76 302 1 302 302 1 189 415 189 415 302 302 189 1 189 302 227 415 302 76 415 415 115 415 302 302 2 76 302 114 1 302 415 302 1 415 1 189 115 302 302 1 1 415 415 1 415 302 302 415 415 302 76 415 2 415 415 76 1 415 415 1 76 189 302 302 114 189 115 1 415 302 189 76 302 76 1 302 415 1 415 415 189 302 1 1 415 76 415 415 189 1 189 1 76 189 76 415 302 415 189 302 415 76 189 189 76 302 302 228 189 302 1 76 189 1 189 415 415 302 302 2 189 415 1 1 1 415 415 302 189 189 415 415 302 415 302 415 189 114 76 302 1 302 189 415 302 189 302 189 415 415 415 76 76 302 1 76 415 415 76 302 415 302 415 76 2 189 302 189 115 302 302 189 302 114 189 302 189 76 115 76 415 1 189 189 189 189 415 189 415 189 189 1 76 189 2 2 302 114 189 189 415 302 302 115 415 302 1 415 76 189 114 415 189 76 302 189 415 302 302 1 114 415 415 189 302 302 302 1 189 115 189 114 415 114 302 76 76 415 415 189 189 189 302 76 76 302 415 76 76 1 302 189 76 189 115 1 76 415 1 76 415 302 415 2 415 302 76 415 114 415 302 415 415 
c [Incremental] Max used label: 415.
c [Incremental] Label 415 is removed from searching.
c [Incremental] Solving for max label = 414:
c [Incremental] Solving duration: 510 ms.
s [Incremental] SAT (label = 414).
c [Incremental] Label assignment: 414 188 1 188 188 301 1 414 1 1 414 414 1 301 188 114 301 414 414 114 1 1 301 114 1 2 114 188 1 188 301 414 1 414 301 1 188 414 301 188 301 301 414 414 301 414 188 1 301 301 227 301 301 1 414 301 1 414 414 301 1 188 301 301 301 414 114 188 301 301 75 414 414 188 301 414 1 414 301 1 114 414 114 188 301 301 1 1 414 414 414 75 188 114 1 301 414 1 188 414 414 75 301 414 188 414 188 414 2 414 301 301 414 301 188 1 2 1 228 414 1 114 414 414 1 114 188 301 301 2 301 75 1 188 188 188 414 188 1 414 414 114 1 188 301 301 114 188 414 414 1 301 1 301 188 114 228 227 301 301 414 188 228 188 301 414 1 301 75 115 301 301 414 114 414 1 75 75 188 301 301 414 114 414 301 301 301 114 414 414 414 414 75 188 1 414 301 2 1 188 75 188 188 188 414 188 75 414 1 188 414 188 75 414 75 301 414 188 75 1 301 114 414 301 188 301 114 188 301 75 1 188 188 414 301 414 414 301 114 301 301 75 2 114 2 301 301 414 227 188 188 414 414 414 414 188 301 414 75 301 301 301 75 301 114 301 188 414 301 414 188 188 414 1 188 414 414 301 1 188 75 2 114 414 227 414 75 414 75 301 188 188 1 1 301 75 414 115 414 301 414 188 414 301 414 301 228 301 414 414 2 1 188 75 75 114 1 75 301 1 301 301 1 188 414 188 414 301 301 188 1 188 301 227 414 301 75 414 414 115 414 301 301 2 75 301 114 1 301 414 301 1 414 1 188 115 301 301 1 1 414 414 1 414 301 301 414 414 301 75 414 2 414 414 75 1 414 414 1 75 188 301 301 114 188 115 1 414 301 188 75 301 75 1 301 414 1 414 414 188 301 1 1 414 75 414 414 188 1 188 1 75 188 75 414 301 414 188 301 414 75 188 188 75 301 301 228 188 301 1 75 188 1 188 414 414 301 301 2 188 414 1 1 1 414 414 301 188 188 414 414 301 414 301 414 188 114 75 301 1 301 188 414 301 188 301 188 414 414 414 75 75 301 1 75 414 414 75 301 414 301 414 75 2 188 301 188 115 301 301 188 301 114 188 301 188 75 115 75 414 1 188 188 188 188 414 188 414 188 188 1 75 188 2 2 301 114 188 188 414 301 301 115 414 301 1 414 75 188 114 414 188 75 301 188 414 301 301 1 114 414 414 188 301 301 301 1 188 115 188 114 414 114 301 75 75 414 414 188 188 188 301 75 75 301 414 75 75 1 301 188 75 188 115 1 75 414 1 75 414 301 414 2 414 301 75 414 114 414 301 414 414 
c [Incremental] Max used label: 414.
c [Incremental] Label 414 is removed from searching.
c [Incremental] Solving for max label = 413:
c [Incremental] Solving duration: 569 ms.
s [Incremental] SAT (label = 413).
c [Incremental] Label assignment: 413 187 1 187 187 300 1 413 1 1 413 413 1 300 187 114 300 413 413 114 1 1 300 114 1 2 114 187 1 187 300 413 1 413 300 1 187 413 300 187 300 300 413 413 300 413 187 1 300 300 227 300 300 1 413 300 1 413 413 300 1 187 300 300 300 413 114 187 300 300 74 413 413 187 300 413 1 413 300 1 114 413 114 187 300 300 1 1 413 413 413 74 187 114 1 300 413 1 187 413 413 74 300 413 187 413 187 413 2 413 300 300 413 300 187 1 2 1 228 413 1 114 413 413 1 114 187 300 300 2 300 74 1 187 187 187 413 187 1 413 413 114 1 187 300 300 114 187 413 413 1 300 1 300 187 114 228 227 300 300 413 187 228 187 300 413 1 300 74 115 300 300 413 114 413 1 74 74 187 300 300 413 114 413 300 300 300 114 413 413 413 413 74 187 1 413 300 2 1 187 74 187 187 187 413 187 74 413 1 187 413 187 74 413 74 300 413 187 74 1 300 114 413 300 187 300 114 187 300 74 1 187 187 413 300 413 413 300 114 300 300 74 2 114 2 300 300 413 227 187 187 413 413 413 413 187 300 413 74 300 300 300 74 300 114 300 187 413 300 413 187 187 413 1 187 413 413 300 1 187 74 2 114 413 227 413 74 413 74 300 187 187 1 1 300 74 413 115 413 300 413 187 413 300 413 300 228 300 413 413 2 1 187 74 74 114 1 74 300 1 300 300 1 187 413 187 413 300 300 187 1 187 300 227 413 300 74 413 413 115 413 300 300 2 74 300 114 1 300 413 300 1 413 1 187 115 300 300 1 1 413 413 1 413 300 300 413 413 300 74 413 2 413 413 74 1 413 413 1 74 187 300 300 114 187 115 1 413 300 187 74 300 74 1 300 413 1 413 413 187 300 1 1 413 74 413 413 187 1 187 1 74 187 74 413 300 413 187 300 413 74 187 187 74 300 300 228 187 300 1 74 187 1 187 413 413 300 300 2 187 413 1 1 1 413 413 300 187 187 413 413 300 413 300 413 187 114 74 300 1 300 187 413 300 187 300 187 413 413 413 74 74 300 1 74 413 413 74 300 413 300 413 74 2 187 300 187 115 300 300 187 300 114 187 300 187 74 115 74 413 1 187 187 187 187 413 187 413 187 187 1 74 187 2 2 300 114 187 187 413 300 300 115 413 300 1 413 74 187 114 413 187 74 300 187 413 300 300 1 114 413 413 187 300 300 300 1 187 115 187 114 413 114 300 74 74 413 413 187 187 187 300 74 74 300 413 74 74 1 300 187 74 187 115 1 74 413 1 74 413 300 413 2 413 300 74 413 114 413 300 413 413 
c [Incremental] Max used label: 413.
c [Incremental] Label 413 is removed from searching.
c [Incremental] Solving for max label = 412:
c [Incremental] Solving duration: 559 ms.
s [Incremental] SAT (label = 412).
c [Incremental] Label assignment: 412 186 1 186 186 299 1 412 1 1 412 412 1 299 186 114 299 412 412 114 1 1 299 114 1 2 114 186 1 186 299 412 1 412 299 1 186 412 299 186 299 299 412 412 299 412 186 1 299 299 227 299 299 1 412 299 1 412 412 299 1 186 299 299 299 412 114 186 299 299 73 412 412 186 299 412 1 412 299 1 114 412 114 186 299 299 1 1 412 412 412 73 186 114 1 299 412 1 186 412 412 73 299 412 186 412 186 412 2 412 299 299 412 299 186 1 2 1 228 412 1 114 412 412 1 114 186 299 299 2 299 73 1 186 186 186 412 186 1 412 412 114 1 186 299 299 114 186 412 412 1 299 1 299 186 114 228 227 299 299 412 186 228 186 299 412 1 299 73 115 299 299 412 114 412 1 73 73 186 299 299 412 114 412 299 299 299 114 412 412 412 412 73 186 1 412 299 2 1 186 73 186 186 186 412 186 73 412 1 186 412 186 73 412 73 299 412 186 73 1 299 114 412 299 186 299 114 186 299 73 1 186 186 412 299 412 412 299 114 299 299 73 2 114 2 299 299 412 227 186 186 412 412 412 412 186 299 412 73 299 299 299 73 299 114 299 186 412 299 412 186 186 412 1 186 412 412 299 1 186 73 2 114 412 227 412 73 412 73 299 186 186 1 1 299 73 412 115 412 299 412 186 412 299 412 299 228 299 412 412 2 1 186 73 73 114 1 73 299 1 299 299 1 186 412 186 412 299 299 186 1 186 299 227 412 299 73 412 412 115 412 299 299 2 73 299 114 1 299 412 299 1 412 1 186 115 299 299 1 1 412 412 1 412 299 299 412 412 299 73 412 2 412 412 73 1 412 412 1 73 186 299 299 114 186 115 1 412 299 186 73 299 73 1 299 412 1 412 412 186 299 1 1 412 73 412 412 186 1 186 1 73 186 73 412 299 412 186 299 412 73 186 186 73 299 299 228 186 299 1 73 186 1 186 412 412 299 299 2 186 412 1 1 1 412 412 299 186 186 412 412 299 412 299 412 186 114 73 299 1 299 186 412 299 186 299 186 412 412 412 73 73 299 1 73 412 412 73 299 412 299 412 73 2 186 299 186 115 299 299 186 299 114 186 299 186 73 115 73 412 1 186 186 186 186 412 186 412 186 186 1 73 186 2 2 299 114 186 186 412 299 299 115 412 299 1 412 73 186 114 412 186 73 299 186 412 299 299 1 114 412 412 186 299 299 299 1 186 115 186 114 412 114 299 73 73 412 412 186 186 186 299 73 73 299 412 73 73 1 299 186 73 186 115 1 73 412 1 73 412 299 412 2 412 299 73 412 114 412 299 412 412 
c [Incremental] Max used label: 412.
c [Incremental] Label 412 is removed from searching.
c [Incremental] Solving for max label = 411:
c [Incremental] Solving duration: 605 ms.
s [Incremental] SAT (label = 411).
c [Incremental] Label assignment: 411 185 1 185 185 298 1 411 1 1 411 411 1 298 185 114 298 411 411 114 1 1 298 114 1 2 114 185 1 185 298 411 1 411 298 1 185 411 298 185 298 298 411 411 298 411 185 1 298 298 227 298 298 1 411 298 1 411 411 298 1 185 298 298 298 411 114 185 298 298 72 411 411 185 298 411 1 411 298 1 114 411 114 185 298 298 1 1 411 411 411 72 185 114 1 298 411 1 185 411 411 72 298 411 185 411 185 411 2 411 298 298 411 298 185 1 2 1 228 411 1 114 411 411 1 114 185 298 298 2 298 72 1 185 185 185 411 185 1 411 411 114 1 185 298 298 114 185 411 411 1 298 1 298 185 114 228 227 298 298 411 185 228 185 298 411 1 298 72 115 298 298 411 114 411 1 72 72 185 298 298 411 114 411 298 298 298 114 411 411 411 411 72 185 1 411 298 2 1 185 72 185 185 185 411 185 72 411 1 185 411 185 72 411 72 298 411 185 72 1 298 114 411 298 185 298 114 185 298 72 1 185 185 411 298 411 411 298 114 298 298 72 2 114 2 298 298 411 227 185 185 411 411 411 411 185 298 411 72 298 298 298 72 298 114 298 185 411 298 411 185 185 411 1 185 411 411 298 1 185 72 2 114 411 227 411 72 411 72 298 185 185 1 1 298 72 411 115 411 298 411 185 411 298 411 298 228 298 411 411 2 1 185 72 72 114 1 72 298 1 298 298 1 185 411 185 411 298 298 185 1 185 298 227 411 298 72 411 411 115 411 298 298 2 72 298 114 1 298 411 298 1 411 1 185 115 298 298 1 1 411 411 1 411 298 298 411 411 298 72 411 2 411 411 72 1 411 411 1 72 185 298 298 114 185 115 1 411 298 185 72 298 72 1 298 411 1 411 411 185 298 1 1 411 72 411 411 185 1 185 1 72 185 72 411 298 411 185 298 411 72 185 185 72 298 298 228 185 298 1 72 185 1 185 411 411 298 298 2 185 411 1 1 1 411 411 298 185 185 411 411 298 411 298 411 185 114 72 298 1 298 185 411 298 185 298 185 411 411 411 72 72 298 1 72 411 411 72 298 411 298 411 72 2 185 298 185 115 298 298 185 298 114 185 298 185 72 115 72 411 1 185 185 185 185 411 185 411 185 185 1 72 185 2 2 298 114 185 185 411 298 298 115 411 298 1 411 72 185 114 411 185 72 298 185 411 298 298 1 114 411 411 185 298 298 298 1 185 115 185 114 411 114 298 72 72 411 411 185 185 185 298 72 72 298 411 72 72 1 298 185 72 185 115 1 72 411 1 72 411 298 411 2 411 298 72 411 114 411 298 411 411 
c [Incremental] Max used label: 411.
c [Incremental] Label 411 is removed from searching.
c [Incremental] Solving for max label = 410:
c [Incremental] Solving duration: 591 ms.
s [Incremental] SAT (label = 410).
c [Incremental] Label assignment: 410 184 1 184 184 297 1 410 1 1 410 410 1 297 184 114 297 410 410 114 1 1 297 114 1 2 114 184 1 184 297 410 1 410 297 1 184 410 297 184 297 297 410 410 297 410 184 1 297 297 227 297 297 1 410 297 1 410 410 297 1 184 297 297 297 410 114 184 297 297 71 410 410 184 297 410 1 410 297 1 114 410 114 184 297 297 1 1 410 410 410 71 184 114 1 297 410 1 184 410 410 71 297 410 184 410 184 410 2 410 297 297 410 297 184 1 2 1 228 410 1 114 410 410 1 114 184 297 297 2 297 71 1 184 184 184 410 184 1 410 410 114 1 184 297 297 114 184 410 410 1 297 1 297 184 114 228 227 297 297 410 184 228 184 297 410 1 297 71 115 297 297 410 114 410 1 71 71 184 297 297 410 114 410 297 297 297 114 410 410 410 410 71 184 1 410 297 2 1 184 71 184 184 184 410 184 71 410 1 184 410 184 71 410 71 297 410 184 71 1 297 114 410 297 184 297 114 184 297 71 1 184 184 410 297 410 410 297 114 297 297 71 2 114 2 297 297 410 227 184 184 410 410 410 410 184 297 410 71 297 297 297 71 297 114 297 184 410 297 410 184 184 410 1 184 410 410 297 1 184 71 2 114 410 227 410 71 410 71 297 184 184 1 1 297 71 410 115 410 297 410 184 410 297 410 297 228 297 410 410 2 1 184 71 71 114 1 71 297 1 297 297 1 184 410 184 410 297 297 184 1 184 297 227 410 297 71 410 410 115 410 297 297 2 71 297 114 1 297 410 297 1 410 1 184 115 297 297 1 1 410 410 1 410 297 297 410 410 297 71 410 2 410 410 71 1 410 410 1 71 184 297 297 114 184 115 1 410 297 184 71 297 71 1 297 410 1 410 410 184 297 1 1 410 71 410 410 184 1 184 1 71 184 71 410 297 410 184 297 410 71 184 184 71 297 297 228 184 297 1 71 184 1 184 410 410 297 297 2 184 410 1 1 1 410 410 297 184 184 410 410 297 410 297 410 184 114 71 297 1 297 184 410 297 184 297 184 410 410 410 71 71 297 1 71 410 410 71 297 410 297 410 71 2 184 297 184 115 297 297 184 297 114 184 297 184 71 115 71 410 1 184 184 184 184 410 184 410 184 184 1 71 184 2 2 297 114 184 184 410 297 297 115 410 297 1 410 71 184 114 410 184 71 297 184 410 297 297 1 114 410 410 184 297 297 297 1 184 115 184 114 410 114 297 71 71 410 410 184 184 184 297 71 71 297 410 71 71 1 297 184 71 184 115 1 71 410 1 71 410 297 410 2 410 297 71 410 114 410 297 410 410 
c [Incremental] Max used label: 410.
c [Incremental] Label 410 is removed from searching.
c [Incremental] Solving for max label = 409:
c [Incremental] Solving duration: 536 ms.
s [Incremental] SAT (label = 409).
c [Incremental] Label assignment: 409 183 1 183 183 296 1 409 1 1 409 409 1 296 183 114 296 409 409 114 1 1 296 114 1 2 114 183 1 183 296 409 1 409 296 1 183 409 296 183 296 296 409 409 296 409 183 1 296 296 227 296 296 1 409 296 1 409 409 296 1 183 296 296 296 409 114 183 296 296 70 409 409 183 296 409 1 409 296 1 114 409 114 183 296 296 1 1 409 409 409 70 183 114 1 296 409 1 183 409 409 70 296 409 183 409 183 409 2 409 296 296 409 296 183 1 2 1 228 409 1 114 409 409 1 114 183 296 296 2 296 70 1 183 183 183 409 183 1 409 409 114 1 183 296 296 114 183 409 409 1 296 1 296 183 114 228 227 296 296 409 183 228 183 296 409 1 296 70 115 296 296 409 114 409 1 70 70 183 296 296 409 114 409 296 296 296 114 409 409 409 409 70 183 1 409 296 2 1 183 70 183 183 183 409 183 70 409 1 183 409 183 70 409 70 296 409 183 70 1 296 114 409 296 183 296 114 183 296 70 1 183 183 409 296 409 409 296 114 296 296 70 2 114 2 296 296 409 227 183 183 409 409 409 409 183 296 409 70 296 296 296 70 296 114 296 183 409 296 409 183 183 409 1 183 409 409 296 1 183 70 2 114 409 227 409 70 409 70 296 183 183 1 1 296 70 409 115 409 296 409 183 409 296 409 296 228 296 409 409 2 1 183 70 70 114 1 70 296 1 296 296 1 183 409 183 409 296 296 183 1 183 296 227 409 296 70 409 409 115 409 296 296 2 70 296 114 1 296 409 296 1 409 1 183 115 296 296 1 1 409 409 1 409 296 296 409 409 296 70 409 2 409 409 70 1 409 409 1 70 183 296 296 114 183 115 1 409 296 183 70 296 70 1 296 409 1 409 409 183 296 1 1 409 70 409 409 183 1 183 1 70 183 70 409 296 409 183 296 409 70 183 183 70 296 296 228 183 296 1 70 183 1 183 409 409 296 296 2 183 409 1 1 1 409 409 296 183 183 409 409 296 409 296 409 183 114 70 296 1 296 183 409 296 183 296 183 409 409 409 70 70 296 1 70 409 409 70 296 409 296 409 70 2 183 296 183 115 296 296 183 296 114 183 296 183 70 115 70 409 1 183 183 183 183 409 183 409 183 183 1 70 183 2 2 296 114 183 183 409 296 296 115 409 296 1 409 70 183 114 409 183 70 296 183 409 296 296 1 114 409 409 183 296 296 296 1 183 115 183 114 409 114 296 70 70 409 409 183 183 183 296 70 70 296 409 70 70 1 296 183 70 183 115 1 70 409 1 70 409 296 409 2 409 296 70 409 114 409 296 409 409 
c [Incremental] Max used label: 409.
c [Incremental] Label 409 is removed from searching.
c [Incremental] Solving for max label = 408:
c [Incremental] Solving duration: 524 ms.
s [Incremental] SAT (label = 408).
c [Incremental] Label assignment: 408 182 1 182 182 295 1 408 1 1 408 408 1 295 182 114 295 408 408 114 1 1 295 114 1 2 114 182 1 182 295 408 1 408 295 1 182 408 295 182 295 295 408 408 295 408 182 1 295 295 227 295 295 1 408 295 1 408 408 295 1 182 295 295 295 408 114 182 295 295 69 408 408 182 295 408 1 408 295 1 114 408 114 182 295 295 1 1 408 408 408 69 182 114 1 295 408 1 182 408 408 69 295 408 182 408 182 408 2 408 295 295 408 295 182 1 2 1 228 408 1 114 408 408 1 114 182 295 295 2 295 69 1 182 182 182 408 182 1 408 408 114 1 182 295 295 114 182 408 408 1 295 1 295 182 114 228 227 295 295 408 182 228 182 295 408 1 295 69 115 295 295 408 114 408 1 69 69 182 295 295 408 114 408 295 295 295 114 408 408 408 408 69 182 1 408 295 2 1 182 69 182 182 182 408 182 69 408 1 182 408 182 69 408 69 295 408 182 69 1 295 114 408 295 182 295 114 182 295 69 1 182 182 408 295 408 408 295 114 295 295 69 2 114 2 295 295 408 227 182 182 408 408 408 408 182 295 408 69 295 295 295 69 295 114 295 182 408 295 408 182 182 408 1 182 408 408 295 1 182 69 2 114 408 227 408 69 408 69 295 182 182 1 1 295 69 408 115 408 295 408 182 408 295 408 295 228 295 408 408 2 1 182 69 69 114 1 69 295 1 295 295 1 182 408 182 408 295 295 182 1 182 295 227 408 295 69 408 408 115 408 295 295 2 69 295 114 1 295 408 295 1 408 1 182 115 295 295 1 1 408 408 1 408 295 295 408 408 295 69 408 2 408 408 69 1 408 408 1 69 182 295 295 114 182 115 1 408 295 182 69 295 69 1 295 408 1 408 408 182 295 1 1 408 69 408 408 182 1 182 1 69 182 69 408 295 408 182 295 408 69 182 182 69 295 295 228 182 295 1 69 182 1 182 408 408 295 295 2 182 408 1 1 1 408 408 295 182 182 408 408 295 408 295 408 182 114 69 295 1 295 182 408 295 182 295 182 408 408 408 69 69 295 1 69 408 408 69 295 408 295 408 69 2 182 295 182 115 295 295 182 295 114 182 295 182 69 115 69 408 1 182 182 182 182 408 182 408 182 182 1 69 182 2 2 295 114 182 182 408 295 295 115 408 295 1 408 69 182 114 408 182 69 295 182 408 295 295 1 114 408 408 182 295 295 295 1 182 115 182 114 408 114 295 69 69 408 408 182 182 182 295 69 69 295 408 69 69 1 295 182 69 182 115 1 69 408 1 69 408 295 408 2 408 295 69 408 114 408 295 408 408 
c [Incremental] Max used label: 408.
c [Incremental] Label 408 is removed from searching.
c [Incremental] Solving for max label = 407:
c [Incremental] Solving duration: 539 ms.
s [Incremental] SAT (label = 407).
c [Incremental] Label assignment: 407 181 1 181 181 294 1 407 1 1 407 407 1 294 181 114 294 407 407 114 1 1 294 114 1 2 114 181 1 181 294 407 1 407 294 1 181 407 294 181 294 294 407 407 294 407 181 1 294 294 227 294 294 1 407 294 1 407 407 294 1 181 294 294 294 407 114 181 294 294 68 407 407 181 294 407 1 407 294 1 114 407 114 181 294 294 1 1 407 407 407 68 181 114 1 294 407 1 181 407 407 68 294 407 181 407 181 407 2 407 294 294 407 294 181 1 2 1 228 407 1 114 407 407 1 114 181 294 294 2 294 68 1 181 181 181 407 181 1 407 407 114 1 181 294 294 114 181 407 407 1 294 1 294 181 114 228 227 294 294 407 181 228 181 294 407 1 294 68 115 294 294 407 114 407 1 68 68 181 294 294 407 114 407 294 294 294 114 407 407 407 407 68 181 1 407 294 2 1 181 68 181 181 181 407 181 68 407 1 181 407 181 68 407 68 294 407 181 68 1 294 114 407 294 181 294 114 181 294 68 1 181 181 407 294 407 407 294 114 294 294 68 2 114 2 294 294 407 227 181 181 407 407 407 407 181 294 407 68 294 294 294 68 294 114 294 181 407 294 407 181 181 407 1 181 407 407 294 1 181 68 2 114 407 227 407 68 407 68 294 181 181 1 1 294 68 407 115 407 294 407 181 407 294 407 294 228 294 407 407 2 1 181 68 68 114 1 68 294 1 294 294 1 181 407 181 407 294 294 181 1 181 294 227 407 294 68 407 407 115 407 294 294 2 68 294 114 1 294 407 294 1 407 1 181 115 294 294 1 1 407 407 1 407 294 294 407 407 294 68 407 2 407 407 68 1 407 407 1 68 181 294 294 114 181 115 1 407 294 181 68 294 68 1 294 407 1 407 407 181 294 1 1 407 68 407 407 181 1 181 1 68 181 68 407 294 407 181 294 407 68 181 181 68 294 294 228 181 294 1 68 181 1 181 407 407 294 294 2 181 407 1 1 1 407 407 294 181 181 407 407 294 407 294 407 181 114 68 294 1 294 181 407 294 181 294 181 407 407 407 68 68 294 1 68 407 407 68 294 407 294 407 68 2 181 294 181 115 294 294 181 294 114 181 294 181 68 115 68 407 1 181 181 181 181 407 181 407 181 181 1 68 181 2 2 294 114 181 181 407 294 294 115 407 294 1 407 68 181 114 407 181 68 294 181 407 294 294 1 114 407 407 181 294 294 294 1 181 115 181 114 407 114 294 68 68 407 407 181 181 181 294 68 68 294 407 68 68 1 294 181 68 181 115 1 68 407 1 68 407 294 407 2 407 294 68 407 114 407 294 407 407 
c [Incremental] Max used label: 407.
c [Incremental] Label 407 is removed from searching.
c [Incremental] Solving for max label = 406:
c [Incremental] Solving duration: 505 ms.
s [Incremental] SAT (label = 406).
c [Incremental] Label assignment: 406 180 1 180 180 293 1 406 1 1 406 406 1 293 180 114 293 406 406 114 1 1 293 114 1 2 114 180 1 180 293 406 1 406 293 1 180 406 293 180 293 293 406 406 293 406 180 1 293 293 227 293 293 1 406 293 1 406 406 293 1 180 293 293 293 406 114 180 293 293 67 406 406 180 293 406 1 406 293 1 114 406 114 180 293 293 1 1 406 406 406 67 180 114 1 293 406 1 180 406 406 67 293 406 180 406 180 406 2 406 293 293 406 293 180 1 2 1 228 406 1 114 406 406 1 114 180 293 293 2 293 67 1 180 180 180 406 180 1 406 406 114 1 180 293 293 114 180 406 406 1 293 1 293 180 114 228 227 293 293 406 180 228 180 293 406 1 293 67 115 293 293 406 114 406 1 67 67 180 293 293 406 114 406 293 293 293 114 406 406 406 406 67 180 1 406 293 2 1 180 67 180 180 180 406 180 67 406 1 180 406 180 67 406 67 293 406 180 67 1 293 114 406 293 180 293 114 180 293 67 1 180 180 406 293 406 406 293 114 293 293 67 2 114 2 293 293 406 227 180 180 406 406 406 406 180 293 406 67 293 293 293 67 293 114 293 180 406 293 406 180 180 406 1 180 406 406 293 1 180 67 2 114 406 227 406 67 406 67 293 180 180 1 1 293 67 406 115 406 293 406 180 406 293 406 293 228 293 406 406 2 1 180 67 67 114 1 67 293 1 293 293 1 180 406 180 406 293 293 180 1 180 293 227 406 293 67 406 406 115 406 293 293 2 67 293 114 1 293 406 293 1 406 1 180 115 293 293 1 1 406 406 1 406 293 293 406 406 293 67 406 2 406 406 67 1 406 406 1 67 180 293 293 114 180 115 1 406 293 180 67 293 67 1 293 406 1 406 406 180 293 1 1 406 67 406 406 180 1 180 1 67 180 67 406 293 406 180 293 406 67 180 180 67 293 293 228 180 293 1 67 180 1 180 406 406 293 293 2 180 406 1 1 1 406 406 293 180 180 406 406 293 406 293 406 180 114 67 293 1 293 180 406 293 180 293 180 406 406 406 67 67 293 1 67 406 406 67 293 406 293 406 67 2 180 293 180 115 293 293 180 293 114 180 293 180 67 115 67 406 1 180 180 180 180 406 180 406 180 180 1 67 180 2 2 293 114 180 180 406 293 293 115 406 293 1 406 67 180 114 406 180 67 293 180 406 293 293 1 114 406 406 180 293 293 293 1 180 115 180 114 406 114 293 67 67 406 406 180 180 180 293 67 67 293 406 67 67 1 293 180 67 180 115 1 67 406 1 67 406 293 406 2 406 293 67 406 114 406 293 406 406 
c [Incremental] Max used label: 406.
c [Incremental] Label 406 is removed from searching.
c [Incremental] Solving for max label = 405:
c [Incremental] Solving duration: 512 ms.
s [Incremental] SAT (label = 405).
c [Incremental] Label assignment: 405 179 1 179 179 292 1 405 1 1 405 405 1 292 179 114 292 405 405 114 1 1 292 114 1 2 114 179 1 179 292 405 1 405 292 1 179 405 292 179 292 292 405 405 292 405 179 1 292 292 227 292 292 1 405 292 1 405 405 292 1 179 292 292 292 405 114 179 292 292 66 405 405 179 292 405 1 405 292 1 114 405 114 179 292 292 1 1 405 405 405 66 179 114 1 292 405 1 179 405 405 66 292 405 179 405 179 405 2 405 292 292 405 292 179 1 2 1 228 405 1 114 405 405 1 114 179 292 292 2 292 66 1 179 179 179 405 179 1 405 405 114 1 179 292 292 114 179 405 405 1 292 1 292 179 114 228 227 292 292 405 179 228 179 292 405 1 292 66 115 292 292 405 114 405 1 66 66 179 292 292 405 114 405 292 292 292 114 405 405 405 405 66 179 1 405 292 2 1 179 66 179 179 179 405 179 66 405 1 179 405 179 66 405 66 292 405 179 66 1 292 114 405 292 179 292 114 179 292 66 1 179 179 405 292 405 405 292 114 292 292 66 2 114 2 292 292 405 227 179 179 405 405 405 405 179 292 405 66 292 292 292 66 292 114 292 179 405 292 405 179 179 405 1 179 405 405 292 1 179 66 2 114 405 227 405 66 405 66 292 179 179 1 1 292 66 405 115 405 292 405 179 405 292 405 292 228 292 405 405 2 1 179 66 66 114 1 66 292 1 292 292 1 179 405 179 405 292 292 179 1 179 292 227 405 292 66 405 405 115 405 292 292 2 66 292 114 1 292 405 292 1 405 1 179 115 292 292 1 1 405 405 1 405 292 292 405 405 292 66 405 2 405 405 66 1 405 405 1 66 179 292 292 114 179 115 1 405 292 179 66 292 66 1 292 405 1 405 405 179 292 1 1 405 66 405 405 179 1 179 1 66 179 66 405 292 405 179 292 405 66 179 179 66 292 292 228 179 292 1 66 179 1 179 405 405 292 292 2 179 405 1 1 1 405 405 292 179 179 405 405 292 405 292 405 179 114 66 292 1 292 179 405 292 179 292 179 405 405 405 66 66 292 1 66 405 405 66 292 405 292 405 66 2 179 292 179 115 292 292 179 292 114 179 292 179 66 115 66 405 1 179 179 179 179 405 179 405 179 179 1 66 179 2 2 292 114 179 179 405 292 292 115 405 292 1 405 66 179 114 405 179 66 292 179 405 292 292 1 114 405 405 179 292 292 292 1 179 115 179 114 405 114 292 66 66 405 405 179 179 179 292 66 66 292 405 66 66 1 292 179 66 179 115 1 66 405 1 66 405 292 405 2 405 292 66 405 114 405 292 405 405 
c [Incremental] Max used label: 405.
c [Incremental] Label 405 is removed from searching.
c [Incremental] Solving for max label = 404:
c [Incremental] Solving duration: 508 ms.
s [Incremental] SAT (label = 404).
c [Incremental] Label assignment: 404 178 1 178 178 291 1 404 1 1 404 404 1 291 178 114 291 404 404 114 1 1 291 114 1 2 114 178 1 178 291 404 1 404 291 1 178 404 291 178 291 291 404 404 291 404 178 1 291 291 227 291 291 1 404 291 1 404 404 291 1 178 291 291 291 404 114 178 291 291 65 404 404 178 291 404 1 404 291 1 114 404 114 178 291 291 1 1 404 404 404 65 178 114 1 291 404 1 178 404 404 65 291 404 178 404 178 404 2 404 291 291 404 291 178 1 2 1 228 404 1 114 404 404 1 114 178 291 291 2 291 65 1 178 178 178 404 178 1 404 404 114 1 178 291 291 114 178 404 404 1 291 1 291 178 114 228 227 291 291 404 178 228 178 291 404 1 291 65 115 291 291 404 114 404 1 65 65 178 291 291 404 114 404 291 291 291 114 404 404 404 404 65 178 1 404 291 2 1 178 65 178 178 178 404 178 65 404 1 178 404 178 65 404 65 291 404 178 65 1 291 114 404 291 178 291 114 178 291 65 1 178 178 404 291 404 404 291 114 291 291 65 2 114 2 291 291 404 227 178 178 404 404 404 404 178 291 404 65 291 291 291 65 291 114 291 178 404 291 404 178 178 404 1 178 404 404 291 1 178 65 2 114 404 227 404 65 404 65 291 178 178 1 1 291 65 404 115 404 291 404 178 404 291 404 291 228 291 404 404 2 1 178 65 65 114 1 65 291 1 291 291 1 178 404 178 404 291 291 178 1 178 291 227 404 291 65 404 404 115 404 291 291 2 65 291 114 1 291 404 291 1 404 1 178 115 291 291 1 1 404 404 1 404 291 291 404 404 291 65 404 2 404 404 65 1 404 404 1 65 178 291 291 114 178 115 1 404 291 178 65 291 65 1 291 404 1 404 404 178 291 1 1 404 65 404 404 178 1 178 1 65 178 65 404 291 404 178 291 404 65 178 178 65 291 291 228 178 291 1 65 178 1 178 404 404 291 291 2 178 404 1 1 1 404 404 291 178 178 404 404 291 404 291 404 178 114 65 291 1 291 178 404 291 178 291 178 404 404 404 65 65 291 1 65 404 404 65 291 404 291 404 65 2 178 291 178 115 291 291 178 291 114 178 291 178 65 115 65 404 1 178 178 178 178 404 178 404 178 178 1 65 178 2 2 291 114 178 178 404 291 291 115 404 291 1 404 65 178 114 404 178 65 291 178 404 291 291 1 114 404 404 178 291 291 291 1 178 115 178 114 404 114 291 65 65 404 404 178 178 178 291 65 65 291 404 65 65 1 291 178 65 178 115 1 65 404 1 65 404 291 404 2 404 291 65 404 114 404 291 404 404 
c [Incremental] Max used label: 404.
c [Incremental] Label 404 is removed from searching.
c [Incremental] Solving for max label = 403:
c [Incremental] Solving duration: 501 ms.
s [Incremental] SAT (label = 403).
c [Incremental] Label assignment: 403 177 1 177 177 290 1 403 1 1 403 403 1 290 177 114 290 403 403 114 1 1 290 114 1 2 114 177 1 177 290 403 1 403 290 1 177 403 290 177 290 290 403 403 290 403 177 1 290 290 227 290 290 1 403 290 1 403 403 290 1 177 290 290 290 403 114 177 290 290 64 403 403 177 290 403 1 403 290 1 114 403 114 177 290 290 1 1 403 403 403 64 177 114 1 290 403 1 177 403 403 64 290 403 177 403 177 403 2 403 290 290 403 290 177 1 2 1 228 403 1 114 403 403 1 114 177 290 290 2 290 64 1 177 177 177 403 177 1 403 403 114 1 177 290 290 114 177 403 403 1 290 1 290 177 114 228 227 290 290 403 177 228 177 290 403 1 290 64 115 290 290 403 114 403 1 64 64 177 290 290 403 114 403 290 290 290 114 403 403 403 403 64 177 1 403 290 2 1 177 64 177 177 177 403 177 64 403 1 177 403 177 64 403 64 290 403 177 64 1 290 114 403 290 177 290 114 177 290 64 1 177 177 403 290 403 403 290 114 290 290 64 2 114 2 290 290 403 227 177 177 403 403 403 403 177 290 403 64 290 290 290 64 290 114 290 177 403 290 403 177 177 403 1 177 403 403 290 1 177 64 2 114 403 227 403 64 403 64 290 177 177 1 1 290 64 403 115 403 290 403 177 403 290 403 290 228 290 403 403 2 1 177 64 64 114 1 64 290 1 290 290 1 177 403 177 403 290 290 177 1 177 290 227 403 290 64 403 403 115 403 290 290 2 64 290 114 1 290 403 290 1 403 1 177 115 290 290 1 1 403 403 1 403 290 290 403 403 290 64 403 2 403 403 64 1 403 403 1 64 177 290 290 114 177 115 1 403 290 177 64 290 64 1 290 403 1 403 403 177 290 1 1 403 64 403 403 177 1 177 1 64 177 64 403 290 403 177 290 403 64 177 177 64 290 290 228 177 290 1 64 177 1 177 403 403 290 290 2 177 403 1 1 1 403 403 290 177 177 403 403 290 403 290 403 177 114 64 290 1 290 177 403 290 177 290 177 403 403 403 64 64 290 1 64 403 403 64 290 403 290 403 64 2 177 290 177 115 290 290 177 290 114 177 290 177 64 115 64 403 1 177 177 177 177 403 177 403 177 177 1 64 177 2 2 290 114 177 177 403 290 290 115 403 290 1 403 64 177 114 403 177 64 290 177 403 290 290 1 114 403 403 177 290 290 290 1 177 115 177 114 403 114 290 64 64 403 403 177 177 177 290 64 64 290 403 64 64 1 290 177 64 177 115 1 64 403 1 64 403 290 403 2 403 290 64 403 114 403 290 403 403 
c [Incremental] Max used label: 403.
c [Incremental] Label 403 is removed from searching.
c [Incremental] Solving for max label = 402:
c [Incremental] Solving duration: 509 ms.
s [Incremental] SAT (label = 402).
c [Incremental] Label assignment: 402 176 1 176 176 289 1 402 1 1 402 402 1 289 176 114 289 402 402 114 1 1 289 114 1 2 114 176 1 176 289 402 1 402 289 1 176 402 289 176 289 289 402 402 289 402 176 1 289 289 227 289 289 1 402 289 1 402 402 289 1 176 289 289 289 402 114 176 289 289 63 402 402 176 289 402 1 402 289 1 114 402 114 176 289 289 1 1 402 402 402 63 176 114 1 289 402 1 176 402 402 63 289 402 176 402 176 402 2 402 289 289 402 289 176 1 2 1 228 402 1 114 402 402 1 114 176 289 289 2 289 63 1 176 176 176 402 176 1 402 402 114 1 176 289 289 114 176 402 402 1 289 1 289 176 114 228 227 289 289 402 176 228 176 289 402 1 289 63 115 289 289 402 114 402 1 63 63 176 289 289 402 114 402 289 289 289 114 402 402 402 402 63 176 1 402 289 2 1 176 63 176 176 176 402 176 63 402 1 176 402 176 63 402 63 289 402 176 63 1 289 114 402 289 176 289 114 176 289 63 1 176 176 402 289 402 402 289 114 289 289 63 2 114 2 289 289 402 227 176 176 402 402 402 402 176 289 402 63 289 289 289 63 289 114 289 176 402 289 402 176 176 402 1 176 402 402 289 1 176 63 2 114 402 227 402 63 402 63 289 176 176 1 1 289 63 402 115 402 289 402 176 402 289 402 289 228 289 402 402 2 1 176 63 63 114 1 63 289 1 289 289 1 176 402 176 402 289 289 176 1 176 289 227 402 289 63 402 402 115 402 289 289 2 63 289 114 1 289 402 289 1 402 1 176 115 289 289 1 1 402 402 1 402 289 289 402 402 289 63 402 2 402 402 63 1 402 402 1 63 176 289 289 114 176 115 1 402 289 176 63 289 63 1 289 402 1 402 402 176 289 1 1 402 63 402 402 176 1 176 1 63 176 63 402 289 402 176 289 402 63 176 176 63 289 289 228 176 289 1 63 176 1 176 402 402 289 289 2 176 402 1 1 1 402 402 289 176 176 402 402 289 402 289 402 176 114 63 289 1 289 176 402 289 176 289 176 402 402 402 63 63 289 1 63 402 402 63 289 402 289 402 63 2 176 289 176 115 289 289 176 289 114 176 289 176 63 115 63 402 1 176 176 176 176 402 176 402 176 176 1 63 176 2 2 289 114 176 176 402 289 289 115 402 289 1 402 63 176 114 402 176 63 289 176 402 289 289 1 114 402 402 176 289 289 289 1 176 115 176 114 402 114 289 63 63 402 402 176 176 176 289 63 63 289 402 63 63 1 289 176 63 176 115 1 63 402 1 63 402 289 402 2 402 289 63 402 114 402 289 402 402 
c [Incremental] Max used label: 402.
c [Incremental] Label 402 is removed from searching.
c [Incremental] Solving for max label = 401:
c [Incremental] Solving duration: 502 ms.
s [Incremental] SAT (label = 401).
c [Incremental] Label assignment: 401 175 1 175 175 288 1 401 1 1 401 401 1 288 175 114 288 401 401 114 1 1 288 114 1 2 114 175 1 175 288 401 1 401 288 1 175 401 288 175 288 288 401 401 288 401 175 1 288 288 227 288 288 1 401 288 1 401 401 288 1 175 288 288 288 401 114 175 288 288 62 401 401 175 288 401 1 401 288 1 114 401 114 175 288 288 1 1 401 401 401 62 175 114 1 288 401 1 175 401 401 62 288 401 175 401 175 401 2 401 288 288 401 288 175 1 2 1 228 401 1 114 401 401 1 114 175 288 288 2 288 62 1 175 175 175 401 175 1 401 401 114 1 175 288 288 114 175 401 401 1 288 1 288 175 114 228 227 288 288 401 175 228 175 288 401 1 288 62 115 288 288 401 114 401 1 62 62 175 288 288 401 114 401 288 288 288 114 401 401 401 401 62 175 1 401 288 2 1 175 62 175 175 175 401 175 62 401 1 175 401 175 62 401 62 288 401 175 62 1 288 114 401 288 175 288 114 175 288 62 1 175 175 401 288 401 401 288 114 288 288 62 2 114 2 288 288 401 227 175 175 401 401 401 401 175 288 401 62 288 288 288 62 288 114 288 175 401 288 401 175 175 401 1 175 401 401 288 1 175 62 2 114 401 227 401 62 401 62 288 175 175 1 1 288 62 401 115 401 288 401 175 401 288 401 288 228 288 401 401 2 1 175 62 62 114 1 62 288 1 288 288 1 175 401 175 401 288 288 175 1 175 288 227 401 288 62 401 401 115 401 288 288 2 62 288 114 1 288 401 288 1 401 1 175 115 288 288 1 1 401 401 1 401 288 288 401 401 288 62 401 2 401 401 62 1 401 401 1 62 175 288 288 114 175 115 1 401 288 175 62 288 62 1 288 401 1 401 401 175 288 1 1 401 62 401 401 175 1 175 1 62 175 62 401 288 401 175 288 401 62 175 175 62 288 288 228 175 288 1 62 175 1 175 401 401 288 288 2 175 401 1 1 1 401 401 288 175 175 401 401 288 401 288 401 175 114 62 288 1 288 175 401 288 175 288 175 401 401 401 62 62 288 1 62 401 401 62 288 401 288 401 62 2 175 288 175 115 288 288 175 288 114 175 288 175 62 115 62 401 1 175 175 175 175 401 175 401 175 175 1 62 175 2 2 288 114 175 175 401 288 288 115 401 288 1 401 62 175 114 401 175 62 288 175 401 288 288 1 114 401 401 175 288 288 288 1 175 115 175 114 401 114 288 62 62 401 401 175 175 175 288 62 62 288 401 62 62 1 288 175 62 175 115 1 62 401 1 62 401 288 401 2 401 288 62 401 114 401 288 401 401 
c [Incremental] Max used label: 401.
c [Incremental] Label 401 is removed from searching.
c [Incremental] Solving for max label = 400:
c [Incremental] Solving duration: 498 ms.
s [Incremental] SAT (label = 400).
c [Incremental] Label assignment: 400 174 1 174 174 287 1 400 1 1 400 400 1 287 174 114 287 400 400 114 1 1 287 114 1 2 114 174 1 174 287 400 1 400 287 1 174 400 287 174 287 287 400 400 287 400 174 1 287 287 227 287 287 1 400 287 1 400 400 287 1 174 287 287 287 400 114 174 287 287 61 400 400 174 287 400 1 400 287 1 114 400 114 174 287 287 1 1 400 400 400 61 174 114 1 287 400 1 174 400 400 61 287 400 174 400 174 400 2 400 287 287 400 287 174 1 2 1 228 400 1 114 400 400 1 114 174 287 287 2 287 61 1 174 174 174 400 174 1 400 400 114 1 174 287 287 114 174 400 400 1 287 1 287 174 114 228 227 287 287 400 174 228 174 287 400 1 287 61 115 287 287 400 114 400 1 61 61 174 287 287 400 114 400 287 287 287 114 400 400 400 400 61 174 1 400 287 2 1 174 61 174 174 174 400 174 61 400 1 174 400 174 61 400 61 287 400 174 61 1 287 114 400 287 174 287 114 174 287 61 1 174 174 400 287 400 400 287 114 287 287 61 2 114 2 287 287 400 227 174 174 400 400 400 400 174 287 400 61 287 287 287 61 287 114 287 174 400 287 400 174 174 400 1 174 400 400 287 1 174 61 2 114 400 227 400 61 400 61 287 174 174 1 1 287 61 400 115 400 287 400 174 400 287 400 287 228 287 400 400 2 1 174 61 61 114 1 61 287 1 287 287 1 174 400 174 400 287 287 174 1 174 287 227 400 287 61 400 400 115 400 287 287 2 61 287 114 1 287 400 287 1 400 1 174 115 287 287 1 1 400 400 1 400 287 287 400 400 287 61 400 2 400 400 61 1 400 400 1 61 174 287 287 114 174 115 1 400 287 174 61 287 61 1 287 400 1 400 400 174 287 1 1 400 61 400 400 174 1 174 1 61 174 61 400 287 400 174 287 400 61 174 174 61 287 287 228 174 287 1 61 174 1 174 400 400 287 287 2 174 400 1 1 1 400 400 287 174 174 400 400 287 400 287 400 174 114 61 287 1 287 174 400 287 174 287 174 400 400 400 61 61 287 1 61 400 400 61 287 400 287 400 61 2 174 287 174 115 287 287 174 287 114 174 287 174 61 115 61 400 1 174 174 174 174 400 174 400 174 174 1 61 174 2 2 287 114 174 174 400 287 287 115 400 287 1 400 61 174 114 400 174 61 287 174 400 287 287 1 114 400 400 174 287 287 287 1 174 115 174 114 400 114 287 61 61 400 400 174 174 174 287 61 61 287 400 61 61 1 287 174 61 174 115 1 61 400 1 61 400 287 400 2 400 287 61 400 114 400 287 400 400 
c [Incremental] Max used label: 400.
c [Incremental] Label 400 is removed from searching.
c [Incremental] Solving for max label = 399:
c [Incremental] Solving duration: 508 ms.
s [Incremental] SAT (label = 399).
c [Incremental] Label assignment: 399 173 1 173 173 286 1 399 1 1 399 399 1 286 173 114 286 399 399 114 1 1 286 114 1 2 114 173 1 173 286 399 1 399 286 1 173 399 286 173 286 286 399 399 286 399 173 1 286 286 227 286 286 1 399 286 1 399 399 286 1 173 286 286 286 399 114 173 286 286 60 399 399 173 286 399 1 399 286 1 114 399 114 173 286 286 1 1 399 399 399 60 173 114 1 286 399 1 173 399 399 60 286 399 173 399 173 399 2 399 286 286 399 286 173 1 2 1 228 399 1 114 399 399 1 114 173 286 286 2 286 60 1 173 173 173 399 173 1 399 399 114 1 173 286 286 114 173 399 399 1 286 1 286 173 114 228 227 286 286 399 173 228 173 286 399 1 286 60 115 286 286 399 114 399 1 60 60 173 286 286 399 114 399 286 286 286 114 399 399 399 399 60 173 1 399 286 2 1 173 60 173 173 173 399 173 60 399 1 173 399 173 60 399 60 286 399 173 60 1 286 114 399 286 173 286 114 173 286 60 1 173 173 399 286 399 399 286 114 286 286 60 2 114 2 286 286 399 227 173 173 399 399 399 399 173 286 399 60 286 286 286 60 286 114 286 173 399 286 399 173 173 399 1 173 399 399 286 1 173 60 2 114 399 227 399 60 399 60 286 173 173 1 1 286 60 399 115 399 286 399 173 399 286 399 286 228 286 399 399 2 1 173 60 60 114 1 60 286 1 286 286 1 173 399 173 399 286 286 173 1 173 286 227 399 286 60 399 399 115 399 286 286 2 60 286 114 1 286 399 286 1 399 1 173 115 286 286 1 1 399 399 1 399 286 286 399 399 286 60 399 2 399 399 60 1 399 399 1 60 173 286 286 114 173 115 1 399 286 173 60 286 60 1 286 399 1 399 399 173 286 1 1 399 60 399 399 173 1 173 1 60 173 60 399 286 399 173 286 399 60 173 173 60 286 286 228 173 286 1 60 173 1 173 399 399 286 286 2 173 399 1 1 1 399 399 286 173 173 399 399 286 399 286 399 173 114 60 286 1 286 173 399 286 173 286 173 399 399 399 60 60 286 1 60 399 399 60 286 399 286 399 60 2 173 286 173 115 286 286 173 286 114 173 286 173 60 115 60 399 1 173 173 173 173 399 173 399 173 173 1 60 173 2 2 286 114 173 173 399 286 286 115 399 286 1 399 60 173 114 399 173 60 286 173 399 286 286 1 114 399 399 173 286 286 286 1 173 115 173 114 399 114 286 60 60 399 399 173 173 173 286 60 60 286 399 60 60 1 286 173 60 173 115 1 60 399 1 60 399 286 399 2 399 286 60 399 114 399 286 399 399 
c [Incremental] Max used label: 399.
c [Incremental] Label 399 is removed from searching.
c [Incremental] Solving for max label = 398:
c [Incremental] Solving duration: 545 ms.
s [Incremental] SAT (label = 398).
c [Incremental] Label assignment: 398 172 1 172 172 285 1 398 1 1 398 398 1 285 172 114 285 398 398 114 1 1 285 114 1 2 114 172 1 172 285 398 1 398 285 1 172 398 285 172 285 285 398 398 285 398 172 1 285 285 227 285 285 1 398 285 1 398 398 285 1 172 285 285 285 398 114 172 285 285 59 398 398 172 285 398 1 398 285 1 114 398 114 172 285 285 1 1 398 398 398 59 172 114 1 285 398 1 172 398 398 59 285 398 172 398 172 398 2 398 285 285 398 285 172 1 2 1 228 398 1 114 398 398 1 114 172 285 285 2 285 59 1 172 172 172 398 172 1 398 398 114 1 172 285 285 114 172 398 398 1 285 1 285 172 114 228 227 285 285 398 172 228 172 285 398 1 285 59 115 285 285 398 114 398 1 59 59 172 285 285 398 114 398 285 285 285 114 398 398 398 398 59 172 1 398 285 2 1 172 59 172 172 172 398 172 59 398 1 172 398 172 59 398 59 285 398 172 59 1 285 114 398 285 172 285 114 172 285 59 1 172 172 398 285 398 398 285 114 285 285 59 2 114 2 285 285 398 227 172 172 398 398 398 398 172 285 398 59 285 285 285 59 285 114 285 172 398 285 398 172 172 398 1 172 398 398 285 1 172 59 2 114 398 227 398 59 398 59 285 172 172 1 1 285 59 398 115 398 285 398 172 398 285 398 285 228 285 398 398 2 1 172 59 59 114 1 59 285 1 285 285 1 172 398 172 398 285 285 172 1 172 285 227 398 285 59 398 398 115 398 285 285 2 59 285 114 1 285 398 285 1 398 1 172 115 285 285 1 1 398 398 1 398 285 285 398 398 285 59 398 2 398 398 59 1 398 398 1 59 172 285 285 114 172 115 1 398 285 172 59 285 59 1 285 398 1 398 398 172 285 1 1 398 59 398 398 172 1 172 1 59 172 59 398 285 398 172 285 398 59 172 172 59 285 285 228 172 285 1 59 172 1 172 398 398 285 285 2 172 398 1 1 1 398 398 285 172 172 398 398 285 398 285 398 172 114 59 285 1 285 172 398 285 172 285 172 398 398 398 59 59 285 1 59 398 398 59 285 398 285 398 59 2 172 285 172 115 285 285 172 285 114 172 285 172 59 115 59 398 1 172 172 172 172 398 172 398 172 172 1 59 172 2 2 285 114 172 172 398 285 285 115 398 285 1 398 59 172 114 398 172 59 285 172 398 285 285 1 114 398 398 172 285 285 285 1 172 115 172 114 398 114 285 59 59 398 398 172 172 172 285 59 59 285 398 59 59 1 285 172 59 172 115 1 59 398 1 59 398 285 398 2 398 285 59 398 114 398 285 398 398 
c [Incremental] Max used label: 398.
c [Incremental] Label 398 is removed from searching.
c [Incremental] Solving for max label = 397:
c [Incremental] Solving duration: 582 ms.
s [Incremental] SAT (label = 397).
c [Incremental] Label assignment: 397 171 1 171 171 284 1 397 1 1 397 397 1 284 171 114 284 397 397 114 1 1 284 114 1 2 114 171 1 171 284 397 1 397 284 1 171 397 284 171 284 284 397 397 284 397 171 1 284 284 227 284 284 1 397 284 1 397 397 284 1 171 284 284 284 397 114 171 284 284 58 397 397 171 284 397 1 397 284 1 114 397 114 171 284 284 1 1 397 397 397 58 171 114 1 284 397 1 171 397 397 58 284 397 171 397 171 397 2 397 284 284 397 284 171 1 2 1 228 397 1 114 397 397 1 114 171 284 284 2 284 58 1 171 171 171 397 171 1 397 397 114 1 171 284 284 114 171 397 397 1 284 1 284 171 114 228 227 284 284 397 171 228 171 284 397 1 284 58 115 284 284 397 114 397 1 58 58 171 284 284 397 114 397 284 284 284 114 397 397 397 397 58 171 1 397 284 2 1 171 58 171 171 171 397 171 58 397 1 171 397 171 58 397 58 284 397 171 58 1 284 114 397 284 171 284 114 171 284 58 1 171 171 397 284 397 397 284 114 284 284 58 2 114 2 284 284 397 227 171 171 397 397 397 397 171 284 397 58 284 284 284 58 284 114 284 171 397 284 397 171 171 397 1 171 397 397 284 1 171 58 2 114 397 227 397 58 397 58 284 171 171 1 1 284 58 397 115 397 284 397 171 397 284 397 284 228 284 397 397 2 1 171 58 58 114 1 58 284 1 284 284 1 171 397 171 397 284 284 171 1 171 284 227 397 284 58 397 397 115 397 284 284 2 58 284 114 1 284 397 284 1 397 1 171 115 284 284 1 1 397 397 1 397 284 284 397 397 284 58 397 2 397 397 58 1 397 397 1 58 171 284 284 114 171 115 1 397 284 171 58 284 58 1 284 397 1 397 397 171 284 1 1 397 58 397 397 171 1 171 1 58 171 58 397 284 397 171 284 397 58 171 171 58 284 284 228 171 284 1 58 171 1 171 397 397 284 284 2 171 397 1 1 1 397 397 284 171 171 397 397 284 397 284 397 171 114 58 284 1 284 171 397 284 171 284 171 397 397 397 58 58 284 1 58 397 397 58 284 397 284 397 58 2 171 284 171 115 284 284 171 284 114 171 284 171 58 115 58 397 1 171 171 171 171 397 171 397 171 171 1 58 171 2 2 284 114 171 171 397 284 284 115 397 284 1 397 58 171 114 397 171 58 284 171 397 284 284 1 114 397 397 171 284 284 284 1 171 115 171 114 397 114 284 58 58 397 397 171 171 171 284 58 58 284 397 58 58 1 284 171 58 171 115 1 58 397 1 58 397 284 397 2 397 284 58 397 114 397 284 397 397 
c [Incremental] Max used label: 397.
c [Incremental] Label 397 is removed from searching.
c [Incremental] Solving for max label = 396:
c [Incremental] Solving duration: 554 ms.
s [Incremental] SAT (label = 396).
c [Incremental] Label assignment: 396 170 1 170 170 283 1 396 1 1 396 396 1 283 170 114 283 396 396 114 1 1 283 114 1 2 114 170 1 170 283 396 1 396 283 1 170 396 283 170 283 283 396 396 283 396 170 1 283 283 227 283 283 1 396 283 1 396 396 283 1 170 283 283 283 396 114 170 283 283 57 396 396 170 283 396 1 396 283 1 114 396 114 170 283 283 1 1 396 396 396 57 170 114 1 283 396 1 170 396 396 57 283 396 170 396 170 396 2 396 283 283 396 283 170 1 2 1 228 396 1 114 396 396 1 114 170 283 283 2 283 57 1 170 170 170 396 170 1 396 396 114 1 170 283 283 114 170 396 396 1 283 1 283 170 114 228 227 283 283 396 170 228 170 283 396 1 283 57 115 283 283 396 114 396 1 57 57 170 283 283 396 114 396 283 283 283 114 396 396 396 396 57 170 1 396 283 2 1 170 57 170 170 170 396 170 57 396 1 170 396 170 57 396 57 283 396 170 57 1 283 114 396 283 170 283 114 170 283 57 1 170 170 396 283 396 396 283 114 283 283 57 2 114 2 283 283 396 227 170 170 396 396 396 396 170 283 396 57 283 283 283 57 283 114 283 170 396 283 396 170 170 396 1 170 396 396 283 1 170 57 2 114 396 227 396 57 396 57 283 170 170 1 1 283 57 396 115 396 283 396 170 396 283 396 283 228 283 396 396 2 1 170 57 57 114 1 57 283 1 283 283 1 170 396 170 396 283 283 170 1 170 283 227 396 283 57 396 396 115 396 283 283 2 57 283 114 1 283 396 283 1 396 1 170 115 283 283 1 1 396 396 1 396 283 283 396 396 283 57 396 2 396 396 57 1 396 396 1 57 170 283 283 114 170 115 1 396 283 170 57 283 57 1 283 396 1 396 396 170 283 1 1 396 57 396 396 170 1 170 1 57 170 57 396 283 396 170 283 396 57 170 170 57 283 283 228 170 283 1 57 170 1 170 396 396 283 283 2 170 396 1 1 1 396 396 283 170 170 396 396 283 396 283 396 170 114 57 283 1 283 170 396 283 170 283 170 396 396 396 57 57 283 1 57 396 396 57 283 396 283 396 57 2 170 283 170 115 283 283 170 283 114 170 283 170 57 115 57 396 1 170 170 170 170 396 170 396 170 170 1 57 170 2 2 283 114 170 170 396 283 283 115 396 283 1 396 57 170 114 396 170 57 283 170 396 283 283 1 114 396 396 170 283 283 283 1 170 115 170 114 396 114 283 57 57 396 396 170 170 170 283 57 57 283 396 57 57 1 283 170 57 170 115 1 57 396 1 57 396 283 396 2 396 283 57 396 114 396 283 396 396 
c [Incremental] Max used label: 396.
c [Incremental] Label 396 is removed from searching.
c [Incremental] Solving for max label = 395:
c [Incremental] Solving duration: 537 ms.
s [Incremental] SAT (label = 395).
c [Incremental] Label assignment: 395 169 1 169 169 282 1 395 1 1 395 395 1 282 169 114 282 395 395 114 1 1 282 114 1 2 114 169 1 169 282 395 1 395 282 1 169 395 282 169 282 282 395 395 282 395 169 1 282 282 227 282 282 1 395 282 1 395 395 282 1 169 282 282 282 395 114 169 282 282 56 395 395 169 282 395 1 395 282 1 114 395 114 169 282 282 1 1 395 395 395 56 169 114 1 282 395 1 169 395 395 56 282 395 169 395 169 395 2 395 282 282 395 282 169 1 2 1 228 395 1 114 395 395 1 114 169 282 282 2 282 56 1 169 169 169 395 169 1 395 395 114 1 169 282 282 114 169 395 395 1 282 1 282 169 114 228 227 282 282 395 169 228 169 282 395 1 282 56 115 282 282 395 114 395 1 56 56 169 282 282 395 114 395 282 282 282 114 395 395 395 395 56 169 1 395 282 2 1 169 56 169 169 169 395 169 56 395 1 169 395 169 56 395 56 282 395 169 56 1 282 114 395 282 169 282 114 169 282 56 1 169 169 395 282 395 395 282 114 282 282 56 2 114 2 282 282 395 227 169 169 395 395 395 395 169 282 395 56 282 282 282 56 282 114 282 169 395 282 395 169 169 395 1 169 395 395 282 1 169 56 2 114 395 227 395 56 395 56 282 169 169 1 1 282 56 395 115 395 282 395 169 395 282 395 282 228 282 395 395 2 1 169 56 56 114 1 56 282 1 282 282 1 169 395 169 395 282 282 169 1 169 282 227 395 282 56 395 395 115 395 282 282 2 56 282 114 1 282 395 282 1 395 1 169 115 282 282 1 1 395 395 1 395 282 282 395 395 282 56 395 2 395 395 56 1 395 395 1 56 169 282 282 114 169 115 1 395 282 169 56 282 56 1 282 395 1 395 395 169 282 1 1 395 56 395 395 169 1 169 1 56 169 56 395 282 395 169 282 395 56 169 169 56 282 282 228 169 282 1 56 169 1 169 395 395 282 282 2 169 395 1 1 1 395 395 282 169 169 395 395 282 395 282 395 169 114 56 282 1 282 169 395 282 169 282 169 395 395 395 56 56 282 1 56 395 395 56 282 395 282 395 56 2 169 282 169 115 282 282 169 282 114 169 282 169 56 115 56 395 1 169 169 169 169 395 169 395 169 169 1 56 169 2 2 282 114 169 169 395 282 282 115 395 282 1 395 56 169 114 395 169 56 282 169 395 282 282 1 114 395 395 169 282 282 282 1 169 115 169 114 395 114 282 56 56 395 395 169 169 169 282 56 56 282 395 56 56 1 282 169 56 169 115 1 56 395 1 56 395 282 395 2 395 282 56 395 114 395 282 395 395 
c [Incremental] Max used label: 395.
c [Incremental] Label 395 is removed from searching.
c [Incremental] Solving for max label = 394:
c [Incremental] Solving duration: 500 ms.
s [Incremental] SAT (label = 394).
c [Incremental] Label assignment: 394 168 1 168 168 281 1 394 1 1 394 394 1 281 168 114 281 394 394 114 1 1 281 114 1 2 114 168 1 168 281 394 1 394 281 1 168 394 281 168 281 281 394 394 281 394 168 1 281 281 227 281 281 1 394 281 1 394 394 281 1 168 281 281 281 394 114 168 281 281 55 394 394 168 281 394 1 394 281 1 114 394 114 168 281 281 1 1 394 394 394 55 168 114 1 281 394 1 168 394 394 55 281 394 168 394 168 394 2 394 281 281 394 281 168 1 2 1 228 394 1 114 394 394 1 114 168 281 281 2 281 55 1 168 168 168 394 168 1 394 394 114 1 168 281 281 114 168 394 394 1 281 1 281 168 114 228 227 281 281 394 168 228 168 281 394 1 281 55 115 281 281 394 114 394 1 55 55 168 281 281 394 114 394 281 281 281 114 394 394 394 394 55 168 1 394 281 2 1 168 55 168 168 168 394 168 55 394 1 168 394 168 55 394 55 281 394 168 55 1 281 114 394 281 168 281 114 168 281 55 1 168 168 394 281 394 394 281 114 281 281 55 2 114 2 281 281 394 227 168 168 394 394 394 394 168 281 394 55 281 281 281 55 281 114 281 168 394 281 394 168 168 394 1 168 394 394 281 1 168 55 2 114 394 227 394 55 394 55 281 168 168 1 1 281 55 394 115 394 281 394 168 394 281 394 281 228 281 394 394 2 1 168 55 55 114 1 55 281 1 281 281 1 168 394 168 394 281 281 168 1 168 281 227 394 281 55 394 394 115 394 281 281 2 55 281 114 1 281 394 281 1 394 1 168 115 281 281 1 1 394 394 1 394 281 281 394 394 281 55 394 2 394 394 55 1 394 394 1 55 168 281 281 114 168 115 1 394 281 168 55 281 55 1 281 394 1 394 394 168 281 1 1 394 55 394 394 168 1 168 1 55 168 55 394 281 394 168 281 394 55 168 168 55 281 281 228 168 281 1 55 168 1 168 394 394 281 281 2 168 394 1 1 1 394 394 281 168 168 394 394 281 394 281 394 168 114 55 281 1 281 168 394 281 168 281 168 394 394 394 55 55 281 1 55 394 394 55 281 394 281 394 55 2 168 281 168 115 281 281 168 281 114 168 281 168 55 115 55 394 1 168 168 168 168 394 168 394 168 168 1 55 168 2 2 281 114 168 168 394 281 281 115 394 281 1 394 55 168 114 394 168 55 281 168 394 281 281 1 114 394 394 168 281 281 281 1 168 115 168 114 394 114 281 55 55 394 394 168 168 168 281 55 55 281 394 55 55 1 281 168 55 168 115 1 55 394 1 55 394 281 394 2 394 281 55 394 114 394 281 394 394 
c [Incremental] Max used label: 394.
c [Incremental] Label 394 is removed from searching.
c [Incremental] Solving for max label = 393:
c [Incremental] Solving duration: 504 ms.
s [Incremental] SAT (label = 393).
c [Incremental] Label assignment: 393 167 1 167 167 280 1 393 1 1 393 393 1 280 167 114 280 393 393 114 1 1 280 114 1 2 114 167 1 167 280 393 1 393 280 1 167 393 280 167 280 280 393 393 280 393 167 1 280 280 227 280 280 1 393 280 1 393 393 280 1 167 280 280 280 393 114 167 280 280 54 393 393 167 280 393 1 393 280 1 114 393 114 167 280 280 1 1 393 393 393 54 167 114 1 280 393 1 167 393 393 54 280 393 167 393 167 393 2 393 280 280 393 280 167 1 2 1 228 393 1 114 393 393 1 114 167 280 280 2 280 54 1 167 167 167 393 167 1 393 393 114 1 167 280 280 114 167 393 393 1 280 1 280 167 114 228 227 280 280 393 167 228 167 280 393 1 280 54 115 280 280 393 114 393 1 54 54 167 280 280 393 114 393 280 280 280 114 393 393 393 393 54 167 1 393 280 2 1 167 54 167 167 167 393 167 54 393 1 167 393 167 54 393 54 280 393 167 54 1 280 114 393 280 167 280 114 167 280 54 1 167 167 393 280 393 393 280 114 280 280 54 2 114 2 280 280 393 227 167 167 393 393 393 393 167 280 393 54 280 280 280 54 280 114 280 167 393 280 393 167 167 393 1 167 393 393 280 1 167 54 2 114 393 227 393 54 393 54 280 167 167 1 1 280 54 393 115 393 280 393 167 393 280 393 280 228 280 393 393 2 1 167 54 54 114 1 54 280 1 280 280 1 167 393 167 393 280 280 167 1 167 280 227 393 280 54 393 393 115 393 280 280 2 54 280 114 1 280 393 280 1 393 1 167 115 280 280 1 1 393 393 1 393 280 280 393 393 280 54 393 2 393 393 54 1 393 393 1 54 167 280 280 114 167 115 1 393 280 167 54 280 54 1 280 393 1 393 393 167 280 1 1 393 54 393 393 167 1 167 1 54 167 54 393 280 393 167 280 393 54 167 167 54 280 280 228 167 280 1 54 167 1 167 393 393 280 280 2 167 393 1 1 1 393 393 280 167 167 393 393 280 393 280 393 167 114 54 280 1 280 167 393 280 167 280 167 393 393 393 54 54 280 1 54 393 393 54 280 393 280 393 54 2 167 280 167 115 280 280 167 280 114 167 280 167 54 115 54 393 1 167 167 167 167 393 167 393 167 167 1 54 167 2 2 280 114 167 167 393 280 280 115 393 280 1 393 54 167 114 393 167 54 280 167 393 280 280 1 114 393 393 167 280 280 280 1 167 115 167 114 393 114 280 54 54 393 393 167 167 167 280 54 54 280 393 54 54 1 280 167 54 167 115 1 54 393 1 54 393 280 393 2 393 280 54 393 114 393 280 393 393 
c [Incremental] Max used label: 393.
c [Incremental] Label 393 is removed from searching.
c [Incremental] Solving for max label = 392:
c [Incremental] Solving duration: 541 ms.
s [Incremental] SAT (label = 392).
c [Incremental] Label assignment: 392 166 1 166 166 279 1 392 1 1 392 392 1 279 166 114 279 392 392 114 1 1 279 114 1 2 114 166 1 166 279 392 1 392 279 1 166 392 279 166 279 279 392 392 279 392 166 1 279 279 227 279 279 1 392 279 1 392 392 279 1 166 279 279 279 392 114 166 279 279 53 392 392 166 279 392 1 392 279 1 114 392 114 166 279 279 1 1 392 392 392 53 166 114 1 279 392 1 166 392 392 53 279 392 166 392 166 392 2 392 279 279 392 279 166 1 2 1 228 392 1 114 392 392 1 114 166 279 279 2 279 53 1 166 166 166 392 166 1 392 392 114 1 166 279 279 114 166 392 392 1 279 1 279 166 114 228 227 279 279 392 166 228 166 279 392 1 279 53 115 279 279 392 114 392 1 53 53 166 279 279 392 114 392 279 279 279 114 392 392 392 392 53 166 1 392 279 2 1 166 53 166 166 166 392 166 53 392 1 166 392 166 53 392 53 279 392 166 53 1 279 114 392 279 166 279 114 166 279 53 1 166 166 392 279 392 392 279 114 279 279 53 2 114 2 279 279 392 227 166 166 392 392 392 392 166 279 392 53 279 279 279 53 279 114 279 166 392 279 392 166 166 392 1 166 392 392 279 1 166 53 2 114 392 227 392 53 392 53 279 166 166 1 1 279 53 392 115 392 279 392 166 392 279 392 279 228 279 392 392 2 1 166 53 53 114 1 53 279 1 279 279 1 166 392 166 392 279 279 166 1 166 279 227 392 279 53 392 392 115 392 279 279 2 53 279 114 1 279 392 279 1 392 1 166 115 279 279 1 1 392 392 1 392 279 279 392 392 279 53 392 2 392 392 53 1 392 392 1 53 166 279 279 114 166 115 1 392 279 166 53 279 53 1 279 392 1 392 392 166 279 1 1 392 53 392 392 166 1 166 1 53 166 53 392 279 392 166 279 392 53 166 166 53 279 279 228 166 279 1 53 166 1 166 392 392 279 279 2 166 392 1 1 1 392 392 279 166 166 392 392 279 392 279 392 166 114 53 279 1 279 166 392 279 166 279 166 392 392 392 53 53 279 1 53 392 392 53 279 392 279 392 53 2 166 279 166 115 279 279 166 279 114 166 279 166 53 115 53 392 1 166 166 166 166 392 166 392 166 166 1 53 166 2 2 279 114 166 166 392 279 279 115 392 279 1 392 53 166 114 392 166 53 279 166 392 279 279 1 114 392 392 166 279 279 279 1 166 115 166 114 392 114 279 53 53 392 392 166 166 166 279 53 53 279 392 53 53 1 279 166 53 166 115 1 53 392 1 53 392 279 392 2 392 279 53 392 114 392 279 392 392 
c [Incremental] Max used label: 392.
c [Incremental] Label 392 is removed from searching.
c [Incremental] Solving for max label = 391:
c [Incremental] Solving duration: 542 ms.
s [Incremental] SAT (label = 391).
c [Incremental] Label assignment: 391 165 1 165 165 278 1 391 1 1 391 391 1 278 165 114 278 391 391 114 1 1 278 114 1 2 114 165 1 165 278 391 1 391 278 1 165 391 278 165 278 278 391 391 278 391 165 1 278 278 227 278 278 1 391 278 1 391 391 278 1 165 278 278 278 391 114 165 278 278 52 391 391 165 278 391 1 391 278 1 114 391 114 165 278 278 1 1 391 391 391 52 165 114 1 278 391 1 165 391 391 52 278 391 165 391 165 391 2 391 278 278 391 278 165 1 2 1 228 391 1 114 391 391 1 114 165 278 278 2 278 52 1 165 165 165 391 165 1 391 391 114 1 165 278 278 114 165 391 391 1 278 1 278 165 114 228 227 278 278 391 165 228 165 278 391 1 278 52 115 278 278 391 114 391 1 52 52 165 278 278 391 114 391 278 278 278 114 391 391 391 391 52 165 1 391 278 2 1 165 52 165 165 165 391 165 52 391 1 165 391 165 52 391 52 278 391 165 52 1 278 114 391 278 165 278 114 165 278 52 1 165 165 391 278 391 391 278 114 278 278 52 2 114 2 278 278 391 227 165 165 391 391 391 391 165 278 391 52 278 278 278 52 278 114 278 165 391 278 391 165 165 391 1 165 391 391 278 1 165 52 2 114 391 227 391 52 391 52 278 165 165 1 1 278 52 391 115 391 278 391 165 391 278 391 278 228 278 391 391 2 1 165 52 52 114 1 52 278 1 278 278 1 165 391 165 391 278 278 165 1 165 278 227 391 278 52 391 391 115 391 278 278 2 52 278 114 1 278 391 278 1 391 1 165 115 278 278 1 1 391 391 1 391 278 278 391 391 278 52 391 2 391 391 52 1 391 391 1 52 165 278 278 114 165 115 1 391 278 165 52 278 52 1 278 391 1 391 391 165 278 1 1 391 52 391 391 165 1 165 1 52 165 52 391 278 391 165 278 391 52 165 165 52 278 278 228 165 278 1 52 165 1 165 391 391 278 278 2 165 391 1 1 1 391 391 278 165 165 391 391 278 391 278 391 165 114 52 278 1 278 165 391 278 165 278 165 391 391 391 52 52 278 1 52 391 391 52 278 391 278 391 52 2 165 278 165 115 278 278 165 278 114 165 278 165 52 115 52 391 1 165 165 165 165 391 165 391 165 165 1 52 165 2 2 278 114 165 165 391 278 278 115 391 278 1 391 52 165 114 391 165 52 278 165 391 278 278 1 114 391 391 165 278 278 278 1 165 115 165 114 391 114 278 52 52 391 391 165 165 165 278 52 52 278 391 52 52 1 278 165 52 165 115 1 52 391 1 52 391 278 391 2 391 278 52 391 114 391 278 391 391 
c [Incremental] Max used label: 391.
c [Incremental] Label 391 is removed from searching.
c [Incremental] Solving for max label = 390:
c [Incremental] Solving duration: 556 ms.
s [Incremental] SAT (label = 390).
c [Incremental] Label assignment: 390 164 1 164 164 277 1 390 1 1 390 390 1 277 164 114 277 390 390 114 1 1 277 114 1 2 114 164 1 164 277 390 1 390 277 1 164 390 277 164 277 277 390 390 277 390 164 1 277 277 227 277 277 1 390 277 1 390 390 277 1 164 277 277 277 390 114 164 277 277 51 390 390 164 277 390 1 390 277 1 114 390 114 164 277 277 1 1 390 390 390 51 164 114 1 277 390 1 164 390 390 51 277 390 164 390 164 390 2 390 277 277 390 277 164 1 2 1 228 390 1 114 390 390 1 114 164 277 277 2 277 51 1 164 164 164 390 164 1 390 390 114 1 164 277 277 114 164 390 390 1 277 1 277 164 114 228 227 277 277 390 164 228 164 277 390 1 277 51 115 277 277 390 114 390 1 51 51 164 277 277 390 114 390 277 277 277 114 390 390 390 390 51 164 1 390 277 2 1 164 51 164 164 164 390 164 51 390 1 164 390 164 51 390 51 277 390 164 51 1 277 114 390 277 164 277 114 164 277 51 1 164 164 390 277 390 390 277 114 277 277 51 2 114 2 277 277 390 227 164 164 390 390 390 390 164 277 390 51 277 277 277 51 277 114 277 164 390 277 390 164 164 390 1 164 390 390 277 1 164 51 2 114 390 227 390 51 390 51 277 164 164 1 1 277 51 390 115 390 277 390 164 390 277 390 277 228 277 390 390 2 1 164 51 51 114 1 51 277 1 277 277 1 164 390 164 390 277 277 164 1 164 277 227 390 277 51 390 390 115 390 277 277 2 51 277 114 1 277 390 277 1 390 1 164 115 277 277 1 1 390 390 1 390 277 277 390 390 277 51 390 2 390 390 51 1 390 390 1 51 164 277 277 114 164 115 1 390 277 164 51 277 51 1 277 390 1 390 390 164 277 1 1 390 51 390 390 164 1 164 1 51 164 51 390 277 390 164 277 390 51 164 164 51 277 277 228 164 277 1 51 164 1 164 390 390 277 277 2 164 390 1 1 1 390 390 277 164 164 390 390 277 390 277 390 164 114 51 277 1 277 164 390 277 164 277 164 390 390 390 51 51 277 1 51 390 390 51 277 390 277 390 51 2 164 277 164 115 277 277 164 277 114 164 277 164 51 115 51 390 1 164 164 164 164 390 164 390 164 164 1 51 164 2 2 277 114 164 164 390 277 277 115 390 277 1 390 51 164 114 390 164 51 277 164 390 277 277 1 114 390 390 164 277 277 277 1 164 115 164 114 390 114 277 51 51 390 390 164 164 164 277 51 51 277 390 51 51 1 277 164 51 164 115 1 51 390 1 51 390 277 390 2 390 277 51 390 114 390 277 390 390 
c [Incremental] Max used label: 390.
c [Incremental] Label 390 is removed from searching.
c [Incremental] Solving for max label = 389:
c [Incremental] Solving duration: 545 ms.
s [Incremental] SAT (label = 389).
c [Incremental] Label assignment: 389 163 1 163 163 276 1 389 1 1 389 389 1 276 163 114 276 389 389 114 1 1 276 114 1 2 114 163 1 163 276 389 1 389 276 1 163 389 276 163 276 276 389 389 276 389 163 1 276 276 227 276 276 1 389 276 1 389 389 276 1 163 276 276 276 389 114 163 276 276 50 389 389 163 276 389 1 389 276 1 114 389 114 163 276 276 1 1 389 389 389 50 163 114 1 276 389 1 163 389 389 50 276 389 163 389 163 389 2 389 276 276 389 276 163 1 2 1 228 389 1 114 389 389 1 114 163 276 276 2 276 50 1 163 163 163 389 163 1 389 389 114 1 163 276 276 114 163 389 389 1 276 1 276 163 114 228 227 276 276 389 163 228 163 276 389 1 276 50 115 276 276 389 114 389 1 50 50 163 276 276 389 114 389 276 276 276 114 389 389 389 389 50 163 1 389 276 2 1 163 50 163 163 163 389 163 50 389 1 163 389 163 50 389 50 276 389 163 50 1 276 114 389 276 163 276 114 163 276 50 1 163 163 389 276 389 389 276 114 276 276 50 2 114 2 276 276 389 227 163 163 389 389 389 389 163 276 389 50 276 276 276 50 276 114 276 163 389 276 389 163 163 389 1 163 389 389 276 1 163 50 2 114 389 227 389 50 389 50 276 163 163 1 1 276 50 389 115 389 276 389 163 389 276 389 276 228 276 389 389 2 1 163 50 50 114 1 50 276 1 276 276 1 163 389 163 389 276 276 163 1 163 276 227 389 276 50 389 389 115 389 276 276 2 50 276 114 1 276 389 276 1 389 1 163 115 276 276 1 1 389 389 1 389 276 276 389 389 276 50 389 2 389 389 50 1 389 389 1 50 163 276 276 114 163 115 1 389 276 163 50 276 50 1 276 389 1 389 389 163 276 1 1 389 50 389 389 163 1 163 1 50 163 50 389 276 389 163 276 389 50 163 163 50 276 276 228 163 276 1 50 163 1 163 389 389 276 276 2 163 389 1 1 1 389 389 276 163 163 389 389 276 389 276 389 163 114 50 276 1 276 163 389 276 163 276 163 389 389 389 50 50 276 1 50 389 389 50 276 389 276 389 50 2 163 276 163 115 276 276 163 276 114 163 276 163 50 115 50 389 1 163 163 163 163 389 163 389 163 163 1 50 163 2 2 276 114 163 163 389 276 276 115 389 276 1 389 50 163 114 389 163 50 276 163 389 276 276 1 114 389 389 163 276 276 276 1 163 115 163 114 389 114 276 50 50 389 389 163 163 163 276 50 50 276 389 50 50 1 276 163 50 163 115 1 50 389 1 50 389 276 389 2 389 276 50 389 114 389 276 389 389 
c [Incremental] Max used label: 389.
c [Incremental] Label 389 is removed from searching.
c [Incremental] Solving for max label = 388:
c [Incremental] Solving duration: 520 ms.
s [Incremental] SAT (label = 388).
c [Incremental] Label assignment: 388 162 1 162 162 275 1 388 1 1 388 388 1 275 162 114 275 388 388 114 1 1 275 114 1 2 114 162 1 162 275 388 1 388 275 1 162 388 275 162 275 275 388 388 275 388 162 1 275 275 227 275 275 1 388 275 1 388 388 275 1 162 275 275 275 388 114 162 275 275 49 388 388 162 275 388 1 388 275 1 114 388 114 162 275 275 1 1 388 388 388 49 162 114 1 275 388 1 162 388 388 49 275 388 162 388 162 388 2 388 275 275 388 275 162 1 2 1 228 388 1 114 388 388 1 114 162 275 275 2 275 49 1 162 162 162 388 162 1 388 388 114 1 162 275 275 114 162 388 388 1 275 1 275 162 114 228 227 275 275 388 162 228 162 275 388 1 275 49 115 275 275 388 114 388 1 49 49 162 275 275 388 114 388 275 275 275 114 388 388 388 388 49 162 1 388 275 2 1 162 49 162 162 162 388 162 49 388 1 162 388 162 49 388 49 275 388 162 49 1 275 114 388 275 162 275 114 162 275 49 1 162 162 388 275 388 388 275 114 275 275 49 2 114 2 275 275 388 227 162 162 388 388 388 388 162 275 388 49 275 275 275 49 275 114 275 162 388 275 388 162 162 388 1 162 388 388 275 1 162 49 2 114 388 227 388 49 388 49 275 162 162 1 1 275 49 388 115 388 275 388 162 388 275 388 275 228 275 388 388 2 1 162 49 49 114 1 49 275 1 275 275 1 162 388 162 388 275 275 162 1 162 275 227 388 275 49 388 388 115 388 275 275 2 49 275 114 1 275 388 275 1 388 1 162 115 275 275 1 1 388 388 1 388 275 275 388 388 275 49 388 2 388 388 49 1 388 388 1 49 162 275 275 114 162 115 1 388 275 162 49 275 49 1 275 388 1 388 388 162 275 1 1 388 49 388 388 162 1 162 1 49 162 49 388 275 388 162 275 388 49 162 162 49 275 275 228 162 275 1 49 162 1 162 388 388 275 275 2 162 388 1 1 1 388 388 275 162 162 388 388 275 388 275 388 162 114 49 275 1 275 162 388 275 162 275 162 388 388 388 49 49 275 1 49 388 388 49 275 388 275 388 49 2 162 275 162 115 275 275 162 275 114 162 275 162 49 115 49 388 1 162 162 162 162 388 162 388 162 162 1 49 162 2 2 275 114 162 162 388 275 275 115 388 275 1 388 49 162 114 388 162 49 275 162 388 275 275 1 114 388 388 162 275 275 275 1 162 115 162 114 388 114 275 49 49 388 388 162 162 162 275 49 49 275 388 49 49 1 275 162 49 162 115 1 49 388 1 49 388 275 388 2 388 275 49 388 114 388 275 388 388 
c [Incremental] Max used label: 388.
c [Incremental] Label 388 is removed from searching.
c [Incremental] Solving for max label = 387:
c [Incremental] Solving duration: 539 ms.
s [Incremental] SAT (label = 387).
c [Incremental] Label assignment: 387 161 1 161 161 274 1 387 1 1 387 387 1 274 161 114 274 387 387 114 1 1 274 114 1 2 114 161 1 161 274 387 1 387 274 1 161 387 274 161 274 274 387 387 274 387 161 1 274 274 227 274 274 1 387 274 1 387 387 274 1 161 274 274 274 387 114 161 274 274 48 387 387 161 274 387 1 387 274 1 114 387 114 161 274 274 1 1 387 387 387 48 161 114 1 274 387 1 161 387 387 48 274 387 161 387 161 387 2 387 274 274 387 274 161 1 2 1 228 387 1 114 387 387 1 114 161 274 274 2 274 48 1 161 161 161 387 161 1 387 387 114 1 161 274 274 114 161 387 387 1 274 1 274 161 114 228 227 274 274 387 161 228 161 274 387 1 274 48 115 274 274 387 114 387 1 48 48 161 274 274 387 114 387 274 274 274 114 387 387 387 387 48 161 1 387 274 2 1 161 48 161 161 161 387 161 48 387 1 161 387 161 48 387 48 274 387 161 48 1 274 114 387 274 161 274 114 161 274 48 1 161 161 387 274 387 387 274 114 274 274 48 2 114 2 274 274 387 227 161 161 387 387 387 387 161 274 387 48 274 274 274 48 274 114 274 161 387 274 387 161 161 387 1 161 387 387 274 1 161 48 2 114 387 227 387 48 387 48 274 161 161 1 1 274 48 387 115 387 274 387 161 387 274 387 274 228 274 387 387 2 1 161 48 48 114 1 48 274 1 274 274 1 161 387 161 387 274 274 161 1 161 274 227 387 274 48 387 387 115 387 274 274 2 48 274 114 1 274 387 274 1 387 1 161 115 274 274 1 1 387 387 1 387 274 274 387 387 274 48 387 2 387 387 48 1 387 387 1 48 161 274 274 114 161 115 1 387 274 161 48 274 48 1 274 387 1 387 387 161 274 1 1 387 48 387 387 161 1 161 1 48 161 48 387 274 387 161 274 387 48 161 161 48 274 274 228 161 274 1 48 161 1 161 387 387 274 274 2 161 387 1 1 1 387 387 274 161 161 387 387 274 387 274 387 161 114 48 274 1 274 161 387 274 161 274 161 387 387 387 48 48 274 1 48 387 387 48 274 387 274 387 48 2 161 274 161 115 274 274 161 274 114 161 274 161 48 115 48 387 1 161 161 161 161 387 161 387 161 161 1 48 161 2 2 274 114 161 161 387 274 274 115 387 274 1 387 48 161 114 387 161 48 274 161 387 274 274 1 114 387 387 161 274 274 274 1 161 115 161 114 387 114 274 48 48 387 387 161 161 161 274 48 48 274 387 48 48 1 274 161 48 161 115 1 48 387 1 48 387 274 387 2 387 274 48 387 114 387 274 387 387 
c [Incremental] Max used label: 387.
c [Incremental] Label 387 is removed from searching.
c [Incremental] Solving for max label = 386:
c [Incremental] Solving duration: 532 ms.
s [Incremental] SAT (label = 386).
c [Incremental] Label assignment: 386 160 1 160 160 273 1 386 1 1 386 386 1 273 160 114 273 386 386 114 1 1 273 114 1 2 114 160 1 160 273 386 1 386 273 1 160 386 273 160 273 273 386 386 273 386 160 1 273 273 227 273 273 1 386 273 1 386 386 273 1 160 273 273 273 386 114 160 273 273 47 386 386 160 273 386 1 386 273 1 114 386 114 160 273 273 1 1 386 386 386 47 160 114 1 273 386 1 160 386 386 47 273 386 160 386 160 386 2 386 273 273 386 273 160 1 2 1 228 386 1 114 386 386 1 114 160 273 273 2 273 47 1 160 160 160 386 160 1 386 386 114 1 160 273 273 114 160 386 386 1 273 1 273 160 114 228 227 273 273 386 160 228 160 273 386 1 273 47 115 273 273 386 114 386 1 47 47 160 273 273 386 114 386 273 273 273 114 386 386 386 386 47 160 1 386 273 2 1 160 47 160 160 160 386 160 47 386 1 160 386 160 47 386 47 273 386 160 47 1 273 114 386 273 160 273 114 160 273 47 1 160 160 386 273 386 386 273 114 273 273 47 2 114 2 273 273 386 227 160 160 386 386 386 386 160 273 386 47 273 273 273 47 273 114 273 160 386 273 386 160 160 386 1 160 386 386 273 1 160 47 2 114 386 227 386 47 386 47 273 160 160 1 1 273 47 386 115 386 273 386 160 386 273 386 273 228 273 386 386 2 1 160 47 47 114 1 47 273 1 273 273 1 160 386 160 386 273 273 160 1 160 273 227 386 273 47 386 386 115 386 273 273 2 47 273 114 1 273 386 273 1 386 1 160 115 273 273 1 1 386 386 1 386 273 273 386 386 273 47 386 2 386 386 47 1 386 386 1 47 160 273 273 114 160 115 1 386 273 160 47 273 47 1 273 386 1 386 386 160 273 1 1 386 47 386 386 160 1 160 1 47 160 47 386 273 386 160 273 386 47 160 160 47 273 273 228 160 273 1 47 160 1 160 386 386 273 273 2 160 386 1 1 1 386 386 273 160 160 386 386 273 386 273 386 160 114 47 273 1 273 160 386 273 160 273 160 386 386 386 47 47 273 1 47 386 386 47 273 386 273 386 47 2 160 273 160 115 273 273 160 273 114 160 273 160 47 115 47 386 1 160 160 160 160 386 160 386 160 160 1 47 160 2 2 273 114 160 160 386 273 273 115 386 273 1 386 47 160 114 386 160 47 273 160 386 273 273 1 114 386 386 160 273 273 273 1 160 115 160 114 386 114 273 47 47 386 386 160 160 160 273 47 47 273 386 47 47 1 273 160 47 160 115 1 47 386 1 47 386 273 386 2 386 273 47 386 114 386 273 386 386 
c [Incremental] Max used label: 386.
c [Incremental] Label 386 is removed from searching.
c [Incremental] Solving for max label = 385:
c [Incremental] Solving duration: 518 ms.
s [Incremental] SAT (label = 385).
c [Incremental] Label assignment: 385 159 1 159 159 272 1 385 1 1 385 385 1 272 159 114 272 385 385 114 1 1 272 114 1 2 114 159 1 159 272 385 1 385 272 1 159 385 272 159 272 272 385 385 272 385 159 1 272 272 227 272 272 1 385 272 1 385 385 272 1 159 272 272 272 385 114 159 272 272 46 385 385 159 272 385 1 385 272 1 114 385 114 159 272 272 1 1 385 385 385 46 159 114 1 272 385 1 159 385 385 46 272 385 159 385 159 385 2 385 272 272 385 272 159 1 2 1 228 385 1 114 385 385 1 114 159 272 272 2 272 46 1 159 159 159 385 159 1 385 385 114 1 159 272 272 114 159 385 385 1 272 1 272 159 114 228 227 272 272 385 159 228 159 272 385 1 272 46 115 272 272 385 114 385 1 46 46 159 272 272 385 114 385 272 272 272 114 385 385 385 385 46 159 1 385 272 2 1 159 46 159 159 159 385 159 46 385 1 159 385 159 46 385 46 272 385 159 46 1 272 114 385 272 159 272 114 159 272 46 1 159 159 385 272 385 385 272 114 272 272 46 2 114 2 272 272 385 227 159 159 385 385 385 385 159 272 385 46 272 272 272 46 272 114 272 159 385 272 385 159 159 385 1 159 385 385 272 1 159 46 2 114 385 227 385 46 385 46 272 159 159 1 1 272 46 385 115 385 272 385 159 385 272 385 272 228 272 385 385 2 1 159 46 46 114 1 46 272 1 272 272 1 159 385 159 385 272 272 159 1 159 272 227 385 272 46 385 385 115 385 272 272 2 46 272 114 1 272 385 272 1 385 1 159 115 272 272 1 1 385 385 1 385 272 272 385 385 272 46 385 2 385 385 46 1 385 385 1 46 159 272 272 114 159 115 1 385 272 159 46 272 46 1 272 385 1 385 385 159 272 1 1 385 46 385 385 159 1 159 1 46 159 46 385 272 385 159 272 385 46 159 159 46 272 272 228 159 272 1 46 159 1 159 385 385 272 272 2 159 385 1 1 1 385 385 272 159 159 385 385 272 385 272 385 159 114 46 272 1 272 159 385 272 159 272 159 385 385 385 46 46 272 1 46 385 385 46 272 385 272 385 46 2 159 272 159 115 272 272 159 272 114 159 272 159 46 115 46 385 1 159 159 159 159 385 159 385 159 159 1 46 159 2 2 272 114 159 159 385 272 272 115 385 272 1 385 46 159 114 385 159 46 272 159 385 272 272 1 114 385 385 159 272 272 272 1 159 115 159 114 385 114 272 46 46 385 385 159 159 159 272 46 46 272 385 46 46 1 272 159 46 159 115 1 46 385 1 46 385 272 385 2 385 272 46 385 114 385 272 385 385 
c [Incremental] Max used label: 385.
c [Incremental] Label 385 is removed from searching.
c [Incremental] Solving for max label = 384:
c [Incremental] Solving duration: 510 ms.
s [Incremental] SAT (label = 384).
c [Incremental] Label assignment: 384 158 1 158 158 271 1 384 1 1 384 384 1 271 158 114 271 384 384 114 1 1 271 114 1 2 114 158 1 158 271 384 1 384 271 1 158 384 271 158 271 271 384 384 271 384 158 1 271 271 227 271 271 1 384 271 1 384 384 271 1 158 271 271 271 384 114 158 271 271 45 384 384 158 271 384 1 384 271 1 114 384 114 158 271 271 1 1 384 384 384 45 158 114 1 271 384 1 158 384 384 45 271 384 158 384 158 384 2 384 271 271 384 271 158 1 2 1 228 384 1 114 384 384 1 114 158 271 271 2 271 45 1 158 158 158 384 158 1 384 384 114 1 158 271 271 114 158 384 384 1 271 1 271 158 114 228 227 271 271 384 158 228 158 271 384 1 271 45 115 271 271 384 114 384 1 45 45 158 271 271 384 114 384 271 271 271 114 384 384 384 384 45 158 1 384 271 2 1 158 45 158 158 158 384 158 45 384 1 158 384 158 45 384 45 271 384 158 45 1 271 114 384 271 158 271 114 158 271 45 1 158 158 384 271 384 384 271 114 271 271 45 2 114 2 271 271 384 227 158 158 384 384 384 384 158 271 384 45 271 271 271 45 271 114 271 158 384 271 384 158 158 384 1 158 384 384 271 1 158 45 2 114 384 227 384 45 384 45 271 158 158 1 1 271 45 384 115 384 271 384 158 384 271 384 271 228 271 384 384 2 1 158 45 45 114 1 45 271 1 271 271 1 158 384 158 384 271 271 158 1 158 271 227 384 271 45 384 384 115 384 271 271 2 45 271 114 1 271 384 271 1 384 1 158 115 271 271 1 1 384 384 1 384 271 271 384 384 271 45 384 2 384 384 45 1 384 384 1 45 158 271 271 114 158 115 1 384 271 158 45 271 45 1 271 384 1 384 384 158 271 1 1 384 45 384 384 158 1 158 1 45 158 45 384 271 384 158 271 384 45 158 158 45 271 271 228 158 271 1 45 158 1 158 384 384 271 271 2 158 384 1 1 1 384 384 271 158 158 384 384 271 384 271 384 158 114 45 271 1 271 158 384 271 158 271 158 384 384 384 45 45 271 1 45 384 384 45 271 384 271 384 45 2 158 271 158 115 271 271 158 271 114 158 271 158 45 115 45 384 1 158 158 158 158 384 158 384 158 158 1 45 158 2 2 271 114 158 158 384 271 271 115 384 271 1 384 45 158 114 384 158 45 271 158 384 271 271 1 114 384 384 158 271 271 271 1 158 115 158 114 384 114 271 45 45 384 384 158 158 158 271 45 45 271 384 45 45 1 271 158 45 158 115 1 45 384 1 45 384 271 384 2 384 271 45 384 114 384 271 384 384 
c [Incremental] Max used label: 384.
c [Incremental] Label 384 is removed from searching.
c [Incremental] Solving for max label = 383:
c [Incremental] Solving duration: 524 ms.
s [Incremental] SAT (label = 383).
c [Incremental] Label assignment: 383 157 1 157 157 270 1 383 1 1 383 383 1 270 157 114 270 383 383 114 1 1 270 114 1 2 114 157 1 157 270 383 1 383 270 1 157 383 270 157 270 270 383 383 270 383 157 1 270 270 227 270 270 1 383 270 1 383 383 270 1 157 270 270 270 383 114 157 270 270 44 383 383 157 270 383 1 383 270 1 114 383 114 157 270 270 1 1 383 383 383 44 157 114 1 270 383 1 157 383 383 44 270 383 157 383 157 383 2 383 270 270 383 270 157 1 2 1 228 383 1 114 383 383 1 114 157 270 270 2 270 44 1 157 157 157 383 157 1 383 383 114 1 157 270 270 114 157 383 383 1 270 1 270 157 114 228 227 270 270 383 157 228 157 270 383 1 270 44 115 270 270 383 114 383 1 44 44 157 270 270 383 114 383 270 270 270 114 383 383 383 383 44 157 1 383 270 2 1 157 44 157 157 157 383 157 44 383 1 157 383 157 44 383 44 270 383 157 44 1 270 114 383 270 157 270 114 157 270 44 1 157 157 383 270 383 383 270 114 270 270 44 2 114 2 270 270 383 227 157 157 383 383 383 383 157 270 383 44 270 270 270 44 270 114 270 157 383 270 383 157 157 383 1 157 383 383 270 1 157 44 2 114 383 227 383 44 383 44 270 157 157 1 1 270 44 383 115 383 270 383 157 383 270 383 270 228 270 383 383 2 1 157 44 44 114 1 44 270 1 270 270 1 157 383 157 383 270 270 157 1 157 270 227 383 270 44 383 383 115 383 270 270 2 44 270 114 1 270 383 270 1 383 1 157 115 270 270 1 1 383 383 1 383 270 270 383 383 270 44 383 2 383 383 44 1 383 383 1 44 157 270 270 114 157 115 1 383 270 157 44 270 44 1 270 383 1 383 383 157 270 1 1 383 44 383 383 157 1 157 1 44 157 44 383 270 383 157 270 383 44 157 157 44 270 270 228 157 270 1 44 157 1 157 383 383 270 270 2 157 383 1 1 1 383 383 270 157 157 383 383 270 383 270 383 157 114 44 270 1 270 157 383 270 157 270 157 383 383 383 44 44 270 1 44 383 383 44 270 383 270 383 44 2 157 270 157 115 270 270 157 270 114 157 270 157 44 115 44 383 1 157 157 157 157 383 157 383 157 157 1 44 157 2 2 270 114 157 157 383 270 270 115 383 270 1 383 44 157 114 383 157 44 270 157 383 270 270 1 114 383 383 157 270 270 270 1 157 115 157 114 383 114 270 44 44 383 383 157 157 157 270 44 44 270 383 44 44 1 270 157 44 157 115 1 44 383 1 44 383 270 383 2 383 270 44 383 114 383 270 383 383 
c [Incremental] Max used label: 383.
c [Incremental] Label 383 is removed from searching.
c [Incremental] Solving for max label = 382:
c [Incremental] Solving duration: 522 ms.
s [Incremental] SAT (label = 382).
c [Incremental] Label assignment: 382 156 1 156 156 269 1 382 1 1 382 382 1 269 156 114 269 382 382 114 1 1 269 114 1 2 114 156 1 156 269 382 1 382 269 1 156 382 269 156 269 269 382 382 269 382 156 1 269 269 227 269 269 1 382 269 1 382 382 269 1 156 269 269 269 382 114 156 269 269 43 382 382 156 269 382 1 382 269 1 114 382 114 156 269 269 1 1 382 382 382 43 156 114 1 269 382 1 156 382 382 43 269 382 156 382 156 382 2 382 269 269 382 269 156 1 2 1 228 382 1 114 382 382 1 114 156 269 269 2 269 43 1 156 156 156 382 156 1 382 382 114 1 156 269 269 114 156 382 382 1 269 1 269 156 114 228 227 269 269 382 156 228 156 269 382 1 269 43 115 269 269 382 114 382 1 43 43 156 269 269 382 114 382 269 269 269 114 382 382 382 382 43 156 1 382 269 2 1 156 43 156 156 156 382 156 43 382 1 156 382 156 43 382 43 269 382 156 43 1 269 114 382 269 156 269 114 156 269 43 1 156 156 382 269 382 382 269 114 269 269 43 2 114 2 269 269 382 227 156 156 382 382 382 382 156 269 382 43 269 269 269 43 269 114 269 156 382 269 382 156 156 382 1 156 382 382 269 1 156 43 2 114 382 227 382 43 382 43 269 156 156 1 1 269 43 382 115 382 269 382 156 382 269 382 269 228 269 382 382 2 1 156 43 43 114 1 43 269 1 269 269 1 156 382 156 382 269 269 156 1 156 269 227 382 269 43 382 382 115 382 269 269 2 43 269 114 1 269 382 269 1 382 1 156 115 269 269 1 1 382 382 1 382 269 269 382 382 269 43 382 2 382 382 43 1 382 382 1 43 156 269 269 114 156 115 1 382 269 156 43 269 43 1 269 382 1 382 382 156 269 1 1 382 43 382 382 156 1 156 1 43 156 43 382 269 382 156 269 382 43 156 156 43 269 269 228 156 269 1 43 156 1 156 382 382 269 269 2 156 382 1 1 1 382 382 269 156 156 382 382 269 382 269 382 156 114 43 269 1 269 156 382 269 156 269 156 382 382 382 43 43 269 1 43 382 382 43 269 382 269 382 43 2 156 269 156 115 269 269 156 269 114 156 269 156 43 115 43 382 1 156 156 156 156 382 156 382 156 156 1 43 156 2 2 269 114 156 156 382 269 269 115 382 269 1 382 43 156 114 382 156 43 269 156 382 269 269 1 114 382 382 156 269 269 269 1 156 115 156 114 382 114 269 43 43 382 382 156 156 156 269 43 43 269 382 43 43 1 269 156 43 156 115 1 43 382 1 43 382 269 382 2 382 269 43 382 114 382 269 382 382 
c [Incremental] Max used label: 382.
c [Incremental] Label 382 is removed from searching.
c [Incremental] Solving for max label = 381:
c [Incremental] Solving duration: 552 ms.
s [Incremental] SAT (label = 381).
c [Incremental] Label assignment: 381 155 1 155 155 268 1 381 1 1 381 381 1 268 155 114 268 381 381 114 1 1 268 114 1 2 114 155 1 155 268 381 1 381 268 1 155 381 268 155 268 268 381 381 268 381 155 1 268 268 227 268 268 1 381 268 1 381 381 268 1 155 268 268 268 381 114 155 268 268 42 381 381 155 268 381 1 381 268 1 114 381 114 155 268 268 1 1 381 381 381 42 155 114 1 268 381 1 155 381 381 42 268 381 155 381 155 381 2 381 268 268 381 268 155 1 2 1 228 381 1 114 381 381 1 114 155 268 268 2 268 42 1 155 155 155 381 155 1 381 381 114 1 155 268 268 114 155 381 381 1 268 1 268 155 114 228 227 268 268 381 155 228 155 268 381 1 268 42 115 268 268 381 114 381 1 42 42 155 268 268 381 114 381 268 268 268 114 381 381 381 381 42 155 1 381 268 2 1 155 42 155 155 155 381 155 42 381 1 155 381 155 42 381 42 268 381 155 42 1 268 114 381 268 155 268 114 155 268 42 1 155 155 381 268 381 381 268 114 268 268 42 2 114 2 268 268 381 227 155 155 381 381 381 381 155 268 381 42 268 268 268 42 268 114 268 155 381 268 381 155 155 381 1 155 381 381 268 1 155 42 2 114 381 227 381 42 381 42 268 155 155 1 1 268 42 381 115 381 268 381 155 381 268 381 268 228 268 381 381 2 1 155 42 42 114 1 42 268 1 268 268 1 155 381 155 381 268 268 155 1 155 268 227 381 268 42 381 381 115 381 268 268 2 42 268 114 1 268 381 268 1 381 1 155 115 268 268 1 1 381 381 1 381 268 268 381 381 268 42 381 2 381 381 42 1 381 381 1 42 155 268 268 114 155 115 1 381 268 155 42 268 42 1 268 381 1 381 381 155 268 1 1 381 42 381 381 155 1 155 1 42 155 42 381 268 381 155 268 381 42 155 155 42 268 268 228 155 268 1 42 155 1 155 381 381 268 268 2 155 381 1 1 1 381 381 268 155 155 381 381 268 381 268 381 155 114 42 268 1 268 155 381 268 155 268 155 381 381 381 42 42 268 1 42 381 381 42 268 381 268 381 42 2 155 268 155 115 268 268 155 268 114 155 268 155 42 115 42 381 1 155 155 155 155 381 155 381 155 155 1 42 155 2 2 268 114 155 155 381 268 268 115 381 268 1 381 42 155 114 381 155 42 268 155 381 268 268 1 114 381 381 155 268 268 268 1 155 115 155 114 381 114 268 42 42 381 381 155 155 155 268 42 42 268 381 42 42 1 268 155 42 155 115 1 42 381 1 42 381 268 381 2 381 268 42 381 114 381 268 381 381 
c [Incremental] Max used label: 381.
c [Incremental] Label 381 is removed from searching.
c [Incremental] Solving for max label = 380:
c [Incremental] Solving duration: 580 ms.
s [Incremental] SAT (label = 380).
c [Incremental] Label assignment: 380 154 1 154 154 267 1 380 1 1 380 380 1 267 154 114 267 380 380 114 1 1 267 114 1 2 114 154 1 154 267 380 1 380 267 1 154 380 267 154 267 267 380 380 267 380 154 1 267 267 227 267 267 1 380 267 1 380 380 267 1 154 267 267 267 380 114 154 267 267 41 380 380 154 267 380 1 380 267 1 114 380 114 154 267 267 1 1 380 380 380 41 154 114 1 267 380 1 154 380 380 41 267 380 154 380 154 380 2 380 267 267 380 267 154 1 2 1 228 380 1 114 380 380 1 114 154 267 267 2 267 41 1 154 154 154 380 154 1 380 380 114 1 154 267 267 114 154 380 380 1 267 1 267 154 114 228 227 267 267 380 154 228 154 267 380 1 267 41 115 267 267 380 114 380 1 41 41 154 267 267 380 114 380 267 267 267 114 380 380 380 380 41 154 1 380 267 2 1 154 41 154 154 154 380 154 41 380 1 154 380 154 41 380 41 267 380 154 41 1 267 114 380 267 154 267 114 154 267 41 1 154 154 380 267 380 380 267 114 267 267 41 2 114 2 267 267 380 227 154 154 380 380 380 380 154 267 380 41 267 267 267 41 267 114 267 154 380 267 380 154 154 380 1 154 380 380 267 1 154 41 2 114 380 227 380 41 380 41 267 154 154 1 1 267 41 380 115 380 267 380 154 380 267 380 267 228 267 380 380 2 1 154 41 41 114 1 41 267 1 267 267 1 154 380 154 380 267 267 154 1 154 267 227 380 267 41 380 380 115 380 267 267 2 41 267 114 1 267 380 267 1 380 1 154 115 267 267 1 1 380 380 1 380 267 267 380 380 267 41 380 2 380 380 41 1 380 380 1 41 154 267 267 114 154 115 1 380 267 154 41 267 41 1 267 380 1 380 380 154 267 1 1 380 41 380 380 154 1 154 1 41 154 41 380 267 380 154 267 380 41 154 154 41 267 267 228 154 267 1 41 154 1 154 380 380 267 267 2 154 380 1 1 1 380 380 267 154 154 380 380 267 380 267 380 154 114 41 267 1 267 154 380 267 154 267 154 380 380 380 41 41 267 1 41 380 380 41 267 380 267 380 41 2 154 267 154 115 267 267 154 267 114 154 267 154 41 115 41 380 1 154 154 154 154 380 154 380 154 154 1 41 154 2 2 267 114 154 154 380 267 267 115 380 267 1 380 41 154 114 380 154 41 267 154 380 267 267 1 114 380 380 154 267 267 267 1 154 115 154 114 380 114 267 41 41 380 380 154 154 154 267 41 41 267 380 41 41 1 267 154 41 154 115 1 41 380 1 41 380 267 380 2 380 267 41 380 114 380 267 380 380 
c [Incremental] Max used label: 380.
c [Incremental] Label 380 is removed from searching.
c [Incremental] Solving for max label = 379:
c [Incremental] Solving duration: 542 ms.
s [Incremental] SAT (label = 379).
c [Incremental] Label assignment: 379 153 1 153 153 266 1 379 1 1 379 379 1 266 153 114 266 379 379 114 1 1 266 114 1 2 114 153 1 153 266 379 1 379 266 1 153 379 266 153 266 266 379 379 266 379 153 1 266 266 227 266 266 1 379 266 1 379 379 266 1 153 266 266 266 379 114 153 266 266 40 379 379 153 266 379 1 379 266 1 114 379 114 153 266 266 1 1 379 379 379 40 153 114 1 266 379 1 153 379 379 40 266 379 153 379 153 379 2 379 266 266 379 266 153 1 2 1 228 379 1 114 379 379 1 114 153 266 266 2 266 40 1 153 153 153 379 153 1 379 379 114 1 153 266 266 114 153 379 379 1 266 1 266 153 114 228 227 266 266 379 153 228 153 266 379 1 266 40 115 266 266 379 114 379 1 40 40 153 266 266 379 114 379 266 266 266 114 379 379 379 379 40 153 1 379 266 2 1 153 40 153 153 153 379 153 40 379 1 153 379 153 40 379 40 266 379 153 40 1 266 114 379 266 153 266 114 153 266 40 1 153 153 379 266 379 379 266 114 266 266 40 2 114 2 266 266 379 227 153 153 379 379 379 379 153 266 379 40 266 266 266 40 266 114 266 153 379 266 379 153 153 379 1 153 379 379 266 1 153 40 2 114 379 227 379 40 379 40 266 153 153 1 1 266 40 379 115 379 266 379 153 379 266 379 266 228 266 379 379 2 1 153 40 40 114 1 40 266 1 266 266 1 153 379 153 379 266 266 153 1 153 266 227 379 266 40 379 379 115 379 266 266 2 40 266 114 1 266 379 266 1 379 1 153 115 266 266 1 1 379 379 1 379 266 266 379 379 266 40 379 2 379 379 40 1 379 379 1 40 153 266 266 114 153 115 1 379 266 153 40 266 40 1 266 379 1 379 379 153 266 1 1 379 40 379 379 153 1 153 1 40 153 40 379 266 379 153 266 379 40 153 153 40 266 266 228 153 266 1 40 153 1 153 379 379 266 266 2 153 379 1 1 1 379 379 266 153 153 379 379 266 379 266 379 153 114 40 266 1 266 153 379 266 153 266 153 379 379 379 40 40 266 1 40 379 379 40 266 379 266 379 40 2 153 266 153 115 266 266 153 266 114 153 266 153 40 115 40 379 1 153 153 153 153 379 153 379 153 153 1 40 153 2 2 266 114 153 153 379 266 266 115 379 266 1 379 40 153 114 379 153 40 266 153 379 266 266 1 114 379 379 153 266 266 266 1 153 115 153 114 379 114 266 40 40 379 379 153 153 153 266 40 40 266 379 40 40 1 266 153 40 153 115 1 40 379 1 40 379 266 379 2 379 266 40 379 114 379 266 379 379 
c [Incremental] Max used label: 379.
c [Incremental] Label 379 is removed from searching.
c [Incremental] Solving for max label = 378:
c [Incremental] Solving duration: 511 ms.
s [Incremental] SAT (label = 378).
c [Incremental] Label assignment: 378 152 1 152 152 265 1 378 1 1 378 378 1 265 152 114 265 378 378 114 1 1 265 114 1 2 114 152 1 152 265 378 1 378 265 1 152 378 265 152 265 265 378 378 265 378 152 1 265 265 227 265 265 1 378 265 1 378 378 265 1 152 265 265 265 378 114 152 265 265 39 378 378 152 265 378 1 378 265 1 114 378 114 152 265 265 1 1 378 378 378 39 152 114 1 265 378 1 152 378 378 39 265 378 152 378 152 378 2 378 265 265 378 265 152 1 2 1 228 378 1 114 378 378 1 114 152 265 265 2 265 39 1 152 152 152 378 152 1 378 378 114 1 152 265 265 114 152 378 378 1 265 1 265 152 114 228 227 265 265 378 152 228 152 265 378 1 265 39 115 265 265 378 114 378 1 39 39 152 265 265 378 114 378 265 265 265 114 378 378 378 378 39 152 1 378 265 2 1 152 39 152 152 152 378 152 39 378 1 152 378 152 39 378 39 265 378 152 39 1 265 114 378 265 152 265 114 152 265 39 1 152 152 378 265 378 378 265 114 265 265 39 2 114 2 265 265 378 227 152 152 378 378 378 378 152 265 378 39 265 265 265 39 265 114 265 152 378 265 378 152 152 378 1 152 378 378 265 1 152 39 2 114 378 227 378 39 378 39 265 152 152 1 1 265 39 378 115 378 265 378 152 378 265 378 265 228 265 378 378 2 1 152 39 39 114 1 39 265 1 265 265 1 152 378 152 378 265 265 152 1 152 265 227 378 265 39 378 378 115 378 265 265 2 39 265 114 1 265 378 265 1 378 1 152 115 265 265 1 1 378 378 1 378 265 265 378 378 265 39 378 2 378 378 39 1 378 378 1 39 152 265 265 114 152 115 1 378 265 152 39 265 39 1 265 378 1 378 378 152 265 1 1 378 39 378 378 152 1 152 1 39 152 39 378 265 378 152 265 378 39 152 152 39 265 265 228 152 265 1 39 152 1 152 378 378 265 265 2 152 378 1 1 1 378 378 265 152 152 378 378 265 378 265 378 152 114 39 265 1 265 152 378 265 152 265 152 378 378 378 39 39 265 1 39 378 378 39 265 378 265 378 39 2 152 265 152 115 265 265 152 265 114 152 265 152 39 115 39 378 1 152 152 152 152 378 152 378 152 152 1 39 152 2 2 265 114 152 152 378 265 265 115 378 265 1 378 39 152 114 378 152 39 265 152 378 265 265 1 114 378 378 152 265 265 265 1 152 115 152 114 378 114 265 39 39 378 378 152 152 152 265 39 39 265 378 39 39 1 265 152 39 152 115 1 39 378 1 39 378 265 378 2 378 265 39 378 114 378 265 378 378 
c [Incremental] Max used label: 378.
c [Incremental] Label 378 is removed from searching.
c [Incremental] Solving for max label = 377:
c [Incremental] Solving duration: 528 ms.
s [Incremental] SAT (label = 377).
c [Incremental] Label assignment: 377 151 1 151 151 264 1 377 1 1 377 377 1 264 151 114 264 377 377 114 1 1 264 114 1 2 114 151 1 151 264 377 1 377 264 1 151 377 264 151 264 264 377 377 264 377 151 1 264 264 227 264 264 1 377 264 1 377 377 264 1 151 264 264 264 377 114 151 264 264 38 377 377 151 264 377 1 377 264 1 114 377 114 151 264 264 1 1 377 377 377 38 151 114 1 264 377 1 151 377 377 38 264 377 151 377 151 377 2 377 264 264 377 264 151 1 2 1 228 377 1 114 377 377 1 114 151 264 264 2 264 38 1 151 151 151 377 151 1 377 377 114 1 151 264 264 114 151 377 377 1 264 1 264 151 114 228 227 264 264 377 151 228 151 264 377 1 264 38 115 264 264 377 114 377 1 38 38 151 264 264 377 114 377 264 264 264 114 377 377 377 377 38 151 1 377 264 2 1 151 38 151 151 151 377 151 38 377 1 151 377 151 38 377 38 264 377 151 38 1 264 114 377 264 151 264 114 151 264 38 1 151 151 377 264 377 377 264 114 264 264 38 2 114 2 264 264 377 227 151 151 377 377 377 377 151 264 377 38 264 264 264 38 264 114 264 151 377 264 377 151 151 377 1 151 377 377 264 1 151 38 2 114 377 227 377 38 377 38 264 151 151 1 1 264 38 377 115 377 264 377 151 377 264 377 264 228 264 377 377 2 1 151 38 38 114 1 38 264 1 264 264 1 151 377 151 377 264 264 151 1 151 264 227 377 264 38 377 377 115 377 264 264 2 38 264 114 1 264 377 264 1 377 1 151 115 264 264 1 1 377 377 1 377 264 264 377 377 264 38 377 2 377 377 38 1 377 377 1 38 151 264 264 114 151 115 1 377 264 151 38 264 38 1 264 377 1 377 377 151 264 1 1 377 38 377 377 151 1 151 1 38 151 38 377 264 377 151 264 377 38 151 151 38 264 264 228 151 264 1 38 151 1 151 377 377 264 264 2 151 377 1 1 1 377 377 264 151 151 377 377 264 377 264 377 151 114 38 264 1 264 151 377 264 151 264 151 377 377 377 38 38 264 1 38 377 377 38 264 377 264 377 38 2 151 264 151 115 264 264 151 264 114 151 264 151 38 115 38 377 1 151 151 151 151 377 151 377 151 151 1 38 151 2 2 264 114 151 151 377 264 264 115 377 264 1 377 38 151 114 377 151 38 264 151 377 264 264 1 114 377 377 151 264 264 264 1 151 115 151 114 377 114 264 38 38 377 377 151 151 151 264 38 38 264 377 38 38 1 264 151 38 151 115 1 38 377 1 38 377 264 377 2 377 264 38 377 114 377 264 377 377 
c [Incremental] Max used label: 377.
c [Incremental] Label 377 is removed from searching.
c [Incremental] Solving for max label = 376:
c [Incremental] Solving duration: 484 ms.
s [Incremental] SAT (label = 376).
c [Incremental] Label assignment: 376 150 1 150 150 263 1 376 1 1 376 376 1 263 150 114 263 376 376 114 1 1 263 114 1 2 114 150 1 150 263 376 1 376 263 1 150 376 263 150 263 263 376 376 263 376 150 1 263 263 227 263 263 1 376 263 1 376 376 263 1 150 263 263 263 376 114 150 263 263 37 376 376 150 263 376 1 376 263 1 114 376 114 150 263 263 1 1 376 376 376 37 150 114 1 263 376 1 150 376 376 37 263 376 150 376 150 376 2 376 263 263 376 263 150 1 2 1 228 376 1 114 376 376 1 114 150 263 263 2 263 37 1 150 150 150 376 150 1 376 376 114 1 150 263 263 114 150 376 376 1 263 1 263 150 114 228 227 263 263 376 150 228 150 263 376 1 263 37 115 263 263 376 114 376 1 37 37 150 263 263 376 114 376 263 263 263 114 376 376 376 376 37 150 1 376 263 2 1 150 37 150 150 150 376 150 37 376 1 150 376 150 37 376 37 263 376 150 37 1 263 114 376 263 150 263 114 150 263 37 1 150 150 376 263 376 376 263 114 263 263 37 2 114 2 263 263 376 227 150 150 376 376 376 376 150 263 376 37 263 263 263 37 263 114 263 150 376 263 376 150 150 376 1 150 376 376 263 1 150 37 2 114 376 227 376 37 376 37 263 150 150 1 1 263 37 376 115 376 263 376 150 376 263 376 263 228 263 376 376 2 1 150 37 37 114 1 37 263 1 263 263 1 150 376 150 376 263 263 150 1 150 263 227 376 263 37 376 376 115 376 263 263 2 37 263 114 1 263 376 263 1 376 1 150 115 263 263 1 1 376 376 1 376 263 263 376 376 263 37 376 2 376 376 37 1 376 376 1 37 150 263 263 114 150 115 1 376 263 150 37 263 37 1 263 376 1 376 376 150 263 1 1 376 37 376 376 150 1 150 1 37 150 37 376 263 376 150 263 376 37 150 150 37 263 263 228 150 263 1 37 150 1 150 376 376 263 263 2 150 376 1 1 1 376 376 263 150 150 376 376 263 376 263 376 150 114 37 263 1 263 150 376 263 150 263 150 376 376 376 37 37 263 1 37 376 376 37 263 376 263 376 37 2 150 263 150 115 263 263 150 263 114 150 263 150 37 115 37 376 1 150 150 150 150 376 150 376 150 150 1 37 150 2 2 263 114 150 150 376 263 263 115 376 263 1 376 37 150 114 376 150 37 263 150 376 263 263 1 114 376 376 150 263 263 263 1 150 115 150 114 376 114 263 37 37 376 376 150 150 150 263 37 37 263 376 37 37 1 263 150 37 150 115 1 37 376 1 37 376 263 376 2 376 263 37 376 114 376 263 376 376 
c [Incremental] Max used label: 376.
c [Incremental] Label 376 is removed from searching.
c [Incremental] Solving for max label = 375:
c [Incremental] Solving duration: 503 ms.
s [Incremental] SAT (label = 375).
c [Incremental] Label assignment: 375 149 1 149 149 262 1 375 1 1 375 375 1 262 149 114 262 375 375 114 1 1 262 114 1 2 114 149 1 149 262 375 1 375 262 1 149 375 262 149 262 262 375 375 262 375 149 1 262 262 227 262 262 1 375 262 1 375 375 262 1 149 262 262 262 375 114 149 262 262 36 375 375 149 262 375 1 375 262 1 114 375 114 149 262 262 1 1 375 375 375 36 149 114 1 262 375 1 149 375 375 36 262 375 149 375 149 375 2 375 262 262 375 262 149 1 2 1 228 375 1 114 375 375 1 114 149 262 262 2 262 36 1 149 149 149 375 149 1 375 375 114 1 149 262 262 114 149 375 375 1 262 1 262 149 114 228 227 262 262 375 149 228 149 262 375 1 262 36 115 262 262 375 114 375 1 36 36 149 262 262 375 114 375 262 262 262 114 375 375 375 375 36 149 1 375 262 2 1 149 36 149 149 149 375 149 36 375 1 149 375 149 36 375 36 262 375 149 36 1 262 114 375 262 149 262 114 149 262 36 1 149 149 375 262 375 375 262 114 262 262 36 2 114 2 262 262 375 227 149 149 375 375 375 375 149 262 375 36 262 262 262 36 262 114 262 149 375 262 375 149 149 375 1 149 375 375 262 1 149 36 2 114 375 227 375 36 375 36 262 149 149 1 1 262 36 375 115 375 262 375 149 375 262 375 262 228 262 375 375 2 1 149 36 36 114 1 36 262 1 262 262 1 149 375 149 375 262 262 149 1 149 262 227 375 262 36 375 375 115 375 262 262 2 36 262 114 1 262 375 262 1 375 1 149 115 262 262 1 1 375 375 1 375 262 262 375 375 262 36 375 2 375 375 36 1 375 375 1 36 149 262 262 114 149 115 1 375 262 149 36 262 36 1 262 375 1 375 375 149 262 1 1 375 36 375 375 149 1 149 1 36 149 36 375 262 375 149 262 375 36 149 149 36 262 262 228 149 262 1 36 149 1 149 375 375 262 262 2 149 375 1 1 1 375 375 262 149 149 375 375 262 375 262 375 149 114 36 262 1 262 149 375 262 149 262 149 375 375 375 36 36 262 1 36 375 375 36 262 375 262 375 36 2 149 262 149 115 262 262 149 262 114 149 262 149 36 115 36 375 1 149 149 149 149 375 149 375 149 149 1 36 149 2 2 262 114 149 149 375 262 262 115 375 262 1 375 36 149 114 375 149 36 262 149 375 262 262 1 114 375 375 149 262 262 262 1 149 115 149 114 375 114 262 36 36 375 375 149 149 149 262 36 36 262 375 36 36 1 262 149 36 149 115 1 36 375 1 36 375 262 375 2 375 262 36 375 114 375 262 375 375 
c [Incremental] Max used label: 375.
c [Incremental] Label 375 is removed from searching.
c [Incremental] Solving for max label = 374:
c [Incremental] Solving duration: 534 ms.
s [Incremental] SAT (label = 374).
c [Incremental] Label assignment: 374 148 1 148 148 261 1 374 1 1 374 374 1 261 148 114 261 374 374 114 1 1 261 114 1 2 114 148 1 148 261 374 1 374 261 1 148 374 261 148 261 261 374 374 261 374 148 1 261 261 227 261 261 1 374 261 1 374 374 261 1 148 261 261 261 374 114 148 261 261 35 374 374 148 261 374 1 374 261 1 114 374 114 148 261 261 1 1 374 374 374 35 148 114 1 261 374 1 148 374 374 35 261 374 148 374 148 374 2 374 261 261 374 261 148 1 2 1 228 374 1 114 374 374 1 114 148 261 261 2 261 35 1 148 148 148 374 148 1 374 374 114 1 148 261 261 114 148 374 374 1 261 1 261 148 114 228 227 261 261 374 148 228 148 261 374 1 261 35 115 261 261 374 114 374 1 35 35 148 261 261 374 114 374 261 261 261 114 374 374 374 374 35 148 1 374 261 2 1 148 35 148 148 148 374 148 35 374 1 148 374 148 35 374 35 261 374 148 35 1 261 114 374 261 148 261 114 148 261 35 1 148 148 374 261 374 374 261 114 261 261 35 2 114 2 261 261 374 227 148 148 374 374 374 374 148 261 374 35 261 261 261 35 261 114 261 148 374 261 374 148 148 374 1 148 374 374 261 1 148 35 2 114 374 227 374 35 374 35 261 148 148 1 1 261 35 374 115 374 261 374 148 374 261 374 261 228 261 374 374 2 1 148 35 35 114 1 35 261 1 261 261 1 148 374 148 374 261 261 148 1 148 261 227 374 261 35 374 374 115 374 261 261 2 35 261 114 1 261 374 261 1 374 1 148 115 261 261 1 1 374 374 1 374 261 261 374 374 261 35 374 2 374 374 35 1 374 374 1 35 148 261 261 114 148 115 1 374 261 148 35 261 35 1 261 374 1 374 374 148 261 1 1 374 35 374 374 148 1 148 1 35 148 35 374 261 374 148 261 374 35 148 148 35 261 261 228 148 261 1 35 148 1 148 374 374 261 261 2 148 374 1 1 1 374 374 261 148 148 374 374 261 374 261 374 148 114 35 261 1 261 148 374 261 148 261 148 374 374 374 35 35 261 1 35 374 374 35 261 374 261 374 35 2 148 261 148 115 261 261 148 261 114 148 261 148 35 115 35 374 1 148 148 148 148 374 148 374 148 148 1 35 148 2 2 261 114 148 148 374 261 261 115 374 261 1 374 35 148 114 374 148 35 261 148 374 261 261 1 114 374 374 148 261 261 261 1 148 115 148 114 374 114 261 35 35 374 374 148 148 148 261 35 35 261 374 35 35 1 261 148 35 148 115 1 35 374 1 35 374 261 374 2 374 261 35 374 114 374 261 374 374 
c [Incremental] Max used label: 374.
c [Incremental] Label 374 is removed from searching.
c [Incremental] Solving for max label = 373:
c [Incremental] Solving duration: 518 ms.
s [Incremental] SAT (label = 373).
c [Incremental] Label assignment: 373 147 1 147 147 260 1 373 1 1 373 373 1 260 147 114 260 373 373 114 1 1 260 114 1 2 114 147 1 147 260 373 1 373 260 1 147 373 260 147 260 260 373 373 260 373 147 1 260 260 227 260 260 1 373 260 1 373 373 260 1 147 260 260 260 373 114 147 260 260 34 373 373 147 260 373 1 373 260 1 114 373 114 147 260 260 1 1 373 373 373 34 147 114 1 260 373 1 147 373 373 34 260 373 147 373 147 373 2 373 260 260 373 260 147 1 2 1 228 373 1 114 373 373 1 114 147 260 260 2 260 34 1 147 147 147 373 147 1 373 373 114 1 147 260 260 114 147 373 373 1 260 1 260 147 114 228 227 260 260 373 147 228 147 260 373 1 260 34 115 260 260 373 114 373 1 34 34 147 260 260 373 114 373 260 260 260 114 373 373 373 373 34 147 1 373 260 2 1 147 34 147 147 147 373 147 34 373 1 147 373 147 34 373 34 260 373 147 34 1 260 114 373 260 147 260 114 147 260 34 1 147 147 373 260 373 373 260 114 260 260 34 2 114 2 260 260 373 227 147 147 373 373 373 373 147 260 373 34 260 260 260 34 260 114 260 147 373 260 373 147 147 373 1 147 373 373 260 1 147 34 2 114 373 227 373 34 373 34 260 147 147 1 1 260 34 373 115 373 260 373 147 373 260 373 260 228 260 373 373 2 1 147 34 34 114 1 34 260 1 260 260 1 147 373 147 373 260 260 147 1 147 260 227 373 260 34 373 373 115 373 260 260 2 34 260 114 1 260 373 260 1 373 1 147 115 260 260 1 1 373 373 1 373 260 260 373 373 260 34 373 2 373 373 34 1 373 373 1 34 147 260 260 114 147 115 1 373 260 147 34 260 34 1 260 373 1 373 373 147 260 1 1 373 34 373 373 147 1 147 1 34 147 34 373 260 373 147 260 373 34 147 147 34 260 260 228 147 260 1 34 147 1 147 373 373 260 260 2 147 373 1 1 1 373 373 260 147 147 373 373 260 373 260 373 147 114 34 260 1 260 147 373 260 147 260 147 373 373 373 34 34 260 1 34 373 373 34 260 373 260 373 34 2 147 260 147 115 260 260 147 260 114 147 260 147 34 115 34 373 1 147 147 147 147 373 147 373 147 147 1 34 147 2 2 260 114 147 147 373 260 260 115 373 260 1 373 34 147 114 373 147 34 260 147 373 260 260 1 114 373 373 147 260 260 260 1 147 115 147 114 373 114 260 34 34 373 373 147 147 147 260 34 34 260 373 34 34 1 260 147 34 147 115 1 34 373 1 34 373 260 373 2 373 260 34 373 114 373 260 373 373 
c [Incremental] Max used label: 373.
c [Incremental] Label 373 is removed from searching.
c [Incremental] Solving for max label = 372:
c [Incremental] Solving duration: 512 ms.
s [Incremental] SAT (label = 372).
c [Incremental] Label assignment: 372 146 1 146 146 259 1 372 1 1 372 372 1 259 146 114 259 372 372 114 1 1 259 114 1 2 114 146 1 146 259 372 1 372 259 1 146 372 259 146 259 259 372 372 259 372 146 1 259 259 227 259 259 1 372 259 1 372 372 259 1 146 259 259 259 372 114 146 259 259 33 372 372 146 259 372 1 372 259 1 114 372 114 146 259 259 1 1 372 372 372 33 146 114 1 259 372 1 146 372 372 33 259 372 146 372 146 372 2 372 259 259 372 259 146 1 2 1 228 372 1 114 372 372 1 114 146 259 259 2 259 33 1 146 146 146 372 146 1 372 372 114 1 146 259 259 114 146 372 372 1 259 1 259 146 114 228 227 259 259 372 146 228 146 259 372 1 259 33 115 259 259 372 114 372 1 33 33 146 259 259 372 114 372 259 259 259 114 372 372 372 372 33 146 1 372 259 2 1 146 33 146 146 146 372 146 33 372 1 146 372 146 33 372 33 259 372 146 33 1 259 114 372 259 146 259 114 146 259 33 1 146 146 372 259 372 372 259 114 259 259 33 2 114 2 259 259 372 227 146 146 372 372 372 372 146 259 372 33 259 259 259 33 259 114 259 146 372 259 372 146 146 372 1 146 372 372 259 1 146 33 2 114 372 227 372 33 372 33 259 146 146 1 1 259 33 372 115 372 259 372 146 372 259 372 259 228 259 372 372 2 1 146 33 33 114 1 33 259 1 259 259 1 146 372 146 372 259 259 146 1 146 259 227 372 259 33 372 372 115 372 259 259 2 33 259 114 1 259 372 259 1 372 1 146 115 259 259 1 1 372 372 1 372 259 259 372 372 259 33 372 2 372 372 33 1 372 372 1 33 146 259 259 114 146 115 1 372 259 146 33 259 33 1 259 372 1 372 372 146 259 1 1 372 33 372 372 146 1 146 1 33 146 33 372 259 372 146 259 372 33 146 146 33 259 259 228 146 259 1 33 146 1 146 372 372 259 259 2 146 372 1 1 1 372 372 259 146 146 372 372 259 372 259 372 146 114 33 259 1 259 146 372 259 146 259 146 372 372 372 33 33 259 1 33 372 372 33 259 372 259 372 33 2 146 259 146 115 259 259 146 259 114 146 259 146 33 115 33 372 1 146 146 146 146 372 146 372 146 146 1 33 146 2 2 259 114 146 146 372 259 259 115 372 259 1 372 33 146 114 372 146 33 259 146 372 259 259 1 114 372 372 146 259 259 259 1 146 115 146 114 372 114 259 33 33 372 372 146 146 146 259 33 33 259 372 33 33 1 259 146 33 146 115 1 33 372 1 33 372 259 372 2 372 259 33 372 114 372 259 372 372 
c [Incremental] Max used label: 372.
c [Incremental] Label 372 is removed from searching.
c [Incremental] Solving for max label = 371:
c [Incremental] Solving duration: 496 ms.
s [Incremental] SAT (label = 371).
c [Incremental] Label assignment: 371 145 1 145 145 258 1 371 1 1 371 371 1 258 145 114 258 371 371 114 1 1 258 114 1 2 114 145 1 145 258 371 1 371 258 1 145 371 258 145 258 258 371 371 258 371 145 1 258 258 227 258 258 1 371 258 1 371 371 258 1 145 258 258 258 371 114 145 258 258 32 371 371 145 258 371 1 371 258 1 114 371 114 145 258 258 1 1 371 371 371 32 145 114 1 258 371 1 145 371 371 32 258 371 145 371 145 371 2 371 258 258 371 258 145 1 2 1 228 371 1 114 371 371 1 114 145 258 258 2 258 32 1 145 145 145 371 145 1 371 371 114 1 145 258 258 114 145 371 371 1 258 1 258 145 114 228 227 258 258 371 145 228 145 258 371 1 258 32 115 258 258 371 114 371 1 32 32 145 258 258 371 114 371 258 258 258 114 371 371 371 371 32 145 1 371 258 2 1 145 32 145 145 145 371 145 32 371 1 145 371 145 32 371 32 258 371 145 32 1 258 114 371 258 145 258 114 145 258 32 1 145 145 371 258 371 371 258 114 258 258 32 2 114 2 258 258 371 227 145 145 371 371 371 371 145 258 371 32 258 258 258 32 258 114 258 145 371 258 371 145 145 371 1 145 371 371 258 1 145 32 2 114 371 227 371 32 371 32 258 145 145 1 1 258 32 371 115 371 258 371 145 371 258 371 258 228 258 371 371 2 1 145 32 32 114 1 32 258 1 258 258 1 145 371 145 371 258 258 145 1 145 258 227 371 258 32 371 371 115 371 258 258 2 32 258 114 1 258 371 258 1 371 1 145 115 258 258 1 1 371 371 1 371 258 258 371 371 258 32 371 2 371 371 32 1 371 371 1 32 145 258 258 114 145 115 1 371 258 145 32 258 32 1 258 371 1 371 371 145 258 1 1 371 32 371 371 145 1 145 1 32 145 32 371 258 371 145 258 371 32 145 145 32 258 258 228 145 258 1 32 145 1 145 371 371 258 258 2 145 371 1 1 1 371 371 258 145 145 371 371 258 371 258 371 145 114 32 258 1 258 145 371 258 145 258 145 371 371 371 32 32 258 1 32 371 371 32 258 371 258 371 32 2 145 258 145 115 258 258 145 258 114 145 258 145 32 115 32 371 1 145 145 145 145 371 145 371 145 145 1 32 145 2 2 258 114 145 145 371 258 258 115 371 258 1 371 32 145 114 371 145 32 258 145 371 258 258 1 114 371 371 145 258 258 258 1 145 115 145 114 371 114 258 32 32 371 371 145 145 145 258 32 32 258 371 32 32 1 258 145 32 145 115 1 32 371 1 32 371 258 371 2 371 258 32 371 114 371 258 371 371 
c [Incremental] Max used label: 371.
c [Incremental] Label 371 is removed from searching.
c [Incremental] Solving for max label = 370:
c [Incremental] Solving duration: 485 ms.
s [Incremental] SAT (label = 370).
c [Incremental] Label assignment: 370 144 1 144 144 257 1 370 1 1 370 370 1 257 144 114 257 370 370 114 1 1 257 114 1 2 114 144 1 144 257 370 1 370 257 1 144 370 257 144 257 257 370 370 257 370 144 1 257 257 227 257 257 1 370 257 1 370 370 257 1 144 257 257 257 370 114 144 257 257 31 370 370 144 257 370 1 370 257 1 114 370 114 144 257 257 1 1 370 370 370 31 144 114 1 257 370 1 144 370 370 31 257 370 144 370 144 370 2 370 257 257 370 257 144 1 2 1 228 370 1 114 370 370 1 114 144 257 257 2 257 31 1 144 144 144 370 144 1 370 370 114 1 144 257 257 114 144 370 370 1 257 1 257 144 114 228 227 257 257 370 144 228 144 257 370 1 257 31 115 257 257 370 114 370 1 31 31 144 257 257 370 114 370 257 257 257 114 370 370 370 370 31 144 1 370 257 2 1 144 31 144 144 144 370 144 31 370 1 144 370 144 31 370 31 257 370 144 31 1 257 114 370 257 144 257 114 144 257 31 1 144 144 370 257 370 370 257 114 257 257 31 2 114 2 257 257 370 227 144 144 370 370 370 370 144 257 370 31 257 257 257 31 257 114 257 144 370 257 370 144 144 370 1 144 370 370 257 1 144 31 2 114 370 227 370 31 370 31 257 144 144 1 1 257 31 370 115 370 257 370 144 370 257 370 257 228 257 370 370 2 1 144 31 31 114 1 31 257 1 257 257 1 144 370 144 370 257 257 144 1 144 257 227 370 257 31 370 370 115 370 257 257 2 31 257 114 1 257 370 257 1 370 1 144 115 257 257 1 1 370 370 1 370 257 257 370 370 257 31 370 2 370 370 31 1 370 370 1 31 144 257 257 114 144 115 1 370 257 144 31 257 31 1 257 370 1 370 370 144 257 1 1 370 31 370 370 144 1 144 1 31 144 31 370 257 370 144 257 370 31 144 144 31 257 257 228 144 257 1 31 144 1 144 370 370 257 257 2 144 370 1 1 1 370 370 257 144 144 370 370 257 370 257 370 144 114 31 257 1 257 144 370 257 144 257 144 370 370 370 31 31 257 1 31 370 370 31 257 370 257 370 31 2 144 257 144 115 257 257 144 257 114 144 257 144 31 115 31 370 1 144 144 144 144 370 144 370 144 144 1 31 144 2 2 257 114 144 144 370 257 257 115 370 257 1 370 31 144 114 370 144 31 257 144 370 257 257 1 114 370 370 144 257 257 257 1 144 115 144 114 370 114 257 31 31 370 370 144 144 144 257 31 31 257 370 31 31 1 257 144 31 144 115 1 31 370 1 31 370 257 370 2 370 257 31 370 114 370 257 370 370 
c [Incremental] Max used label: 370.
c [Incremental] Label 370 is removed from searching.
c [Incremental] Solving for max label = 369:
c [Incremental] Solving duration: 514 ms.
s [Incremental] SAT (label = 369).
c [Incremental] Label assignment: 369 143 1 143 143 256 1 369 1 1 369 369 1 256 143 114 256 369 369 114 1 1 256 114 1 2 114 143 1 143 256 369 1 369 256 1 143 369 256 143 256 256 369 369 256 369 143 1 256 256 227 256 256 1 369 256 1 369 369 256 1 143 256 256 256 369 114 143 256 256 30 369 369 143 256 369 1 369 256 1 114 369 114 143 256 256 1 1 369 369 369 30 143 114 1 256 369 1 143 369 369 30 256 369 143 369 143 369 2 369 256 256 369 256 143 1 2 1 228 369 1 114 369 369 1 114 143 256 256 2 256 30 1 143 143 143 369 143 1 369 369 114 1 143 256 256 114 143 369 369 1 256 1 256 143 114 228 227 256 256 369 143 228 143 256 369 1 256 30 115 256 256 369 114 369 1 30 30 143 256 256 369 114 369 256 256 256 114 369 369 369 369 30 143 1 369 256 2 1 143 30 143 143 143 369 143 30 369 1 143 369 143 30 369 30 256 369 143 30 1 256 114 369 256 143 256 114 143 256 30 1 143 143 369 256 369 369 256 114 256 256 30 2 114 2 256 256 369 227 143 143 369 369 369 369 143 256 369 30 256 256 256 30 256 114 256 143 369 256 369 143 143 369 1 143 369 369 256 1 143 30 2 114 369 227 369 30 369 30 256 143 143 1 1 256 30 369 115 369 256 369 143 369 256 369 256 228 256 369 369 2 1 143 30 30 114 1 30 256 1 256 256 1 143 369 143 369 256 256 143 1 143 256 227 369 256 30 369 369 115 369 256 256 2 30 256 114 1 256 369 256 1 369 1 143 115 256 256 1 1 369 369 1 369 256 256 369 369 256 30 369 2 369 369 30 1 369 369 1 30 143 256 256 114 143 115 1 369 256 143 30 256 30 1 256 369 1 369 369 143 256 1 1 369 30 369 369 143 1 143 1 30 143 30 369 256 369 143 256 369 30 143 143 30 256 256 228 143 256 1 30 143 1 143 369 369 256 256 2 143 369 1 1 1 369 369 256 143 143 369 369 256 369 256 369 143 114 30 256 1 256 143 369 256 143 256 143 369 369 369 30 30 256 1 30 369 369 30 256 369 256 369 30 2 143 256 143 115 256 256 143 256 114 143 256 143 30 115 30 369 1 143 143 143 143 369 143 369 143 143 1 30 143 2 2 256 114 143 143 369 256 256 115 369 256 1 369 30 143 114 369 143 30 256 143 369 256 256 1 114 369 369 143 256 256 256 1 143 115 143 114 369 114 256 30 30 369 369 143 143 143 256 30 30 256 369 30 30 1 256 143 30 143 115 1 30 369 1 30 369 256 369 2 369 256 30 369 114 369 256 369 369 
c [Incremental] Max used label: 369.
c [Incremental] Label 369 is removed from searching.
c [Incremental] Solving for max label = 368:
c [Incremental] Solving duration: 506 ms.
s [Incremental] SAT (label = 368).
c [Incremental] Label assignment: 368 142 1 142 142 255 1 368 1 1 368 368 1 255 142 114 255 368 368 114 1 1 255 114 1 2 114 142 1 142 255 368 1 368 255 1 142 368 255 142 255 255 368 368 255 368 142 1 255 255 227 255 255 1 368 255 1 368 368 255 1 142 255 255 255 368 114 142 255 255 29 368 368 142 255 368 1 368 255 1 114 368 114 142 255 255 1 1 368 368 368 29 142 114 1 255 368 1 142 368 368 29 255 368 142 368 142 368 2 368 255 255 368 255 142 1 2 1 228 368 1 114 368 368 1 114 142 255 255 2 255 29 1 142 142 142 368 142 1 368 368 114 1 142 255 255 114 142 368 368 1 255 1 255 142 114 228 227 255 255 368 142 228 142 255 368 1 255 29 115 255 255 368 114 368 1 29 29 142 255 255 368 114 368 255 255 255 114 368 368 368 368 29 142 1 368 255 2 1 142 29 142 142 142 368 142 29 368 1 142 368 142 29 368 29 255 368 142 29 1 255 114 368 255 142 255 114 142 255 29 1 142 142 368 255 368 368 255 114 255 255 29 2 114 2 255 255 368 227 142 142 368 368 368 368 142 255 368 29 255 255 255 29 255 114 255 142 368 255 368 142 142 368 1 142 368 368 255 1 142 29 2 114 368 227 368 29 368 29 255 142 142 1 1 255 29 368 115 368 255 368 142 368 255 368 255 228 255 368 368 2 1 142 29 29 114 1 29 255 1 255 255 1 142 368 142 368 255 255 142 1 142 255 227 368 255 29 368 368 115 368 255 255 2 29 255 114 1 255 368 255 1 368 1 142 115 255 255 1 1 368 368 1 368 255 255 368 368 255 29 368 2 368 368 29 1 368 368 1 29 142 255 255 114 142 115 1 368 255 142 29 255 29 1 255 368 1 368 368 142 255 1 1 368 29 368 368 142 1 142 1 29 142 29 368 255 368 142 255 368 29 142 142 29 255 255 228 142 255 1 29 142 1 142 368 368 255 255 2 142 368 1 1 1 368 368 255 142 142 368 368 255 368 255 368 142 114 29 255 1 255 142 368 255 142 255 142 368 368 368 29 29 255 1 29 368 368 29 255 368 255 368 29 2 142 255 142 115 255 255 142 255 114 142 255 142 29 115 29 368 1 142 142 142 142 368 142 368 142 142 1 29 142 2 2 255 114 142 142 368 255 255 115 368 255 1 368 29 142 114 368 142 29 255 142 368 255 255 1 114 368 368 142 255 255 255 1 142 115 142 114 368 114 255 29 29 368 368 142 142 142 255 29 29 255 368 29 29 1 255 142 29 142 115 1 29 368 1 29 368 255 368 2 368 255 29 368 114 368 255 368 368 
c [Incremental] Max used label: 368.
c [Incremental] Label 368 is removed from searching.
c [Incremental] Solving for max label = 367:
c [Incremental] Solving duration: 518 ms.
s [Incremental] SAT (label = 367).
c [Incremental] Label assignment: 367 141 1 141 141 254 1 367 1 1 367 367 1 254 141 114 254 367 367 114 1 1 254 114 1 2 114 141 1 141 254 367 1 367 254 1 141 367 254 141 254 254 367 367 254 367 141 1 254 254 227 254 254 1 367 254 1 367 367 254 1 141 254 254 254 367 114 141 254 254 28 367 367 141 254 367 1 367 254 1 114 367 114 141 254 254 1 1 367 367 367 28 141 114 1 254 367 1 141 367 367 28 254 367 141 367 141 367 2 367 254 254 367 254 141 1 2 1 228 367 1 114 367 367 1 114 141 254 254 2 254 28 1 141 141 141 367 141 1 367 367 114 1 141 254 254 114 141 367 367 1 254 1 254 141 114 228 227 254 254 367 141 228 141 254 367 1 254 28 115 254 254 367 114 367 1 28 28 141 254 254 367 114 367 254 254 254 114 367 367 367 367 28 141 1 367 254 2 1 141 28 141 141 141 367 141 28 367 1 141 367 141 28 367 28 254 367 141 28 1 254 114 367 254 141 254 114 141 254 28 1 141 141 367 254 367 367 254 114 254 254 28 2 114 2 254 254 367 227 141 141 367 367 367 367 141 254 367 28 254 254 254 28 254 114 254 141 367 254 367 141 141 367 1 141 367 367 254 1 141 28 2 114 367 227 367 28 367 28 254 141 141 1 1 254 28 367 115 367 254 367 141 367 254 367 254 228 254 367 367 2 1 141 28 28 114 1 28 254 1 254 254 1 141 367 141 367 254 254 141 1 141 254 227 367 254 28 367 367 115 367 254 254 2 28 254 114 1 254 367 254 1 367 1 141 115 254 254 1 1 367 367 1 367 254 254 367 367 254 28 367 2 367 367 28 1 367 367 1 28 141 254 254 114 141 115 1 367 254 141 28 254 28 1 254 367 1 367 367 141 254 1 1 367 28 367 367 141 1 141 1 28 141 28 367 254 367 141 254 367 28 141 141 28 254 254 228 141 254 1 28 141 1 141 367 367 254 254 2 141 367 1 1 1 367 367 254 141 141 367 367 254 367 254 367 141 114 28 254 1 254 141 367 254 141 254 141 367 367 367 28 28 254 1 28 367 367 28 254 367 254 367 28 2 141 254 141 115 254 254 141 254 114 141 254 141 28 115 28 367 1 141 141 141 141 367 141 367 141 141 1 28 141 2 2 254 114 141 141 367 254 254 115 367 254 1 367 28 141 114 367 141 28 254 141 367 254 254 1 114 367 367 141 254 254 254 1 141 115 141 114 367 114 254 28 28 367 367 141 141 141 254 28 28 254 367 28 28 1 254 141 28 141 115 1 28 367 1 28 367 254 367 2 367 254 28 367 114 367 254 367 367 
c [Incremental] Max used label: 367.
c [Incremental] Label 367 is removed from searching.
c [Incremental] Solving for max label = 366:
c [Incremental] Solving duration: 502 ms.
s [Incremental] SAT (label = 366).
c [Incremental] Label assignment: 366 140 1 140 140 253 1 366 1 1 366 366 1 253 140 114 253 366 366 114 1 1 253 114 1 2 114 140 1 140 253 366 1 366 253 1 140 366 253 140 253 253 366 366 253 366 140 1 253 253 227 253 253 1 366 253 1 366 366 253 1 140 253 253 253 366 114 140 253 253 27 366 366 140 253 366 1 366 253 1 114 366 114 140 253 253 1 1 366 366 366 27 140 114 1 253 366 1 140 366 366 27 253 366 140 366 140 366 2 366 253 253 366 253 140 1 2 1 228 366 1 114 366 366 1 114 140 253 253 2 253 27 1 140 140 140 366 140 1 366 366 114 1 140 253 253 114 140 366 366 1 253 1 253 140 114 228 227 253 253 366 140 228 140 253 366 1 253 27 115 253 253 366 114 366 1 27 27 140 253 253 366 114 366 253 253 253 114 366 366 366 366 27 140 1 366 253 2 1 140 27 140 140 140 366 140 27 366 1 140 366 140 27 366 27 253 366 140 27 1 253 114 366 253 140 253 114 140 253 27 1 140 140 366 253 366 366 253 114 253 253 27 2 114 2 253 253 366 227 140 140 366 366 366 366 140 253 366 27 253 253 253 27 253 114 253 140 366 253 366 140 140 366 1 140 366 366 253 1 140 27 2 114 366 227 366 27 366 27 253 140 140 1 1 253 27 366 115 366 253 366 140 366 253 366 253 228 253 366 366 2 1 140 27 27 114 1 27 253 1 253 253 1 140 366 140 366 253 253 140 1 140 253 227 366 253 27 366 366 115 366 253 253 2 27 253 114 1 253 366 253 1 366 1 140 115 253 253 1 1 366 366 1 366 253 253 366 366 253 27 366 2 366 366 27 1 366 366 1 27 140 253 253 114 140 115 1 366 253 140 27 253 27 1 253 366 1 366 366 140 253 1 1 366 27 366 366 140 1 140 1 27 140 27 366 253 366 140 253 366 27 140 140 27 253 253 228 140 253 1 27 140 1 140 366 366 253 253 2 140 366 1 1 1 366 366 253 140 140 366 366 253 366 253 366 140 114 27 253 1 253 140 366 253 140 253 140 366 366 366 27 27 253 1 27 366 366 27 253 366 253 366 27 2 140 253 140 115 253 253 140 253 114 140 253 140 27 115 27 366 1 140 140 140 140 366 140 366 140 140 1 27 140 2 2 253 114 140 140 366 253 253 115 366 253 1 366 27 140 114 366 140 27 253 140 366 253 253 1 114 366 366 140 253 253 253 1 140 115 140 114 366 114 253 27 27 366 366 140 140 140 253 27 27 253 366 27 27 1 253 140 27 140 115 1 27 366 1 27 366 253 366 2 366 253 27 366 114 366 253 366 366 
c [Incremental] Max used label: 366.
c [Incremental] Label 366 is removed from searching.
c [Incremental] Solving for max label = 365:
c [Incremental] Solving duration: 478 ms.
s [Incremental] SAT (label = 365).
c [Incremental] Label assignment: 365 139 1 139 139 252 1 365 1 1 365 365 1 252 139 114 252 365 365 114 1 1 252 114 1 2 114 139 1 139 252 365 1 365 252 1 139 365 252 139 252 252 365 365 252 365 139 1 252 252 227 252 252 1 365 252 1 365 365 252 1 139 252 252 252 365 114 139 252 252 26 365 365 139 252 365 1 365 252 1 114 365 114 139 252 252 1 1 365 365 365 26 139 114 1 252 365 1 139 365 365 26 252 365 139 365 139 365 2 365 252 252 365 252 139 1 2 1 228 365 1 114 365 365 1 114 139 252 252 2 252 26 1 139 139 139 365 139 1 365 365 114 1 139 252 252 114 139 365 365 1 252 1 252 139 114 228 227 252 252 365 139 228 139 252 365 1 252 26 115 252 252 365 114 365 1 26 26 139 252 252 365 114 365 252 252 252 114 365 365 365 365 26 139 1 365 252 2 1 139 26 139 139 139 365 139 26 365 1 139 365 139 26 365 26 252 365 139 26 1 252 114 365 252 139 252 114 139 252 26 1 139 139 365 252 365 365 252 114 252 252 26 2 114 2 252 252 365 227 139 139 365 365 365 365 139 252 365 26 252 252 252 26 252 114 252 139 365 252 365 139 139 365 1 139 365 365 252 1 139 26 2 114 365 227 365 26 365 26 252 139 139 1 1 252 26 365 115 365 252 365 139 365 252 365 252 228 252 365 365 2 1 139 26 26 114 1 26 252 1 252 252 1 139 365 139 365 252 252 139 1 139 252 227 365 252 26 365 365 115 365 252 252 2 26 252 114 1 252 365 252 1 365 1 139 115 252 252 1 1 365 365 1 365 252 252 365 365 252 26 365 2 365 365 26 1 365 365 1 26 139 252 252 114 139 115 1 365 252 139 26 252 26 1 252 365 1 365 365 139 252 1 1 365 26 365 365 139 1 139 1 26 139 26 365 252 365 139 252 365 26 139 139 26 252 252 228 139 252 1 26 139 1 139 365 365 252 252 2 139 365 1 1 1 365 365 252 139 139 365 365 252 365 252 365 139 114 26 252 1 252 139 365 252 139 252 139 365 365 365 26 26 252 1 26 365 365 26 252 365 252 365 26 2 139 252 139 115 252 252 139 252 114 139 252 139 26 115 26 365 1 139 139 139 139 365 139 365 139 139 1 26 139 2 2 252 114 139 139 365 252 252 115 365 252 1 365 26 139 114 365 139 26 252 139 365 252 252 1 114 365 365 139 252 252 252 1 139 115 139 114 365 114 252 26 26 365 365 139 139 139 252 26 26 252 365 26 26 1 252 139 26 139 115 1 26 365 1 26 365 252 365 2 365 252 26 365 114 365 252 365 365 
c [Incremental] Max used label: 365.
c [Incremental] Label 365 is removed from searching.
c [Incremental] Solving for max label = 364:
c [Incremental] Solving duration: 486 ms.
s [Incremental] SAT (label = 364).
c [Incremental] Label assignment: 364 138 1 138 138 251 1 364 1 1 364 364 1 251 138 114 251 364 364 114 1 1 251 114 1 2 114 138 1 138 251 364 1 364 251 1 138 364 251 138 251 251 364 364 251 364 138 1 251 251 227 251 251 1 364 251 1 364 364 251 1 138 251 251 251 364 114 138 251 251 25 364 364 138 251 364 1 364 251 1 114 364 114 138 251 251 1 1 364 364 364 25 138 114 1 251 364 1 138 364 364 25 251 364 138 364 138 364 2 364 251 251 364 251 138 1 2 1 228 364 1 114 364 364 1 114 138 251 251 2 251 25 1 138 138 138 364 138 1 364 364 114 1 138 251 251 114 138 364 364 1 251 1 251 138 114 228 227 251 251 364 138 228 138 251 364 1 251 25 115 251 251 364 114 364 1 25 25 138 251 251 364 114 364 251 251 251 114 364 364 364 364 25 138 1 364 251 2 1 138 25 138 138 138 364 138 25 364 1 138 364 138 25 364 25 251 364 138 25 1 251 114 364 251 138 251 114 138 251 25 1 138 138 364 251 364 364 251 114 251 251 25 2 114 2 251 251 364 227 138 138 364 364 364 364 138 251 364 25 251 251 251 25 251 114 251 138 364 251 364 138 138 364 1 138 364 364 251 1 138 25 2 114 364 227 364 25 364 25 251 138 138 1 1 251 25 364 115 364 251 364 138 364 251 364 251 228 251 364 364 2 1 138 25 25 114 1 25 251 1 251 251 1 138 364 138 364 251 251 138 1 138 251 227 364 251 25 364 364 115 364 251 251 2 25 251 114 1 251 364 251 1 364 1 138 115 251 251 1 1 364 364 1 364 251 251 364 364 251 25 364 2 364 364 25 1 364 364 1 25 138 251 251 114 138 115 1 364 251 138 25 251 25 1 251 364 1 364 364 138 251 1 1 364 25 364 364 138 1 138 1 25 138 25 364 251 364 138 251 364 25 138 138 25 251 251 228 138 251 1 25 138 1 138 364 364 251 251 2 138 364 1 1 1 364 364 251 138 138 364 364 251 364 251 364 138 114 25 251 1 251 138 364 251 138 251 138 364 364 364 25 25 251 1 25 364 364 25 251 364 251 364 25 2 138 251 138 115 251 251 138 251 114 138 251 138 25 115 25 364 1 138 138 138 138 364 138 364 138 138 1 25 138 2 2 251 114 138 138 364 251 251 115 364 251 1 364 25 138 114 364 138 25 251 138 364 251 251 1 114 364 364 138 251 251 251 1 138 115 138 114 364 114 251 25 25 364 364 138 138 138 251 25 25 251 364 25 25 1 251 138 25 138 115 1 25 364 1 25 364 251 364 2 364 251 25 364 114 364 251 364 364 
c [Incremental] Max used label: 364.
c [Incremental] Label 364 is removed from searching.
c [Incremental] Solving for max label = 363:
c [Incremental] Solving duration: 485 ms.
s [Incremental] SAT (label = 363).
c [Incremental] Label assignment: 363 137 1 137 137 250 1 363 1 1 363 363 1 250 137 114 250 363 363 114 1 1 250 114 1 2 114 137 1 137 250 363 1 363 250 1 137 363 250 137 250 250 363 363 250 363 137 1 250 250 227 250 250 1 363 250 1 363 363 250 1 137 250 250 250 363 114 137 250 250 24 363 363 137 250 363 1 363 250 1 114 363 114 137 250 250 1 1 363 363 363 24 137 114 1 250 363 1 137 363 363 24 250 363 137 363 137 363 2 363 250 250 363 250 137 1 2 1 228 363 1 114 363 363 1 114 137 250 250 2 250 24 1 137 137 137 363 137 1 363 363 114 1 137 250 250 114 137 363 363 1 250 1 250 137 114 228 227 250 250 363 137 228 137 250 363 1 250 24 115 250 250 363 114 363 1 24 24 137 250 250 363 114 363 250 250 250 114 363 363 363 363 24 137 1 363 250 2 1 137 24 137 137 137 363 137 24 363 1 137 363 137 24 363 24 250 363 137 24 1 250 114 363 250 137 250 114 137 250 24 1 137 137 363 250 363 363 250 114 250 250 24 2 114 2 250 250 363 227 137 137 363 363 363 363 137 250 363 24 250 250 250 24 250 114 250 137 363 250 363 137 137 363 1 137 363 363 250 1 137 24 2 114 363 227 363 24 363 24 250 137 137 1 1 250 24 363 115 363 250 363 137 363 250 363 250 228 250 363 363 2 1 137 24 24 114 1 24 250 1 250 250 1 137 363 137 363 250 250 137 1 137 250 227 363 250 24 363 363 115 363 250 250 2 24 250 114 1 250 363 250 1 363 1 137 115 250 250 1 1 363 363 1 363 250 250 363 363 250 24 363 2 363 363 24 1 363 363 1 24 137 250 250 114 137 115 1 363 250 137 24 250 24 1 250 363 1 363 363 137 250 1 1 363 24 363 363 137 1 137 1 24 137 24 363 250 363 137 250 363 24 137 137 24 250 250 228 137 250 1 24 137 1 137 363 363 250 250 2 137 363 1 1 1 363 363 250 137 137 363 363 250 363 250 363 137 114 24 250 1 250 137 363 250 137 250 137 363 363 363 24 24 250 1 24 363 363 24 250 363 250 363 24 2 137 250 137 115 250 250 137 250 114 137 250 137 24 115 24 363 1 137 137 137 137 363 137 363 137 137 1 24 137 2 2 250 114 137 137 363 250 250 115 363 250 1 363 24 137 114 363 137 24 250 137 363 250 250 1 114 363 363 137 250 250 250 1 137 115 137 114 363 114 250 24 24 363 363 137 137 137 250 24 24 250 363 24 24 1 250 137 24 137 115 1 24 363 1 24 363 250 363 2 363 250 24 363 114 363 250 363 363 
c [Incremental] Max used label: 363.
c [Incremental] Label 363 is removed from searching.
c [Incremental] Solving for max label = 362:
c [Incremental] Solving duration: 483 ms.
s [Incremental] SAT (label = 362).
c [Incremental] Label assignment: 362 136 1 136 136 249 1 362 1 1 362 362 1 249 136 114 249 362 362 114 1 1 249 114 1 2 114 136 1 136 249 362 1 362 249 1 136 362 249 136 249 249 362 362 249 362 136 1 249 249 227 249 249 1 362 249 1 362 362 249 1 136 249 249 249 362 114 136 249 249 23 362 362 136 249 362 1 362 249 1 114 362 114 136 249 249 1 1 362 362 362 23 136 114 1 249 362 1 136 362 362 23 249 362 136 362 136 362 2 362 249 249 362 249 136 1 2 1 228 362 1 114 362 362 1 114 136 249 249 2 249 23 1 136 136 136 362 136 1 362 362 114 1 136 249 249 114 136 362 362 1 249 1 249 136 114 228 227 249 249 362 136 228 136 249 362 1 249 23 115 249 249 362 114 362 1 23 23 136 249 249 362 114 362 249 249 249 114 362 362 362 362 23 136 1 362 249 2 1 136 23 136 136 136 362 136 23 362 1 136 362 136 23 362 23 249 362 136 23 1 249 114 362 249 136 249 114 136 249 23 1 136 136 362 249 362 362 249 114 249 249 23 2 114 2 249 249 362 227 136 136 362 362 362 362 136 249 362 23 249 249 249 23 249 114 249 136 362 249 362 136 136 362 1 136 362 362 249 1 136 23 2 114 362 227 362 23 362 23 249 136 136 1 1 249 23 362 115 362 249 362 136 362 249 362 249 228 249 362 362 2 1 136 23 23 114 1 23 249 1 249 249 1 136 362 136 362 249 249 136 1 136 249 227 362 249 23 362 362 115 362 249 249 2 23 249 114 1 249 362 249 1 362 1 136 115 249 249 1 1 362 362 1 362 249 249 362 362 249 23 362 2 362 362 23 1 362 362 1 23 136 249 249 114 136 115 1 362 249 136 23 249 23 1 249 362 1 362 362 136 249 1 1 362 23 362 362 136 1 136 1 23 136 23 362 249 362 136 249 362 23 136 136 23 249 249 228 136 249 1 23 136 1 136 362 362 249 249 2 136 362 1 1 1 362 362 249 136 136 362 362 249 362 249 362 136 114 23 249 1 249 136 362 249 136 249 136 362 362 362 23 23 249 1 23 362 362 23 249 362 249 362 23 2 136 249 136 115 249 249 136 249 114 136 249 136 23 115 23 362 1 136 136 136 136 362 136 362 136 136 1 23 136 2 2 249 114 136 136 362 249 249 115 362 249 1 362 23 136 114 362 136 23 249 136 362 249 249 1 114 362 362 136 249 249 249 1 136 115 136 114 362 114 249 23 23 362 362 136 136 136 249 23 23 249 362 23 23 1 249 136 23 136 115 1 23 362 1 23 362 249 362 2 362 249 23 362 114 362 249 362 362 
c [Incremental] Max used label: 362.
c [Incremental] Label 362 is removed from searching.
c [Incremental] Solving for max label = 361:
c [Incremental] Solving duration: 482 ms.
s [Incremental] SAT (label = 361).
c [Incremental] Label assignment: 361 135 1 135 135 248 1 361 1 1 361 361 1 248 135 114 248 361 361 114 1 1 248 114 1 2 114 135 1 135 248 361 1 361 248 1 135 361 248 135 248 248 361 361 248 361 135 1 248 248 227 248 248 1 361 248 1 361 361 248 1 135 248 248 248 361 114 135 248 248 22 361 361 135 248 361 1 361 248 1 114 361 114 135 248 248 1 1 361 361 361 22 135 114 1 248 361 1 135 361 361 22 248 361 135 361 135 361 2 361 248 248 361 248 135 1 2 1 228 361 1 114 361 361 1 114 135 248 248 2 248 22 1 135 135 135 361 135 1 361 361 114 1 135 248 248 114 135 361 361 1 248 1 248 135 114 228 227 248 248 361 135 228 135 248 361 1 248 22 115 248 248 361 114 361 1 22 22 135 248 248 361 114 361 248 248 248 114 361 361 361 361 22 135 1 361 248 2 1 135 22 135 135 135 361 135 22 361 1 135 361 135 22 361 22 248 361 135 22 1 248 114 361 248 135 248 114 135 248 22 1 135 135 361 248 361 361 248 114 248 248 22 2 114 2 248 248 361 227 135 135 361 361 361 361 135 248 361 22 248 248 248 22 248 114 248 135 361 248 361 135 135 361 1 135 361 361 248 1 135 22 2 114 361 227 361 22 361 22 248 135 135 1 1 248 22 361 115 361 248 361 135 361 248 361 248 228 248 361 361 2 1 135 22 22 114 1 22 248 1 248 248 1 135 361 135 361 248 248 135 1 135 248 227 361 248 22 361 361 115 361 248 248 2 22 248 114 1 248 361 248 1 361 1 135 115 248 248 1 1 361 361 1 361 248 248 361 361 248 22 361 2 361 361 22 1 361 361 1 22 135 248 248 114 135 115 1 361 248 135 22 248 22 1 248 361 1 361 361 135 248 1 1 361 22 361 361 135 1 135 1 22 135 22 361 248 361 135 248 361 22 135 135 22 248 248 228 135 248 1 22 135 1 135 361 361 248 248 2 135 361 1 1 1 361 361 248 135 135 361 361 248 361 248 361 135 114 22 248 1 248 135 361 248 135 248 135 361 361 361 22 22 248 1 22 361 361 22 248 361 248 361 22 2 135 248 135 115 248 248 135 248 114 135 248 135 22 115 22 361 1 135 135 135 135 361 135 361 135 135 1 22 135 2 2 248 114 135 135 361 248 248 115 361 248 1 361 22 135 114 361 135 22 248 135 361 248 248 1 114 361 361 135 248 248 248 1 135 115 135 114 361 114 248 22 22 361 361 135 135 135 248 22 22 248 361 22 22 1 248 135 22 135 115 1 22 361 1 22 361 248 361 2 361 248 22 361 114 361 248 361 361 
c [Incremental] Max used label: 361.
c [Incremental] Label 361 is removed from searching.
c [Incremental] Solving for max label = 360:
c [Incremental] Solving duration: 492 ms.
s [Incremental] SAT (label = 360).
c [Incremental] Label assignment: 360 134 1 134 134 247 1 360 1 1 360 360 1 247 134 114 247 360 360 114 1 1 247 114 1 2 114 134 1 134 247 360 1 360 247 1 134 360 247 134 247 247 360 360 247 360 134 1 247 247 227 247 247 1 360 247 1 360 360 247 1 134 247 247 247 360 114 134 247 247 21 360 360 134 247 360 1 360 247 1 114 360 114 134 247 247 1 1 360 360 360 21 134 114 1 247 360 1 134 360 360 21 247 360 134 360 134 360 2 360 247 247 360 247 134 1 2 1 228 360 1 114 360 360 1 114 134 247 247 2 247 21 1 134 134 134 360 134 1 360 360 114 1 134 247 247 114 134 360 360 1 247 1 247 134 114 228 227 247 247 360 134 228 134 247 360 1 247 21 115 247 247 360 114 360 1 21 21 134 247 247 360 114 360 247 247 247 114 360 360 360 360 21 134 1 360 247 2 1 134 21 134 134 134 360 134 21 360 1 134 360 134 21 360 21 247 360 134 21 1 247 114 360 247 134 247 114 134 247 21 1 134 134 360 247 360 360 247 114 247 247 21 2 114 2 247 247 360 227 134 134 360 360 360 360 134 247 360 21 247 247 247 21 247 114 247 134 360 247 360 134 134 360 1 134 360 360 247 1 134 21 2 114 360 227 360 21 360 21 247 134 134 1 1 247 21 360 115 360 247 360 134 360 247 360 247 228 247 360 360 2 1 134 21 21 114 1 21 247 1 247 247 1 134 360 134 360 247 247 134 1 134 247 227 360 247 21 360 360 115 360 247 247 2 21 247 114 1 247 360 247 1 360 1 134 115 247 247 1 1 360 360 1 360 247 247 360 360 247 21 360 2 360 360 21 1 360 360 1 21 134 247 247 114 134 115 1 360 247 134 21 247 21 1 247 360 1 360 360 134 247 1 1 360 21 360 360 134 1 134 1 21 134 21 360 247 360 134 247 360 21 134 134 21 247 247 228 134 247 1 21 134 1 134 360 360 247 247 2 134 360 1 1 1 360 360 247 134 134 360 360 247 360 247 360 134 114 21 247 1 247 134 360 247 134 247 134 360 360 360 21 21 247 1 21 360 360 21 247 360 247 360 21 2 134 247 134 115 247 247 134 247 114 134 247 134 21 115 21 360 1 134 134 134 134 360 134 360 134 134 1 21 134 2 2 247 114 134 134 360 247 247 115 360 247 1 360 21 134 114 360 134 21 247 134 360 247 247 1 114 360 360 134 247 247 247 1 134 115 134 114 360 114 247 21 21 360 360 134 134 134 247 21 21 247 360 21 21 1 247 134 21 134 115 1 21 360 1 21 360 247 360 2 360 247 21 360 114 360 247 360 360 
c [Incremental] Max used label: 360.
c [Incremental] Label 360 is removed from searching.
c [Incremental] Solving for max label = 359:
c [Incremental] Solving duration: 506 ms.
s [Incremental] SAT (label = 359).
c [Incremental] Label assignment: 359 133 1 133 133 246 1 359 1 1 359 359 1 246 133 114 246 359 359 114 1 1 246 114 1 2 114 133 1 133 246 359 1 359 246 1 133 359 246 133 246 246 359 359 246 359 133 1 246 246 227 246 246 1 359 246 1 359 359 246 1 133 246 246 246 359 114 133 246 246 20 359 359 133 246 359 1 359 246 1 114 359 114 133 246 246 1 1 359 359 359 20 133 114 1 246 359 1 133 359 359 20 246 359 133 359 133 359 2 359 246 246 359 246 133 1 2 1 228 359 1 114 359 359 1 114 133 246 246 2 246 20 1 133 133 133 359 133 1 359 359 114 1 133 246 246 114 133 359 359 1 246 1 246 133 114 228 227 246 246 359 133 228 133 246 359 1 246 20 115 246 246 359 114 359 1 20 20 133 246 246 359 114 359 246 246 246 114 359 359 359 359 20 133 1 359 246 2 1 133 20 133 133 133 359 133 20 359 1 133 359 133 20 359 20 246 359 133 20 1 246 114 359 246 133 246 114 133 246 20 1 133 133 359 246 359 359 246 114 246 246 20 2 114 2 246 246 359 227 133 133 359 359 359 359 133 246 359 20 246 246 246 20 246 114 246 133 359 246 359 133 133 359 1 133 359 359 246 1 133 20 2 114 359 227 359 20 359 20 246 133 133 1 1 246 20 359 115 359 246 359 133 359 246 359 246 228 246 359 359 2 1 133 20 20 114 1 20 246 1 246 246 1 133 359 133 359 246 246 133 1 133 246 227 359 246 20 359 359 115 359 246 246 2 20 246 114 1 246 359 246 1 359 1 133 115 246 246 1 1 359 359 1 359 246 246 359 359 246 20 359 2 359 359 20 1 359 359 1 20 133 246 246 114 133 115 1 359 246 133 20 246 20 1 246 359 1 359 359 133 246 1 1 359 20 359 359 133 1 133 1 20 133 20 359 246 359 133 246 359 20 133 133 20 246 246 228 133 246 1 20 133 1 133 359 359 246 246 2 133 359 1 1 1 359 359 246 133 133 359 359 246 359 246 359 133 114 20 246 1 246 133 359 246 133 246 133 359 359 359 20 20 246 1 20 359 359 20 246 359 246 359 20 2 133 246 133 115 246 246 133 246 114 133 246 133 20 115 20 359 1 133 133 133 133 359 133 359 133 133 1 20 133 2 2 246 114 133 133 359 246 246 115 359 246 1 359 20 133 114 359 133 20 246 133 359 246 246 1 114 359 359 133 246 246 246 1 133 115 133 114 359 114 246 20 20 359 359 133 133 133 246 20 20 246 359 20 20 1 246 133 20 133 115 1 20 359 1 20 359 246 359 2 359 246 20 359 114 359 246 359 359 
c [Incremental] Max used label: 359.
c [Incremental] Label 359 is removed from searching.
c [Incremental] Solving for max label = 358:
c [Incremental] Solving duration: 497 ms.
s [Incremental] SAT (label = 358).
c [Incremental] Label assignment: 358 132 1 132 132 245 1 358 1 1 358 358 1 245 132 114 245 358 358 114 1 1 245 114 1 2 114 132 1 132 245 358 1 358 245 1 132 358 245 132 245 245 358 358 245 358 132 1 245 245 227 245 245 1 358 245 1 358 358 245 1 132 245 245 245 358 114 132 245 245 19 358 358 132 245 358 1 358 245 1 114 358 114 132 245 245 1 1 358 358 358 19 132 114 1 245 358 1 132 358 358 19 245 358 132 358 132 358 2 358 245 245 358 245 132 1 2 1 228 358 1 114 358 358 1 114 132 245 245 2 245 19 1 132 132 132 358 132 1 358 358 114 1 132 245 245 114 132 358 358 1 245 1 245 132 114 228 227 245 245 358 132 228 132 245 358 1 245 19 115 245 245 358 114 358 1 19 19 132 245 245 358 114 358 245 245 245 114 358 358 358 358 19 132 1 358 245 2 1 132 19 132 132 132 358 132 19 358 1 132 358 132 19 358 19 245 358 132 19 1 245 114 358 245 132 245 114 132 245 19 1 132 132 358 245 358 358 245 114 245 245 19 2 114 2 245 245 358 227 132 132 358 358 358 358 132 245 358 19 245 245 245 19 245 114 245 132 358 245 358 132 132 358 1 132 358 358 245 1 132 19 2 114 358 227 358 19 358 19 245 132 132 1 1 245 19 358 115 358 245 358 132 358 245 358 245 228 245 358 358 2 1 132 19 19 114 1 19 245 1 245 245 1 132 358 132 358 245 245 132 1 132 245 227 358 245 19 358 358 115 358 245 245 2 19 245 114 1 245 358 245 1 358 1 132 115 245 245 1 1 358 358 1 358 245 245 358 358 245 19 358 2 358 358 19 1 358 358 1 19 132 245 245 114 132 115 1 358 245 132 19 245 19 1 245 358 1 358 358 132 245 1 1 358 19 358 358 132 1 132 1 19 132 19 358 245 358 132 245 358 19 132 132 19 245 245 228 132 245 1 19 132 1 132 358 358 245 245 2 132 358 1 1 1 358 358 245 132 132 358 358 245 358 245 358 132 114 19 245 1 245 132 358 245 132 245 132 358 358 358 19 19 245 1 19 358 358 19 245 358 245 358 19 2 132 245 132 115 245 245 132 245 114 132 245 132 19 115 19 358 1 132 132 132 132 358 132 358 132 132 1 19 132 2 2 245 114 132 132 358 245 245 115 358 245 1 358 19 132 114 358 132 19 245 132 358 245 245 1 114 358 358 132 245 245 245 1 132 115 132 114 358 114 245 19 19 358 358 132 132 132 245 19 19 245 358 19 19 1 245 132 19 132 115 1 19 358 1 19 358 245 358 2 358 245 19 358 114 358 245 358 358 
c [Incremental] Max used label: 358.
c [Incremental] Label 358 is removed from searching.
c [Incremental] Solving for max label = 357:
c [Incremental] Solving duration: 513 ms.
s [Incremental] SAT (label = 357).
c [Incremental] Label assignment: 357 131 1 131 131 244 1 357 1 1 357 357 1 244 131 114 244 357 357 114 1 1 244 114 1 2 114 131 1 131 244 357 1 357 244 1 131 357 244 131 244 244 357 357 244 357 131 1 244 244 227 244 244 1 357 244 1 357 357 244 1 131 244 244 244 357 114 131 244 244 18 357 357 131 244 357 1 357 244 1 114 357 114 131 244 244 1 1 357 357 357 18 131 114 1 244 357 1 131 357 357 18 244 357 131 357 131 357 2 357 244 244 357 244 131 1 2 1 228 357 1 114 357 357 1 114 131 244 244 2 244 18 1 131 131 131 357 131 1 357 357 114 1 131 244 244 114 131 357 357 1 244 1 244 131 114 228 227 244 244 357 131 228 131 244 357 1 244 18 115 244 244 357 114 357 1 18 18 131 244 244 357 114 357 244 244 244 114 357 357 357 357 18 131 1 357 244 2 1 131 18 131 131 131 357 131 18 357 1 131 357 131 18 357 18 244 357 131 18 1 244 114 357 244 131 244 114 131 244 18 1 131 131 357 244 357 357 244 114 244 244 18 2 114 2 244 244 357 227 131 131 357 357 357 357 131 244 357 18 244 244 244 18 244 114 244 131 357 244 357 131 131 357 1 131 357 357 244 1 131 18 2 114 357 227 357 18 357 18 244 131 131 1 1 244 18 357 115 357 244 357 131 357 244 357 244 228 244 357 357 2 1 131 18 18 114 1 18 244 1 244 244 1 131 357 131 357 244 244 131 1 131 244 227 357 244 18 357 357 115 357 244 244 2 18 244 114 1 244 357 244 1 357 1 131 115 244 244 1 1 357 357 1 357 244 244 357 357 244 18 357 2 357 357 18 1 357 357 1 18 131 244 244 114 131 115 1 357 244 131 18 244 18 1 244 357 1 357 357 131 244 1 1 357 18 357 357 131 1 131 1 18 131 18 357 244 357 131 244 357 18 131 131 18 244 244 228 131 244 1 18 131 1 131 357 357 244 244 2 131 357 1 1 1 357 357 244 131 131 357 357 244 357 244 357 131 114 18 244 1 244 131 357 244 131 244 131 357 357 357 18 18 244 1 18 357 357 18 244 357 244 357 18 2 131 244 131 115 244 244 131 244 114 131 244 131 18 115 18 357 1 131 131 131 131 357 131 357 131 131 1 18 131 2 2 244 114 131 131 357 244 244 115 357 244 1 357 18 131 114 357 131 18 244 131 357 244 244 1 114 357 357 131 244 244 244 1 131 115 131 114 357 114 244 18 18 357 357 131 131 131 244 18 18 244 357 18 18 1 244 131 18 131 115 1 18 357 1 18 357 244 357 2 357 244 18 357 114 357 244 357 357 
c [Incremental] Max used label: 357.
c [Incremental] Label 357 is removed from searching.
c [Incremental] Solving for max label = 356:
c [Incremental] Solving duration: 462 ms.
s [Incremental] SAT (label = 356).
c [Incremental] Label assignment: 356 130 1 130 130 243 1 356 1 1 356 356 1 243 130 114 243 356 356 114 1 1 243 114 1 2 114 130 1 130 243 356 1 356 243 1 130 356 243 130 243 243 356 356 243 356 130 1 243 243 227 243 243 1 356 243 1 356 356 243 1 130 243 243 243 356 114 130 243 243 17 356 356 130 243 356 1 356 243 1 114 356 114 130 243 243 1 1 356 356 356 17 130 114 1 243 356 1 130 356 356 17 243 356 130 356 130 356 2 356 243 243 356 243 130 1 2 1 228 356 1 114 356 356 1 114 130 243 243 2 243 17 1 130 130 130 356 130 1 356 356 114 1 130 243 243 114 130 356 356 1 243 1 243 130 114 228 227 243 243 356 130 228 130 243 356 1 243 17 115 243 243 356 114 356 1 17 17 130 243 243 356 114 356 243 243 243 114 356 356 356 356 17 130 1 356 243 2 1 130 17 130 130 130 356 130 17 356 1 130 356 130 17 356 17 243 356 130 17 1 243 114 356 243 130 243 114 130 243 17 1 130 130 356 243 356 356 243 114 243 243 17 2 114 2 243 243 356 227 130 130 356 356 356 356 130 243 356 17 243 243 243 17 243 114 243 130 356 243 356 130 130 356 1 130 356 356 243 1 130 17 2 114 356 227 356 17 356 17 243 130 130 1 1 243 17 356 115 356 243 356 130 356 243 356 243 228 243 356 356 2 1 130 17 17 114 1 17 243 1 243 243 1 130 356 130 356 243 243 130 1 130 243 227 356 243 17 356 356 115 356 243 243 2 17 243 114 1 243 356 243 1 356 1 130 115 243 243 1 1 356 356 1 356 243 243 356 356 243 17 356 2 356 356 17 1 356 356 1 17 130 243 243 114 130 115 1 356 243 130 17 243 17 1 243 356 1 356 356 130 243 1 1 356 17 356 356 130 1 130 1 17 130 17 356 243 356 130 243 356 17 130 130 17 243 243 228 130 243 1 17 130 1 130 356 356 243 243 2 130 356 1 1 1 356 356 243 130 130 356 356 243 356 243 356 130 114 17 243 1 243 130 356 243 130 243 130 356 356 356 17 17 243 1 17 356 356 17 243 356 243 356 17 2 130 243 130 115 243 243 130 243 114 130 243 130 17 115 17 356 1 130 130 130 130 356 130 356 130 130 1 17 130 2 2 243 114 130 130 356 243 243 115 356 243 1 356 17 130 114 356 130 17 243 130 356 243 243 1 114 356 356 130 243 243 243 1 130 115 130 114 356 114 243 17 17 356 356 130 130 130 243 17 17 243 356 17 17 1 243 130 17 130 115 1 17 356 1 17 356 243 356 2 356 243 17 356 114 356 243 356 356 
c [Incremental] Max used label: 356.
c [Incremental] Label 356 is removed from searching.
c [Incremental] Solving for max label = 355:
c [Incremental] Solving duration: 542 ms.
s [Incremental] SAT (label = 355).
c [Incremental] Label assignment: 355 129 1 129 129 242 1 355 1 1 355 355 1 242 129 114 242 355 355 114 1 1 242 114 1 2 114 129 1 129 242 355 1 355 242 1 129 355 242 129 242 242 355 355 242 355 129 1 242 242 227 242 242 1 355 242 1 355 355 242 1 129 242 242 242 355 114 129 242 242 16 355 355 129 242 355 1 355 242 1 114 355 114 129 242 242 1 1 355 355 355 16 129 114 1 242 355 1 129 355 355 16 242 355 129 355 129 355 2 355 242 242 355 242 129 1 2 1 228 355 1 114 355 355 1 114 129 242 242 2 242 16 1 129 129 129 355 129 1 355 355 114 1 129 242 242 114 129 355 355 1 242 1 242 129 114 228 227 242 242 355 129 228 129 242 355 1 242 16 115 242 242 355 114 355 1 16 16 129 242 242 355 114 355 242 242 242 114 355 355 355 355 16 129 1 355 242 2 1 129 16 129 129 129 355 129 16 355 1 129 355 129 16 355 16 242 355 129 16 1 242 114 355 242 129 242 114 129 242 16 1 129 129 355 242 355 355 242 114 242 242 16 2 114 2 242 242 355 227 129 129 355 355 355 355 129 242 355 16 242 242 242 16 242 114 242 129 355 242 355 129 129 355 1 129 355 355 242 1 129 16 2 114 355 227 355 16 355 16 242 129 129 1 1 242 16 355 115 355 242 355 129 355 242 355 242 228 242 355 355 2 1 129 16 16 114 1 16 242 1 242 242 1 129 355 129 355 242 242 129 1 129 242 227 355 242 16 355 355 115 355 242 242 2 16 242 114 1 242 355 242 1 355 1 129 115 242 242 1 1 355 355 1 355 242 242 355 355 242 16 355 2 355 355 16 1 355 355 1 16 129 242 242 114 129 115 1 355 242 129 16 242 16 1 242 355 1 355 355 129 242 1 1 355 16 355 355 129 1 129 1 16 129 16 355 242 355 129 242 355 16 129 129 16 242 242 228 129 242 1 16 129 1 129 355 355 242 242 2 129 355 1 1 1 355 355 242 129 129 355 355 242 355 242 355 129 114 16 242 1 242 129 355 242 129 242 129 355 355 355 16 16 242 1 16 355 355 16 242 355 242 355 16 2 129 242 129 115 242 242 129 242 114 129 242 129 16 115 16 355 1 129 129 129 129 355 129 355 129 129 1 16 129 2 2 242 114 129 129 355 242 242 115 355 242 1 355 16 129 114 355 129 16 242 129 355 242 242 1 114 355 355 129 242 242 242 1 129 115 129 114 355 114 242 16 16 355 355 129 129 129 242 16 16 242 355 16 16 1 242 129 16 129 115 1 16 355 1 16 355 242 355 2 355 242 16 355 114 355 242 355 355 
c [Incremental] Max used label: 355.
c [Incremental] Label 355 is removed from searching.
c [Incremental] Solving for max label = 354:
c [Incremental] Solving duration: 490 ms.
s [Incremental] SAT (label = 354).
c [Incremental] Label assignment: 354 128 1 128 128 241 1 354 1 1 354 354 1 241 128 114 241 354 354 114 1 1 241 114 1 2 114 128 1 128 241 354 1 354 241 1 128 354 241 128 241 241 354 354 241 354 128 1 241 241 227 241 241 1 354 241 1 354 354 241 1 128 241 241 241 354 114 128 241 241 15 354 354 128 241 354 1 354 241 1 114 354 114 128 241 241 1 1 354 354 354 15 128 114 1 241 354 1 128 354 354 15 241 354 128 354 128 354 2 354 241 241 354 241 128 1 2 1 228 354 1 114 354 354 1 114 128 241 241 2 241 15 1 128 128 128 354 128 1 354 354 114 1 128 241 241 114 128 354 354 1 241 1 241 128 114 228 227 241 241 354 128 228 128 241 354 1 241 15 115 241 241 354 114 354 1 15 15 128 241 241 354 114 354 241 241 241 114 354 354 354 354 15 128 1 354 241 2 1 128 15 128 128 128 354 128 15 354 1 128 354 128 15 354 15 241 354 128 15 1 241 114 354 241 128 241 114 128 241 15 1 128 128 354 241 354 354 241 114 241 241 15 2 114 2 241 241 354 227 128 128 354 354 354 354 128 241 354 15 241 241 241 15 241 114 241 128 354 241 354 128 128 354 1 128 354 354 241 1 128 15 2 114 354 227 354 15 354 15 241 128 128 1 1 241 15 354 115 354 241 354 128 354 241 354 241 228 241 354 354 2 1 128 15 15 114 1 15 241 1 241 241 1 128 354 128 354 241 241 128 1 128 241 227 354 241 15 354 354 115 354 241 241 2 15 241 114 1 241 354 241 1 354 1 128 115 241 241 1 1 354 354 1 354 241 241 354 354 241 15 354 2 354 354 15 1 354 354 1 15 128 241 241 114 128 115 1 354 241 128 15 241 15 1 241 354 1 354 354 128 241 1 1 354 15 354 354 128 1 128 1 15 128 15 354 241 354 128 241 354 15 128 128 15 241 241 228 128 241 1 15 128 1 128 354 354 241 241 2 128 354 1 1 1 354 354 241 128 128 354 354 241 354 241 354 128 114 15 241 1 241 128 354 241 128 241 128 354 354 354 15 15 241 1 15 354 354 15 241 354 241 354 15 2 128 241 128 115 241 241 128 241 114 128 241 128 15 115 15 354 1 128 128 128 128 354 128 354 128 128 1 15 128 2 2 241 114 128 128 354 241 241 115 354 241 1 354 15 128 114 354 128 15 241 128 354 241 241 1 114 354 354 128 241 241 241 1 128 115 128 114 354 114 241 15 15 354 354 128 128 128 241 15 15 241 354 15 15 1 241 128 15 128 115 1 15 354 1 15 354 241 354 2 354 241 15 354 114 354 241 354 354 
c [Incremental] Max used label: 354.
c [Incremental] Label 354 is removed from searching.
c [Incremental] Solving for max label = 353:
c [Incremental] Solving duration: 489 ms.
s [Incremental] SAT (label = 353).
c [Incremental] Label assignment: 353 127 1 127 127 240 1 353 1 1 353 353 1 240 127 114 240 353 353 114 1 1 240 114 1 2 114 127 1 127 240 353 1 353 240 1 127 353 240 127 240 240 353 353 240 353 127 1 240 240 227 240 240 1 353 240 1 353 353 240 1 127 240 240 240 353 114 127 240 240 14 353 353 127 240 353 1 353 240 1 114 353 114 127 240 240 1 1 353 353 353 14 127 114 1 240 353 1 127 353 353 14 240 353 127 353 127 353 2 353 240 240 353 240 127 1 2 1 228 353 1 114 353 353 1 114 127 240 240 2 240 14 1 127 127 127 353 127 1 353 353 114 1 127 240 240 114 127 353 353 1 240 1 240 127 114 228 227 240 240 353 127 228 127 240 353 1 240 14 115 240 240 353 114 353 1 14 14 127 240 240 353 114 353 240 240 240 114 353 353 353 353 14 127 1 353 240 2 1 127 14 127 127 127 353 127 14 353 1 127 353 127 14 353 14 240 353 127 14 1 240 114 353 240 127 240 114 127 240 14 1 127 127 353 240 353 353 240 114 240 240 14 2 114 2 240 240 353 227 127 127 353 353 353 353 127 240 353 14 240 240 240 14 240 114 240 127 353 240 353 127 127 353 1 127 353 353 240 1 127 14 2 114 353 227 353 14 353 14 240 127 127 1 1 240 14 353 115 353 240 353 127 353 240 353 240 228 240 353 353 2 1 127 14 14 114 1 14 240 1 240 240 1 127 353 127 353 240 240 127 1 127 240 227 353 240 14 353 353 115 353 240 240 2 14 240 114 1 240 353 240 1 353 1 127 115 240 240 1 1 353 353 1 353 240 240 353 353 240 14 353 2 353 353 14 1 353 353 1 14 127 240 240 114 127 115 1 353 240 127 14 240 14 1 240 353 1 353 353 127 240 1 1 353 14 353 353 127 1 127 1 14 127 14 353 240 353 127 240 353 14 127 127 14 240 240 228 127 240 1 14 127 1 127 353 353 240 240 2 127 353 1 1 1 353 353 240 127 127 353 353 240 353 240 353 127 114 14 240 1 240 127 353 240 127 240 127 353 353 353 14 14 240 1 14 353 353 14 240 353 240 353 14 2 127 240 127 115 240 240 127 240 114 127 240 127 14 115 14 353 1 127 127 127 127 353 127 353 127 127 1 14 127 2 2 240 114 127 127 353 240 240 115 353 240 1 353 14 127 114 353 127 14 240 127 353 240 240 1 114 353 353 127 240 240 240 1 127 115 127 114 353 114 240 14 14 353 353 127 127 127 240 14 14 240 353 14 14 1 240 127 14 127 115 1 14 353 1 14 353 240 353 2 353 240 14 353 114 353 240 353 353 
c [Incremental] Max used label: 353.
c [Incremental] Label 353 is removed from searching.
c [Incremental] Solving for max label = 352:
c [Incremental] Solving duration: 536 ms.
s [Incremental] SAT (label = 352).
c [Incremental] Label assignment: 352 126 1 126 126 239 1 352 1 1 352 352 1 239 126 114 239 352 352 114 1 1 239 114 1 2 114 126 1 126 239 352 1 352 239 1 126 352 239 126 239 239 352 352 239 352 126 1 239 239 227 239 239 1 352 239 1 352 352 239 1 126 239 239 239 352 114 126 239 239 13 352 352 126 239 352 1 352 239 1 114 352 114 126 239 239 1 1 352 352 352 13 126 114 1 239 352 1 126 352 352 13 239 352 126 352 126 352 2 352 239 239 352 239 126 1 2 1 228 352 1 114 352 352 1 114 126 239 239 2 239 13 1 126 126 126 352 126 1 352 352 114 1 126 239 239 114 126 352 352 1 239 1 239 126 114 228 227 239 239 352 126 228 126 239 352 1 239 13 115 239 239 352 114 352 1 13 13 126 239 239 352 114 352 239 239 239 114 352 352 352 352 13 126 1 352 239 2 1 126 13 126 126 126 352 126 13 352 1 126 352 126 13 352 13 239 352 126 13 1 239 114 352 239 126 239 114 126 239 13 1 126 126 352 239 352 352 239 114 239 239 13 2 114 2 239 239 352 227 126 126 352 352 352 352 126 239 352 13 239 239 239 13 239 114 239 126 352 239 352 126 126 352 1 126 352 352 239 1 126 13 2 114 352 227 352 13 352 13 239 126 126 1 1 239 13 352 115 352 239 352 126 352 239 352 239 228 239 352 352 2 1 126 13 13 114 1 13 239 1 239 239 1 126 352 126 352 239 239 126 1 126 239 227 352 239 13 352 352 115 352 239 239 2 13 239 114 1 239 352 239 1 352 1 126 115 239 239 1 1 352 352 1 352 239 239 352 352 239 13 352 2 352 352 13 1 352 352 1 13 126 239 239 114 126 115 1 352 239 126 13 239 13 1 239 352 1 352 352 126 239 1 1 352 13 352 352 126 1 126 1 13 126 13 352 239 352 126 239 352 13 126 126 13 239 239 228 126 239 1 13 126 1 126 352 352 239 239 2 126 352 1 1 1 352 352 239 126 126 352 352 239 352 239 352 126 114 13 239 1 239 126 352 239 126 239 126 352 352 352 13 13 239 1 13 352 352 13 239 352 239 352 13 2 126 239 126 115 239 239 126 239 114 126 239 126 13 115 13 352 1 126 126 126 126 352 126 352 126 126 1 13 126 2 2 239 114 126 126 352 239 239 115 352 239 1 352 13 126 114 352 126 13 239 126 352 239 239 1 114 352 352 126 239 239 239 1 126 115 126 114 352 114 239 13 13 352 352 126 126 126 239 13 13 239 352 13 13 1 239 126 13 126 115 1 13 352 1 13 352 239 352 2 352 239 13 352 114 352 239 352 352 
c [Incremental] Max used label: 352.
c [Incremental] Label 352 is removed from searching.
c [Incremental] Solving for max label = 351:
c [Incremental] Solving duration: 515 ms.
s [Incremental] SAT (label = 351).
c [Incremental] Label assignment: 351 125 1 125 125 238 1 351 1 1 351 351 1 238 125 114 238 351 351 114 1 1 238 114 1 2 114 125 1 125 238 351 1 351 238 1 125 351 238 125 238 238 351 351 238 351 125 1 238 238 227 238 238 1 351 238 1 351 351 238 1 125 238 238 238 351 114 125 238 238 12 351 351 125 238 351 1 351 238 1 114 351 114 125 238 238 1 1 351 351 351 12 125 114 1 238 351 1 125 351 351 12 238 351 125 351 125 351 2 351 238 238 351 238 125 1 2 1 228 351 1 114 351 351 1 114 125 238 238 2 238 12 1 125 125 125 351 125 1 351 351 114 1 125 238 238 114 125 351 351 1 238 1 238 125 114 228 227 238 238 351 125 228 125 238 351 1 238 12 115 238 238 351 114 351 1 12 12 125 238 238 351 114 351 238 238 238 114 351 351 351 351 12 125 1 351 238 2 1 125 12 125 125 125 351 125 12 351 1 125 351 125 12 351 12 238 351 125 12 1 238 114 351 238 125 238 114 125 238 12 1 125 125 351 238 351 351 238 114 238 238 12 2 114 2 238 238 351 227 125 125 351 351 351 351 125 238 351 12 238 238 238 12 238 114 238 125 351 238 351 125 125 351 1 125 351 351 238 1 125 12 2 114 351 227 351 12 351 12 238 125 125 1 1 238 12 351 115 351 238 351 125 351 238 351 238 228 238 351 351 2 1 125 12 12 114 1 12 238 1 238 238 1 125 351 125 351 238 238 125 1 125 238 227 351 238 12 351 351 115 351 238 238 2 12 238 114 1 238 351 238 1 351 1 125 115 238 238 1 1 351 351 1 351 238 238 351 351 238 12 351 2 351 351 12 1 351 351 1 12 125 238 238 114 125 115 1 351 238 125 12 238 12 1 238 351 1 351 351 125 238 1 1 351 12 351 351 125 1 125 1 12 125 12 351 238 351 125 238 351 12 125 125 12 238 238 228 125 238 1 12 125 1 125 351 351 238 238 2 125 351 1 1 1 351 351 238 125 125 351 351 238 351 238 351 125 114 12 238 1 238 125 351 238 125 238 125 351 351 351 12 12 238 1 12 351 351 12 238 351 238 351 12 2 125 238 125 115 238 238 125 238 114 125 238 125 12 115 12 351 1 125 125 125 125 351 125 351 125 125 1 12 125 2 2 238 114 125 125 351 238 238 115 351 238 1 351 12 125 114 351 125 12 238 125 351 238 238 1 114 351 351 125 238 238 238 1 125 115 125 114 351 114 238 12 12 351 351 125 125 125 238 12 12 238 351 12 12 1 238 125 12 125 115 1 12 351 1 12 351 238 351 2 351 238 12 351 114 351 238 351 351 
c [Incremental] Max used label: 351.
c [Incremental] Label 351 is removed from searching.
c [Incremental] Solving for max label = 350:
c [Incremental] Solving duration: 484 ms.
s [Incremental] SAT (label = 350).
c [Incremental] Label assignment: 350 124 1 124 124 237 1 350 1 1 350 350 1 237 124 114 237 350 350 114 1 1 237 114 1 2 114 124 1 124 237 350 1 350 237 1 124 350 237 124 237 237 350 350 237 350 124 1 237 237 227 237 237 1 350 237 1 350 350 237 1 124 237 237 237 350 114 124 237 237 11 350 350 124 237 350 1 350 237 1 114 350 114 124 237 237 1 1 350 350 350 11 124 114 1 237 350 1 124 350 350 11 237 350 124 350 124 350 2 350 237 237 350 237 124 1 2 1 228 350 1 114 350 350 1 114 124 237 237 2 237 11 1 124 124 124 350 124 1 350 350 114 1 124 237 237 114 124 350 350 1 237 1 237 124 114 228 227 237 237 350 124 228 124 237 350 1 237 11 115 237 237 350 114 350 1 11 11 124 237 237 350 114 350 237 237 237 114 350 350 350 350 11 124 1 350 237 2 1 124 11 124 124 124 350 124 11 350 1 124 350 124 11 350 11 237 350 124 11 1 237 114 350 237 124 237 114 124 237 11 1 124 124 350 237 350 350 237 114 237 237 11 2 114 2 237 237 350 227 124 124 350 350 350 350 124 237 350 11 237 237 237 11 237 114 237 124 350 237 350 124 124 350 1 124 350 350 237 1 124 11 2 114 350 227 350 11 350 11 237 124 124 1 1 237 11 350 115 350 237 350 124 350 237 350 237 228 237 350 350 2 1 124 11 11 114 1 11 237 1 237 237 1 124 350 124 350 237 237 124 1 124 237 227 350 237 11 350 350 115 350 237 237 2 11 237 114 1 237 350 237 1 350 1 124 115 237 237 1 1 350 350 1 350 237 237 350 350 237 11 350 2 350 350 11 1 350 350 1 11 124 237 237 114 124 115 1 350 237 124 11 237 11 1 237 350 1 350 350 124 237 1 1 350 11 350 350 124 1 124 1 11 124 11 350 237 350 124 237 350 11 124 124 11 237 237 228 124 237 1 11 124 1 124 350 350 237 237 2 124 350 1 1 1 350 350 237 124 124 350 350 237 350 237 350 124 114 11 237 1 237 124 350 237 124 237 124 350 350 350 11 11 237 1 11 350 350 11 237 350 237 350 11 2 124 237 124 115 237 237 124 237 114 124 237 124 11 115 11 350 1 124 124 124 124 350 124 350 124 124 1 11 124 2 2 237 114 124 124 350 237 237 115 350 237 1 350 11 124 114 350 124 11 237 124 350 237 237 1 114 350 350 124 237 237 237 1 124 115 124 114 350 114 237 11 11 350 350 124 124 124 237 11 11 237 350 11 11 1 237 124 11 124 115 1 11 350 1 11 350 237 350 2 350 237 11 350 114 350 237 350 350 
c [Incremental] Max used label: 350.
c [Incremental] Label 350 is removed from searching.
c [Incremental] Solving for max label = 349:
c [Incremental] Solving duration: 490 ms.
s [Incremental] SAT (label = 349).
c [Incremental] Label assignment: 349 123 1 123 123 236 1 349 1 1 349 349 1 236 123 114 236 349 349 114 1 1 236 114 1 2 114 123 1 123 236 349 1 349 236 1 123 349 236 123 236 236 349 349 236 349 123 1 236 236 227 236 236 1 349 236 1 349 349 236 1 123 236 236 236 349 114 123 236 236 10 349 349 123 236 349 1 349 236 1 114 349 114 123 236 236 1 1 349 349 349 10 123 114 1 236 349 1 123 349 349 10 236 349 123 349 123 349 2 349 236 236 349 236 123 1 2 1 228 349 1 114 349 349 1 114 123 236 236 2 236 10 1 123 123 123 349 123 1 349 349 114 1 123 236 236 114 123 349 349 1 236 1 236 123 114 228 227 236 236 349 123 228 123 236 349 1 236 10 115 236 236 349 114 349 1 10 10 123 236 236 349 114 349 236 236 236 114 349 349 349 349 10 123 1 349 236 2 1 123 10 123 123 123 349 123 10 349 1 123 349 123 10 349 10 236 349 123 10 1 236 114 349 236 123 236 114 123 236 10 1 123 123 349 236 349 349 236 114 236 236 10 2 114 2 236 236 349 227 123 123 349 349 349 349 123 236 349 10 236 236 236 10 236 114 236 123 349 236 349 123 123 349 1 123 349 349 236 1 123 10 2 114 349 227 349 10 349 10 236 123 123 1 1 236 10 349 115 349 236 349 123 349 236 349 236 228 236 349 349 2 1 123 10 10 114 1 10 236 1 236 236 1 123 349 123 349 236 236 123 1 123 236 227 349 236 10 349 349 115 349 236 236 2 10 236 114 1 236 349 236 1 349 1 123 115 236 236 1 1 349 349 1 349 236 236 349 349 236 10 349 2 349 349 10 1 349 349 1 10 123 236 236 114 123 115 1 349 236 123 10 236 10 1 236 349 1 349 349 123 236 1 1 349 10 349 349 123 1 123 1 10 123 10 349 236 349 123 236 349 10 123 123 10 236 236 228 123 236 1 10 123 1 123 349 349 236 236 2 123 349 1 1 1 349 349 236 123 123 349 349 236 349 236 349 123 114 10 236 1 236 123 349 236 123 236 123 349 349 349 10 10 236 1 10 349 349 10 236 349 236 349 10 2 123 236 123 115 236 236 123 236 114 123 236 123 10 115 10 349 1 123 123 123 123 349 123 349 123 123 1 10 123 2 2 236 114 123 123 349 236 236 115 349 236 1 349 10 123 114 349 123 10 236 123 349 236 236 1 114 349 349 123 236 236 236 1 123 115 123 114 349 114 236 10 10 349 349 123 123 123 236 10 10 236 349 10 10 1 236 123 10 123 115 1 10 349 1 10 349 236 349 2 349 236 10 349 114 349 236 349 349 
c [Incremental] Max used label: 349.
c [Incremental] Label 349 is removed from searching.
c [Incremental] Solving for max label = 348:
c [Incremental] Solving duration: 488 ms.
s [Incremental] SAT (label = 348).
c [Incremental] Label assignment: 348 122 1 122 122 235 1 348 1 1 348 348 1 235 122 114 235 348 348 114 1 1 235 114 1 2 114 122 1 122 235 348 1 348 235 1 122 348 235 122 235 235 348 348 235 348 122 1 235 235 227 235 235 1 348 235 1 348 348 235 1 122 235 235 235 348 114 122 235 235 9 348 348 122 235 348 1 348 235 1 114 348 114 122 235 235 1 1 348 348 348 9 122 114 1 235 348 1 122 348 348 9 235 348 122 348 122 348 2 348 235 235 348 235 122 1 2 1 228 348 1 114 348 348 1 114 122 235 235 2 235 9 1 122 122 122 348 122 1 348 348 114 1 122 235 235 114 122 348 348 1 235 1 235 122 114 228 227 235 235 348 122 228 122 235 348 1 235 9 115 235 235 348 114 348 1 9 9 122 235 235 348 114 348 235 235 235 114 348 348 348 348 9 122 1 348 235 2 1 122 9 122 122 122 348 122 9 348 1 122 348 122 9 348 9 235 348 122 9 1 235 114 348 235 122 235 114 122 235 9 1 122 122 348 235 348 348 235 114 235 235 9 2 114 2 235 235 348 227 122 122 348 348 348 348 122 235 348 9 235 235 235 9 235 114 235 122 348 235 348 122 122 348 1 122 348 348 235 1 122 9 2 114 348 227 348 9 348 9 235 122 122 1 1 235 9 348 115 348 235 348 122 348 235 348 235 228 235 348 348 2 1 122 9 9 114 1 9 235 1 235 235 1 122 348 122 348 235 235 122 1 122 235 227 348 235 9 348 348 115 348 235 235 2 9 235 114 1 235 348 235 1 348 1 122 115 235 235 1 1 348 348 1 348 235 235 348 348 235 9 348 2 348 348 9 1 348 348 1 9 122 235 235 114 122 115 1 348 235 122 9 235 9 1 235 348 1 348 348 122 235 1 1 348 9 348 348 122 1 122 1 9 122 9 348 235 348 122 235 348 9 122 122 9 235 235 228 122 235 1 9 122 1 122 348 348 235 235 2 122 348 1 1 1 348 348 235 122 122 348 348 235 348 235 348 122 114 9 235 1 235 122 348 235 122 235 122 348 348 348 9 9 235 1 9 348 348 9 235 348 235 348 9 2 122 235 122 115 235 235 122 235 114 122 235 122 9 115 9 348 1 122 122 122 122 348 122 348 122 122 1 9 122 2 2 235 114 122 122 348 235 235 115 348 235 1 348 9 122 114 348 122 9 235 122 348 235 235 1 114 348 348 122 235 235 235 1 122 115 122 114 348 114 235 9 9 348 348 122 122 122 235 9 9 235 348 9 9 1 235 122 9 122 115 1 9 348 1 9 348 235 348 2 348 235 9 348 114 348 235 348 348 
c [Incremental] Max used label: 348.
c [Incremental] Label 348 is removed from searching.
c [Incremental] Solving for max label = 347:
c [Incremental] Solving duration: 492 ms.
s [Incremental] SAT (label = 347).
c [Incremental] Label assignment: 347 121 1 121 121 234 1 347 1 1 347 347 1 234 121 114 234 347 347 114 1 1 234 114 1 2 114 121 1 121 234 347 1 347 234 1 121 347 234 121 234 234 347 347 234 347 121 1 234 234 227 234 234 1 347 234 1 347 347 234 1 121 234 234 234 347 114 121 234 234 8 347 347 121 234 347 1 347 234 1 114 347 114 121 234 234 1 1 347 347 347 8 121 114 1 234 347 1 121 347 347 8 234 347 121 347 121 347 2 347 234 234 347 234 121 1 2 1 228 347 1 114 347 347 1 114 121 234 234 2 234 8 1 121 121 121 347 121 1 347 347 114 1 121 234 234 114 121 347 347 1 234 1 234 121 114 228 227 234 234 347 121 228 121 234 347 1 234 8 115 234 234 347 114 347 1 8 8 121 234 234 347 114 347 234 234 234 114 347 347 347 347 8 121 1 347 234 2 1 121 8 121 121 121 347 121 8 347 1 121 347 121 8 347 8 234 347 121 8 1 234 114 347 234 121 234 114 121 234 8 1 121 121 347 234 347 347 234 114 234 234 8 2 114 2 234 234 347 227 121 121 347 347 347 347 121 234 347 8 234 234 234 8 234 114 234 121 347 234 347 121 121 347 1 121 347 347 234 1 121 8 2 114 347 227 347 8 347 8 234 121 121 1 1 234 8 347 115 347 234 347 121 347 234 347 234 228 234 347 347 2 1 121 8 8 114 1 8 234 1 234 234 1 121 347 121 347 234 234 121 1 121 234 227 347 234 8 347 347 115 347 234 234 2 8 234 114 1 234 347 234 1 347 1 121 115 234 234 1 1 347 347 1 347 234 234 347 347 234 8 347 2 347 347 8 1 347 347 1 8 121 234 234 114 121 115 1 347 234 121 8 234 8 1 234 347 1 347 347 121 234 1 1 347 8 347 347 121 1 121 1 8 121 8 347 234 347 121 234 347 8 121 121 8 234 234 228 121 234 1 8 121 1 121 347 347 234 234 2 121 347 1 1 1 347 347 234 121 121 347 347 234 347 234 347 121 114 8 234 1 234 121 347 234 121 234 121 347 347 347 8 8 234 1 8 347 347 8 234 347 234 347 8 2 121 234 121 115 234 234 121 234 114 121 234 121 8 115 8 347 1 121 121 121 121 347 121 347 121 121 1 8 121 2 2 234 114 121 121 347 234 234 115 347 234 1 347 8 121 114 347 121 8 234 121 347 234 234 1 114 347 347 121 234 234 234 1 121 115 121 114 347 114 234 8 8 347 347 121 121 121 234 8 8 234 347 8 8 1 234 121 8 121 115 1 8 347 1 8 347 234 347 2 347 234 8 347 114 347 234 347 347 
c [Incremental] Max used label: 347.
c [Incremental] Label 347 is removed from searching.
c [Incremental] Solving for max label = 346:
c [Incremental] Solving duration: 482 ms.
s [Incremental] SAT (label = 346).
c [Incremental] Label assignment: 346 120 1 120 120 233 1 346 1 1 346 346 1 233 120 114 233 346 346 114 1 1 233 114 1 2 114 120 1 120 233 346 1 346 233 1 120 346 233 120 233 233 346 346 233 346 120 1 233 233 227 233 233 1 346 233 1 346 346 233 1 120 233 233 233 346 114 120 233 233 7 346 346 120 233 346 1 346 233 1 114 346 114 120 233 233 1 1 346 346 346 7 120 114 1 233 346 1 120 346 346 7 233 346 120 346 120 346 2 346 233 233 346 233 120 1 2 1 228 346 1 114 346 346 1 114 120 233 233 2 233 7 1 120 120 120 346 120 1 346 346 114 1 120 233 233 114 120 346 346 1 233 1 233 120 114 228 227 233 233 346 120 228 120 233 346 1 233 7 115 233 233 346 114 346 1 7 7 120 233 233 346 114 346 233 233 233 114 346 346 346 346 7 120 1 346 233 2 1 120 7 120 120 120 346 120 7 346 1 120 346 120 7 346 7 233 346 120 7 1 233 114 346 233 120 233 114 120 233 7 1 120 120 346 233 346 346 233 114 233 233 7 2 114 2 233 233 346 227 120 120 346 346 346 346 120 233 346 7 233 233 233 7 233 114 233 120 346 233 346 120 120 346 1 120 346 346 233 1 120 7 2 114 346 227 346 7 346 7 233 120 120 1 1 233 7 346 115 346 233 346 120 346 233 346 233 228 233 346 346 2 1 120 7 7 114 1 7 233 1 233 233 1 120 346 120 346 233 233 120 1 120 233 227 346 233 7 346 346 115 346 233 233 2 7 233 114 1 233 346 233 1 346 1 120 115 233 233 1 1 346 346 1 346 233 233 346 346 233 7 346 2 346 346 7 1 346 346 1 7 120 233 233 114 120 115 1 346 233 120 7 233 7 1 233 346 1 346 346 120 233 1 1 346 7 346 346 120 1 120 1 7 120 7 346 233 346 120 233 346 7 120 120 7 233 233 228 120 233 1 7 120 1 120 346 346 233 233 2 120 346 1 1 1 346 346 233 120 120 346 346 233 346 233 346 120 114 7 233 1 233 120 346 233 120 233 120 346 346 346 7 7 233 1 7 346 346 7 233 346 233 346 7 2 120 233 120 115 233 233 120 233 114 120 233 120 7 115 7 346 1 120 120 120 120 346 120 346 120 120 1 7 120 2 2 233 114 120 120 346 233 233 115 346 233 1 346 7 120 114 346 120 7 233 120 346 233 233 1 114 346 346 120 233 233 233 1 120 115 120 114 346 114 233 7 7 346 346 120 120 120 233 7 7 233 346 7 7 1 233 120 7 120 115 1 7 346 1 7 346 233 346 2 346 233 7 346 114 346 233 346 346 
c [Incremental] Max used label: 346.
c [Incremental] Label 346 is removed from searching.
c [Incremental] Solving for max label = 345:
c [Incremental] Solving duration: 465 ms.
s [Incremental] SAT (label = 345).
c [Incremental] Label assignment: 345 119 1 119 119 232 1 345 1 1 345 345 1 232 119 114 232 345 345 114 1 1 232 114 1 2 114 119 1 119 232 345 1 345 232 1 119 345 232 119 232 232 345 345 232 345 119 1 232 232 227 232 232 1 345 232 1 345 345 232 1 119 232 232 232 345 114 119 232 232 6 345 345 119 232 345 1 345 232 1 114 345 114 119 232 232 1 1 345 345 345 6 119 114 1 232 345 1 119 345 345 6 232 345 119 345 119 345 2 345 232 232 345 232 119 1 2 1 228 345 1 114 345 345 1 114 119 232 232 2 232 6 1 119 119 119 345 119 1 345 345 114 1 119 232 232 114 119 345 345 1 232 1 232 119 114 228 227 232 232 345 119 228 119 232 345 1 232 6 115 232 232 345 114 345 1 6 6 119 232 232 345 114 345 232 232 232 114 345 345 345 345 6 119 1 345 232 2 1 119 6 119 119 119 345 119 6 345 1 119 345 119 6 345 6 232 345 119 6 1 232 114 345 232 119 232 114 119 232 6 1 119 119 345 232 345 345 232 114 232 232 6 2 114 2 232 232 345 227 119 119 345 345 345 345 119 232 345 6 232 232 232 6 232 114 232 119 345 232 345 119 119 345 1 119 345 345 232 1 119 6 2 114 345 227 345 6 345 6 232 119 119 1 1 232 6 345 115 345 232 345 119 345 232 345 232 228 232 345 345 2 1 119 6 6 114 1 6 232 1 232 232 1 119 345 119 345 232 232 119 1 119 232 227 345 232 6 345 345 115 345 232 232 2 6 232 114 1 232 345 232 1 345 1 119 115 232 232 1 1 345 345 1 345 232 232 345 345 232 6 345 2 345 345 6 1 345 345 1 6 119 232 232 114 119 115 1 345 232 119 6 232 6 1 232 345 1 345 345 119 232 1 1 345 6 345 345 119 1 119 1 6 119 6 345 232 345 119 232 345 6 119 119 6 232 232 228 119 232 1 6 119 1 119 345 345 232 232 2 119 345 1 1 1 345 345 232 119 119 345 345 232 345 232 345 119 114 6 232 1 232 119 345 232 119 232 119 345 345 345 6 6 232 1 6 345 345 6 232 345 232 345 6 2 119 232 119 115 232 232 119 232 114 119 232 119 6 115 6 345 1 119 119 119 119 345 119 345 119 119 1 6 119 2 2 232 114 119 119 345 232 232 115 345 232 1 345 6 119 114 345 119 6 232 119 345 232 232 1 114 345 345 119 232 232 232 1 119 115 119 114 345 114 232 6 6 345 345 119 119 119 232 6 6 232 345 6 6 1 232 119 6 119 115 1 6 345 1 6 345 232 345 2 345 232 6 345 114 345 232 345 345 
c [Incremental] Max used label: 345.
c [Incremental] Label 345 is removed from searching.
c [Incremental] Solving for max label = 344:
c [Incremental] Solving duration: 473 ms.
s [Incremental] SAT (label = 344).
c [Incremental] Label assignment: 344 118 1 118 118 231 1 344 1 1 344 344 1 231 118 114 231 344 344 114 1 1 231 114 1 2 114 118 1 118 231 344 1 344 231 1 118 344 231 118 231 231 344 344 231 344 118 1 231 231 227 231 231 1 344 231 1 344 344 231 1 118 231 231 231 344 114 118 231 231 5 344 344 118 231 344 1 344 231 1 114 344 114 118 231 231 1 1 344 344 344 5 118 114 1 231 344 1 118 344 344 5 231 344 118 344 118 344 2 344 231 231 344 231 118 1 2 1 228 344 1 114 344 344 1 114 118 231 231 2 231 5 1 118 118 118 344 118 1 344 344 114 1 118 231 231 114 118 344 344 1 231 1 231 118 114 228 227 231 231 344 118 228 118 231 344 1 231 5 115 231 231 344 114 344 1 5 5 118 231 231 344 114 344 231 231 231 114 344 344 344 344 5 118 1 344 231 2 1 118 5 118 118 118 344 118 5 344 1 118 344 118 5 344 5 231 344 118 5 1 231 114 344 231 118 231 114 118 231 5 1 118 118 344 231 344 344 231 114 231 231 5 2 114 2 231 231 344 227 118 118 344 344 344 344 118 231 344 5 231 231 231 5 231 114 231 118 344 231 344 118 118 344 1 118 344 344 231 1 118 5 2 114 344 227 344 5 344 5 231 118 118 1 1 231 5 344 115 344 231 344 118 344 231 344 231 228 231 344 344 2 1 118 5 5 114 1 5 231 1 231 231 1 118 344 118 344 231 231 118 1 118 231 227 344 231 5 344 344 115 344 231 231 2 5 231 114 1 231 344 231 1 344 1 118 115 231 231 1 1 344 344 1 344 231 231 344 344 231 5 344 2 344 344 5 1 344 344 1 5 118 231 231 114 118 115 1 344 231 118 5 231 5 1 231 344 1 344 344 118 231 1 1 344 5 344 344 118 1 118 1 5 118 5 344 231 344 118 231 344 5 118 118 5 231 231 228 118 231 1 5 118 1 118 344 344 231 231 2 118 344 1 1 1 344 344 231 118 118 344 344 231 344 231 344 118 114 5 231 1 231 118 344 231 118 231 118 344 344 344 5 5 231 1 5 344 344 5 231 344 231 344 5 2 118 231 118 115 231 231 118 231 114 118 231 118 5 115 5 344 1 118 118 118 118 344 118 344 118 118 1 5 118 2 2 231 114 118 118 344 231 231 115 344 231 1 344 5 118 114 344 118 5 231 118 344 231 231 1 114 344 344 118 231 231 231 1 118 115 118 114 344 114 231 5 5 344 344 118 118 118 231 5 5 231 344 5 5 1 231 118 5 118 115 1 5 344 1 5 344 231 344 2 344 231 5 344 114 344 231 344 344 
c [Incremental] Max used label: 344.
c [Incremental] Label 344 is removed from searching.
c [Incremental] Solving for max label = 343:
c [Incremental] Solving duration: 487 ms.
s [Incremental] SAT (label = 343).
c [Incremental] Label assignment: 343 117 1 117 117 230 1 343 1 1 343 343 1 230 117 114 230 343 343 114 1 1 230 114 1 2 114 117 1 117 230 343 1 343 230 1 117 343 230 117 230 230 343 343 230 343 117 1 230 230 227 230 230 1 343 230 1 343 343 230 1 117 230 230 230 343 114 117 230 230 4 343 343 117 230 343 1 343 230 1 114 343 114 117 230 230 1 1 343 343 343 4 117 114 1 230 343 1 117 343 343 4 230 343 117 343 117 343 2 343 230 230 343 230 117 1 2 1 228 343 1 114 343 343 1 114 117 230 230 2 230 4 1 117 117 117 343 117 1 343 343 114 1 117 230 230 114 117 343 343 1 230 1 230 117 114 228 227 230 230 343 117 228 117 230 343 1 230 4 115 230 230 343 114 343 1 4 4 117 230 230 343 114 343 230 230 230 114 343 343 343 343 4 117 1 343 230 2 1 117 4 117 117 117 343 117 4 343 1 117 343 117 4 343 4 230 343 117 4 1 230 114 343 230 117 230 114 117 230 4 1 117 117 343 230 343 343 230 114 230 230 4 2 114 2 230 230 343 227 117 117 343 343 343 343 117 230 343 4 230 230 230 4 230 114 230 117 343 230 343 117 117 343 1 117 343 343 230 1 117 4 2 114 343 227 343 4 343 4 230 117 117 1 1 230 4 343 115 343 230 343 117 343 230 343 230 228 230 343 343 2 1 117 4 4 114 1 4 230 1 230 230 1 117 343 117 343 230 230 117 1 117 230 227 343 230 4 343 343 115 343 230 230 2 4 230 114 1 230 343 230 1 343 1 117 115 230 230 1 1 343 343 1 343 230 230 343 343 230 4 343 2 343 343 4 1 343 343 1 4 117 230 230 114 117 115 1 343 230 117 4 230 4 1 230 343 1 343 343 117 230 1 1 343 4 343 343 117 1 117 1 4 117 4 343 230 343 117 230 343 4 117 117 4 230 230 228 117 230 1 4 117 1 117 343 343 230 230 2 117 343 1 1 1 343 343 230 117 117 343 343 230 343 230 343 117 114 4 230 1 230 117 343 230 117 230 117 343 343 343 4 4 230 1 4 343 343 4 230 343 230 343 4 2 117 230 117 115 230 230 117 230 114 117 230 117 4 115 4 343 1 117 117 117 117 343 117 343 117 117 1 4 117 2 2 230 114 117 117 343 230 230 115 343 230 1 343 4 117 114 343 117 4 230 117 343 230 230 1 114 343 343 117 230 230 230 1 117 115 117 114 343 114 230 4 4 343 343 117 117 117 230 4 4 230 343 4 4 1 230 117 4 117 115 1 4 343 1 4 343 230 343 2 343 230 4 343 114 343 230 343 343 
c [Incremental] Max used label: 343.
c [Incremental] Label 343 is removed from searching.
c [Incremental] Solving for max label = 342:
c [Incremental] Solving duration: 490 ms.
s [Incremental] SAT (label = 342).
c [Incremental] Label assignment: 342 116 1 116 116 229 1 342 1 1 342 342 1 229 116 114 229 342 342 114 1 1 229 114 1 2 114 116 1 116 229 342 1 342 229 1 116 342 229 116 229 229 342 342 229 342 116 1 229 229 227 229 229 1 342 229 1 342 342 229 1 116 229 229 229 342 114 116 229 229 3 342 342 116 229 342 1 342 229 1 114 342 114 116 229 229 1 1 342 342 342 3 116 114 1 229 342 1 116 342 342 3 229 342 116 342 116 342 2 342 229 229 342 229 116 1 2 1 228 342 1 114 342 342 1 114 116 229 229 2 229 3 1 116 116 116 342 116 1 342 342 114 1 116 229 229 114 116 342 342 1 229 1 229 116 114 228 227 229 229 342 116 228 116 229 342 1 229 3 115 229 229 342 114 342 1 3 3 116 229 229 342 114 342 229 229 229 114 342 342 342 342 3 116 1 342 229 2 1 116 3 116 116 116 342 116 3 342 1 116 342 116 3 342 3 229 342 116 3 1 229 114 342 229 116 229 114 116 229 3 1 116 116 342 229 342 342 229 114 229 229 3 2 114 2 229 229 342 227 116 116 342 342 342 342 116 229 342 3 229 229 229 3 229 114 229 116 342 229 342 116 116 342 1 116 342 342 229 1 116 3 2 114 342 227 342 3 342 3 229 116 116 1 1 229 3 342 115 342 229 342 116 342 229 342 229 228 229 342 342 2 1 116 3 3 114 1 3 229 1 229 229 1 116 342 116 342 229 229 116 1 116 229 227 342 229 3 342 342 115 342 229 229 2 3 229 114 1 229 342 229 1 342 1 116 115 229 229 1 1 342 342 1 342 229 229 342 342 229 3 342 2 342 342 3 1 342 342 1 3 116 229 229 114 116 115 1 342 229 116 3 229 3 1 229 342 1 342 342 116 229 1 1 342 3 342 342 116 1 116 1 3 116 3 342 229 342 116 229 342 3 116 116 3 229 229 228 116 229 1 3 116 1 116 342 342 229 229 2 116 342 1 1 1 342 342 229 116 116 342 342 229 342 229 342 116 114 3 229 1 229 116 342 229 116 229 116 342 342 342 3 3 229 1 3 342 342 3 229 342 229 342 3 2 116 229 116 115 229 229 116 229 114 116 229 116 3 115 3 342 1 116 116 116 116 342 116 342 116 116 1 3 116 2 2 229 114 116 116 342 229 229 115 342 229 1 342 3 116 114 342 116 3 229 116 342 229 229 1 114 342 342 116 229 229 229 1 116 115 116 114 342 114 229 3 3 342 342 116 116 116 229 3 3 229 342 3 3 1 229 116 3 116 115 1 3 342 1 3 342 229 342 2 342 229 3 342 114 342 229 342 342 
c [Incremental] Max used label: 342.
c [Incremental] Label 342 is removed from searching.
c [Incremental] Solving for max label = 341:
c [Incremental] Solving duration: 461 ms.
s [Incremental] SAT (label = 341).
c [Incremental] Label assignment: 341 115 1 115 115 228 1 341 1 1 341 341 1 228 115 114 228 341 341 114 1 1 228 114 1 2 114 115 1 115 228 341 1 341 228 1 115 341 228 115 228 228 341 341 228 341 115 1 228 228 227 228 228 1 341 228 1 341 341 228 1 115 228 228 228 341 114 115 228 228 2 341 341 115 228 341 1 341 228 1 114 341 114 115 228 228 1 1 341 341 341 2 115 114 1 228 341 1 115 341 341 2 228 341 115 341 115 341 2 341 228 228 341 228 115 1 2 1 228 341 1 114 341 341 1 114 115 228 228 2 228 2 1 115 115 115 341 115 1 341 341 114 1 115 228 228 114 115 341 341 1 228 1 228 115 114 228 227 228 228 341 115 228 115 228 341 1 228 2 115 228 228 341 114 341 1 2 2 115 228 228 341 114 341 228 228 228 114 341 341 341 341 2 115 1 341 228 2 1 115 2 115 115 115 341 115 2 341 1 115 341 115 2 341 2 228 341 115 2 1 228 114 341 228 115 228 114 115 228 2 1 115 115 341 228 341 341 228 114 228 228 2 2 114 2 228 228 341 227 115 115 341 341 341 341 115 228 341 2 228 228 228 2 228 114 228 115 341 228 341 115 115 341 1 115 341 341 228 1 115 2 2 114 341 227 341 2 341 2 228 115 115 1 1 228 2 341 115 341 228 341 115 341 228 341 228 228 228 341 341 2 1 115 2 2 114 1 2 228 1 228 228 1 115 341 115 341 228 228 115 1 115 228 227 341 228 2 341 341 115 341 228 228 2 2 228 114 1 228 341 228 1 341 1 115 115 228 228 1 1 341 341 1 341 228 228 341 341 228 2 341 2 341 341 2 1 341 341 1 2 115 228 228 114 115 115 1 341 228 115 2 228 2 1 228 341 1 341 341 115 228 1 1 341 2 341 341 115 1 115 1 2 115 2 341 228 341 115 228 341 2 115 115 2 228 228 228 115 228 1 2 115 1 115 341 341 228 228 2 115 341 1 1 1 341 341 228 115 115 341 341 228 341 228 341 115 114 2 228 1 228 115 341 228 115 228 115 341 341 341 2 2 228 1 2 341 341 2 228 341 228 341 2 2 115 228 115 115 228 228 115 228 114 115 228 115 2 115 2 341 1 115 115 115 115 341 115 341 115 115 1 2 115 2 2 228 114 115 115 341 228 228 115 341 228 1 341 2 115 114 341 115 2 228 115 341 228 228 1 114 341 341 115 228 228 228 1 115 115 115 114 341 114 228 2 2 341 341 115 115 115 228 2 2 228 341 2 2 1 228 115 2 115 115 1 2 341 1 2 341 228 341 2 341 228 2 341 114 341 228 341 341 
c [Incremental] Max used label: 341.
c [Incremental] Label 341 is removed from searching.
c [Incremental] Solving for max label = 340:
c [Incremental] Solving duration: 432 ms.
s [Incremental] SAT (label = 340).
c [Incremental] Label assignment: 340 114 1 114 114 227 1 340 1 1 340 340 1 227 114 114 227 340 340 114 1 1 227 114 1 1 114 114 1 114 227 340 1 340 227 1 114 340 227 114 227 227 340 340 227 340 114 1 227 227 227 227 227 1 340 227 1 340 340 227 1 114 227 227 227 340 114 114 227 227 1 340 340 114 227 340 1 340 227 1 114 340 114 114 227 227 1 1 340 340 340 1 114 114 1 227 340 1 114 340 340 1 227 340 114 340 114 340 1 340 227 227 340 227 114 1 1 1 227 340 1 114 340 340 1 114 114 227 227 1 227 1 1 114 114 114 340 114 1 340 340 114 1 114 227 227 114 114 340 340 1 227 1 227 114 114 227 227 227 227 340 114 227 114 227 340 1 227 1 114 227 227 340 114 340 1 1 1 114 227 227 340 114 340 227 227 227 114 340 340 340 340 1 114 1 340 227 1 1 114 1 114 114 114 340 114 1 340 1 114 340 114 1 340 1 227 340 114 1 1 227 114 340 227 114 227 114 114 227 1 1 114 114 340 227 340 340 227 114 227 227 1 1 114 1 227 227 340 227 114 114 340 340 340 340 114 227 340 1 227 227 227 1 227 114 227 114 340 227 340 114 114 340 1 114 340 340 227 1 114 1 1 114 340 227 340 1 340 1 227 114 114 1 1 227 1 340 114 340 227 340 114 340 227 340 227 227 227 340 340 1 1 114 1 1 114 1 1 227 1 227 227 1 114 340 114 340 227 227 114 1 114 227 227 340 227 1 340 340 114 340 227 227 1 1 227 114 1 227 340 227 1 340 1 114 114 227 227 1 1 340 340 1 340 227 227 340 340 227 1 340 1 340 340 1 1 340 340 1 1 114 227 227 114 114 114 1 340 227 114 1 227 1 1 227 340 1 340 340 114 227 1 1 340 1 340 340 114 1 114 1 1 114 1 340 227 340 114 227 340 1 114 114 1 227 227 227 114 227 1 1 114 1 114 340 340 227 227 1 114 340 1 1 1 340 340 227 114 114 340 340 227 340 227 340 114 114 1 227 1 227 114 340 227 114 227 114 340 340 340 1 1 227 1 1 340 340 1 227 340 227 340 1 1 114 227 114 114 227 227 114 227 114 114 227 114 1 114 1 340 1 114 114 114 114 340 114 340 114 114 1 1 114 1 1 227 114 114 114 340 227 227 114 340 227 1 340 1 114 114 340 114 1 227 114 340 227 227 1 114 340 340 114 227 227 227 1 114 114 114 114 340 114 227 1 1 340 340 114 114 114 227 1 1 227 340 1 1 1 227 114 1 114 114 1 1 340 1 1 340 227 340 1 340 227 1 340 114 340 227 340 340 
c [Incremental] Max used label: 340.
c [Incremental] Label 340 is removed from searching.
c [Incremental] Solving for max label = 339:
c [Incremental] Solving duration: 182 ms.
s [Incremental] UNSAT (label = 339).
c [Signal] Signal interruption. Caught signal: SIGTERM (15).
c [Main] Work pid ends with result: 0.
r [Main] 
r [Main] Final results: 
r [Main] Total real time: 233804 ms.
r [Main] Total memory consumed: 2041.9 MB.
r [Main] 
