c [Version] Minimize Makespan Labeling Encoder version 1.0.0.
c [Param] Target value is set to 51.
c [Param] LB is predefined as 52.
c [Param] UB is predefined as 630.
c [Param] Target value is set to Antibandwidth.
c [Param] Vertices mode is set to Has hole.
c [Param] Result verification is ON.
c [Param] Memory limit is set to 30000.
c [Param] Real time limit is set to 1800.
c [Param] Max CNF size is set to 10.
c [Main] Search strategy: Incremental from upper bound.
c [Main] Encoding and solving for graph: N-bcsstk07.mtx.rnd.
c [Incremental] Minimize Makespan Labeling problem (N-bcsstk07.mtx.rnd):
c [Incremental] Encoding starts with target value = 51:
c [Incremental] Encoding duration: 8061ms.
c [Incremental] Number of clauses: 10498562.
c [Incremental] Number of variables: 750586.
c [Incremental] Solving for max label = 630:
c [Incremental] Solving duration: 15225 ms.
s [Incremental] SAT (label = 630).
c [Incremental] Label assignment: 579 630 630 630 579 630 630 630 630 630 630 630 630 579 630 630 630 630 630 314 579 579 579 630 579 630 630 579 630 528 630 528 579 477 528 579 630 579 426 630 528 630 579 477 528 579 528 630 579 630 579 630 528 579 528 528 630 528 528 630 477 477 477 528 630 477 579 528 426 579 477 528 579 477 630 375 579 579 579 630 579 579 528 630 579 426 477 477 579 477 477 426 477 579 579 426 477 477 630 630 375 477 426 528 579 528 579 375 375 630 630 477 579 579 630 375 477 263 324 477 630 375 324 426 426 579 528 477 426 579 426 528 69 426 477 426 579 426 426 630 477 375 426 375 528 375 375 579 579 426 579 528 375 2 477 426 579 477 528 477 426 579 375 273 375 324 477 528 324 120 324 477 630 375 273 212 324 528 528 579 203 630 324 426 375 375 324 528 426 305 630 528 324 375 222 324 579 528 324 528 254 324 426 579 630 171 273 324 426 477 273 273 273 273 630 212 528 426 222 375 222 273 528 87 375 375 324 426 324 324 273 222 630 375 222 273 375 138 630 273 324 375 426 426 630 528 212 222 477 273 375 324 477 477 324 528 630 273 324 161 426 69 273 273 528 120 324 579 2 630 222 375 477 630 189 222 630 222 110 110 222 426 171 630 120 528 324 222 426 324 273 273 161 2 324 110 375 87 171 171 222 324 161 59 324 152 273 579 171 222 69 120 59 152 120 324 579 222 222 426 69 110 426 273 273 375 171 273 273 222 630 69 2 324 273 375 375 171 477 120 222 171 171 324 273 579 222 477 426 528 2 69 375 171 110 630 69 528 120 171 273 69 426 2 477 579 222 630 324 2 69 171 2 2 161 273 120 171 171 324 222 120 69 2 579 2 2 69 630 630 120 630 273 120 2 2 120 120 579 171 171 528 477 222 426 120 69 324 528 375 120 222 273 375 171 222 1 477 69 1 
c [Incremental] Max used label: 630.
c [Incremental] Label 630 is removed from searching.
c [Incremental] Solving for max label = 629:
c [Incremental] Solving duration: 13384 ms.
s [Incremental] SAT (label = 629).
c [Incremental] Label assignment: 222 629 578 222 578 629 578 578 629 629 629 629 629 527 629 629 629 476 527 314 629 103 629 629 578 629 629 578 527 527 2 561 578 477 527 579 578 476 273 324 527 629 578 476 527 578 59 629 578 629 578 629 527 578 527 69 629 528 527 527 476 476 356 527 629 476 578 171 425 579 477 528 578 476 629 375 578 578 578 629 578 407 527 629 578 425 476 510 578 425 477 426 425 425 578 629 425 476 426 528 629 374 578 527 578 527 578 407 374 629 629 476 578 578 629 281 509 263 332 425 629 459 2 476 374 578 527 69 476 426 425 527 68 426 171 458 579 443 171 629 374 323 425 374 527 527 374 578 578 273 578 527 383 1 476 426 578 476 222 375 425 578 375 273 374 324 477 528 323 120 324 323 374 323 272 212 578 477 527 578 203 629 324 272 374 374 324 561 425 305 629 527 425 374 221 323 578 323 323 476 2 324 425 578 629 170 273 324 426 476 120 120 273 273 629 212 527 425 222 374 222 323 476 87 374 375 305 425 324 272 230 222 629 110 222 273 374 375 629 161 323 374 324 426 629 120 212 222 476 273 476 179 161 476 323 527 629 101 323 110 425 69 273 273 375 119 629 578 2 629 222 323 221 629 171 527 629 222 110 476 222 458 171 629 2 527 323 128 254 152 59 272 161 629 69 110 374 120 170 171 221 170 161 59 171 2 59 578 170 476 1 120 59 323 119 323 578 222 221 425 68 110 426 272 272 374 171 170 272 222 629 68 2 221 171 374 375 171 324 119 222 170 2 323 272 477 221 272 425 629 2 171 170 2 110 629 629 527 120 171 273 629 221 272 476 578 119 221 323 2 68 59 2 2 425 120 120 629 2 323 222 119 68 2 578 1 2 509 629 629 120 629 272 69 2 2 52 68 578 170 171 527 509 222 425 119 425 69 69 375 69 1 273 374 170 222 426 1 119 1 
c [Incremental] Max used label: 629.
c [Incremental] Label 629 is removed from searching.
c [Incremental] Solving for max label = 628:
c [Incremental] Solving duration: 819 ms.
s [Incremental] SAT (label = 628).
c [Incremental] Label assignment: 222 628 577 222 577 628 577 577 628 628 628 628 628 526 628 628 628 475 526 314 628 103 628 628 577 628 628 577 526 526 2 561 577 477 526 579 577 475 273 324 526 628 577 475 526 407 577 628 577 628 577 628 526 577 526 69 628 528 526 526 475 475 356 526 628 475 577 171 424 579 356 528 577 475 628 375 577 577 577 628 577 407 526 628 577 424 475 510 577 424 477 458 424 424 577 628 424 475 426 528 628 373 577 526 577 526 577 407 373 628 628 475 577 577 628 281 509 263 332 424 628 459 2 475 373 577 526 69 475 426 424 526 68 426 171 458 579 443 171 628 373 322 424 373 526 526 373 577 577 273 577 526 383 1 475 426 577 475 222 375 424 577 375 273 254 324 477 528 322 120 324 322 373 322 271 212 577 477 526 577 203 628 324 271 305 373 324 561 424 305 628 526 424 373 220 322 59 526 323 475 2 324 424 577 628 169 273 324 426 475 120 120 273 273 628 212 526 424 222 373 222 322 475 87 373 375 305 424 324 305 230 222 628 110 222 273 373 375 628 161 322 373 324 426 628 120 212 222 475 273 475 179 161 475 322 526 628 101 322 110 424 69 273 273 375 118 628 577 2 628 222 322 221 628 171 526 628 222 110 475 222 458 171 628 2 526 322 128 254 152 59 271 161 628 69 110 373 120 169 171 220 170 161 59 171 2 59 577 169 475 1 120 59 356 118 322 577 222 220 424 67 110 426 271 271 305 171 169 271 222 628 67 2 220 171 373 375 171 324 118 222 169 2 322 272 477 203 271 424 628 2 171 170 2 110 628 628 526 120 171 273 628 220 254 475 577 119 203 322 2 67 59 2 2 424 120 120 628 2 322 222 118 67 2 577 1 2 509 628 628 120 628 271 69 2 2 52 67 577 169 171 526 509 222 424 118 424 69 69 375 69 1 273 373 152 222 426 1 118 1 
c [Incremental] Max used label: 628.
c [Incremental] Label 628 is removed from searching.
c [Incremental] Solving for max label = 627:
c [Incremental] Solving duration: 701 ms.
s [Incremental] SAT (label = 627).
c [Incremental] Label assignment: 222 627 576 222 576 627 576 576 627 627 627 627 627 525 627 627 627 474 525 314 627 103 627 627 576 627 627 576 525 525 2 561 576 477 525 579 576 474 273 324 525 627 576 474 525 407 576 627 576 627 576 627 525 576 525 69 627 528 525 525 474 474 356 525 627 474 576 171 423 579 356 528 576 474 627 375 576 576 576 627 576 407 525 627 576 423 474 510 576 423 477 458 423 423 576 627 423 474 426 528 627 372 576 525 576 525 576 407 372 627 627 474 576 576 627 281 509 263 332 423 627 459 2 474 372 576 525 69 474 426 423 525 68 426 171 458 579 443 171 627 372 321 423 372 525 525 372 576 576 273 576 525 383 1 474 426 576 474 222 375 423 576 375 273 254 324 477 528 321 120 324 321 372 321 270 212 576 477 525 576 203 627 324 270 305 372 324 561 423 305 627 525 423 372 219 321 59 525 323 474 2 324 423 576 627 168 273 324 426 474 120 120 273 273 627 212 525 423 222 372 222 321 474 87 372 375 305 423 324 305 230 222 627 110 222 273 372 375 627 161 321 372 324 426 627 120 212 222 474 273 474 179 161 474 321 525 627 101 321 110 423 69 273 273 375 117 627 576 2 627 222 321 221 627 171 525 627 222 110 474 222 458 171 627 2 525 321 128 254 152 59 270 161 627 69 110 372 120 168 171 219 170 161 59 171 2 59 576 168 474 1 120 59 356 117 321 576 222 219 423 66 110 426 270 270 305 171 168 270 222 627 66 2 219 171 372 375 171 324 117 222 168 2 321 272 477 203 270 423 627 2 171 170 2 110 627 627 525 120 171 273 627 219 254 474 576 119 203 321 2 66 59 2 2 423 120 120 627 2 321 222 117 66 2 576 1 2 509 627 627 120 627 270 69 2 2 52 66 576 168 171 525 509 222 423 117 423 69 69 375 69 1 273 372 152 222 426 1 117 1 
c [Incremental] Max used label: 627.
c [Incremental] Label 627 is removed from searching.
c [Incremental] Solving for max label = 626:
c [Incremental] Solving duration: 728 ms.
s [Incremental] SAT (label = 626).
c [Incremental] Label assignment: 222 626 575 222 575 626 575 575 626 626 626 626 626 524 626 626 626 473 524 314 626 103 626 626 575 626 626 575 524 524 2 561 575 477 524 579 575 473 273 324 524 626 575 473 524 407 575 626 575 626 575 626 524 575 524 69 626 528 524 524 473 473 356 524 626 473 575 171 422 579 356 528 575 473 626 375 575 575 575 626 575 407 524 626 575 422 473 510 575 422 477 458 422 422 575 626 422 473 426 528 626 371 575 524 575 524 575 407 371 626 626 473 575 575 626 281 509 263 332 422 626 459 2 473 371 575 524 69 473 426 422 524 68 426 171 458 579 443 171 626 371 320 422 371 524 524 371 575 575 273 575 524 383 1 473 426 575 473 222 375 422 575 375 273 254 324 477 528 320 120 324 320 371 320 269 212 575 477 524 575 203 626 324 269 305 371 324 561 422 305 626 524 422 371 218 320 59 524 323 473 2 324 422 575 626 167 273 324 426 473 120 120 273 273 626 212 524 422 222 371 222 320 473 87 371 375 305 422 324 305 230 222 626 110 222 273 371 375 626 161 320 371 324 426 626 120 212 222 473 273 473 179 161 473 320 524 626 101 320 110 422 69 273 273 375 116 626 575 2 626 222 320 221 626 171 524 626 222 110 473 222 458 171 626 2 524 320 128 254 152 59 269 161 626 69 110 371 120 167 171 218 170 161 59 171 2 59 575 167 473 1 120 59 356 116 320 575 222 218 422 65 110 426 269 269 305 171 167 269 222 626 65 2 218 171 371 375 171 324 116 222 167 2 320 272 477 203 269 422 626 2 171 170 2 110 626 626 524 120 171 273 626 218 254 473 575 119 203 320 2 65 59 2 2 422 120 120 626 2 320 222 116 65 2 575 1 2 509 626 626 120 626 269 69 2 2 52 65 575 167 171 524 509 222 422 116 422 69 69 375 69 1 273 371 152 222 426 1 116 1 
c [Incremental] Max used label: 626.
c [Incremental] Label 626 is removed from searching.
c [Incremental] Solving for max label = 625:
c [Incremental] Solving duration: 684 ms.
s [Incremental] SAT (label = 625).
c [Incremental] Label assignment: 222 625 574 222 574 625 574 574 625 625 625 625 625 523 625 625 625 472 523 314 625 103 625 625 574 625 625 574 523 523 2 561 574 477 523 579 574 472 273 324 523 625 574 472 523 407 574 625 574 625 574 625 523 574 523 69 625 528 523 523 472 472 356 523 625 472 574 171 421 579 356 528 574 472 625 375 574 574 574 625 574 407 523 625 574 421 472 510 574 421 477 458 421 421 574 625 421 472 426 528 625 370 574 523 574 523 574 407 370 625 625 472 574 574 625 281 509 263 332 421 625 459 2 472 370 574 523 69 472 426 421 523 68 426 171 458 579 443 171 625 370 319 421 370 523 523 370 574 574 273 574 523 383 1 472 426 574 472 222 375 421 574 375 273 254 324 477 528 319 120 324 319 370 319 268 212 574 477 523 574 203 625 324 268 305 370 324 561 421 305 625 523 421 370 217 319 59 523 323 472 2 324 421 574 625 166 273 324 426 472 120 120 273 273 625 212 523 421 222 370 222 319 472 87 370 375 305 421 324 305 230 222 625 110 222 273 370 375 625 161 319 370 324 426 625 120 212 222 472 273 472 179 161 472 319 523 625 101 319 110 421 69 273 273 375 115 625 574 2 625 222 319 221 625 171 523 625 222 110 472 222 458 171 625 2 523 319 128 254 152 59 268 161 625 69 110 370 120 166 171 217 170 161 59 171 2 59 574 166 472 1 120 59 356 115 319 574 222 217 421 64 110 426 268 268 305 171 166 268 222 625 64 2 217 171 370 375 171 324 115 222 166 2 319 272 477 203 268 421 625 2 171 170 2 110 625 625 523 120 171 273 625 217 254 472 574 119 203 319 2 64 59 2 2 421 120 120 625 2 319 222 115 64 2 574 1 2 509 625 625 120 625 268 69 2 2 52 64 574 166 171 523 509 222 421 115 421 69 69 375 69 1 273 370 152 222 426 1 115 1 
c [Incremental] Max used label: 625.
c [Incremental] Label 625 is removed from searching.
c [Incremental] Solving for max label = 624:
c [Incremental] Solving duration: 702 ms.
s [Incremental] SAT (label = 624).
c [Incremental] Label assignment: 222 624 573 222 573 624 573 573 624 624 624 624 624 522 624 624 624 471 522 314 624 103 624 624 573 624 624 573 522 522 2 561 573 477 522 579 573 471 273 324 522 624 573 471 522 407 573 624 573 624 573 624 522 573 522 69 624 528 522 522 471 471 356 522 624 471 573 171 420 579 356 528 573 471 624 375 573 573 573 624 573 407 522 624 573 420 471 510 573 420 477 458 420 420 573 624 420 471 426 528 624 369 573 522 573 522 573 407 369 624 624 471 573 573 624 281 509 263 332 420 624 459 2 471 369 573 522 69 471 426 420 522 68 426 171 458 579 443 171 624 369 318 420 369 522 522 369 573 573 273 573 522 383 1 471 426 573 471 222 375 420 573 375 273 254 324 477 528 318 120 324 318 369 318 267 212 573 477 522 573 203 624 324 267 305 369 324 561 420 305 624 522 420 369 216 318 59 522 323 471 2 324 420 573 624 165 273 324 426 471 120 120 273 273 624 212 522 420 222 369 222 318 471 87 369 375 305 420 324 305 230 222 624 110 222 273 369 375 624 161 318 369 324 426 624 120 212 222 471 273 471 179 161 471 318 522 624 101 318 110 420 69 273 273 375 114 624 573 2 624 222 318 221 624 171 522 624 222 110 471 222 458 171 624 2 522 318 128 254 152 59 267 161 624 69 110 369 120 165 171 216 170 161 59 171 2 59 573 165 471 1 120 59 356 114 318 573 222 216 420 63 110 426 267 267 305 171 165 267 222 624 63 2 216 171 369 375 171 324 114 222 165 2 318 272 477 203 267 420 624 2 171 170 2 110 624 624 522 120 171 273 624 216 254 471 573 119 203 318 2 63 59 2 2 420 120 120 624 2 318 222 114 63 2 573 1 2 509 624 624 120 624 267 69 2 2 52 63 573 165 171 522 509 222 420 114 420 69 69 375 69 1 273 369 152 222 426 1 114 1 
c [Incremental] Max used label: 624.
c [Incremental] Label 624 is removed from searching.
c [Incremental] Solving for max label = 623:
c [Incremental] Solving duration: 701 ms.
s [Incremental] SAT (label = 623).
c [Incremental] Label assignment: 222 623 572 222 572 623 572 572 623 623 623 623 623 521 623 623 623 470 521 314 623 103 623 623 572 623 623 572 521 521 2 561 572 477 521 579 572 470 273 324 521 623 572 470 521 407 572 623 572 623 572 623 521 572 521 69 623 528 521 521 470 470 356 521 623 470 572 171 419 579 356 528 572 470 623 375 572 572 572 623 572 407 521 623 572 419 470 510 572 419 477 458 419 419 572 623 419 470 426 528 623 368 572 521 572 521 572 407 368 623 623 470 572 572 623 281 509 263 332 419 623 459 2 470 368 572 521 69 470 426 419 521 68 426 171 458 579 443 171 623 368 317 419 368 521 521 368 572 572 273 572 521 383 1 470 426 572 470 222 375 419 572 375 273 254 324 477 528 317 120 324 317 368 317 266 212 572 477 521 572 203 623 324 266 305 368 324 561 419 305 623 521 419 368 215 317 59 521 323 470 2 324 419 572 623 164 273 324 426 470 120 120 273 273 623 212 521 419 222 368 222 317 470 87 368 375 305 419 324 305 230 222 623 110 222 273 368 375 623 161 317 368 324 426 623 120 212 222 470 273 470 179 161 470 317 521 623 101 317 110 419 69 273 273 375 113 623 572 2 623 222 317 221 623 171 521 623 222 110 470 222 458 171 623 2 521 317 128 254 152 59 266 161 623 69 110 368 120 164 171 215 170 161 59 171 2 59 572 164 470 1 120 59 356 113 317 572 222 215 419 62 110 426 266 266 305 171 164 266 222 623 62 2 215 171 368 375 171 324 113 222 164 2 317 272 477 203 266 419 623 2 171 170 2 110 623 623 521 120 171 273 623 215 254 470 572 119 203 317 2 62 59 2 2 419 120 120 623 2 317 222 113 62 2 572 1 2 509 623 623 120 623 266 69 2 2 52 62 572 164 171 521 509 222 419 113 419 69 69 375 69 1 273 368 152 222 426 1 113 1 
c [Incremental] Max used label: 623.
c [Incremental] Label 623 is removed from searching.
c [Incremental] Solving for max label = 622:
c [Incremental] Solving duration: 690 ms.
s [Incremental] SAT (label = 622).
c [Incremental] Label assignment: 222 622 571 222 571 622 571 571 622 622 622 622 622 520 622 622 622 469 520 314 622 103 622 622 571 622 622 571 520 520 2 561 571 477 520 579 571 469 273 324 520 622 571 469 520 407 571 622 571 622 571 622 520 571 520 69 622 528 520 520 469 469 356 520 622 469 571 171 418 579 356 528 571 469 622 375 571 571 571 622 571 407 520 622 571 418 469 510 571 418 477 458 418 418 571 622 418 469 426 528 622 367 571 520 571 520 571 407 367 622 622 469 571 571 622 281 509 263 332 418 622 459 2 469 367 571 520 69 469 426 418 520 68 426 171 458 579 443 171 622 367 316 418 367 520 520 367 571 571 273 571 520 383 1 469 426 571 469 222 375 418 571 375 273 254 324 477 528 316 120 324 316 367 316 265 212 571 477 520 571 203 622 324 265 305 367 324 561 418 305 622 520 418 367 214 316 59 520 323 469 2 324 418 571 622 163 273 324 426 469 120 120 273 273 622 212 520 418 222 367 222 316 469 87 367 375 305 418 324 305 230 222 622 110 222 273 367 375 622 161 316 367 324 426 622 120 212 222 469 273 469 179 161 469 316 520 622 101 316 110 418 69 273 273 375 112 622 571 2 622 222 316 221 622 171 520 622 222 110 469 222 458 171 622 2 520 316 128 254 152 59 265 161 622 69 110 367 120 163 171 214 170 161 59 171 2 59 571 163 469 1 120 59 356 112 316 571 222 214 418 61 110 426 265 265 305 171 163 265 222 622 61 2 214 171 367 375 171 324 112 222 163 2 316 272 477 203 265 418 622 2 171 170 2 110 622 622 520 120 171 273 622 214 254 469 571 119 203 316 2 61 59 2 2 418 120 120 622 2 316 222 112 61 2 571 1 2 509 622 622 120 622 265 69 2 2 52 61 571 163 171 520 509 222 418 112 418 69 69 375 69 1 273 367 152 222 426 1 112 1 
c [Incremental] Max used label: 622.
c [Incremental] Label 622 is removed from searching.
c [Incremental] Solving for max label = 621:
c [Incremental] Solving duration: 708 ms.
s [Incremental] SAT (label = 621).
c [Incremental] Label assignment: 222 621 570 222 570 621 570 570 621 621 621 621 621 519 621 621 621 468 519 314 621 103 621 621 570 621 621 570 519 519 2 561 570 477 519 579 570 468 273 324 519 621 570 468 519 407 570 621 570 621 570 621 519 570 519 69 621 528 519 519 468 468 356 519 621 468 570 171 417 579 356 528 570 468 621 375 570 570 570 621 570 407 519 621 570 417 468 510 570 417 477 458 417 417 570 621 417 468 426 528 621 366 570 519 570 519 570 407 366 621 621 468 570 570 621 281 509 263 332 417 621 459 2 468 366 570 519 69 468 426 417 519 68 426 171 458 579 443 171 621 366 315 417 366 519 519 366 570 570 273 570 519 383 1 468 426 570 468 222 375 417 570 375 273 254 324 477 528 315 120 324 315 366 315 264 212 570 477 519 570 203 621 324 264 305 366 324 561 417 305 621 519 417 366 213 315 59 519 323 468 2 324 417 570 621 162 273 324 426 468 120 120 273 273 621 212 519 417 222 366 222 315 468 87 366 375 305 417 324 305 230 222 621 110 222 273 366 375 621 161 315 366 324 426 621 120 212 222 468 273 468 179 161 468 315 519 621 101 315 110 417 69 273 273 375 111 621 570 2 621 222 315 221 621 171 519 621 222 110 468 222 458 171 621 2 519 315 128 254 152 59 264 161 621 69 110 366 120 162 171 213 170 161 59 171 2 59 570 162 468 1 120 59 356 111 315 570 222 213 417 60 110 426 264 264 305 171 162 264 222 621 60 2 213 171 366 375 171 324 111 222 162 2 315 272 477 203 264 417 621 2 171 170 2 110 621 621 519 120 171 273 621 213 254 468 570 119 203 315 2 60 59 2 2 417 120 120 621 2 315 222 111 60 2 570 1 2 509 621 621 120 621 264 69 2 2 52 60 570 162 171 519 509 222 417 111 417 69 69 375 69 1 273 366 152 222 426 1 111 1 
c [Incremental] Max used label: 621.
c [Incremental] Label 621 is removed from searching.
c [Incremental] Solving for max label = 620:
c [Incremental] Solving duration: 754 ms.
s [Incremental] SAT (label = 620).
c [Incremental] Label assignment: 222 620 569 222 569 620 569 569 620 620 620 620 620 518 620 620 620 467 518 314 620 103 620 620 569 620 620 569 518 518 2 561 569 477 518 579 569 467 273 324 518 620 569 467 518 407 569 620 569 620 569 620 518 569 518 69 620 528 518 518 467 467 356 518 620 467 569 171 416 579 356 528 569 467 620 375 569 569 569 620 569 407 518 620 569 416 467 510 569 416 477 458 416 416 569 620 416 467 426 528 620 365 569 518 569 518 569 407 365 620 620 467 569 569 620 281 509 263 332 416 620 459 2 467 365 569 518 69 467 426 416 518 68 426 171 458 579 443 171 620 365 314 416 365 518 518 365 569 569 273 569 518 383 1 467 426 569 467 222 375 416 569 375 273 254 324 477 528 314 120 324 314 365 314 263 212 569 477 518 569 203 620 324 263 305 365 324 561 416 305 620 518 416 365 212 314 59 518 323 467 2 324 416 569 620 161 273 324 426 467 120 120 273 273 620 212 518 416 222 365 222 314 467 87 365 375 305 416 324 305 230 222 620 110 222 273 365 375 620 161 314 365 324 426 620 120 212 222 467 273 467 179 161 467 314 518 620 101 314 110 416 69 273 273 375 110 620 569 2 620 222 314 221 620 171 518 620 222 110 467 222 458 171 620 2 518 314 128 254 152 59 263 161 620 69 110 365 120 161 171 212 170 161 59 171 2 59 569 161 467 1 120 59 356 110 314 569 222 212 416 59 110 426 263 263 305 171 161 263 222 620 59 2 212 171 365 375 171 324 110 222 161 2 314 272 477 203 263 416 620 2 171 170 2 110 620 620 518 120 171 273 620 212 254 467 569 119 203 314 2 59 59 2 2 416 120 120 620 2 314 222 110 59 2 569 1 2 509 620 620 120 620 263 69 2 2 52 59 569 161 171 518 509 222 416 110 416 69 69 375 69 1 273 365 152 222 426 1 110 1 
c [Incremental] Max used label: 620.
c [Incremental] Label 620 is removed from searching.
c [Incremental] Solving for max label = 619:
c [Incremental] Solving duration: 715 ms.
s [Incremental] SAT (label = 619).
c [Incremental] Label assignment: 222 619 568 222 568 619 568 568 619 619 619 619 619 517 619 619 619 466 517 314 619 103 619 619 568 619 619 568 517 517 2 561 568 477 517 579 568 466 273 324 517 619 568 466 517 407 568 619 568 619 568 619 517 568 517 69 619 528 517 517 466 466 356 517 619 466 568 171 415 579 356 528 568 466 619 375 568 568 568 619 568 407 517 619 568 415 466 510 568 415 477 458 415 415 568 619 415 466 426 528 619 364 568 517 568 517 568 407 364 619 619 466 568 568 619 281 509 263 332 415 619 459 2 466 364 568 517 69 466 426 415 517 68 426 171 458 579 443 171 619 364 313 415 364 517 517 364 568 568 273 568 517 383 1 466 426 568 466 222 375 415 568 375 273 254 324 477 528 313 120 324 313 364 313 262 212 568 477 517 568 203 619 324 262 305 364 324 561 415 305 619 517 415 364 211 313 59 517 323 466 2 324 415 568 619 160 273 324 426 466 120 120 273 273 619 212 517 415 222 364 222 313 160 87 364 375 305 415 324 305 230 222 619 109 222 273 364 375 619 161 313 364 324 426 619 120 211 222 466 273 466 179 466 466 313 517 619 101 313 110 415 69 273 273 375 109 619 568 2 619 222 313 221 619 171 517 619 222 110 161 222 458 171 619 2 517 313 128 254 152 59 262 161 619 69 110 364 120 160 171 211 170 161 58 171 2 59 568 160 466 1 120 59 356 109 313 568 222 211 415 58 110 426 262 262 305 171 160 262 222 619 58 2 211 171 364 375 171 324 109 222 160 2 313 272 477 203 262 415 619 2 171 170 2 110 619 619 517 120 171 273 619 211 254 466 568 119 203 313 2 58 59 2 2 415 120 120 619 2 313 222 109 58 2 568 1 2 509 619 619 120 619 262 69 2 2 52 58 568 160 171 517 509 222 415 109 415 69 69 375 69 1 273 364 152 222 426 1 109 1 
c [Incremental] Max used label: 619.
c [Incremental] Label 619 is removed from searching.
c [Incremental] Solving for max label = 618:
c [Incremental] Solving duration: 674 ms.
s [Incremental] SAT (label = 618).
c [Incremental] Label assignment: 222 618 567 222 567 618 567 567 618 618 618 618 618 516 618 618 618 465 516 314 618 103 618 618 567 618 618 567 516 516 2 561 567 477 516 579 567 465 273 324 516 618 567 465 516 407 567 618 567 618 567 618 516 567 516 69 618 528 516 516 465 465 356 516 618 465 567 171 414 579 356 528 567 465 618 375 567 567 567 618 567 407 516 618 567 414 465 510 567 414 477 458 414 414 567 618 414 465 426 528 618 363 567 516 567 516 567 407 363 618 618 465 567 567 618 281 509 263 332 414 618 459 2 465 363 567 516 69 465 426 414 516 68 426 171 458 579 443 171 618 363 312 414 363 516 516 363 567 567 273 567 516 383 1 465 426 567 465 222 375 414 567 375 273 254 324 477 528 312 120 324 312 363 312 261 212 567 477 516 567 203 618 324 261 305 363 324 561 414 305 618 516 414 363 210 312 59 516 323 465 2 324 414 567 618 159 273 324 426 465 120 120 273 273 618 212 516 414 222 363 222 312 159 87 363 375 305 414 324 305 230 222 618 108 222 273 363 375 618 161 312 363 324 426 618 120 210 222 465 273 465 179 465 465 312 516 618 101 312 110 414 69 273 273 375 108 618 567 2 618 222 312 221 618 171 516 618 222 110 161 222 458 171 618 2 516 312 128 254 152 59 261 161 618 69 110 363 120 159 171 210 170 161 57 171 2 59 567 159 465 1 120 59 356 108 312 567 222 210 414 57 110 426 261 261 305 171 159 261 222 618 57 2 210 171 363 375 171 324 108 222 159 2 312 272 477 203 261 414 618 2 171 170 2 110 618 618 516 120 171 273 618 210 254 465 567 119 203 312 2 57 59 2 2 414 120 120 618 2 312 222 108 57 2 567 1 2 509 618 618 120 618 261 69 2 2 52 57 567 159 171 516 509 222 414 108 414 69 69 375 69 1 273 363 152 222 426 1 108 1 
c [Incremental] Max used label: 618.
c [Incremental] Label 618 is removed from searching.
c [Incremental] Solving for max label = 617:
c [Incremental] Solving duration: 704 ms.
s [Incremental] SAT (label = 617).
c [Incremental] Label assignment: 222 617 566 222 566 617 566 566 617 617 617 617 617 515 617 617 617 464 515 314 617 103 617 617 566 617 617 566 515 515 2 561 566 477 515 579 566 464 273 324 515 617 566 464 515 407 566 617 566 617 566 617 515 566 515 69 617 528 515 515 464 464 356 515 617 464 566 171 413 579 356 528 566 464 617 375 566 566 566 617 566 407 515 617 566 413 464 510 566 413 477 458 413 413 566 617 413 464 426 528 617 362 566 515 566 515 566 407 362 617 617 464 566 566 617 281 509 263 332 413 617 459 2 464 362 566 515 69 464 426 413 515 68 426 171 458 579 443 171 617 362 311 413 362 515 515 362 566 566 273 566 515 383 1 464 426 566 464 222 375 413 566 375 273 254 324 477 528 311 120 324 311 362 311 260 212 566 477 515 566 203 617 324 260 305 362 324 561 413 305 617 515 413 362 209 311 59 515 323 464 2 324 413 566 617 158 273 324 426 464 120 120 273 273 617 212 515 413 222 362 222 311 158 87 362 375 305 413 324 305 230 222 617 107 222 273 362 375 617 161 311 362 324 426 617 120 209 222 464 273 464 179 464 464 311 515 617 101 311 110 413 69 273 273 375 107 617 566 2 617 222 311 221 617 171 515 617 222 110 161 222 458 171 617 2 515 311 128 254 152 59 260 161 617 69 110 362 120 158 171 209 170 161 56 171 2 59 566 158 464 1 120 59 356 107 311 566 222 209 413 56 110 426 260 260 305 171 158 260 222 617 56 2 209 171 362 375 171 324 107 222 158 2 311 272 477 203 260 413 617 2 171 170 2 110 617 617 515 120 171 273 617 209 254 464 566 119 203 311 2 56 59 2 2 413 120 120 617 2 311 222 107 56 2 566 1 2 509 617 617 120 617 260 69 2 2 52 56 566 158 171 515 509 222 413 107 413 69 69 375 69 1 273 362 152 222 426 1 107 1 
c [Incremental] Max used label: 617.
c [Incremental] Label 617 is removed from searching.
c [Incremental] Solving for max label = 616:
c [Incremental] Solving duration: 695 ms.
s [Incremental] SAT (label = 616).
c [Incremental] Label assignment: 222 616 565 222 565 616 565 565 616 616 616 616 616 514 616 616 616 463 514 314 616 103 616 616 565 616 616 565 514 514 2 561 565 477 514 579 565 463 273 324 514 616 565 463 514 407 565 616 565 616 565 616 514 565 514 69 616 528 514 514 463 463 356 514 616 463 565 171 412 579 356 528 565 463 616 375 565 565 565 616 565 407 514 616 565 412 463 510 565 412 477 458 412 412 565 616 412 463 426 528 616 361 565 514 565 514 565 407 361 616 616 463 565 565 616 281 509 263 332 412 616 459 2 463 361 565 514 69 463 426 412 514 68 426 171 458 579 443 171 616 361 310 412 361 514 514 361 565 565 273 565 514 383 1 463 426 565 463 222 375 412 565 375 273 254 324 477 528 310 120 324 310 361 310 259 212 565 477 514 565 203 616 324 259 305 361 324 561 412 305 616 514 412 361 208 310 59 514 323 463 2 324 412 565 616 157 273 324 426 463 120 120 273 273 616 212 514 412 222 361 222 310 157 87 361 375 305 412 324 305 230 222 616 106 222 273 361 375 616 161 310 361 324 426 616 120 208 222 463 273 463 179 463 463 310 514 616 101 310 110 412 69 273 273 375 106 616 565 2 616 222 310 221 616 171 514 616 222 110 161 222 458 171 616 2 514 310 128 254 152 59 259 161 616 69 110 361 120 157 171 208 170 161 55 171 2 59 565 157 463 1 120 59 356 106 310 565 222 208 412 55 110 426 259 259 305 171 157 259 222 616 55 2 208 171 361 375 171 324 106 222 157 2 310 272 477 203 259 412 616 2 171 170 2 110 616 616 514 120 171 273 616 208 254 463 565 119 203 310 2 55 59 2 2 412 120 120 616 2 310 222 106 55 2 565 1 2 509 616 616 120 616 259 69 2 2 52 55 565 157 171 514 509 222 412 106 412 69 69 375 69 1 273 361 152 222 426 1 106 1 
c [Incremental] Max used label: 616.
c [Incremental] Label 616 is removed from searching.
c [Incremental] Solving for max label = 615:
c [Incremental] Solving duration: 763 ms.
s [Incremental] SAT (label = 615).
c [Incremental] Label assignment: 222 615 564 222 564 615 564 564 615 615 615 615 615 513 615 615 615 462 513 314 615 103 615 615 564 615 615 564 513 513 2 561 564 477 513 579 564 462 273 324 513 615 564 462 513 407 564 615 564 615 564 615 513 564 513 69 615 528 513 513 462 462 356 513 615 462 564 171 411 579 356 528 564 462 615 375 564 564 564 615 564 407 513 615 564 411 462 510 564 411 477 458 411 411 564 615 411 462 426 528 615 360 564 513 564 513 564 407 360 615 615 462 564 564 615 281 509 263 332 411 615 459 2 462 360 564 513 69 462 426 411 513 68 426 171 458 579 443 171 615 360 309 411 360 513 513 360 564 564 273 564 513 383 1 462 426 564 462 222 375 411 564 375 273 254 324 477 528 309 120 324 309 360 309 258 212 564 477 513 564 203 615 324 258 305 360 324 561 411 305 615 513 411 360 207 309 59 513 323 462 2 324 411 564 615 156 273 324 426 462 120 120 273 273 615 212 513 411 222 360 222 309 156 87 360 375 305 411 324 305 230 222 615 105 222 273 360 375 615 161 309 360 324 426 615 120 207 222 462 273 462 179 462 462 309 513 615 101 309 110 411 69 273 273 375 105 615 564 2 615 222 309 221 615 171 513 615 222 110 161 222 458 171 615 2 513 309 128 254 152 59 258 161 615 69 110 360 120 156 171 207 170 161 54 171 2 59 564 156 462 1 120 59 356 105 309 564 222 207 411 54 110 426 258 258 305 171 156 258 222 615 54 2 207 171 360 375 171 324 105 222 156 2 309 272 477 203 258 411 615 2 171 170 2 110 615 615 513 120 171 273 615 207 254 462 564 119 203 309 2 54 59 2 2 411 120 120 615 2 309 222 105 54 2 564 1 2 509 615 615 120 615 258 69 2 2 52 54 564 156 171 513 509 222 411 105 411 69 69 375 69 1 273 360 152 222 426 1 105 1 
c [Incremental] Max used label: 615.
c [Incremental] Label 615 is removed from searching.
c [Incremental] Solving for max label = 614:
c [Incremental] Solving duration: 746 ms.
s [Incremental] SAT (label = 614).
c [Incremental] Label assignment: 222 614 563 222 563 614 563 563 614 614 614 614 614 512 614 614 614 461 512 314 614 103 614 614 563 614 614 563 512 512 2 561 563 477 512 579 563 461 273 324 512 614 563 461 512 407 563 614 563 614 563 614 512 563 512 69 614 528 512 512 461 461 356 512 614 461 563 171 410 579 356 528 563 461 614 375 563 563 563 614 563 407 512 614 563 410 461 510 563 410 477 458 410 410 563 614 410 461 426 528 614 359 563 512 563 512 563 407 359 614 614 461 563 563 614 281 509 263 332 410 614 459 2 461 359 563 512 69 461 426 410 512 68 426 171 458 579 443 171 614 359 308 410 359 512 512 359 563 563 273 563 512 383 1 461 426 563 461 222 375 410 563 375 273 254 324 477 528 308 120 324 308 359 308 257 212 563 477 512 563 203 614 324 257 305 359 324 561 410 305 614 512 410 359 206 308 59 512 323 461 2 324 410 563 614 155 273 324 426 461 120 120 273 273 614 212 512 410 222 359 222 308 155 87 359 375 305 410 324 305 230 222 614 104 222 273 359 375 614 161 308 359 324 426 614 120 206 222 461 273 461 179 461 461 308 512 614 101 308 110 410 69 273 273 375 104 614 563 2 614 222 308 221 614 171 512 614 222 110 161 222 458 171 614 2 512 308 128 254 152 59 257 161 614 69 110 359 120 155 171 206 170 161 53 171 2 59 563 155 461 1 120 59 356 104 308 563 222 206 410 53 110 426 257 257 305 171 155 257 222 614 53 2 206 171 359 375 171 324 104 222 155 2 308 272 477 203 257 410 614 2 171 170 2 110 614 614 512 120 171 273 614 206 254 461 563 119 203 308 2 53 59 2 2 410 120 120 614 2 308 222 104 53 2 563 1 2 509 614 614 120 614 257 69 2 2 52 53 563 155 171 512 509 222 410 104 410 69 69 375 69 1 273 359 152 222 426 1 104 1 
c [Incremental] Max used label: 614.
c [Incremental] Label 614 is removed from searching.
c [Incremental] Solving for max label = 613:
c [Incremental] Solving duration: 995 ms.
s [Incremental] SAT (label = 613).
c [Incremental] Label assignment: 222 613 410 222 562 613 560 308 613 613 458 613 613 257 613 613 613 407 155 314 613 103 613 509 611 613 613 562 511 512 2 561 560 477 509 579 560 461 273 324 512 458 562 461 511 407 562 613 2 2 560 613 407 562 509 69 613 528 511 511 460 460 356 511 613 359 257 171 410 579 356 528 560 305 613 375 560 560 562 613 407 407 511 613 407 257 461 510 560 458 477 458 458 410 560 613 458 458 426 528 613 509 560 509 562 512 458 407 359 613 613 461 563 563 560 281 509 263 332 410 613 459 2 1 356 562 511 69 461 426 407 407 68 254 171 458 579 443 155 613 359 308 410 358 110 509 359 560 560 273 560 509 104 1 458 458 562 59 206 375 356 305 375 257 254 308 477 528 307 120 324 305 407 308 256 212 560 477 458 560 203 613 407 257 305 359 324 561 409 305 613 407 410 308 205 308 53 509 323 458 2 324 613 461 613 154 155 324 426 359 120 273 257 273 613 212 512 409 222 358 206 308 154 87 171 375 52 560 613 305 230 222 613 103 222 273 308 375 613 161 356 101 324 426 613 104 205 206 460 273 407 179 460 461 305 509 613 101 307 1 410 69 273 273 356 103 613 407 1 613 222 308 221 613 171 155 613 206 110 511 222 458 171 613 2 509 458 128 509 152 509 257 161 613 53 110 305 104 154 59 206 170 161 52 155 2 53 509 155 171 1 104 59 356 103 356 560 222 206 410 53 110 426 256 152 305 171 155 458 203 613 52 562 203 171 359 375 308 171 104 410 154 254 477 257 477 203 257 409 613 1 152 170 2 222 613 613 509 120 359 273 613 356 254 152 560 305 203 155 2 53 509 2 1 562 104 120 613 2 305 222 103 52 2 560 1 356 509 613 613 120 613 257 206 1 562 52 53 560 104 171 509 356 511 101 53 53 69 69 375 53 1 273 359 152 222 426 1 104 1 
c [Incremental] Max used label: 613.
c [Incremental] Label 613 is removed from searching.
c [Incremental] Solving for max label = 612:
c [Incremental] Solving duration: 675 ms.
s [Incremental] SAT (label = 612).
c [Incremental] Label assignment: 222 612 410 222 579 254 560 308 612 612 458 612 612 257 560 612 612 407 155 314 612 103 612 509 611 528 509 509 560 512 2 561 560 477 509 579 612 461 273 324 512 458 152 461 560 407 611 612 612 458 560 1 407 611 509 69 612 528 560 528 509 509 356 511 612 359 257 171 410 579 356 528 560 305 528 375 560 560 579 612 612 407 560 612 407 257 461 510 560 458 477 458 458 410 560 53 458 458 426 528 612 356 560 509 53 512 458 407 359 560 612 461 563 563 560 281 509 263 332 410 222 459 2 509 356 561 426 69 461 426 407 407 68 254 171 458 579 443 155 612 359 305 410 407 110 509 359 560 560 273 560 509 104 1 458 426 103 59 206 375 356 305 375 257 254 308 477 528 356 120 324 305 407 612 305 212 560 477 458 560 171 612 407 257 305 359 324 561 458 305 612 407 410 308 254 308 53 509 323 458 2 324 612 461 612 203 155 324 477 359 120 273 257 273 612 212 512 458 222 407 206 308 612 69 171 375 52 560 612 305 230 222 612 104 222 53 308 375 612 161 356 101 324 426 612 104 206 206 509 273 407 179 509 461 305 407 407 69 356 1 410 69 273 273 356 52 612 407 612 612 222 308 221 612 171 155 612 206 110 560 305 458 171 612 2 477 458 128 509 120 509 254 161 477 53 110 305 104 154 59 206 170 161 458 155 2 53 509 155 171 1 104 59 356 103 356 560 222 203 410 53 110 426 305 152 305 171 155 458 171 612 52 2 203 171 356 375 308 171 104 410 154 254 477 257 477 203 257 458 356 612 120 170 2 222 612 1 612 120 359 273 528 356 254 152 560 305 203 152 2 53 509 2 1 2 104 120 612 2 305 222 1 52 2 560 1 254 509 612 612 120 612 257 206 155 611 52 53 560 101 171 509 356 560 101 1 53 69 560 375 53 101 273 359 152 222 426 1 104 1 
c [Incremental] Max used label: 612.
c [Incremental] Label 612 is removed from searching.
c [Incremental] Solving for max label = 611:
c [Incremental] Solving duration: 743 ms.
s [Incremental] SAT (label = 611).
c [Incremental] Label assignment: 206 611 611 560 611 254 560 308 611 611 458 611 611 257 375 611 611 407 154 307 2 103 509 509 611 560 509 579 511 512 2 308 560 477 359 579 560 461 257 528 512 458 152 206 560 560 611 611 375 1 560 1 611 611 509 69 611 560 528 528 477 509 324 511 611 308 257 155 410 579 356 528 560 305 528 375 560 560 579 424 611 359 560 611 358 257 461 506 560 458 477 426 458 155 560 409 458 458 426 203 206 324 560 509 324 512 458 528 359 560 611 461 563 563 560 254 477 256 324 359 120 611 461 509 356 608 528 69 461 509 407 407 53 254 155 458 579 426 608 611 359 203 257 407 103 509 359 560 560 273 560 509 103 455 458 426 103 52 308 375 356 273 375 257 206 308 509 560 356 104 1 305 203 375 305 205 324 477 324 560 203 611 407 257 206 410 324 308 426 257 557 407 410 257 254 308 52 509 356 458 2 324 426 461 611 203 155 324 477 359 104 273 257 273 611 205 512 458 206 407 206 308 154 458 171 375 52 560 611 305 101 222 611 103 222 509 308 375 611 477 356 101 324 426 611 104 205 611 509 257 407 305 460 475 305 407 222 2 1 1 155 53 273 273 356 52 2 375 611 611 222 308 101 611 155 557 611 410 103 560 305 426 171 611 2 477 458 2 509 101 509 611 154 477 53 103 305 104 154 52 206 152 154 52 155 152 305 509 155 273 1 104 52 407 103 356 560 206 206 410 53 103 426 305 152 206 155 155 458 203 611 52 579 152 171 356 375 206 171 104 410 154 254 206 257 477 101 257 458 356 611 69 254 2 1 611 1 154 120 359 273 426 356 155 152 560 2 611 155 2 53 509 410 1 562 206 120 611 2 305 222 356 52 1 560 1 254 477 611 611 104 611 359 104 1 611 52 53 560 104 171 509 560 528 101 53 53 69 53 375 53 1 257 359 104 206 426 1 104 1 
c [Incremental] Max used label: 611.
c [Incremental] Label 611 is removed from searching.
c [Incremental] Solving for max label = 610:
c [Incremental] Solving duration: 8434 ms.
s [Incremental] SAT (label = 610).
c [Incremental] Label assignment: 206 610 610 559 610 253 559 308 610 610 457 610 610 257 375 2 2 406 154 307 2 103 2 508 610 2 509 579 511 512 2 308 560 477 359 579 560 461 257 528 512 457 151 206 559 559 610 610 375 1 559 1 2 610 508 69 610 559 528 528 477 508 324 511 610 308 410 155 410 579 508 528 559 304 528 375 560 559 579 424 610 359 559 610 358 257 461 506 559 457 477 426 458 155 2 409 458 457 426 202 206 324 560 253 324 512 458 528 359 559 610 461 563 563 559 375 477 256 324 257 120 610 461 508 355 608 528 69 461 308 406 406 53 406 155 457 579 426 608 610 359 203 257 406 103 509 359 560 560 273 559 509 103 455 457 426 103 52 308 375 355 273 375 257 206 308 508 559 355 104 1 304 203 375 304 205 324 477 324 2 203 610 406 410 206 610 324 308 426 257 557 355 410 257 253 359 52 559 355 458 2 324 426 461 610 202 155 324 477 359 104 273 257 273 2 205 512 457 206 406 206 308 154 457 171 375 52 559 610 305 101 222 610 103 222 508 304 375 2 477 355 100 324 426 610 104 205 610 508 257 407 257 460 475 559 406 222 2 1 1 155 53 273 273 356 52 2 375 610 610 222 308 2 610 155 557 610 410 103 559 304 426 171 610 2 477 457 2 508 100 508 152 154 477 53 103 304 104 154 52 206 152 154 52 155 151 304 508 155 273 1 104 52 406 103 355 559 206 206 410 53 103 426 304 2 206 155 155 458 202 610 52 579 152 171 355 375 206 171 104 257 154 253 206 155 359 100 53 457 355 610 69 99 308 1 610 1 154 120 359 273 426 355 155 152 559 151 610 508 2 53 508 410 1 562 206 120 610 2 304 222 355 52 1 559 1 253 477 610 610 104 610 155 104 1 610 52 53 560 53 171 509 559 528 101 104 53 69 53 375 53 53 257 359 104 206 426 1 104 1 
c [Incremental] Max used label: 610.
c [Incremental] Label 610 is removed from searching.
c [Incremental] Solving for max label = 609:
c [Incremental] Solving duration: 739 ms.
s [Incremental] SAT (label = 609).
c [Incremental] Label assignment: 206 609 609 558 609 252 558 308 609 2 456 609 2 257 375 2 2 405 154 307 2 103 2 507 609 2 509 579 511 512 2 308 560 477 359 579 560 461 257 528 512 456 150 206 558 558 609 2 375 1 558 1 2 609 507 69 2 558 528 528 477 507 324 511 2 308 410 155 410 579 507 528 558 303 528 375 560 558 579 424 609 359 558 2 358 257 461 506 559 456 477 426 458 155 609 409 458 456 426 201 206 324 560 252 324 512 458 528 359 558 609 461 563 563 558 375 477 256 324 257 120 609 461 507 354 608 528 69 461 308 405 405 53 405 155 456 579 426 608 2 359 203 257 405 103 509 359 560 560 273 559 509 103 455 456 426 103 52 308 375 354 273 375 257 206 308 507 558 354 104 1 303 203 375 303 205 324 477 324 2 203 2 405 410 206 609 324 308 426 257 557 354 410 257 252 359 52 558 354 458 2 324 426 461 2 201 155 324 477 359 104 273 257 273 2 205 512 456 206 405 206 308 154 456 171 375 52 558 609 305 101 222 2 103 222 507 303 375 2 477 354 99 324 426 2 104 205 609 507 257 407 257 460 475 558 405 222 2 1 1 155 53 273 273 356 52 2 375 609 609 222 308 2 2 155 557 2 410 103 558 303 426 171 2 2 477 456 2 507 99 507 152 154 477 53 103 303 104 154 52 206 152 154 52 155 150 303 507 155 273 1 104 52 405 103 354 559 206 206 410 53 103 426 303 2 206 155 155 458 201 2 52 579 152 171 354 375 206 171 104 257 154 252 206 155 359 99 53 456 354 609 69 99 308 1 2 1 154 120 359 273 426 354 155 152 558 150 609 507 2 53 507 410 1 562 206 120 609 2 303 222 354 52 1 559 1 252 477 609 2 104 2 155 104 1 609 52 53 560 53 171 509 558 528 101 104 53 69 53 375 53 53 257 359 104 206 426 1 104 1 
c [Incremental] Max used label: 609.
c [Incremental] Label 609 is removed from searching.
c [Incremental] Solving for max label = 608:
c [Incremental] Solving duration: 761 ms.
s [Incremental] SAT (label = 608).
c [Incremental] Label assignment: 206 608 608 557 608 251 557 308 608 2 455 608 2 257 375 2 2 404 154 307 2 103 2 506 608 2 509 579 511 512 2 308 560 477 359 579 560 461 257 528 512 455 149 206 557 557 608 2 375 1 557 1 2 608 506 69 2 557 528 528 477 506 324 511 2 308 410 155 410 579 506 528 557 302 528 375 560 557 579 424 608 359 557 2 358 257 461 506 559 455 477 426 458 155 608 409 458 455 426 200 206 324 560 251 324 512 458 528 359 557 608 461 563 563 557 375 477 256 324 257 120 608 461 506 353 608 528 69 461 308 404 404 53 404 155 455 579 426 608 2 359 203 257 404 103 509 359 560 560 273 559 509 103 455 455 426 103 52 308 375 353 273 375 257 206 308 506 557 353 104 1 302 203 375 302 205 324 477 324 2 203 2 404 410 206 608 324 308 426 257 557 353 410 257 251 359 52 557 353 458 2 324 426 461 2 200 155 324 477 359 104 273 257 273 2 205 512 455 206 404 206 308 154 455 171 375 52 557 608 305 101 222 2 103 222 506 302 375 2 477 353 2 324 426 2 104 205 608 506 257 407 257 460 475 557 404 222 2 1 1 155 53 273 273 356 52 2 375 608 608 222 308 2 2 155 557 2 410 103 557 302 426 171 2 2 477 455 2 506 98 506 152 154 477 53 103 302 104 154 52 206 152 154 52 155 149 302 608 155 273 1 104 52 404 103 353 559 206 206 410 53 103 426 302 98 206 155 155 458 200 2 52 579 152 171 353 375 206 171 104 257 154 251 206 155 359 98 53 455 353 608 69 98 308 1 2 1 154 120 359 273 426 353 155 152 557 149 608 506 2 53 506 410 1 562 206 120 608 2 302 222 353 52 1 559 1 251 477 608 2 104 2 155 104 1 608 52 53 560 53 171 509 557 528 101 104 53 69 53 375 53 53 257 359 104 206 426 1 104 1 
c [Incremental] Max used label: 608.
c [Incremental] Label 608 is removed from searching.
c [Incremental] Solving for max label = 607:
c [Incremental] Solving duration: 743 ms.
s [Incremental] SAT (label = 607).
c [Incremental] Label assignment: 206 607 607 556 607 250 556 308 607 2 454 607 2 257 375 2 2 403 154 307 2 103 2 505 607 2 509 579 511 512 2 308 560 477 359 579 560 461 257 528 512 454 148 206 556 556 607 2 375 1 556 1 2 607 505 69 2 556 528 528 477 505 324 511 2 308 410 155 410 579 505 528 556 301 528 375 560 556 579 424 607 359 556 2 358 257 461 505 559 454 477 426 458 155 607 409 458 454 426 199 206 324 560 250 324 512 458 528 359 556 607 461 563 563 556 375 477 256 324 257 120 607 461 505 352 607 528 69 461 308 403 403 53 403 155 454 579 426 607 2 359 203 257 403 103 509 359 560 560 273 559 509 103 454 454 426 103 52 308 375 352 273 375 257 206 308 505 556 352 104 1 301 203 375 301 205 324 477 324 2 203 2 403 410 206 607 324 308 426 257 556 352 410 257 250 359 52 556 352 458 2 324 426 461 2 199 155 324 477 359 104 273 257 273 2 205 512 454 206 403 206 308 154 454 171 375 52 556 607 305 101 222 2 103 222 505 301 375 2 477 352 2 324 426 2 104 205 607 505 257 407 257 460 475 556 403 222 2 1 1 155 53 273 273 356 52 2 375 607 607 222 308 2 2 155 556 2 410 103 556 301 426 171 2 2 477 454 2 505 97 505 152 154 477 53 103 301 104 154 52 206 152 154 52 155 148 301 607 155 273 1 104 52 403 103 352 559 206 206 410 53 103 426 301 97 206 155 155 458 199 2 52 579 152 171 352 375 206 171 104 257 154 250 206 155 359 97 53 454 352 607 69 97 308 1 2 1 154 120 359 273 426 352 155 152 556 148 607 505 2 53 505 410 1 562 206 120 607 2 301 222 352 52 1 559 1 250 477 607 2 104 2 155 104 1 607 52 53 560 53 171 509 556 528 101 104 53 69 53 375 53 53 257 359 104 206 426 1 104 1 
c [Incremental] Max used label: 607.
c [Incremental] Label 607 is removed from searching.
c [Incremental] Solving for max label = 606:
c [Incremental] Solving duration: 759 ms.
s [Incremental] SAT (label = 606).
c [Incremental] Label assignment: 206 606 606 555 606 249 555 308 606 2 453 606 2 257 375 2 2 402 154 307 2 103 2 504 606 2 509 579 511 512 2 308 560 477 359 579 560 461 257 528 512 453 147 206 555 555 606 2 375 1 555 1 2 606 504 69 2 555 528 528 477 504 324 511 2 308 410 155 410 579 504 528 555 300 528 375 560 555 579 424 606 359 555 2 358 257 461 504 559 453 477 426 458 155 606 409 458 453 426 198 206 324 560 249 324 512 458 528 359 555 606 461 563 563 555 375 477 256 324 257 120 606 461 504 351 606 528 69 461 308 402 402 53 402 155 453 579 426 606 2 359 203 257 402 103 509 359 560 560 273 559 509 103 453 453 426 103 52 308 375 351 273 375 257 206 308 504 555 351 104 1 300 203 375 300 205 324 477 324 2 203 2 402 410 206 606 324 308 426 257 555 351 410 257 249 359 52 555 351 458 2 324 426 461 2 198 155 324 477 359 104 273 257 273 2 205 512 453 206 402 206 308 154 453 171 375 52 555 606 305 101 222 2 103 222 504 300 375 2 477 351 2 324 426 2 104 205 606 504 257 407 257 460 475 555 402 222 2 1 1 155 53 273 273 356 52 2 375 606 606 222 308 2 2 155 555 2 410 103 555 300 426 171 2 2 477 453 2 504 96 504 152 154 477 53 103 300 104 154 52 206 152 154 52 155 147 300 606 155 273 1 104 52 402 103 351 559 206 206 410 53 103 426 300 96 206 155 155 458 198 2 52 579 152 171 351 375 206 171 104 257 154 249 206 155 359 96 53 453 351 606 69 96 308 1 2 1 154 120 359 273 426 351 155 152 555 147 606 504 2 53 504 410 1 562 206 120 606 2 300 222 351 52 1 559 1 249 477 606 2 104 2 155 104 1 606 52 53 560 53 171 509 555 528 101 104 53 69 53 375 53 53 257 359 104 206 426 1 104 1 
c [Incremental] Max used label: 606.
c [Incremental] Label 606 is removed from searching.
c [Incremental] Solving for max label = 605:
c [Incremental] Solving duration: 707 ms.
s [Incremental] SAT (label = 605).
c [Incremental] Label assignment: 206 605 605 554 605 248 554 308 605 2 452 605 2 257 375 2 2 401 154 307 2 103 2 503 605 2 509 579 511 512 2 308 560 477 359 579 560 461 257 528 512 452 146 206 554 554 605 2 375 1 554 1 2 605 503 69 2 554 528 528 477 503 324 511 2 308 410 155 410 579 503 528 554 299 528 375 560 554 579 424 605 359 554 2 358 257 461 503 559 452 477 426 458 155 605 409 458 452 426 197 206 324 560 248 324 512 458 528 359 554 605 461 563 563 554 375 477 256 324 257 120 605 461 503 350 605 528 69 461 308 401 401 53 401 155 452 579 426 605 2 359 203 257 401 103 509 359 560 560 273 559 509 103 452 452 426 103 52 308 375 350 273 375 257 206 308 503 554 350 104 1 299 203 375 299 205 324 477 324 2 203 2 401 410 206 605 324 308 426 257 554 350 410 257 248 359 52 554 350 458 2 324 426 461 2 197 155 324 477 359 104 273 257 273 2 205 512 452 206 401 206 308 154 452 171 375 52 554 605 305 101 222 2 103 222 503 299 375 2 477 350 2 324 426 2 104 205 605 503 257 407 257 460 475 554 401 222 2 1 1 155 53 273 273 356 52 2 375 605 605 222 308 2 2 155 554 2 410 103 554 299 426 171 2 2 477 452 2 503 95 503 152 154 477 53 103 299 104 154 52 206 152 154 52 155 146 299 605 155 273 1 104 52 401 103 350 559 206 206 410 53 103 426 299 95 206 155 155 458 197 2 52 579 152 171 350 375 206 171 104 257 154 248 206 155 359 95 53 452 350 605 69 95 308 1 2 1 154 120 359 273 426 350 155 152 554 146 605 503 2 53 503 410 1 562 206 120 605 2 299 222 350 52 1 559 1 248 477 605 2 104 2 155 104 1 605 52 53 560 53 171 509 554 528 101 104 53 69 53 375 53 53 257 359 104 206 426 1 104 1 
c [Incremental] Max used label: 605.
c [Incremental] Label 605 is removed from searching.
c [Incremental] Solving for max label = 604:
c [Incremental] Solving duration: 666 ms.
s [Incremental] SAT (label = 604).
c [Incremental] Label assignment: 206 604 604 553 604 247 553 308 604 2 451 604 2 257 375 2 2 400 154 307 2 103 2 502 604 2 509 579 511 512 2 308 560 477 359 579 560 461 257 528 512 451 145 206 553 553 604 2 375 1 553 1 2 604 502 69 2 553 528 528 477 502 324 511 2 308 410 155 410 579 502 528 553 298 528 375 560 553 579 424 604 359 553 2 358 257 461 502 559 451 477 426 458 155 604 409 458 451 426 196 206 324 560 247 324 512 458 528 359 553 604 461 563 563 553 375 477 256 324 257 120 604 461 502 349 604 528 69 461 308 400 400 53 400 155 451 579 426 604 2 359 203 257 400 103 509 359 560 560 273 559 509 103 451 451 426 103 52 308 375 349 273 375 257 206 308 502 553 349 104 1 298 203 375 298 205 324 477 324 2 203 2 400 410 206 604 324 308 426 257 553 349 410 257 247 359 52 553 349 458 2 324 426 461 2 196 155 324 477 359 104 273 257 273 2 205 512 451 206 400 206 308 154 451 171 375 52 553 604 305 101 222 2 103 222 502 298 375 2 477 349 2 324 426 2 104 205 604 502 257 407 257 460 475 553 400 222 2 1 1 155 53 273 273 356 52 2 375 604 604 222 308 2 2 155 553 2 410 103 553 298 426 171 2 2 477 451 2 502 94 502 152 154 477 53 103 298 104 154 52 206 152 154 52 155 145 298 604 155 273 1 104 52 400 103 349 559 206 206 410 53 103 426 298 94 206 155 155 458 196 2 52 579 152 171 349 375 206 171 104 257 154 247 206 155 359 94 53 451 349 604 69 94 308 1 2 1 154 120 359 273 426 349 155 152 553 145 604 502 2 53 502 410 1 562 206 120 604 2 298 222 349 52 1 559 1 247 477 604 2 104 2 155 104 1 604 52 53 560 53 171 509 553 528 101 104 53 69 53 375 53 53 257 359 104 206 426 1 104 1 
c [Incremental] Max used label: 604.
c [Incremental] Label 604 is removed from searching.
c [Incremental] Solving for max label = 603:
c [Incremental] Solving duration: 734 ms.
s [Incremental] SAT (label = 603).
c [Incremental] Label assignment: 206 603 603 552 603 246 552 308 603 2 450 603 2 257 375 2 2 399 154 307 2 103 2 501 603 2 509 579 511 512 2 308 560 477 359 579 560 461 257 528 512 450 144 206 552 552 603 2 375 1 552 1 2 603 501 69 2 552 528 528 477 501 324 511 2 308 410 155 410 579 501 528 552 297 528 375 560 552 579 424 603 359 552 2 358 257 461 501 559 450 477 426 458 155 603 409 458 450 426 195 206 324 560 246 324 512 458 528 359 552 603 461 563 563 552 375 477 256 324 257 120 603 461 501 348 603 528 69 461 308 399 399 53 399 155 450 579 426 603 2 359 203 257 399 103 509 359 560 560 273 559 509 103 450 450 426 103 52 308 375 348 273 375 257 206 308 501 552 348 104 1 297 203 375 297 205 324 477 324 2 203 2 399 410 206 603 324 308 426 257 552 348 410 257 246 359 52 552 348 458 2 324 426 461 2 195 155 324 477 359 104 273 257 273 2 205 512 450 206 399 206 308 154 450 171 375 52 552 603 305 101 222 2 103 222 501 297 375 2 477 348 2 324 426 2 104 205 603 501 257 407 257 460 475 552 399 222 2 1 1 155 53 273 273 356 52 2 375 603 603 222 308 2 2 155 552 2 410 103 552 297 426 171 2 2 477 450 2 501 93 501 152 154 477 53 103 297 104 154 52 206 152 154 52 155 144 297 603 155 273 1 104 52 399 103 348 559 206 206 410 53 103 426 297 93 206 155 155 458 195 2 52 579 152 171 348 375 206 171 104 257 154 246 206 155 359 93 53 450 348 603 69 93 308 1 2 1 154 120 359 273 426 348 155 152 552 144 603 501 2 53 501 410 1 562 206 120 603 2 297 222 348 52 1 559 1 246 477 603 2 104 2 155 104 1 603 52 53 560 53 171 509 552 528 101 104 53 69 53 375 53 53 257 359 104 206 426 1 104 1 
c [Incremental] Max used label: 603.
c [Incremental] Label 603 is removed from searching.
c [Incremental] Solving for max label = 602:
c [Incremental] Solving duration: 712 ms.
s [Incremental] SAT (label = 602).
c [Incremental] Label assignment: 206 602 602 551 602 245 551 308 602 2 449 602 2 257 375 2 2 398 154 307 2 103 2 500 602 2 509 579 511 512 2 308 560 477 359 579 560 461 257 528 512 449 143 206 551 551 602 2 375 1 551 1 2 602 500 69 2 551 528 528 477 500 324 511 2 308 410 155 410 579 500 528 551 296 528 375 560 551 579 424 602 359 551 2 358 257 461 500 559 449 477 426 458 155 602 409 458 449 426 194 206 324 560 245 324 512 458 528 359 551 602 461 563 563 551 375 477 256 324 257 120 602 461 500 347 602 528 69 461 308 398 398 53 398 155 449 579 426 602 2 359 203 257 398 103 509 359 560 560 273 559 509 103 449 449 426 103 52 308 375 347 273 375 257 206 308 500 551 347 104 1 296 203 375 296 205 324 477 324 2 203 2 398 410 206 602 324 308 426 257 551 347 410 257 245 359 52 551 347 458 2 324 426 461 2 194 155 324 477 359 104 273 257 273 2 205 512 449 206 398 206 308 154 449 171 375 52 551 602 305 101 222 2 103 222 500 296 375 2 477 347 2 324 426 2 104 205 602 500 257 407 257 460 475 551 398 222 2 1 1 155 53 273 273 356 52 2 375 602 602 222 308 2 2 155 551 2 410 103 551 296 426 171 2 2 477 449 2 500 92 500 152 154 477 53 103 296 104 154 52 206 152 154 52 155 143 296 602 155 273 1 104 52 398 103 347 559 206 206 410 53 103 426 296 92 206 155 155 458 194 2 52 579 152 171 347 375 206 171 104 257 154 245 206 155 359 92 53 449 347 602 69 92 308 1 2 1 154 120 359 273 426 347 155 152 551 143 602 500 2 53 500 410 1 562 206 120 602 2 296 222 347 52 1 559 1 245 477 602 2 104 2 155 104 1 602 52 53 560 53 171 509 551 528 101 104 53 69 53 375 53 53 257 359 104 206 426 1 104 1 
c [Incremental] Max used label: 602.
c [Incremental] Label 602 is removed from searching.
c [Incremental] Solving for max label = 601:
c [Incremental] Solving duration: 707 ms.
s [Incremental] SAT (label = 601).
c [Incremental] Label assignment: 206 601 601 550 601 244 550 308 601 2 448 601 2 257 375 2 2 397 154 307 2 103 2 499 601 2 509 579 511 512 2 308 560 477 359 579 560 461 257 528 512 448 142 206 550 550 601 2 375 1 550 1 2 601 499 69 2 550 528 528 477 499 324 511 2 308 410 155 410 579 499 528 550 295 528 375 560 550 579 424 601 359 550 2 358 257 461 499 559 448 477 426 458 155 601 409 458 448 426 193 206 324 560 244 324 512 458 528 359 550 601 461 563 563 550 375 477 256 324 257 120 601 461 499 346 601 528 69 461 308 397 397 53 397 155 448 579 426 601 2 359 203 257 397 103 509 359 560 560 273 559 509 103 448 448 426 103 52 308 375 346 273 375 257 206 308 499 550 346 104 1 295 203 375 295 205 324 477 324 2 203 2 397 410 206 601 324 308 426 257 550 346 410 257 244 359 52 550 346 458 2 324 426 461 2 193 155 324 477 359 104 273 257 273 2 205 512 448 206 397 206 308 154 448 171 375 52 550 601 305 101 222 2 103 222 499 295 375 2 477 346 2 324 426 2 104 205 601 499 257 407 257 460 475 550 397 222 2 1 1 155 53 273 273 356 52 2 375 601 601 222 308 2 2 155 550 2 410 103 550 295 426 171 2 2 477 448 2 499 91 499 152 154 477 53 103 295 104 154 52 206 152 154 52 155 142 295 601 155 273 1 104 52 397 103 346 559 206 206 410 53 103 426 295 91 206 155 155 458 193 2 52 579 152 171 346 375 206 171 104 257 154 244 206 155 359 91 53 448 346 601 69 91 308 1 2 1 154 120 359 273 426 346 155 152 550 142 601 499 2 53 499 410 1 562 206 120 601 2 295 222 346 52 1 559 1 244 477 601 2 104 2 155 104 1 601 52 53 560 53 171 509 550 528 101 104 53 69 53 375 53 53 257 359 104 206 426 1 104 1 
c [Incremental] Max used label: 601.
c [Incremental] Label 601 is removed from searching.
c [Incremental] Solving for max label = 600:
c [Incremental] Solving duration: 709 ms.
s [Incremental] SAT (label = 600).
c [Incremental] Label assignment: 206 600 600 549 600 243 549 308 600 2 447 600 2 257 375 2 2 396 154 307 2 103 2 498 600 2 509 579 511 512 2 308 560 477 359 579 560 461 257 528 512 447 141 206 549 549 600 2 375 1 549 1 2 600 498 69 2 549 528 528 477 498 324 511 2 308 410 155 410 579 498 528 549 294 528 375 560 549 579 424 600 359 549 2 358 257 461 498 559 447 477 426 458 155 600 409 458 447 426 192 206 324 560 243 324 512 458 528 359 549 600 461 563 563 549 375 477 256 324 257 120 600 461 498 345 600 528 69 461 308 396 396 53 396 155 447 579 426 600 2 359 203 257 396 103 509 359 560 560 273 559 509 103 447 447 426 103 52 308 375 345 273 375 257 206 308 498 549 345 104 1 294 203 375 294 205 324 477 324 2 203 2 396 410 206 600 324 308 426 257 549 345 410 257 243 359 52 549 345 458 2 324 426 461 2 192 155 324 477 359 104 273 257 273 2 205 512 447 206 396 206 308 154 447 171 375 52 549 600 305 101 222 2 103 222 498 294 375 2 477 345 2 324 426 2 104 205 600 498 257 407 257 460 475 549 396 222 2 1 1 155 53 273 273 356 52 2 375 600 600 222 308 2 2 155 549 2 410 103 549 294 426 171 2 2 477 447 2 498 90 498 152 154 477 53 103 294 104 154 52 206 152 154 52 155 141 294 600 155 273 1 104 52 396 103 345 559 206 206 410 53 103 426 294 90 206 155 155 458 192 2 52 579 152 171 345 375 206 171 104 257 154 243 206 155 359 90 53 447 345 600 69 90 308 1 2 1 154 120 359 273 426 345 155 152 549 141 600 498 2 53 498 410 1 562 206 120 600 2 294 222 345 52 1 559 1 243 477 600 2 104 2 155 104 1 600 52 53 560 53 171 509 549 528 101 104 53 69 53 375 53 53 257 359 104 206 426 1 104 1 
c [Incremental] Max used label: 600.
c [Incremental] Label 600 is removed from searching.
c [Incremental] Solving for max label = 599:
c [Incremental] Solving duration: 742 ms.
s [Incremental] SAT (label = 599).
c [Incremental] Label assignment: 206 599 599 548 599 242 548 308 599 2 446 599 2 257 375 2 2 395 154 307 2 103 2 497 599 2 509 579 511 512 2 308 560 477 359 579 560 461 257 528 512 446 140 206 548 548 599 2 375 1 548 1 2 599 497 69 2 548 528 528 477 497 324 511 2 308 410 155 410 579 497 528 548 293 528 375 560 548 579 424 599 359 548 2 358 257 461 497 559 446 477 426 458 155 599 409 458 446 426 191 206 324 560 242 324 512 458 528 359 548 599 461 563 563 548 375 477 256 324 257 120 599 461 497 344 599 528 69 461 308 395 395 53 395 155 446 579 426 599 2 359 203 257 395 103 509 359 560 560 273 559 509 103 446 446 426 103 52 308 375 344 273 375 257 206 308 497 548 344 104 1 293 203 375 293 205 324 477 324 2 203 2 395 410 206 599 324 308 426 257 548 344 410 257 242 359 52 548 344 458 2 324 426 461 2 191 155 324 477 359 104 273 257 273 2 205 512 446 206 395 206 308 154 446 171 375 52 548 599 305 101 222 2 103 222 497 293 375 2 477 344 2 324 426 2 104 205 599 497 257 407 257 460 475 548 395 222 2 1 1 155 53 273 273 356 52 2 375 599 599 222 308 2 2 155 548 2 410 103 548 293 426 171 2 2 477 446 2 497 89 497 152 154 477 53 103 293 104 154 52 206 152 154 52 155 140 293 599 155 273 1 104 52 395 103 344 559 206 206 410 53 103 426 293 89 206 155 155 458 191 2 52 579 152 171 344 375 206 171 104 257 154 242 206 155 359 89 53 446 344 599 69 89 308 1 2 1 154 120 359 273 426 344 155 152 548 140 599 497 2 53 497 410 1 562 206 120 599 2 293 222 344 52 1 559 1 242 477 599 2 104 2 155 104 1 599 52 53 560 53 171 509 548 528 101 104 53 69 53 375 53 53 257 359 104 206 426 1 104 1 
c [Incremental] Max used label: 599.
c [Incremental] Label 599 is removed from searching.
c [Incremental] Solving for max label = 598:
c [Incremental] Solving duration: 832 ms.
s [Incremental] SAT (label = 598).
c [Incremental] Label assignment: 206 598 598 547 598 241 547 308 598 2 445 598 2 257 375 2 2 394 154 307 2 103 2 496 598 2 509 579 511 512 2 308 560 477 359 579 560 461 257 528 512 445 139 206 547 547 598 2 375 1 547 1 2 598 496 69 2 547 528 528 477 496 324 511 2 308 410 155 410 579 496 528 547 292 528 375 560 547 579 424 598 359 547 2 358 257 461 496 559 445 477 426 458 155 598 409 458 445 426 190 206 324 560 241 324 512 458 528 359 547 598 461 563 563 547 375 477 256 324 257 120 598 461 496 343 598 528 69 461 308 394 394 53 394 155 445 579 426 598 2 359 203 257 394 103 509 359 560 560 273 559 509 103 445 445 426 103 52 308 375 343 273 375 257 206 308 496 547 343 104 1 292 203 375 292 205 324 477 324 2 203 2 394 410 206 598 324 308 426 257 547 343 410 257 241 359 52 547 343 458 2 324 426 461 2 190 155 324 477 359 104 273 257 273 2 205 512 445 206 394 206 308 154 445 171 375 52 547 598 305 101 222 2 103 222 496 292 375 2 477 343 2 324 426 2 104 205 598 496 257 407 257 460 475 547 394 222 2 1 1 155 53 273 273 356 52 2 375 598 598 222 308 2 2 155 547 2 410 103 547 292 426 171 2 2 477 445 2 496 88 496 152 154 477 53 103 292 104 154 52 206 152 154 52 155 139 292 598 155 273 1 104 52 394 103 343 559 206 206 410 53 103 426 292 88 206 155 155 458 190 2 52 579 152 171 343 375 206 171 104 257 154 241 206 155 359 88 53 445 343 598 69 88 308 1 2 1 154 120 359 273 426 343 155 152 547 139 598 496 2 53 496 410 1 562 206 120 598 2 292 222 343 52 1 559 1 241 477 598 2 104 2 155 104 1 598 52 53 560 53 171 509 547 528 101 104 53 69 53 375 53 53 257 359 104 206 426 1 104 1 
c [Incremental] Max used label: 598.
c [Incremental] Label 598 is removed from searching.
c [Incremental] Solving for max label = 597:
c [Incremental] Solving duration: 765 ms.
s [Incremental] SAT (label = 597).
c [Incremental] Label assignment: 206 597 597 546 597 240 546 308 597 2 444 597 2 257 375 2 2 393 154 307 2 103 2 495 597 2 509 579 511 512 2 308 560 477 359 579 560 461 257 528 512 444 138 206 546 546 597 2 375 1 546 1 2 597 495 69 2 546 528 528 477 495 324 511 2 308 410 155 410 579 495 528 546 291 528 375 560 546 579 424 597 359 546 2 358 257 461 495 559 444 477 426 458 155 597 409 458 444 426 189 206 324 560 240 324 512 458 528 359 546 597 461 563 563 546 375 477 256 324 257 120 597 461 495 342 597 528 69 461 308 393 393 53 393 155 444 579 426 597 2 359 203 257 393 103 509 359 560 560 273 559 509 103 444 444 426 103 52 308 375 342 273 375 257 206 308 495 546 342 104 1 291 203 375 291 205 324 477 324 2 203 2 393 410 206 597 324 308 426 257 546 342 410 257 240 359 52 546 342 458 2 324 426 461 2 189 155 324 477 359 104 273 257 273 2 205 512 444 206 393 206 308 154 444 171 375 52 546 597 305 101 222 2 103 222 495 291 375 2 477 342 2 324 426 2 104 205 597 495 257 407 257 460 475 546 393 222 2 1 1 155 53 273 273 356 52 2 375 597 597 222 308 2 2 155 546 2 410 103 546 291 426 171 2 2 477 444 2 495 87 495 152 154 477 53 103 291 104 154 52 206 152 154 52 155 138 291 597 155 273 1 104 52 393 103 342 559 206 206 410 53 103 426 291 87 206 155 155 458 189 2 52 579 152 171 342 375 206 171 104 257 154 240 206 155 359 87 53 444 342 597 69 87 308 1 2 1 154 120 359 273 426 342 155 152 546 138 597 495 2 53 495 410 1 562 206 120 597 2 291 222 342 52 1 559 1 240 477 597 2 104 2 155 104 1 597 52 53 560 53 171 509 546 528 101 104 53 69 53 375 53 53 257 359 104 206 426 1 104 1 
c [Incremental] Max used label: 597.
c [Incremental] Label 597 is removed from searching.
c [Incremental] Solving for max label = 596:
c [Incremental] Solving duration: 694 ms.
s [Incremental] SAT (label = 596).
c [Incremental] Label assignment: 206 596 596 545 596 239 545 308 596 2 443 596 2 257 375 2 2 392 154 307 2 103 2 494 596 2 509 579 511 512 2 308 560 477 359 579 560 461 257 528 512 443 137 206 545 545 596 2 375 1 545 1 2 596 494 69 2 545 528 528 477 494 324 511 2 308 410 155 410 579 494 528 545 290 528 375 560 545 579 424 596 359 545 2 358 257 461 494 559 443 477 426 458 155 596 409 458 443 426 188 206 324 560 239 324 512 458 528 359 545 596 461 563 563 545 375 477 256 324 257 120 596 461 494 341 596 528 69 461 308 392 392 53 392 155 443 579 426 596 2 359 203 257 392 103 509 359 560 560 273 559 509 103 443 443 426 103 52 308 375 341 273 375 257 206 308 494 545 341 104 1 290 203 375 290 205 324 477 324 2 203 2 392 410 206 596 324 308 426 257 545 341 410 257 239 359 52 545 341 458 2 324 426 461 2 188 155 324 477 359 104 273 257 273 2 205 512 443 206 392 206 308 154 443 171 375 52 545 596 305 101 222 2 103 222 494 290 375 2 477 341 2 324 426 2 104 205 596 494 257 407 257 460 475 545 392 222 2 1 1 155 53 273 273 356 52 2 375 596 596 222 308 2 2 155 545 2 410 103 545 290 426 171 2 2 477 443 2 494 86 494 152 154 477 53 103 290 104 154 52 206 152 154 52 155 137 290 596 155 273 1 104 52 392 103 341 559 206 206 410 53 103 426 290 86 206 155 155 458 188 2 52 579 152 171 341 375 206 171 104 257 154 239 206 155 359 86 53 443 341 596 69 86 308 1 2 1 154 120 359 273 426 341 155 152 545 137 596 494 2 53 494 410 1 562 206 120 596 2 290 222 341 52 1 559 1 239 477 596 2 104 2 155 104 1 596 52 53 560 53 171 509 545 528 101 104 53 69 53 375 53 53 257 359 104 206 426 1 104 1 
c [Incremental] Max used label: 596.
c [Incremental] Label 596 is removed from searching.
c [Incremental] Solving for max label = 595:
c [Incremental] Solving duration: 773 ms.
s [Incremental] SAT (label = 595).
c [Incremental] Label assignment: 206 595 595 544 595 238 544 308 595 2 442 595 2 257 375 2 2 391 154 307 2 103 2 493 595 2 509 579 511 512 2 308 560 477 359 579 560 461 257 528 512 442 136 206 544 544 595 2 375 1 544 1 2 595 493 69 2 544 528 528 477 493 324 511 2 308 410 155 410 579 493 528 544 289 528 375 560 544 579 424 595 359 544 2 358 257 461 493 559 442 477 426 458 155 595 409 458 442 426 187 206 324 560 238 324 512 458 528 359 544 595 461 563 563 544 375 477 256 324 257 120 595 461 493 340 595 528 69 461 308 391 391 53 391 155 442 579 426 595 2 359 203 257 391 103 509 359 560 560 273 559 509 103 442 442 426 103 52 308 375 340 273 375 257 206 308 493 544 340 104 1 289 203 375 289 205 324 477 324 2 203 2 391 410 206 595 324 308 426 257 544 340 410 257 238 359 52 544 340 458 2 324 426 461 2 187 155 324 477 359 104 273 257 273 2 205 512 442 206 391 206 308 154 442 171 375 52 544 595 305 101 222 2 103 222 493 289 375 2 477 340 2 324 426 2 104 205 595 493 257 407 257 460 475 544 391 222 2 1 1 155 53 273 273 356 52 2 375 595 595 222 308 2 2 155 544 2 410 103 544 289 426 171 2 2 477 442 2 493 85 493 152 154 477 53 103 289 104 154 52 206 152 154 52 155 136 289 595 155 273 1 104 52 391 103 340 559 206 206 410 53 103 426 289 85 206 155 155 458 187 2 52 579 152 171 340 375 206 171 104 257 154 238 206 155 359 85 53 442 340 595 69 85 308 1 2 1 154 120 359 273 426 340 155 152 544 136 595 493 2 53 493 410 1 562 206 120 595 2 289 222 340 52 1 559 1 238 477 595 2 104 2 155 104 1 595 52 53 560 53 171 509 544 528 101 104 53 69 53 375 53 53 257 359 104 206 426 1 104 1 
c [Incremental] Max used label: 595.
c [Incremental] Label 595 is removed from searching.
c [Incremental] Solving for max label = 594:
c [Incremental] Solving duration: 709 ms.
s [Incremental] SAT (label = 594).
c [Incremental] Label assignment: 206 594 594 543 594 237 543 308 594 2 441 594 2 257 375 2 2 390 154 307 2 103 2 492 594 2 509 579 511 512 2 308 560 477 359 579 560 461 257 528 512 441 135 206 543 543 594 2 375 1 543 1 2 594 492 69 2 543 528 528 477 492 324 511 2 308 410 155 410 579 492 528 543 288 528 375 560 543 579 424 594 359 543 2 358 257 461 492 559 441 477 426 458 155 594 409 458 441 426 186 206 324 560 237 324 512 458 528 359 543 594 461 563 563 543 375 477 256 324 257 120 594 461 492 339 594 528 69 461 308 390 390 53 390 155 441 579 426 594 2 359 203 257 390 103 509 359 560 560 273 559 509 103 441 441 426 103 52 308 375 339 273 375 257 206 308 492 543 339 104 1 288 203 375 288 205 324 477 324 2 203 2 390 410 206 594 324 308 426 257 543 339 410 257 237 359 52 543 339 458 2 324 426 461 2 186 155 324 477 359 104 273 257 273 2 205 512 441 206 390 206 308 154 441 171 375 52 543 594 305 101 222 2 103 222 492 288 375 2 477 339 2 324 426 2 104 205 594 492 257 407 257 460 475 543 390 222 2 1 1 155 53 273 273 356 52 2 375 594 594 222 308 2 2 155 543 2 410 103 543 288 426 171 2 2 477 441 2 492 84 492 152 154 477 53 103 288 104 154 52 206 152 154 52 155 135 288 594 155 273 1 104 52 390 103 339 559 206 206 410 53 103 426 288 84 206 155 155 458 186 2 52 579 152 171 339 375 206 171 104 257 154 237 206 155 359 84 53 441 339 594 69 84 308 1 2 1 154 120 359 273 426 339 155 152 543 135 594 492 2 53 492 410 1 562 206 120 594 2 288 222 339 52 1 559 1 237 477 594 2 104 2 155 104 1 594 52 53 560 53 171 509 543 528 101 104 53 69 53 375 53 53 257 359 104 206 426 1 104 1 
c [Incremental] Max used label: 594.
c [Incremental] Label 594 is removed from searching.
c [Incremental] Solving for max label = 593:
c [Incremental] Solving duration: 736 ms.
s [Incremental] SAT (label = 593).
c [Incremental] Label assignment: 206 593 593 542 593 236 542 308 593 2 440 593 2 257 375 2 2 389 154 307 2 103 2 491 593 2 509 579 511 512 2 308 560 477 359 579 560 461 257 528 512 440 134 206 542 542 593 2 375 1 542 1 2 593 491 69 2 542 528 528 477 491 324 511 2 308 410 155 410 579 491 528 542 287 528 375 560 542 579 424 593 359 542 2 358 257 461 491 559 440 477 426 458 155 593 409 458 440 426 185 206 324 560 236 324 512 458 528 359 542 593 461 563 563 542 375 477 256 324 257 120 593 461 491 338 593 528 69 461 308 389 389 53 389 155 440 579 426 593 2 359 203 257 389 103 509 359 560 560 273 559 509 103 440 440 426 103 52 308 375 338 273 375 257 206 308 491 542 338 104 1 287 203 375 287 205 324 477 324 2 203 2 389 410 206 593 324 308 426 257 542 338 410 257 236 359 52 542 338 458 2 324 426 461 2 185 155 324 477 359 104 273 257 273 2 205 512 440 206 389 206 308 154 440 171 375 52 542 593 305 101 222 2 103 222 491 287 375 2 477 338 2 324 426 2 104 205 593 491 257 407 257 460 475 542 389 222 2 1 1 155 53 273 273 356 52 2 375 593 593 222 308 2 2 155 542 2 410 103 542 287 426 171 2 2 477 440 2 491 83 491 152 154 477 53 103 287 104 154 52 206 152 154 52 155 134 287 593 155 273 1 104 52 389 103 338 559 206 206 410 53 103 426 287 83 206 155 155 458 185 2 52 579 152 171 338 375 206 171 104 257 154 236 206 155 359 83 53 440 338 593 69 83 308 1 2 1 154 120 359 273 426 338 155 152 542 134 593 491 2 53 491 410 1 562 206 120 593 2 287 222 338 52 1 559 1 236 477 593 2 104 2 155 104 1 593 52 53 560 53 171 509 542 528 101 104 53 69 53 375 53 53 257 359 104 206 426 1 104 1 
c [Incremental] Max used label: 593.
c [Incremental] Label 593 is removed from searching.
c [Incremental] Solving for max label = 592:
c [Incremental] Solving duration: 707 ms.
s [Incremental] SAT (label = 592).
c [Incremental] Label assignment: 206 592 592 541 592 235 541 308 592 2 439 592 2 257 375 2 2 388 154 307 2 103 2 490 592 2 509 579 511 512 2 308 560 477 359 579 560 461 257 528 512 439 133 206 541 541 592 2 375 1 541 1 2 592 490 69 2 541 528 528 477 490 324 511 2 308 410 155 410 579 490 528 541 286 528 375 560 541 579 424 592 359 541 2 358 257 461 490 559 439 477 426 458 155 592 409 458 439 426 184 206 324 560 235 324 512 458 528 359 541 592 461 563 563 541 375 477 256 324 257 120 592 461 490 337 592 528 69 461 308 388 388 53 388 155 439 579 426 592 2 359 203 257 388 103 509 359 560 560 273 559 509 103 439 439 426 103 52 308 375 337 273 375 257 206 308 490 541 337 104 1 286 203 375 286 205 324 477 324 2 203 2 388 410 206 592 324 308 426 257 541 337 410 257 235 359 52 541 337 458 2 324 426 461 2 184 155 324 477 359 104 273 257 273 2 205 512 439 206 388 206 308 154 439 171 375 52 541 592 305 101 222 2 103 222 490 286 375 2 477 337 2 324 426 2 104 205 592 490 257 407 257 460 475 541 388 222 2 1 1 155 53 273 273 356 52 2 375 592 592 222 308 2 2 155 541 2 410 103 541 286 426 171 2 2 477 439 2 490 82 490 152 154 477 53 103 286 104 154 52 206 152 154 52 155 133 286 592 155 273 1 104 52 388 103 337 559 206 206 410 53 103 426 286 82 206 155 155 458 184 2 52 579 152 171 337 375 206 171 104 257 154 235 206 155 359 82 53 439 337 592 69 82 308 1 2 1 154 120 359 273 426 337 155 152 541 133 592 490 2 53 490 410 1 562 206 120 592 2 286 222 337 52 1 559 1 235 477 592 2 104 2 155 104 1 592 52 53 560 53 171 509 541 528 101 104 53 69 53 375 53 53 257 359 104 206 426 1 104 1 
c [Incremental] Max used label: 592.
c [Incremental] Label 592 is removed from searching.
c [Incremental] Solving for max label = 591:
c [Incremental] Solving duration: 753 ms.
s [Incremental] SAT (label = 591).
c [Incremental] Label assignment: 206 591 591 540 591 234 540 308 591 2 438 591 2 257 375 2 2 387 154 307 2 103 2 489 591 2 509 579 511 512 2 308 560 477 359 579 560 461 257 528 512 438 132 206 540 540 591 2 375 1 540 1 2 591 489 69 2 540 528 528 477 489 324 511 2 308 410 155 410 579 489 528 540 285 528 375 560 540 579 424 591 359 540 2 358 257 461 489 559 438 477 426 458 155 591 409 458 438 426 183 206 324 560 234 324 512 458 528 359 540 591 461 563 563 540 375 477 256 324 257 120 591 461 489 336 591 528 69 461 308 387 387 53 387 155 438 579 426 591 2 359 203 257 387 103 509 359 560 560 273 559 509 103 438 438 426 103 52 308 375 336 273 375 257 206 308 489 540 336 104 1 285 203 375 285 205 324 477 324 2 203 2 387 410 206 591 324 308 426 257 540 336 410 257 234 359 52 540 336 458 2 324 426 461 2 183 155 324 477 359 104 273 257 273 2 205 512 438 206 387 206 308 154 438 171 375 52 540 591 305 101 222 2 103 222 489 285 375 2 477 336 2 324 426 2 104 205 591 489 257 407 257 460 475 540 387 222 2 1 1 155 53 273 273 356 52 2 375 591 591 222 308 2 2 155 540 2 410 103 540 285 426 171 2 2 477 438 2 489 81 489 152 154 477 53 103 285 104 154 52 206 152 154 52 155 132 285 591 155 273 1 104 52 387 103 336 559 206 206 410 53 103 426 285 81 206 155 155 458 183 2 52 579 152 171 336 375 206 171 104 257 154 234 206 155 359 81 53 438 336 591 69 81 308 1 2 1 154 120 359 273 426 336 155 152 540 132 591 489 2 53 489 410 1 562 206 120 591 2 285 222 336 52 1 559 1 234 477 591 2 104 2 155 104 1 591 52 53 560 53 171 509 540 528 101 104 53 69 53 375 53 53 257 359 104 206 426 1 104 1 
c [Incremental] Max used label: 591.
c [Incremental] Label 591 is removed from searching.
c [Incremental] Solving for max label = 590:
c [Incremental] Solving duration: 758 ms.
s [Incremental] SAT (label = 590).
c [Incremental] Label assignment: 206 590 590 539 590 233 539 308 590 2 437 590 2 257 375 2 2 386 154 307 2 103 2 488 590 2 509 579 511 512 2 308 560 477 359 579 560 461 257 528 512 437 131 206 539 539 590 2 375 1 539 1 2 590 488 69 2 539 528 528 477 488 324 511 2 308 410 155 410 579 488 528 539 284 528 375 560 539 579 424 590 359 539 2 358 257 461 488 559 437 477 426 458 155 590 409 458 437 426 182 206 324 560 233 324 512 458 528 359 539 590 461 563 563 539 375 477 256 324 257 120 590 461 488 335 590 528 69 461 308 386 386 53 386 155 437 579 426 590 2 359 203 257 386 103 509 359 560 560 273 559 509 103 437 437 426 103 52 308 375 335 273 375 257 206 308 488 539 335 104 1 284 203 375 284 205 324 477 324 2 203 2 386 410 206 590 324 308 426 257 539 335 410 257 233 359 52 539 335 458 2 324 426 461 2 182 155 324 477 359 104 273 257 273 2 205 512 437 206 386 206 308 154 437 171 375 52 539 590 305 101 222 2 103 222 488 284 375 2 477 335 2 324 426 2 104 205 590 488 257 407 257 460 475 539 386 222 2 1 1 155 53 273 273 356 52 2 375 590 590 222 308 2 2 155 539 2 410 103 539 284 426 171 2 2 477 437 2 488 80 488 152 154 477 53 103 284 104 154 52 206 152 154 52 155 131 284 590 155 273 1 104 52 386 103 335 559 206 206 410 53 103 426 284 80 206 155 155 458 182 2 52 579 152 171 335 375 206 171 104 257 154 233 206 155 359 80 53 437 335 590 69 80 308 1 2 1 154 120 359 273 426 335 155 152 539 131 590 488 2 53 488 410 1 562 206 120 590 2 284 222 335 52 1 559 1 233 477 590 2 104 2 155 104 1 590 52 53 560 53 171 509 539 528 101 104 53 69 53 375 53 53 257 359 104 206 426 1 104 1 
c [Incremental] Max used label: 590.
c [Incremental] Label 590 is removed from searching.
c [Incremental] Solving for max label = 589:
c [Incremental] Solving duration: 743 ms.
s [Incremental] SAT (label = 589).
c [Incremental] Label assignment: 206 589 589 538 589 232 538 308 589 2 436 589 2 257 375 2 2 385 154 307 2 103 2 487 589 2 509 579 511 512 2 308 560 477 359 579 560 461 257 528 512 436 130 206 538 538 589 2 375 1 538 1 2 589 487 69 2 538 528 528 477 487 324 511 2 308 410 155 410 579 487 528 538 283 528 375 560 538 579 424 589 359 538 2 358 257 461 487 559 436 477 426 458 155 589 409 458 436 426 181 206 324 560 232 324 512 458 528 359 538 589 461 563 563 538 375 477 256 324 257 120 589 461 487 334 589 528 69 461 308 385 385 53 385 155 436 579 426 589 2 359 203 257 385 103 509 359 560 560 273 559 509 103 436 436 426 103 52 308 375 334 273 375 257 206 308 487 538 334 104 1 283 203 375 283 205 324 477 324 2 203 2 385 410 206 589 324 308 426 257 538 334 410 257 232 359 52 538 334 458 2 324 426 461 2 181 155 324 477 359 104 273 257 273 2 205 512 436 206 385 206 308 154 436 171 375 52 538 589 305 101 222 2 103 222 487 283 375 2 477 334 2 324 426 2 104 205 589 487 257 407 257 460 475 538 385 222 2 1 1 155 53 273 273 356 52 2 375 589 589 222 308 2 2 155 538 2 410 103 538 283 426 171 2 2 477 436 2 487 79 487 152 154 477 53 103 283 104 154 52 206 152 154 52 155 130 283 589 155 273 1 104 52 385 103 334 559 206 206 410 53 103 426 283 79 206 155 155 458 181 2 52 579 152 171 334 375 206 171 104 257 154 232 206 155 359 79 53 436 334 589 69 79 308 1 2 1 154 120 359 273 426 334 155 152 538 130 589 487 2 53 487 410 1 562 206 120 589 2 283 222 334 52 1 559 1 232 477 589 2 104 2 155 104 1 589 52 53 560 53 171 509 538 528 101 104 53 69 53 375 53 53 257 359 104 206 426 1 104 1 
c [Incremental] Max used label: 589.
c [Incremental] Label 589 is removed from searching.
c [Incremental] Solving for max label = 588:
c [Incremental] Solving duration: 712 ms.
s [Incremental] SAT (label = 588).
c [Incremental] Label assignment: 206 588 588 537 588 231 537 308 588 2 435 588 2 257 375 2 2 384 154 307 2 103 2 486 588 2 509 579 511 512 2 308 560 477 359 579 560 461 257 528 512 435 129 206 537 537 588 2 375 1 537 1 2 588 486 69 2 537 528 528 477 486 324 511 2 308 410 155 410 579 486 528 537 282 528 375 560 537 579 424 588 359 537 2 358 257 461 486 559 435 477 426 458 155 588 409 458 435 426 180 206 324 560 231 324 512 458 528 359 537 588 461 563 563 537 375 477 256 324 257 120 588 461 486 333 588 528 69 461 308 384 384 53 384 155 435 579 426 588 2 359 203 257 384 103 509 359 560 560 273 559 509 103 435 435 426 103 52 308 375 333 273 375 257 206 308 486 537 333 104 1 282 203 375 282 205 324 477 324 2 203 2 384 410 206 588 324 308 426 257 537 333 410 257 231 359 52 537 333 458 2 324 426 461 2 180 155 324 477 359 104 273 257 273 2 205 512 435 206 384 206 308 154 435 171 375 52 537 588 305 101 222 2 103 222 486 282 375 2 477 333 2 324 426 2 104 205 588 486 257 407 257 460 475 537 384 222 2 1 1 155 53 273 273 356 52 2 375 588 588 222 308 2 2 155 537 2 410 103 537 282 426 171 2 2 477 435 2 486 78 486 152 154 477 53 103 282 104 154 52 206 152 154 52 155 129 282 588 155 273 1 104 52 384 103 333 559 206 206 410 53 103 426 282 78 206 155 155 458 180 2 52 579 152 171 333 375 206 171 104 257 154 231 206 155 359 78 53 435 333 588 69 78 308 1 2 1 154 120 359 273 426 333 155 152 537 129 588 486 2 53 486 410 1 562 206 120 588 2 282 222 333 52 1 559 1 231 477 588 2 104 2 155 104 1 588 52 53 560 53 171 509 537 528 101 104 53 69 53 375 53 53 257 359 104 206 426 1 104 1 
c [Incremental] Max used label: 588.
c [Incremental] Label 588 is removed from searching.
c [Incremental] Solving for max label = 587:
c [Incremental] Solving duration: 731 ms.
s [Incremental] SAT (label = 587).
c [Incremental] Label assignment: 206 587 587 536 587 230 536 308 587 2 434 587 2 257 375 2 2 383 154 307 2 103 2 485 587 2 509 579 511 512 2 308 560 477 359 579 560 461 257 528 512 434 128 206 536 536 587 2 375 1 536 1 2 587 485 69 2 536 528 528 477 485 324 511 2 308 410 155 410 579 485 528 536 281 528 375 560 536 579 424 587 359 536 2 358 257 461 485 559 434 477 426 458 155 587 409 458 434 426 179 206 324 560 230 324 512 458 528 359 536 587 461 563 563 536 375 477 256 324 257 120 587 461 485 332 587 528 69 461 308 383 383 53 383 155 434 579 426 587 2 359 203 257 383 103 509 359 560 560 273 559 509 103 434 434 426 103 52 308 375 332 273 375 257 206 308 485 536 332 104 1 281 203 375 281 205 324 477 324 2 203 2 383 410 206 587 324 308 426 257 536 332 410 257 230 359 52 536 332 458 2 324 426 461 2 179 155 324 477 359 104 273 257 273 2 205 512 434 206 383 206 308 154 434 171 375 52 536 587 305 101 222 2 103 222 485 281 375 2 477 332 2 324 426 2 104 205 587 485 257 407 257 460 475 536 383 222 2 1 1 155 53 273 273 356 52 2 375 587 587 222 308 2 2 155 536 2 410 103 536 281 426 171 2 2 477 434 2 485 77 485 152 154 477 53 103 281 104 154 52 206 152 154 52 155 128 281 587 155 273 1 104 52 383 103 332 559 206 206 410 53 103 426 281 77 206 155 155 458 179 2 52 579 152 171 332 375 206 171 104 257 154 230 206 155 359 77 53 434 332 587 69 77 308 1 2 1 154 120 359 273 426 332 155 152 536 128 587 485 2 53 485 410 1 562 206 120 587 2 281 222 332 52 1 559 1 230 477 587 2 104 2 155 104 1 587 52 53 560 53 171 509 536 528 101 104 53 69 53 375 53 53 257 359 104 206 426 1 104 1 
c [Incremental] Max used label: 587.
c [Incremental] Label 587 is removed from searching.
c [Incremental] Solving for max label = 586:
c [Incremental] Solving duration: 718 ms.
s [Incremental] SAT (label = 586).
c [Incremental] Label assignment: 206 586 586 535 586 229 535 308 586 2 433 586 2 257 375 2 2 382 154 307 2 103 2 484 586 2 509 579 511 512 2 308 560 477 359 579 560 461 257 528 512 433 127 206 535 535 586 2 375 1 535 1 2 586 484 69 2 535 528 528 477 484 324 511 2 308 410 155 410 579 484 528 535 280 528 375 560 535 579 424 586 359 535 2 358 257 461 484 559 433 477 426 458 155 586 409 458 433 426 178 206 324 560 229 324 512 458 528 359 535 586 461 563 563 535 375 477 256 324 257 120 586 461 484 331 586 528 69 461 308 382 382 53 382 155 433 579 426 586 2 359 203 257 382 103 509 359 560 560 273 559 509 103 433 433 426 103 52 308 375 331 273 375 257 206 308 484 535 331 104 1 280 203 375 280 205 324 477 324 2 203 2 382 410 206 586 324 308 426 257 535 331 410 257 229 359 52 535 331 458 2 324 426 461 2 178 155 324 477 359 104 273 257 273 2 205 512 433 206 382 206 308 154 433 171 375 52 535 586 305 101 222 2 103 222 484 280 375 2 477 331 2 324 426 2 104 205 586 484 257 407 257 460 475 535 382 222 2 1 1 155 53 273 273 356 52 2 375 586 586 222 308 2 2 155 535 2 410 103 535 280 426 171 2 2 477 433 2 484 76 484 152 154 477 53 103 280 104 154 52 206 152 154 52 155 127 280 586 155 273 1 104 52 382 103 331 559 206 206 410 53 103 426 280 76 206 155 155 458 178 2 52 579 152 171 331 375 206 171 104 257 154 229 206 155 359 76 53 433 331 586 69 76 308 1 2 1 154 120 359 273 426 331 155 152 535 127 586 484 2 53 484 410 1 562 206 120 586 2 280 222 331 52 1 559 1 229 477 586 2 104 2 155 104 1 586 52 53 560 53 171 509 535 528 101 104 53 69 53 375 53 53 257 359 104 206 426 1 104 1 
c [Incremental] Max used label: 586.
c [Incremental] Label 586 is removed from searching.
c [Incremental] Solving for max label = 585:
c [Incremental] Solving duration: 802 ms.
s [Incremental] SAT (label = 585).
c [Incremental] Label assignment: 206 585 585 534 585 228 534 308 585 2 432 585 2 257 375 2 2 381 154 307 2 103 2 483 585 2 509 579 511 512 2 308 560 477 359 579 560 461 257 528 512 432 126 206 534 534 585 2 375 1 534 1 2 585 483 69 2 534 528 528 477 483 324 511 2 308 410 155 410 579 483 528 534 279 528 375 560 534 579 424 585 359 534 2 358 257 461 483 559 432 477 426 458 155 585 409 458 432 426 177 206 324 560 228 324 512 458 528 359 534 585 461 563 563 534 375 477 256 324 257 120 585 461 483 330 585 528 69 461 308 381 381 53 381 155 432 579 426 585 2 359 203 257 381 103 509 359 560 560 273 559 509 103 432 432 426 103 52 308 375 330 273 375 257 206 308 483 534 330 104 1 279 203 375 279 205 324 477 324 2 203 2 381 410 206 585 324 308 426 257 534 330 410 257 228 359 52 534 330 458 2 324 426 461 2 177 155 324 477 359 104 273 257 273 2 205 512 432 206 381 206 308 154 432 171 375 52 534 585 305 101 222 2 103 222 483 279 375 2 477 330 2 324 426 2 104 205 585 483 257 407 257 460 475 534 381 222 2 1 1 155 53 273 273 356 52 2 375 585 585 222 308 2 2 155 534 2 410 103 534 279 426 171 2 2 477 432 2 483 75 483 152 154 477 53 103 279 104 154 52 206 152 154 52 155 126 279 585 155 273 1 104 52 381 103 330 559 206 206 410 53 103 426 279 75 206 155 155 458 177 2 52 579 152 171 330 375 206 171 104 257 154 228 206 155 359 75 53 432 330 585 69 75 308 1 2 1 154 120 359 273 426 330 155 152 534 126 585 483 2 53 483 410 1 562 206 120 585 2 279 222 330 52 1 559 1 228 477 585 2 104 2 155 104 1 585 52 53 560 53 171 509 534 528 101 104 53 69 53 375 53 53 257 359 104 206 426 1 104 1 
c [Incremental] Max used label: 585.
c [Incremental] Label 585 is removed from searching.
c [Incremental] Solving for max label = 584:
c [Incremental] Solving duration: 830 ms.
s [Incremental] SAT (label = 584).
c [Incremental] Label assignment: 206 584 584 533 584 227 533 308 584 2 431 584 2 257 375 2 2 380 154 307 2 103 2 482 584 2 509 579 511 512 2 308 560 477 359 579 560 461 257 528 512 431 125 206 533 533 584 2 375 1 533 1 2 584 482 69 2 533 528 528 477 482 324 511 2 308 410 155 410 579 482 528 533 278 528 375 560 533 579 424 584 359 533 2 358 257 461 482 559 431 477 426 458 155 584 409 458 431 426 176 206 324 560 227 324 512 458 528 359 533 584 461 563 563 533 375 477 256 324 257 120 584 461 482 329 584 528 69 461 308 380 380 53 380 155 431 579 426 584 2 359 203 257 380 103 509 359 560 560 273 559 509 103 431 431 426 103 52 308 375 329 273 375 257 206 308 482 533 329 104 1 278 203 375 278 205 324 477 324 2 203 2 380 410 206 584 324 308 426 257 533 329 410 257 227 359 52 533 329 458 2 324 426 461 2 176 155 324 477 359 104 273 257 273 2 205 512 431 206 380 206 308 154 431 171 375 52 533 584 305 101 222 2 103 222 482 278 375 2 477 329 2 324 426 2 104 205 584 482 257 407 257 460 475 533 380 222 2 1 1 155 53 273 273 356 52 2 375 584 584 222 308 2 2 155 533 2 410 103 533 278 426 171 2 2 477 431 2 482 74 482 152 154 477 53 103 278 104 154 52 206 152 154 52 155 125 278 584 155 273 1 104 52 380 103 329 559 206 206 410 53 103 426 278 74 206 155 155 458 176 2 52 579 152 171 329 375 206 171 104 257 154 227 206 155 359 74 53 431 329 584 69 74 308 1 2 1 154 120 359 273 426 329 155 152 533 125 584 482 2 53 482 410 1 562 206 120 584 2 278 222 329 52 1 559 1 227 477 584 2 104 2 155 104 1 584 52 53 560 53 171 509 533 528 101 104 53 69 53 375 53 53 257 359 104 206 426 1 104 1 
c [Incremental] Max used label: 584.
c [Incremental] Label 584 is removed from searching.
c [Incremental] Solving for max label = 583:
c [Incremental] Solving duration: 820 ms.
s [Incremental] SAT (label = 583).
c [Incremental] Label assignment: 206 583 583 532 583 226 532 308 583 2 430 583 2 257 375 2 2 379 154 307 2 103 2 481 583 2 509 579 511 512 2 308 560 477 359 579 560 461 257 528 512 430 124 206 532 532 583 2 375 1 532 1 2 583 481 69 2 532 528 528 477 481 324 511 2 308 410 155 410 579 481 528 532 277 528 375 560 532 579 424 583 359 532 2 358 257 461 481 559 430 477 426 458 155 583 409 458 430 426 175 206 324 560 226 324 512 458 528 359 532 583 461 563 563 532 375 477 256 324 257 120 583 461 481 328 583 528 69 461 308 379 379 53 379 155 430 579 426 583 2 359 203 257 379 103 509 359 560 560 273 559 509 103 430 430 426 103 52 308 375 328 273 375 257 206 308 481 532 328 104 1 277 203 375 277 205 324 477 324 2 203 2 379 410 206 583 324 308 426 257 532 328 410 257 226 359 52 532 328 458 2 324 426 461 2 175 155 324 477 359 104 273 257 273 2 205 512 430 206 379 206 308 154 430 171 375 52 532 583 305 101 222 2 103 222 481 277 375 2 477 328 2 324 426 2 104 205 583 481 257 407 257 460 475 532 379 222 2 1 1 155 53 273 273 356 52 2 375 583 583 222 308 2 2 155 532 2 410 103 532 277 426 171 2 2 477 430 2 481 73 481 152 154 477 53 103 277 104 154 52 206 152 154 52 155 124 277 583 155 273 1 104 52 379 103 328 559 206 206 410 53 103 426 277 73 206 155 155 458 175 2 52 579 152 171 328 375 206 171 104 257 154 226 206 155 359 73 53 430 328 583 69 73 308 1 2 1 154 120 359 273 426 328 155 152 532 124 583 481 2 53 481 410 1 562 206 120 583 2 277 222 328 52 1 559 1 226 477 583 2 104 2 155 104 1 583 52 53 560 53 171 509 532 528 101 104 53 69 53 375 53 53 257 359 104 206 426 1 104 1 
c [Incremental] Max used label: 583.
c [Incremental] Label 583 is removed from searching.
c [Incremental] Solving for max label = 582:
c [Incremental] Solving duration: 737 ms.
s [Incremental] SAT (label = 582).
c [Incremental] Label assignment: 206 582 582 531 582 225 531 308 582 2 429 582 2 257 375 2 2 378 154 307 2 103 2 480 582 2 509 579 511 512 2 308 560 477 359 579 560 461 257 528 512 429 123 206 531 531 582 2 375 1 531 1 2 582 480 69 2 531 528 528 477 480 324 511 2 308 410 155 410 579 480 528 531 276 528 375 560 531 579 424 582 359 531 2 358 257 461 480 559 429 477 426 458 155 582 409 458 429 426 174 206 324 560 225 324 512 458 528 359 531 582 461 563 563 531 375 477 256 324 257 120 582 461 480 327 582 528 69 461 308 378 378 53 378 155 429 579 426 582 2 359 203 257 378 103 509 359 560 560 273 559 509 103 429 429 426 103 52 308 375 327 273 375 257 206 308 480 531 327 104 1 276 203 375 276 205 324 477 324 2 203 2 378 410 206 582 324 308 426 257 531 327 410 257 225 359 52 531 327 458 2 324 426 461 2 174 155 324 477 359 104 273 257 273 2 205 512 429 206 378 206 308 154 429 171 375 52 531 582 305 101 222 2 103 222 480 276 375 2 477 327 2 324 426 2 104 205 582 480 257 407 257 460 475 531 378 222 2 1 1 155 53 273 273 356 52 2 375 582 582 222 308 2 2 155 531 2 410 103 531 276 426 171 2 2 477 429 2 480 72 480 152 154 477 53 103 276 104 154 52 206 152 154 52 155 123 276 582 155 273 1 104 52 378 103 327 559 206 206 410 53 103 426 276 72 206 155 155 458 174 2 52 579 152 171 327 375 206 171 104 257 154 225 206 155 359 72 53 429 327 582 69 72 308 1 2 1 154 120 359 273 426 327 155 152 531 123 582 480 2 53 480 410 1 562 206 120 582 2 276 222 327 52 1 559 1 225 477 582 2 104 2 155 104 1 582 52 53 560 53 171 509 531 528 101 104 53 69 53 375 53 53 257 359 104 206 426 1 104 1 
c [Incremental] Max used label: 582.
c [Incremental] Label 582 is removed from searching.
c [Incremental] Solving for max label = 581:
c [Incremental] Solving duration: 792 ms.
s [Incremental] SAT (label = 581).
c [Incremental] Label assignment: 206 581 581 530 581 224 530 308 581 2 428 581 2 257 375 2 2 377 154 307 2 103 2 479 581 2 509 579 511 512 2 308 560 477 359 579 560 461 257 528 512 428 122 206 530 530 581 2 375 1 530 1 2 581 479 69 2 530 528 528 477 479 324 511 2 308 410 155 410 579 479 528 530 275 528 375 560 530 579 424 581 359 530 2 358 257 461 479 559 428 477 426 458 155 581 409 458 428 426 173 206 324 560 224 324 512 458 528 359 530 581 461 563 563 530 375 477 256 324 257 120 581 461 479 326 581 528 69 461 308 377 377 53 377 155 428 579 426 581 2 359 203 257 377 103 509 359 560 560 273 559 509 103 428 428 426 103 52 308 375 326 273 375 257 206 308 479 530 326 104 1 275 203 375 275 205 324 477 324 2 203 2 377 410 206 581 324 308 426 257 530 326 410 257 224 359 52 530 326 458 2 324 426 461 2 173 155 324 477 359 104 273 257 273 2 205 512 428 206 377 206 308 154 428 171 375 52 530 581 305 101 222 2 103 222 479 275 375 2 477 326 2 324 426 2 104 205 581 479 257 407 257 460 475 530 377 222 2 1 1 155 53 273 273 356 52 2 375 581 581 222 308 2 2 155 530 2 410 103 530 275 426 171 2 2 477 428 2 479 71 479 152 154 477 53 103 275 104 154 52 206 152 154 52 155 122 275 581 155 273 1 104 52 377 103 326 559 206 206 410 53 103 426 275 71 206 155 155 458 173 2 52 579 152 171 326 375 206 171 104 257 154 224 206 155 359 71 53 428 326 581 69 71 308 1 2 1 154 120 359 273 426 326 155 152 530 122 581 479 2 53 479 410 1 562 206 120 581 2 275 222 326 52 1 559 1 224 477 581 2 104 2 155 104 1 581 52 53 560 53 171 509 530 528 101 104 53 69 53 375 53 53 257 359 104 206 426 1 104 1 
c [Incremental] Max used label: 581.
c [Incremental] Label 581 is removed from searching.
c [Incremental] Solving for max label = 580:
c [Incremental] Solving duration: 725 ms.
s [Incremental] SAT (label = 580).
c [Incremental] Label assignment: 206 580 580 529 580 223 529 308 580 2 427 580 2 257 375 2 2 376 154 307 2 103 2 478 580 2 509 579 511 512 2 308 560 477 359 579 560 461 257 528 512 427 121 206 529 529 580 2 375 1 529 1 2 580 478 69 2 529 528 528 477 478 324 511 2 308 410 155 410 579 478 528 529 274 528 375 560 529 579 424 580 359 529 2 358 257 461 478 559 427 477 426 458 155 580 409 458 427 426 172 206 324 560 223 324 512 458 528 359 529 580 461 563 563 529 375 477 256 324 257 120 580 461 478 325 580 528 69 461 308 376 376 53 376 155 427 579 426 580 2 359 203 257 376 103 509 359 560 560 273 559 509 103 427 427 426 103 52 308 375 325 273 375 257 206 308 478 529 325 104 1 274 203 375 274 205 324 477 324 2 203 2 376 410 206 580 324 308 426 257 529 325 410 257 223 359 52 529 325 458 2 324 426 461 2 172 155 324 477 359 104 273 257 273 2 205 512 427 206 376 206 308 154 427 171 375 52 529 580 305 101 222 2 103 222 478 274 375 2 477 325 2 324 426 2 104 205 580 478 257 407 257 460 475 529 376 222 2 1 1 155 53 273 273 356 52 2 375 580 580 222 308 2 2 155 529 2 410 103 529 274 426 171 2 2 477 427 2 478 70 478 152 154 477 53 103 274 104 154 52 206 152 154 52 155 121 274 580 155 273 1 104 52 376 103 325 559 206 206 410 53 103 426 274 70 206 155 155 458 172 2 52 579 152 171 325 375 206 171 104 257 154 223 206 155 359 70 53 427 325 580 69 70 308 1 2 1 154 120 359 273 426 325 155 152 529 121 580 478 2 53 478 410 1 562 206 120 580 2 274 222 325 52 1 559 1 223 477 580 2 104 2 155 104 1 580 52 53 560 53 171 509 529 528 101 104 53 69 53 375 53 53 257 359 104 206 426 1 104 1 
c [Incremental] Max used label: 580.
c [Incremental] Label 580 is removed from searching.
c [Incremental] Solving for max label = 579:
c [Incremental] Solving duration: 806 ms.
s [Incremental] SAT (label = 579).
c [Incremental] Label assignment: 206 579 579 528 579 222 528 308 579 2 426 579 2 257 375 2 2 375 154 307 2 103 2 477 579 2 509 579 511 512 2 308 560 477 359 579 560 461 257 528 512 426 120 206 528 528 579 2 375 1 528 1 2 579 477 69 2 528 528 528 477 477 324 511 2 308 410 155 410 579 477 528 528 273 528 375 560 528 579 424 579 359 528 2 358 257 461 477 559 426 477 426 458 155 579 409 458 426 426 528 206 324 560 222 324 512 458 528 359 528 579 461 563 563 528 375 477 256 324 257 120 579 461 477 324 579 528 69 461 308 375 375 53 375 155 426 579 426 579 2 359 203 257 375 103 509 359 560 560 273 559 509 103 426 426 426 103 52 308 375 324 273 375 257 206 308 477 528 324 104 1 273 203 375 273 205 324 477 324 2 203 2 375 410 206 579 324 308 426 257 528 324 410 257 222 359 52 528 324 458 2 324 426 461 2 171 155 324 477 359 104 273 257 273 2 205 512 426 206 375 206 308 154 426 171 375 52 528 579 305 101 222 2 103 222 477 273 375 2 477 324 2 324 426 2 104 205 579 477 257 407 257 460 475 528 375 222 2 1 1 155 53 273 273 356 52 2 375 579 579 222 308 2 2 155 528 2 410 103 528 273 426 171 2 2 477 426 2 477 69 477 152 154 477 53 103 273 104 154 52 206 152 154 52 155 120 273 579 155 273 1 104 52 375 103 324 559 206 206 410 53 103 426 273 70 206 155 155 458 171 2 52 579 152 171 324 375 206 171 104 257 154 222 206 155 359 426 53 426 324 579 69 69 308 1 2 1 154 120 359 273 426 324 155 152 528 121 579 477 2 53 477 410 1 562 206 120 579 2 273 222 324 52 1 559 1 222 477 579 2 104 2 155 104 1 579 52 53 560 53 171 509 528 528 101 104 53 69 53 375 53 53 257 359 104 206 426 1 104 1 
c [Incremental] Max used label: 579.
c [Incremental] Label 579 is removed from searching.
c [Incremental] Solving for max label = 578:
c [Incremental] Solving duration: 7696 ms.
s [Incremental] SAT (label = 578).
c [Incremental] Label assignment: 527 2 323 155 578 578 374 53 527 2 527 2 2 527 476 2 2 476 374 272 170 2 2 2 119 527 2 68 425 527 53 308 578 374 527 578 2 221 53 257 410 170 374 119 323 476 68 2 323 272 527 2 527 578 476 374 578 527 374 104 170 170 2 323 2 476 425 53 53 578 425 374 425 527 527 257 476 578 374 374 2 308 221 2 119 425 2 257 527 119 476 374 425 527 578 527 272 374 104 425 257 425 374 476 104 323 578 323 2 2 272 257 2 2 2 323 272 476 527 119 527 2 476 323 221 308 155 578 221 323 272 578 476 374 206 359 2 308 206 2 374 578 578 272 119 323 578 578 578 155 578 527 578 578 527 257 425 221 425 204 374 527 425 527 170 476 221 578 527 53 359 170 2 578 68 374 104 476 323 527 578 2 476 68 272 170 308 410 374 53 155 476 323 272 476 272 425 476 119 425 476 425 323 527 578 119 206 425 476 476 206 2 308 476 527 323 578 2 527 68 104 272 221 374 221 2 272 374 155 374 170 527 2 578 272 272 425 104 2 425 2 204 374 272 2 323 170 425 374 527 170 221 68 578 527 527 578 527 221 221 206 578 527 104 578 323 155 578 425 2 119 119 527 2 425 53 2 374 170 170 68 578 2 2 476 476 425 578 255 2 425 170 221 53 476 476 170 2 425 68 323 272 221 2 476 323 68 578 221 272 155 476 2 155 170 68 578 527 578 527 2 323 257 272 272 425 206 578 323 425 2 527 68 272 425 476 2 104 425 578 53 119 2 425 272 374 221 323 578 2 170 374 221 476 476 2 476 221 323 155 2 257 374 104 425 578 153 374 272 461 53 2 359 119 323 170 206 359 2 527 527 476 374 476 578 578 527 476 2 2 410 2 323 578 374 425 206 527 578 221 206 1 257 272 374 170 527 119 53 425 578 221 155 257 221 104 527 578 425 104 
c [Incremental] Max used label: 578.
c [Incremental] Label 578 is removed from searching.
c [Incremental] Solving for max label = 577:
c [Incremental] Solving duration: 716 ms.
s [Incremental] SAT (label = 577).
c [Incremental] Label assignment: 526 2 322 2 475 577 373 67 526 2 526 2 2 526 475 2 2 475 373 271 169 220 2 169 118 2 2 67 424 526 2 322 475 271 526 577 2 220 67 271 424 169 373 118 322 475 67 2 322 271 526 2 577 577 475 577 2 526 373 118 169 169 2 322 2 475 424 67 67 577 424 373 203 526 2 475 526 475 53 373 577 322 220 2 118 424 2 271 526 118 373 373 424 526 526 526 271 373 152 424 271 424 373 373 2 322 577 322 2 2 271 271 2 2 577 322 271 475 526 118 526 2 475 322 220 322 169 526 220 322 271 2 475 373 220 475 576 322 220 2 373 271 424 271 118 322 577 577 577 322 577 526 577 577 526 322 424 220 424 475 220 526 424 526 118 475 220 577 526 67 373 99 526 322 67 373 118 373 322 577 424 2 475 67 271 169 475 424 373 373 169 322 322 271 475 271 424 526 169 424 577 424 322 526 2 118 220 220 373 475 220 2 322 2 577 322 577 2 2 67 118 271 220 475 220 118 271 373 373 220 118 373 2 577 271 271 424 118 2 424 577 169 271 322 2 322 169 424 373 526 169 220 67 577 475 526 577 526 220 220 220 2 526 322 526 322 169 577 424 2 118 118 424 2 424 67 2 373 169 169 67 577 577 2 373 373 373 577 255 2 424 577 220 271 475 475 169 2 424 67 322 271 220 2 475 322 67 577 220 526 169 475 2 373 169 67 577 526 271 526 2 322 322 271 271 322 220 577 475 424 2 526 67 322 424 475 526 118 475 577 67 118 2 424 220 373 169 322 577 2 169 577 2 475 475 2 577 220 67 169 2 271 373 152 424 577 118 373 220 577 67 577 373 118 322 169 220 169 2 526 118 475 373 475 577 577 526 475 2 2 424 2 322 577 373 424 526 526 577 169 424 1 271 271 373 118 526 118 67 424 577 67 373 271 220 118 373 577 424 118 
c [Incremental] Max used label: 577.
c [Incremental] Label 577 is removed from searching.
c [Incremental] Solving for max label = 576:
c [Incremental] Solving duration: 796 ms.
s [Incremental] SAT (label = 576).
c [Incremental] Label assignment: 168 2 117 117 525 168 2 168 474 576 576 2 2 321 219 2 2 525 117 219 372 168 576 321 321 576 2 576 270 168 117 474 474 66 525 2 2 423 576 117 53 53 117 219 474 474 525 2 372 270 474 66 576 168 372 2 2 474 372 576 576 321 423 474 2 423 270 321 168 270 525 372 321 525 576 525 525 474 321 372 2 576 219 2 372 270 576 525 525 270 474 321 423 2 525 52 270 219 474 2 372 423 474 423 576 219 2 104 576 525 372 525 2 2 2 270 576 423 168 117 423 270 525 321 219 206 270 168 168 321 321 474 321 372 474 117 2 66 270 2 474 168 2 474 321 168 423 2 576 423 576 525 576 372 372 474 270 155 53 525 168 576 525 155 270 219 117 474 423 219 104 117 576 474 372 1 576 423 270 576 372 576 219 219 270 66 423 2 270 423 423 423 372 321 525 525 321 474 525 372 576 155 219 576 576 270 423 321 372 423 2 576 219 372 2 474 474 219 474 66 474 474 474 525 2 321 525 104 270 372 372 117 2 1 206 321 321 53 2 168 576 372 321 372 2 53 321 270 168 53 321 423 525 525 474 474 104 576 2 270 270 525 423 576 525 321 321 2 576 219 104 525 2 2 219 2 2 66 474 1 423 53 219 2 474 474 321 576 204 2 372 270 423 270 423 321 525 576 576 155 168 219 53 168 576 525 423 576 423 525 66 372 525 423 2 372 525 168 219 270 576 423 372 423 66 372 474 576 474 2 2 525 474 321 53 423 423 474 423 2 117 117 576 525 270 423 168 219 2 525 576 372 66 474 219 576 270 372 168 525 372 66 270 219 576 576 117 168 525 372 321 2 104 270 576 66 2 525 2 321 474 372 117 270 576 372 474 270 2 2 2 2 372 423 117 321 219 321 576 117 219 576 423 1 321 168 321 117 219 1 117 270 423 104 117 168 372 525 270 474 
c [Incremental] Max used label: 576.
c [Incremental] Label 576 is removed from searching.
c [Incremental] Solving for max label = 575:
c [Incremental] Solving duration: 673 ms.
s [Incremental] SAT (label = 575).
c [Incremental] Label assignment: 167 2 116 116 524 167 2 167 473 575 575 2 2 320 218 2 2 524 116 218 371 167 575 320 320 575 2 575 269 167 116 473 473 65 524 2 2 422 575 116 53 53 116 218 473 473 524 2 371 269 473 65 575 167 371 2 2 473 371 575 575 320 422 473 2 422 269 320 167 270 524 371 320 524 575 524 524 473 320 371 2 575 218 2 371 269 575 524 524 269 473 320 422 2 524 52 269 218 473 2 371 422 473 422 575 218 2 104 575 524 371 524 2 2 2 269 575 422 167 116 422 269 524 320 218 206 269 167 167 320 320 473 320 371 473 116 2 65 269 2 473 167 2 473 320 167 422 2 575 422 575 524 575 371 65 473 269 155 53 524 167 575 524 155 269 218 116 473 422 218 104 65 575 473 371 1 575 422 269 575 371 575 218 218 269 65 422 2 269 422 422 422 371 320 524 524 320 473 524 371 575 155 218 575 575 269 422 320 371 422 2 575 218 371 2 473 473 218 473 65 473 473 473 524 2 320 524 104 269 371 371 116 2 1 206 321 320 53 2 167 575 371 320 371 2 53 320 269 167 53 320 422 524 524 473 473 104 575 2 269 269 524 422 575 524 320 320 2 575 218 104 524 524 2 218 2 2 65 473 1 422 53 218 2 473 473 2 575 204 2 371 269 422 269 422 320 524 575 575 155 167 218 53 167 575 524 422 575 422 524 65 371 524 422 2 371 524 167 218 269 575 422 371 422 116 371 473 575 473 2 2 524 473 320 53 422 422 473 422 2 116 116 575 524 269 422 167 218 2 524 575 371 116 473 218 575 269 371 167 524 371 65 269 218 575 575 65 167 524 371 320 2 104 269 575 65 2 524 2 320 473 371 116 269 575 371 473 269 2 2 2 2 371 422 116 320 218 320 575 116 218 575 422 1 320 167 320 116 218 1 116 269 422 104 116 167 371 524 269 473 
c [Incremental] Max used label: 575.
c [Incremental] Label 575 is removed from searching.
c [Incremental] Solving for max label = 574:
c [Incremental] Solving duration: 598 ms.
s [Incremental] SAT (label = 574).
c [Incremental] Label assignment: 166 2 115 115 523 166 2 166 472 574 574 2 2 319 217 2 2 523 115 217 370 166 574 319 319 574 2 574 268 166 115 472 472 64 523 2 2 421 574 115 53 53 115 217 472 472 523 2 370 268 472 64 574 166 370 2 2 472 370 574 574 319 421 472 2 421 268 319 166 270 523 370 319 523 574 523 523 472 319 370 2 574 217 2 370 268 574 523 523 268 472 319 421 2 523 52 268 217 472 2 370 421 472 421 574 217 2 104 574 523 370 523 2 2 2 268 574 421 166 115 421 268 523 319 217 206 268 166 166 319 319 472 319 370 472 115 2 64 268 2 472 166 2 472 319 166 421 2 574 421 574 523 574 370 64 472 268 155 53 523 166 574 523 155 268 217 115 472 421 217 104 64 574 472 370 1 574 421 268 574 370 574 217 217 268 64 421 2 268 421 421 421 370 319 523 523 319 472 523 370 574 155 217 574 574 268 421 319 370 421 2 574 217 370 2 472 472 217 472 64 472 472 472 523 2 319 523 104 268 370 370 115 2 1 206 321 319 53 2 166 574 370 319 370 2 53 319 268 166 53 319 421 523 523 472 472 104 574 2 268 268 523 421 574 523 319 319 2 574 217 104 523 523 2 217 2 2 64 472 1 421 53 217 2 472 472 2 574 204 2 370 268 421 268 421 319 523 574 574 155 166 217 53 166 574 523 421 574 421 523 64 370 523 421 2 370 523 166 217 268 574 421 370 421 115 370 472 574 472 2 2 523 472 319 53 421 421 472 421 2 115 115 574 523 268 421 166 217 2 523 574 370 115 472 217 574 268 370 166 523 370 64 268 217 574 574 64 166 523 370 319 2 104 268 574 64 2 523 2 319 472 370 115 268 574 370 472 268 2 2 2 2 370 421 115 319 217 319 574 115 217 574 421 1 319 166 319 115 217 1 115 268 421 104 115 166 370 523 268 472 
c [Incremental] Max used label: 574.
c [Incremental] Label 574 is removed from searching.
c [Incremental] Solving for max label = 573:
c [Incremental] Solving duration: 715 ms.
s [Incremental] SAT (label = 573).
c [Incremental] Label assignment: 165 2 114 114 522 165 2 165 471 573 573 2 2 318 216 2 2 522 114 216 369 165 573 318 318 573 2 573 267 165 114 471 471 63 522 2 2 420 573 114 53 53 114 216 471 471 522 2 369 267 471 63 573 165 369 2 2 471 369 573 573 318 420 471 2 420 267 318 165 270 522 369 318 522 573 522 522 471 318 369 2 573 216 2 369 267 573 522 522 267 471 318 420 2 522 52 267 216 471 2 369 420 471 420 573 216 2 104 573 522 369 522 2 2 2 267 573 420 165 114 420 267 522 318 216 206 267 165 165 318 318 471 318 369 471 114 2 63 267 2 471 165 2 471 318 165 420 2 573 420 573 522 573 369 63 471 267 155 53 522 165 573 522 155 267 216 114 471 420 216 104 63 573 471 369 1 573 420 267 573 369 573 216 216 267 63 420 2 267 420 420 420 369 318 522 522 318 471 522 369 573 155 216 573 573 267 420 318 369 420 2 573 216 369 2 471 471 216 471 63 471 471 471 522 2 318 522 104 267 369 369 114 2 1 206 321 318 53 2 165 573 369 318 369 2 53 318 267 165 53 318 420 522 522 471 471 104 573 2 267 267 522 420 573 522 318 318 2 573 216 104 522 522 2 216 2 2 63 471 1 420 53 216 2 471 471 2 573 204 2 369 267 420 267 420 318 522 573 573 155 165 216 53 165 573 522 420 573 420 522 63 369 522 420 2 369 522 165 216 267 573 420 369 420 114 369 471 573 471 2 2 522 471 318 53 420 420 471 420 2 114 114 573 522 267 420 165 216 2 522 573 369 114 471 216 573 267 369 165 522 369 63 267 216 573 573 63 165 522 369 318 2 104 267 573 63 2 522 2 318 471 369 114 267 573 369 471 267 2 2 2 2 369 420 114 318 216 318 573 114 216 573 420 1 318 165 318 114 216 1 114 267 420 104 114 165 369 522 267 471 
c [Incremental] Max used label: 573.
c [Incremental] Label 573 is removed from searching.
c [Incremental] Solving for max label = 572:
c [Incremental] Solving duration: 682 ms.
s [Incremental] SAT (label = 572).
c [Incremental] Label assignment: 164 2 113 113 521 164 2 164 470 572 572 2 2 317 215 2 2 521 113 215 368 164 572 317 317 572 2 572 266 164 113 470 470 62 521 2 2 419 572 113 53 53 113 215 470 470 521 2 368 266 470 62 572 164 368 2 2 470 368 572 572 317 419 470 2 419 266 317 164 270 521 368 317 521 572 521 521 470 317 368 2 572 215 2 368 266 572 521 521 266 470 317 419 2 521 52 266 215 470 2 368 419 470 419 572 215 2 104 572 521 368 521 2 2 2 266 572 419 164 113 419 266 521 317 215 206 266 164 164 317 317 470 317 368 470 113 2 62 266 2 470 164 2 470 317 164 419 2 572 419 572 521 572 368 62 470 266 155 53 521 164 572 521 155 266 215 113 470 419 215 104 62 572 470 368 1 572 419 266 572 368 572 215 215 266 62 419 2 266 419 419 419 368 317 521 521 317 470 521 368 572 155 215 572 572 266 419 317 368 419 2 572 215 368 2 470 470 215 470 62 470 470 470 521 2 317 521 104 266 368 368 113 2 1 206 321 317 53 2 164 572 368 317 368 2 53 317 266 164 53 317 419 521 521 470 470 104 572 2 266 266 521 419 572 521 317 317 2 572 215 104 521 521 2 215 2 2 62 470 1 419 53 215 2 470 470 2 572 204 2 368 266 419 266 419 317 521 572 572 155 164 215 53 164 572 521 419 572 419 521 62 368 521 419 2 368 521 164 215 266 572 419 368 419 113 368 470 572 470 2 2 521 470 317 53 419 419 470 419 2 113 113 572 521 266 419 164 215 2 521 572 368 113 470 215 572 266 368 164 521 368 62 266 215 572 572 62 164 521 368 317 2 104 266 572 62 2 521 2 317 470 368 113 266 572 368 470 266 2 2 2 2 368 419 113 317 215 317 572 113 215 572 419 1 317 164 317 113 215 1 113 266 419 104 113 164 368 521 266 470 
c [Incremental] Max used label: 572.
c [Incremental] Label 572 is removed from searching.
c [Incremental] Solving for max label = 571:
c [Incremental] Solving duration: 639 ms.
s [Incremental] SAT (label = 571).
c [Incremental] Label assignment: 163 2 112 112 520 163 2 163 469 571 571 2 2 316 214 2 2 520 112 214 367 163 571 316 316 571 2 571 265 163 112 469 469 61 520 2 2 418 571 112 53 53 112 214 469 469 520 2 367 265 469 61 571 163 367 2 2 469 367 571 571 316 418 469 2 418 265 316 163 270 520 367 316 520 571 520 520 469 316 367 2 571 214 2 367 265 571 520 520 265 469 316 418 2 520 52 265 214 469 2 367 418 469 418 571 214 2 104 571 520 367 520 2 2 2 265 571 418 163 112 418 265 520 316 214 206 265 163 163 316 316 469 316 367 469 112 2 61 265 2 469 163 2 469 316 163 418 2 571 418 571 520 571 367 61 469 265 155 53 520 163 571 520 155 265 214 112 469 418 214 104 61 571 469 367 1 571 418 265 571 367 571 214 214 265 61 418 2 265 418 418 418 367 316 520 520 316 469 520 367 571 155 214 571 571 265 418 316 367 418 2 571 214 367 2 469 469 214 469 61 469 469 469 520 2 316 520 104 265 367 367 112 2 1 206 321 316 53 2 163 571 367 316 367 2 53 316 265 163 53 316 418 520 520 469 469 104 571 2 265 265 520 418 571 520 316 316 2 571 214 104 520 520 2 214 2 2 61 469 1 418 53 214 2 469 469 2 571 204 2 367 265 418 265 418 316 520 571 571 155 163 214 53 163 571 520 418 571 418 520 61 367 520 418 2 367 520 163 214 265 571 418 367 418 112 367 469 571 469 2 2 520 469 316 53 418 418 469 418 2 112 112 571 520 265 418 163 214 2 520 571 367 112 469 214 571 265 367 163 520 367 61 265 214 571 571 61 163 520 367 316 2 104 265 571 61 2 520 2 316 469 367 112 265 571 367 469 265 2 2 2 2 367 418 112 316 214 316 571 112 214 571 418 1 316 163 316 112 214 1 112 265 418 104 112 163 367 520 265 469 
c [Incremental] Max used label: 571.
c [Incremental] Label 571 is removed from searching.
c [Incremental] Solving for max label = 570:
c [Incremental] Solving duration: 684 ms.
s [Incremental] SAT (label = 570).
c [Incremental] Label assignment: 162 2 111 111 519 162 2 162 468 570 570 2 2 315 213 2 2 519 111 213 366 162 570 315 315 570 2 570 264 162 111 468 468 60 519 2 2 417 570 111 53 53 111 213 468 468 519 2 366 264 468 60 570 162 366 2 2 468 366 570 570 315 417 468 2 417 264 315 162 270 519 366 315 519 570 519 519 468 315 366 2 570 213 2 366 264 570 519 519 264 468 315 417 2 519 52 264 213 468 2 366 417 468 417 570 213 2 104 570 519 366 519 2 2 2 264 570 417 162 111 417 264 519 315 213 206 264 162 162 315 315 468 315 366 468 111 2 60 264 2 468 162 2 468 315 162 417 2 570 417 570 519 570 366 60 468 264 155 53 519 162 570 519 155 264 213 111 468 417 213 104 60 570 468 366 1 570 417 264 570 366 570 213 213 264 60 417 2 264 417 417 417 366 315 519 519 315 468 519 366 570 155 213 570 570 264 417 315 366 417 2 570 213 366 2 468 468 213 468 60 468 468 468 519 2 315 519 104 264 366 366 111 2 1 206 321 315 53 2 162 570 366 315 366 2 53 315 264 162 53 315 417 519 519 468 468 104 570 2 264 264 519 417 570 519 315 315 2 570 213 104 519 519 2 213 2 2 60 468 1 417 53 213 2 468 468 2 570 204 2 366 264 417 264 417 315 519 570 570 155 162 213 53 162 570 519 417 570 417 519 60 366 519 417 2 366 519 162 213 264 570 417 366 417 111 366 468 570 468 2 2 519 468 315 53 417 417 468 417 2 111 111 570 519 264 417 162 213 2 519 570 366 111 468 213 570 264 366 162 519 366 60 264 213 570 570 60 162 519 366 315 2 104 264 570 60 2 519 2 315 468 366 111 264 570 366 468 264 2 2 2 2 366 417 111 315 213 315 570 111 213 570 417 1 315 162 315 111 213 1 111 264 417 104 111 162 366 519 264 468 
c [Incremental] Max used label: 570.
c [Incremental] Label 570 is removed from searching.
c [Incremental] Solving for max label = 569:
c [Incremental] Solving duration: 708 ms.
s [Incremental] SAT (label = 569).
c [Incremental] Label assignment: 161 2 110 110 518 161 2 161 467 569 569 2 2 314 212 2 2 518 110 212 365 161 569 314 314 569 2 569 263 161 110 467 467 59 518 2 2 416 569 110 53 53 110 212 467 467 518 2 365 263 467 59 569 161 365 2 2 467 365 569 569 314 416 467 2 416 263 314 161 270 518 365 314 518 569 518 518 467 314 365 2 569 212 2 365 263 569 518 518 263 467 314 416 2 518 52 263 212 467 2 365 416 467 416 569 212 2 104 569 518 365 518 2 2 2 263 569 416 161 110 416 263 518 314 212 206 263 161 161 314 314 467 314 365 467 110 2 59 263 2 467 161 2 467 314 161 416 2 569 416 569 518 569 365 59 467 263 155 53 518 161 569 518 155 263 212 110 467 416 212 104 59 569 467 365 1 569 416 263 569 365 569 212 212 263 59 416 2 263 416 416 416 365 314 518 518 314 467 518 365 569 155 212 569 569 263 416 314 365 416 2 569 212 365 2 467 467 212 467 59 467 467 467 518 2 314 518 104 263 365 365 110 2 1 206 321 314 53 2 161 569 365 314 365 2 53 314 263 161 53 314 416 518 518 467 467 104 569 2 263 263 518 416 569 518 314 314 2 569 212 104 518 518 2 212 2 2 59 467 1 416 53 212 2 467 467 2 569 204 2 365 263 416 263 416 314 518 569 569 155 161 212 53 161 569 518 416 569 416 518 59 365 518 416 2 365 518 161 212 263 569 416 365 416 110 365 467 569 467 2 2 518 467 314 53 416 416 467 416 2 110 110 569 518 263 416 161 212 2 518 569 365 110 467 212 569 263 365 161 518 365 59 263 212 569 569 59 161 518 365 314 2 104 263 569 59 2 518 2 314 467 365 110 263 569 365 467 263 2 2 2 2 365 416 110 314 212 314 569 110 212 569 416 1 314 161 314 110 212 1 110 263 416 104 110 161 365 518 263 467 
c [Incremental] Max used label: 569.
c [Incremental] Label 569 is removed from searching.
c [Incremental] Solving for max label = 568:
c [Incremental] Solving duration: 673 ms.
s [Incremental] SAT (label = 568).
c [Incremental] Label assignment: 160 2 109 109 517 160 2 160 466 568 568 2 2 313 211 2 2 517 109 211 364 160 568 313 313 568 2 568 262 160 109 466 466 58 517 2 2 415 568 109 53 53 109 211 466 466 517 2 364 262 466 58 568 160 364 2 2 466 364 568 568 313 415 466 2 415 262 313 160 270 517 364 313 517 568 517 517 466 313 364 2 568 211 2 364 262 568 517 517 262 466 313 415 2 517 52 262 211 466 2 364 415 466 415 568 211 2 104 568 517 364 517 2 2 2 262 568 415 160 109 415 262 517 313 211 206 262 160 160 313 313 466 313 364 466 109 2 58 262 2 466 160 2 466 313 160 415 2 568 415 568 517 568 364 58 466 262 155 53 517 160 568 517 155 262 211 109 466 415 211 104 58 568 466 364 1 568 415 262 568 364 568 211 211 262 58 415 2 262 415 415 415 364 313 517 517 313 466 517 364 568 155 211 568 568 262 415 313 364 415 2 568 211 364 2 466 466 211 466 58 466 466 466 517 2 313 517 104 262 364 364 109 2 1 206 321 313 53 2 160 568 364 313 364 2 53 313 262 160 53 313 415 517 517 466 466 104 568 2 262 262 517 415 568 517 313 313 2 568 211 104 517 517 2 211 2 2 58 466 1 415 53 211 2 466 466 2 568 204 2 364 262 415 262 415 313 517 568 568 155 160 211 53 160 568 517 415 568 415 517 58 364 517 415 2 364 517 160 211 262 568 415 364 415 109 364 466 568 466 2 2 517 466 313 53 415 415 466 415 2 109 109 568 517 262 415 160 211 2 517 568 364 109 466 211 568 262 364 160 517 364 58 262 211 568 568 58 160 517 364 313 2 104 262 568 58 2 517 2 313 466 364 109 262 568 364 466 262 2 2 2 2 364 415 109 313 211 313 568 109 211 568 415 1 313 160 313 109 211 1 109 262 415 104 109 160 364 517 262 466 
c [Incremental] Max used label: 568.
c [Incremental] Label 568 is removed from searching.
c [Incremental] Solving for max label = 567:
c [Incremental] Solving duration: 632 ms.
s [Incremental] SAT (label = 567).
c [Incremental] Label assignment: 159 2 108 108 516 159 2 159 465 567 567 2 2 312 210 2 2 516 108 210 363 159 567 312 312 567 2 567 261 159 108 465 465 57 516 2 2 414 567 108 53 53 108 210 465 465 516 2 363 261 465 57 567 159 363 2 2 465 363 567 567 312 414 465 2 414 261 312 159 270 516 363 312 516 567 516 516 465 312 363 2 567 210 2 363 261 567 516 516 261 465 312 414 2 516 52 261 210 465 2 363 414 465 414 567 210 2 104 567 516 363 516 2 2 2 261 567 414 159 108 414 261 516 312 210 206 261 159 159 312 312 465 312 363 465 108 2 57 261 2 465 159 2 465 312 159 414 2 567 414 567 516 567 363 57 465 261 155 53 516 159 567 516 155 261 210 108 465 414 210 104 57 567 465 363 1 567 414 261 567 363 567 210 210 261 57 414 2 261 414 414 414 363 312 516 516 312 465 516 363 567 155 210 567 567 261 414 312 363 414 2 567 210 363 2 465 465 210 465 57 465 465 465 516 2 312 516 104 261 363 363 108 2 1 206 321 312 53 2 159 567 363 312 363 2 53 312 261 159 53 312 414 516 516 465 465 104 567 2 261 261 516 414 567 516 312 312 2 567 210 104 516 516 2 210 2 2 57 465 1 414 53 210 2 465 465 2 567 204 2 363 261 414 261 414 312 516 567 567 155 159 210 53 159 567 516 414 567 414 516 57 363 516 414 2 363 516 159 210 261 567 414 363 414 108 363 465 567 465 2 2 516 465 312 53 414 414 465 414 2 108 108 567 516 261 414 159 210 2 516 567 363 108 465 210 567 261 363 159 516 363 57 261 210 567 567 57 159 516 363 312 2 104 261 567 57 2 516 2 312 465 363 108 261 567 363 465 261 2 2 2 2 363 414 108 312 210 312 567 108 210 567 414 1 312 159 312 108 210 1 108 261 414 104 108 159 363 516 261 465 
c [Incremental] Max used label: 567.
c [Incremental] Label 567 is removed from searching.
c [Incremental] Solving for max label = 566:
c [Incremental] Solving duration: 654 ms.
s [Incremental] SAT (label = 566).
c [Incremental] Label assignment: 158 2 107 107 515 158 2 158 464 566 566 2 2 311 209 2 2 515 107 209 362 158 566 311 311 566 2 566 260 158 107 464 464 56 515 2 2 413 566 107 53 53 107 209 464 464 515 2 362 260 464 56 566 158 362 2 2 464 362 566 566 311 413 464 2 413 260 311 158 270 515 362 311 515 566 515 515 464 311 362 2 566 209 2 362 260 566 515 515 260 464 311 413 2 515 52 260 209 464 2 362 413 464 413 566 209 2 104 566 515 362 515 2 2 2 260 566 413 158 107 413 260 515 311 209 206 260 158 158 311 311 464 311 362 464 107 2 56 260 2 464 158 2 464 311 158 413 2 566 413 566 515 566 362 56 464 260 155 53 515 158 566 515 155 260 209 107 464 413 209 104 56 566 464 362 1 566 413 260 566 362 566 209 209 260 56 413 2 260 413 413 413 362 311 515 515 311 464 515 362 566 155 209 566 566 260 413 311 362 413 2 566 209 362 2 464 464 209 464 56 464 464 464 515 2 311 515 104 260 362 362 107 2 1 206 321 311 53 2 158 566 362 311 362 2 53 311 260 158 53 311 413 515 515 464 464 104 566 2 260 260 515 413 566 515 311 311 2 566 209 104 515 515 2 209 2 2 56 464 1 413 53 209 2 464 464 2 566 204 2 362 260 413 260 413 311 515 566 566 155 158 209 53 158 566 515 413 566 413 515 56 362 515 413 2 362 515 158 209 260 566 413 362 413 107 362 464 566 464 2 2 515 464 311 53 413 413 464 413 2 107 107 566 515 260 413 158 209 2 515 566 362 107 464 209 566 260 362 158 515 362 56 260 209 566 566 56 158 515 362 311 2 104 260 566 56 2 515 2 311 464 362 107 260 566 362 464 260 2 2 2 2 362 413 107 311 209 311 566 107 209 566 413 1 311 158 311 107 209 1 107 260 413 104 107 158 362 515 260 464 
c [Incremental] Max used label: 566.
c [Incremental] Label 566 is removed from searching.
c [Incremental] Solving for max label = 565:
c [Incremental] Solving duration: 667 ms.
s [Incremental] SAT (label = 565).
c [Incremental] Label assignment: 157 2 106 106 514 157 2 157 463 565 565 2 2 310 208 2 2 514 106 208 361 157 565 310 310 565 2 565 259 157 106 463 463 55 514 2 2 412 565 106 53 53 106 208 463 463 514 2 361 259 463 55 565 157 361 2 2 463 361 565 565 310 412 463 2 412 259 310 157 270 514 361 310 514 565 514 514 463 310 361 2 565 208 2 361 259 565 514 514 259 463 310 412 2 514 52 259 208 463 2 361 412 463 412 565 208 2 104 565 514 361 514 2 2 2 259 565 412 157 106 412 259 514 310 208 206 259 157 157 310 310 463 310 361 463 106 2 55 259 2 463 157 2 463 310 157 412 2 565 412 565 514 565 361 55 463 259 155 53 514 157 565 514 155 259 208 106 463 412 208 104 55 565 463 361 1 565 412 259 565 361 565 208 208 259 55 412 2 259 412 412 412 361 310 514 514 310 463 514 361 565 155 208 565 565 259 412 310 361 412 2 565 208 361 2 463 463 208 463 55 463 463 463 514 2 310 514 104 259 361 361 106 2 1 206 321 310 53 2 157 565 361 310 361 2 53 310 259 157 53 310 412 514 514 463 463 104 565 2 259 259 514 412 565 514 310 310 2 565 208 104 514 514 2 208 2 2 55 463 1 412 53 208 2 463 463 2 565 204 2 361 259 412 259 412 310 514 565 565 155 157 208 53 157 565 514 412 565 412 514 55 361 514 412 2 361 514 157 208 259 565 412 361 412 106 361 463 565 463 2 2 514 463 310 53 412 412 463 412 2 106 106 565 514 259 412 157 208 2 514 565 361 106 463 208 565 259 361 157 514 361 55 259 208 565 565 55 157 514 361 310 2 104 259 565 55 2 514 2 310 463 361 106 259 565 361 463 259 2 2 2 2 361 412 106 310 208 310 565 106 208 565 412 1 310 157 310 106 208 1 106 259 412 104 106 157 361 514 259 463 
c [Incremental] Max used label: 565.
c [Incremental] Label 565 is removed from searching.
c [Incremental] Solving for max label = 564:
c [Incremental] Solving duration: 729 ms.
s [Incremental] SAT (label = 564).
c [Incremental] Label assignment: 156 2 105 105 513 156 2 156 462 564 564 2 2 309 207 2 2 513 105 207 360 156 564 309 309 564 2 564 258 156 105 462 462 54 513 2 2 411 564 105 53 53 105 207 462 462 513 2 360 258 462 54 564 156 360 2 2 462 360 564 564 309 411 462 2 411 258 309 156 270 513 360 309 513 564 513 513 462 309 360 2 564 207 2 360 258 564 513 513 258 462 309 411 2 513 52 258 207 462 2 360 411 462 411 564 207 2 104 564 513 360 513 2 2 2 258 564 411 156 105 411 258 513 309 207 206 258 156 156 309 309 462 309 360 462 105 2 54 258 2 462 156 2 462 309 156 411 2 564 411 564 513 564 360 54 462 258 155 53 513 156 564 513 155 258 207 105 462 411 207 104 54 564 462 360 1 564 411 258 564 360 564 207 207 258 54 411 2 258 411 411 411 360 309 513 513 309 462 513 360 564 155 207 564 564 258 411 309 360 411 2 564 207 360 2 462 462 207 462 54 462 462 462 513 2 309 513 104 258 360 360 105 2 1 206 321 309 53 2 156 564 360 309 360 2 53 309 258 156 53 309 411 513 513 462 462 104 564 2 258 258 513 411 564 513 309 309 2 564 207 104 513 513 2 207 2 2 54 462 1 411 53 207 2 462 462 2 564 204 2 360 258 411 258 411 309 513 564 564 155 156 207 53 156 564 513 411 564 411 513 54 360 513 411 2 360 513 156 207 258 564 411 360 411 105 360 462 564 462 2 2 513 462 309 53 411 411 462 411 2 105 105 564 513 258 411 156 207 2 513 564 360 105 462 207 564 258 360 156 513 360 54 258 207 564 564 54 156 513 360 309 2 104 258 564 54 2 513 2 309 462 360 105 258 564 360 462 258 2 2 2 2 360 411 105 309 207 309 564 105 207 564 411 1 309 156 309 105 207 1 105 258 411 104 105 156 360 513 258 462 
c [Incremental] Max used label: 564.
c [Incremental] Label 564 is removed from searching.
c [Incremental] Solving for max label = 563:
c [Incremental] Solving duration: 649 ms.
s [Incremental] SAT (label = 563).
c [Incremental] Label assignment: 155 2 104 104 512 155 2 155 461 563 563 2 2 308 206 2 2 512 104 206 359 155 563 308 308 563 2 563 257 155 104 461 461 53 512 2 2 410 563 104 53 53 104 206 461 461 512 2 359 257 461 53 563 155 359 2 2 461 359 563 563 308 410 461 2 410 257 308 155 270 512 359 308 512 563 512 512 461 308 359 2 563 206 2 359 257 563 512 512 257 461 308 410 2 512 52 257 206 461 2 359 410 461 410 563 206 2 104 563 512 359 512 2 2 2 257 563 410 155 104 410 257 512 308 206 206 257 155 155 308 308 461 308 359 461 104 2 53 257 2 461 155 2 461 308 155 410 2 563 410 563 512 563 359 53 461 257 155 53 512 155 563 512 155 257 206 104 461 410 206 104 53 563 461 359 1 563 410 257 563 359 563 206 206 257 53 410 2 257 410 410 410 359 308 512 512 308 461 512 359 563 155 206 563 563 257 410 308 359 410 2 563 206 359 2 461 461 206 461 53 461 461 461 512 2 308 512 104 257 359 359 104 2 1 206 321 308 53 2 155 563 359 308 359 2 53 308 257 155 53 308 410 512 512 461 461 104 563 2 257 257 512 410 563 512 308 308 2 563 206 104 512 512 2 206 2 2 53 461 1 410 53 206 2 461 461 2 563 204 2 359 257 410 257 410 308 512 563 563 155 155 206 53 155 563 512 410 563 410 512 53 359 512 410 2 359 512 155 206 257 563 410 359 410 104 359 461 563 461 2 2 512 461 308 53 410 410 461 410 2 104 104 563 512 257 410 155 206 2 512 563 359 104 461 206 563 257 359 155 512 359 53 257 206 563 563 53 155 512 359 308 2 104 257 563 53 2 512 2 308 461 359 104 257 563 359 461 257 2 2 2 2 359 410 104 308 206 308 563 104 206 563 410 1 308 155 308 104 206 1 104 257 410 104 104 155 359 512 257 461 
c [Incremental] Max used label: 563.
c [Incremental] Label 563 is removed from searching.
c [Incremental] Solving for max label = 562:
c [Incremental] Solving duration: 713 ms.
s [Incremental] SAT (label = 562).
c [Incremental] Label assignment: 154 561 103 103 511 154 1 154 459 561 562 2 2 307 205 2 1 511 103 205 358 154 560 307 307 99 2 562 256 154 103 460 459 52 509 2 561 409 562 103 52 52 103 205 460 357 511 2 358 256 254 52 561 154 66 1 2 306 358 562 562 307 409 459 2 410 256 307 154 270 510 358 152 511 99 511 510 459 307 357 204 562 205 2 358 256 562 511 408 256 562 306 255 1 510 52 255 203 460 460 358 152 308 306 562 205 306 103 562 510 358 511 459 2 2 255 562 409 154 103 409 256 511 307 168 205 256 154 154 255 117 460 307 359 460 103 2 52 256 408 460 459 2 460 307 117 409 2 561 409 561 510 562 358 52 460 256 154 52 255 154 562 511 154 305 205 357 306 409 205 103 219 561 255 358 1 562 66 306 2 358 561 205 205 203 52 409 1 256 409 409 308 257 359 511 511 307 459 511 357 562 154 205 561 561 256 409 307 358 410 1 562 205 358 2 460 459 205 460 52 460 460 460 511 1 307 511 103 256 359 99 103 2 1 205 321 155 52 357 154 562 372 306 460 2 52 307 256 154 52 117 410 511 511 459 459 103 562 1 256 256 511 409 562 511 307 307 1 562 168 103 511 510 2 205 1 2 52 460 1 409 52 205 2 460 562 219 2 204 1 358 99 409 256 409 307 511 562 562 154 154 204 52 154 562 511 409 561 409 510 52 358 511 255 1 358 357 154 359 104 562 409 460 409 66 204 460 562 257 2 2 511 460 308 52 408 409 460 409 1 103 103 562 204 104 410 254 255 1 511 562 358 1 460 205 561 256 357 154 511 358 52 204 152 153 459 321 509 510 358 307 1 103 256 562 52 1 511 1 307 460 358 103 256 561 358 460 256 2 2 1 2 255 409 103 307 205 307 561 206 205 561 409 1 1 53 307 66 205 1 103 206 409 103 53 154 358 511 256 460 
c [Incremental] Max used label: 562.
c [Incremental] Label 562 is removed from searching.
c [Incremental] Solving for max label = 561:
c [Signal] Signal interruption. Caught signal: SIGTERM (15).
c [Main] Lim pid ends with result: 254.
r [Main] 
r [Main] Final results: 
r [Main] Total real time: 1805030 ms.
r [Main] Total memory consumed: 2847.7 MB.
r [Main] 
